regression_id,model_id,arm_group,scope,metric_name,grid_index,x,p_wrong,ci_low,ci_high
cumulative-state-load,deepseek-v4-pro-0813-high,all-arms,dynamic,Omega_hat_StateLoad,0,24.999999999999993,0.12460788260650137,0.038965389614206924,0.33321860821682009
cumulative-state-load,deepseek-v4-pro-0813-high,all-arms,dynamic,Omega_hat_StateLoad,1,28.312417507438298,0.12539426688048899,0.03955071778528263,0.33296542247721289
cumulative-state-load,deepseek-v4-pro-0813-high,all-arms,dynamic,Omega_hat_StateLoad,2,32.063719404619953,0.1261848985572393,0.040144257147182762,0.33271356712069267
cumulative-state-load,deepseek-v4-pro-0813-high,all-arms,dynamic,Omega_hat_StateLoad,3,36.312056424998055,0.1269797915405893,0.040746104241875102,0.33246306587697311
cumulative-state-load,deepseek-v4-pro-0813-high,all-arms,dynamic,Omega_hat_StateLoad,4,41.12328408232807,0.12777895966319094,0.041356356108418646,0.33221394310519414
cumulative-state-load,deepseek-v4-pro-0813-high,all-arms,dynamic,Omega_hat_StateLoad,5,46.571983528634576,0.1285824166847061,0.041975110259464356,0.33196622381461333
cumulative-state-load,deepseek-v4-pro-0813-high,all-arms,dynamic,Omega_hat_StateLoad,6,52.742617672489672,0.12939017628998689,0.042602464656423693,0.33171993368609076
cumulative-state-load,deepseek-v4-pro-0813-high,all-arms,dynamic,Omega_hat_StateLoad,7,59.730840479148867,0.13020225208724237,0.043238517683252882,0.33147509909440609
cumulative-state-load,deepseek-v4-pro-0813-high,all-arms,dynamic,Omega_hat_StateLoad,8,67.644979748634356,0.13101865760619152,0.043883368118798796,0.33123174713144055
cumulative-state-load,deepseek-v4-pro-0813-high,all-arms,dynamic,Omega_hat_StateLoad,9,76.607716357021744,0.13183940629620231,0.044537115107650703,0.33098990563026365
cumulative-state-load,deepseek-v4-pro-0813-high,all-arms,dynamic,Omega_hat_StateLoad,10,86.757985991656412,0.13266451152441702,0.04519985812943926,0.33074960319016455
cumulative-state-load,deepseek-v4-pro-0813-high,all-arms,dynamic,Omega_hat_StateLoad,11,98.25313286001041,0.13349398657386438,0.045871696966522955,0.3305108692026692
cumulative-state-load,deepseek-v4-pro-0813-high,all-arms,dynamic,Omega_hat_StateLoad,12,111.27134875785683,0.13432784464155817,0.046552731669998987,0.33027373387858766
cumulative-state-load,deepseek-v4-pro-0813-high,all-arms,dynamic,Omega_hat_StateLoad,13,126.01443530592877,0.13516609883658226,0.047243062523973638,0.33003822827613644
cumulative-state-load,deepseek-v4-pro-0813-high,all-arms,dynamic,Omega_hat_StateLoad,14,142.71093217382108,0.13600876217816305,0.047942790008024413,0.32980438433018594
cumulative-state-load,deepseek-v4-pro-0813-high,all-arms,dynamic,Omega_hat_StateLoad,15,161.6196597832373,0.13685584759372829,0.048652014757783975,0.32957223488268145
cumulative-state-load,deepseek-v4-pro-0813-high,all-arms,dynamic,Omega_hat_StateLoad,16,183.03373140772601,0.13770736791695351,0.049370837523572686,0.32934181371429311
cumulative-state-load,deepseek-v4-pro-0813-high,all-arms,dynamic,Omega_hat_StateLoad,17,207.28509686239448,0.13856333588579536,0.050099359127004181,0.32911315557734711
cumulative-state-load,deepseek-v4-pro-0813-high,all-arms,dynamic,Omega_hat_StateLoad,18,234.74968821751611,0.13942376414051241,0.050837680415484941,0.32888629623010068
cumulative-state-load,deepseek-v4-pro-0813-high,all-arms,dynamic,Omega_hat_StateLoad,19,265.85324730221129,0.14028866522167371,0.05158590221452642,0.32866127247241783
cumulative-state-load,deepseek-v4-pro-0813-high,all-arms,dynamic,Omega_hat_StateLoad,20,301.07792533313796,0.14115805156815459,0.052344125277783995,0.32843812218291391
cumulative-state-load,deepseek-v4-pro-0813-high,all-arms,dynamic,Omega_hat_StateLoad,21,340.96975697220569,0.14203193551512081,0.053112450234734668,0.32821688435763335
cumulative-state-load,deepseek-v4-pro-0813-high,all-arms,dynamic,Omega_hat_StateLoad,22,386.14712467227469,0.14291032929200043,0.053890977535901413,0.327997599150334
cumulative-state-load,deepseek-v4-pro-0813-high,all-arms,dynamic,Omega_hat_StateLoad,23,437.31034452073055,0.14379324502044402,0.054679807395528184,0.32778030791444973
cumulative-state-load,deepseek-v4-pro-0813-high,all-arms,dynamic,Omega_hat_StateLoad,24,495.25252217570409,0.14468069471227296,0.055479039731606006,0.32756505324681212
cumulative-state-load,deepseek-v4-pro-0813-high,all-arms,dynamic,Omega_hat_StateLoad,25,560.87184717801495,0.14557269026741673,0.056288774103146762,0.32735187903321056
cumulative-state-load,deepseek-v4-pro-0813-high,all-arms,dynamic,Omega_hat_StateLoad,26,635.185516218884,0.14646924347183851,0.05710910964459625,0.32714083049587855
cumulative-state-load,deepseek-v4-pro-0813-high,all-arms,dynamic,Omega_hat_StateLoad,27,719.34550119467121,0.14737036599544989,0.057940144997274783,0.32693195424299548
cumulative-state-load,deepseek-v4-pro-0813-high,all-arms,dynamic,Omega_hat_StateLoad,28,814.65640647683915,0.14827606939001481,0.058781978237727801,0.32672529832029912
cumulative-state-load,deepseek-v4-pro-0813-high,all-arms,dynamic,Omega_hat_StateLoad,29,922.59569221126492,0.14918636508704253,0.059634706802865471,0.32652091226490798
cumulative-state-load,deepseek-v4-pro-0813-high,all-arms,dynamic,Omega_hat_StateLoad,30,1044.8365771379745,0.15010126439567054,0.060498427411763638,0.32631884716145854
cumulative-state-load,deepseek-v4-pro-0813-high,all-arms,dynamic,Omega_hat_StateLoad,31,1183.2739759589249,0.15102077850053669,0.061373235983994995,0.32611915570066596
cumulative-state-load,deepseek-v4-pro-0813-high,all-arms,dynamic,Omega_hat_StateLoad,32,1340.0538733214246,0.15194491845964181,0.062259227554352141,0.32592189224042506
cumulative-state-load,deepseek-v4-pro-0813-high,all-arms,dynamic,Omega_hat_StateLoad,33,1517.6065897574397,0.15287369520220215,0.063156496183820035,0.32572711286957012
cumulative-state-load,deepseek-v4-pro-0813-high,all-arms,dynamic,Omega_hat_StateLoad,34,1718.68445525009,0.15380711952649251,0.064065134866647791,0.32553487547442311
cumulative-state-load,deepseek-v4-pro-0813-high,all-arms,dynamic,Omega_hat_StateLoad,35,1946.4044744233875,0.15474520209767967,0.064985235433365318,0.32534523980826108
cumulative-state-load,deepseek-v4-pro-0813-high,all-arms,dynamic,Omega_hat_StateLoad,36,2204.29664472884,0.15568795344564731,0.065916888449581643,0.32515826756384342
cumulative-state-load,deepseek-v4-pro-0813-high,all-arms,dynamic,Omega_hat_StateLoad,37,2496.3586766323347,0.15663538396281143,0.066860183110397306,0.32497402244914675
cumulative-state-load,deepseek-v4-pro-0813-high,all-arms,dynamic,Omega_hat_StateLoad,38,2827.1179640452315,0.15758750390192755,0.067815207130253852,0.32479257026645841
cumulative-state-load,deepseek-v4-pro-0813-high,all-arms,dynamic,Omega_hat_StateLoad,39,3201.7017656331,0.15854432337388955,0.068782046628038274,0.32461397899499345
cumulative-state-load,deepseek-v4-pro-0813-high,all-arms,dynamic,Omega_hat_StateLoad,40,3625.9166849162661,0.15950585234552037,0.069760786007250483,0.32443831887720082
cumulative-state-load,deepseek-v4-pro-0813-high,all-arms,dynamic,Omega_hat_StateLoad,41,4106.3386812214403,0.16047210063735495,0.07075150783103562,0.32426566250893973
cumulative-state-load,deepseek-v4-pro-0813-high,all-arms,dynamic,Omega_hat_StateLoad,42,4650.4150067874043,0.16144307792141563,0.07175429269187357,0.32409608493370906
cumulative-state-load,deepseek-v4-pro-0813-high,all-arms,dynamic,Omega_hat_StateLoad,43,5266.5796502008579,0.1624187937189803,0.072769219075710323,0.32392966374112636
cumulative-state-load,deepseek-v4-pro-0813-high,all-arms,dynamic,Omega_hat_StateLoad,44,5964.3840757065991,0.16339925739834377,0.073796363220306027,0.32376647916986062
cumulative-state-load,deepseek-v4-pro-0813-high,all-arms,dynamic,Omega_hat_StateLoad,45,6754.6452850448659,0.16438447817257226,0.074835798967566189,0.32360661421523185
cumulative-state-load,deepseek-v4-pro-0813-high,all-arms,dynamic,Omega_hat_StateLoad,46,7649.6134969936093,0.16537446509725168,0.075887597609612223,0.32345015474170102
cumulative-state-load,deepseek-v4-pro-0813-high,all-arms,dynamic,Omega_hat_StateLoad,47,8663.1620438967238,0.16636922706822982,0.07695182772833814,0.32329718960048565
cumulative-state-load,deepseek-v4-pro-0813-high,all-arms,dynamic,Omega_hat_StateLoad,48,9811.0024288558579,0.16736877281935297,0.078028555028190227,0.32314781075254401
cumulative-state-load,deepseek-v4-pro-0813-high,all-arms,dynamic,Omega_hat_StateLoad,49,11110.927877290325,0.16837311092019686,0.079117842161895394,0.32300211339718432
cumulative-state-load,deepseek-v4-pro-0813-high,all-arms,dynamic,Omega_hat_StateLoad,50,12583.08915827515,0.16938224977379299,0.080219748548853845,0.32286019610656619
cumulative-state-load,deepseek-v4-pro-0813-high,all-arms,dynamic,Omega_hat_StateLoad,51,14250.306951296287,0.17039619761434957,0.081334330185900625,0.32272216096637085
cumulative-state-load,deepseek-v4-pro-0813-high,all-arms,dynamic,Omega_hat_StateLoad,52,16138.425600570021,0.1714149625049686,0.082461639450129715,0.32258811372293306
cumulative-state-load,deepseek-v4-pro-0813-high,all-arms,dynamic,Omega_hat_StateLoad,53,18276.713740642757,0.17243855233535887,0.083601724893462626,0.3224581639371335
cumulative-state-load,deepseek-v4-pro-0813-high,all-arms,dynamic,Omega_hat_StateLoad,54,20698.318003560475,0.17346697481954484,0.084754631028632288,0.32233242514536875
cumulative-state-load,deepseek-v4-pro-0813-high,all-arms,dynamic,Omega_hat_StateLoad,55,23440.77684074123,0.17450023749357246,0.085920398106242385,0.3222110150279231
cumulative-state-load,deepseek-v4-pro-0813-high,all-arms,dynamic,Omega_hat_StateLoad,56,26546.602424550303,0.17553834771321225,0.087099061882549206,0.32209405558508258
cumulative-state-load,deepseek-v4-pro-0813-high,all-arms,dynamic,Omega_hat_StateLoad,57,30063.939649913667,0.17658131265165919,0.08829065337760357,0.32198167332134064
cumulative-state-load,deepseek-v4-pro-0813-high,all-arms,dynamic,Omega_hat_StateLoad,58,34047.312451471349,0.1776291392972309,0.089495198623378749,0.32187399943805944
cumulative-state-load,deepseek-v4-pro-0813-high,all-arms,dynamic,Omega_hat_StateLoad,59,38558.469005290368,0.17868183445106373,0.090712718401499054,0.32177117003495986
cumulative-state-load,deepseek-v4-pro-0813-high,all-arms,dynamic,Omega_hat_StateLoad,60,43667.338917015979,0.17973940472480723,0.091943227970174221,0.32167332632082879
cumulative-state-load,deepseek-v4-pro-0813-high,all-arms,dynamic,Omega_hat_StateLoad,61,49453.117234294703,0.18080185653831793,0.093186736779935206,0.32158061483383682
cumulative-state-load,deepseek-v4-pro-0813-high,all-arms,dynamic,Omega_hat_StateLoad,62,56005.492087265739,0.18186919611735203,0.094443248177758093,0.32149318767187635
cumulative-state-load,deepseek-v4-pro-0813-high,all-arms,dynamic,Omega_hat_StateLoad,63,63426.034987367959,0.18294142949125825,0.095712759099154998,0.32141120273333212
cumulative-state-load,deepseek-v4-pro-0813-high,all-arms,dynamic,Omega_hat_StateLoad,64,71829.775336149993,0.18401856249067039,0.096995259747805387,0.32133482396871016
cumulative-state-load,deepseek-v4-pro-0813-high,all-arms,dynamic,Omega_hat_StateLoad,65,81346.983551302881,0.18510060074520079,0.098290733262295232,0.32126422164355212
cumulative-state-load,deepseek-v4-pro-0813-high,all-arms,dynamic,Omega_hat_StateLoad,66,92125.190451008311,0.18618754968113449,0.09959915536953079,0.32119957261306903
cumulative-state-load,deepseek-v4-pro-0813-high,all-arms,dynamic,Omega_hat_StateLoad,67,104331.47420004857,0.18727941451912516,0.10092049402439122,0.32114106060892933
cumulative-state-load,deepseek-v4-pro-0813-high,all-arms,dynamic,Omega_hat_StateLoad,68,118155.05026873205,0.18837620027189234,0.10225470903518889,0.32108887653863494
cumulative-state-load,deepseek-v4-pro-0813-high,all-arms,dynamic,Omega_hat_StateLoad,69,133810.20455282801,0.18947791174192158,0.10360175167451044,0.32104321879791531
cumulative-state-load,deepseek-v4-pro-0813-high,all-arms,dynamic,Omega_hat_StateLoad,70,151539.61512221544,0.19058455351916684,0.10496156427502276,0.32100429359656163
cumulative-state-load,deepseek-v4-pro-0813-high,all-arms,dynamic,Omega_hat_StateLoad,71,171618.11409026734,0.19169612997875637,0.10633407980984172,0.32097231529810916
cumulative-state-load,deepseek-v4-pro-0813-high,all-arms,dynamic,Omega_hat_StateLoad,72,194356.94791851306,0.19281264527870198,0.10771922145708086,0.32094750677376049
cumulative-state-load,deepseek-v4-pro-0813-high,all-arms,dynamic,Omega_hat_StateLoad,73,220108.60219761523,0.19393410335761266,0.10911690214822413,0.32093009977091641
cumulative-state-load,deepseek-v4-pro-0813-high,all-arms,dynamic,Omega_hat_StateLoad,74,249272.26569590121,0.19506050793241256,0.11052702409999783,0.32092033529665154
cumulative-state-load,deepseek-v4-pro-0813-high,all-arms,dynamic,Omega_hat_StateLoad,75,282300.01837629767,0.1961918624960641,0.1119494783294603,0.32091846401643248
cumulative-state-load,deepseek-v4-pro-0813-high,all-arms,dynamic,Omega_hat_StateLoad,76,319703.83930509043,0.19732817031529673,0.11338414415207505,0.32092474666832815
cumulative-state-load,deepseek-v4-pro-0813-high,all-arms,dynamic,Omega_hat_StateLoad,77,362063.54308546719,0.19846943442834153,0.11483088866259591,0.32093945449290551
cumulative-state-load,deepseek-v4-pro-0813-high,all-arms,dynamic,Omega_hat_StateLoad,78,410035.76784232468,0.19961565764267228,0.11628956619866482,0.32096286967892912
cumulative-state-load,deepseek-v4-pro-0813-high,all-arms,dynamic,Omega_hat_StateLoad,79,464364.15408539743,0.20076684253275376,0.11776001778710787,0.32099528582490422
cumulative-state-load,deepseek-v4-pro-0813-high,all-arms,dynamic,Omega_hat_StateLoad,80,525890.8722381671,0.20192299143779735,0.11924207057301844,0.32103700841640165
cumulative-state-load,deepseek-v4-pro-0813-high,all-arms,dynamic,Omega_hat_StateLoad,81,595569.67752631637,0.20308410645952449,0.12073553723183231,0.32108835531898622
cumulative-state-load,deepseek-v4-pro-0813-high,all-arms,dynamic,Omega_hat_StateLoad,82,674480.69459581818,0.20425018945993922,0.12224021536473872,0.32114965728643829
cumulative-state-load,deepseek-v4-pro-0813-high,all-arms,dynamic,Omega_hat_StateLoad,83,763847.16104415117,0.20542124205910892,0.12375588687792953,0.32122125848379912
cumulative-state-load,deepseek-v4-pro-0813-high,all-arms,dynamic,Omega_hat_StateLoad,84,865054.38941413839,0.20659726563295527,0.12528231734637058,0.32130351702459192
cumulative-state-load,deepseek-v4-pro-0813-high,all-arms,dynamic,Omega_hat_StateLoad,85,979671.24158941,0.2077782613110552,0.12681925536298863,0.32139680552136607
cumulative-state-load,deepseek-v4-pro-0813-high,all-arms,dynamic,Omega_hat_StateLoad,86,1109474.4484763925,0.20896422997445188,0.12836643187440255,0.32150151164847612
cumulative-state-load,deepseek-v4-pro-0813-high,all-arms,dynamic,Omega_hat_StateLoad,87,1256476.1519639383,0.21015517225347757,0.12992355950459919,0.32161803871574118
cumulative-state-load,deepseek-v4-pro-0813-high,all-arms,dynamic,Omega_hat_StateLoad,88,1422955.0961016999,0.21135108852558768,0.13149033186825393,0.32174680625133095
cumulative-state-load,deepseek-v4-pro-0813-high,all-arms,dynamic,Omega_hat_StateLoad,89,1611491.9510067319,0.21255197891320712,0.13306642287573858,0.32188825059188814
cumulative-state-load,deepseek-v4-pro-0813-high,all-arms,dynamic,Omega_hat_StateLoad,90,1825009.3170711552,0.21375784328158939,0.13465148603223828,0.32204282547751667
cumulative-state-load,deepseek-v4-pro-0813-high,all-arms,dynamic,Omega_hat_StateLoad,91,2066817.0295953348,0.21496868123668941,0.13624515373382151,0.32221100264885044
cumulative-state-load,deepseek-v4-pro-0813-high,all-arms,dynamic,Omega_hat_StateLoad,92,2340663.4661354679,0.21618449212304944,0.13784703656377723,0.32239327244294547
cumulative-state-load,deepseek-v4-pro-0813-high,all-arms,dynamic,Omega_hat_StateLoad,93,2650793.6519054002,0.21740527502169973,0.13945672259304648,0.32259014438423211
cumulative-state-load,deepseek-v4-pro-0813-high,all-arms,dynamic,Omega_hat_StateLoad,94,3002015.0639525093,0.2186310287480748,0.14107377668914375,0.32280214776619792
cumulative-state-load,deepseek-v4-pro-0813-high,all-arms,dynamic,Omega_hat_StateLoad,95,3399772.1541696996,0.21986175184994403,0.14269773983857523,0.32302983221886067
cumulative-state-load,deepseek-v4-pro-0813-high,all-arms,dynamic,Omega_hat_StateLoad,96,3850230.7463606251,0.22109744260535935,0.14432812848843193,0.32327376825642679
cumulative-state-load,deepseek-v4-pro-0813-high,all-arms,dynamic,Omega_hat_StateLoad,97,4360373.6156375101,0.2223380990206193,0.14596443391354913,0.32353454779881796
cumulative-state-load,deepseek-v4-pro-0813-high,all-arms,dynamic,Omega_hat_StateLoad,98,4938108.7317738971,0.22358371882825007,0.14760612161638945,0.32381278465998636
cumulative-state-load,deepseek-v4-pro-0813-high,all-arms,dynamic,Omega_hat_StateLoad,99,5592391.8444443662,0.22483429948500505,0.14925263076761822,0.32410911499513168
cumulative-state-load,deepseek-v4-pro-0813-high,all-arms,dynamic,Omega_hat_StateLoad,100,6333365.3106040712,0.22608983816988204,0.15090337369618512,0.32442419769808822
cumulative-state-load,deepseek-v4-pro-0813-high,all-arms,dynamic,Omega_hat_StateLoad,101,7172515.316037979,0.22735033178215971,0.1525577354386092,0.32475871473927431
cumulative-state-load,deepseek-v4-pro-0813-high,all-arms,dynamic,Omega_hat_StateLoad,102,8122849.9282465167,0.22861577693945392,0.15421507335806439,0.32511337143369601
cumulative-state-load,deepseek-v4-pro-0813-high,all-arms,dynamic,Omega_hat_StateLoad,103,9199100.7407512218,0.22988616997579411,0.15587471684476736,0.32548889662759678
cumulative-state-load,deepseek-v4-pro-0813-high,all-arms,dynamic,Omega_hat_StateLoad,104,10417951.234605337,0.23116150693971993,0.15753596711007065,0.32588604279144723
cumulative-state-load,deepseek-v4-pro-0813-high,all-arms,dynamic,Omega_hat_StateLoad,105,11798295.397051137,0.23244178359240006,0.15919809708752708,0.32630558600610765
cumulative-state-load,deepseek-v4-pro-0813-high,all-arms,dynamic,Omega_hat_StateLoad,106,13361530.606296001,0.23372699540577244,0.16086035145500238,0.32674832582818963
cumulative-state-load,deepseek-v4-pro-0813-high,all-arms,dynamic,Omega_hat_StateLoad,107,15131889.322554696,0.23501713756070666,0.16252194679263363,0.32721508501992291
cumulative-state-load,deepseek-v4-pro-0813-high,all-arms,dynamic,Omega_hat_StateLoad,108,17136814.727060642,0.2363122049451909,0.16418207189203615,0.32770670912823624
cumulative-state-load,deepseek-v4-pro-0813-high,all-arms,dynamic,Omega_hat_StateLoad,109,19407386.132006321,0.23761219215254081,0.16583988823260101,0.32822406589731756
cumulative-state-load,deepseek-v4-pro-0813-high,all-arms,dynamic,Omega_hat_StateLoad,110,21978800.755897231,0.23891709347963405,0.16749453064096656,0.32876804449868591
cumulative-state-load,deepseek-v4-pro-0813-high,all-arms,dynamic,Omega_hat_StateLoad,111,24890919.332550567,0.24022690292516921,0.16914510814973718,0.32933955456281849
cumulative-state-load,deepseek-v4-pro-0813-high,all-arms,dynamic,Omega_hat_StateLoad,112,28188884.011485554,0.24154161418795037,0.17079070507120997,0.32993952499668927
cumulative-state-load,deepseek-v4-pro-0813-high,all-arms,dynamic,Omega_hat_StateLoad,113,31923818.128077231,0.24286122066519761,0.17243038230121377,0.33056890257223948
cumulative-state-load,deepseek-v4-pro-0813-high,all-arms,dynamic,Omega_hat_StateLoad,114,36153618.690945983,0.24418571545088499,0.17406317886709397,0.33122865027186665
cumulative-state-load,deepseek-v4-pro-0813-high,all-arms,dynamic,Omega_hat_StateLoad,115,40943853.871311486,0.24551509133410454,0.17568811373236509,0.33191974537853908
cumulative-state-load,deepseek-v4-pro-0813-high,all-arms,dynamic,Omega_hat_StateLoad,116,46368779.406724684,0.24684934079745963,0.17730418786853647,0.33264317730015724
cumulative-state-load,deepseek-v4-pro-0813-high,all-arms,dynamic,Omega_hat_StateLoad,117,52512489.674939841,0.24818845601548586,0.1789103866020664,0.3333999451203386
cumulative-state-load,deepseek-v4-pro-0813-high,all-arms,dynamic,Omega_hat_StateLoad,118,59470221.28127756,0.24953242885310167,0.18050568224129296,0.33419105487090717
cumulative-state-load,deepseek-v4-pro-0813-high,all-arms,dynamic,Omega_hat_StateLoad,119,67349829.367010877,0.25088125086408858,0.18208903698450604,0.33501751652506012
cumulative-state-load,deepseek-v4-pro-0813-high,all-arms,dynamic,Omega_hat_StateLoad,120,76273459.523741603,0.25223491328960146,0.18365940610608106,0.33588034071442363
cumulative-state-load,deepseek-v4-pro-0813-high,all-arms,dynamic,Omega_hat_StateLoad,121,86379441.230914906,0.25359340705671019,0.18521574141281208,0.33678053517799977
cumulative-state-load,deepseek-v4-pro-0813-high,all-arms,dynamic,Omega_hat_StateLoad,122,97824432.167555675,0.25495672277697268,0.18675699495732365,0.3377191009562604
cumulative-state-load,deepseek-v4-pro-0813-high,all-arms,dynamic,Omega_hat_StateLoad,123,110785846.63823649,0.25632485074504002,0.18828212298978456,0.33869702834930676
cumulative-state-load,deepseek-v4-pro-0813-high,all-arms,dynamic,Omega_hat_StateLoad,124,125464605.7574712,0.25769778093729434,0.18979009012320422,0.3397152926639514
cumulative-state-load,deepseek-v4-pro-0813-high,all-arms,dynamic,Omega_hat_StateLoad,125,142088252.02446681,0.25907550301052018,0.19127987368151672,0.34077484978066108
cumulative-state-load,deepseek-v4-pro-0813-high,all-arms,dynamic,Omega_hat_StateLoad,126,160914476.56875312,0.26045800630060956,0.1927504681936025,0.34187663157734788
cumulative-state-load,deepseek-v4-pro-0813-high,all-arms,dynamic,Omega_hat_StateLoad,127,182235113.74421734,0.26184527982130174,0.19420088999057744,0.3430215412528238
cumulative-state-load,deepseek-v4-pro-0813-high,all-arms,dynamic,Omega_hat_StateLoad,128,206380664.99367148,0.2632373122629581,0.19563018185828723,0.34421044859812061
cumulative-state-load,deepseek-v4-pro-0813-high,all-arms,dynamic,Omega_hat_StateLoad,129,233725422.11054322,0.26463409199137239,0.19703741769222041,0.34544418526860243
cumulative-state-load,deepseek-v4-pro-0813-high,all-arms,dynamic,Omega_hat_StateLoad,130,264693269.31583792,0.26603560704661772,0.19842170709821069,0.34672354011364209
cumulative-state-load,deepseek-v4-pro-0813-high,all-arms,dynamic,Omega_hat_StateLoad,131,299764254.09115303,0.26744184514193009,0.19978219987955648,0.34804925462337272
cumulative-state-load,deepseek-v4-pro-0813-high,all-arms,dynamic,Omega_hat_StateLoad,132,339482028.62538159,0.26885279366262932,0.2011180903497222,0.34942201855348975
cumulative-state-load,deepseek-v4-pro-0813-high,all-arms,dynamic,Omega_hat_StateLoad,133,384462277.22855681,0.27026843966507813,0.20242862140976989,0.35084246578909217
cumulative-state-load,deepseek-v4-pro-0813-high,all-arms,dynamic,Omega_hat_StateLoad,134,435402260.35021538,0.27168876987567964,0.20371308833118887,0.3523111705070317
cumulative-state-load,deepseek-v4-pro-0813-high,all-arms,dynamic,Omega_hat_StateLoad,135,493091623.14870566,0.27311377068991421,0.20497084218790021,0.353828643693129
cumulative-state-load,deepseek-v4-pro-0813-high,all-arms,dynamic,Omega_hat_StateLoad,136,558424636.16026437,0.27454342817141547,0.20620129288590028,0.35539533006592416
cumulative-state-load,deepseek-v4-pro-0813-high,all-arms,dynamic,Omega_hat_StateLoad,137,632414057.81634903,0.27597772805108722,0.20740391174517292,0.3570116054524628
cumulative-state-load,deepseek-v4-pro-0813-high,all-arms,dynamic,Omega_hat_StateLoad,138,716206833.69878757,0.27741665572626034,0.20857823359599731,0.3586777746541196
cumulative-state-load,deepseek-v4-pro-0813-high,all-arms,dynamic,Omega_hat_StateLoad,139,811101875.89441991,0.27886019625989206,0.20972385836039259,0.36039406983184358
cumulative-state-load,deepseek-v4-pro-0813-high,all-arms,dynamic,Omega_hat_StateLoad,140,918570198.05556846,0.28030833437980579,0.21084045209890048,0.36216064943074233
cumulative-state-load,deepseek-v4-pro-0813-high,all-arms,dynamic,Omega_hat_StateLoad,141,1040277718.2895838,0.28176105447797456,0.21192774751289445,0.36397759765394289
cumulative-state-load,deepseek-v4-pro-0813-high,all-arms,dynamic,Omega_hat_StateLoad,142,1178111083.3559988,0.28321834060984635,0.21298554390279884,0.36584492448545197
cumulative-state-load,deepseek-v4-pro-0813-high,all-arms,dynamic,Omega_hat_StateLoad,143,1334206914.4846187,0.28468017649371369,0.21401370659265062,0.36776256625170278
cumulative-state-load,deepseek-v4-pro-0813-high,all-arms,dynamic,Omega_hat_StateLoad,144,1510984928.1679814,0.28614654551012647,0.21501216584101587,0.36973038670187647
cumulative-state-load,deepseek-v4-pro-0813-high,all-arms,dynamic,Omega_hat_StateLoad,145,1711185445.3495414,0.28761743070134987,0.21598091526707322,0.37174817857829218
cumulative-state-load,deepseek-v4-pro-0813-high,all-arms,dynamic,Omega_hat_StateLoad,146,1937911870.4555225,0.28909281477086674,0.21692000982844833,0.37381566564037849
cumulative-state-load,deepseek-v4-pro-0813-high,all-arms,dynamic,Omega_hat_StateLoad,147,2194678798.7582965,0.29057268008292536,0.21782956339391371,0.37593250509920467
cumulative-state-load,deepseek-v4-pro-0813-high,all-arms,dynamic,Omega_hat_StateLoad,148,2485466497.8067212,0.29205700866213363,0.21870974595920475,0.37809829041440718
cumulative-state-load,deepseek-v4-pro-0813-high,all-arms,dynamic,Omega_hat_StateLoad,149,2814782607.4661736,0.2935457821930994,0.21956078055788839,0.38031255440165934
cumulative-state-load,deepseek-v4-pro-0813-high,all-arms,dynamic,Omega_hat_StateLoad,150,3187732015.0103235,0.29503898202011719,0.22038293992141053,0.38257477259662981
cumulative-state-load,deepseek-v4-pro-0813-high,all-arms,dynamic,Omega_hat_StateLoad,151,3610095988.4320011,0.29653658914690323,0.2211765429432184,0.38488436682060939
cumulative-state-load,deepseek-v4-pro-0813-high,all-arms,dynamic,Omega_hat_StateLoad,152,4088421794.6565967,0.29803858423637708,0.22194195100126216,0.38724070889355644
cumulative-state-load,deepseek-v4-pro-0813-high,all-arms,dynamic,Omega_hat_StateLoad,153,4630124191.8731194,0.29954494761049266,0.22267956419140789,0.3896431244420977
cumulative-state-load,deepseek-v4-pro-0813-high,all-arms,dynamic,Omega_hat_StateLoad,154,5243600369.264082,0.30105565925011696,0.22338981752146947,0.39209089675281372
cumulative-state-load,deepseek-v4-pro-0813-high,all-arms,dynamic,Omega_hat_StateLoad,155,5938360115.870491,0.30257069879495835,0.22407317711191163,0.39458327062481002
cumulative-state-load,deepseek-v4-pro-0813-high,all-arms,dynamic,Omega_hat_StateLoad,156,6725173236.4017982,0.30409004554354419,0.22473013644497031,0.3971194561798575
cumulative-state-load,deepseek-v4-pro-0813-high,all-arms,dynamic,Omega_hat_StateLoad,157,7616236499.1543064,0.30561367845324861,0.22536121269917245,0.3996986325931508
cumulative-state-load,deepseek-v4-pro-0813-high,all-arms,dynamic,Omega_hat_StateLoad,158,8625362703.9778748,0.30714157614036997,0.22596694320123417,0.40231995171272439
cumulative-state-load,deepseek-v4-pro-0813-high,all-arms,dynamic,Omega_hat_StateLoad,159,9768194801.1243382,0.30867371688025969,0.22654788202219003,0.40498254154068802
cumulative-state-load,deepseek-v4-pro-0813-high,all-arms,dynamic,Omega_hat_StateLoad,160,11062448380.136814,0.31021007860750172,0.22710459673956471,0.40768550955447358
cumulative-state-load,deepseek-v4-pro-0813-high,all-arms,dynamic,Omega_hat_StateLoad,161,12528186287.716778,0.31175063891614363,0.22763766538253016,0.41042794585114672
cumulative-state-load,deepseek-v4-pro-0813-high,all-arms,dynamic,Omega_hat_StateLoad,162,14188129631.552031,0.31329537505997895,0.22814767357239848,0.41320892610242183
cumulative-state-load,deepseek-v4-pro-0813-high,all-arms,dynamic,Omega_hat_StateLoad,163,16068009991.126307,0.31484426395288256,0.22863521186658697,0.41602751431222357
cumulative-state-load,deepseek-v4-pro-0813-high,all-arms,dynamic,Omega_hat_StateLoad,164,18196968295.298309,0.3163972821691976,0.22910087331037413,0.41888276537244579
cumulative-state-load,deepseek-v4-pro-0813-high,all-arms,dynamic,Omega_hat_StateLoad,165,20608006549.844135,0.3179544059441759,0.22954525119739352,0.42177372741592706
cumulative-state-load,deepseek-v4-pro-0813-high,all-arms,dynamic,Omega_hat_StateLoad,166,23338499417.408398,0.31951561117447053,0.22996893703690627,0.42469944396855058
cumulative-state-load,deepseek-v4-pro-0813-high,all-arms,dynamic,Omega_hat_StateLoad,167,26430773580.110874,0.32108087341868269,0.23037251872341677,0.42765895590485498
cumulative-state-load,deepseek-v4-pro-0813-high,all-arms,dynamic,Omega_hat_StateLoad,168,29932763865.786736,0.32265016789796186,0.23075657890217835,0.43065130321354111
cumulative-state-load,deepseek-v4-pro-0813-high,all-arms,dynamic,Omega_hat_StateLoad,169,33898756308.788662,0.32422346949665948,0.23112169352251247,0.43367552658088121
cumulative-state-load,deepseek-v4-pro-0813-high,all-arms,dynamic,Omega_hat_StateLoad,170,38390229663.893478,0.32580075276303738,0.2314684305696213,0.43673066880126865
cumulative-state-load,deepseek-v4-pro-0813-high,all-arms,dynamic,Omega_hat_StateLoad,171,43476808418.023773,0.32738199191003009,0.23179734896467735,0.43981577602503485
cumulative-state-load,deepseek-v4-pro-0813-high,all-arms,dynamic,Omega_hat_StateLoad,172,49237342072.879868,0.32896716081606275,0.23210899762237269,0.44292989885425338
cumulative-state-load,deepseek-v4-pro-0813-high,all-arms,dynamic,Omega_hat_StateLoad,173,55761127428.957268,0.3305562330259223,0.23240391465477242,0.44607209329757669
cumulative-state-load,deepseek-v4-pro-0813-high,all-arms,dynamic,Omega_hat_StateLoad,174,63149292818.164284,0.33214918175168523,0.23268262671020867,0.44924142159525626
cumulative-state-load,deepseek-v4-pro-0813-high,all-arms,dynamic,Omega_hat_StateLoad,175,71516365742.693665,0.33374597987369992,0.2329456484360207,0.45243695292541547
cumulative-state-load,deepseek-v4-pro-0813-high,all-arms,dynamic,Omega_hat_StateLoad,176,80992048220.871994,0.33534659994162436,0.23319348205417528,0.45565776400240704
cumulative-state-load,deepseek-v4-pro-0813-high,all-arms,dynamic,Omega_hat_StateLoad,177,91723227360.476089,0.33695101417551943,0.23342661703915502,0.45890293957773004
cumulative-state-load,deepseek-v4-pro-0813-high,all-arms,dynamic,Omega_hat_StateLoad,178,103876252326.37943,0.3385591944669985,0.23364552988793311,0.46217157285353483
cumulative-state-load,deepseek-v4-pro-0813-high,all-arms,dynamic,Omega_hat_StateLoad,179,117639512998.89848,0.34017111238043218,0.23385068397237743,0.46546276581822166
cumulative-state-load,deepseek-v4-pro-0813-high,all-arms,dynamic,Omega_hat_StateLoad,180,133226360295.8611,0.34178673915420943,0.23404252946497156,0.46877562951307666
cumulative-state-load,deepseek-v4-pro-0813-high,all-arms,dynamic,Omega_hat_StateLoad,181,150878413427.71277,0.34340604570205441,0.2342215033293398,0.47210928423828941
cumulative-state-load,deepseek-v4-pro-0813-high,all-arms,dynamic,Omega_hat_StateLoad,182,170869305353.01147,0.3450290026144005,0.23438802936765887,0.47546285970608998
cumulative-state-load,deepseek-v4-pro-0813-high,all-arms,dynamic,Omega_hat_StateLoad,183,193508924494.41779,0.34665558015981929,0.23454251831764358,0.47883549514813289
cumulative-state-load,deepseek-v4-pro-0813-high,all-arms,dynamic,Omega_hat_StateLoad,184,219148218468.05231,0.34828574828650638,0.23468536799239206,0.48222633938364928
cumulative-state-load,deepseek-v4-pro-0813-high,all-arms,dynamic,Omega_hat_StateLoad,185,248184634291.15179,0.34991947662382422,0.23481696345695621,0.48563455085430546
cumulative-state-load,deepseek-v4-pro-0813-high,all-arms,dynamic,Omega_hat_StateLoad,186,281068279399.27899,0.35155673448390012,0.23493767723605569,0.48905929763114231
cumulative-state-load,deepseek-v4-pro-0813-high,all-arms,dynamic,Omega_hat_StateLoad,187,318308898977.9881,0.35319749086328195,0.23504786954789533,0.49249975739842838
cumulative-state-load,deepseek-v4-pro-0813-high,all-arms,dynamic,Omega_hat_StateLoad,188,360483777767.9118,0.35484171444464879,0.23514788855953753,0.49595511741875664
cumulative-state-load,deepseek-v4-pro-0813-high,all-arms,dynamic,Omega_hat_StateLoad,189,408246688832.94879,0.35648937359857935,0.23523807065975957,0.49942457448323802
cumulative-state-load,deepseek-v4-pro-0813-high,all-arms,dynamic,Omega_hat_StateLoad,190,462338028010.70764,0.35814043638537607,0.23531874074576442,0.50290733485019634
cumulative-state-load,deepseek-v4-pro-0813-high,all-arms,dynamic,Omega_hat_StateLoad,191,523596291144.19409,0.35979487055694492,0.23539021252051259,0.50640261417536681
cumulative-state-load,deepseek-v4-pro-0813-high,all-arms,dynamic,Omega_hat_StateLoad,192,592971072008.82837,0.36145264355873297,0.23545278879782996,0.50990963743621365
cumulative-state-load,deepseek-v4-pro-0813-high,all-arms,dynamic,Omega_hat_StateLoad,193,671537782421.88806,0.36311372253172036,0.23550676181277655,0.51342763885264187
cumulative-state-load,deepseek-v4-pro-0813-high,all-arms,dynamic,Omega_hat_StateLoad,194,760514322717.90979,0.36477807431446957,0.23555241353508194,0.51695586180606046
cumulative-state-load,deepseek-v4-pro-0813-high,all-arms,dynamic,Omega_hat_StateLoad,195,861279961007.04492,0.36644566544523,0.23559001598373983,0.52049355875846248
cumulative-state-load,deepseek-v4-pro-0813-high,all-arms,dynamic,Omega_hat_StateLoad,196,975396713872.86499,0.36811646216409832,0.23561983154110044,0.52403999117293798
cumulative-state-load,deepseek-v4-pro-0813-high,all-arms,dynamic,Omega_hat_StateLoad,197,1104633559942.075,0.36979043041523479,0.23564211326504747,0.52759442943678891
cumulative-state-load,deepseek-v4-pro-0813-high,all-arms,dynamic,Omega_hat_StateLoad,198,1250993861672.3154,0.37146753584913467,0.23565710519803895,0.53115615278821771
cumulative-state-load,deepseek-v4-pro-0813-high,all-arms,dynamic,Omega_hat_StateLoad,199,1416746420436.3638,0.37314774382495497,0.23566504267199104,0.53472444924736606
cumulative-state-load,deepseek-v4-pro-0813-high,all-arms,dynamic,Omega_hat_StateLoad,200,1604460646302.5212,0.37483101941289643,0.23566615260814261,0.5382986155523144
cumulative-state-load,deepseek-v4-pro-0813-high,all-arms,dynamic,Omega_hat_StateLoad,201,1817046387694.8501,0.37651732739664029,0.23566065381118761,0.54187795710050801
cumulative-state-load,deepseek-v4-pro-0813-high,all-arms,dynamic,Omega_hat_StateLoad,202,2057799038351.9771,0.37820663227583984,0.23564875725709628,0.54546178789594313
cumulative-state-load,deepseek-v4-pro-0813-high,all-arms,dynamic,Omega_hat_StateLoad,203,2330450620809.0474,0.37989889826866524,0.23563066637415839,0.54904943050233113
cumulative-state-load,deepseek-v4-pro-0813-high,all-arms,dynamic,Omega_hat_StateLoad,204,2639227638272.5801,0.38159408931440431,0.23560657731688528,0.55264021600235913
cumulative-state-load,deepseek-v4-pro-0813-high,all-arms,dynamic,Omega_hat_StateLoad,205,2988916591677.7441,0.38329216907611563,0.23557667923249728,0.55623348396307803
cumulative-state-load,deepseek-v4-pro-0813-high,all-arms,dynamic,Omega_hat_StateLoad,206,3384938177539.5894,0.3849931009433355,0.23554115451979751,0.55982858240737632
cumulative-state-load,deepseek-v4-pro-0813-high,all-arms,dynamic,Omega_hat_StateLoad,207,3833431316774.7251,0.38669684803483834,0.23550017908030474,0.56342486779142564
cumulative-state-load,deepseek-v4-pro-0813-high,all-arms,dynamic,Omega_hat_StateLoad,208,4341348317064.5972,0.38840337320144974,0.23545392256157582,0.56702170498793913
cumulative-state-load,deepseek-v4-pro-0813-high,all-arms,dynamic,Omega_hat_StateLoad,209,4916562643917.8984,0.39011263902891186,0.23540254859269147,0.57061846727502741
cumulative-state-load,deepseek-v4-pro-0813-high,all-arms,dynamic,Omega_hat_StateLoad,210,5567990971043.127,0.39182460784080114,0.23534621501193648,0.57421453633040442
cumulative-state-load,deepseek-v4-pro-0813-high,all-arms,dynamic,Omega_hat_StateLoad,211,6305731401992.79,0.39353924170149762,0.23528507408672575,0.57780930223065907
cumulative-state-load,deepseek-v4-pro-0813-high,all-arms,dynamic,Omega_hat_StateLoad,212,7141220005719.3965,0.39525650241920557,0.23521927272587029,0.5814021634552875
cumulative-state-load,deepseek-v4-pro-0813-high,all-arms,dynamic,Omega_hat_StateLoad,213,8087408092575.9355,0.396976351549025,0.23514895268429761,0.58499252689515124
cumulative-state-load,deepseek-v4-pro-0813-high,all-arms,dynamic,Omega_hat_StateLoad,214,9158962978801.8008,0.3986987503960735,0.23507425076036373,0.58857980786502362
cumulative-state-load,deepseek-v4-pro-0813-high,all-arms,dynamic,Omega_hat_StateLoad,215,10372495351640.289,0.40042366001865848,0.23499529898591059,0.59216343011986072
cumulative-state-load,deepseek-v4-pro-0813-high,all-arms,dynamic,Omega_hat_StateLoad,216,11746816759584.111,0.40215104123149836,0.23491222480923757,0.59574282587443894
cumulative-state-load,deepseek-v4-pro-0813-high,all-arms,dynamic,Omega_hat_StateLoad,217,13303231219228.748,0.40388085460899276,0.2348251512711661,0.5993174358259854
cumulative-state-load,deepseek-v4-pro-0813-high,all-arms,dynamic,Omega_hat_StateLoad,218,15065865459071.664,0.4056130604885424,0.23473419717438693,0.60288670917943232
cumulative-state-load,deepseek-v4-pro-0813-high,all-arms,dynamic,Omega_hat_StateLoad,219,17062042919525.213,0.40734761897391469,0.23463947724627865,0.60645010367492835
cumulative-state-load,deepseek-v4-pro-0813-high,all-arms,dynamic,Omega_hat_StateLoad,220,19322707306697.164,0.40908448993865965,0.23454110229540287,0.6100070856172356
cumulative-state-load,deepseek-v4-pro-0813-high,all-arms,dynamic,Omega_hat_StateLoad,221,21882902265649.543,0.41082363302956976,0.23443917936186814,0.61355712990665501
cumulative-state-load,deepseek-v4-pro-0813-high,all-arms,dynamic,Omega_hat_StateLoad,222,24782314608781.605,0.41256500767018855,0.23433381186177063,0.61709972007112279
cumulative-state-load,deepseek-v4-pro-0813-high,all-arms,dynamic,Omega_hat_StateLoad,223,28065889520180.477,0.41430857306436353,0.23422509972590869,0.62063434829913289
cumulative-state-load,deepseek-v4-pro-0813-high,all-arms,dynamic,Omega_hat_StateLoad,224,31784527272519.461,0.41605428819984491,0.23411313953297241,0.6241605154731471
cumulative-state-load,deepseek-v4-pro-0813-high,all-arms,dynamic,Omega_hat_StateLoad,225,35995872256645.188,0.41780211185192795,0.23399802463740493,0.62767773120316783
cumulative-state-load,deepseek-v4-pro-0813-high,all-arms,dynamic,Omega_hat_StateLoad,226,40765206554982.133,0.41955200258714082,0.23387984529213238,0.63118551386015487
cumulative-state-load,deepseek-v4-pro-0813-high,all-arms,dynamic,Omega_hat_StateLoad,227,46166461910464.57,0.42130391876697371,0.23375868876635053,0.63468339060898415
cumulative-state-load,deepseek-v4-pro-0813-high,all-arms,dynamic,Omega_hat_StateLoad,228,52283365778012.797,0.42305781855165203,0.23363463945855817,0.63817089744066002
cumulative-state-load,deepseek-v4-pro-0813-high,all-arms,dynamic,Omega_hat_StateLoad,229,59210739224048.375,0.42481365990395081,0.23350777900501762,0.64164757920349791
cumulative-state-load,deepseek-v4-pro-0813-high,all-arms,dynamic,Omega_hat_StateLoad,230,67055966793412.406,0.42657140059305015,0.23337818638382388,0.64511298963301766
cumulative-state-load,deepseek-v4-pro-0813-high,all-arms,dynamic,Omega_hat_StateLoad,231,75940661128800.391,0.42833099819843151,0.23324593801475232,0.64856669138029133
cumulative-state-load,deepseek-v4-pro-0813-high,all-arms,dynamic,Omega_hat_StateLoad,232,86002548146779.891,0.43009241011381416,0.23311110785505523,0.65200825603851564
cumulative-state-load,deepseek-v4-pro-0813-high,all-arms,dynamic,Omega_hat_StateLoad,233,97397601993407.797,0.43185559355112912,0.23297376749136961,0.65543726416757797
cumulative-state-load,deepseek-v4-pro-0813-high,all-arms,dynamic,Omega_hat_StateLoad,234,110302462874426.61,0.43362050554453313,0.23283398622789386,0.65885330531641295
cumulative-state-load,deepseek-v4-pro-0813-high,all-arms,dynamic,Omega_hat_StateLoad,235,124917175239979.11,0.43538710295445915,0.23269183117098635,0.66225597804295244
cumulative-state-load,deepseek-v4-pro-0813-high,all-arms,dynamic,Omega_hat_StateLoad,236,141468288769764.84,0.43715534247170362,0.23254736731033307,0.66564488993148674
cumulative-state-load,deepseek-v4-pro-0813-high,all-arms,dynamic,Omega_hat_StateLoad,237,160212370228497.03,0.43892518062154989,0.23240065759682421,0.66901965760727133
cumulative-state-load,deepseek-v4-pro-0813-high,all-arms,dynamic,Omega_hat_StateLoad,238,181439980630619.34,0.44069657376792709,0.23225176301728021,0.67237990674822745
cumulative-state-load,deepseek-v4-pro-0813-high,all-arms,dynamic,Omega_hat_StateLoad,239,205480179366224.44,0.44246947811760196,0.23210074266615582,0.67572527209358968
cumulative-state-load,deepseek-v4-pro-0813-off,all-arms,dynamic,Omega_hat_StateLoad,0,24.999999999999993,0.94704457756482241,0.65177714601878256,0.99418181265081984
cumulative-state-load,deepseek-v4-pro-0813-off,all-arms,dynamic,Omega_hat_StateLoad,1,28.312417507438298,0.94706794805948191,0.65538119928660798,0.99409448389553745
cumulative-state-load,deepseek-v4-pro-0813-off,all-arms,dynamic,Omega_hat_StateLoad,2,32.063719404619953,0.94709130881639458,0.65896436165919636,0.99400593464390852
cumulative-state-load,deepseek-v4-pro-0813-off,all-arms,dynamic,Omega_hat_StateLoad,3,36.312056424998055,0.94711465983910947,0.66252629626336523,0.9939161511309379
cumulative-state-load,deepseek-v4-pro-0813-off,all-arms,dynamic,Omega_hat_StateLoad,4,41.12328408232807,0.94713800113117463,0.6660666751652472,0.99382511957331265
cumulative-state-load,deepseek-v4-pro-0813-off,all-arms,dynamic,Omega_hat_StateLoad,5,46.571983528634576,0.94716133269613711,0.66958517940889495,0.99373282617676528
cumulative-state-load,deepseek-v4-pro-0813-off,all-arms,dynamic,Omega_hat_StateLoad,6,52.742617672489672,0.94718465453754341,0.67308149904627834,0.99363925714386636
cumulative-state-load,deepseek-v4-pro-0813-off,all-arms,dynamic,Omega_hat_StateLoad,7,59.730840479148867,0.9472079666589388,0.67655533315875127,0.99354439868227351
cumulative-state-load,deepseek-v4-pro-0813-off,all-arms,dynamic,Omega_hat_StateLoad,8,67.644979748634356,0.94723126906386845,0.68000638987005801,0.99344823701345086
cumulative-state-load,deepseek-v4-pro-0813-off,all-arms,dynamic,Omega_hat_StateLoad,9,76.607716357021744,0.94725456175587563,0.68343438635096898,0.99335075838188813
cumulative-state-load,deepseek-v4-pro-0813-off,all-arms,dynamic,Omega_hat_StateLoad,10,86.757985991656412,0.94727784473850385,0.68683904881563584,0.99325194906484038
cumulative-state-load,deepseek-v4-pro-0813-off,all-arms,dynamic,Omega_hat_StateLoad,11,98.25313286001041,0.94730111801529493,0.69022011250976756,0.99315179538261011
cumulative-state-load,deepseek-v4-pro-0813-off,all-arms,dynamic,Omega_hat_StateLoad,12,111.27134875785683,0.94732438158979027,0.69357732169073971,0.99305028370940596
cumulative-state-load,deepseek-v4-pro-0813-off,all-arms,dynamic,Omega_hat_StateLoad,13,126.01443530592877,0.94734763546553058,0.6969104295997447,0.99294740048479513
cumulative-state-load,deepseek-v4-pro-0813-off,all-arms,dynamic,Omega_hat_StateLoad,14,142.71093217382108,0.94737087964605493,0.70021919842611113,0.99284313222578757
cumulative-state-load,deepseek-v4-pro-0813-off,all-arms,dynamic,Omega_hat_StateLoad,15,161.6196597832373,0.94739411413490249,0.70350339926391636,0.99273746553957254
cumulative-state-load,deepseek-v4-pro-0813-off,all-arms,dynamic,Omega_hat_StateLoad,16,183.03373140772601,0.94741733893561098,0.70676281206102132,0.99263038713694729
cumulative-state-load,deepseek-v4-pro-0813-off,all-arms,dynamic,Omega_hat_StateLoad,17,207.28509686239448,0.94744055405171779,0.70999722556067235,0.99252188384646378
cumulative-state-load,deepseek-v4-pro-0813-off,all-arms,dynamic,Omega_hat_StateLoad,18,234.74968821751611,0.94746375948675876,0.71320643723580102,0.99241194262933097
cumulative-state-load,deepseek-v4-pro-0813-off,all-arms,dynamic,Omega_hat_StateLoad,19,265.85324730221129,0.94748695524426951,0.71639025321617456,0.9923005505951078
cumulative-state-load,deepseek-v4-pro-0813-off,all-arms,dynamic,Omega_hat_StateLoad,20,301.07792533313796,0.94751014132778455,0.71954848820854134,0.99218769501822301
cumulative-state-load,deepseek-v4-pro-0813-off,all-arms,dynamic,Omega_hat_StateLoad,21,340.96975697220569,0.94753331774083727,0.72268096540991944,0.99207336335536123
cumulative-state-load,deepseek-v4-pro-0813-off,all-arms,dynamic,Omega_hat_StateLoad,22,386.14712467227469,0.94755648448696106,0.72578751641418515,0.99195754326375651
cumulative-state-load,deepseek-v4-pro-0813-off,all-arms,dynamic,Omega_hat_StateLoad,23,437.31034452073055,0.94757964156968766,0.72886798111211193,0.99184022262043547
cumulative-state-load,deepseek-v4-pro-0813-off,all-arms,dynamic,Omega_hat_StateLoad,24,495.25252217570409,0.94760278899254813,0.73192220758501458,0.99172138954245415
cumulative-state-load,deepseek-v4-pro-0813-off,all-arms,dynamic,Omega_hat_StateLoad,25,560.87184717801495,0.94762592675907276,0.73495005199215657,0.99160103240817388
cumulative-state-load,deepseek-v4-pro-0813-off,all-arms,dynamic,Omega_hat_StateLoad,26,635.185516218884,0.94764905487279116,0.73795137845207193,0.99147913987962766
cumulative-state-load,deepseek-v4-pro-0813-off,all-arms,dynamic,Omega_hat_StateLoad,27,719.34550119467121,0.94767217333723197,0.74092605891796059,0.99135570092602365
cumulative-state-load,deepseek-v4-pro-0813-off,all-arms,dynamic,Omega_hat_StateLoad,28,814.65640647683915,0.94769528215592258,0.74387397304730773,0.99123070484844078
cumulative-state-load,deepseek-v4-pro-0813-off,all-arms,dynamic,Omega_hat_StateLoad,29,922.59569221126492,0.94771838133239039,0.74679500806588239,0.99110414130577218
cumulative-state-load,deepseek-v4-pro-0813-off,all-arms,dynamic,Omega_hat_StateLoad,30,1044.8365771379745,0.94774147087016114,0.74968905862626178,0.99097600034196864
cumulative-state-load,deepseek-v4-pro-0813-off,all-arms,dynamic,Omega_hat_StateLoad,31,1183.2739759589249,0.94776455077276012,0.75255602666103549,0.99084627241464862
cumulative-state-load,deepseek-v4-pro-0813-off,all-arms,dynamic,Omega_hat_StateLoad,32,1340.0538733214246,0.94778762104371173,0.75539582123083016,0.99071494842513197
cumulative-state-load,deepseek-v4-pro-0813-off,all-arms,dynamic,Omega_hat_StateLoad,33,1517.6065897574397,0.94781068168653926,0.75820835836729794,0.9905820197499634
cumulative-state-load,deepseek-v4-pro-0813-off,all-arms,dynamic,Omega_hat_StateLoad,34,1718.68445525009,0.94783373270476579,0.76099356091121029,0.99044747827399204
cumulative-state-load,deepseek-v4-pro-0813-off,all-arms,dynamic,Omega_hat_StateLoad,35,1946.4044744233875,0.94785677410191271,0.76375135834578811,0.99031131642507908
cumulative-state-load,deepseek-v4-pro-0813-off,all-arms,dynamic,Omega_hat_StateLoad,36,2204.29664472884,0.94787980588150134,0.76648168662540173,0.99017352721050267
cumulative-state-load,deepseek-v4-pro-0813-off,all-arms,dynamic,Omega_hat_StateLoad,37,2496.3586766323347,0.94790282804705162,0.76918448799976469,0.99003410425513783
cumulative-state-load,deepseek-v4-pro-0813-off,all-arms,dynamic,Omega_hat_StateLoad,38,2827.1179640452315,0.94792584060208274,0.77185971083374449,0.98989304184148763
cumulative-state-load,deepseek-v4-pro-0813-off,all-arms,dynamic,Omega_hat_StateLoad,39,3201.7017656331,0.94794884355011322,0.77450730942290458,0.98975033495164744
cumulative-state-load,deepseek-v4-pro-0813-off,all-arms,dynamic,Omega_hat_StateLoad,40,3625.9166849162661,0.94797183689466047,0.77712724380488796,0.9896059793112848
cumulative-state-load,deepseek-v4-pro-0813-off,all-arms,dynamic,Omega_hat_StateLoad,41,4106.3386812214403,0.94799482063924145,0.77971947956674881,0.98945997143572095
cumulative-state-load,deepseek-v4-pro-0813-off,all-arms,dynamic,Omega_hat_StateLoad,42,4650.4150067874043,0.94801779478737203,0.78228398764832818,0.98931230867820463
cumulative-state-load,deepseek-v4-pro-0813-off,all-arms,dynamic,Omega_hat_StateLoad,43,5266.5796502008579,0.94804075934256693,0.78482074414177128,0.98916298928046587
cumulative-state-load,deepseek-v4-pro-0813-off,all-arms,dynamic,Omega_hat_StateLoad,44,5964.3840757065991,0.94806371430834036,0.7873297300872677,0.98901201242564929
cumulative-state-load,deepseek-v4-pro-0813-off,all-arms,dynamic,Omega_hat_StateLoad,45,6754.6452850448659,0.94808665968820593,0.7898109312650996,0.98885937829371862
cumulative-state-load,deepseek-v4-pro-0813-off,all-arms,dynamic,Omega_hat_StateLoad,46,7649.6134969936093,0.94810959548567575,0.79226433798406903,0.98870508811943336
cumulative-state-load,deepseek-v4-pro-0813-off,all-arms,dynamic,Omega_hat_StateLoad,47,8663.1620438967238,0.94813252170426165,0.79468994486637634,0.988549144253001
cumulative-state-load,deepseek-v4-pro-0813-off,all-arms,dynamic,Omega_hat_StateLoad,48,9811.0024288558579,0.94815543834747407,0.79708775062900838,0.98839155022350211
cumulative-state-load,deepseek-v4-pro-0813-off,all-arms,dynamic,Omega_hat_StateLoad,49,11110.927877290325,0.9481783454188234,0.79945775786169482,0.98823231080519902
cumulative-state-load,deepseek-v4-pro-0813-off,all-arms,dynamic,Omega_hat_StateLoad,50,12583.08915827515,0.94820124292181829,0.80179997280148252,0.98807143208683101
cumulative-state-load,deepseek-v4-pro-0813-off,all-arms,dynamic,Omega_hat_StateLoad,51,14250.306951296287,0.94822413085996693,0.80411440510397481,0.98790892154400367
cumulative-state-load,deepseek-v4-pro-0813-off,all-arms,dynamic,Omega_hat_StateLoad,52,16138.425600570021,0.94824700923677674,0.80640106761127306,0.98774478811477839
cumulative-state-load,deepseek-v4-pro-0813-off,all-arms,dynamic,Omega_hat_StateLoad,53,18276.713740642757,0.94826987805575425,0.80865997611665918,0.98757904227857318
cumulative-state-load,deepseek-v4-pro-0813-off,all-arms,dynamic,Omega_hat_StateLoad,54,20698.318003560475,0.94829273732040509,0.81089114912605098,0.98741169613847646
cumulative-state-load,deepseek-v4-pro-0813-off,all-arms,dynamic,Omega_hat_StateLoad,55,23440.77684074123,0.94831558703423413,0.81309460761625618,0.98724276350708329
cumulative-state-load,deepseek-v4-pro-0813-off,all-arms,dynamic,Omega_hat_StateLoad,56,26546.602424550303,0.9483384272007449,0.81527037479005615,0.98707225999595471
cumulative-state-load,deepseek-v4-pro-0813-off,all-arms,dynamic,Omega_hat_StateLoad,57,30063.939649913667,0.94836125782344083,0.81741847582814009,0.98690020310879789
cumulative-state-load,deepseek-v4-pro-0813-off,all-arms,dynamic,Omega_hat_StateLoad,58,34047.312451471349,0.9483840789058241,0.81953893763791852,0.98672661233846715
cumulative-state-load,deepseek-v4-pro-0813-off,all-arms,dynamic,Omega_hat_StateLoad,59,38558.469005290368,0.94840689045139592,0.8216317885992398,0.98655150926786872
cumulative-state-load,deepseek-v4-pro-0813-off,all-arms,dynamic,Omega_hat_StateLoad,60,43667.338917015979,0.94842969246365694,0.82369705830703688,0.98637491767485741
cumulative-state-load,deepseek-v4-pro-0813-off,all-arms,dynamic,Omega_hat_StateLoad,61,49453.117234294703,0.94845248494610668,0.82573477731094225,0.98619686364119086
cumulative-state-load,deepseek-v4-pro-0813-off,all-arms,dynamic,Omega_hat_StateLoad,62,56005.492087265739,0.94847526790224412,0.82774497685190473,0.98601737566561209
cumulative-state-load,deepseek-v4-pro-0813-off,all-arms,dynamic,Omega_hat_StateLoad,63,63426.034987367959,0.94849804133556692,0.82972768859585821,0.98583648478109986
cumulative-state-load,deepseek-v4-pro-0813-off,all-arms,dynamic,Omega_hat_StateLoad,64,71829.775336149993,0.94852080524957239,0.83168294436450163,0.98565422467633046
cumulative-state-load,deepseek-v4-pro-0813-off,all-arms,dynamic,Omega_hat_StateLoad,65,81346.983551302881,0.94854355964775661,0.8336107758632586,0.98547063182135597
cumulative-state-load,deepseek-v4-pro-0813-off,all-arms,dynamic,Omega_hat_StateLoad,66,92125.190451008311,0.9485663045336149,0.83551121440651011,0.98528574559750381
cumulative-state-load,deepseek-v4-pro-0813-off,all-arms,dynamic,Omega_hat_StateLoad,67,104331.47420004857,0.94858903991064225,0.8373842906402027,0.98509960843146049
cumulative-state-load,deepseek-v4-pro-0813-off,all-arms,dynamic,Omega_hat_StateLoad,68,118155.05026873205,0.94861176578233153,0.83923003426197174,0.98491226593348313
cumulative-state-load,deepseek-v4-pro-0813-off,all-arms,dynamic,Omega_hat_StateLoad,69,133810.20455282801,0.94863448215217627,0.84104847373893288,0.98472376703965037
cumulative-state-load,deepseek-v4-pro-0813-off,all-arms,dynamic,Omega_hat_StateLoad,70,151539.61512221544,0.94865718902366791,0.84283963602334022,0.98453416415802519
cumulative-state-load,deepseek-v4-pro-0813-off,all-arms,dynamic,Omega_hat_StateLoad,71,171618.11409026734,0.94867988640029788,0.84460354626633805,0.98434351331855841
cumulative-state-load,deepseek-v4-pro-0813-off,all-arms,dynamic,Omega_hat_StateLoad,72,194356.94791851306,0.94870257428555627,0.84634022753008287,0.98415187432652007
cumulative-state-load,deepseek-v4-pro-0813-off,all-arms,dynamic,Omega_hat_StateLoad,73,220108.60219761523,0.9487252526829324,0.84804970049855533,0.98395931091918853
cumulative-state-load,deepseek-v4-pro-0813-off,all-arms,dynamic,Omega_hat_StateLoad,74,249272.26569590121,0.94874792159591481,0.8497319831874427,0.98376589092546929
cumulative-state-load,deepseek-v4-pro-0813-off,all-arms,dynamic,Omega_hat_StateLoad,75,282300.01837629767,0.94877058102799117,0.85138709065353457,0.98357168642804893
cumulative-state-load,deepseek-v4-pro-0813-off,all-arms,dynamic,Omega_hat_StateLoad,76,319703.83930509043,0.94879323098264834,0.85301503470413642,0.98337677392761502
cumulative-state-load,deepseek-v4-pro-0813-off,all-arms,dynamic,Omega_hat_StateLoad,77,362063.54308546719,0.9488158714633721,0.85461582360710187,0.9831812345085913
cumulative-state-load,deepseek-v4-pro-0813-off,all-arms,dynamic,Omega_hat_StateLoad,78,410035.76784232468,0.94883850247364787,0.85618946180214917,0.98298515400575071
cumulative-state-load,deepseek-v4-pro-0813-off,all-arms,dynamic,Omega_hat_StateLoad,79,464364.15408539743,0.94886112401695943,0.85773594961424349,0.98278862317096105
cumulative-state-load,deepseek-v4-pro-0813-off,all-arms,dynamic,Omega_hat_StateLoad,80,525890.8722381671,0.94888373609679033,0.85925528296991727,0.98259173783921905
cumulative-state-load,deepseek-v4-pro-0813-off,all-arms,dynamic,Omega_hat_StateLoad,81,595569.67752631637,0.94890633871662322,0.86074745311752543,0.9823945990930032
cumulative-state-load,deepseek-v4-pro-0813-off,all-arms,dynamic,Omega_hat_StateLoad,82,674480.69459581818,0.94892893187993965,0.86221244635255423,0.9821973134238523
cumulative-state-load,deepseek-v4-pro-0813-off,all-arms,dynamic,Omega_hat_StateLoad,83,763847.16104415117,0.94895151559022051,0.8636502437492366,0.98199999288993434
cumulative-state-load,deepseek-v4-pro-0813-off,all-arms,dynamic,Omega_hat_StateLoad,84,865054.38941413839,0.94897408985094545,0.86506082089987502,0.98180275526822525
cumulative-state-load,deepseek-v4-pro-0813-off,all-arms,dynamic,Omega_hat_StateLoad,85,979671.24158941,0.9489966546655938,0.86644414766342903,0.98160572419975489
cumulative-state-load,deepseek-v4-pro-0813-off,all-arms,dynamic,Omega_hat_StateLoad,86,1109474.4484763925,0.94901921003764356,0.8678001879250854,0.98140902932621632
cumulative-state-load,deepseek-v4-pro-0813-off,all-arms,dynamic,Omega_hat_StateLoad,87,1256476.1519639383,0.94904175597057228,0.86912889936870885,0.98121280641605224
cumulative-state-load,deepseek-v4-pro-0813-off,all-arms,dynamic,Omega_hat_StateLoad,88,1422955.0961016999,0.9490642924678564,0.87043023326424573,0.98101719747794858
cumulative-state-load,deepseek-v4-pro-0813-off,all-arms,dynamic,Omega_hat_StateLoad,89,1611491.9510067319,0.94908681953297147,0.87170413427234661,0.98082235085948666
cumulative-state-load,deepseek-v4-pro-0813-off,all-arms,dynamic,Omega_hat_StateLoad,90,1825009.3170711552,0.9491093371693925,0.87295054026866026,0.98062842132849548
cumulative-state-load,deepseek-v4-pro-0813-off,all-arms,dynamic,Omega_hat_StateLoad,91,2066817.0295953348,0.94913184538059281,0.87416938219044438,0.98043557013446481
cumulative-state-load,deepseek-v4-pro-0813-off,all-arms,dynamic,Omega_hat_StateLoad,92,2340663.4661354679,0.94915434417004618,0.87536058390833371,0.98024396504718314
cumulative-state-load,deepseek-v4-pro-0813-off,all-arms,dynamic,Omega_hat_StateLoad,93,2650793.6519054002,0.9491768335412244,0.87652406212628375,0.9800537803695738
cumulative-state-load,deepseek-v4-pro-0813-off,all-arms,dynamic,Omega_hat_StateLoad,94,3002015.0639525093,0.9491993134975989,0.87765972631289046,0.97986519692153218
cumulative-state-load,deepseek-v4-pro-0813-off,all-arms,dynamic,Omega_hat_StateLoad,95,3399772.1541696996,0.94922178404264013,0.87876747866744076,0.97967840199140155
cumulative-state-load,deepseek-v4-pro-0813-off,all-arms,dynamic,Omega_hat_StateLoad,96,3850230.7463606251,0.94924424517981754,0.87984721412418787,0.97949358925159025
cumulative-state-load,deepseek-v4-pro-0813-off,all-arms,dynamic,Omega_hat_StateLoad,97,4360373.6156375101,0.94926669691259991,0.88089882039845446,0.97931095863471707
cumulative-state-load,deepseek-v4-pro-0813-off,all-arms,dynamic,Omega_hat_StateLoad,98,4938108.7317738971,0.94928913924445535,0.88192217807824069,0.97913071616660363
cumulative-state-load,deepseek-v4-pro-0813-off,all-arms,dynamic,Omega_hat_StateLoad,99,5592391.8444443662,0.94931157217885098,0.88291716076503812,0.97895307375240115
cumulative-state-load,deepseek-v4-pro-0813-off,all-arms,dynamic,Omega_hat_StateLoad,100,6333365.3106040712,0.94933399571925248,0.88388363526752778,0.97877824891216203
cumulative-state-load,deepseek-v4-pro-0813-off,all-arms,dynamic,Omega_hat_StateLoad,101,7172515.316037979,0.94935640986912539,0.88482146185174604,0.9786064644622634
cumulative-state-load,deepseek-v4-pro-0813-off,all-arms,dynamic,Omega_hat_StateLoad,102,8122849.9282465167,0.94937881463193408,0.88573049455114439,0.97843794813924578
cumulative-state-load,deepseek-v4-pro-0813-off,all-arms,dynamic,Omega_hat_StateLoad,103,9199100.7407512218,0.9494012100111423,0.8866105815397114,0.97827293216287869
cumulative-state-load,deepseek-v4-pro-0813-off,all-arms,dynamic,Omega_hat_StateLoad,104,10417951.234605337,0.94942359601021264,0.88746156557099243,0.97811165273561473
cumulative-state-load,deepseek-v4-pro-0813-off,all-arms,dynamic,Omega_hat_StateLoad,105,11798295.397051137,0.94944597263260666,0.88828328448539184,0.97795434947602267
cumulative-state-load,deepseek-v4-pro-0813-off,all-arms,dynamic,Omega_hat_StateLoad,106,13361530.606296001,0.94946833988178581,0.88907557178759256,0.97780126478435836
cumulative-state-load,deepseek-v4-pro-0813-off,all-arms,dynamic,Omega_hat_StateLoad,107,15131889.322554696,0.9494906977612102,0.88983825729524857,0.97765264313909639
cumulative-state-load,deepseek-v4-pro-0813-off,all-arms,dynamic,Omega_hat_StateLoad,108,17136814.727060642,0.94951304627433863,0.890571167859326,0.97750873032403585
cumulative-state-load,deepseek-v4-pro-0813-off,all-arms,dynamic,Omega_hat_StateLoad,109,19407386.132006321,0.94953538542462979,0.89127412815554519,0.9773697725865087
cumulative-state-load,deepseek-v4-pro-0813-off,all-arms,dynamic,Omega_hat_StateLoad,110,21978800.755897231,0.94955771521554111,0.89194696154535358,0.9772360157282467
cumulative-state-load,deepseek-v4-pro-0813-off,all-arms,dynamic,Omega_hat_StateLoad,111,24890919.332550567,0.9495800356505294,0.89258949100371787,0.97710770413160231
cumulative-state-load,deepseek-v4-pro-0813-off,all-arms,dynamic,Omega_hat_StateLoad,112,28188884.011485554,0.94960234673305044,0.89320154010978736,0.97698507972505177
cumulative-state-load,deepseek-v4-pro-0813-off,all-arms,dynamic,Omega_hat_StateLoad,113,31923818.128077231,0.94962464846655881,0.89378293409516241,0.97686838089323569
cumulative-state-load,deepseek-v4-pro-0813-off,all-arms,dynamic,Omega_hat_StateLoad,114,36153618.690945983,0.94964694085450896,0.89433350094313357,0.9767578413381488
cumulative-state-load,deepseek-v4-pro-0813-off,all-arms,dynamic,Omega_hat_StateLoad,115,40943853.871311486,0.94966922390035391,0.89485307253084989,0.97665368889950854
cumulative-state-load,deepseek-v4-pro-0813-off,all-arms,dynamic,Omega_hat_StateLoad,116,46368779.406724684,0.94969149760754623,0.89534148580498962,0.97655614434371107
cumulative-state-load,deepseek-v4-pro-0813-off,all-arms,dynamic,Omega_hat_StateLoad,117,52512489.674939841,0.94971376197953705,0.89579858398014978,0.97646542013213944
cumulative-state-load,deepseek-v4-pro-0813-off,all-arms,dynamic,Omega_hat_StateLoad,118,59470221.28127756,0.94973601701977728,0.89622421774792516,0.97638171918084327
cumulative-state-load,deepseek-v4-pro-0813-off,all-arms,dynamic,Omega_hat_StateLoad,119,67349829.367010877,0.94975826273171648,0.89661824648351052,0.97630523362473243
cumulative-state-load,deepseek-v4-pro-0813-off,all-arms,dynamic,Omega_hat_StateLoad,120,76273459.523741603,0.94978049911880358,0.89698053943573297,0.97623614360037103
cumulative-state-load,deepseek-v4-pro-0813-off,all-arms,dynamic,Omega_hat_StateLoad,121,86379441.230914906,0.94980272618448658,0.89731097688568873,0.9761746160621716
cumulative-state-load,deepseek-v4-pro-0813-off,all-arms,dynamic,Omega_hat_StateLoad,122,97824432.167555675,0.94982494393221273,0.89760945125873148,0.9761208036472373
cumulative-state-load,deepseek-v4-pro-0813-off,all-arms,dynamic,Omega_hat_StateLoad,123,110785846.63823649,0.94984715236542794,0.89787586817440312,0.97607484360423924
cumulative-state-load,deepseek-v4-pro-0813-off,all-arms,dynamic,Omega_hat_StateLoad,124,125464605.7574712,0.94986935148757801,0.89811014741910233,0.97603685680152441
cumulative-state-load,deepseek-v4-pro-0813-off,all-arms,dynamic,Omega_hat_StateLoad,125,142088252.02446681,0.94989154130210751,0.89831222382682985,0.97600694682909805
cumulative-state-load,deepseek-v4-pro-0813-off,all-arms,dynamic,Omega_hat_StateLoad,126,160914476.56875312,0.9499137218124597,0.8984820480542578,0.97598519920821813
cumulative-state-load,deepseek-v4-pro-0813-off,all-arms,dynamic,Omega_hat_StateLoad,127,182235113.74421734,0.94993589302207793,0.89861958723764057,0.9759716807210802
cumulative-state-load,deepseek-v4-pro-0813-off,all-arms,dynamic,Omega_hat_StateLoad,128,206380664.99367148,0.94995805493440388,0.89872482552067701,0.97596643887145751
cumulative-state-load,deepseek-v4-pro-0813-off,all-arms,dynamic,Omega_hat_StateLoad,129,233725422.11054322,0.94998020755287838,0.89879776444434234,0.97596950148527739
cumulative-state-load,deepseek-v4-pro-0813-off,all-arms,dynamic,Omega_hat_StateLoad,130,264693269.31583792,0.95000235088094198,0.89883842319186713,0.97598087645793663
cumulative-state-load,deepseek-v4-pro-0813-off,all-arms,dynamic,Omega_hat_StateLoad,131,299764254.09115303,0.95002448492203406,0.89884683868440218,0.97600055165281496
cumulative-state-load,deepseek-v4-pro-0813-off,all-arms,dynamic,Omega_hat_StateLoad,132,339482028.62538159,0.95004660967959265,0.89882306552539526,0.97602849495293831
cumulative-state-load,deepseek-v4-pro-0813-off,all-arms,dynamic,Omega_hat_StateLoad,133,384462277.22855681,0.95006872515705598,0.89876717579427323,0.97606465446520141
cumulative-state-load,deepseek-v4-pro-0813-off,all-arms,dynamic,Omega_hat_StateLoad,134,435402260.35021538,0.95009083135786032,0.89867925869255127,0.97610895887400917
cumulative-state-load,deepseek-v4-pro-0813-off,all-arms,dynamic,Omega_hat_StateLoad,135,493091623.14870566,0.95011292828544158,0.89855942004795208,0.97616131793874994
cumulative-state-load,deepseek-v4-pro-0813-off,all-arms,dynamic,Omega_hat_StateLoad,136,558424636.16026437,0.95013501594323502,0.89840778168441049,0.97622162312721594
cumulative-state-load,deepseek-v4-pro-0813-off,all-arms,dynamic,Omega_hat_StateLoad,137,632414057.81634903,0.95015709433467477,0.89822448066790606,0.97628974837501969
cumulative-state-load,deepseek-v4-pro-0813-off,all-arms,dynamic,Omega_hat_StateLoad,138,716206833.69878757,0.95017916346319375,0.89800966843986574,0.97636555095925981
cumulative-state-load,deepseek-v4-pro-0813-off,all-arms,dynamic,Omega_hat_StateLoad,139,811101875.89441991,0.95020122333222468,0.89776350985134856,0.97644887247321543
cumulative-state-load,deepseek-v4-pro-0813-off,all-arms,dynamic,Omega_hat_StateLoad,140,918570198.05556846,0.95022327394519868,0.89748618211235887,0.97653953988771847
cumulative-state-load,deepseek-v4-pro-0813-off,all-arms,dynamic,Omega_hat_StateLoad,141,1040277718.2895838,0.95024531530554712,0.8971778736713929,0.97663736668409007
cumulative-state-load,deepseek-v4-pro-0813-off,all-arms,dynamic,Omega_hat_StateLoad,142,1178111083.3559988,0.95026734741669927,0.89683878304073816,0.97674215404312581
cumulative-state-load,deepseek-v4-pro-0813-off,all-arms,dynamic,Omega_hat_StateLoad,143,1334206914.4846187,0.95028937028208393,0.89646911758308057,0.97685369207455863
cumulative-state-load,deepseek-v4-pro-0813-off,all-arms,dynamic,Omega_hat_StateLoad,144,1510984928.1679814,0.95031138390512959,0.89606909227471321,0.97697176107170947
cumulative-state-load,deepseek-v4-pro-0813-off,all-arms,dynamic,Omega_hat_StateLoad,145,1711185445.3495414,0.95033338828926306,0.89563892846005566,0.97709613277661511
cumulative-state-load,deepseek-v4-pro-0813-off,all-arms,dynamic,Omega_hat_StateLoad,146,1937911870.4555225,0.95035538343791093,0.8951788526113641,0.97722657164174209
cumulative-state-load,deepseek-v4-pro-0813-off,all-arms,dynamic,Omega_hat_StateLoad,147,2194678798.7582965,0.95037736935449835,0.89468909510647254,0.97736283607545116
cumulative-state-load,deepseek-v4-pro-0813-off,all-arms,dynamic,Omega_hat_StateLoad,148,2485466497.8067212,0.95039934604245024,0.8941698890361921,0.97750467965958365
cumulative-state-load,deepseek-v4-pro-0813-off,all-arms,dynamic,Omega_hat_StateLoad,149,2814782607.4661736,0.9504213135051901,0.89362146905166517,0.97765185232886398
cumulative-state-load,deepseek-v4-pro-0813-off,all-arms,dynamic,Omega_hat_StateLoad,150,3187732015.0103235,0.95044327174614063,0.89304407026057764,0.97780410150322428
cumulative-state-load,deepseek-v4-pro-0813-off,all-arms,dynamic,Omega_hat_StateLoad,151,3610095988.4320011,0.95046522076872397,0.89243792717968906,0.97796117316558329
cumulative-state-load,deepseek-v4-pro-0813-off,all-arms,dynamic,Omega_hat_StateLoad,152,4088421794.6565967,0.95048716057636129,0.89180327274972548,0.97812281287903691
cumulative-state-load,deepseek-v4-pro-0813-off,all-arms,dynamic,Omega_hat_StateLoad,153,4630124191.8731194,0.95050909117247262,0.89114033741729559,0.9782887667388015
cumulative-state-load,deepseek-v4-pro-0813-off,all-arms,dynamic,Omega_hat_StateLoad,154,5243600369.264082,0.95053101256047756,0.89044934828716427,0.97845878225557192
cumulative-state-load,deepseek-v4-pro-0813-off,all-arms,dynamic,Omega_hat_StateLoad,155,5938360115.870491,0.95055292474379427,0.88973052834701327,0.97863260916816974
cumulative-state-load,deepseek-v4-pro-0813-off,all-arms,dynamic,Omega_hat_StateLoad,156,6725173236.4017982,0.95057482772584057,0.88898409576567972,0.97881000018448949
cumulative-state-load,deepseek-v4-pro-0813-off,all-arms,dynamic,Omega_hat_StateLoad,157,7616236499.1543064,0.95059672151003305,0.88821026326487362,0.97899071165074014
cumulative-state-load,deepseek-v4-pro-0813-off,all-arms,dynamic,Omega_hat_StateLoad,158,8625362703.9778748,0.95061860609978754,0.88740923756349355,0.97917450414987028
cumulative-state-load,deepseek-v4-pro-0813-off,all-arms,dynamic,Omega_hat_StateLoad,159,9768194801.1243382,0.9506404814985191,0.88658121889290376,0.97936114303080823
cumulative-state-load,deepseek-v4-pro-0813-off,all-arms,dynamic,Omega_hat_StateLoad,160,11062448380.136814,0.9506623477096422,0.88572640058090379,0.9795503988707901
cumulative-state-load,deepseek-v4-pro-0813-off,all-arms,dynamic,Omega_hat_StateLoad,161,12528186287.716778,0.95068420473656956,0.88484496870161378,0.97974204787355523
cumulative-state-load,deepseek-v4-pro-0813-off,all-arms,dynamic,Omega_hat_StateLoad,162,14188129631.552031,0.95070605258271379,0.88393710178808238,0.97993587220659861
cumulative-state-load,deepseek-v4-pro-0813-off,all-arms,dynamic,Omega_hat_StateLoad,163,16068009991.126307,0.95072789125148627,0.88300297060413924,0.98013166028096643
cumulative-state-load,deepseek-v4-pro-0813-off,all-arms,dynamic,Omega_hat_StateLoad,164,18196968295.298309,0.95074972074629793,0.88204273797179,0.98032920697728865
cumulative-state-load,deepseek-v4-pro-0813-off,all-arms,dynamic,Omega_hat_StateLoad,165,20608006549.844135,0.95077154107055817,0.88105655865033683,0.98052831382187522
cumulative-state-load,deepseek-v4-pro-0813-off,all-arms,dynamic,Omega_hat_StateLoad,166,23338499417.408398,0.95079335222767591,0.88004457926334434,0.9807287891167511
cumulative-state-load,deepseek-v4-pro-0813-off,all-arms,dynamic,Omega_hat_StateLoad,167,26430773580.110874,0.95081515422105956,0.87900693826958065,0.9809304480275004
cumulative-state-load,deepseek-v4-pro-0813-off,all-arms,dynamic,Omega_hat_StateLoad,168,29932763865.786736,0.95083694705411559,0.87794376597412394,0.98113311263273351
cumulative-state-load,deepseek-v4-pro-0813-off,all-arms,dynamic,Omega_hat_StateLoad,169,33898756308.788662,0.95085873073025085,0.87685518457591594,0.98133661193888833
cumulative-state-load,deepseek-v4-pro-0813-off,all-arms,dynamic,Omega_hat_StateLoad,170,38390229663.893478,0.95088050525287049,0.87574130824819285,0.98154078186394234
cumulative-state-load,deepseek-v4-pro-0813-off,all-arms,dynamic,Omega_hat_StateLoad,171,43476808418.023773,0.95090227062537913,0.87460224324836511,0.98174546519345374
cumulative-state-load,deepseek-v4-pro-0813-off,all-arms,dynamic,Omega_hat_StateLoad,172,49237342072.879868,0.95092402685118038,0.87343808805411471,0.98195051151216661
cumulative-state-load,deepseek-v4-pro-0813-off,all-arms,dynamic,Omega_hat_StateLoad,173,55761127428.957268,0.95094577393367685,0.87224893352265898,0.98215577711422763
cumulative-state-load,deepseek-v4-pro-0813-off,all-arms,dynamic,Omega_hat_StateLoad,174,63149292818.164284,0.9509675118762706,0.87103486307033562,0.98236112489485128
cumulative-state-load,deepseek-v4-pro-0813-off,all-arms,dynamic,Omega_hat_StateLoad,175,71516365742.693665,0.95098924068236246,0.869795952869866,0.98256642422608054
cumulative-state-load,deepseek-v4-pro-0813-off,all-arms,dynamic,Omega_hat_StateLoad,176,80992048220.871994,0.95101096035535304,0.86853227206285732,0.98277155081906831
cumulative-state-load,deepseek-v4-pro-0813-off,all-arms,dynamic,Omega_hat_StateLoad,177,91723227360.476089,0.95103267089864107,0.86724388298530319,0.98297638657511788
cumulative-state-load,deepseek-v4-pro-0813-off,all-arms,dynamic,Omega_hat_StateLoad,178,103876252326.37943,0.95105437231562517,0.86593084140404486,0.98318081942751534
cumulative-state-load,deepseek-v4-pro-0813-off,all-arms,dynamic,Omega_hat_StateLoad,179,117639512998.89848,0.95107606460970306,0.86459319676233315,0.98338474317600144
cumulative-state-load,deepseek-v4-pro-0813-off,all-arms,dynamic,Omega_hat_StateLoad,180,133226360295.8611,0.95109774778427103,0.8632309924328142,0.98358805731555143
cumulative-state-load,deepseek-v4-pro-0813-off,all-arms,dynamic,Omega_hat_StateLoad,181,150878413427.71277,0.95111942184272491,0.86184426597643904,0.98379066686095373
cumulative-state-load,deepseek-v4-pro-0813-off,all-arms,dynamic,Omega_hat_StateLoad,182,170869305353.01147,0.95114108678845999,0.8604330494059419,0.98399248216853041
cumulative-state-load,deepseek-v4-pro-0813-off,all-arms,dynamic,Omega_hat_StateLoad,183,193508924494.41779,0.95116274262486977,0.85899736945269423,0.9841934187561765
cumulative-state-load,deepseek-v4-pro-0813-off,all-arms,dynamic,Omega_hat_StateLoad,184,219148218468.05231,0.95118438935534777,0.85753724783587149,0.98439339712277052
cumulative-state-load,deepseek-v4-pro-0813-off,all-arms,dynamic,Omega_hat_StateLoad,185,248184634291.15179,0.95120602698328627,0.85605270153299939,0.98459234256787054
cumulative-state-load,deepseek-v4-pro-0813-off,all-arms,dynamic,Omega_hat_StateLoad,186,281068279399.27899,0.95122765551207633,0.85454374305106173,0.98479018501249693
cumulative-state-load,deepseek-v4-pro-0813-off,all-arms,dynamic,Omega_hat_StateLoad,187,318308898977.9881,0.95124927494510869,0.85301038069746105,0.98498685882169024
cumulative-state-load,deepseek-v4-pro-0813-off,all-arms,dynamic,Omega_hat_StateLoad,188,360483777767.9118,0.95127088528577297,0.85145261885021639,0.98518230262944206
cumulative-state-load,deepseek-v4-pro-0813-off,all-arms,dynamic,Omega_hat_StateLoad,189,408246688832.94879,0.95129248653745802,0.84987045822687035,0.98537645916649785
cumulative-state-load,deepseek-v4-pro-0813-off,all-arms,dynamic,Omega_hat_StateLoad,190,462338028010.70764,0.95131407870355156,0.84826389615166231,0.98556927509145742
cumulative-state-load,deepseek-v4-pro-0813-off,all-arms,dynamic,Omega_hat_StateLoad,191,523596291144.19409,0.95133566178744078,0.84663292682058344,0.98576070082552525
cumulative-state-load,deepseek-v4-pro-0813-off,all-arms,dynamic,Omega_hat_StateLoad,192,592971072008.82837,0.95135723579251175,0.84497754156400384,0.98595069039119332
cumulative-state-load,deepseek-v4-pro-0813-off,all-arms,dynamic,Omega_hat_StateLoad,193,671537782421.88806,0.95137880072214964,0.84329772910661127,0.98613920125508847
cumulative-state-load,deepseek-v4-pro-0813-off,all-arms,dynamic,Omega_hat_StateLoad,194,760514322717.90979,0.95140035657973898,0.84159347582444943,0.98632619417516043
cumulative-state-load,deepseek-v4-pro-0813-off,all-arms,dynamic,Omega_hat_StateLoad,195,861279961007.04492,0.95142190336866317,0.83986476599889159,0.98651163305234024
cumulative-state-load,deepseek-v4-pro-0813-off,all-arms,dynamic,Omega_hat_StateLoad,196,975396713872.86499,0.95144344109230494,0.83811158206742087,0.98669548478676417
cumulative-state-load,deepseek-v4-pro-0813-off,all-arms,dynamic,Omega_hat_StateLoad,197,1104633559942.075,0.95146496975404604,0.83633390487111581,0.98687771913861799
cumulative-state-load,deepseek-v4-pro-0813-off,all-arms,dynamic,Omega_hat_StateLoad,198,1250993861672.3154,0.95148648935726732,0.83453171389878045,0.98705830859362931
cumulative-state-load,deepseek-v4-pro-0813-off,all-arms,dynamic,Omega_hat_StateLoad,199,1416746420436.3638,0.95150799990534873,0.83270498752766675,0.98723722823320581
cumulative-state-load,deepseek-v4-pro-0813-off,all-arms,dynamic,Omega_hat_StateLoad,200,1604460646302.5212,0.95152950140166948,0.83085370326077057,0.98741445560919971
cumulative-state-load,deepseek-v4-pro-0813-off,all-arms,dynamic,Omega_hat_StateLoad,201,1817046387694.8501,0.95155099384960773,0.82897783796069269,0.98758997062325349
cumulative-state-load,deepseek-v4-pro-0813-off,all-arms,dynamic,Omega_hat_StateLoad,202,2057799038351.9771,0.9515724772525409,0.82707736808006893,0.9877637554106693
cumulative-state-load,deepseek-v4-pro-0813-off,all-arms,dynamic,Omega_hat_StateLoad,203,2330450620809.0474,0.9515939516138453,0.82515226988859292,0.98793579422872946
cumulative-state-load,deepseek-v4-pro-0813-off,all-arms,dynamic,Omega_hat_StateLoad,204,2639227638272.5801,0.95161541693689689,0.82320251969665059,0.98810607334938261
cumulative-state-load,deepseek-v4-pro-0813-off,all-arms,dynamic,Omega_hat_StateLoad,205,2988916591677.7441,0.95163687322507018,0.82122809407560871,0.98827458095620202
cumulative-state-load,deepseek-v4-pro-0813-off,all-arms,dynamic,Omega_hat_StateLoad,206,3384938177539.5894,0.95165832048173915,0.81922897007478945,0.98844130704551647
cumulative-state-load,deepseek-v4-pro-0813-off,all-arms,dynamic,Omega_hat_StateLoad,207,3833431316774.7251,0.95167975871027655,0.81720512543517521,0.98860624333160285
cumulative-state-load,deepseek-v4-pro-0813-off,all-arms,dynamic,Omega_hat_StateLoad,208,4341348317064.5972,0.95170118791405478,0.81515653879988759,0.98876938315582918
cumulative-state-load,deepseek-v4-pro-0813-off,all-arms,dynamic,Omega_hat_StateLoad,209,4916562643917.8984,0.95172260809644493,0.81308318992148287,0.98893072139963456
cumulative-state-load,deepseek-v4-pro-0813-off,all-arms,dynamic,Omega_hat_StateLoad,210,5567990971043.127,0.9517440192608172,0.81098505986611191,0.98909025440122567
cumulative-state-load,deepseek-v4-pro-0813-off,all-arms,dynamic,Omega_hat_StateLoad,211,6305731401992.79,0.95176542141054121,0.80886213121457728,0.98924797987587021
cumulative-state-load,deepseek-v4-pro-0813-off,all-arms,dynamic,Omega_hat_StateLoad,212,7141220005719.3965,0.95178681454898539,0.8067143882603397,0.98940389683967001
cumulative-state-load,deepseek-v4-pro-0813-off,all-arms,dynamic,Omega_hat_StateLoad,213,8087408092575.9355,0.95180819867951783,0.80454181720449913,0.9895580055366896
cumulative-state-load,deepseek-v4-pro-0813-off,all-arms,dynamic,Omega_hat_StateLoad,214,9158962978801.8008,0.95182957380550481,0.80234440634778925,0.98971030736932597
cumulative-state-load,deepseek-v4-pro-0813-off,all-arms,dynamic,Omega_hat_StateLoad,215,10372495351640.289,0.95185093993031267,0.80012214627961253,0.98986080483179795
cumulative-state-load,deepseek-v4-pro-0813-off,all-arms,dynamic,Omega_hat_StateLoad,216,11746816759584.111,0.95187229705730625,0.7978750300641414,0.99000950144664057
cumulative-state-load,deepseek-v4-pro-0813-off,all-arms,dynamic,Omega_hat_StateLoad,217,13303231219228.748,0.95189364518984987,0.79560305342349991,0.99015640170408992
cumulative-state-load,deepseek-v4-pro-0813-off,all-arms,dynamic,Omega_hat_StateLoad,218,15065865459071.664,0.95191498433130695,0.79330621491804842,0.99030151100424579
cumulative-state-load,deepseek-v4-pro-0813-off,all-arms,dynamic,Omega_hat_StateLoad,219,17062042919525.213,0.95193631448503968,0.79098451612376974,0.99044483560190311
cumulative-state-load,deepseek-v4-pro-0813-off,all-arms,dynamic,Omega_hat_StateLoad,220,19322707306697.164,0.9519576356544095,0.78863796180676793,0.99058638255394715
cumulative-state-load,deepseek-v4-pro-0813-off,all-arms,dynamic,Omega_hat_StateLoad,221,21882902265649.543,0.95197894784277748,0.78626656009487406,0.99072615966920463
cumulative-state-load,deepseek-v4-pro-0813-off,all-arms,dynamic,Omega_hat_StateLoad,222,24782314608781.605,0.95200025105350317,0.78387032264634848,0.99086417546065342
cumulative-state-load,deepseek-v4-pro-0813-off,all-arms,dynamic,Omega_hat_StateLoad,223,28065889520180.477,0.95202154528994543,0.78144926481567101,0.991000439099891
cumulative-state-load,deepseek-v4-pro-0813-off,all-arms,dynamic,Omega_hat_StateLoad,224,31784527272519.461,0.95204283055546235,0.77900340581639294,0.99113496037376914
cumulative-state-load,deepseek-v4-pro-0813-off,all-arms,dynamic,Omega_hat_StateLoad,225,35995872256645.188,0.95206410685341114,0.77653276888103218,0.99126774964309794
cumulative-state-load,deepseek-v4-pro-0813-off,all-arms,dynamic,Omega_hat_StateLoad,226,40765206554982.133,0.95208537418714789,0.77403738141797318,0.99139881780333905
cumulative-state-load,deepseek-v4-pro-0813-off,all-arms,dynamic,Omega_hat_StateLoad,227,46166461910464.57,0.95210663256002814,0.77151727516534319,0.99152817624719303
cumulative-state-load,deepseek-v4-pro-0813-off,all-arms,dynamic,Omega_hat_StateLoad,228,52283365778012.797,0.95212788197540643,0.76897248634181636,0.99165583682900749
cumulative-state-load,deepseek-v4-pro-0813-off,all-arms,dynamic,Omega_hat_StateLoad,229,59210739224048.375,0.9521491224366363,0.76640305579430346,0.9917818118309184
cumulative-state-load,deepseek-v4-pro-0813-off,all-arms,dynamic,Omega_hat_StateLoad,230,67055966793412.406,0.9521703539470705,0.7638090291424724,0.99190611393065664
cumulative-state-load,deepseek-v4-pro-0813-off,all-arms,dynamic,Omega_hat_StateLoad,231,75940661128800.391,0.9521915765100607,0.76119045692004217,0.99202875617093844
cumulative-state-load,deepseek-v4-pro-0813-off,all-arms,dynamic,Omega_hat_StateLoad,232,86002548146779.891,0.95221279012895821,0.75854739471279553,0.99214975193037458
cumulative-state-load,deepseek-v4-pro-0813-off,all-arms,dynamic,Omega_hat_StateLoad,233,97397601993407.797,0.95223399480711279,0.75587990329323296,0.9922691148958297
cumulative-state-load,deepseek-v4-pro-0813-off,all-arms,dynamic,Omega_hat_StateLoad,234,110302462874426.61,0.952255190547874,0.753188048751809,0.9923868590361653
cumulative-state-load,deepseek-v4-pro-0813-off,all-arms,dynamic,Omega_hat_StateLoad,235,124917175239979.11,0.95227637735458981,0.75047190262466834,0.99250299857730395
cumulative-state-load,deepseek-v4-pro-0813-off,all-arms,dynamic,Omega_hat_StateLoad,236,141468288769764.84,0.95229755523060799,0.74773154201781167,0.99261754797855795
cumulative-state-load,deepseek-v4-pro-0813-off,all-arms,dynamic,Omega_hat_StateLoad,237,160212370228497.03,0.95231872417927488,0.74496704972760242,0.99273052191016165
cumulative-state-load,deepseek-v4-pro-0813-off,all-arms,dynamic,Omega_hat_StateLoad,238,181439980630619.34,0.95233988420393634,0.74217851435753512,0.99284193523195541
cumulative-state-load,deepseek-v4-pro-0813-off,all-arms,dynamic,Omega_hat_StateLoad,239,205480179366224.44,0.95236103530793703,0.73936603043117666,0.9929518029731661
cumulative-state-load,glm-5.3-high,all-arms,dynamic,Omega_hat_StateLoad,0,24.999999999999993,0.17128046240767994,0.062470443266932664,0.39064444520671077
cumulative-state-load,glm-5.3-high,all-arms,dynamic,Omega_hat_StateLoad,1,28.312417507438298,0.17253944471502991,0.063442263630018828,0.39093344632225097
cumulative-state-load,glm-5.3-high,all-arms,dynamic,Omega_hat_StateLoad,2,32.063719404619953,0.17380574023145329,0.06442784060086458,0.39122379849535582
cumulative-state-load,glm-5.3-high,all-arms,dynamic,Omega_hat_StateLoad,3,36.312056424998055,0.17507936291123533,0.065427324945626739,0.39151552884876306
cumulative-state-load,glm-5.3-high,all-arms,dynamic,Omega_hat_StateLoad,4,41.12328408232807,0.17636032629421944,0.066440867594879952,0.39180866524114855
cumulative-state-load,glm-5.3-high,all-arms,dynamic,Omega_hat_StateLoad,5,46.571983528634576,0.17764864349932774,0.067468619581933023,0.39210323629147253
cumulative-state-load,glm-5.3-high,all-arms,dynamic,Omega_hat_StateLoad,6,52.742617672489672,0.17894432721807524,0.068510731978561168,0.392399271404265
cumulative-state-load,glm-5.3-high,all-arms,dynamic,Omega_hat_StateLoad,7,59.730840479148867,0.1802473897080781,0.069567355828079866,0.39269680079589431
cumulative-state-load,glm-5.3-high,all-arms,dynamic,Omega_hat_StateLoad,8,67.644979748634356,0.18155784278655848,0.070638642075685529,0.39299585552185834
cumulative-state-load,glm-5.3-high,all-arms,dynamic,Omega_hat_StateLoad,9,76.607716357021744,0.1828756978238473,0.071724741495985192,0.3932964675051468
cumulative-state-load,glm-5.3-high,all-arms,dynamic,Omega_hat_StateLoad,10,86.757985991656412,0.18420096573688685,0.072825804617636367,0.39359866956571909
cumulative-state-load,glm-5.3-high,all-arms,dynamic,Omega_hat_StateLoad,11,98.25313286001041,0.18553365698273486,0.073941981645015933,0.39390249545114847
cumulative-state-load,glm-5.3-high,all-arms,dynamic,Omega_hat_StateLoad,12,111.27134875785683,0.18687378155207174,0.075073422376835758,0.39420797986848433
cumulative-state-load,glm-5.3-high,all-arms,dynamic,Omega_hat_StateLoad,13,126.01443530592877,0.18822134896271311,0.07622027612161919,0.39451515851738567
cumulative-state-load,glm-5.3-high,all-arms,dynamic,Omega_hat_StateLoad,14,142.71093217382108,0.18957636825312957,0.077382691609952869,0.39482406812458487
cumulative-state-load,glm-5.3-high,all-arms,dynamic,Omega_hat_StateLoad,15,161.6196597832373,0.19093884797597468,0.078560816903423689,0.39513474647973928
cumulative-state-load,glm-5.3-high,all-arms,dynamic,Omega_hat_StateLoad,16,183.03373140772601,0.19230879619162444,0.079754799300150156,0.39544723247273439
cumulative-state-load,glm-5.3-high,all-arms,dynamic,Omega_hat_StateLoad,17,207.28509686239448,0.1936862204617292,0.080964785236815162,0.39576156613250385
cumulative-state-load,glm-5.3-high,all-arms,dynamic,Omega_hat_StateLoad,18,234.74968821751611,0.19507112784278038,0.082190920187103819,0.39607778866743537
cumulative-state-load,glm-5.3-high,all-arms,dynamic,Omega_hat_StateLoad,19,265.85324730221129,0.19646352487969368,0.083433348556448156,0.39639594250743437
cumulative-state-load,glm-5.3-high,all-arms,dynamic,Omega_hat_StateLoad,20,301.07792533313796,0.19786341759941159,0.084692213572978764,0.39671607134772119
cumulative-state-load,glm-5.3-high,all-arms,dynamic,Omega_hat_StateLoad,21,340.96975697220569,0.19927081150452636,0.085967657174579423,0.39703822019444118
cumulative-state-load,glm-5.3-high,all-arms,dynamic,Omega_hat_StateLoad,22,386.14712467227469,0.20068571156692583,0.087259819891938553,0.39736243541217192
cumulative-state-load,glm-5.3-high,all-arms,dynamic,Omega_hat_StateLoad,23,437.31034452073055,0.20210812222146449,0.08856884072748962,0.39768876477341225
cumulative-state-load,glm-5.3-high,all-arms,dynamic,Omega_hat_StateLoad,24,495.25252217570409,0.20353804735966186,0.089894857030128339,0.39801725751014794
cumulative-state-load,glm-5.3-high,all-arms,dynamic,Omega_hat_StateLoad,25,560.87184717801495,0.20497549032342982,0.091238004365591277,0.39834796436758824
cumulative-state-load,glm-5.3-high,all-arms,dynamic,Omega_hat_StateLoad,26,635.185516218884,0.20642045389883171,0.092598416382379478,0.39868093766017393
cumulative-state-load,glm-5.3-high,all-arms,dynamic,Omega_hat_StateLoad,27,719.34550119467121,0.20787294030987552,0.093976224673104555,0.39901623132996328
cumulative-state-load,glm-5.3-high,all-arms,dynamic,Omega_hat_StateLoad,28,814.65640647683915,0.20933295121234219,0.09537155863113346,0.39935390100750717
cumulative-state-load,glm-5.3-high,all-arms,dynamic,Omega_hat_StateLoad,29,922.59569221126492,0.21080048768765347,0.096784545302403768,0.3996940040753274
cumulative-state-load,glm-5.3-high,all-arms,dynamic,Omega_hat_StateLoad,30,1044.8365771379745,0.21227555023677894,0.098215309232276921,0.40003659973412359
cumulative-state-load,glm-5.3-high,all-arms,dynamic,Omega_hat_StateLoad,31,1183.2739759589249,0.21375813877418715,0.099663972307294832,0.40038174907183244
cumulative-state-load,glm-5.3-high,all-arms,dynamic,Omega_hat_StateLoad,32,1340.0538733214246,0.21524825262184105,0.10113065359169884,0.40072951513567656
cumulative-state-load,glm-5.3-high,all-arms,dynamic,Omega_hat_StateLoad,33,1517.6065897574397,0.21674589050324175,0.10261546915856837,0.40107996300734172
cumulative-state-load,glm-5.3-high,all-arms,dynamic,Omega_hat_StateLoad,34,1718.68445525009,0.21825105053752145,0.10411853191542945,0.40143315988142958
cumulative-state-load,glm-5.3-high,all-arms,dynamic,Omega_hat_StateLoad,35,1946.4044744233875,0.21976373023358919,0.10563995142418145,0.40178917514734064
cumulative-state-load,glm-5.3-high,all-arms,dynamic,Omega_hat_StateLoad,36,2204.29664472884,0.22128392648433146,0.10717983371518346,0.40214808047474859
cumulative-state-load,glm-5.3-high,all-arms,dynamic,Omega_hat_StateLoad,37,2496.3586766323347,0.22281163556086941,0.10873828109533822,0.40250994990283484
cumulative-state-load,glm-5.3-high,all-arms,dynamic,Omega_hat_StateLoad,38,2827.1179640452315,0.22434685310687616,0.11031539195000541,0.402874859933461
cumulative-state-load,glm-5.3-high,all-arms,dynamic,Omega_hat_StateLoad,39,3201.7017656331,0.2258895741329561,0.11191126053857155,0.40324288962846333
cumulative-state-load,glm-5.3-high,all-arms,dynamic,Omega_hat_StateLoad,40,3625.9166849162661,0.22743979301108871,0.11352597678349746,0.40361412071126429
cumulative-state-load,glm-5.3-high,all-arms,dynamic,Omega_hat_StateLoad,41,4106.3386812214403,0.22899750346913905,0.11515962605265927,0.40398863767300291
cumulative-state-load,glm-5.3-high,all-arms,dynamic,Omega_hat_StateLoad,42,4650.4150067874043,0.23056269858543862,0.1168122889347922,0.40436652788339533
cumulative-state-load,glm-5.3-high,all-arms,dynamic,Omega_hat_StateLoad,43,5266.5796502008579,0.23213537078343721,0.11848404100784181,0.40474788170654774
cumulative-state-load,glm-5.3-high,all-arms,dynamic,Omega_hat_StateLoad,44,5964.3840757065991,0.23371551182643047,0.12017495260001854,0.40513279262195184
cumulative-state-load,glm-5.3-high,all-arms,dynamic,Omega_hat_StateLoad,45,6754.6452850448659,0.2353031128123636,0.12188508854334741,0.40552135735090405
cumulative-state-load,glm-5.3-high,all-arms,dynamic,Omega_hat_StateLoad,46,7649.6134969936093,0.23689816416871534,0.12361450791949793,0.40591367598859796
cumulative-state-load,glm-5.3-high,all-arms,dynamic,Omega_hat_StateLoad,47,8663.1620438967238,0.23850065564746345,0.12536326379767013,0.40630985214215393
cumulative-state-load,glm-5.3-high,all-arms,dynamic,Omega_hat_StateLoad,48,9811.0024288558579,0.24011057632013616,0.12713140296430961,0.40670999307485611
cumulative-state-load,glm-5.3-high,all-arms,dynamic,Omega_hat_StateLoad,49,11110.927877290325,0.24172791457294956,0.12891896564441502,0.40711420985687935
cumulative-state-load,glm-5.3-high,all-arms,dynamic,Omega_hat_StateLoad,50,12583.08915827515,0.2433526581020358,0.13072598521419532,0.40752261752280061
cumulative-state-load,glm-5.3-high,all-arms,dynamic,Omega_hat_StateLoad,51,14250.306951296287,0.24498479390876324,0.13255248790482821,0.40793533523619813
cumulative-state-load,glm-5.3-high,all-arms,dynamic,Omega_hat_StateLoad,52,16138.425600570021,0.24662430829515186,0.13439849249706387,0.4083524864616549
cumulative-state-load,glm-5.3-high,all-arms,dynamic,Omega_hat_StateLoad,53,18276.713740642757,0.24827118685938634,0.13626401000641208,0.4087741991444902
cumulative-state-load,glm-5.3-high,all-arms,dynamic,Omega_hat_StateLoad,54,20698.318003560475,0.2499254144914288,0.13814904335864464,0.40920060589855634
cumulative-state-load,glm-5.3-high,all-arms,dynamic,Omega_hat_StateLoad,55,23440.77684074123,0.25158697536873498,0.14005358705534018,0.40963184420244658
cumulative-state-load,glm-5.3-high,all-arms,dynamic,Omega_hat_StateLoad,56,26546.602424550303,0.25325585295207481,0.14197762682919224,0.41006805660447054
cumulative-state-load,glm-5.3-high,all-arms,dynamic,Omega_hat_StateLoad,57,30063.939649913667,0.25493202998146164,0.14392113928879896,0.41050939093675926
cumulative-state-load,glm-5.3-high,all-arms,dynamic,Omega_hat_StateLoad,58,34047.312451471349,0.2566154884721914,0.14588409155264806,0.41095600053887493
cumulative-state-load,glm-5.3-high,all-arms,dynamic,Omega_hat_StateLoad,59,38558.469005290368,0.25830620971099438,0.14786644087200912,0.41140804449130208
cumulative-state-load,glm-5.3-high,all-arms,dynamic,Omega_hat_StateLoad,60,43667.338917015979,0.26000417425230338,0.14986813424244547,0.4118656878592068
cumulative-state-load,glm-5.3-high,all-arms,dynamic,Omega_hat_StateLoad,61,49453.117234294703,0.26170936191463878,0.15188910800365654,0.41232910194685113
cumulative-state-load,glm-5.3-high,all-arms,dynamic,Omega_hat_StateLoad,62,56005.492087265739,0.26342175177711469,0.15392928742736717,0.41279846456305386
cumulative-state-load,glm-5.3-high,all-arms,dynamic,Omega_hat_StateLoad,63,63426.034987367959,0.26514132217606784,0.15598858629298476,0.41327396029808716
cumulative-state-load,glm-5.3-high,all-arms,dynamic,Omega_hat_StateLoad,64,71829.775336149993,0.26686805070181185,0.15806690645075172,0.41375578081239645
cumulative-state-load,glm-5.3-high,all-arms,dynamic,Omega_hat_StateLoad,65,81346.983551302881,0.26860191419551971,0.16016413737213483,0.41424412513752235
cumulative-state-load,glm-5.3-high,all-arms,dynamic,Omega_hat_StateLoad,66,92125.190451008311,0.27034288874623619,0.16228015568720638,0.41473919998959685
cumulative-state-load,glm-5.3-high,all-arms,dynamic,Omega_hat_StateLoad,67,104331.47420004857,0.27209094968802294,0.1644148247087921,0.41524122009576564
cumulative-state-load,glm-5.3-high,all-arms,dynamic,Omega_hat_StateLoad,68,118155.05026873205,0.27384607159723923,0.16656799394318697,0.41575040853387479
cumulative-state-load,glm-5.3-high,all-arms,dynamic,Omega_hat_StateLoad,69,133810.20455282801,0.27560822828996001,0.16873949858726864,0.41626699708572762
cumulative-state-load,glm-5.3-high,all-arms,dynamic,Omega_hat_StateLoad,70,151539.61512221544,0.27737739281953327,0.17092915901187739,0.41679122660419071
cumulative-state-load,glm-5.3-high,all-arms,dynamic,Omega_hat_StateLoad,71,171618.11409026734,0.27915353747428073,0.17313678023137702,0.41732334739438265
cumulative-state-load,glm-5.3-high,all-arms,dynamic,Omega_hat_StateLoad,72,194356.94791851306,0.28093663377534162,0.175362151359364,0.41786361960913199
cumulative-state-load,glm-5.3-high,all-arms,dynamic,Omega_hat_StateLoad,73,220108.60219761523,0.28272665247466444,0.17760504505055838,0.41841231365883041
cumulative-state-load,glm-5.3-high,all-arms,dynamic,Omega_hat_StateLoad,74,249272.26569590121,0.28452356355314734,0.17986521692898463,0.41896971063573452
cumulative-state-load,glm-5.3-high,all-arms,dynamic,Omega_hat_StateLoad,75,282300.01837629767,0.28632733621892908,0.18214240500263953,0.4195361027526886
cumulative-state-load,glm-5.3-high,all-arms,dynamic,Omega_hat_StateLoad,76,319703.83930509043,0.28813793890583417,0.18443632906494867,0.42011179379613545
cumulative-state-load,glm-5.3-high,all-arms,dynamic,Omega_hat_StateLoad,77,362063.54308546719,0.28995533927197303,0.18674669008343145,0.42069709959317358
cumulative-state-load,glm-5.3-high,all-arms,dynamic,Omega_hat_StateLoad,78,410035.76784232468,0.29177950419850002,0.18907316957613443,0.42129234849227953
cumulative-state-load,glm-5.3-high,all-arms,dynamic,Omega_hat_StateLoad,79,464364.15408539743,0.29361039978853076,0.19141542897654934,0.42189788185716071
cumulative-state-load,glm-5.3-high,all-arms,dynamic,Omega_hat_StateLoad,80,525890.8722381671,0.29544799136622152,0.19377310898791555,0.4225140545730296
cumulative-state-load,glm-5.3-high,all-arms,dynamic,Omega_hat_StateLoad,81,595569.67752631637,0.29729224347601169,0.19614582892801152,0.42314123556438005
cumulative-state-load,glm-5.3-high,all-arms,dynamic,Omega_hat_StateLoad,82,674480.69459581818,0.29914311988203235,0.19853318606577547,0.42377980832312251
cumulative-state-load,glm-5.3-high,all-arms,dynamic,Omega_hat_StateLoad,83,763847.16104415117,0.301000583567682,0.2009347549513589,0.4244301714456703
cumulative-state-load,glm-5.3-high,all-arms,dynamic,Omega_hat_StateLoad,84,865054.38941413839,0.30286459673537142,0.20335008674151411,0.42509273917727158
cumulative-state-load,glm-5.3-high,all-arms,dynamic,Omega_hat_StateLoad,85,979671.24158941,0.30473512080643994,0.20577870852255262,0.42576794196155587
cumulative-state-load,glm-5.3-high,all-arms,dynamic,Omega_hat_StateLoad,86,1109474.4484763925,0.30661211642124386,0.20822012263348227,0.4264562269928876
cumulative-state-load,glm-5.3-high,all-arms,dynamic,Omega_hat_StateLoad,87,1256476.1519639383,0.30849554343942021,0.2106738059923457,0.4271580587687101
cumulative-state-load,glm-5.3-high,all-arms,dynamic,Omega_hat_StateLoad,88,1422955.0961016999,0.31038536094032576,0.21313920942924242,0.42787391963860549
cumulative-state-load,glm-5.3-high,all-arms,dynamic,Omega_hat_StateLoad,89,1611491.9510067319,0.3122815272236541,0.21561575703002273,0.42860431034628832
cumulative-state-load,glm-5.3-high,all-arms,dynamic,Omega_hat_StateLoad,90,1825009.3170711552,0.31418399981023187,0.21810284549519499,0.42934975056020269
cumulative-state-load,glm-5.3-high,all-arms,dynamic,Omega_hat_StateLoad,91,2066817.0295953348,0.3160927354429956,0.22059984351919634,0.43011077938777981
cumulative-state-load,glm-5.3-high,all-arms,dynamic,Omega_hat_StateLoad,92,2340663.4661354679,0.31800769008815027,0.22310609119583041,0.43088795586776441
cumulative-state-load,glm-5.3-high,all-arms,dynamic,Omega_hat_StateLoad,93,2650793.6519054002,0.31992881893651159,0.22562089945638716,0.43168185943430187
cumulative-state-load,glm-5.3-high,all-arms,dynamic,Omega_hat_StateLoad,94,3002015.0639525093,0.32185607640503289,0.22814354954771784,0.43249309034572342
cumulative-state-load,glm-5.3-high,all-arms,dynamic,Omega_hat_StateLoad,95,3399772.1541696996,0.32378941613851753,0.2306732925583434,0.43332227007015894
cumulative-state-load,glm-5.3-high,all-arms,dynamic,Omega_hat_StateLoad,96,3850230.7463606251,0.32572879101151875,0.23320934900152693,0.43417004161925166
cumulative-state-load,glm-5.3-high,all-arms,dynamic,Omega_hat_StateLoad,97,4360373.6156375101,0.32767415313042697,0.23575090846512653,0.43503706982036477
cumulative-state-load,glm-5.3-high,all-arms,dynamic,Omega_hat_StateLoad,98,4938108.7317738971,0.3296254538357466,0.238297129338959,0.43592404151675124
cumulative-state-load,glm-5.3-high,all-arms,dynamic,Omega_hat_StateLoad,99,5592391.8444443662,0.33158264370456292,0.24084713863133628,0.43683166568422321
cumulative-state-load,glm-5.3-high,all-arms,dynamic,Omega_hat_StateLoad,100,6333365.3106040712,0.33354567255319917,0.24340003188736734,0.43776067345192693
cumulative-state-load,glm-5.3-high,all-arms,dynamic,Omega_hat_StateLoad,101,7172515.316037979,0.33551448944006618,0.24595487322253068,0.4387118180139099
cumulative-state-load,glm-5.3-high,all-arms,dynamic,Omega_hat_StateLoad,102,8122849.9282465167,0.33748904266870339,0.24851069548589291,0.43968587441729273
cumulative-state-load,glm-5.3-high,all-arms,dynamic,Omega_hat_StateLoad,103,9199100.7407512218,0.33946927979101399,0.25106650056815161,0.44068363921205406
cumulative-state-load,glm-5.3-high,all-arms,dynamic,Omega_hat_StateLoad,104,10417951.234605337,0.34145514761069257,0.25362125987037731,0.44170592994673075
cumulative-state-load,glm-5.3-high,all-arms,dynamic,Omega_hat_StateLoad,105,11798295.397051137,0.34344659218684748,0.25617391494989072,0.44275358449377267
cumulative-state-load,glm-5.3-high,all-arms,dynamic,Omega_hat_StateLoad,106,13361530.606296001,0.34544355883781758,0.25872337836008763,0.44382746018790675
cumulative-state-load,glm-5.3-high,all-arms,dynamic,Omega_hat_StateLoad,107,15131889.322554696,0.34744599214518351,0.26126853470117301,0.44492843276071131
cumulative-state-load,glm-5.3-high,all-arms,dynamic,Omega_hat_StateLoad,108,17136814.727060642,0.34945383595797475,0.26380824189863311,0.44605739505472519
cumulative-state-load,glm-5.3-high,all-arms,dynamic,Omega_hat_StateLoad,109,19407386.132006321,0.35146703339707064,0.26634133272580907,0.44721525550087743
cumulative-state-load,glm-5.3-high,all-arms,dynamic,Omega_hat_StateLoad,110,21978800.755897231,0.35348552685979834,0.26886661658608135,0.44840293634386552
cumulative-state-load,glm-5.3-high,all-arms,dynamic,Omega_hat_StateLoad,111,24890919.332550567,0.35550925802472499,0.27138288156886992,0.4496213716014118
cumulative-state-load,glm-5.3-high,all-arms,dynamic,Omega_hat_StateLoad,112,28188884.011485554,0.35753816785664533,0.27388889679185718,0.4508715047451094
cumulative-state-load,glm-5.3-high,all-arms,dynamic,Omega_hat_StateLoad,113,31923818.128077231,0.35957219661176476,0.2763834150394916,0.45215428609291863
cumulative-state-load,glm-5.3-high,all-arms,dynamic,Omega_hat_StateLoad,114,36153618.690945983,0.36161128384307706,0.27886517570489533,0.45347066990628926
cumulative-state-load,glm-5.3-high,all-arms,dynamic,Omega_hat_StateLoad,115,40943853.871311486,0.36365536840593682,0.28133290803874811,0.45482161118843417
cumulative-state-load,glm-5.3-high,all-arms,dynamic,Omega_hat_StateLoad,116,46368779.406724684,0.36570438846382558,0.28378533470454415,0.4562080621844406
cumulative-state-load,glm-5.3-high,all-arms,dynamic,Omega_hat_StateLoad,117,52512489.674939841,0.36775828149431172,0.28622117563482746,0.4576309685886838
cumulative-state-load,glm-5.3-high,all-arms,dynamic,Omega_hat_StateLoad,118,59470221.28127756,0.36981698429520421,0.28863915217763225,0.45909126547038354
cumulative-state-load,glm-5.3-high,all-arms,dynamic,Omega_hat_StateLoad,119,67349829.367010877,0.37188043299089707,0.29103799151645959,0.4605898729340171
cumulative-state-load,glm-5.3-high,all-arms,dynamic,Omega_hat_StateLoad,120,76273459.523741603,0.37394856303890689,0.29341643134079809,0.46212769153762234
cumulative-state-load,glm-5.3-high,all-arms,dynamic,Omega_hat_StateLoad,121,86379441.230914906,0.37602130923660038,0.29577322473756684,0.46370559749863943
cumulative-state-load,glm-5.3-high,all-arms,dynamic,Omega_hat_StateLoad,122,97824432.167555675,0.37809860572811166,0.29810714526709364,0.46532443772369042
cumulative-state-load,glm-5.3-high,all-arms,dynamic,Omega_hat_StateLoad,123,110785846.63823649,0.3801803860114486,0.30041699218051793,0.46698502470541009
cumulative-state-load,glm-5.3-high,all-arms,dynamic,Omega_hat_StateLoad,124,125464605.7574712,0.38226658294578647,0.30270159572905547,0.46868813133587889
cumulative-state-load,glm-5.3-high,all-arms,dynamic,Omega_hat_StateLoad,125,142088252.02446681,0.38435712875894823,0.3049598225096114,0.47043448569214563
cumulative-state-load,glm-5.3-high,all-arms,dynamic,Omega_hat_StateLoad,126,160914476.56875312,0.3864519550550698,0.30719058078603789,0.47222476585450857
cumulative-state-load,glm-5.3-high,all-arms,dynamic,Omega_hat_StateLoad,127,182235113.74421734,0.38855099282244876,0.30939282572114618,0.4740595948223898
cumulative-state-load,glm-5.3-high,all-arms,dynamic,Omega_hat_StateLoad,128,206380664.99367148,0.39065417244157596,0.31156556445165062,0.47593953559556351
cumulative-state-load,glm-5.3-high,all-arms,dynamic,Omega_hat_StateLoad,129,233725422.11054322,0.3927614236933471,0.31370786093675079,0.4778650864899528
cumulative-state-load,glm-5.3-high,all-arms,dynamic,Omega_hat_StateLoad,130,264693269.31583792,0.39487267576745377,0.31581884051122455,0.47983667675702746
cumulative-state-load,glm-5.3-high,all-arms,dynamic,Omega_hat_StateLoad,131,299764254.09115303,0.39698785727095126,0.31789769407583263,0.48185466257389953
cumulative-state-load,glm-5.3-high,all-arms,dynamic,Omega_hat_StateLoad,132,339482028.62538159,0.39910689623700218,0.31994368186157401,0.48391932346745437
cumulative-state-load,glm-5.3-high,all-arms,dynamic,Omega_hat_StateLoad,133,384462277.22855681,0.40122972013379354,0.32195613670987072,0.48603085923030787
cumulative-state-load,glm-5.3-high,all-arms,dynamic,Omega_hat_StateLoad,134,435402260.35021538,0.40335625587362522,0.32393446681799326,0.48818938737912865
cumulative-state-load,glm-5.3-high,all-arms,dynamic,Omega_hat_StateLoad,135,493091623.14870566,0.40548642982216726,0.32587815790780345,0.49039494119708982
cumulative-state-load,glm-5.3-high,all-arms,dynamic,Omega_hat_StateLoad,136,558424636.16026437,0.40762016780788568,0.32778677478592727,0.49264746839216295
cumulative-state-load,glm-5.3-high,all-arms,dynamic,Omega_hat_StateLoad,137,632414057.81634903,0.40975739513163162,0.32965996227448058,0.49494683039194326
cumulative-state-load,glm-5.3-high,all-arms,dynamic,Omega_hat_StateLoad,138,716206833.69878757,0.41189803657639429,0.33149744550308868,0.49729280228406758
cumulative-state-load,glm-5.3-high,all-arms,dynamic,Omega_hat_StateLoad,139,811101875.89441991,0.41404201641721339,0.33329902956478291,0.49968507339942553
cumulative-state-load,glm-5.3-high,all-arms,dynamic,Omega_hat_StateLoad,140,918570198.05556846,0.41618925843124954,0.3350645985500294,0.50212324852368573
cumulative-state-load,glm-5.3-high,all-arms,dynamic,Omega_hat_StateLoad,141,1040277718.2895838,0.41833968590800896,0.33679411398425541,0.5046068497115338
cumulative-state-load,glm-5.3-high,all-arms,dynamic,Omega_hat_StateLoad,142,1178111083.3559988,0.42049322165972131,0.33848761270443928,0.5071353186678057
cumulative-state-load,glm-5.3-high,all-arms,dynamic,Omega_hat_StateLoad,143,1334206914.4846187,0.42264978803186665,0.3401452042193151,0.50970801965070833
cumulative-state-load,glm-5.3-high,all-arms,dynamic,Omega_hat_StateLoad,144,1510984928.1679814,0.42480930691384933,0.34176706760526165,0.51232424284478184
cumulative-state-load,glm-5.3-high,all-arms,dynamic,Omega_hat_StateLoad,145,1711185445.3495414,0.42697169974981536,0.34335344799583695,0.51498320814536258
cumulative-state-load,glm-5.3-high,all-arms,dynamic,Omega_hat_StateLoad,146,1937911870.4555225,0.42913688754961049,0.34490465272708593,0.5176840692921294
cumulative-state-load,glm-5.3-high,all-arms,dynamic,Omega_hat_StateLoad,147,2194678798.7582965,0.43130479089987639,0.3464210472031618,0.52042591828688667
cumulative-state-load,glm-5.3-high,all-arms,dynamic,Omega_hat_StateLoad,148,2485466497.8067212,0.43347532997528126,0.34790305054752629,0.52320779003001339
cumulative-state-load,glm-5.3-high,all-arms,dynamic,Omega_hat_StateLoad,149,2814782607.4661736,0.43564842454988151,0.34935113110413485,0.52602866711085072
cumulative-state-load,glm-5.3-high,all-arms,dynamic,Omega_hat_StateLoad,150,3187732015.0103235,0.43782399400861166,0.35076580185073036,0.5288874846895778
cumulative-state-load,glm-5.3-high,all-arms,dynamic,Omega_hat_StateLoad,151,3610095988.4320011,0.44000195735889902,0.3521476157828845,0.5317831354116066
cumulative-state-load,glm-5.3-high,all-arms,dynamic,Omega_hat_StateLoad,152,4088421794.6565967,0.44218223324239952,0.35349716132292586,0.53471447430001151
cumulative-state-load,glm-5.3-high,all-arms,dynamic,Omega_hat_StateLoad,153,4630124191.8731194,0.44436473994685094,0.35481505780266986,0.53768032357673734
cumulative-state-load,glm-5.3-high,all-arms,dynamic,Omega_hat_StateLoad,154,5243600369.264082,0.44654939541804095,0.35610195106308873,0.54067947736909372
cumulative-state-load,glm-5.3-high,all-arms,dynamic,Omega_hat_StateLoad,155,5938360115.870491,0.44873611727188545,0.35735850920801532,0.54371070626408746
cumulative-state-load,glm-5.3-high,all-arms,dynamic,Omega_hat_StateLoad,156,6725173236.4017982,0.45092482280661372,0.35858541854281478,0.54677276167929945
cumulative-state-load,glm-5.3-high,all-arms,dynamic,Omega_hat_StateLoad,157,7616236499.1543064,0.45311542901505636,0.35978337972290081,0.54986438002506699
cumulative-state-load,glm-5.3-high,all-arms,dynamic,Omega_hat_StateLoad,158,8625362703.9778748,0.45530785259703388,0.36095310413113707,0.55298428663856591
cumulative-state-load,glm-5.3-high,all-arms,dynamic,Omega_hat_StateLoad,159,9768194801.1243382,0.45750200997183865,0.36209531049769628,0.55613119947585421
cumulative-state-load,glm-5.3-high,all-arms,dynamic,Omega_hat_StateLoad,160,11062448380.136814,0.45969781729081077,0.3632107217709189,0.55930383255296723
cumulative-state-load,glm-5.3-high,all-arms,dynamic,Omega_hat_StateLoad,161,12528186287.716778,0.46189519044999955,0.36430006224318523,0.56250089913168555
cumulative-state-load,glm-5.3-high,all-arms,dynamic,Omega_hat_StateLoad,162,14188129631.552031,0.46409404510291002,0.36536405493184038,0.56572111464956476
cumulative-state-load,glm-5.3-high,all-arms,dynamic,Omega_hat_StateLoad,163,16068009991.126307,0.466294296673328,0.36640341921177122,0.56896319939726858
cumulative-state-load,glm-5.3-high,all-arms,dynamic,Omega_hat_StateLoad,164,18196968295.298309,0.46849586036822155,0.36741886869336438,0.57222588094910842
cumulative-state-load,glm-5.3-high,all-arms,dynamic,Omega_hat_StateLoad,165,20608006549.844135,0.47069865119071291,0.36841110933720739,0.57550789635506894
cumulative-state-load,glm-5.3-high,all-arms,dynamic,Omega_hat_StateLoad,166,23338499417.408398,0.47290258395311796,0.3693808377950446,0.5788079941044515
cumulative-state-load,glm-5.3-high,all-arms,dynamic,Omega_hat_StateLoad,167,26430773580.110874,0.47510757329004827,0.37032873996508625,0.58212493587268244
cumulative-state-load,glm-5.3-high,all-arms,dynamic,Omega_hat_StateLoad,168,29932763865.786736,0.47731353367157275,0.37125548974877054,0.58545749806384162
cumulative-state-load,glm-5.3-high,all-arms,dynamic,Omega_hat_StateLoad,169,33898756308.788662,0.47952037941643244,0.37216174799544499,0.58880447316210049
cumulative-state-load,glm-5.3-high,all-arms,dynamic,Omega_hat_StateLoad,170,38390229663.893478,0.4817280247053059,0.37304816162110266,0.59216467090560021
cumulative-state-load,glm-5.3-high,all-arms,dynamic,Omega_hat_StateLoad,171,43476808418.023773,0.48393638359412045,0.37391536288724936,0.59553691929636288
cumulative-state-load,glm-5.3-high,all-arms,dynamic,Omega_hat_StateLoad,172,49237342072.879868,0.48614537002740432,0.37476396882613816,0.59892006545968135
cumulative-state-load,glm-5.3-high,all-arms,dynamic,Omega_hat_StateLoad,173,55761127428.957268,0.48835489785167674,0.37559458079894092,0.60231297636610237
cumulative-state-load,glm-5.3-high,all-arms,dynamic,Omega_hat_StateLoad,174,63149292818.164284,0.49056488082886834,0.37640778417390774,0.60571453942864861
cumulative-state-load,glm-5.3-high,all-arms,dynamic,Omega_hat_StateLoad,175,71516365742.693665,0.49277523264977258,0.37720414811214653,0.60912366298735388
cumulative-state-load,glm-5.3-high,all-arms,dynamic,Omega_hat_StateLoad,176,80992048220.871994,0.49498586694751839,0.37798422544931581,0.6125392766925305
cumulative-state-load,glm-5.3-high,all-arms,dynamic,Omega_hat_StateLoad,177,91723227360.476089,0.4971966973110627,0.37874855266223989,0.61596033179748844
cumulative-state-load,glm-5.3-high,all-arms,dynamic,Omega_hat_StateLoad,178,103876252326.37943,0.49940763729869869,0.3794976499101958,0.6193858013706901
cumulative-state-load,glm-5.3-high,all-arms,dynamic,Omega_hat_StateLoad,179,117639512998.89848,0.50161860045157236,0.38023202114137439,0.62281468043658617
cumulative-state-load,glm-5.3-high,all-arms,dynamic,Omega_hat_StateLoad,180,133226360295.8611,0.5038295003072063,0.38095215425577605,0.62624598605363224
cumulative-state-load,glm-5.3-high,all-arms,dynamic,Omega_hat_StateLoad,181,150878413427.71277,0.50604025041302414,0.3816585213165361,0.62967875733726053
cumulative-state-load,glm-5.3-high,all-arms,dynamic,Omega_hat_StateLoad,182,170869305353.01147,0.50825076433987115,0.38235157880238857,0.63311205543488203
cumulative-state-load,glm-5.3-high,all-arms,dynamic,Omega_hat_StateLoad,183,193508924494.41779,0.51046095569552863,0.38303176789466947,0.63654496345931333
cumulative-state-load,glm-5.3-high,all-arms,dynamic,Omega_hat_StateLoad,184,219148218468.05231,0.51267073813821373,0.38369951479289871,0.63997658638639821
cumulative-state-load,glm-5.3-high,all-arms,dynamic,Omega_hat_StateLoad,185,248184634291.15179,0.51488002539006494,0.38435523105360697,0.64340605092197867
cumulative-state-load,glm-5.3-high,all-arms,dynamic,Omega_hat_StateLoad,186,281068279399.27899,0.51708873125060462,0.38499931394763265,0.64683250534282721
cumulative-state-load,glm-5.3-high,all-arms,dynamic,Omega_hat_StateLoad,187,318308898977.9881,0.51929676961017635,0.38563214683165159,0.6502551193156233
cumulative-state-load,glm-5.3-high,all-arms,dynamic,Omega_hat_StateLoad,188,360483777767.9118,0.52150405446335268,0.38625409953019513,0.65367308369758426
cumulative-state-load,glm-5.3-high,all-arms,dynamic,Omega_hat_StateLoad,189,408246688832.94879,0.52371049992230734,0.3868655287248518,0.6570856103219278
cumulative-state-load,glm-5.3-high,all-arms,dynamic,Omega_hat_StateLoad,190,462338028010.70764,0.52591602023014927,0.38746677834777404,0.66049193177093746
cumulative-state-load,glm-5.3-high,all-arms,dynamic,Omega_hat_StateLoad,191,523596291144.19409,0.52812052977421298,0.38805817997697223,0.66389130113905004
cumulative-state-load,glm-5.3-high,all-arms,dynamic,Omega_hat_StateLoad,192,592971072008.82837,0.53032394309930142,0.38864005323122375,0.66728299178805528
cumulative-state-load,glm-5.3-high,all-arms,dynamic,Omega_hat_StateLoad,193,671537782421.88806,0.53252617492087595,0.38921270616273063,0.6706662970962044
cumulative-state-load,glm-5.3-high,all-arms,dynamic,Omega_hat_StateLoad,194,760514322717.90979,0.53472714013819178,0.3897764356459324,0.67404053020276755
cumulative-state-load,glm-5.3-high,all-arms,dynamic,Omega_hat_StateLoad,195,861279961007.04492,0.53692675384737043,0.39033152776112434,0.67740502374934453
cumulative-state-load,glm-5.3-high,all-arms,dynamic,Omega_hat_StateLoad,196,975396713872.86499,0.53912493135440887,0.39087825817175759,0.68075912961902718
cumulative-state-load,glm-5.3-high,all-arms,dynamic,Omega_hat_StateLoad,197,1104633559942.075,0.54132158818812004,0.39141689249448269,0.68410221867433252
cumulative-state-load,glm-5.3-high,all-arms,dynamic,Omega_hat_StateLoad,198,1250993861672.3154,0.54351664011299772,0.39194768666118018,0.68743368049466547
cumulative-state-load,glm-5.3-high,all-arms,dynamic,Omega_hat_StateLoad,199,1416746420436.3638,0.54571000314200679,0.39247088727236784,0.69075292311392711
cumulative-state-load,glm-5.3-high,all-arms,dynamic,Omega_hat_StateLoad,200,1604460646302.5212,0.54790159354929091,0.39298673194150918,0.69405937275876961
cumulative-state-load,glm-5.3-high,all-arms,dynamic,Omega_hat_StateLoad,201,1817046387694.8501,0.55009132788279391,0.39349544962986688,0.69735247358788777
cumulative-state-load,glm-5.3-high,all-arms,dynamic,Omega_hat_StateLoad,202,2057799038351.9771,0.55227912297679305,0.39399726097164411,0.70063168743265158
cumulative-state-load,glm-5.3-high,all-arms,dynamic,Omega_hat_StateLoad,203,2330450620809.0474,0.55446489596433823,0.39449237858924879,0.70389649353930483
cumulative-state-load,glm-5.3-high,all-arms,dynamic,Omega_hat_StateLoad,204,2639227638272.5801,0.55664856428959431,0.39498100739858594,0.70714638831289023
cumulative-state-load,glm-5.3-high,all-arms,dynamic,Omega_hat_StateLoad,205,2988916591677.7441,0.55883004572008133,0.39546334490435808,0.71038088506300667
cumulative-state-load,glm-5.3-high,all-arms,dynamic,Omega_hat_StateLoad,206,3384938177539.5894,0.5610092583588111,0.39593958148540098,0.71359951375145936
cumulative-state-load,glm-5.3-high,all-arms,dynamic,Omega_hat_StateLoad,207,3833431316774.7251,0.56318612065631468,0.39640990067013626,0.71680182074182319
cumulative-state-load,glm-5.3-high,all-arms,dynamic,Omega_hat_StateLoad,208,4341348317064.5972,0.56536055142255726,0.39687447940225595,0.71998736855091661
cumulative-state-load,glm-5.3-high,all-arms,dynamic,Omega_hat_StateLoad,209,4916562643917.8984,0.56753246983873773,0.3973334882967961,0.72315573560214741
cumulative-state-load,glm-5.3-high,all-arms,dynamic,Omega_hat_StateLoad,210,5567990971043.127,0.56970179546896849,0.3977870918867743,0.72630651598068507
cumulative-state-load,glm-5.3-high,all-arms,dynamic,Omega_hat_StateLoad,211,6305731401992.79,0.57186844827183259,0.3982354488605957,0.72943931919039395
cumulative-state-load,glm-5.3-high,all-arms,dynamic,Omega_hat_StateLoad,212,7141220005719.3965,0.57403234861181485,0.39867871229044727,0.73255376991245036
cumulative-state-load,glm-5.3-high,all-arms,dynamic,Omega_hat_StateLoad,213,8087408092575.9355,0.57619341727060291,0.39911702985191272,0.73564950776556703
cumulative-state-load,glm-5.3-high,all-arms,dynamic,Omega_hat_StateLoad,214,9158962978801.8008,0.57835157545825566,0.39955054403505519,0.73872618706773663
cumulative-state-load,glm-5.3-high,all-arms,dynamic,Omega_hat_StateLoad,215,10372495351640.289,0.5805067448242357,0.39997939234721547,0.74178347659940957
cumulative-state-load,glm-5.3-high,all-arms,dynamic,Omega_hat_StateLoad,216,11746816759584.111,0.58265884746830288,0.40040370750778781,0.74482105936802512
cumulative-state-load,glm-5.3-high,all-arms,dynamic,Omega_hat_StateLoad,217,13303231219228.748,0.58480780595126514,0.40082361763522911,0.74783863237380777
cumulative-state-load,glm-5.3-high,all-arms,dynamic,Omega_hat_StateLoad,218,15065865459071.664,0.58695354330558491,0.40123924642656394,0.75083590637675801
cumulative-state-load,glm-5.3-high,all-arms,dynamic,Omega_hat_StateLoad,219,17062042919525.213,0.58909598304583644,0.40165071332964586,0.75381260566475983
cumulative-state-load,glm-5.3-high,all-arms,dynamic,Omega_hat_StateLoad,220,19322707306697.164,0.59123504917901382,0.40205813370843374,0.7567684678227421
cumulative-state-load,glm-5.3-high,all-arms,dynamic,Omega_hat_StateLoad,221,21882902265649.543,0.59337066621468326,0.40246161900153588,0.75970324350283402
cumulative-state-load,glm-5.3-high,all-arms,dynamic,Omega_hat_StateLoad,222,24782314608781.605,0.5955027591749823,0.40286127687427636,0.76261669619546013
cumulative-state-load,glm-5.3-high,all-arms,dynamic,Omega_hat_StateLoad,223,28065889520180.477,0.59763125360445635,0.40325721136452897,0.76550860200133297
cumulative-state-load,glm-5.3-high,all-arms,dynamic,Omega_hat_StateLoad,224,31784527272519.461,0.59975607557973742,0.40364952302255735,0.76837874940430795
cumulative-state-load,glm-5.3-high,all-arms,dynamic,Omega_hat_StateLoad,225,35995872256645.188,0.6018771517190572,0.40403830904510157,0.77122693904506601
cumulative-state-load,glm-5.3-high,all-arms,dynamic,Omega_hat_StateLoad,226,40765206554982.133,0.60399440919159508,0.40442366340393487,0.77405298349560969
cumulative-state-load,glm-5.3-high,all-arms,dynamic,Omega_hat_StateLoad,227,46166461910464.57,0.60610777572665708,0.40480567696911662,0.77685670703455367
cumulative-state-load,glm-5.3-high,all-arms,dynamic,Omega_hat_StateLoad,228,52283365778012.797,0.6082171796226854,0.40518443762715634,0.77963794542320752
cumulative-state-load,glm-5.3-high,all-arms,dynamic,Omega_hat_StateLoad,229,59210739224048.375,0.61032254975609512,0.40556003039429545,0.78239654568244987
cumulative-state-load,glm-5.3-high,all-arms,dynamic,Omega_hat_StateLoad,230,67055966793412.406,0.6124238155899363,0.40593253752511232,0.78513236587040347
cumulative-state-load,glm-5.3-high,all-arms,dynamic,Omega_hat_StateLoad,231,75940661128800.391,0.61452090718237984,0.40630203861664288,0.78784527486092337
cumulative-state-load,glm-5.3-high,all-arms,dynamic,Omega_hat_StateLoad,232,86002548146779.891,0.61661375519502581,0.40666861070820409,0.79053515212292302
cumulative-state-load,glm-5.3-high,all-arms,dynamic,Omega_hat_StateLoad,233,97397601993407.797,0.61870229090103157,0.40703232837710496,0.79320188750056042
cumulative-state-load,glm-5.3-high,all-arms,dynamic,Omega_hat_StateLoad,234,110302462874426.61,0.62078644619305856,0.40739326383041535,0.79584538099432034
cumulative-state-load,glm-5.3-high,all-arms,dynamic,Omega_hat_StateLoad,235,124917175239979.11,0.62286615359103614,0.40775148699296104,0.79846554254302704
cumulative-state-load,glm-5.3-high,all-arms,dynamic,Omega_hat_StateLoad,236,141468288769764.84,0.62494134624974118,0.40810706559170967,0.80106229180682853
cumulative-state-load,glm-5.3-high,all-arms,dynamic,Omega_hat_StateLoad,237,160212370228497.03,0.62701195796619147,0.40846006523669509,0.80363555795120079
cumulative-state-load,glm-5.3-high,all-arms,dynamic,Omega_hat_StateLoad,238,181439980630619.34,0.62907792318685352,0.40881054949863582,0.80618527943201901
cumulative-state-load,glm-5.3-high,all-arms,dynamic,Omega_hat_StateLoad,239,205480179366224.44,0.63113917701466027,0.40915857998338484,0.80871140378174611
cumulative-state-load,gpt-5.6-sol-high,all-arms,dynamic,Omega_hat_StateLoad,0,24.999999999999993,0.16431407369287135,0.054438682672850604,0.4017346485236582
cumulative-state-load,gpt-5.6-sol-high,all-arms,dynamic,Omega_hat_StateLoad,1,28.312417507438298,0.16482243922994513,0.055055914284640885,0.40064587190511264
cumulative-state-load,gpt-5.6-sol-high,all-arms,dynamic,Omega_hat_StateLoad,2,32.063719404619953,0.16533206641578102,0.055679405185618182,0.39955956674869597
cumulative-state-load,gpt-5.6-sol-high,all-arms,dynamic,Omega_hat_StateLoad,3,36.312056424998055,0.16584295645606539,0.056309199064305489,0.39847576934272161
cumulative-state-load,gpt-5.6-sol-high,all-arms,dynamic,Omega_hat_StateLoad,4,41.12328408232807,0.1663551105451587,0.056945339301499115,0.39739451656544439
cumulative-state-load,gpt-5.6-sol-high,all-arms,dynamic,Omega_hat_StateLoad,5,46.571983528634576,0.16686852986601383,0.057587868943654065,0.39631584590593605
cumulative-state-load,gpt-5.6-sol-high,all-arms,dynamic,Omega_hat_StateLoad,6,52.742617672489672,0.16738321559009442,0.058236830675239361,0.39523979548578386
cumulative-state-load,gpt-5.6-sol-high,all-arms,dynamic,Omega_hat_StateLoad,7,59.730840479148867,0.16789916887729311,0.058892266790023483,0.39416640408164172
cumulative-state-load,gpt-5.6-sol-high,all-arms,dynamic,Omega_hat_StateLoad,8,67.644979748634356,0.16841639087584975,0.059554219161249915,0.39309571114867636
cumulative-state-load,gpt-5.6-sol-high,all-arms,dynamic,Omega_hat_StateLoad,9,76.607716357021744,0.16893488272226925,0.060222729210660221,0.39202775684494207
cumulative-state-load,gpt-5.6-sol-high,all-arms,dynamic,Omega_hat_StateLoad,10,86.757985991656412,0.16945464554123987,0.060897837876320776,0.39096258205672824
cumulative-state-load,gpt-5.6-sol-high,all-arms,dynamic,Omega_hat_StateLoad,11,98.25313286001041,0.16997568044555078,0.061579585579206945,0.38990022842491778
cumulative-state-load,gpt-5.6-sol-high,all-arms,dynamic,Omega_hat_StateLoad,12,111.27134875785683,0.17049798853601017,0.062268012188497125,0.38884073837240429
cumulative-state-load,gpt-5.6-sol-high,all-arms,dynamic,Omega_hat_StateLoad,13,126.01443530592877,0.17102157090136266,0.062963156985526125,0.38778415513261105
cumulative-state-load,gpt-5.6-sol-high,all-arms,dynamic,Omega_hat_StateLoad,14,142.71093217382108,0.17154642861820735,0.06366505862634593,0.38673052277916298
cumulative-state-load,gpt-5.6-sol-high,all-arms,dynamic,Omega_hat_StateLoad,15,161.6196597832373,0.17207256275091509,0.064373755102839339,0.38567988625675931
cumulative-state-load,gpt-5.6-sol-high,all-arms,dynamic,Omega_hat_StateLoad,16,183.03373140772601,0.17259997435154611,0.065089283702329359,0.38463229141330219
cumulative-state-load,gpt-5.6-sol-high,all-arms,dynamic,Omega_hat_StateLoad,17,207.28509686239448,0.17312866445976774,0.065811680965625452,0.38358778503333613
cumulative-state-load,gpt-5.6-sol-high,all-arms,dynamic,Omega_hat_StateLoad,18,234.74968821751611,0.1736586341027713,0.066540982643443616,0.38254641487285612
cumulative-state-load,gpt-5.6-sol-high,all-arms,dynamic,Omega_hat_StateLoad,19,265.85324730221129,0.17418988429519008,0.067277223651136794,0.38150822969554499
cumulative-state-load,gpt-5.6-sol-high,all-arms,dynamic,Omega_hat_StateLoad,20,301.07792533313796,0.17472241603901609,0.068020438021666865,0.38047327931050512
cumulative-state-load,gpt-5.6-sol-high,all-arms,dynamic,Omega_hat_StateLoad,21,340.96975697220569,0.17525623032351778,0.068770658856748032,0.37944161461155135
cumulative-state-load,gpt-5.6-sol-high,all-arms,dynamic,Omega_hat_StateLoad,22,386.14712467227469,0.17579132812515688,0.069527918276087869,0.37841328761813214
cumulative-state-load,gpt-5.6-sol-high,all-arms,dynamic,Omega_hat_StateLoad,23,437.31034452073055,0.17632771040750589,0.070292247364648675,0.3773883515179573
cumulative-state-load,gpt-5.6-sol-high,all-arms,dynamic,Omega_hat_StateLoad,24,495.25252217570409,0.17686537812116504,0.071063676117848432,0.37636686071140463
cumulative-state-load,gpt-5.6-sol-high,all-arms,dynamic,Omega_hat_StateLoad,25,560.87184717801495,0.17740433220367943,0.071842233384617774,0.37534887085778867
cumulative-state-load,gpt-5.6-sol-high,all-arms,dynamic,Omega_hat_StateLoad,26,635.185516218884,0.17794457357945617,0.072627946808224306,0.3743344389235746
cumulative-state-load,gpt-5.6-sol-high,all-arms,dynamic,Omega_hat_StateLoad,27,719.34550119467121,0.17848610315968144,0.073420842764772787,0.37332362323262658
cumulative-state-load,gpt-5.6-sol-high,all-arms,dynamic,Omega_hat_StateLoad,28,814.65640647683915,0.1790289218422374,0.074220946299285426,0.37231648351858138
cumulative-state-load,gpt-5.6-sol-high,all-arms,dynamic,Omega_hat_StateLoad,29,922.59569221126492,0.17957303051161927,0.075028281059260946,0.37131308097944604
cumulative-state-load,gpt-5.6-sol-high,all-arms,dynamic,Omega_hat_StateLoad,30,1044.8365771379745,0.18011843003885253,0.07584286922560933,0.37031347833451922
cumulative-state-load,gpt-5.6-sol-high,all-arms,dynamic,Omega_hat_StateLoad,31,1183.2739759589249,0.18066512128140963,0.076664731440850939,0.3693177398837435
cumulative-state-load,gpt-5.6-sol-high,all-arms,dynamic,Omega_hat_StateLoad,32,1340.0538733214246,0.18121310508312702,0.077493886734467166,0.36832593156959831
cumulative-state-load,gpt-5.6-sol-high,all-arms,dynamic,Omega_hat_StateLoad,33,1517.6065897574397,0.18176238227412231,0.078330352445282456,0.36733812104165148
cumulative-state-load,gpt-5.6-sol-high,all-arms,dynamic,Omega_hat_StateLoad,34,1718.68445525009,0.18231295367071118,0.079174144140753411,0.36635437772388857
cumulative-state-load,gpt-5.6-sol-high,all-arms,dynamic,Omega_hat_StateLoad,35,1946.4044744233875,0.18286482007532423,0.080025275533034582,0.36537477288494907
cumulative-state-load,gpt-5.6-sol-high,all-arms,dynamic,Omega_hat_StateLoad,36,2204.29664472884,0.18341798227642422,0.08088375839168549,0.36439937971140063
cumulative-state-load,gpt-5.6-sol-high,all-arms,dynamic,Omega_hat_StateLoad,37,2496.3586766323347,0.18397244104842284,0.081749602452876866,0.36342827338419115
cumulative-state-load,gpt-5.6-sol-high,all-arms,dynamic,Omega_hat_StateLoad,38,2827.1179640452315,0.18452819715159802,0.082622815324948737,0.36246153115842356
cumulative-state-load,gpt-5.6-sol-high,all-arms,dynamic,Omega_hat_StateLoad,39,3201.7017656331,0.18508525133201062,0.083503402390166001,0.36149923244660265
cumulative-state-load,gpt-5.6-sol-high,all-arms,dynamic,Omega_hat_StateLoad,40,3625.9166849162661,0.18564360432142196,0.084391366702510823,0.36054145890551598
cumulative-state-load,gpt-5.6-sol-high,all-arms,dynamic,Omega_hat_StateLoad,41,4106.3386812214403,0.18620325683721051,0.085286708881345291,0.35958829452690849
cumulative-state-load,gpt-5.6-sol-high,all-arms,dynamic,Omega_hat_StateLoad,42,4650.4150067874043,0.18676420958228931,0.086189427000769273,0.35863982573212722
cumulative-state-load,gpt-5.6-sol-high,all-arms,dynamic,Omega_hat_StateLoad,43,5266.5796502008579,0.18732646324502303,0.087099516474493155,0.35769614147091106
cumulative-state-load,gpt-5.6-sol-high,all-arms,dynamic,Omega_hat_StateLoad,44,5964.3840757065991,0.18789001849914527,0.088016969936036818,0.35675733332451476
cumulative-state-load,gpt-5.6-sol-high,all-arms,dynamic,Omega_hat_StateLoad,45,6754.6452850448659,0.18845487600367572,0.088941777114058845,0.35582349561335863
cumulative-state-load,gpt-5.6-sol-high,all-arms,dynamic,Omega_hat_StateLoad,46,7649.6134969936093,0.18902103640283749,0.089873924702613323,0.35489472550940682
cumulative-state-load,gpt-5.6-sol-high,all-arms,dynamic,Omega_hat_StateLoad,47,8663.1620438967238,0.1895885003259748,0.090813396226123694,0.35397112315348161
cumulative-state-load,gpt-5.6-sol-high,all-arms,dynamic,Omega_hat_StateLoad,48,9811.0024288558579,0.19015726838746982,0.091760171898854728,0.35305279177773141
cumulative-state-load,gpt-5.6-sol-high,all-arms,dynamic,Omega_hat_StateLoad,49,11110.927877290325,0.19072734118666085,0.092714228478657609,0.35213983783347647
cumulative-state-load,gpt-5.6-sol-high,all-arms,dynamic,Omega_hat_StateLoad,50,12583.08915827515,0.19129871930775927,0.093675539114754514,0.35123237112466321
cumulative-state-load,gpt-5.6-sol-high,all-arms,dynamic,Omega_hat_StateLoad,51,14250.306951296287,0.19187140331976765,0.094644073189321762,0.35033050494717
cumulative-state-load,gpt-5.6-sol-high,all-arms,dynamic,Omega_hat_StateLoad,52,16138.425600570021,0.19244539377639719,0.095619796152624018,0.34943435623420654
cumulative-state-load,gpt-5.6-sol-high,all-arms,dynamic,Omega_hat_StateLoad,53,18276.713740642757,0.19302069121598572,0.096602669351444487,0.34854404570806535
cumulative-state-load,gpt-5.6-sol-high,all-arms,dynamic,Omega_hat_StateLoad,54,20698.318003560475,0.1935972961614153,0.097592649850549135,0.34765969803848445
cumulative-state-load,gpt-5.6-sol-high,all-arms,dynamic,Omega_hat_StateLoad,55,23440.77684074123,0.19417520912003061,0.098589690246917938,0.34678144200788852
cumulative-state-load,gpt-5.6-sol-high,all-arms,dynamic,Omega_hat_StateLoad,56,26546.602424550303,0.19475443058355657,0.099593738476469601,0.3459094106837815
cumulative-state-load,gpt-5.6-sol-high,all-arms,dynamic,Omega_hat_StateLoad,57,30063.939649913667,0.1953349610280169,0.10060473761300102,0.34504374159857026
cumulative-state-load,gpt-5.6-sol-high,all-arms,dynamic,Omega_hat_StateLoad,58,34047.312451471349,0.1959168009136521,0.10162262565906105,0.34418457693709908
cumulative-state-load,gpt-5.6-sol-high,all-arms,dynamic,Omega_hat_StateLoad,59,38558.469005290368,0.196499950684838,0.10264733532847209,0.34333206373218267
cumulative-state-load,gpt-5.6-sol-high,all-arms,dynamic,Omega_hat_StateLoad,60,43667.338917015979,0.19708441077000427,0.10367879382021411,0.34248635406842354
cumulative-state-load,gpt-5.6-sol-high,all-arms,dynamic,Omega_hat_StateLoad,61,49453.117234294703,0.197670181581553,0.10471692258338491,0.34164760529460064
cumulative-state-load,gpt-5.6-sol-high,all-arms,dynamic,Omega_hat_StateLoad,62,56005.492087265739,0.19825726351577727,0.1057616370729511,0.34081598024491627
cumulative-state-load,gpt-5.6-sol-high,all-arms,dynamic,Omega_hat_StateLoad,63,63426.034987367959,0.19884565695278025,0.1068128464960114,0.3399916474693811
cumulative-state-load,gpt-5.6-sol-high,all-arms,dynamic,Omega_hat_StateLoad,64,71829.775336149993,0.19943536225639419,0.10787045354829626,0.33917478147361535
cumulative-state-load,gpt-5.6-sol-high,all-arms,dynamic,Omega_hat_StateLoad,65,81346.983551302881,0.20002637977409943,0.1089343541406408,0.33836556296833015
cumulative-state-load,gpt-5.6-sol-high,all-arms,dynamic,Omega_hat_StateLoad,66,92125.190451008311,0.20061870983694369,0.11000443711517904,0.33756417912874404
cumulative-state-load,gpt-5.6-sol-high,all-arms,dynamic,Omega_hat_StateLoad,67,104331.47420004857,0.2012123527594615,0.11108058395102431,0.33677082386417262
cumulative-state-load,gpt-5.6-sol-high,all-arms,dynamic,Omega_hat_StateLoad,68,118155.05026873205,0.20180730883959391,0.112162668459222,0.33598569809800732
cumulative-state-load,gpt-5.6-sol-high,all-arms,dynamic,Omega_hat_StateLoad,69,133810.20455282801,0.20240357835860803,0.11325055646678676,0.33520901005827447
cumulative-state-load,gpt-5.6-sol-high,all-arms,dynamic,Omega_hat_StateLoad,70,151539.61512221544,0.20300116158101708,0.11434410548966795,0.33444097557893421
cumulative-state-load,gpt-5.6-sol-high,all-arms,dynamic,Omega_hat_StateLoad,71,171618.11409026734,0.20360005875450032,0.11544316439452561,0.3336818184120417
cumulative-state-load,gpt-5.6-sol-high,all-arms,dynamic,Omega_hat_StateLoad,72,194356.94791851306,0.20420027010982328,0.11654757304924392,0.33293177055084522
cumulative-state-load,gpt-5.6-sol-high,all-arms,dynamic,Omega_hat_StateLoad,73,220108.60219761523,0.20480179586075825,0.11765716196216539,0.33219107256384622
cumulative-state-load,gpt-5.6-sol-high,all-arms,dynamic,Omega_hat_StateLoad,74,249272.26569590121,0.20540463620400501,0.11877175191008799,0.33145997393977944
cumulative-state-load,gpt-5.6-sol-high,all-arms,dynamic,Omega_hat_StateLoad,75,282300.01837629767,0.20600879131911118,0.11989115355514413,0.33073873344340232
cumulative-state-load,gpt-5.6-sol-high,all-arms,dynamic,Omega_hat_StateLoad,76,319703.83930509043,0.20661426136839345,0.12101516705076495,0.33002761948189413
cumulative-state-load,gpt-5.6-sol-high,all-arms,dynamic,Omega_hat_StateLoad,77,362063.54308546719,0.20722104649685888,0.12214358163702853,0.32932691048157359
cumulative-state-load,gpt-5.6-sol-high,all-arms,dynamic,Omega_hat_StateLoad,78,410035.76784232468,0.20782914683212594,0.12327617522580583,0.32863689527452372
cumulative-state-load,gpt-5.6-sol-high,all-arms,dynamic,Omega_hat_StateLoad,79,464364.15408539743,0.20843856248434633,0.1244127139762428,0.32795787349459715
cumulative-state-load,gpt-5.6-sol-high,all-arms,dynamic,Omega_hat_StateLoad,80,525890.8722381671,0.20904929354612647,0.1255529518612632,0.32729015598211825
cumulative-state-load,gpt-5.6-sol-high,all-arms,dynamic,Omega_hat_StateLoad,81,595569.67752631637,0.20966134009244997,0.1266966302259406,0.32663406519644633
cumulative-state-load,gpt-5.6-sol-high,all-arms,dynamic,Omega_hat_StateLoad,82,674480.69459581818,0.21027470218059921,0.12784347733876933,0.32598993563537354
cumulative-state-load,gpt-5.6-sol-high,all-arms,dynamic,Omega_hat_StateLoad,83,763847.16104415117,0.21088937985007847,0.12899320793707375,0.32535811426012828
cumulative-state-load,gpt-5.6-sol-high,all-arms,dynamic,Omega_hat_StateLoad,84,865054.38941413839,0.21150537312253595,0.13014552276802163,0.32473896092452564
cumulative-state-load,gpt-5.6-sol-high,all-arms,dynamic,Omega_hat_StateLoad,85,979671.24158941,0.21212268200168716,0.13130010812696599,0.32413284880654991
cumulative-state-load,gpt-5.6-sol-high,all-arms,dynamic,Omega_hat_StateLoad,86,1109474.4484763925,0.21274130647323783,0.13245663539511893,0.32354016484037423
cumulative-state-load,gpt-5.6-sol-high,all-arms,dynamic,Omega_hat_StateLoad,87,1256476.1519639383,0.21336124650480737,0.1336147605788765,0.32296131014650781
cumulative-state-load,gpt-5.6-sol-high,all-arms,dynamic,Omega_hat_StateLoad,88,1422955.0961016999,0.21398250204585259,0.13477412385345136,0.32239670045742475
cumulative-state-load,gpt-5.6-sol-high,all-arms,dynamic,Omega_hat_StateLoad,89,1611491.9510067319,0.21460507302759138,0.13593434911384386,0.3218467665356522
cumulative-state-load,gpt-5.6-sol-high,all-arms,dynamic,Omega_hat_StateLoad,90,1825009.3170711552,0.21522895936292724,0.13709504353658697,0.32131195458089618
cumulative-state-load,gpt-5.6-sol-high,all-arms,dynamic,Omega_hat_StateLoad,91,2066817.0295953348,0.21585416094637341,0.13825579715613465,0.32079272662234343
cumulative-state-load,gpt-5.6-sol-high,all-arms,dynamic,Omega_hat_StateLoad,92,2340663.4661354679,0.21648067765397777,0.13941618246023266,0.32028956089181354
cumulative-state-load,gpt-5.6-sol-high,all-arms,dynamic,Omega_hat_StateLoad,93,2650793.6519054002,0.21710850934324766,0.14057575400910599,0.31980295217293947
cumulative-state-load,gpt-5.6-sol-high,all-arms,dynamic,Omega_hat_StateLoad,94,3002015.0639525093,0.21773765585307536,0.14173404808382581,0.31933341212102528
cumulative-state-load,gpt-5.6-sol-high,all-arms,dynamic,Omega_hat_StateLoad,95,3399772.1541696996,0.21836811700366365,0.14289058236976604,0.31888146954768365
cumulative-state-load,gpt-5.6-sol-high,all-arms,dynamic,Omega_hat_StateLoad,96,3850230.7463606251,0.21899989259645139,0.14404485568163378,0.31844767066378199
cumulative-state-load,gpt-5.6-sol-high,all-arms,dynamic,Omega_hat_StateLoad,97,4360373.6156375101,0.21963298241403997,0.14519634773713927,0.31803257927364686
cumulative-state-load,gpt-5.6-sol-high,all-arms,dynamic,Omega_hat_StateLoad,98,4938108.7317738971,0.22026738622011985,0.14634451898696516,0.31763677691287912
cumulative-state-load,gpt-5.6-sol-high,all-arms,dynamic,Omega_hat_StateLoad,99,5592391.8444443662,0.22090310375939695,0.14748881050928045,0.31726086292154904
cumulative-state-load,gpt-5.6-sol-high,all-arms,dynamic,Omega_hat_StateLoad,100,6333365.3106040712,0.22154013475752016,0.14862864397761599,0.3169054544439715
cumulative-state-load,gpt-5.6-sol-high,all-arms,dynamic,Omega_hat_StateLoad,101,7172515.316037979,0.22217847892100853,0.14976342171145982,0.31657118634571524
cumulative-state-load,gpt-5.6-sol-high,all-arms,dynamic,Omega_hat_StateLoad,102,8122849.9282465167,0.22281813593717917,0.15089252681942414,0.31625871103801306
cumulative-state-load,gpt-5.6-sol-high,all-arms,dynamic,Omega_hat_StateLoad,103,9199100.7407512218,0.22345910547407516,0.15201532344526125,0.31596869819931017
cumulative-state-load,gpt-5.6-sol-high,all-arms,dynamic,Omega_hat_StateLoad,104,10417951.234605337,0.22410138718039427,0.15313115712734124,0.31570183438335508
cumulative-state-load,gpt-5.6-sol-high,all-arms,dynamic,Omega_hat_StateLoad,105,11798295.397051137,0.22474498068541721,0.15423935528242502,0.3154588225030156
cumulative-state-load,gpt-5.6-sol-high,all-arms,dynamic,Omega_hat_StateLoad,106,13361530.606296001,0.22538988559893741,0.15533922782464493,0.31524038117892789
cumulative-state-load,gpt-5.6-sol-high,all-arms,dynamic,Omega_hat_StateLoad,107,15131889.322554696,0.22603610151118991,0.15643006793050637,0.31504724394217815
cumulative-state-load,gpt-5.6-sol-high,all-arms,dynamic,Omega_hat_StateLoad,108,17136814.727060642,0.22668362799278172,0.157511152960428,0.31488015828052363
cumulative-state-load,gpt-5.6-sol-high,all-arms,dynamic,Omega_hat_StateLoad,109,19407386.132006321,0.22733246459462148,0.15858174554679827,0.31473988451818802
cumulative-state-load,gpt-5.6-sol-high,all-arms,dynamic,Omega_hat_StateLoad,110,21978800.755897231,0.22798261084785043,0.15964109485772476,0.31462719452007842
cumulative-state-load,gpt-5.6-sol-high,all-arms,dynamic,Omega_hat_StateLoad,111,24890919.332550567,0.22863406626377339,0.16068843804454763,0.31454287021236899
cumulative-state-load,gpt-5.6-sol-high,all-arms,dynamic,Omega_hat_StateLoad,112,28188884.011485554,0.22928683033378972,0.16172300187975952,0.31448770191283021
cumulative-state-load,gpt-5.6-sol-high,all-arms,dynamic,Omega_hat_StateLoad,113,31923818.128077231,0.22994090252932553,0.16274400459019997,0.31446248646605562
cumulative-state-load,gpt-5.6-sol-high,all-arms,dynamic,Omega_hat_StateLoad,114,36153618.690945983,0.23059628230176535,0.16375065788824822,0.31446802518088163
cumulative-state-load,gpt-5.6-sol-high,all-arms,dynamic,Omega_hat_StateLoad,115,40943853.871311486,0.23125296908238493,0.16474216920123066,0.31450512156980703
cumulative-state-load,gpt-5.6-sol-high,all-arms,dynamic,Omega_hat_StateLoad,116,46368779.406724684,0.23191096228228439,0.16571774409638235,0.31457457889309226
cumulative-state-load,gpt-5.6-sol-high,all-arms,dynamic,Omega_hat_StateLoad,117,52512489.674939841,0.23257026129232089,0.16667658889547904,0.31467719751344314
cumulative-state-load,gpt-5.6-sol-high,all-arms,dynamic,Omega_hat_StateLoad,118,59470221.28127756,0.23323086548304303,0.16761791346972338,0.31481377207071987
cumulative-state-load,gpt-5.6-sol-high,all-arms,dynamic,Omega_hat_StateLoad,119,67349829.367010877,0.23389277420462473,0.1685409342016661,0.31498508848990936
cumulative-state-load,gpt-5.6-sol-high,all-arms,dynamic,Omega_hat_StateLoad,120,76273459.523741603,0.23455598678679987,0.16944487709695727,0.31519192083959074
cumulative-state-load,gpt-5.6-sol-high,all-arms,dynamic,Omega_hat_StateLoad,121,86379441.230914906,0.23522050253879759,0.17032898102461816,0.31543502806222434
cumulative-state-load,gpt-5.6-sol-high,all-arms,dynamic,Omega_hat_StateLoad,122,97824432.167555675,0.23588632074927737,0.17119250106042652,0.3157151506016953
cumulative-state-load,gpt-5.6-sol-high,all-arms,dynamic,Omega_hat_StateLoad,123,110785846.63823649,0.2365534406862651,0.17203471190401926,0.31603300695753156
cumulative-state-load,gpt-5.6-sol-high,all-arms,dynamic,Omega_hat_StateLoad,124,125464605.7574712,0.2372218615970898,0.17285491133658529,0.31638929019894513
cumulative-state-load,gpt-5.6-sol-high,all-arms,dynamic,Omega_hat_StateLoad,125,142088252.02446681,0.23789158270832017,0.17365242368266914,0.31678466447520126
cumulative-state-load,gpt-5.6-sol-high,all-arms,dynamic,Omega_hat_StateLoad,126,160914476.56875312,0.23856260322570169,0.17442660323679726,0.31721976156162657
cumulative-state-load,gpt-5.6-sol-high,all-arms,dynamic,Omega_hat_StateLoad,127,182235113.74421734,0.23923492233409482,0.17517683761349331,0.3176951774827142
cumulative-state-load,gpt-5.6-sol-high,all-arms,dynamic,Omega_hat_StateLoad,128,206380664.99367148,0.23990853919741323,0.17590255097790966,0.31821146925512295
cumulative-state-load,gpt-5.6-sol-high,all-arms,dynamic,Omega_hat_StateLoad,129,233725422.11054322,0.24058345295856201,0.1766032071138699,0.31876915179379939
cumulative-state-load,gpt-5.6-sol-high,all-arms,dynamic,Omega_hat_StateLoad,130,264693269.31583792,0.24125966273937766,0.17727831228667701,0.31936869502389337
cumulative-state-load,gpt-5.6-sol-high,all-arms,dynamic,Omega_hat_StateLoad,131,299764254.09115303,0.24193716764056711,0.1779274178596566,0.32001052123952145
cumulative-state-load,gpt-5.6-sol-high,all-arms,dynamic,Omega_hat_StateLoad,132,339482028.62538159,0.2426159667416484,0.17855012262606118,0.32069500274777746
cumulative-state-load,gpt-5.6-sol-high,all-arms,dynamic,Omega_hat_StateLoad,133,384462277.22855681,0.24329605910089117,0.17914607482166875,0.32142245983268086
cumulative-state-load,gpt-5.6-sol-high,all-arms,dynamic,Omega_hat_StateLoad,134,435402260.35021538,0.24397744375525798,0.17971497378806064,0.32219315906910345
cumulative-state-load,gpt-5.6-sol-high,all-arms,dynamic,Omega_hat_StateLoad,135,493091623.14870566,0.2446601197203459,0.18025657126207129,0.32300731201120542
cumulative-state-load,gpt-5.6-sol-high,all-arms,dynamic,Omega_hat_StateLoad,136,558424636.16026437,0.24534408599032906,0.18077067227311036,0.32386507427370531
cumulative-state-load,gpt-5.6-sol-high,all-arms,dynamic,Omega_hat_StateLoad,137,632414057.81634903,0.24602934153790096,0.18125713563677179,0.32476654501759544
cumulative-state-load,gpt-5.6-sol-high,all-arms,dynamic,Omega_hat_StateLoad,138,716206833.69878757,0.24671588531421851,0.18171587404018011,0.32571176684487424
cumulative-state-load,gpt-5.6-sol-high,all-arms,dynamic,Omega_hat_StateLoad,139,811101875.89441991,0.24740371624884497,0.18214685372164602,0.32670072609974959
cumulative-state-load,gpt-5.6-sol-high,all-arms,dynamic,Omega_hat_StateLoad,140,918570198.05556846,0.24809283324969525,0.18255009375418918,0.32773335356677996
cumulative-state-load,gpt-5.6-sol-high,all-arms,dynamic,Omega_hat_StateLoad,141,1040277718.2895838,0.24878323520298007,0.18292566494913512,0.32880952554977005
cumulative-state-load,gpt-5.6-sol-high,all-arms,dynamic,Omega_hat_StateLoad,142,1178111083.3559988,0.24947492097315224,0.18327368840209479,0.32992906530913479
cumulative-state-load,gpt-5.6-sol-high,all-arms,dynamic,Omega_hat_StateLoad,143,1334206914.4846187,0.25016788940285201,0.18359433370901743,0.33109174483006926
cumulative-state-load,gpt-5.6-sol-high,all-arms,dynamic,Omega_hat_StateLoad,144,1510984928.1679814,0.25086213931285417,0.18388781688455869,0.33229728688930005
cumulative-state-load,gpt-5.6-sol-high,all-arms,dynamic,Omega_hat_StateLoad,145,1711185445.3495414,0.25155766950201491,0.18415439801859079,0.33354536738462043
cumulative-state-load,gpt-5.6-sol-high,all-arms,dynamic,Omega_hat_StateLoad,146,1937911870.4555225,0.25225447874722018,0.18439437870928371,0.33483561788879984
cumulative-state-load,gpt-5.6-sol-high,all-arms,dynamic,Omega_hat_StateLoad,147,2194678798.7582965,0.25295256580333325,0.1846080993127612,0.33616762838788733
cumulative-state-load,gpt-5.6-sol-high,all-arms,dynamic,Omega_hat_StateLoad,148,2485466497.8067212,0.25365192940314418,0.18479593604992822,0.33754095016333535
cumulative-state-load,gpt-5.6-sol-high,all-arms,dynamic,Omega_hat_StateLoad,149,2814782607.4661736,0.2543525682573195,0.1849582980107139,0.33895509877772184
cumulative-state-load,gpt-5.6-sol-high,all-arms,dynamic,Omega_hat_StateLoad,150,3187732015.0103235,0.2550544810543518,0.18509562409479516,0.34040955712502619
cumulative-state-load,gpt-5.6-sol-high,all-arms,dynamic,Omega_hat_StateLoad,151,3610095988.4320011,0.25575766646051112,0.18520837992592309,0.34190377850835851
cumulative-state-load,gpt-5.6-sol-high,all-arms,dynamic,Omega_hat_StateLoad,152,4088421794.6565967,0.25646212311979577,0.18529705477444686,0.34343718971056908
cumulative-state-load,gpt-5.6-sol-high,all-arms,dynamic,Omega_hat_StateLoad,153,4630124191.8731194,0.25716784965388467,0.18536215851959473,0.34500919402619673
cumulative-state-load,gpt-5.6-sol-high,all-arms,dynamic,Omega_hat_StateLoad,154,5243600369.264082,0.25787484466208982,0.1854042186797038,0.34661917422658645
cumulative-state-load,gpt-5.6-sol-high,all-arms,dynamic,Omega_hat_StateLoad,155,5938360115.870491,0.25858310672130963,0.18542377753499148,0.34826649543360072
cumulative-state-load,gpt-5.6-sol-high,all-arms,dynamic,Omega_hat_StateLoad,156,6725173236.4017982,0.2592926343859826,0.18542138936376684,0.34995050788104504
cumulative-state-load,gpt-5.6-sol-high,all-arms,dynamic,Omega_hat_StateLoad,157,7616236499.1543064,0.26000342618804206,0.18539761780928277,0.35167054954662569
cumulative-state-load,gpt-5.6-sol-high,all-arms,dynamic,Omega_hat_StateLoad,158,8625362703.9778748,0.26071548063687122,0.18535303339083722,0.35342594864084831
cumulative-state-load,gpt-5.6-sol-high,all-arms,dynamic,Omega_hat_StateLoad,159,9768194801.1243382,0.26142879621925902,0.18528821116930644,0.35521602594269031
cumulative-state-load,gpt-5.6-sol-high,all-arms,dynamic,Omega_hat_StateLoad,160,11062448380.136814,0.26214337139935645,0.18520372857409897,0.35704009697507461
cumulative-state-load,gpt-5.6-sol-high,all-arms,dynamic,Omega_hat_StateLoad,161,12528186287.716778,0.26285920461863382,0.18510016339560592,0.35889747401608585
cumulative-state-load,gpt-5.6-sol-high,all-arms,dynamic,Omega_hat_StateLoad,162,14188129631.552031,0.26357629429583856,0.18497809194460599,0.3607874679444818
cumulative-state-load,gpt-5.6-sol-high,all-arms,dynamic,Omega_hat_StateLoad,163,16068009991.126307,0.26429463882695375,0.18483808737779112,0.36270938992035201
cumulative-state-load,gpt-5.6-sol-high,all-arms,dynamic,Omega_hat_StateLoad,164,18196968295.298309,0.26501423658515699,0.18468071818660892,0.36466255290373639
cumulative-state-load,gpt-5.6-sol-high,all-arms,dynamic,Omega_hat_StateLoad,165,20608006549.844135,0.26573508592078049,0.18450654684496012,0.36664627301567887
cumulative-state-load,gpt-5.6-sol-high,all-arms,dynamic,Omega_hat_StateLoad,166,23338499417.408398,0.26645718516127159,0.18431612860993876,0.36865987074754153
cumulative-state-load,gpt-5.6-sol-high,all-arms,dynamic,Omega_hat_StateLoad,167,26430773580.110874,0.26718053261115388,0.18411001046874015,0.37070267202546159
cumulative-state-load,gpt-5.6-sol-high,all-arms,dynamic,Omega_hat_StateLoad,168,29932763865.786736,0.267905126551989,0.18388873022404695,0.3727740091376508
cumulative-state-load,gpt-5.6-sol-high,all-arms,dynamic,Omega_hat_StateLoad,169,33898756308.788662,0.26863096524233965,0.18365281570963998,0.37487322153280062
cumulative-state-load,gpt-5.6-sol-high,all-arms,dynamic,Omega_hat_StateLoad,170,38390229663.893478,0.26935804691773241,0.18340278412761374,0.37699965649821859
cumulative-state-load,gpt-5.6-sol-high,all-arms,dynamic,Omega_hat_StateLoad,171,43476808418.023773,0.27008636979062234,0.18313914149839244,0.37915266972650835
cumulative-state-load,gpt-5.6-sol-high,all-arms,dynamic,Omega_hat_StateLoad,172,49237342072.879868,0.27081593205035731,0.18286238221471734,0.38133162577962565
cumulative-state-load,gpt-5.6-sol-high,all-arms,dynamic,Omega_hat_StateLoad,173,55761127428.957268,0.27154673186314365,0.18257298869087185,0.38353589845905062
cumulative-state-load,gpt-5.6-sol-high,all-arms,dynamic,Omega_hat_StateLoad,174,63149292818.164284,0.27227876737201256,0.18227143109861857,0.38576487109060409
cumulative-state-load,gpt-5.6-sol-high,all-arms,dynamic,Omega_hat_StateLoad,175,71516365742.693665,0.27301203669678675,0.18195816718161378,0.38801793673214474
cumulative-state-load,gpt-5.6-sol-high,all-arms,dynamic,Omega_hat_StateLoad,176,80992048220.871994,0.27374653793404852,0.18163364214041067,0.39029449831203744
cumulative-state-load,gpt-5.6-sol-high,all-arms,dynamic,Omega_hat_StateLoad,177,91723227360.476089,0.27448226915710783,0.18129828858057145,0.39259396870587243
cumulative-state-load,gpt-5.6-sol-high,all-arms,dynamic,Omega_hat_StateLoad,178,103876252326.37943,0.27521922841597185,0.18095252651683763,0.39491577075848494
cumulative-state-load,gpt-5.6-sol-high,all-arms,dynamic,Omega_hat_StateLoad,179,117639512998.89848,0.27595741373731481,0.18059676342676154,0.39725933725786999
cumulative-state-load,gpt-5.6-sol-high,all-arms,dynamic,Omega_hat_StateLoad,180,133226360295.8611,0.27669682312444877,0.180231394347664,0.39962411086712452
cumulative-state-load,gpt-5.6-sol-high,all-arms,dynamic,Omega_hat_StateLoad,181,150878413427.71277,0.27743745455729496,0.17985680201125087,0.40200954402007877
cumulative-state-load,gpt-5.6-sol-high,all-arms,dynamic,Omega_hat_StateLoad,182,170869305353.01147,0.27817930599235635,0.17947335701066952,0.40441509878583137
cumulative-state-load,gpt-5.6-sol-high,all-arms,dynamic,Omega_hat_StateLoad,183,193508924494.41779,0.2789223753626906,0.17908141799524038,0.40684024670694469
cumulative-state-load,gpt-5.6-sol-high,all-arms,dynamic,Omega_hat_StateLoad,184,219148218468.05231,0.27966666057788375,0.17868133188851898,0.40928446861563839
cumulative-state-load,gpt-5.6-sol-high,all-arms,dynamic,Omega_hat_StateLoad,185,248184634291.15179,0.28041215952402487,0.1782734341257563,0.41174725443190369
cumulative-state-load,gpt-5.6-sol-high,all-arms,dynamic,Omega_hat_StateLoad,186,281068279399.27899,0.28115887006368195,0.17785804890721296,0.41422810294707224
cumulative-state-load,gpt-5.6-sol-high,all-arms,dynamic,Omega_hat_StateLoad,187,318308898977.9881,0.2819067900358776,0.1774354894641407,0.41672652159601414
cumulative-state-load,gpt-5.6-sol-high,all-arms,dynamic,Omega_hat_StateLoad,188,360483777767.9118,0.2826559172560662,0.17700605833458985,0.41924202622079443
cumulative-state-load,gpt-5.6-sol-high,all-arms,dynamic,Omega_hat_StateLoad,189,408246688832.94879,0.28340624951611193,0.17657004764651296,0.42177414082830439
cumulative-state-load,gpt-5.6-sol-high,all-arms,dynamic,Omega_hat_StateLoad,190,462338028010.70764,0.28415778458426721,0.1761277394059261,0.42432239734408861
cumulative-state-load,gpt-5.6-sol-high,all-arms,dynamic,Omega_hat_StateLoad,191,523596291144.19409,0.2849105202051524,0.17567940578815533,0.42688633536432724
cumulative-state-load,gpt-5.6-sol-high,all-arms,dynamic,Omega_hat_StateLoad,192,592971072008.82837,0.28566445409973579,0.1752253094304454,0.42946550190767563
cumulative-state-load,gpt-5.6-sol-high,all-arms,dynamic,Omega_hat_StateLoad,193,671537782421.88806,0.28641958396531519,0.17476570372442249,0.43205945116845357
cumulative-state-load,gpt-5.6-sol-high,all-arms,dynamic,Omega_hat_StateLoad,194,760514322717.90979,0.28717590747549937,0.1743008331071127,0.43466774427246058
cumulative-state-load,gpt-5.6-sol-high,all-arms,dynamic,Omega_hat_StateLoad,195,861279961007.04492,0.2879334222801912,0.17383093334939448,0.43728994903651908
cumulative-state-load,gpt-5.6-sol-high,all-arms,dynamic,Omega_hat_StateLoad,196,975396713872.86499,0.2886921260055712,0.17335623184093341,0.43992563973267457
cumulative-state-load,gpt-5.6-sol-high,all-arms,dynamic,Omega_hat_StateLoad,197,1104633559942.075,0.28945201625408207,0.17287694787079017,0.44257439685783845
cumulative-state-load,gpt-5.6-sol-high,all-arms,dynamic,Omega_hat_StateLoad,198,1250993861672.3154,0.2902130906044138,0.17239329290302904,0.44523580690952197
cumulative-state-load,gpt-5.6-sol-high,all-arms,dynamic,Omega_hat_StateLoad,199,1416746420436.3638,0.29097534661149033,0.17190547084676799,0.44790946216819566
cumulative-state-load,gpt-5.6-sol-high,all-arms,dynamic,Omega_hat_StateLoad,200,1604460646302.5212,0.29173878180645607,0.17141367832022153,0.45059496048669362
cumulative-state-load,gpt-5.6-sol-high,all-arms,dynamic,Omega_hat_StateLoad,201,1817046387694.8501,0.29250339369666417,0.17091810490837228,0.45329190508700284
cumulative-state-load,gpt-5.6-sol-high,all-arms,dynamic,Omega_hat_StateLoad,202,2057799038351.9771,0.29326917976566536,0.17041893341399719,0.45599990436468063
cumulative-state-load,gpt-5.6-sol-high,all-arms,dynamic,Omega_hat_StateLoad,203,2330450620809.0474,0.29403613747319723,0.1699163401018397,0.45871857170107855
cumulative-state-load,gpt-5.6-sol-high,all-arms,dynamic,Omega_hat_StateLoad,204,2639227638272.5801,0.29480426425517509,0.16941049493578386,0.4614475252834897
cumulative-state-load,gpt-5.6-sol-high,all-arms,dynamic,Omega_hat_StateLoad,205,2988916591677.7441,0.29557355752368336,0.16890156180894403,0.46418638793326855
cumulative-state-load,gpt-5.6-sol-high,all-arms,dynamic,Omega_hat_StateLoad,206,3384938177539.5894,0.29634401466696797,0.16838969876662493,0.46693478694194196
cumulative-state-load,gpt-5.6-sol-high,all-arms,dynamic,Omega_hat_StateLoad,207,3833431316774.7251,0.29711563304942917,0.16787505822215251,0.46969235391527381
cumulative-state-load,gpt-5.6-sol-high,all-arms,dynamic,Omega_hat_StateLoad,208,4341348317064.5972,0.29788841001161598,0.16735778716561076,0.4724587246252131
cumulative-state-load,gpt-5.6-sol-high,all-arms,dynamic,Omega_hat_StateLoad,209,4916562643917.8984,0.29866234287022125,0.16683802736554673,0.47523353886963199
cumulative-state-load,gpt-5.6-sol-high,all-arms,dynamic,Omega_hat_StateLoad,210,5567990971043.127,0.29943742891807718,0.16631591556373143,0.47801644033972701
cumulative-state-load,gpt-5.6-sol-high,all-arms,dynamic,Omega_hat_StateLoad,211,6305731401992.79,0.30021366542415251,0.16579158366309107,0.48080707649493171
cumulative-state-load,gpt-5.6-sol-high,all-arms,dynamic,Omega_hat_StateLoad,212,7141220005719.3965,0.30099104963355006,0.1652651589089304,0.48360509844518523
cumulative-state-load,gpt-5.6-sol-high,all-arms,dynamic,Omega_hat_StateLoad,213,8087408092575.9355,0.30176957876750526,0.1647367640635938,0.48641016084036853
cumulative-state-load,gpt-5.6-sol-high,all-arms,dynamic,Omega_hat_StateLoad,214,9158962978801.8008,0.30254925002338595,0.16420651757471569,0.48922192176672197
cumulative-state-load,gpt-5.6-sol-high,all-arms,dynamic,Omega_hat_StateLoad,215,10372495351640.289,0.30333006057469275,0.16367453373722221,0.4920400426500392
cumulative-state-load,gpt-5.6-sol-high,all-arms,dynamic,Omega_hat_StateLoad,216,11746816759584.111,0.30411200757106038,0.16314092284925305,0.49486418816543143
cumulative-state-load,gpt-5.6-sol-high,all-arms,dynamic,Omega_hat_StateLoad,217,13303231219228.748,0.30489508813826005,0.16260579136217865,0.4976940261534446
cumulative-state-load,gpt-5.6-sol-high,all-arms,dynamic,Omega_hat_StateLoad,218,15065865459071.664,0.30567929937820271,0.16206924202488607,0.50052922754231632
cumulative-state-load,gpt-5.6-sol-high,all-arms,dynamic,Omega_hat_StateLoad,219,17062042919525.213,0.30646463836894339,0.1615313740225186,0.50336946627614476
cumulative-state-load,gpt-5.6-sol-high,all-arms,dynamic,Omega_hat_StateLoad,220,19322707306697.164,0.30725110216468615,0.16099228310984243,0.50621441924875521
cumulative-state-load,gpt-5.6-sol-high,all-arms,dynamic,Omega_hat_StateLoad,221,21882902265649.543,0.30803868779579024,0.16045206173942428,0.50906376624303895
cumulative-state-load,gpt-5.6-sol-high,all-arms,dynamic,Omega_hat_StateLoad,222,24782314608781.605,0.30882739226877715,0.15991079918479661,0.51191718987554258
cumulative-state-load,gpt-5.6-sol-high,all-arms,dynamic,Omega_hat_StateLoad,223,28065889520180.477,0.30961721256633862,0.15936858165878687,0.51477437554609218
cumulative-state-load,gpt-5.6-sol-high,all-arms,dynamic,Omega_hat_StateLoad,224,31784527272519.461,0.31040814564734559,0.15882549242718452,0.51763501139223267
cumulative-state-load,gpt-5.6-sol-high,all-arms,dynamic,Omega_hat_StateLoad,225,35995872256645.188,0.31120018844685809,0.15828161191791623,0.52049878824827056
cumulative-state-load,gpt-5.6-sol-high,all-arms,dynamic,Omega_hat_StateLoad,226,40765206554982.133,0.31199333787613598,0.15773701782589786,0.52336539960870665
cumulative-state-load,gpt-5.6-sol-high,all-arms,dynamic,Omega_hat_StateLoad,227,46166461910464.57,0.31278759082265101,0.15719178521372459,0.52623454159585592
cumulative-state-load,gpt-5.6-sol-high,all-arms,dynamic,Omega_hat_StateLoad,228,52283365778012.797,0.31358294415009946,0.15664598660836049,0.52910591293144826
cumulative-state-load,gpt-5.6-sol-high,all-arms,dynamic,Omega_hat_StateLoad,229,59210739224048.375,0.31437939469841597,0.15609969209398059,0.53197921491201416
cumulative-state-load,gpt-5.6-sol-high,all-arms,dynamic,Omega_hat_StateLoad,230,67055966793412.406,0.31517693928378832,0.15555296940111865,0.53485415138785863
cumulative-state-load,gpt-5.6-sol-high,all-arms,dynamic,Omega_hat_StateLoad,231,75940661128800.391,0.31597557469867305,0.1550058839922637,0.53773042874543853
cumulative-state-load,gpt-5.6-sol-high,all-arms,dynamic,Omega_hat_StateLoad,232,86002548146779.891,0.31677529771181206,0.15445849914404922,0.5406077558929534
cumulative-state-load,gpt-5.6-sol-high,all-arms,dynamic,Omega_hat_StateLoad,233,97397601993407.797,0.31757610506825074,0.15391087602617004,0.54348584424897561
cumulative-state-load,gpt-5.6-sol-high,all-arms,dynamic,Omega_hat_StateLoad,234,110302462874426.61,0.31837799348935603,0.15336307377716102,0.54636440773393957
cumulative-state-load,gpt-5.6-sol-high,all-arms,dynamic,Omega_hat_StateLoad,235,124917175239979.11,0.31918095967283677,0.15281514957716258,0.54924316276432539
cumulative-state-load,gpt-5.6-sol-high,all-arms,dynamic,Omega_hat_StateLoad,236,141468288769764.84,0.31998500029276361,0.15226715871779883,0.55212182824936795
cumulative-state-load,gpt-5.6-sol-high,all-arms,dynamic,Omega_hat_StateLoad,237,160212370228497.03,0.32079011199959118,0.15171915466928362,0.55500012559013578
cumulative-state-load,gpt-5.6-sol-high,all-arms,dynamic,Omega_hat_StateLoad,238,181439980630619.34,0.32159629142018059,0.15117118914487249,0.55787777868081745
cumulative-state-load,gpt-5.6-sol-high,all-arms,dynamic,Omega_hat_StateLoad,239,205480179366224.44,0.32240353515782305,0.15062331216276581,0.56075451391207431
cumulative-state-load,gpt-5.6-sol-off,all-arms,dynamic,Omega_hat_StateLoad,0,24.999999999999993,0.65288736706349915,0.37712504876622821,0.85386965723630492
cumulative-state-load,gpt-5.6-sol-off,all-arms,dynamic,Omega_hat_StateLoad,1,28.312417507438298,0.65396625210170312,0.38011444170208802,0.85347264895220887
cumulative-state-load,gpt-5.6-sol-off,all-arms,dynamic,Omega_hat_StateLoad,2,32.063719404619953,0.65504355554608884,0.38311102620976445,0.8530757711058401
cumulative-state-load,gpt-5.6-sol-off,all-arms,dynamic,Omega_hat_StateLoad,3,36.312056424998055,0.65611926867314818,0.38611454244158472,0.85267905157469948
cumulative-state-load,gpt-5.6-sol-off,all-arms,dynamic,Omega_hat_StateLoad,4,41.12328408232807,0.65719338282115036,0.38912472707941903,0.85228251904512131
cumulative-state-load,gpt-5.6-sol-off,all-arms,dynamic,Omega_hat_StateLoad,5,46.571983528634576,0.65826588939033392,0.39214131337331148,0.85188620303852214
cumulative-state-load,gpt-5.6-sol-off,all-arms,dynamic,Omega_hat_StateLoad,6,52.742617672489672,0.65933677984309147,0.39516403118088067,0.85149013393862738
cumulative-state-load,gpt-5.6-sol-off,all-arms,dynamic,Omega_hat_StateLoad,7,59.730840479148867,0.66040604570415129,0.39819260700741821,0.85109434301971509
cumulative-state-load,gpt-5.6-sol-off,all-arms,dynamic,Omega_hat_StateLoad,8,67.644979748634356,0.66147367856075434,0.40122676404660396,0.85069886247591753
cumulative-state-load,gpt-5.6-sol-off,all-arms,dynamic,Omega_hat_StateLoad,9,76.607716357021744,0.66253967006282488,0.40426622222175618,0.85030372545162503
cumulative-state-load,gpt-5.6-sol-off,all-arms,dynamic,Omega_hat_StateLoad,10,86.757985991656412,0.663604011923138,0.40731069822753235,0.84990896607303545
cumulative-state-load,gpt-5.6-sol-off,all-arms,dynamic,Omega_hat_StateLoad,11,98.25313286001041,0.66466669591748173,0.41035990557198809,0.84951461948089568
cumulative-state-load,gpt-5.6-sol-off,all-arms,dynamic,Omega_hat_StateLoad,12,111.27134875785683,0.665727713884814,0.41341355461890367,0.84912072186448617
cumulative-state-load,gpt-5.6-sol-off,all-arms,dynamic,Omega_hat_StateLoad,13,126.01443530592877,0.66678705772741631,0.41647135263027951,0.84872731049689432
cumulative-state-load,gpt-5.6-sol-off,all-arms,dynamic,Omega_hat_StateLoad,14,142.71093217382108,0.66784471941104029,0.41953300380889946,0.84833442377163393
cumulative-state-load,gpt-5.6-sol-off,all-arms,dynamic,Omega_hat_StateLoad,15,161.6196597832373,0.66890069096505211,0.4225982093408604,0.84794210124066238
cumulative-state-load,gpt-5.6-sol-off,all-arms,dynamic,Omega_hat_StateLoad,16,183.03373140772601,0.66995496448257041,0.42566666743795512,0.84755038365385194
cumulative-state-load,gpt-5.6-sol-off,all-arms,dynamic,Omega_hat_StateLoad,17,207.28509686239448,0.67100753212060027,0.42873807337980108,0.84715931299997638
cumulative-state-load,gpt-5.6-sol-off,all-arms,dynamic,Omega_hat_StateLoad,18,234.74968821751611,0.67205838610016222,0.43181211955559679,0.84676893254927044
cumulative-state-load,gpt-5.6-sol-off,all-arms,dynamic,Omega_hat_StateLoad,19,265.85324730221129,0.67310751870641672,0.43488849550538577,0.84637928689763031
cumulative-state-load,gpt-5.6-sol-off,all-arms,dynamic,Omega_hat_StateLoad,20,301.07792533313796,0.67415492228878382,0.43796688796070771,0.8459904220125154
cumulative-state-load,gpt-5.6-sol-off,all-arms,dynamic,Omega_hat_StateLoad,21,340.96975697220569,0.6752005892610583,0.44104698088450639,0.84560238528062326
cumulative-state-load,gpt-5.6-sol-off,all-arms,dynamic,Omega_hat_StateLoad,22,386.14712467227469,0.67624451210152015,0.44412845551016572,0.8452152255574078
cumulative-state-load,gpt-5.6-sol-off,all-arms,dynamic,Omega_hat_StateLoad,23,437.31034452073055,0.67728668335304032,0.44721099037953904,0.8448289932185129
cumulative-state-load,gpt-5.6-sol-off,all-arms,dynamic,Omega_hat_StateLoad,24,495.25252217570409,0.6783270956231815,0.4502942613798338,0.84444374021319757
cumulative-state-load,gpt-5.6-sol-off,all-arms,dynamic,Omega_hat_StateLoad,25,560.87184717801495,0.6793657415842953,0.45337794177920876,0.84405952011982976
cumulative-state-load,gpt-5.6-sol-off,all-arms,dynamic,Omega_hat_StateLoad,26,635.185516218884,0.68040261397361357,0.45646170226094063,0.84367638820353352
cumulative-state-load,gpt-5.6-sol-off,all-arms,dynamic,Omega_hat_StateLoad,27,719.34550119467121,0.68143770559333616,0.45954521095600964,0.84329440147606649
cumulative-state-load,gpt-5.6-sol-off,all-arms,dynamic,Omega_hat_StateLoad,28,814.65640647683915,0.68247100931071314,0.46262813347395282,0.84291361875801929
cumulative-state-load,gpt-5.6-sol-off,all-arms,dynamic,Omega_hat_StateLoad,29,922.59569221126492,0.68350251805812368,0.4657101329318305,0.84253410074342228
cumulative-state-load,gpt-5.6-sol-off,all-arms,dynamic,Omega_hat_StateLoad,30,1044.8365771379745,0.68453222483314891,0.46879086998114583,0.84215591006685153
cumulative-state-load,gpt-5.6-sol-off,all-arms,dynamic,Omega_hat_StateLoad,31,1183.2739759589249,0.68556012269864175,0.47187000283255831,0.84177911137312611
cumulative-state-load,gpt-5.6-sol-off,all-arms,dynamic,Omega_hat_StateLoad,32,1340.0538733214246,0.68658620478279087,0.47494718727822466,0.84140377138969458
cumulative-state-load,gpt-5.6-sol-off,all-arms,dynamic,Omega_hat_StateLoad,33,1517.6065897574397,0.68761046427918104,0.47802207671160313,0.84102995900180544
cumulative-state-load,gpt-5.6-sol-off,all-arms,dynamic,Omega_hat_StateLoad,34,1718.68445525009,0.68863289444684861,0.48109432214455067,0.84065774533056392
cumulative-state-load,gpt-5.6-sol-off,all-arms,dynamic,Omega_hat_StateLoad,35,1946.4044744233875,0.68965348861033304,0.48416357222154111,0.84028720381397515
cumulative-state-load,gpt-5.6-sol-off,all-arms,dynamic,Omega_hat_StateLoad,36,2204.29664472884,0.69067224015972295,0.48722947323083415,0.83991841029107739
cumulative-state-load,gpt-5.6-sol-off,all-arms,dynamic,Omega_hat_StateLoad,37,2496.3586766323347,0.69168914255069869,0.49029166911241856,0.83955144308927065
cumulative-state-load,gpt-5.6-sol-off,all-arms,dynamic,Omega_hat_StateLoad,38,2827.1179640452315,0.69270418930457012,0.49334980146255586,0.83918638311494409
cumulative-state-load,gpt-5.6-sol-off,all-arms,dynamic,Omega_hat_StateLoad,39,3201.7017656331,0.69371737400831013,0.4964035095347486,0.83882331394750997
cumulative-state-load,gpt-5.6-sol-off,all-arms,dynamic,Omega_hat_StateLoad,40,3625.9166849162661,0.6947286903145834,0.49945243023695812,0.83846232193695092
cumulative-state-load,gpt-5.6-sol-off,all-arms,dynamic,Omega_hat_StateLoad,41,4106.3386812214403,0.69573813194177148,0.50249619812489676,0.83810349630498415
cumulative-state-load,gpt-5.6-sol-off,all-arms,dynamic,Omega_hat_StateLoad,42,4650.4150067874043,0.69674569267399289,0.50553444539122072,0.83774692924994876
cumulative-state-load,gpt-5.6-sol-off,all-arms,dynamic,Omega_hat_StateLoad,43,5266.5796502008579,0.69775136636111934,0.50856680185045455,0.83739271605551924
cumulative-state-load,gpt-5.6-sol-off,all-arms,dynamic,Omega_hat_StateLoad,44,5964.3840757065991,0.69875514691878726,0.51159289491947746,0.83704095520334409
cumulative-state-load,gpt-5.6-sol-off,all-arms,dynamic,Omega_hat_StateLoad,45,6754.6452850448659,0.69975702832840558,0.51461234959340785,0.83669174848970906
cumulative-state-load,gpt-5.6-sol-off,all-arms,dynamic,Omega_hat_StateLoad,46,7649.6134969936093,0.70075700463715851,0.51762478841673021,0.83634520114631328
cumulative-state-load,gpt-5.6-sol-off,all-arms,dynamic,Omega_hat_StateLoad,47,8663.1620438967238,0.70175506995800518,0.52062983144950825,0.83600142196524874
cumulative-state-load,gpt-5.6-sol-off,all-arms,dynamic,Omega_hat_StateLoad,48,9811.0024288558579,0.70275121846967414,0.52362709622854675,0.83566052342825903
cumulative-state-load,gpt-5.6-sol-off,all-arms,dynamic,Omega_hat_StateLoad,49,11110.927877290325,0.70374544441665354,0.52661619772336232,0.83532262184034922
cumulative-state-load,gpt-5.6-sol-off,all-arms,dynamic,Omega_hat_StateLoad,50,12583.08915827515,0.70473774210917839,0.52959674828684533,0.8349878374678058
cumulative-state-load,gpt-5.6-sol-off,all-arms,dynamic,Omega_hat_StateLoad,51,14250.306951296287,0.70572810592321245,0.5325683576005027,0.83465629468067459
cumulative-state-load,gpt-5.6-sol-off,all-arms,dynamic,Omega_hat_StateLoad,52,16138.425600570021,0.70671653030042603,0.53553063261418898,0.83432812209972795
cumulative-state-load,gpt-5.6-sol-off,all-arms,dynamic,Omega_hat_StateLoad,53,18276.713740642757,0.70770300974817124,0.53848317748025398,0.83400345274793641
cumulative-state-load,gpt-5.6-sol-off,all-arms,dynamic,Omega_hat_StateLoad,54,20698.318003560475,0.70868753883945101,0.54142559348205099,0.83368242420644023
cumulative-state-load,gpt-5.6-sol-off,all-arms,dynamic,Omega_hat_StateLoad,55,23440.77684074123,0.70967011221288556,0.54435747895678155,0.83336517877499194
cumulative-state-load,gpt-5.6-sol-off,all-arms,dynamic,Omega_hat_StateLoad,56,26546.602424550303,0.71065072457267453,0.547278429212675,0.83305186363681361
cumulative-state-load,gpt-5.6-sol-off,all-arms,dynamic,Omega_hat_StateLoad,57,30063.939649913667,0.71162937068855447,0.55018803644053504,0.83274263102778612
cumulative-state-load,gpt-5.6-sol-off,all-arms,dynamic,Omega_hat_StateLoad,58,34047.312451471349,0.71260604539575356,0.55308588961972371,0.83243763840984664
cumulative-state-load,gpt-5.6-sol-off,all-arms,dynamic,Omega_hat_StateLoad,59,38558.469005290368,0.7135807435949415,0.55597157441869127,0.83213704864843763
cumulative-state-load,gpt-5.6-sol-off,all-arms,dynamic,Omega_hat_StateLoad,60,43667.338917015979,0.71455346025217548,0.55884467309020824,0.83184103019379896
cumulative-state-load,gpt-5.6-sol-off,all-arms,dynamic,Omega_hat_StateLoad,61,49453.117234294703,0.71552419039884274,0.56170476436150807,0.83154975726585323
cumulative-state-load,gpt-5.6-sol-off,all-arms,dynamic,Omega_hat_StateLoad,62,56005.492087265739,0.71649292913159945,0.5645514233196065,0.83126341004236848
cumulative-state-load,gpt-5.6-sol-off,all-arms,dynamic,Omega_hat_StateLoad,63,63426.034987367959,0.71745967161230473,0.56738422129213018,0.8309821748500259
cumulative-state-load,gpt-5.6-sol-off,all-arms,dynamic,Omega_hat_StateLoad,64,71829.775336149993,0.71842441306795157,0.57020272572405573,0.8307062443579486
cumulative-state-load,gpt-5.6-sol-off,all-arms,dynamic,Omega_hat_StateLoad,65,81346.983551302881,0.71938714879059451,0.57300650005084697,0.830435817773164
cumulative-state-load,gpt-5.6-sol-off,all-arms,dynamic,Omega_hat_StateLoad,66,92125.190451008311,0.72034787413727241,0.57579510356856178,0.83017110103739244
cumulative-state-load,gpt-5.6-sol-off,all-arms,dynamic,Omega_hat_StateLoad,67,104331.47420004857,0.72130658452992857,0.57856809130160081,0.82991230702445207
cumulative-state-load,gpt-5.6-sol-off,all-arms,dynamic,Omega_hat_StateLoad,68,118155.05026873205,0.72226327545532609,0.58132501386887936,0.82965965573746736
cumulative-state-load,gpt-5.6-sol-off,all-arms,dynamic,Omega_hat_StateLoad,69,133810.20455282801,0.72321794246496063,0.58406541734932171,0.82941337450494856
cumulative-state-load,gpt-5.6-sol-off,all-arms,dynamic,Omega_hat_StateLoad,70,151539.61512221544,0.72417058117496924,0.58678884314770752,0.82917369817468412
cumulative-state-load,gpt-5.6-sol-off,all-arms,dynamic,Omega_hat_StateLoad,71,171618.11409026734,0.72512118726603469,0.58949482786204344,0.82894086930424371
cumulative-state-load,gpt-5.6-sol-off,all-arms,dynamic,Omega_hat_StateLoad,72,194356.94791851306,0.72606975648328786,0.5921829031537853,0.82871513834674237
cumulative-state-load,gpt-5.6-sol-off,all-arms,dynamic,Omega_hat_StateLoad,73,220108.60219761523,0.72701628463620527,0.59485259562240922,0.82849676383034543
cumulative-state-load,gpt-5.6-sol-off,all-arms,dynamic,Omega_hat_StateLoad,74,249272.26569590121,0.72796076759850326,0.5975034266860012,0.82828601252981793
cumulative-state-load,gpt-5.6-sol-off,all-arms,dynamic,Omega_hat_StateLoad,75,282300.01837629767,0.72890320130802955,0.60013491246974116,0.8280831596282292
cumulative-state-load,gpt-5.6-sol-off,all-arms,dynamic,Omega_hat_StateLoad,76,319703.83930509043,0.72984358176665043,0.60274656370435431,0.82788848886671818
cumulative-state-load,gpt-5.6-sol-off,all-arms,dynamic,Omega_hat_StateLoad,77,362063.54308546719,0.73078190504013507,0.605337885636831,0.82770229268000417
cumulative-state-load,gpt-5.6-sol-off,all-arms,dynamic,Omega_hat_StateLoad,78,410035.76784232468,0.73171816725803607,0.60790837795594765,0.82752487231510019
cumulative-state-load,gpt-5.6-sol-off,all-arms,dynamic,Omega_hat_StateLoad,79,464364.15408539743,0.73265236461356709,0.61045753473536501,0.82735653793043418
cumulative-state-load,gpt-5.6-sol-off,all-arms,dynamic,Omega_hat_StateLoad,80,525890.8722381671,0.73358449336347653,0.61298484439734191,0.8271976086723396
cumulative-state-load,gpt-5.6-sol-off,all-arms,dynamic,Omega_hat_StateLoad,81,595569.67752631637,0.73451454982791864,0.61548978970036261,0.82704841272560192
cumulative-state-load,gpt-5.6-sol-off,all-arms,dynamic,Omega_hat_StateLoad,82,674480.69459581818,0.73544253039032104,0.61797184775425207,0.82690928733448787
cumulative-state-load,gpt-5.6-sol-off,all-arms,dynamic,Omega_hat_StateLoad,83,763847.16104415117,0.7363684314972484,0.62043049006662987,0.82678057879039923
cumulative-state-load,gpt-5.6-sol-off,all-arms,dynamic,Omega_hat_StateLoad,84,865054.38941413839,0.73729224965826479,0.62286518262482538,0.82666264238202891
cumulative-state-load,gpt-5.6-sol-off,all-arms,dynamic,Omega_hat_StateLoad,85,979671.24158941,0.73821398144578998,0.62527538601765553,0.82655584230361967
cumulative-state-load,gpt-5.6-sol-off,all-arms,dynamic,Omega_hat_StateLoad,86,1109474.4484763925,0.73913362349495548,0.62766055560172251,0.82646055151666598
cumulative-state-load,gpt-5.6-sol-off,all-arms,dynamic,Omega_hat_StateLoad,87,1256476.1519639383,0.74005117250345576,0.63002014171714238,0.82637715156016067
cumulative-state-load,gpt-5.6-sol-off,all-arms,dynamic,Omega_hat_StateLoad,88,1422955.0961016999,0.74096662523139678,0.63235358995782831,0.82630603230425814
cumulative-state-load,gpt-5.6-sol-off,all-arms,dynamic,Omega_hat_StateLoad,89,1611491.9510067319,0.74187997850114173,0.63466034150165629,0.82624759164204464
cumulative-state-load,gpt-5.6-sol-off,all-arms,dynamic,Omega_hat_StateLoad,90,1825009.3170711552,0.74279122919715368,0.63693983350597771,0.82620223511395419
cumulative-state-load,gpt-5.6-sol-off,all-arms,dynamic,Omega_hat_StateLoad,91,2066817.0295953348,0.74370037426583491,0.63919149957404842,0.82617037545927219
cumulative-state-load,gpt-5.6-sol-off,all-arms,dynamic,Omega_hat_StateLoad,92,2340663.4661354679,0.74460741071536374,0.64141477029797322,0.82615243208914679
cumulative-state-load,gpt-5.6-sol-off,all-arms,dynamic,Omega_hat_StateLoad,93,2650793.6519054002,0.74551233561552854,0.6436090738837178,0.82614883047556131
cumulative-state-load,gpt-5.6-sol-off,all-arms,dynamic,Omega_hat_StateLoad,94,3002015.0639525093,0.7464151460975581,0.64577383686361134,0.8261600014508711
cumulative-state-load,gpt-5.6-sol-off,all-arms,dynamic,Omega_hat_StateLoad,95,3399772.1541696996,0.74731583935395007,0.64790848490150832,0.82618638041274484
cumulative-state-load,gpt-5.6-sol-off,all-arms,dynamic,Omega_hat_StateLoad,96,3850230.7463606251,0.74821441263829624,0.65001244369543076,0.82622840642971351
cumulative-state-load,gpt-5.6-sol-off,all-arms,dynamic,Omega_hat_StateLoad,97,4360373.6156375101,0.7491108632651049,0.65208513998200568,0.82628652124303481
cumulative-state-load,gpt-5.6-sol-off,all-arms,dynamic,Omega_hat_StateLoad,98,4938108.7317738971,0.7500051886096204,0.654126002646367,0.82636116816121807
cumulative-state-load,gpt-5.6-sol-off,all-arms,dynamic,Omega_hat_StateLoad,99,5592391.8444443662,0.75089738610764045,0.65613446394039221,0.82645279084437273
cumulative-state-load,gpt-5.6-sol-off,all-arms,dynamic,Omega_hat_StateLoad,100,6333365.3106040712,0.75178745325533081,0.65810996081115081,0.82656183197651922
cumulative-state-load,gpt-5.6-sol-off,all-arms,dynamic,Omega_hat_StateLoad,101,7172515.316037979,0.75267538760903607,0.66005193634029635,0.82668873182516434
cumulative-state-load,gpt-5.6-sol-off,all-arms,dynamic,Omega_hat_StateLoad,102,8122849.9282465167,0.75356118678508976,0.66195984129377528,0.82683392668878786
cumulative-state-load,gpt-5.6-sol-off,all-arms,dynamic,Omega_hat_StateLoad,103,9199100.7407512218,0.75444484845962001,0.66383313577970426,0.82699784723442227
cumulative-state-load,gpt-5.6-sol-off,all-arms,dynamic,Omega_hat_StateLoad,104,10417951.234605337,0.75532637036835493,0.66567129101055533,0.82718091672921445
cumulative-state-load,gpt-5.6-sol-off,all-arms,dynamic,Omega_hat_StateLoad,105,11798295.397051137,0.75620575030642234,0.66747379116391037,0.82738354917173562
cumulative-state-load,gpt-5.6-sol-off,all-arms,dynamic,Omega_hat_StateLoad,106,13361530.606296001,0.75708298612815028,0.6692401353340276,0.82760614733083271
cumulative-state-load,gpt-5.6-sol-off,all-arms,dynamic,Omega_hat_StateLoad,107,15131889.322554696,0.75795807574686269,0.67096983956431122,0.8278491007019575
cumulative-state-load,gpt-5.6-sol-off,all-arms,dynamic,Omega_hat_StateLoad,108,17136814.727060642,0.7588310171346746,0.67266243894855515,0.82811278339314054
cumulative-state-load,gpt-5.6-sol-off,all-arms,dynamic,Omega_hat_StateLoad,109,19407386.132006321,0.75970180832228296,0.67431748978655581,0.82839755195504572
cumulative-state-load,gpt-5.6-sol-off,all-arms,dynamic,Omega_hat_StateLoad,110,21978800.755897231,0.76057044739875646,0.67593457177743566,0.82870374317179751
cumulative-state-load,gpt-5.6-sol-off,all-arms,dynamic,Omega_hat_StateLoad,111,24890919.332550567,0.76143693251132338,0.67751329023183648,0.82903167183146254
cumulative-state-load,gpt-5.6-sol-off,all-arms,dynamic,Omega_hat_StateLoad,112,28188884.011485554,0.76230126186515557,0.67905327828209161,0.82938162849710551
cumulative-state-load,gpt-5.6-sol-off,all-arms,dynamic,Omega_hat_StateLoad,113,31923818.128077231,0.76316343372315187,0.68055419906765646,0.82975387730118366
cumulative-state-load,gpt-5.6-sol-off,all-arms,dynamic,Omega_hat_StateLoad,114,36153618.690945983,0.76402344640571829,0.68201574787151298,0.83014865378759306
cumulative-state-load,gpt-5.6-sol-off,all-arms,dynamic,Omega_hat_StateLoad,115,40943853.871311486,0.76488129829054641,0.68343765418208247,0.83056616282687989
cumulative-state-load,gpt-5.6-sol-off,all-arms,dynamic,Omega_hat_StateLoad,116,46368779.406724684,0.76573698781238975,0.68481968365438717,0.83100657663090571
cumulative-state-load,gpt-5.6-sol-off,all-arms,dynamic,Omega_hat_StateLoad,117,52512489.674939841,0.76659051346283757,0.68616163994392776,0.83147003289354171
cumulative-state-load,gpt-5.6-sol-off,all-arms,dynamic,Omega_hat_StateLoad,118,59470221.28127756,0.76744187379008733,0.68746336638698691,0.83195663308372181
cumulative-state-load,gpt-5.6-sol-off,all-arms,dynamic,Omega_hat_StateLoad,119,67349829.367010877,0.76829106739871433,0.68872474750189028,0.83246644091635924
cumulative-state-load,gpt-5.6-sol-off,all-arms,dynamic,Omega_hat_StateLoad,120,76273459.523741603,0.76913809294944013,0.68994571028717622,0.83299948102521704
cumulative-state-load,gpt-5.6-sol-off,all-arms,dynamic,Omega_hat_StateLoad,121,86379441.230914906,0.76998294915889831,0.69112622529463208,0.83355573785981085
cumulative-state-load,gpt-5.6-sol-off,all-arms,dynamic,Omega_hat_StateLoad,122,97824432.167555675,0.77082563479939881,0.69226630745774731,0.83413515482583889
cumulative-state-load,gpt-5.6-sol-off,all-arms,dynamic,Omega_hat_StateLoad,123,110785846.63823649,0.77166614869868977,0.69336601665923892,0.83473763368551657
cumulative-state-load,gpt-5.6-sol-off,all-arms,dynamic,Omega_hat_StateLoad,124,125464605.7574712,0.77250448973971841,0.69442545802489852,0.83536303423061031
cumulative-state-load,gpt-5.6-sol-off,all-arms,dynamic,Omega_hat_StateLoad,125,142088252.02446681,0.77334065686038966,0.69544478193497239,0.83601117423699889
cumulative-state-load,gpt-5.6-sol-off,all-arms,dynamic,Omega_hat_StateLoad,126,160914476.56875312,0.77417464905332234,0.69642418374853954,0.83668182970533356
cumulative-state-load,gpt-5.6-sol-off,all-arms,dynamic,Omega_hat_StateLoad,127,182235113.74421734,0.77500646536560391,0.69736390324077513,0.83737473538795348
cumulative-state-load,gpt-5.6-sol-off,all-arms,dynamic,Omega_hat_StateLoad,128,206380664.99367148,0.7758361048985456,0.69826422375745623,0.83808958559773461
cumulative-state-load,gpt-5.6-sol-off,all-arms,dynamic,Omega_hat_StateLoad,129,233725422.11054322,0.7766635668074312,0.69912547109546375,0.83882603529016064
cumulative-state-load,gpt-5.6-sol-off,all-arms,dynamic,Omega_hat_StateLoad,130,264693269.31583792,0.77748885030126946,0.69994801212222757,0.83958370140570637
cumulative-state-load,gpt-5.6-sol-off,all-arms,dynamic,Omega_hat_StateLoad,131,299764254.09115303,0.77831195464254077,0.70073225315094734,0.84036216445573897
cumulative-state-load,gpt-5.6-sol-off,all-arms,dynamic,Omega_hat_StateLoad,132,339482028.62538159,0.77913287914694451,0.70147863809188449,0.84116097033168369
cumulative-state-load,gpt-5.6-sol-off,all-arms,dynamic,Omega_hat_StateLoad,133,384462277.22855681,0.77995162318314393,0.70218764640298337,0.84197963231422712
cumulative-state-load,gpt-5.6-sol-off,all-arms,dynamic,Omega_hat_StateLoad,134,435402260.35021538,0.78076818617250987,0.70285979086548167,0.84281763325694492
cumulative-state-load,gpt-5.6-sol-off,all-arms,dynamic,Omega_hat_StateLoad,135,493091623.14870566,0.7815825675888628,0.70349561521194448,0.84367442791694736
cumulative-state-load,gpt-5.6-sol-off,all-arms,dynamic,Omega_hat_StateLoad,136,558424636.16026437,0.78239476695821331,0.70409569163531793,0.84454944540399268
cumulative-state-load,gpt-5.6-sol-off,all-arms,dynamic,Omega_hat_StateLoad,137,632414057.81634903,0.78320478385850134,0.70466061820810855,0.84544209171899165
cumulative-state-load,gpt-5.6-sol-off,all-arms,dynamic,Omega_hat_StateLoad,138,716206833.69878757,0.78401261791933385,0.70519101624071234,0.84635175235291749
cumulative-state-load,gpt-5.6-sol-off,all-arms,dynamic,Omega_hat_StateLoad,139,811101875.89441991,0.7848182688217219,0.70568752760725917,0.84727779491779454
cumulative-state-load,gpt-5.6-sol-off,all-arms,dynamic,Omega_hat_StateLoad,140,918570198.05556846,0.78562173629781429,0.7061508120661637,0.8482195717826031
cumulative-state-load,gpt-5.6-sol-off,all-arms,dynamic,Omega_hat_StateLoad,141,1040277718.2895838,0.7864230201306327,0.70658154460097633,0.84917642268854887
cumulative-state-load,gpt-5.6-sol-off,all-arms,dynamic,Omega_hat_StateLoad,142,1178111083.3559988,0.78722212015380344,0.70698041280513046,0.8501476773201263
cumulative-state-load,gpt-5.6-sol-off,all-arms,dynamic,Omega_hat_StateLoad,143,1334206914.4846187,0.78801903625128888,0.70734811433193667,0.85113265781066516
cumulative-state-load,gpt-5.6-sol-off,all-arms,dynamic,Omega_hat_StateLoad,144,1510984928.1679814,0.78881376835711747,0.70768535442869718,0.85213068116351909
cumulative-state-load,gpt-5.6-sol-off,all-arms,dynamic,Omega_hat_StateLoad,145,1711185445.3495414,0.78960631645511237,0.70799284357121928,0.85314106157264458
cumulative-state-load,gpt-5.6-sol-off,all-arms,dynamic,Omega_hat_StateLoad,146,1937911870.4555225,0.79039668057861945,0.70827129521236898,0.85416311262896594
cumulative-state-load,gpt-5.6-sol-off,all-arms,dynamic,Omega_hat_StateLoad,147,2194678798.7582965,0.79118486081023365,0.70852142365567294,0.85519614940154665
cumulative-state-load,gpt-5.6-sol-off,all-arms,dynamic,Omega_hat_StateLoad,148,2485466497.8067212,0.7919708572815245,0.70874394206242375,0.85623949038514313
cumulative-state-load,gpt-5.6-sol-off,all-arms,dynamic,Omega_hat_StateLoad,149,2814782607.4661736,0.79275467017276036,0.70893956059831165,0.8572924593081459
cumulative-state-load,gpt-5.6-sol-off,all-arms,dynamic,Omega_hat_StateLoad,150,3187732015.0103235,0.79353629971263218,0.70910898472333928,0.8583543867971819
cumulative-state-load,gpt-5.6-sol-off,all-arms,dynamic,Omega_hat_StateLoad,151,3610095988.4320011,0.79431574617797562,0.70925291362669363,0.85942461189673092
cumulative-state-load,gpt-5.6-sol-off,all-arms,dynamic,Omega_hat_StateLoad,152,4088421794.6565967,0.79509300989349252,0.70937203880638566,0.86050248344397429
cumulative-state-load,gpt-5.6-sol-off,all-arms,dynamic,Omega_hat_StateLoad,153,4630124191.8731194,0.7958680912314714,0.70946704279182182,0.86158736130073721
cumulative-state-load,gpt-5.6-sol-off,all-arms,dynamic,Omega_hat_StateLoad,154,5243600369.264082,0.79664099061150695,0.70953859800605124,0.86267861744580632
cumulative-state-load,gpt-5.6-sol-off,all-arms,dynamic,Omega_hat_StateLoad,155,5938360115.870491,0.79741170850021892,0.70958736576324422,0.86377563693209392
cumulative-state-load,gpt-5.6-sol-off,all-arms,dynamic,Omega_hat_StateLoad,156,6725173236.4017982,0.79818024541096988,0.70961399539597081,0.86487781871410452
cumulative-state-load,gpt-5.6-sol-off,all-arms,dynamic,Omega_hat_StateLoad,157,7616236499.1543064,0.79894660190358213,0.70961912350608347,0.86598457635192094
cumulative-state-load,gpt-5.6-sol-off,all-arms,dynamic,Omega_hat_StateLoad,158,8625362703.9778748,0.79971077858405415,0.70960337333241874,0.8670953385985235
cumulative-state-load,gpt-5.6-sol-off,all-arms,dynamic,Omega_hat_StateLoad,159,9768194801.1243382,0.80047277610427614,0.70956735422811823,0.8682095498776552
cumulative-state-load,gpt-5.6-sol-off,all-arms,dynamic,Omega_hat_StateLoad,160,11062448380.136814,0.80123259516174417,0.70951166124012544,0.86932667065971003
cumulative-state-load,gpt-5.6-sol-off,all-arms,dynamic,Omega_hat_StateLoad,161,12528186287.716778,0.80199023649927526,0.70943687478327633,0.87044617774323707
cumulative-state-load,gpt-5.6-sol-off,all-arms,dynamic,Omega_hat_StateLoad,162,14188129631.552031,0.80274570090471953,0.70934356040141,0.87156756444965877
cumulative-state-load,gpt-5.6-sol-off,all-arms,dynamic,Omega_hat_StateLoad,163,16068009991.126307,0.80349898921067442,0.7092322686080178,0.87269034073870633
cumulative-state-load,gpt-5.6-sol-off,all-arms,dynamic,Omega_hat_StateLoad,164,18196968295.298309,0.80425010229419513,0.70910353479912236,0.87381403325189355
cumulative-state-load,gpt-5.6-sol-off,all-arms,dynamic,Omega_hat_StateLoad,165,20608006549.844135,0.80499904107650777,0.70895787923132902,0.87493818529111167
cumulative-state-load,gpt-5.6-sol-off,all-arms,dynamic,Omega_hat_StateLoad,166,23338499417.408398,0.80574580652271888,0.70879580705827805,0.87606235673912802
cumulative-state-load,gpt-5.6-sol-off,all-arms,dynamic,Omega_hat_StateLoad,167,26430773580.110874,0.80649039964152691,0.70861780841907351,0.87718612392843387
cumulative-state-load,gpt-5.6-sol-off,all-arms,dynamic,Omega_hat_StateLoad,168,29932763865.786736,0.80723282148493181,0.70842435857261188,0.87830907946453163
cumulative-state-load,gpt-5.6-sol-off,all-arms,dynamic,Omega_hat_StateLoad,169,33898756308.788662,0.80797307314794398,0.70821591807212625,0.87943083200936023
cumulative-state-load,gpt-5.6-sol-off,all-arms,dynamic,Omega_hat_StateLoad,170,38390229663.893478,0.80871115576829444,0.70799293297464638,0.88055100603017677
cumulative-state-load,gpt-5.6-sol-off,all-arms,dynamic,Omega_hat_StateLoad,171,43476808418.023773,0.80944707052614195,0.70775583508046058,0.88166924151881754
cumulative-state-load,gpt-5.6-sol-off,all-arms,dynamic,Omega_hat_StateLoad,172,49237342072.879868,0.81018081864378244,0.70750504219806554,0.88278519368586861
cumulative-state-load,gpt-5.6-sol-off,all-arms,dynamic,Omega_hat_StateLoad,173,55761127428.957268,0.81091240138535592,0.70724095843045487,0.88389853263390561
cumulative-state-load,gpt-5.6-sol-off,all-arms,dynamic,Omega_hat_StateLoad,174,63149292818.164284,0.81164182005655439,0.70696397447897863,0.88500894301358635
cumulative-state-load,gpt-5.6-sol-off,all-arms,dynamic,Omega_hat_StateLoad,175,71516365742.693665,0.81236907600432906,0.70667446796134126,0.88611612366603243
cumulative-state-load,gpt-5.6-sol-off,all-arms,dynamic,Omega_hat_StateLoad,176,80992048220.871994,0.81309417061659661,0.70637280374065514,0.88721978725460271
cumulative-state-load,gpt-5.6-sol-off,all-arms,dynamic,Omega_hat_StateLoad,177,91723227360.476089,0.8138171053219464,0.70605933426277345,0.8883196598888371
cumulative-state-load,gpt-5.6-sol-off,all-arms,dynamic,Omega_hat_StateLoad,178,103876252326.37943,0.81453788158934626,0.70573439989942199,0.88941548074306409
cumulative-state-load,gpt-5.6-sol-off,all-arms,dynamic,Omega_hat_StateLoad,179,117639512998.89848,0.81525650092784918,0.70539832929492996,0.89050700167188046
cumulative-state-load,gpt-5.6-sol-off,all-arms,dynamic,Omega_hat_StateLoad,180,133226360295.8611,0.81597296488629878,0.70505143971461304,0.89159398682445767
cumulative-state-load,gpt-5.6-sol-off,all-arms,dynamic,Omega_hat_StateLoad,181,150878413427.71277,0.81668727505303529,0.70469403739309744,0.8926762122593932
cumulative-state-load,gpt-5.6-sol-off,all-arms,dynamic,Omega_hat_StateLoad,182,170869305353.01147,0.81739943305560081,0.70432641788109063,0.89375346556160795
cumulative-state-load,gpt-5.6-sol-off,all-arms,dynamic,Omega_hat_StateLoad,183,193508924494.41779,0.81810944056044488,0.70394886638930543,0.89482554546259285
cumulative-state-load,gpt-5.6-sol-off,all-arms,dynamic,Omega_hat_StateLoad,184,219148218468.05231,0.81881729927263058,0.70356165812842097,0.89589226146512158
cumulative-state-load,gpt-5.6-sol-off,all-arms,dynamic,Omega_hat_StateLoad,185,248184634291.15179,0.81952301093553859,0.70316505864412771,0.89695343347339229
cumulative-state-load,gpt-5.6-sol-off,all-arms,dynamic,Omega_hat_StateLoad,186,281068279399.27899,0.82022657733057369,0.70275932414645714,0.89800889142939977
cumulative-state-load,gpt-5.6-sol-off,all-arms,dynamic,Omega_hat_StateLoad,187,318308898977.9881,0.82092800027686919,0.70234470183272057,0.89905847495621993
cumulative-state-load,gpt-5.6-sol-off,all-arms,dynamic,Omega_hat_StateLoad,188,360483777767.9118,0.82162728163099219,0.70192143020350828,0.90010203300875757
cumulative-state-load,gpt-5.6-sol-off,all-arms,dynamic,Omega_hat_StateLoad,189,408246688832.94879,0.82232442328664956,0.70148973937130477,0.9011394235324065
cumulative-state-load,gpt-5.6-sol-off,all-arms,dynamic,Omega_hat_StateLoad,190,462338028010.70764,0.82301942717439236,0.70104985136136622,0.9021705131299772
cumulative-state-load,gpt-5.6-sol-off,all-arms,dynamic,Omega_hat_StateLoad,191,523596291144.19409,0.82371229526132184,0.7006019804045972,0.90319517673715977
cumulative-state-load,gpt-5.6-sol-off,all-arms,dynamic,Omega_hat_StateLoad,192,592971072008.82837,0.8244030295507947,0.70014633322223141,0.90421329730671751
cumulative-state-load,gpt-5.6-sol-off,all-arms,dynamic,Omega_hat_StateLoad,193,671537782421.88806,0.82509163208212843,0.69968310930219013,0.90522476550154007
cumulative-state-load,gpt-5.6-sol-off,all-arms,dynamic,Omega_hat_StateLoad,194,760514322717.90979,0.82577810493030701,0.69921250116704592,0.90622947939662812
cumulative-state-load,gpt-5.6-sol-off,all-arms,dynamic,Omega_hat_StateLoad,195,861279961007.04492,0.82646245020568765,0.69873469463357141,0.9072273441900347
cumulative-state-load,gpt-5.6-sol-off,all-arms,dynamic,Omega_hat_StateLoad,196,975396713872.86499,0.82714467005370573,0.69824986906389275,0.90821827192273763
cumulative-state-load,gpt-5.6-sol-off,all-arms,dynamic,Omega_hat_StateLoad,197,1104633559942.075,0.82782476665458171,0.69775819760830771,0.90920218120739105
cumulative-state-load,gpt-5.6-sol-off,all-arms,dynamic,Omega_hat_StateLoad,198,1250993861672.3154,0.82850274222302689,0.69725984743985303,0.91017899696586313
cumulative-state-load,gpt-5.6-sol-off,all-arms,dynamic,Omega_hat_StateLoad,199,1416746420436.3638,0.82917859900795121,0.69675497998074221,0.91114865017544411
cumulative-state-load,gpt-5.6-sol-off,all-arms,dynamic,Omega_hat_StateLoad,200,1604460646302.5212,0.82985233929216906,0.69624375112080605,0.91211107762358812
cumulative-state-load,gpt-5.6-sol-off,all-arms,dynamic,Omega_hat_StateLoad,201,1817046387694.8501,0.83052396539210738,0.69572631142809527,0.91306622167102947
cumulative-state-load,gpt-5.6-sol-off,all-arms,dynamic,Omega_hat_StateLoad,202,2057799038351.9771,0.83119347965751245,0.69520280635181653,0.91401403002310166
cumulative-state-load,gpt-5.6-sol-off,all-arms,dynamic,Omega_hat_StateLoad,203,2330450620809.0474,0.83186088447115869,0.69467337641778082,0.91495445550907251
cumulative-state-load,gpt-5.6-sol-off,all-arms,dynamic,Omega_hat_StateLoad,204,2639227638272.5801,0.83252618224855579,0.69413815741656237,0.9158874558693052
cumulative-state-load,gpt-5.6-sol-off,all-arms,dynamic,Omega_hat_StateLoad,205,2988916591677.7441,0.83318937543765825,0.69359728058456294,0.91681299355003698
cumulative-state-load,gpt-5.6-sol-off,all-arms,dynamic,Omega_hat_StateLoad,206,3384938177539.5894,0.83385046651857331,0.69305087277818866,0.91773103550557278
cumulative-state-load,gpt-5.6-sol-off,all-arms,dynamic,Omega_hat_StateLoad,207,3833431316774.7251,0.8345094580032717,0.6924990566413477,0.91864155300768136
cumulative-state-load,gpt-5.6-sol-off,all-arms,dynamic,Omega_hat_StateLoad,208,4341348317064.5972,0.83516635243529569,0.6919419507664748,0.91954452146198107
cumulative-state-load,gpt-5.6-sol-off,all-arms,dynamic,Omega_hat_StateLoad,209,4916562643917.8984,0.83582115238947063,0.69137966984929866,0.92043992023110011
cumulative-state-load,gpt-5.6-sol-off,all-arms,dynamic,Omega_hat_StateLoad,210,5567990971043.127,0.83647386047161509,0.69081232483755695,0.92132773246440125
cumulative-state-load,gpt-5.6-sol-off,all-arms,dynamic,Omega_hat_StateLoad,211,6305731401992.79,0.83712447931825151,0.69024002307386978,0.92220794493405522
cumulative-state-load,gpt-5.6-sol-off,all-arms,dynamic,Omega_hat_StateLoad,212,7141220005719.3965,0.8377730115963189,0.68966286843297508,0.92308054787725613
cumulative-state-load,gpt-5.6-sol-off,all-arms,dynamic,Omega_hat_StateLoad,213,8087408092575.9355,0.83841946000288414,0.68908096145353215,0.92394553484437003
cumulative-state-load,gpt-5.6-sol-off,all-arms,dynamic,Omega_hat_StateLoad,214,9158962978801.8008,0.83906382726485462,0.68849439946468705,0.92480290255281472
cumulative-state-load,gpt-5.6-sol-off,all-arms,dynamic,Omega_hat_StateLoad,215,10372495351640.289,0.83970611613869173,0.68790327670759988,0.92565265074646907
cumulative-state-load,gpt-5.6-sol-off,all-arms,dynamic,Omega_hat_StateLoad,216,11746816759584.111,0.84034632941012466,0.68730768445212087,0.92649478206042046
cumulative-state-load,gpt-5.6-sol-off,all-arms,dynamic,Omega_hat_StateLoad,217,13303231219228.748,0.84098446989386422,0.68670771110880202,0.92732930189085572
cumulative-state-load,gpt-5.6-sol-off,all-arms,dynamic,Omega_hat_StateLoad,218,15065865459071.664,0.84162054043331846,0.68610344233642562,0.92815621826991246
cumulative-state-load,gpt-5.6-sol-off,all-arms,dynamic,Omega_hat_StateLoad,219,17062042919525.213,0.84225454390030718,0.68549496114522346,0.92897554174530927
cumulative-state-load,gpt-5.6-sol-off,all-arms,dynamic,Omega_hat_StateLoad,220,19322707306697.164,0.84288648319477932,0.68488234799595882,0.9297872852645801
cumulative-state-load,gpt-5.6-sol-off,all-arms,dynamic,Omega_hat_StateLoad,221,21882902265649.543,0.84351636124452878,0.68426568089503348,0.9305914640637406
cumulative-state-load,gpt-5.6-sol-off,all-arms,dynamic,Omega_hat_StateLoad,222,24782314608781.605,0.8441441810049124,0.68364503548578248,0.93138809556022484
cumulative-state-load,gpt-5.6-sol-off,all-arms,dynamic,Omega_hat_StateLoad,223,28065889520180.477,0.84476994545856754,0.68302048513610769,0.9321771992499277
cumulative-state-load,gpt-5.6-sol-off,all-arms,dynamic,Omega_hat_StateLoad,224,31784527272519.461,0.8453936576151313,0.68239210102260017,0.9329587966082058
cumulative-state-load,gpt-5.6-sol-off,all-arms,dynamic,Omega_hat_StateLoad,225,35995872256645.188,0.84601532051095973,0.68175995221129504,0.93373291099467937
cumulative-state-load,gpt-5.6-sol-off,all-arms,dynamic,Omega_hat_StateLoad,226,40765206554982.133,0.84663493720884875,0.68112410573519633,0.93449956756169816
cumulative-state-load,gpt-5.6-sol-off,all-arms,dynamic,Omega_hat_StateLoad,227,46166461910464.57,0.84725251079775399,0.68048462666870413,0.93525879316632721
cumulative-state-load,gpt-5.6-sol-off,all-arms,dynamic,Omega_hat_StateLoad,228,52283365778012.797,0.84786804439251318,0.67984157819907454,0.93601061628572402
cumulative-state-load,gpt-5.6-sol-off,all-arms,dynamic,Omega_hat_StateLoad,229,59210739224048.375,0.84848154113356855,0.67919502169503232,0.93675506693577071
cumulative-state-load,gpt-5.6-sol-off,all-arms,dynamic,Omega_hat_StateLoad,230,67055966793412.406,0.84909300418668987,0.67854501677265555,0.93749217659284523
cumulative-state-load,gpt-5.6-sol-off,all-arms,dynamic,Omega_hat_StateLoad,231,75940661128800.391,0.84970243674269863,0.67789162135864833,0.93822197811860442
cumulative-state-load,gpt-5.6-sol-off,all-arms,dynamic,Omega_hat_StateLoad,232,86002548146779.891,0.85030984201719262,0.67723489175110529,0.93894450568766885
cumulative-state-load,gpt-5.6-sol-off,all-arms,dynamic,Omega_hat_StateLoad,233,97397601993407.797,0.85091522325027158,0.67657488267787758,0.93965979471809657
cumulative-state-load,gpt-5.6-sol-off,all-arms,dynamic,Omega_hat_StateLoad,234,110302462874426.61,0.85151858370626399,0.67591164735263787,0.94036788180453978
cumulative-state-load,gpt-5.6-sol-off,all-arms,dynamic,Omega_hat_StateLoad,235,124917175239979.11,0.85211992667345382,0.67524523752874088,0.94106880465398068
cumulative-state-load,gpt-5.6-sol-off,all-arms,dynamic,Omega_hat_StateLoad,236,141468288769764.84,0.85271925546380944,0.67457570355097263,0.94176260202395046
cumulative-state-load,gpt-5.6-sol-off,all-arms,dynamic,Omega_hat_StateLoad,237,160212370228497.03,0.85331657341271161,0.67390309440527418,0.94244931366313467
cumulative-state-load,gpt-5.6-sol-off,all-arms,dynamic,Omega_hat_StateLoad,238,181439980630619.34,0.85391188387868422,0.67322745776652948,0.94312898025427616
cumulative-state-load,gpt-5.6-sol-off,all-arms,dynamic,Omega_hat_StateLoad,239,205480179366224.44,0.85450519024312421,0.67254884004449111,0.9438016433592844
cumulative-state-load,qwen3.8-27b-high,all-arms,dynamic,Omega_hat_StateLoad,0,24.999999999999993,0.20859838538589023,0.08085834679847452,0.44126046208589126
cumulative-state-load,qwen3.8-27b-high,all-arms,dynamic,Omega_hat_StateLoad,1,28.312417507438298,0.21059660490674542,0.082334190335218521,0.44235270262652265
cumulative-state-load,qwen3.8-27b-high,all-arms,dynamic,Omega_hat_StateLoad,2,32.063719404619953,0.21260882357651834,0.083834056488878803,0.44344697222660046
cumulative-state-load,qwen3.8-27b-high,all-arms,dynamic,Omega_hat_StateLoad,3,36.312056424998055,0.21463504111180526,0.085358228629669186,0.44454329412476751
cumulative-state-load,qwen3.8-27b-high,all-arms,dynamic,Omega_hat_StateLoad,4,41.12328408232807,0.21667525517450531,0.086906989381241639,0.44564169238969731
cumulative-state-load,qwen3.8-27b-high,all-arms,dynamic,Omega_hat_StateLoad,5,46.571983528634576,0.21872946134380794,0.08848062042858805,0.44674219194867898
cumulative-state-load,qwen3.8-27b-high,all-arms,dynamic,Omega_hat_StateLoad,6,52.742617672489672,0.22079765308851135,0.090079402318828064,0.44784481861730363
cumulative-state-load,qwen3.8-27b-high,all-arms,dynamic,Omega_hat_StateLoad,7,59.730840479148867,0.22287982173969201,0.091703614254765628,0.44894959913029964
cumulative-state-load,qwen3.8-27b-high,all-arms,dynamic,Omega_hat_StateLoad,8,67.644979748634356,0.22497595646374743,0.09335353388110397,0.45005656117356779
cumulative-state-load,qwen3.8-27b-high,all-arms,dynamic,Omega_hat_StateLoad,9,76.607716357021744,0.2270860442358334,0.095029437063209418,0.45116573341746802
cumulative-state-load,qwen3.8-27b-high,all-arms,dynamic,Omega_hat_StateLoad,10,86.757985991656412,0.22921006981371694,0.096731597658322094,0.45227714555141141
cumulative-state-load,qwen3.8-27b-high,all-arms,dynamic,Omega_hat_StateLoad,11,98.25313286001041,0.23134801571206812,0.098460287279112407,0.45339082831981709
cumulative-state-load,qwen3.8-27b-high,all-arms,dynamic,Omega_hat_StateLoad,12,111.27134875785683,0.23349986217721094,0.10021577504949135,0.45450681355949113
cumulative-state-load,qwen3.8-27b-high,all-arms,dynamic,Omega_hat_StateLoad,13,126.01443530592877,0.2356655871623573,0.10199832735258361,0.45562513423849194
cumulative-state-load,qwen3.8-27b-high,all-arms,dynamic,Omega_hat_StateLoad,14,142.71093217382108,0.23784516630334468,0.10380820757078231,0.45674582449654766
cumulative-state-load,qwen3.8-27b-high,all-arms,dynamic,Omega_hat_StateLoad,15,161.6196597832373,0.24003857289490124,0.10564567581780693,0.45786891968709337
cumulative-state-load,qwen3.8-27b-high,all-arms,dynamic,Omega_hat_StateLoad,16,183.03373140772601,0.24224577786745966,0.10751098866269486,0.45899445642100078
cumulative-state-load,qwen3.8-27b-high,all-arms,dynamic,Omega_hat_StateLoad,17,207.28509686239448,0.24446674976454288,0.10940439884566214,0.46012247261207539
cumulative-state-load,qwen3.8-27b-high,all-arms,dynamic,Omega_hat_StateLoad,18,234.74968821751611,0.24670145472074423,0.11132615498577668,0.46125300752439985
cumulative-state-load,qwen3.8-27b-high,all-arms,dynamic,Omega_hat_StateLoad,19,265.85324730221129,0.24894985644032391,0.11327650128039601,0.46238610182160594
cumulative-state-load,qwen3.8-27b-high,all-arms,dynamic,Omega_hat_StateLoad,20,301.07792533313796,0.25121191617644539,0.11525567719632666,0.46352179761816176
cumulative-state-load,qwen3.8-27b-high,all-arms,dynamic,Omega_hat_StateLoad,21,340.96975697220569,0.25348759271107285,0.11726391715267384,0.4646601385327635
cumulative-state-load,qwen3.8-27b-high,all-arms,dynamic,Omega_hat_StateLoad,22,386.14712467227469,0.25577684233555298,0.11930145019535603,0.4658011697439271
cumulative-state-load,qwen3.8-27b-high,all-arms,dynamic,Omega_hat_StateLoad,23,437.31034452073055,0.25807961883190439,0.12136849966327022,0.46694493804787834
cumulative-state-load,qwen3.8-27b-high,all-arms,dynamic,Omega_hat_StateLoad,24,495.25252217570409,0.26039587345483456,0.12346528284610088,0.46809149191884403
cumulative-state-load,qwen3.8-27b-high,all-arms,dynamic,Omega_hat_StateLoad,25,560.87184717801495,0.26272555491450855,0.12559201063377665,0.46924088157185273
cumulative-state-load,qwen3.8-27b-high,all-arms,dynamic,Omega_hat_StateLoad,26,635.185516218884,0.2650686093600908,0.12774888715758864,0.47039315902815781
cumulative-state-load,qwen3.8-27b-high,all-arms,dynamic,Omega_hat_StateLoad,27,719.34550119467121,0.26742498036408185,0.12993610942299402,0.47154837818340078
cumulative-state-load,qwen3.8-27b-high,all-arms,dynamic,Omega_hat_StateLoad,28,814.65640647683915,0.26979460890747148,0.13215386693413878,0.47270659487863786
cumulative-state-load,qwen3.8-27b-high,all-arms,dynamic,Omega_hat_StateLoad,29,922.59569221126492,0.27217743336573003,0.13440234131014597,0.47386786697435845
cumulative-state-load,qwen3.8-27b-high,all-arms,dynamic,Omega_hat_StateLoad,30,1044.8365771379745,0.27457338949565929,0.13668170589322468,0.47503225442762981
cumulative-state-load,qwen3.8-27b-high,all-arms,dynamic,Omega_hat_StateLoad,31,1183.2739759589249,0.27698241042312322,0.13899212534866809,0.4761998193725086
cumulative-state-load,qwen3.8-27b-high,all-arms,dynamic,Omega_hat_StateLoad,32,1340.0538733214246,0.27940442663167975,0.14133375525681935,0.47737062620386445
cumulative-state-load,qwen3.8-27b-high,all-arms,dynamic,Omega_hat_StateLoad,33,1517.6065897574397,0.28183936595213377,0.14370674169709619,0.47854474166476801
cumulative-state-load,qwen3.8-27b-high,all-arms,dynamic,Omega_hat_StateLoad,34,1718.68445525009,0.28428715355303147,0.14611122082417741,0.47972223493760396
cumulative-state-load,qwen3.8-27b-high,all-arms,dynamic,Omega_hat_StateLoad,35,1946.4044744233875,0.28674771193211535,0.14854731843646549,0.48090317773907115
cumulative-state-load,qwen3.8-27b-high,all-arms,dynamic,Omega_hat_StateLoad,36,2204.29664472884,0.28922096090875932,0.15101514953695294,0.48208764441924407
cumulative-state-load,qwen3.8-27b-high,all-arms,dynamic,Omega_hat_StateLoad,37,2496.3586766323347,0.2917068176174028,0.15351481788663102,0.48327571206487419
cumulative-state-load,qwen3.8-27b-high,all-arms,dynamic,Omega_hat_StateLoad,38,2827.1179640452315,0.294205196502002,0.15604641555059331,0.48446746060711482
cumulative-state-load,qwen3.8-27b-high,all-arms,dynamic,Omega_hat_StateLoad,39,3201.7017656331,0.29671600931151637,0.15861002243699801,0.48566297293386496
cumulative-state-load,qwen3.8-27b-high,all-arms,dynamic,Omega_hat_StateLoad,40,3625.9166849162661,0.29923916509644705,0.16120570582906543,0.48686233500692921
cumulative-state-load,qwen3.8-27b-high,all-arms,dynamic,Omega_hat_StateLoad,41,4106.3386812214403,0.30177457020644549,0.16383351991030065,0.48806563598420116
cumulative-state-load,qwen3.8-27b-high,all-arms,dynamic,Omega_hat_StateLoad,42,4650.4150067874043,0.30432212828900707,0.16649350528314244,0.48927296834708423
cumulative-state-load,qwen3.8-27b-high,all-arms,dynamic,Omega_hat_StateLoad,43,5266.5796502008579,0.30688174028926613,0.16918568848125445,0.49048442803337022
cumulative-state-load,qwen3.8-27b-high,all-arms,dynamic,Omega_hat_StateLoad,44,5964.3840757065991,0.30945330445090752,0.17191008147568443,0.49170011457580171
cumulative-state-load,qwen3.8-27b-high,all-arms,dynamic,Omega_hat_StateLoad,45,6754.6452850448659,0.31203671631820917,0.17466668117513312,0.49292013124655309
cumulative-state-load,qwen3.8-27b-high,all-arms,dynamic,Omega_hat_StateLoad,46,7649.6134969936093,0.31463186873922888,0.17745546892058503,0.4941445852078703
cumulative-state-load,qwen3.8-27b-high,all-arms,dynamic,Omega_hat_StateLoad,47,8663.1620438967238,0.31723865187014949,0.18027640997456706,0.49537358766911138
cumulative-state-load,qwen3.8-27b-high,all-arms,dynamic,Omega_hat_StateLoad,48,9811.0024288558579,0.31985695318079388,0.18312945300531536,0.49660725405044454
cumulative-state-load,qwen3.8-27b-high,all-arms,dynamic,Omega_hat_StateLoad,49,11110.927877290325,0.32248665746132221,0.1860145295661412,0.49784570415345153
cumulative-state-load,qwen3.8-27b-high,all-arms,dynamic,Omega_hat_StateLoad,50,12583.08915827515,0.32512764683012163,0.18893155357030339,0.49908906233890127
cumulative-state-load,qwen3.8-27b-high,all-arms,dynamic,Omega_hat_StateLoad,51,14250.306951296287,0.3277798007428992,0.1918804207617073,0.50033745771195137
cumulative-state-load,qwen3.8-27b-high,all-arms,dynamic,Omega_hat_StateLoad,52,16138.425600570021,0.33044299600298693,0.19486100818176463,0.50159102431504055
cumulative-state-load,qwen3.8-27b-high,all-arms,dynamic,Omega_hat_StateLoad,53,18276.713740642757,0.33311710677286838,0.19787317363276596,0.50284990132873719
cumulative-state-load,qwen3.8-27b-high,all-arms,dynamic,Omega_hat_StateLoad,54,20698.318003560475,0.33580200458693249,0.20091675513812943,0.50411423328080118
cumulative-state-load,qwen3.8-27b-high,all-arms,dynamic,Omega_hat_StateLoad,55,23440.77684074123,0.33849755836546408,0.20399157039991275,0.5053841702637184
cumulative-state-load,qwen3.8-27b-high,all-arms,dynamic,Omega_hat_StateLoad,56,26546.602424550303,0.34120363442987445,0.20709741625398656,0.50665986816095909
cumulative-state-load,qwen3.8-27b-high,all-arms,dynamic,Omega_hat_StateLoad,57,30063.939649913667,0.34392009651917921,0.21023406812329481,0.50794148888220003
cumulative-state-load,qwen3.8-27b-high,all-arms,dynamic,Omega_hat_StateLoad,58,34047.312451471349,0.34664680580772561,0.21340127946964468,0.5092292006077429
cumulative-state-load,qwen3.8-27b-high,all-arms,dynamic,Omega_hat_StateLoad,59,38558.469005290368,0.34938362092417419,0.21659878124449439,0.51052317804234026
cumulative-state-load,qwen3.8-27b-high,all-arms,dynamic,Omega_hat_StateLoad,60,43667.338917015979,0.35213039797173512,0.21982628133923637,0.51182360267862714
cumulative-state-load,qwen3.8-27b-high,all-arms,dynamic,Omega_hat_StateLoad,61,49453.117234294703,0.3548869905496625,0.22308346403550181,0.51313066307032307
cumulative-state-load,qwen3.8-27b-high,all-arms,dynamic,Omega_hat_StateLoad,62,56005.492087265739,0.35765324977600493,0.22636998945604686,0.51444455511534859
cumulative-state-load,qwen3.8-27b-high,all-arms,dynamic,Omega_hat_StateLoad,63,63426.034987367959,0.36042902431161283,0.22968549301682414,0.51576548234895558
cumulative-state-load,qwen3.8-27b-high,all-arms,dynamic,Omega_hat_StateLoad,64,71829.775336149993,0.36321416038540044,0.23302958488088074,0.51709365624693138
cumulative-state-load,qwen3.8-27b-high,all-arms,dynamic,Omega_hat_StateLoad,65,81346.983551302881,0.36600850182085942,0.23640184941478273,0.51842929653888592
cumulative-state-load,qwen3.8-27b-high,all-arms,dynamic,Omega_hat_StateLoad,66,92125.190451008311,0.36881189006382004,0.23980184464831822,0.51977263153156494
cumulative-state-load,qwen3.8-27b-high,all-arms,dynamic,Omega_hat_StateLoad,67,104331.47420004857,0.37162416421145589,0.24322910173830084,0.52112389844206941
cumulative-state-load,qwen3.8-27b-high,all-arms,dynamic,Omega_hat_StateLoad,68,118155.05026873205,0.37444516104252562,0.24668312443737095,0.52248334374077032
cumulative-state-load,qwen3.8-27b-high,all-arms,dynamic,Omega_hat_StateLoad,69,133810.20455282801,0.37727471504884452,0.25016338856877807,0.52385122350361946
cumulative-state-load,qwen3.8-27b-high,all-arms,dynamic,Omega_hat_StateLoad,70,151539.61512221544,0.38011265846797787,0.25366934150822756,0.52522780377344191
cumulative-state-load,qwen3.8-27b-high,all-arms,dynamic,Omega_hat_StateLoad,71,171618.11409026734,0.38295882131714831,0.25720040167398817,0.52661336092967548
cumulative-state-load,qwen3.8-27b-high,all-arms,dynamic,Omega_hat_StateLoad,72,194356.94791851306,0.38581303142834406,0.26075595802658547,0.52800818206587219
cumulative-state-load,qwen3.8-27b-high,all-arms,dynamic,Omega_hat_StateLoad,73,220108.60219761523,0.38867511448462067,0.26433536957955173,0.52941256537412162
cumulative-state-load,qwen3.8-27b-high,all-arms,dynamic,Omega_hat_StateLoad,74,249272.26569590121,0.3915448940575802,0.26793796492286931,0.53082682053536201
cumulative-state-load,qwen3.8-27b-high,all-arms,dynamic,Omega_hat_StateLoad,75,282300.01837629767,0.39442219164601666,0.27156304176093155,0.53225126911434584
cumulative-state-load,qwen3.8-27b-high,all-arms,dynamic,Omega_hat_StateLoad,76,319703.83930509043,0.39730682671571294,0.2752098664670557,0.53368624495778427
cumulative-state-load,qwen3.8-27b-high,all-arms,dynamic,Omega_hat_StateLoad,77,362063.54308546719,0.40019861674037299,0.27887767365681948,0.53513209459393574
cumulative-state-load,qwen3.8-27b-high,all-arms,dynamic,Omega_hat_StateLoad,78,410035.76784232468,0.40309737724367317,0.2825656657827606,0.53658917763160863
cumulative-state-load,qwen3.8-27b-high,all-arms,dynamic,Omega_hat_StateLoad,79,464364.15408539743,0.40600292184241554,0.28627301275327083,0.53805786715622406
cumulative-state-load,qwen3.8-27b-high,all-arms,dynamic,Omega_hat_StateLoad,80,525890.8722381671,0.40891506229076258,0.28999885157885003,0.53953855012021612
cumulative-state-load,qwen3.8-27b-high,all-arms,dynamic,Omega_hat_StateLoad,81,595569.67752631637,0.41183360852553741,0.29374228604924885,0.54103162772465518
cumulative-state-load,qwen3.8-27b-high,all-arms,dynamic,Omega_hat_StateLoad,82,674480.69459581818,0.41475836871256305,0.29750238644543198,0.5425375157885326
cumulative-state-load,qwen3.8-27b-high,all-arms,dynamic,Omega_hat_StateLoad,83,763847.16104415117,0.41768914929402579,0.30127818929073813,0.5440566451016694
cumulative-state-load,qwen3.8-27b-high,all-arms,dynamic,Omega_hat_StateLoad,84,865054.38941413839,0.42062575503683369,0.30506869714609208,0.54558946175668277
cumulative-state-load,qwen3.8-27b-high,all-arms,dynamic,Omega_hat_StateLoad,85,979671.24158941,0.42356798908195142,0.30887287845465572,0.54713642745488134
cumulative-state-load,qwen3.8-27b-high,all-arms,dynamic,Omega_hat_StateLoad,86,1109474.4484763925,0.42651565299468264,0.31268966744186794,0.54869801978034061
cumulative-state-load,qwen3.8-27b-high,all-arms,dynamic,Omega_hat_StateLoad,87,1256476.1519639383,0.4294685468158787,0.31651796407743393,0.55027473243576519
cumulative-state-load,qwen3.8-27b-high,all-arms,dynamic,Omega_hat_StateLoad,88,1422955.0961016999,0.4324264691140432,0.32035663410647375,0.55186707543303604
cumulative-state-load,qwen3.8-27b-high,all-arms,dynamic,Omega_hat_StateLoad,89,1611491.9510067319,0.43538921703830713,0.32420450915772286,0.55347557523062008
cumulative-state-load,qwen3.8-27b-high,all-arms,dynamic,Omega_hat_StateLoad,90,1825009.3170711552,0.43835658637224606,0.32806038693739725,0.55510077480923958
cumulative-state-load,qwen3.8-27b-high,all-arms,dynamic,Omega_hat_StateLoad,91,2066817.0295953348,0.44132837158851085,0.33192303151807245,0.55674323367641865
cumulative-state-load,qwen3.8-27b-high,all-arms,dynamic,Omega_hat_StateLoad,92,2340663.4661354679,0.4443043659042395,0.33579117373268552,0.5584035277897067
cumulative-state-load,qwen3.8-27b-high,all-arms,dynamic,Omega_hat_StateLoad,93,2650793.6519054002,0.44728436133722277,0.33966351168452291,0.56008224938757212
cumulative-state-load,qwen3.8-27b-high,all-arms,dynamic,Omega_hat_StateLoad,94,3002015.0639525093,0.45026814876278975,0.34353871138480951,0.56178000671615846
cumulative-state-load,qwen3.8-27b-high,all-arms,dynamic,Omega_hat_StateLoad,95,3399772.1541696996,0.45325551797138219,0.34741540753022132,0.56349742363932431
cumulative-state-load,qwen3.8-27b-high,all-arms,dynamic,Omega_hat_StateLoad,96,3850230.7463606251,0.45624625772678434,0.35129220443331138,0.56523513911867551
cumulative-state-load,qwen3.8-27b-high,all-arms,dynamic,Omega_hat_StateLoad,97,4360373.6156375101,0.45924015582497402,0.35516767711941344,0.56699380654966225
cumulative-state-load,qwen3.8-27b-high,all-arms,dynamic,Omega_hat_StateLoad,98,4938108.7317738971,0.46223699915356259,0.3590403726040578,0.56877409293929271
cumulative-state-load,qwen3.8-27b-high,all-arms,dynamic,Omega_hat_StateLoad,99,5592391.8444443662,0.46523657375178717,0.36290881136525022,0.57057667791064126
cumulative-state-load,qwen3.8-27b-high,all-arms,dynamic,Omega_hat_StateLoad,100,6333365.3106040712,0.46823866487101962,0.36677148902509404,0.57240225251914556
cumulative-state-load,qwen3.8-27b-high,all-arms,dynamic,Omega_hat_StateLoad,101,7172515.316037979,0.47124305703575814,0.37062687825513591,0.57425151786573769
cumulative-state-load,qwen3.8-27b-high,all-arms,dynamic,Omega_hat_StateLoad,102,8122849.9282465167,0.47424953410506276,0.37447343091942459,0.57612518349218533
cumulative-state-load,qwen3.8-27b-high,all-arms,dynamic,Omega_hat_StateLoad,103,9199100.7407512218,0.47725787933439995,0.37830958046856,0.57802396554468816
cumulative-state-load,qwen3.8-27b-high,all-arms,dynamic,Omega_hat_StateLoad,104,10417951.234605337,0.48026787543785671,0.38213374459690136,0.5799485846928234
cumulative-state-load,qwen3.8-27b-high,all-arms,dynamic,Omega_hat_StateLoad,105,11798295.397051137,0.48327930465068808,0.38594432817356961,0.58189976379242803
cumulative-state-load,qwen3.8-27b-high,all-arms,dynamic,Omega_hat_StateLoad,106,13361530.606296001,0.48629194879215981,0.38973972645584687,0.58387822528298483
cumulative-state-load,qwen3.8-27b-high,all-arms,dynamic,Omega_hat_StateLoad,107,15131889.322554696,0.48930558932864665,0.39351832859102115,0.58588468831258811
cumulative-state-load,qwen3.8-27b-high,all-arms,dynamic,Omega_hat_StateLoad,108,17136814.727060642,0.49232000743694915,0.39727852140959558,0.58791986558665699
cumulative-state-load,qwen3.8-27b-high,all-arms,dynamic,Omega_hat_StateLoad,109,19407386.132006321,0.49533498406778786,0.40101869350906627,0.58998445994022741
cumulative-state-load,qwen3.8-27b-high,all-arms,dynamic,Omega_hat_StateLoad,110,21978800.755897231,0.49835030000943925,0.40473723962314906,0.59207916063795107
cumulative-state-load,qwen3.8-27b-high,all-arms,dynamic,Omega_hat_StateLoad,111,24890919.332550567,0.50136573595146949,0.40843256526642968,0.59420463941078761
cumulative-state-load,qwen3.8-27b-high,all-arms,dynamic,Omega_hat_StateLoad,112,28188884.011485554,0.50438107254853148,0.41210309163894637,0.59636154624381665
cumulative-state-load,qwen3.8-27b-high,all-arms,dynamic,Omega_hat_StateLoad,113,31923818.128077231,0.50739609048418244,0.4157472607692575,0.59855050493551698
cumulative-state-load,qwen3.8-27b-high,all-arms,dynamic,Omega_hat_StateLoad,114,36153618.690945983,0.51041057053468308,0.41936354086819555,0.6007721084551868
cumulative-state-load,qwen3.8-27b-high,all-arms,dynamic,Omega_hat_StateLoad,115,40943853.871311486,0.51342429363274089,0.42295043185887765,0.60302691413177956
cumulative-state-load,qwen3.8-27b-high,all-arms,dynamic,Omega_hat_StateLoad,116,46368779.406724684,0.51643704093115561,0.4265064710418095,0.60531543871415217
cumulative-state-load,qwen3.8-27b-high,all-arms,dynamic,Omega_hat_StateLoad,117,52512489.674939841,0.5194485938663288,0.43003023884725083,0.607638153349357
cumulative-state-load,qwen3.8-27b-high,all-arms,dynamic,Omega_hat_StateLoad,118,59470221.28127756,0.5224587342215995,0.43352036462065496,0.60999547853196856
cumulative-state-load,qwen3.8-27b-high,all-arms,dynamic,Omega_hat_StateLoad,119,67349829.367010877,0.52546724419036406,0.4369755323811606,0.6123877790832396
cumulative-state-load,qwen3.8-27b-high,all-arms,dynamic,Omega_hat_StateLoad,120,76273459.523741603,0.5284739064389451,0.44039448648808921,0.61481535922391395
cumulative-state-load,qwen3.8-27b-high,all-arms,dynamic,Omega_hat_StateLoad,121,86379441.230914906,0.53147850416916775,0.44377603714641789,0.61727845780848889
cumulative-state-load,qwen3.8-27b-high,all-arms,dynamic,Omega_hat_StateLoad,122,97824432.167555675,0.53448082118060758,0.44711906567952242,0.61977724379140542
cumulative-state-load,qwen3.8-27b-high,all-arms,dynamic,Omega_hat_StateLoad,123,110785846.63823649,0.53748064193247103,0.4504225294963296,0.62231181199679408
cumulative-state-load,qwen3.8-27b-high,all-arms,dynamic,Omega_hat_StateLoad,124,125464605.7574712,0.54047775160507139,0.45368546668057558,0.62488217926285683
cumulative-state-load,qwen3.8-27b-high,all-arms,dynamic,Omega_hat_StateLoad,125,142088252.02446681,0.54347193616086298,0.45690700013226981,0.62748828102956899
cumulative-state-load,qwen3.8-27b-high,all-arms,dynamic,Omega_hat_StateLoad,126,160914476.56875312,0.54646298240499847,0.46008634119576947,0.63012996843409852
cumulative-state-load,qwen3.8-27b-high,all-arms,dynamic,Omega_hat_StateLoad,127,182235113.74421734,0.54945067804536984,0.46322279271507677,0.63280700597213679
cumulative-state-load,qwen3.8-27b-high,all-arms,dynamic,Omega_hat_StateLoad,128,206380664.99367148,0.55243481175210318,0.46631575146499094,0.63551906977535355
cumulative-state-load,qwen3.8-27b-high,all-arms,dynamic,Omega_hat_StateLoad,129,233725422.11054322,0.55541517321646539,0.46936470991638346,0.63826574654555202
cumulative-state-load,qwen3.8-27b-high,all-arms,dynamic,Omega_hat_StateLoad,130,264693269.31583792,0.5583915532091549,0.47236925730489548,0.64104653317511773
cumulative-state-load,qwen3.8-27b-high,all-arms,dynamic,Omega_hat_StateLoad,131,299764254.09115303,0.56136374363793906,0.47532907998442731,0.64386083707129449
cumulative-state-load,qwen3.8-27b-high,all-arms,dynamic,Omega_hat_StateLoad,132,339482028.62538159,0.56433153760460553,0.47824396105954092,0.64670797718911621
cumulative-state-load,qwen3.8-27b-high,all-arms,dynamic,Omega_hat_StateLoad,133,384462277.22855681,0.56729472946119686,0.48111377930390137,0.64958718576484042
cumulative-state-load,qwen3.8-27b-high,all-arms,dynamic,Omega_hat_StateLoad,134,435402260.35021538,0.57025311486549579,0.4839385073847145,0.65249761072894497
cumulative-state-load,qwen3.8-27b-high,all-arms,dynamic,Omega_hat_StateLoad,135,493091623.14870566,0.57320649083572972,0.48671820942535132,0.65543831876555037
cumulative-state-load,qwen3.8-27b-high,all-arms,dynamic,Omega_hat_StateLoad,136,558424636.16026437,0.57615465580446623,0.48945303794958445,0.65840829897393816
cumulative-state-load,qwen3.8-27b-high,all-arms,dynamic,Omega_hat_StateLoad,137,632414057.81634903,0.57909740967166834,0.49214323026075923,0.66140646707798345
cumulative-state-load,qwen3.8-27b-high,all-arms,dynamic,Omega_hat_StateLoad,138,716206833.69878757,0.58203455385688285,0.49478910431750078,0.6644316701210905
cumulative-state-load,qwen3.8-27b-high,all-arms,dynamic,Omega_hat_StateLoad,139,811101875.89441991,0.58496589135053401,0.49739105417399909,0.66748269157781492
cumulative-state-load,qwen3.8-27b-high,all-arms,dynamic,Omega_hat_StateLoad,140,918570198.05556846,0.58789122676429473,0.49994954505743744,0.6705582568089018
cumulative-state-load,qwen3.8-27b-high,all-arms,dynamic,Omega_hat_StateLoad,141,1040277718.2895838,0.59081036638051088,0.50246510815764911,0.67365703878397998
cumulative-state-load,qwen3.8-27b-high,all-arms,dynamic,Omega_hat_StateLoad,142,1178111083.3559988,0.59372311820065404,0.50493833520470444,0.67677766399560202
cumulative-state-load,qwen3.8-27b-high,all-arms,dynamic,Omega_hat_StateLoad,143,1334206914.4846187,0.59662929199277814,0.50736987290891744,0.67991871848957952
cumulative-state-load,qwen3.8-27b-high,all-arms,dynamic,Omega_hat_StateLoad,144,1510984928.1679814,0.59952869933795727,0.50976041733493993,0.68307875393943551
cumulative-state-load,qwen3.8-27b-high,all-arms,dynamic,Omega_hat_StateLoad,145,1711185445.3495414,0.60242115367568383,0.51211070827737337,0.68625629369709662
cumulative-state-load,qwen3.8-27b-high,all-arms,dynamic,Omega_hat_StateLoad,146,1937911870.4555225,0.60530647034820517,0.5144215236999512,0.68944983875736743
cumulative-state-load,qwen3.8-27b-high,all-arms,dynamic,Omega_hat_StateLoad,147,2194678798.7582965,0.60818446664377879,0.51669367429410085,0.69265787358004161
cumulative-state-load,qwen3.8-27b-high,all-arms,dynamic,Omega_hat_StateLoad,148,2485466497.8067212,0.61105496183882868,0.51892799820582813,0.6958788717204123
cumulative-state-load,qwen3.8-27b-high,all-arms,dynamic,Omega_hat_StateLoad,149,2814782607.4661736,0.613917777238984,0.52112535597269094,0.69911130122618759
cumulative-state-load,qwen3.8-27b-high,all-arms,dynamic,Omega_hat_StateLoad,150,3187732015.0103235,0.61677273621898221,0.5232866257053197,0.70235362976616711
cumulative-state-load,qwen3.8-27b-high,all-arms,dynamic,Omega_hat_StateLoad,151,3610095988.4320011,0.61961966426142512,0.5254126985407741,0.70560432946327167
cumulative-state-load,qwen3.8-27b-high,all-arms,dynamic,Omega_hat_StateLoad,152,4088421794.6565967,0.62245838899436778,0.52750447438812009,0.708861881411463
cumulative-state-load,qwen3.8-27b-high,all-arms,dynamic,Omega_hat_StateLoad,153,4630124191.8731194,0.62528874022773184,0.52956285798016256,0.7121247798626027
cumulative-state-load,qwen3.8-27b-high,all-arms,dynamic,Omega_hat_StateLoad,154,5243600369.264082,0.62811054998852611,0.53158875523933324,0.71539153607527672
cumulative-state-load,qwen3.8-27b-high,all-arms,dynamic,Omega_hat_StateLoad,155,5938360115.870491,0.63092365255486849,0.53358306996043259,0.71866068182297016
cumulative-state-load,qwen3.8-27b-high,all-arms,dynamic,Omega_hat_StateLoad,156,6725173236.4017982,0.63372788448879269,0.53554670080826283,0.72193077256368243
cumulative-state-load,qwen3.8-27b-high,all-arms,dynamic,Omega_hat_StateLoad,157,7616236499.1543064,0.63652308466783702,0.53748053862420164,0.72520039027711014
cumulative-state-load,qwen3.8-27b-high,all-arms,dynamic,Omega_hat_StateLoad,158,8625362703.9778748,0.63930909431540039,0.53938546403243626,0.72846814597889464
cumulative-state-load,qwen3.8-27b-high,all-arms,dynamic,Omega_hat_StateLoad,159,9768194801.1243382,0.64208575702986503,0.54126234533389517,0.7317326819241714
cumulative-state-load,qwen3.8-27b-high,all-arms,dynamic,Omega_hat_StateLoad,160,11062448380.136814,0.64485291881247453,0.54311203667380481,0.73499267351478992
cumulative-state-load,qwen3.8-27b-high,all-arms,dynamic,Omega_hat_StateLoad,161,12528186287.716778,0.6476104280939653,0.54493537646725942,0.73824683092616983
cumulative-state-load,qwen3.8-27b-high,all-arms,dynamic,Omega_hat_StateLoad,162,14188129631.552031,0.65035813575994617,0.54673318606612298,0.74149390047085628
cumulative-state-load,qwen3.8-27b-high,all-arms,dynamic,Omega_hat_StateLoad,163,16068009991.126307,0.65309589517502464,0.548506268649957,0.74473266571650498
cumulative-state-load,qwen3.8-27b-high,all-arms,dynamic,Omega_hat_StateLoad,164,18196968295.298309,0.65582356220567517,0.55025540832340392,0.7479619483763178
cumulative-state-load,qwen3.8-27b-high,all-arms,dynamic,Omega_hat_StateLoad,165,20608006549.844135,0.65854099524185239,0.55198136940251219,0.75118060898993222
cumulative-state-load,qwen3.8-27b-high,all-arms,dynamic,Omega_hat_StateLoad,166,23338499417.408398,0.66124805521734487,0.55368489587279857,0.7543875474124857
cumulative-state-load,qwen3.8-27b-high,all-arms,dynamic,Omega_hat_StateLoad,167,26430773580.110874,0.66394460562887625,0.55536671100236412,0.7575817031290818
cumulative-state-load,qwen3.8-27b-high,all-arms,dynamic,Omega_hat_StateLoad,168,29932763865.786736,0.66663051255394978,0.55702751709405895,0.76076205541123221
cumulative-state-load,qwen3.8-27b-high,all-arms,dynamic,Omega_hat_StateLoad,169,33898756308.788662,0.66930564466744324,0.55866799536148792,0.76392762333107389
cumulative-state-load,qwen3.8-27b-high,all-arms,dynamic,Omega_hat_StateLoad,170,38390229663.893478,0.67196987325695789,0.56028880591453789,0.76707746564829427
cumulative-state-load,qwen3.8-27b-high,all-arms,dynamic,Omega_hat_StateLoad,171,43476808418.023773,0.67462307223692408,0.56189058784103862,0.77021068058378206
cumulative-state-load,qwen3.8-27b-high,all-arms,dynamic,Omega_hat_StateLoad,172,49237342072.879868,0.67726511816147295,0.56347395937214295,0.77332640549307141
cumulative-state-load,qwen3.8-27b-high,all-arms,dynamic,Omega_hat_StateLoad,173,55761127428.957268,0.67989589023607711,0.56503951811996833,0.77642381645168868
cumulative-state-load,qwen3.8-27b-high,all-arms,dynamic,Omega_hat_StateLoad,174,63149292818.164284,0.68251527032797044,0.56658784137701734,0.77950212776356742
cumulative-state-load,qwen3.8-27b-high,all-arms,dynamic,Omega_hat_StateLoad,175,71516365742.693665,0.68512314297535515,0.56811948646781896,0.78256059140276946
cumulative-state-load,qwen3.8-27b-high,all-arms,dynamic,Omega_hat_StateLoad,176,80992048220.871994,0.68771939539540439,0.56963499114413585,0.78559849639785762
cumulative-state-load,qwen3.8-27b-high,all-arms,dynamic,Omega_hat_StateLoad,177,91723227360.476089,0.69030391749107101,0.57113487401593821,0.78861516816741739
cumulative-state-load,qwen3.8-27b-high,all-arms,dynamic,Omega_hat_StateLoad,178,103876252326.37943,0.69287660185671374,0.57261963501116075,0.79160996781441317
cumulative-state-load,qwen3.8-27b-high,all-arms,dynamic,Omega_hat_StateLoad,179,117639512998.89848,0.6954373437825514,0.57408975585800304,0.79458229138631942
cumulative-state-load,qwen3.8-27b-high,all-arms,dynamic,Omega_hat_StateLoad,180,133226360295.8611,0.69798604125795904,0.57554570058425358,0.79753156910725165
cumulative-state-load,qwen3.8-27b-high,all-arms,dynamic,Omega_hat_StateLoad,181,150878413427.71277,0.70052259497361746,0.5769879160287561,0.80045726458768074
cumulative-state-load,qwen3.8-27b-high,all-arms,dynamic,Omega_hat_StateLoad,182,170869305353.01147,0.70304690832253003,0.57841683236074248,0.80335887401669981
cumulative-state-load,qwen3.8-27b-high,all-arms,dynamic,Omega_hat_StateLoad,183,193508924494.41779,0.70555888739992301,0.57983286360329844,0.80623592534127764
cumulative-state-load,qwen3.8-27b-high,all-arms,dynamic,Omega_hat_StateLoad,184,219148218468.05231,0.70805844100204174,0.58123640815772692,0.80908797743641603
cumulative-state-load,qwen3.8-27b-high,all-arms,dynamic,Omega_hat_StateLoad,185,248184634291.15179,0.71054548062386125,0.58262784932602063,0.81191461926968034
cumulative-state-load,qwen3.8-27b-high,all-arms,dynamic,Omega_hat_StateLoad,186,281068279399.27899,0.71301992045572427,0.58400755582906649,0.81471546906315107
cumulative-state-load,qwen3.8-27b-high,all-arms,dynamic,Omega_hat_StateLoad,187,318308898977.9881,0.71548167737892587,0.58537588231855719,0.81749017345547881
cumulative-state-load,qwen3.8-27b-high,all-arms,dynamic,Omega_hat_StateLoad,188,360483777767.9118,0.71793067096026242,0.58673316988092172,0.82023840666638259
cumulative-state-load,qwen3.8-27b-high,all-arms,dynamic,Omega_hat_StateLoad,189,408246688832.94879,0.72036682344555958,0.58807974653186612,0.82295986966563273
cumulative-state-load,qwen3.8-27b-high,all-arms,dynamic,Omega_hat_StateLoad,190,462338028010.70764,0.72279005975220179,0.58941592770037599,0.82565428934828766
cumulative-state-load,qwen3.8-27b-high,all-arms,dynamic,Omega_hat_StateLoad,191,523596291144.19409,0.72520030746067732,0.59074201670125825,0.82832141771771883
cumulative-state-load,qwen3.8-27b-high,all-arms,dynamic,Omega_hat_StateLoad,192,592971072008.82837,0.72759749680516383,0.59205830519549607,0.83096103107773733
cumulative-state-load,qwen3.8-27b-high,all-arms,dynamic,Omega_hat_StateLoad,193,671537782421.88806,0.72998156066316811,0.59336507363786717,0.83357292923494697
cumulative-state-load,qwen3.8-27b-high,all-arms,dynamic,Omega_hat_StateLoad,194,760514322717.90979,0.73235243454424392,0.59466259171142777,0.83615693471228691
cumulative-state-load,qwen3.8-27b-high,all-arms,dynamic,Omega_hat_StateLoad,195,861279961007.04492,0.73471005657780719,0.59595111874859052,0.83871289197456655
cumulative-state-load,qwen3.8-27b-high,all-arms,dynamic,Omega_hat_StateLoad,196,975396713872.86499,0.73705436750006825,0.5972309041386471,0.84124066666667507
cumulative-state-load,qwen3.8-27b-high,all-arms,dynamic,Omega_hat_StateLoad,197,1104633559942.075,0.73938531064010371,0.59850218772167563,0.84374014486502313
cumulative-state-load,qwen3.8-27b-high,all-arms,dynamic,Omega_hat_StateLoad,198,1250993861672.3154,0.74170283190508723,0.59976520016886237,0.84621123234267814
cumulative-state-load,qwen3.8-27b-high,all-arms,dynamic,Omega_hat_StateLoad,199,1416746420436.3638,0.74400687976470214,0.60102016334933128,0.84865385384856307
cumulative-state-load,qwen3.8-27b-high,all-arms,dynamic,Omega_hat_StateLoad,200,1604460646302.5212,0.74629740523475796,0.60226729068364304,0.85106795240100885
cumulative-state-load,qwen3.8-27b-high,all-arms,dynamic,Omega_hat_StateLoad,201,1817046387694.8501,0.7485743618600299,0.6035067874841622,0.85345348859588588
cumulative-state-load,qwen3.8-27b-high,all-arms,dynamic,Omega_hat_StateLoad,202,2057799038351.9771,0.75083770569634656,0.60473885128254712,0.85581043992947192
cumulative-state-load,qwen3.8-27b-high,all-arms,dynamic,Omega_hat_StateLoad,203,2330450620809.0474,0.7530873952919459,0.60596367214463398,0.85813880013617228
cumulative-state-load,qwen3.8-27b-high,all-arms,dynamic,Omega_hat_StateLoad,204,2639227638272.5801,0.75532339166812401,0.60718143297302696,0.86043857854115302
cumulative-state-load,qwen3.8-27b-high,all-arms,dynamic,Omega_hat_StateLoad,205,2988916591677.7441,0.75754565829919485,0.60839230979771575,0.86270979942791204
cumulative-state-load,qwen3.8-27b-high,all-arms,dynamic,Omega_hat_StateLoad,206,3384938177539.5894,0.75975416109178884,0.60959647205506529,0.86495250142077695
cumulative-state-load,qwen3.8-27b-high,all-arms,dynamic,Omega_hat_StateLoad,207,3833431316774.7251,0.76194886836350784,0.61079408285552772,0.86716673688229051
cumulative-state-load,qwen3.8-27b-high,all-arms,dynamic,Omega_hat_StateLoad,208,4341348317064.5972,0.76412975082096313,0.61198529924043843,0.86935257132541488
cumulative-state-load,qwen3.8-27b-high,all-arms,dynamic,Omega_hat_StateLoad,209,4916562643917.8984,0.7662967815372157,0.61317027242825839,0.8715100828404666
cumulative-state-load,qwen3.8-27b-high,all-arms,dynamic,Omega_hat_StateLoad,210,5567990971043.127,0.76844993592864308,0.6143491480506279,0.87363936153667066
cumulative-state-load,qwen3.8-27b-high,all-arms,dynamic,Omega_hat_StateLoad,211,6305731401992.79,0.77058919173125495,0.61552206637859819,0.87574050899820721
cumulative-state-load,qwen3.8-27b-high,all-arms,dynamic,Omega_hat_StateLoad,212,7141220005719.3965,0.77271452897648019,0.61668916253939954,0.87781363775461241
cumulative-state-load,qwen3.8-27b-high,all-arms,dynamic,Omega_hat_StateLoad,213,8087408092575.9355,0.77482592996644661,0.61785056672410332,0.87985887076537295
cumulative-state-load,qwen3.8-27b-high,all-arms,dynamic,Omega_hat_StateLoad,214,9158962978801.8008,0.77692337924877664,0.61900640438652998,0.88187634091855616
cumulative-state-load,qwen3.8-27b-high,all-arms,dynamic,Omega_hat_StateLoad,215,10372495351640.289,0.77900686359092153,0.62015679643374499,0.88386619054329307
cumulative-state-load,qwen3.8-27b-high,all-arms,dynamic,Omega_hat_StateLoad,216,11746816759584.111,0.78107637195405455,0.62130185940848026,0.88582857093593714
cumulative-state-load,qwen3.8-27b-high,all-arms,dynamic,Omega_hat_StateLoad,217,13303231219228.748,0.78313189546654682,0.6224417056638073,0.88776364189970469
cumulative-state-load,qwen3.8-27b-high,all-arms,dynamic,Omega_hat_StateLoad,218,15065865459071.664,0.78517342739704565,0.62357644353038089,0.88967157129760266
cumulative-state-load,qwen3.8-27b-high,all-arms,dynamic,Omega_hat_StateLoad,219,17062042919525.213,0.7872009631271788,0.62470617747656132,0.89155253461844131
cumulative-state-load,qwen3.8-27b-high,all-arms,dynamic,Omega_hat_StateLoad,220,19322707306697.164,0.78921450012390493,0.62583100826171578,0.89340671455572485
cumulative-state-load,qwen3.8-27b-high,all-arms,dynamic,Omega_hat_StateLoad,221,21882902265649.543,0.79121403791153133,0.62695103308298594,0.89523430059921316
cumulative-state-load,qwen3.8-27b-high,all-arms,dynamic,Omega_hat_StateLoad,222,24782314608781.605,0.79319957804342056,0.62806634571580289,0.89703548863893923
cumulative-state-load,qwen3.8-27b-high,all-arms,dynamic,Omega_hat_StateLoad,223,28065889520180.477,0.79517112407340484,0.62917703664841484,0.89881048058146729
cumulative-state-load,qwen3.8-27b-high,all-arms,dynamic,Omega_hat_StateLoad,224,31784527272519.461,0.79712868152693295,0.63028319321069293,0.90055948397817731
cumulative-state-load,qwen3.8-27b-high,all-arms,dynamic,Omega_hat_StateLoad,225,35995872256645.188,0.7990722578719639,0.63138489969745626,0.90228271166535179
cumulative-state-load,qwen3.8-27b-high,all-arms,dynamic,Omega_hat_StateLoad,226,40765206554982.133,0.80100186248963179,0.63248223748656263,0.90398038141584958
cumulative-state-load,qwen3.8-27b-high,all-arms,dynamic,Omega_hat_StateLoad,227,46166461910464.57,0.8029175066446993,0.63357528515198958,0.90565271560214111
cumulative-state-load,qwen3.8-27b-high,all-arms,dynamic,Omega_hat_StateLoad,228,52283365778012.797,0.80481920345582136,0.63466411857213079,0.90729994087048693
cumulative-state-load,qwen3.8-27b-high,all-arms,dynamic,Omega_hat_StateLoad,229,59210739224048.375,0.80670696786563389,0.6357488110335151,0.90892228782603435
cumulative-state-load,qwen3.8-27b-high,all-arms,dynamic,Omega_hat_StateLoad,230,67055966793412.406,0.80858081661069159,0.63682943333015241,0.91051999072861212
cumulative-state-load,qwen3.8-27b-high,all-arms,dynamic,Omega_hat_StateLoad,231,75940661128800.391,0.81044076819126842,0.63790605385870247,0.91209328719899874
cumulative-state-load,qwen3.8-27b-high,all-arms,dynamic,Omega_hat_StateLoad,232,86002548146779.891,0.8122868428410428,0.63897873870964728,0.91364241793544487
cumulative-state-load,qwen3.8-27b-high,all-arms,dynamic,Omega_hat_StateLoad,233,97397601993407.797,0.81411906249668164,0.64004755175464922,0.91516762644022709
cumulative-state-load,qwen3.8-27b-high,all-arms,dynamic,Omega_hat_StateLoad,234,110302462874426.61,0.81593745076734381,0.64111255473026318,0.91666915875601218
cumulative-state-load,qwen3.8-27b-high,all-arms,dynamic,Omega_hat_StateLoad,235,124917175239979.11,0.81774203290411829,0.64217380731816198,0.9181472632118155
cumulative-state-load,qwen3.8-27b-high,all-arms,dynamic,Omega_hat_StateLoad,236,141468288769764.84,0.81953283576941327,0.64323136722203633,0.91960219017832867
cumulative-state-load,qwen3.8-27b-high,all-arms,dynamic,Omega_hat_StateLoad,237,160212370228497.03,0.82130988780631464,0.64428529024131098,0.92103419183240764
cumulative-state-load,qwen3.8-27b-high,all-arms,dynamic,Omega_hat_StateLoad,238,181439980630619.34,0.82307321900792763,0.64533563034182229,0.92244352193049817
cumulative-state-load,qwen3.8-27b-high,all-arms,dynamic,Omega_hat_StateLoad,239,205480179366224.44,0.82482286088671886,0.64638243972359111,0.92383043559078881
cumulative-state-load,qwen3.8-27b-off,all-arms,dynamic,Omega_hat_StateLoad,0,24.999999999999993,0.95852303177501685,0.66135992858224135,0.99635646307340453
cumulative-state-load,qwen3.8-27b-off,all-arms,dynamic,Omega_hat_StateLoad,1,28.312417507438298,0.95851262666328063,0.66505573194209866,0.99629396775175938
cumulative-state-load,qwen3.8-27b-off,all-arms,dynamic,Omega_hat_StateLoad,2,32.063719404619953,0.95850221905427613,0.66872822001519361,0.99623045851397207
cumulative-state-load,qwen3.8-27b-off,all-arms,dynamic,Omega_hat_StateLoad,3,36.312056424998055,0.95849180894746033,0.67237704564565837,0.99616592115917835
cumulative-state-load,qwen3.8-27b-off,all-arms,dynamic,Omega_hat_StateLoad,4,41.12328408232807,0.95848139634229068,0.67600187233097297,0.99610034138484083
cumulative-state-load,qwen3.8-27b-off,all-arms,dynamic,Omega_hat_StateLoad,5,46.571983528634576,0.95847098123822427,0.67960237424654046,0.99603370479110898
cumulative-state-load,qwen3.8-27b-off,all-arms,dynamic,Omega_hat_StateLoad,6,52.742617672489672,0.95846056363471832,0.68317823625994278,0.99596599688552334
cumulative-state-load,qwen3.8-27b-off,all-arms,dynamic,Omega_hat_StateLoad,7,59.730840479148867,0.95845014353122981,0.68672915393500522,0.99589720308807861
cumulative-state-load,qwen3.8-27b-off,all-arms,dynamic,Omega_hat_StateLoad,8,67.644979748634356,0.95843972092721574,0.6902548335258144,0.99582730873667036
cumulative-state-load,qwen3.8-27b-off,all-arms,dynamic,Omega_hat_StateLoad,9,76.607716357021744,0.95842929582213254,0.69375499196084156,0.99575629909294117
cumulative-state-load,qwen3.8-27b-off,all-arms,dynamic,Omega_hat_StateLoad,10,86.757985991656412,0.9584188682154372,0.69722935681733056,0.99568415934854893
cumulative-state-load,qwen3.8-27b-off,all-arms,dynamic,Omega_hat_StateLoad,11,98.25313286001041,0.95840843810658638,0.70067766628612549,0.99561087463187714
cumulative-state-load,qwen3.8-27b-off,all-arms,dynamic,Omega_hat_StateLoad,12,111.27134875785683,0.9583980054950364,0.70409966912711652,0.99553643001521475
cumulative-state-load,qwen3.8-27b-off,all-arms,dynamic,Omega_hat_StateLoad,13,126.01443530592877,0.95838757038024402,0.70749512461549147,0.99546081052242619
cumulative-state-load,qwen3.8-27b-off,all-arms,dynamic,Omega_hat_StateLoad,14,142.71093217382108,0.95837713276166558,0.71086380247898573,0.99538400113713676
cumulative-state-load,qwen3.8-27b-off,all-arms,dynamic,Omega_hat_StateLoad,15,161.6196597832373,0.95836669263875707,0.71420548282633667,0.99530598681146276
cumulative-state-load,qwen3.8-27b-off,all-arms,dynamic,Omega_hat_StateLoad,16,183.03373140772601,0.95835625001097491,0.71751995606714458,0.995226752475313
cumulative-state-load,qwen3.8-27b-off,all-arms,dynamic,Omega_hat_StateLoad,17,207.28509686239448,0.95834580487777532,0.72080702282335363,0.99514628304628894
cumulative-state-load,qwen3.8-27b-off,all-arms,dynamic,Omega_hat_StateLoad,18,234.74968821751611,0.95833535723861407,0.72406649383256938,0.99506456344021954
cumulative-state-load,qwen3.8-27b-off,all-arms,dynamic,Omega_hat_StateLoad,19,265.85324730221129,0.95832490709294693,0.72729818984342987,0.99498157858235592
cumulative-state-load,qwen3.8-27b-off,all-arms,dynamic,Omega_hat_StateLoad,20,301.07792533313796,0.95831445444023,0.73050194150325753,0.99489731341926579
cumulative-state-load,qwen3.8-27b-off,all-arms,dynamic,Omega_hat_StateLoad,21,340.96975697220569,0.95830399927991927,0.73367758923821014,0.99481175293146074
cumulative-state-load,qwen3.8-27b-off,all-arms,dynamic,Omega_hat_StateLoad,22,386.14712467227469,0.95829354161146985,0.7368249831261604,0.99472488214679178
cumulative-state-load,qwen3.8-27b-off,all-arms,dynamic,Omega_hat_StateLoad,23,437.31034452073055,0.95828308143433749,0.73994398276253215,0.9946366861546545
cumulative-state-load,qwen3.8-27b-off,all-arms,dynamic,Omega_hat_StateLoad,24,495.25252217570409,0.95827261874797776,0.74303445711931626,0.99454715012104467
cumulative-state-load,qwen3.8-27b-off,all-arms,dynamic,Omega_hat_StateLoad,25,560.87184717801495,0.95826215355184607,0.74609628439749553,0.99445625930450332
cumulative-state-load,qwen3.8-27b-off,all-arms,dynamic,Omega_hat_StateLoad,26,635.185516218884,0.95825168584539777,0.74912935187310203,0.99436399907300077
cumulative-state-load,qwen3.8-27b-off,all-arms,dynamic,Omega_hat_StateLoad,27,719.34550119467121,0.95824121562808762,0.7521335557371327,0.99427035492180271
cumulative-state-load,qwen3.8-27b-off,all-arms,dynamic,Omega_hat_StateLoad,28,814.65640647683915,0.95823074289937138,0.75510880092954091,0.9941753124923689
cumulative-state-load,qwen3.8-27b-off,all-arms,dynamic,Omega_hat_StateLoad,29,922.59569221126492,0.9582202676587035,0.75805500096752576,0.99407885759233428
cumulative-state-load,qwen3.8-27b-off,all-arms,dynamic,Omega_hat_StateLoad,30,1044.8365771379745,0.95820978990553918,0.76097207776833131,0.99398097621662773
cumulative-state-load,qwen3.8-27b-off,all-arms,dynamic,Omega_hat_StateLoad,31,1183.2739759589249,0.95819930963933342,0.76385996146676782,0.99388165456978261
cumulative-state-load,qwen3.8-27b-off,all-arms,dynamic,Omega_hat_StateLoad,32,1340.0538733214246,0.95818882685954077,0.76671859022765942,0.99378087908949742
cumulative-state-load,qwen3.8-27b-off,all-arms,dynamic,Omega_hat_StateLoad,33,1517.6065897574397,0.95817834156561577,0.76954791005342205,0.99367863647150911
cumulative-state-load,qwen3.8-27b-off,all-arms,dynamic,Omega_hat_StateLoad,34,1718.68445525009,0.95816785375701341,0.77234787458696408,0.99357491369584106
cumulative-state-load,qwen3.8-27b-off,all-arms,dynamic,Omega_hat_StateLoad,35,1946.4044744233875,0.9581573634331878,0.77511844491010118,0.99346969805449159
cumulative-state-load,qwen3.8-27b-off,all-arms,dynamic,Omega_hat_StateLoad,36,2204.29664472884,0.9581468705935936,0.77785958933766775,0.99336297718063438
cumulative-state-load,qwen3.8-27b-off,all-arms,dynamic,Omega_hat_StateLoad,37,2496.3586766323347,0.9581363752376848,0.78057128320750135,0.99325473907940021
cumulative-state-load,qwen3.8-27b-off,all-arms,dynamic,Omega_hat_StateLoad,38,2827.1179640452315,0.95812587736491606,0.78325350866646826,0.99314497216031716
cumulative-state-load,qwen3.8-27b-off,all-arms,dynamic,Omega_hat_StateLoad,39,3201.7017656331,0.95811537697474114,0.78590625445269402,0.99303366527148451
cumulative-state-load,qwen3.8-27b-off,all-arms,dynamic,Omega_hat_StateLoad,40,3625.9166849162661,0.95810487406661426,0.78852951567414864,0.99292080773556557
cumulative-state-load,qwen3.8-27b-off,all-arms,dynamic,Omega_hat_StateLoad,41,4106.3386812214403,0.9580943686399892,0.79112329358373712,0.99280638938767884
cumulative-state-load,qwen3.8-27b-off,all-arms,dynamic,Omega_hat_StateLoad,42,4650.4150067874043,0.95808386069432006,0.79368759535102673,0.99269040061527913
cumulative-state-load,qwen3.8-27b-off,all-arms,dynamic,Omega_hat_StateLoad,43,5266.5796502008579,0.95807335022906059,0.79622243383074343,0.99257283240011529
cumulative-state-load,qwen3.8-27b-off,all-arms,dynamic,Omega_hat_StateLoad,44,5964.3840757065991,0.95806283724366426,0.7987278273281555,0.99245367636236159
cumulative-state-load,qwen3.8-27b-off,all-arms,dynamic,Omega_hat_StateLoad,45,6754.6452850448659,0.95805232173758492,0.80120379936145647,0.99233292480701829
cumulative-state-load,qwen3.8-27b-off,all-arms,dynamic,Omega_hat_StateLoad,46,7649.6134969936093,0.95804180371027592,0.80365037842124398,0.99221057077267993
cumulative-state-load,qwen3.8-27b-off,all-arms,dynamic,Omega_hat_StateLoad,47,8663.1620438967238,0.95803128316119068,0.80606759772719505,0.99208660808277693
cumulative-state-load,qwen3.8-27b-off,all-arms,dynamic,Omega_hat_StateLoad,48,9811.0024288558579,0.95802076008978243,0.80845549498201463,0.99196103139939384
cumulative-state-load,qwen3.8-27b-off,all-arms,dynamic,Omega_hat_StateLoad,49,11110.927877290325,0.95801023449550471,0.81081411212273313,0.99183383627977684
cumulative-state-load,qwen3.8-27b-off,all-arms,dynamic,Omega_hat_StateLoad,50,12583.08915827515,0.9579997063778104,0.8131434950694213,0.99170501923563559
cumulative-state-load,qwen3.8-27b-off,all-arms,dynamic,Omega_hat_StateLoad,51,14250.306951296287,0.95798917573615272,0.8154436934713748,0.99157457779536073
cumulative-state-load,qwen3.8-27b-off,all-arms,dynamic,Omega_hat_StateLoad,52,16138.425600570021,0.95797864256998455,0.8177147604508197,0.99144251056926658
cumulative-state-load,qwen3.8-27b-off,all-arms,dynamic,Omega_hat_StateLoad,53,18276.713740642757,0.95796810687875888,0.81995675234417853,0.99130881731797993
cumulative-state-load,qwen3.8-27b-off,all-arms,dynamic,Omega_hat_StateLoad,54,20698.318003560475,0.95795756866192838,0.8221697284409254,0.99117349902409468
cumulative-state-load,qwen3.8-27b-off,all-arms,dynamic,Omega_hat_StateLoad,55,23440.77684074123,0.9579470279189457,0.82435375072006267,0.99103655796720747
cumulative-state-load,qwen3.8-27b-off,all-arms,dynamic,Omega_hat_StateLoad,56,26546.602424550303,0.95793648464926384,0.82650888358422858,0.99089799780246146
cumulative-state-load,qwen3.8-27b-off,all-arms,dynamic,Omega_hat_StateLoad,57,30063.939649913667,0.95792593885233479,0.82863519359145454,0.99075782364271181
cumulative-state-load,qwen3.8-27b-off,all-arms,dynamic,Omega_hat_StateLoad,58,34047.312451471349,0.9579153905276111,0.83073274918457773,0.99061604214443377
cumulative-state-load,qwen3.8-27b-off,all-arms,dynamic,Omega_hat_StateLoad,59,38558.469005290368,0.95790483967454543,0.83280162041831041,0.99047266159749137
cumulative-state-load,qwen3.8-27b-off,all-arms,dynamic,Omega_hat_StateLoad,60,43667.338917015979,0.95789428629258977,0.8348418786839692,0.9903276920188756
cumulative-state-load,qwen3.8-27b-off,all-arms,dynamic,Omega_hat_StateLoad,61,49453.117234294703,0.95788373038119634,0.83685359643186152,0.99018114525052514
cumulative-state-load,qwen3.8-27b-off,all-arms,dynamic,Omega_hat_StateLoad,62,56005.492087265739,0.95787317193981725,0.83883684689132698,0.99003303506132923
cumulative-state-load,qwen3.8-27b-off,all-arms,dynamic,Omega_hat_StateLoad,63,63426.034987367959,0.95786261096790448,0.84079170378843726,0.98988337725340825
cumulative-state-load,qwen3.8-27b-off,all-arms,dynamic,Omega_hat_StateLoad,64,71829.775336149993,0.95785204746490993,0.84271824106135507,0.9897321897727599
cumulative-state-load,qwen3.8-27b-off,all-arms,dynamic,Omega_hat_StateLoad,65,81346.983551302881,0.95784148143028525,0.84461653257336355,0.98957949282434154
cumulative-state-load,qwen3.8-27b-off,all-arms,dynamic,Omega_hat_StateLoad,66,92125.190451008311,0.95783091286348232,0.8464866518235854,0.98942530899165404
cumulative-state-load,qwen3.8-27b-off,all-arms,dynamic,Omega_hat_StateLoad,67,104331.47420004857,0.95782034176395292,0.8483286716554177,0.98926966336086508
cumulative-state-load,qwen3.8-27b-off,all-arms,dynamic,Omega_hat_StateLoad,68,118155.05026873205,0.95780976813114826,0.85014266396272975,0.98911258364950272
cumulative-state-load,qwen3.8-27b-off,all-arms,dynamic,Omega_hat_StateLoad,69,133810.20455282801,0.95779919196452001,0.85192869939388138,0.9889541003397172
cumulative-state-load,qwen3.8-27b-off,all-arms,dynamic,Omega_hat_StateLoad,70,151539.61512221544,0.95778861326351961,0.85368684705364728,0.9887942468160863
cumulative-state-load,qwen3.8-27b-off,all-arms,dynamic,Omega_hat_StateLoad,71,171618.11409026734,0.95777803202759804,0.85541717420315155,0.98863305950791236
cumulative-state-load,qwen3.8-27b-off,all-arms,dynamic,Omega_hat_StateLoad,72,194356.94791851306,0.95776744825620663,0.85711974595795604,0.98847057803591676
cumulative-state-load,qwen3.8-27b-off,all-arms,dynamic,Omega_hat_StateLoad,73,220108.60219761523,0.95775686194879661,0.85879462498447245,0.98830684536320446
cumulative-state-load,qwen3.8-27b-off,all-arms,dynamic,Omega_hat_StateLoad,74,249272.26569590121,0.95774627310481875,0.86044187119491644,0.98814190795032197
cumulative-state-load,qwen3.8-27b-off,all-arms,dynamic,Omega_hat_StateLoad,75,282300.01837629767,0.95773568172372392,0.86206154144106351,0.98797581591417949
cumulative-state-load,qwen3.8-27b-off,all-arms,dynamic,Omega_hat_StateLoad,76,319703.83930509043,0.95772508780496335,0.86365368920712671,0.98780862319055585
cumulative-state-load,qwen3.8-27b-off,all-arms,dynamic,Omega_hat_StateLoad,77,362063.54308546719,0.95771449134798736,0.8652183643021335,0.98764038769982998
cumulative-state-load,qwen3.8-27b-off,all-arms,dynamic,Omega_hat_StateLoad,78,410035.76784232468,0.95770389235224673,0.86675561255224687,0.98747117151551922
cumulative-state-load,qwen3.8-27b-off,all-arms,dynamic,Omega_hat_StateLoad,79,464364.15408539743,0.95769329081719212,0.86826547549355992,0.98730104103511862
cumulative-state-load,qwen3.8-27b-off,all-arms,dynamic,Omega_hat_StateLoad,80,525890.8722381671,0.95768268674227386,0.86974799006597181,0.98713006715264606
cumulative-state-load,qwen3.8-27b-off,all-arms,dynamic,Omega_hat_StateLoad,81,595569.67752631637,0.95767208012694238,0.87120318830885513,0.9869583254321973
cumulative-state-load,qwen3.8-27b-off,all-arms,dynamic,Omega_hat_StateLoad,82,674480.69459581818,0.95766147097064813,0.87263109705932596,0.98678589628171287
cumulative-state-load,qwen3.8-27b-off,all-arms,dynamic,Omega_hat_StateLoad,83,763847.16104415117,0.95765085927284099,0.87403173765404951,0.98661286512602975
cumulative-state-load,qwen3.8-27b-off,all-arms,dynamic,Omega_hat_StateLoad,84,865054.38941413839,0.95764024503297129,0.87540512563563366,0.98643932257816824
cumulative-state-load,qwen3.8-27b-off,all-arms,dynamic,Omega_hat_StateLoad,85,979671.24158941,0.95762962825048903,0.8767512704648085,0.98626536460766423
cumulative-state-load,qwen3.8-27b-off,all-arms,dynamic,Omega_hat_StateLoad,86,1109474.4484763925,0.95761900892484408,0.8780701752397313,0.98609109270460016
cumulative-state-load,qwen3.8-27b-off,all-arms,dynamic,Omega_hat_StateLoad,87,1256476.1519639383,0.95760838705548634,0.87936183642392085,0.98591661403783304
cumulative-state-load,qwen3.8-27b-off,all-arms,dynamic,Omega_hat_StateLoad,88,1422955.0961016999,0.95759776264186536,0.88062624358449126,0.98574204160574497
cumulative-state-load,qwen3.8-27b-off,all-arms,dynamic,Omega_hat_StateLoad,89,1611491.9510067319,0.95758713568343123,0.88186337914253343,0.98556749437765778
cumulative-state-load,qwen3.8-27b-off,all-arms,dynamic,Omega_hat_StateLoad,90,1825009.3170711552,0.95757650617963308,0.88307321813768325,0.98539309742386882
cumulative-state-load,qwen3.8-27b-off,all-arms,dynamic,Omega_hat_StateLoad,91,2066817.0295953348,0.95756587412992056,0.8842557280091049,0.98521898203206648
cumulative-state-load,qwen3.8-27b-off,all-arms,dynamic,Omega_hat_StateLoad,92,2340663.4661354679,0.95755523953374311,0.88541086839531946,0.98504528580768691
cumulative-state-load,qwen3.8-27b-off,all-arms,dynamic,Omega_hat_StateLoad,93,2650793.6519054002,0.95754460239055017,0.88653859095550591,0.98487215275556672
cumulative-state-load,qwen3.8-27b-off,all-arms,dynamic,Omega_hat_StateLoad,94,3002015.0639525093,0.95753396269979052,0.88763883921510645,0.98469973334005156
cumulative-state-load,qwen3.8-27b-off,all-arms,dynamic,Omega_hat_StateLoad,95,3399772.1541696996,0.95752332046091382,0.88871154843875799,0.98452818452052049
cumulative-state-load,qwen3.8-27b-off,all-arms,dynamic,Omega_hat_StateLoad,96,3850230.7463606251,0.95751267567336873,0.88975664553375688,0.98435766975910288
cumulative-state-load,qwen3.8-27b-off,all-arms,dynamic,Omega_hat_StateLoad,97,4360373.6156375101,0.95750202833660436,0.89077404898743684,0.98418835899718948
cumulative-state-load,qwen3.8-27b-off,all-arms,dynamic,Omega_hat_StateLoad,98,4938108.7317738971,0.95749137845006949,0.89176366884198188,0.98402042859720251
cumulative-state-load,qwen3.8-27b-off,all-arms,dynamic,Omega_hat_StateLoad,99,5592391.8444443662,0.95748072601321299,0.89272540671032252,0.9838540612459532
cumulative-state-load,qwen3.8-27b-off,all-arms,dynamic,Omega_hat_StateLoad,100,6333365.3106040712,0.95747007102548343,0.89365915583683653,0.98368944581584827
cumulative-state-load,qwen3.8-27b-off,all-arms,dynamic,Omega_hat_StateLoad,101,7172515.316037979,0.95745941348632935,0.89456480120661841,0.98352677718016246
cumulative-state-load,qwen3.8-27b-off,all-arms,dynamic,Omega_hat_StateLoad,102,8122849.9282465167,0.95744875339519941,0.89544221970705962,0.98336625597861493
cumulative-state-load,qwen3.8-27b-off,all-arms,dynamic,Omega_hat_StateLoad,103,9199100.7407512218,0.95743809075154218,0.89629128034539585,0.98320808832957318
cumulative-state-load,qwen3.8-27b-off,all-arms,dynamic,Omega_hat_StateLoad,104,10417951.234605337,0.95742742555480553,0.89711184452571568,0.98305248548536917
cumulative-state-load,qwen3.8-27b-off,all-arms,dynamic,Omega_hat_StateLoad,105,11798295.397051137,0.95741675780443791,0.89790376638868075,0.98289966342746016
cumulative-state-load,qwen3.8-27b-off,all-arms,dynamic,Omega_hat_StateLoad,106,13361530.606296001,0.95740608749988765,0.89866689321686066,0.98274984239850849
cumulative-state-load,qwen3.8-27b-off,all-arms,dynamic,Omega_hat_StateLoad,107,15131889.322554696,0.95739541464060252,0.89940106590813462,0.98260324636891083
cumulative-state-load,qwen3.8-27b-off,all-arms,dynamic,Omega_hat_StateLoad,108,17136814.727060642,0.95738473922603073,0.90010611951905217,0.98246010243586201
cumulative-state-load,qwen3.8-27b-off,all-arms,dynamic,Omega_hat_StateLoad,109,19407386.132006321,0.95737406125561986,0.90078188387936009,0.9823206401537331
cumulative-state-load,qwen3.8-27b-off,all-arms,dynamic,Omega_hat_StateLoad,110,21978800.755897231,0.95736338072881788,0.90142818427809401,0.98218509079533978
cumulative-state-load,qwen3.8-27b-off,all-arms,dynamic,Omega_hat_StateLoad,111,24890919.332550567,0.95735269764507269,0.90204484222070735,0.98205368654461378
cumulative-state-load,qwen3.8-27b-off,all-arms,dynamic,Omega_hat_StateLoad,112,28188884.011485554,0.9573420120038314,0.90263167625566054,0.98192665962224035
cumulative-state-load,qwen3.8-27b-off,all-arms,dynamic,Omega_hat_StateLoad,113,31923818.128077231,0.957331323804542,0.90318850286773278,0.98180424134697419
cumulative-state-load,qwen3.8-27b-off,all-arms,dynamic,Omega_hat_StateLoad,114,36153618.690945983,0.9573206330466516,0.9037151374340614,0.98168666113662151
cumulative-state-load,qwen3.8-27b-off,all-arms,dynamic,Omega_hat_StateLoad,115,40943853.871311486,0.95730993972960787,0.90421139523758509,0.98157414545399124
cumulative-state-load,qwen3.8-27b-off,all-arms,dynamic,Omega_hat_StateLoad,116,46368779.406724684,0.9572992438528577,0.90467709253117057,0.98146691670452435
cumulative-state-load,qwen3.8-27b-off,all-arms,dynamic,Omega_hat_StateLoad,117,52512489.674939841,0.9572885454158484,0.90511204764430486,0.98136519209370254
cumulative-state-load,qwen3.8-27b-off,all-arms,dynamic,Omega_hat_StateLoad,118,59470221.28127756,0.9572778444180271,0.90551608212283041,0.98126918245375139
cumulative-state-load,qwen3.8-27b-off,all-arms,dynamic,Omega_hat_StateLoad,119,67349829.367010877,0.95726714085884079,0.90588902189086962,0.98117909105047352
cumulative-state-load,qwen3.8-27b-off,all-arms,dynamic,Omega_hat_StateLoad,120,76273459.523741603,0.95725643473773614,0.90623069842284554,0.98109511238230074
cumulative-state-load,qwen3.8-27b-off,all-arms,dynamic,Omega_hat_StateLoad,121,86379441.230914906,0.95724572605416025,0.90654094991241252,0.98101743098473926
cumulative-state-load,qwen3.8-27b-off,all-arms,dynamic,Omega_hat_StateLoad,122,97824432.167555675,0.95723501480755979,0.90681962242421543,0.98094622025427947
cumulative-state-load,qwen3.8-27b-off,all-arms,dynamic,Omega_hat_StateLoad,123,110785846.63823649,0.95722430099738132,0.9070665710137451,0.98088164130649846
cumulative-state-load,qwen3.8-27b-off,all-arms,dynamic,Omega_hat_StateLoad,124,125464605.7574712,0.95721358462307116,0.90728166080017936,0.98082384188346061
cumulative-state-load,qwen3.8-27b-off,all-arms,dynamic,Omega_hat_StateLoad,125,142088252.02446681,0.95720286568407609,0.90746476797704201,0.98077295532557496
cumulative-state-load,qwen3.8-27b-off,all-arms,dynamic,Omega_hat_StateLoad,126,160914476.56875312,0.95719214417984244,0.90761578074580507,0.98072909962278609
cumulative-state-load,qwen3.8-27b-off,all-arms,dynamic,Omega_hat_StateLoad,127,182235113.74421734,0.95718142010981611,0.90773460015819885,0.98069237655932751
cumulative-state-load,qwen3.8-27b-off,all-arms,dynamic,Omega_hat_StateLoad,128,206380664.99367148,0.95717069347344363,0.90782114085400578,0.98066287096526505
cumulative-state-load,qwen3.8-27b-off,all-arms,dynamic,Omega_hat_StateLoad,129,233725422.11054322,0.95715996427017114,0.90787533168247159,0.98064065008669321
cumulative-state-load,qwen3.8-27b-off,all-arms,dynamic,Omega_hat_StateLoad,130,264693269.31583792,0.9571492324994445,0.90789711619715396,0.98062576308476934
cumulative-state-load,qwen3.8-27b-off,all-arms,dynamic,Omega_hat_StateLoad,131,299764254.09115303,0.95713849816070951,0.90788645301600135,0.9806182406717957
cumulative-state-load,qwen3.8-27b-off,all-arms,dynamic,Omega_hat_StateLoad,132,339482028.62538159,0.95712776125341226,0.90784331604066459,0.98061809489034957
cumulative-state-load,qwen3.8-27b-off,all-arms,dynamic,Omega_hat_StateLoad,133,384462277.22855681,0.95711702177699809,0.90776769453143502,0.98062531903907646
cumulative-state-load,qwen3.8-27b-off,all-arms,dynamic,Omega_hat_StateLoad,134,435402260.35021538,0.95710627973091311,0.90765959303668697,0.98063988774627386
cumulative-state-load,qwen3.8-27b-off,all-arms,dynamic,Omega_hat_StateLoad,135,493091623.14870566,0.95709553511460244,0.90751903117823807,0.98066175718986326
cumulative-state-load,qwen3.8-27b-off,all-arms,dynamic,Omega_hat_StateLoad,136,558424636.16026437,0.95708478792751184,0.90734604329651092,0.98069086545987394
cumulative-state-load,qwen3.8-27b-off,all-arms,dynamic,Omega_hat_StateLoad,137,632414057.81634903,0.95707403816908665,0.90714067796174558,0.98072713305720294
cumulative-state-load,qwen3.8-27b-off,all-arms,dynamic,Omega_hat_StateLoad,138,716206833.69878757,0.9570632858387722,0.90690299735969349,0.98077046352023267
cumulative-state-load,qwen3.8-27b-off,all-arms,dynamic,Omega_hat_StateLoad,139,811101875.89441991,0.95705253093601339,0.90663307656214587,0.98082074416896847
cumulative-state-load,qwen3.8-27b-off,all-arms,dynamic,Omega_hat_StateLoad,140,918570198.05556846,0.95704177346025554,0.90633100269429046,0.98087784695471358
cumulative-state-load,qwen3.8-27b-off,all-arms,dynamic,Omega_hat_StateLoad,141,1040277718.2895838,0.95703101341094376,0.90599687401219831,0.98094162940200336
cumulative-state-load,qwen3.8-27b-off,all-arms,dynamic,Omega_hat_StateLoad,142,1178111083.3559988,0.95702025078752284,0.90563079890468934,0.98101193562856082
cumulative-state-load,qwen3.8-27b-off,all-arms,dynamic,Omega_hat_StateLoad,143,1334206914.4846187,0.95700948558943755,0.90523289483442759,0.98108859742844967
cumulative-state-load,qwen3.8-27b-off,all-arms,dynamic,Omega_hat_StateLoad,144,1510984928.1679814,0.95699871781613299,0.90480328723332337,0.98117143540335705
cumulative-state-load,qwen3.8-27b-off,all-arms,dynamic,Omega_hat_StateLoad,145,1711185445.3495414,0.9569879474670534,0.90434210836723694,0.98126026012704803
cumulative-state-load,qwen3.8-27b-off,all-arms,dynamic,Omega_hat_StateLoad,146,1937911870.4555225,0.95697717454164355,0.90384949618454624,0.98135487332843552
cumulative-state-load,qwen3.8-27b-off,all-arms,dynamic,Omega_hat_StateLoad,147,2194678798.7582965,0.95696639903934788,0.90332559316248118,0.98145506907940061
cumulative-state-load,qwen3.8-27b-off,all-arms,dynamic,Omega_hat_StateLoad,148,2485466497.8067212,0.95695562095961084,0.90277054516419497,0.98156063497440915
cumulative-state-load,qwen3.8-27b-off,all-arms,dynamic,Omega_hat_StateLoad,149,2814782607.4661736,0.95694484030187665,0.90218450031845299,0.98167135329007427
cumulative-state-load,qwen3.8-27b-off,all-arms,dynamic,Omega_hat_StateLoad,150,3187732015.0103235,0.95693405706558954,0.90156760793257162,0.98178700211405689
cumulative-state-load,qwen3.8-27b-off,all-arms,dynamic,Omega_hat_StateLoad,151,3610095988.4320011,0.95692327125019372,0.90092001744791494,0.98190735643402371
cumulative-state-load,qwen3.8-27b-off,all-arms,dynamic,Omega_hat_StateLoad,152,4088421794.6565967,0.95691248285513331,0.90024187744587114,0.98203218917877277
cumulative-state-load,qwen3.8-27b-off,all-arms,dynamic,Omega_hat_StateLoad,153,4630124191.8731194,0.95690169187985186,0.8995333347108404,0.98216127220501848
cumulative-state-load,qwen3.8-27b-off,all-arms,dynamic,Omega_hat_StateLoad,154,5243600369.264082,0.95689089832379359,0.89879453335540282,0.9822943772247007
cumulative-state-load,qwen3.8-27b-off,all-arms,dynamic,Omega_hat_StateLoad,155,5938360115.870491,0.95688010218640229,0.89802561401152925,0.98243127666898677
cumulative-state-load,qwen3.8-27b-off,all-arms,dynamic,Omega_hat_StateLoad,156,6725173236.4017982,0.95686930346712129,0.89722671309046143,0.98257174448636531
cumulative-state-load,qwen3.8-27b-off,all-arms,dynamic,Omega_hat_StateLoad,157,7616236499.1543064,0.95685850216539459,0.89639796211276579,0.98271555687336509
cumulative-state-load,qwen3.8-27b-off,all-arms,dynamic,Omega_hat_StateLoad,158,8625362703.9778748,0.9568476982806654,0.89553948710903664,0.98286249293745076
cumulative-state-load,qwen3.8-27b-off,all-arms,dynamic,Omega_hat_StateLoad,159,9768194801.1243382,0.95683689181237719,0.89465140809082822,0.98301233529254872
cumulative-state-load,qwen3.8-27b-off,all-arms,dynamic,Omega_hat_StateLoad,160,11062448380.136814,0.95682608275997338,0.89373383859060829,0.98316487058844382
cumulative-state-load,qwen3.8-27b-off,all-arms,dynamic,Omega_hat_StateLoad,161,12528186287.716778,0.95681527112289733,0.8927868852688694,0.98331988997593867
cumulative-state-load,qwen3.8-27b-off,all-arms,dynamic,Omega_hat_StateLoad,162,14188129631.552031,0.95680445690059168,0.89181064758598771,0.983477189510224
cumulative-state-load,qwen3.8-27b-off,all-arms,dynamic,Omega_hat_StateLoad,163,16068009991.126307,0.95679364009250001,0.89080521753598707,0.9836365704953276
cumulative-state-load,qwen3.8-27b-off,all-arms,dynamic,Omega_hat_StateLoad,164,18196968295.298309,0.95678282069806508,0.88977067943903543,0.98379783977285118
cumulative-state-load,qwen3.8-27b-off,all-arms,dynamic,Omega_hat_StateLoad,165,20608006549.844135,0.95677199871672969,0.88870710978926259,0.98396080995843072
cumulative-state-load,qwen3.8-27b-off,all-arms,dynamic,Omega_hat_StateLoad,166,23338499417.408398,0.95676117414793682,0.88761457715434189,0.98412529962951878
cumulative-state-load,qwen3.8-27b-off,all-arms,dynamic,Omega_hat_StateLoad,167,26430773580.110874,0.95675034699112893,0.88649314212318564,0.98429113346815544
cumulative-state-load,qwen3.8-27b-off,all-arms,dynamic,Omega_hat_StateLoad,168,29932763865.786736,0.95673951724574868,0.88534285729810269,0.98445814236241969
cumulative-state-load,qwen3.8-27b-off,all-arms,dynamic,Omega_hat_StateLoad,169,33898756308.788662,0.95672868491123886,0.88416376732779156,0.98462616347020859
cumulative-state-load,qwen3.8-27b-off,all-arms,dynamic,Omega_hat_StateLoad,170,38390229663.893478,0.95671784998704157,0.88295590897762966,0.98479504024891451
cumulative-state-load,qwen3.8-27b-off,all-arms,dynamic,Omega_hat_StateLoad,171,43476808418.023773,0.95670701247259926,0.88171931123383263,0.98496462245444805
cumulative-state-load,qwen3.8-27b-off,all-arms,dynamic,Omega_hat_StateLoad,172,49237342072.879868,0.95669617236735427,0.88045399543820579,0.9851347661129144
cumulative-state-load,qwen3.8-27b-off,all-arms,dynamic,Omega_hat_StateLoad,173,55761127428.957268,0.95668532967074849,0.87915997545036728,0.98530533346808025
cumulative-state-load,qwen3.8-27b-off,all-arms,dynamic,Omega_hat_StateLoad,174,63149292818.164284,0.95667448438222435,0.87783725783450817,0.98547619290759059
cumulative-state-load,qwen3.8-27b-off,all-arms,dynamic,Omega_hat_StateLoad,175,71516365742.693665,0.95666363650122377,0.87648584206794078,0.98564721887070184
cumulative-state-load,qwen3.8-27b-off,all-arms,dynamic,Omega_hat_StateLoad,176,80992048220.871994,0.95665278602718851,0.87510572076887649,0.98581829174010538
cumulative-state-load,qwen3.8-27b-off,all-arms,dynamic,Omega_hat_StateLoad,177,91723227360.476089,0.95664193295956024,0.87369687994107526,0.98598929772021737
cumulative-state-load,qwen3.8-27b-off,all-arms,dynamic,Omega_hat_StateLoad,178,103876252326.37943,0.95663107729778096,0.87225929923319101,0.98616012870411973
cumulative-state-load,qwen3.8-27b-off,all-arms,dynamic,Omega_hat_StateLoad,179,117639512998.89848,0.95662021904129213,0.87079295221083275,0.98633068213114306
cumulative-state-load,qwen3.8-27b-off,all-arms,dynamic,Omega_hat_StateLoad,180,133226360295.8611,0.95660935818953541,0.86929780663953737,0.98650086083690158
cumulative-state-load,qwen3.8-27b-off,all-arms,dynamic,Omega_hat_StateLoad,181,150878413427.71277,0.95659849474195213,0.86777382477701936,0.98667057289742055
cumulative-state-load,qwen3.8-27b-off,all-arms,dynamic,Omega_hat_StateLoad,182,170869305353.01147,0.95658762869798375,0.86622096367323442,0.98683973146881743
cumulative-state-load,qwen3.8-27b-off,all-arms,dynamic,Omega_hat_StateLoad,183,193508924494.41779,0.95657676005707148,0.86463917547693425,0.98700825462385677
cumulative-state-load,qwen3.8-27b-off,all-arms,dynamic,Omega_hat_StateLoad,184,219148218468.05231,0.95656588881865656,0.86302840774754608,0.98717606518654144
cumulative-state-load,qwen3.8-27b-off,all-arms,dynamic,Omega_hat_StateLoad,185,248184634291.15179,0.95655501498217987,0.86138860377133086,0.98734309056577263
cumulative-state-load,qwen3.8-27b-off,all-arms,dynamic,Omega_hat_StateLoad,186,281068279399.27899,0.95654413854708265,0.85971970288090327,0.98750926258898319
cumulative-state-load,qwen3.8-27b-off,all-arms,dynamic,Omega_hat_StateLoad,187,318308898977.9881,0.95653325951280566,0.85802164077730569,0.98767451733653322
cumulative-state-load,qwen3.8-27b-off,all-arms,dynamic,Omega_hat_StateLoad,188,360483777767.9118,0.9565223778787898,0.85629434985392727,0.98783879497755422
cumulative-state-load,qwen3.8-27b-off,all-arms,dynamic,Omega_hat_StateLoad,189,408246688832.94879,0.95651149364447607,0.85453775952165545,0.9880020396078274
cumulative-state-load,qwen3.8-27b-off,all-arms,dynamic,Omega_hat_StateLoad,190,462338028010.70764,0.95650060680930449,0.85275179653472588,0.98816419909019548
cumulative-state-load,qwen3.8-27b-off,all-arms,dynamic,Omega_hat_StateLoad,191,523596291144.19409,0.95648971737271604,0.85093638531681248,0.9883252248979324
cumulative-state-load,qwen3.8-27b-off,all-arms,dynamic,Omega_hat_StateLoad,192,592971072008.82837,0.95647882533415129,0.84909144828696526,0.98848507196141944
cumulative-state-load,qwen3.8-27b-off,all-arms,dynamic,Omega_hat_StateLoad,193,671537782421.88806,0.95646793069305025,0.84721690618506063,0.98864369851841394
cumulative-state-load,qwen3.8-27b-off,all-arms,dynamic,Omega_hat_StateLoad,194,760514322717.90979,0.95645703344885358,0.84531267839647917,0.98880106596814277
cumulative-state-load,qwen3.8-27b-off,all-arms,dynamic,Omega_hat_StateLoad,195,861279961007.04492,0.95644613360100128,0.84337868327577414,0.98895713872939994
cumulative-state-load,qwen3.8-27b-off,all-arms,dynamic,Omega_hat_StateLoad,196,975396713872.86499,0.95643523114893325,0.84141483846912635,0.98911188410278306
cumulative-state-load,qwen3.8-27b-off,all-arms,dynamic,Omega_hat_StateLoad,197,1104633559942.075,0.95642432609209005,0.83942106123542315,0.98926527213716398
cumulative-state-load,qwen3.8-27b-off,all-arms,dynamic,Omega_hat_StateLoad,198,1250993861672.3154,0.95641341842991112,0.83739726876581266,0.98941727550045966
cumulative-state-load,qwen3.8-27b-off,all-arms,dynamic,Omega_hat_StateLoad,199,1416746420436.3638,0.95640250816183647,0.83534337850162876,0.98956786935472862
cumulative-state-load,qwen3.8-27b-off,all-arms,dynamic,Omega_hat_StateLoad,200,1604460646302.5212,0.956391595287306,0.83325930845057639,0.98971703123560584
cumulative-state-load,qwen3.8-27b-off,all-arms,dynamic,Omega_hat_StateLoad,201,1817046387694.8501,0.95638067980575914,0.83114497750110705,0.98986474093605326
cumulative-state-load,qwen3.8-27b-off,all-arms,dynamic,Omega_hat_StateLoad,202,2057799038351.9771,0.95636976171663535,0.8290003057349058,0.9900109803943945
cumulative-state-load,qwen3.8-27b-off,all-arms,dynamic,Omega_hat_StateLoad,203,2330450620809.0474,0.95635884101937463,0.82682521473743653,0.99015573358658038
cumulative-state-load,qwen3.8-27b-off,all-arms,dynamic,Omega_hat_StateLoad,204,2639227638272.5801,0.95634791771341587,0.82461962790648391,0.99029898642261849
cumulative-state-load,qwen3.8-27b-off,all-arms,dynamic,Omega_hat_StateLoad,205,2988916591677.7441,0.95633699179819875,0.82238347075864726,0.99044072664709171
cumulative-state-load,qwen3.8-27b-off,all-arms,dynamic,Omega_hat_StateLoad,206,3384938177539.5894,0.95632606327316239,0.82011667123373644,0.99058094374367522
cumulative-state-load,qwen3.8-27b-off,all-arms,dynamic,Omega_hat_StateLoad,207,3833431316774.7251,0.95631513213774566,0.81781915999701882,0.99071962884356413
cumulative-state-load,qwen3.8-27b-off,all-arms,dynamic,Omega_hat_StateLoad,208,4341348317064.5972,0.95630419839138781,0.81549087073926874,0.99085677463770383
cumulative-state-load,qwen3.8-27b-off,all-arms,dynamic,Omega_hat_StateLoad,209,4916562643917.8984,0.95629326203352782,0.81313174047456427,0.99099237529272377
cumulative-state-load,qwen3.8-27b-off,all-arms,dynamic,Omega_hat_StateLoad,210,5567990971043.127,0.9562823230636045,0.81074170983577698,0.99112642637046311
cumulative-state-load,qwen3.8-27b-off,all-arms,dynamic,Omega_hat_StateLoad,211,6305731401992.79,0.95627138148105673,0.80832072336768213,0.99125892475098021
cumulative-state-load,qwen3.8-27b-off,all-arms,dynamic,Omega_hat_StateLoad,212,7141220005719.3965,0.95626043728532295,0.80586872981762836,0.99138986855893041
cumulative-state-load,qwen3.8-27b-off,all-arms,dynamic,Omega_hat_StateLoad,213,8087408092575.9355,0.95624949047584185,0.80338568242368136,0.99151925709320143
cumulative-state-load,qwen3.8-27b-off,all-arms,dynamic,Omega_hat_StateLoad,214,9158962978801.8008,0.95623854105205197,0.80087153920015908,0.99164709075969293
cumulative-state-load,qwen3.8-27b-off,all-arms,dynamic,Omega_hat_StateLoad,215,10372495351640.289,0.95622758901339189,0.79832626322046207,0.99177337100712815
cumulative-state-load,qwen3.8-27b-off,all-arms,dynamic,Omega_hat_StateLoad,216,11746816759584.111,0.9562166343592996,0.79574982289709328,0.99189810026578462
cumulative-state-load,qwen3.8-27b-off,all-arms,dynamic,Omega_hat_StateLoad,217,13303231219228.748,0.95620567708921367,0.79314219225875904,0.99202128188903937
cumulative-state-load,qwen3.8-27b-off,all-arms,dynamic,Omega_hat_StateLoad,218,15065865459071.664,0.95619471720257199,0.79050335122442117,0.99214292009761196
cumulative-state-load,qwen3.8-27b-off,all-arms,dynamic,Omega_hat_StateLoad,219,17062042919525.213,0.95618375469881289,0.78783328587416956,0.99226301992640931
cumulative-state-load,qwen3.8-27b-off,all-arms,dynamic,Omega_hat_StateLoad,220,19322707306697.164,0.95617278957737395,0.78513198871677459,0.99238158717386293
cumulative-state-load,qwen3.8-27b-off,all-arms,dynamic,Omega_hat_StateLoad,221,21882902265649.543,0.95616182183769327,0.78239945895376151,0.99249862835365832
cumulative-state-load,qwen3.8-27b-off,all-arms,dynamic,Omega_hat_StateLoad,222,24782314608781.605,0.95615085147920875,0.77963570273984684,0.99261415064876068
cumulative-state-load,qwen3.8-27b-off,all-arms,dynamic,Omega_hat_StateLoad,223,28065889520180.477,0.95613987850135806,0.77684073343955973,0.99272816186764046
cumulative-state-load,qwen3.8-27b-off,all-arms,dynamic,Omega_hat_StateLoad,224,31784527272519.461,0.95612890290357855,0.77401457187986944,0.99284067040260582
cumulative-state-load,qwen3.8-27b-off,all-arms,dynamic,Omega_hat_StateLoad,225,35995872256645.188,0.95611792468530798,0.7711572465986235,0.9929516851901532
cumulative-state-load,qwen3.8-27b-off,all-arms,dynamic,Omega_hat_StateLoad,226,40765206554982.133,0.95610694384598371,0.76826879408859516,0.99306121567324934
cumulative-state-load,qwen3.8-27b-off,all-arms,dynamic,Omega_hat_StateLoad,227,46166461910464.57,0.95609596038504319,0.7653492590369293,0.99316927176546133
cumulative-state-load,qwen3.8-27b-off,all-arms,dynamic,Omega_hat_StateLoad,228,52283365778012.797,0.95608497430192341,0.76239869455976872,0.9932758638168544
cumulative-state-load,qwen3.8-27b-off,all-arms,dynamic,Omega_hat_StateLoad,229,59210739224048.375,0.95607398559606194,0.75941716243182866,0.99338100258157847
cumulative-state-load,qwen3.8-27b-off,all-arms,dynamic,Omega_hat_StateLoad,230,67055966793412.406,0.95606299426689567,0.75640473331069247,0.99348469918706972
cumulative-state-load,qwen3.8-27b-off,all-arms,dynamic,Omega_hat_StateLoad,231,75940661128800.391,0.95605200031386151,0.75336148695557359,0.99358696510479727
cumulative-state-load,qwen3.8-27b-off,all-arms,dynamic,Omega_hat_StateLoad,232,86002548146779.891,0.95604100373639622,0.750287512440309,0.99368781212248025
cumulative-state-load,qwen3.8-27b-off,all-arms,dynamic,Omega_hat_StateLoad,233,97397601993407.797,0.95603000453393705,0.74718290836031498,0.99378725231771514
cumulative-state-load,qwen3.8-27b-off,all-arms,dynamic,Omega_hat_StateLoad,234,110302462874426.61,0.95601900270592033,0.74404778303325259,0.99388529803294645
cumulative-state-load,qwen3.8-27b-off,all-arms,dynamic,Omega_hat_StateLoad,235,124917175239979.11,0.95600799825178284,0.74088225469313151,0.99398196185171983
cumulative-state-load,qwen3.8-27b-off,all-arms,dynamic,Omega_hat_StateLoad,236,141468288769764.84,0.95599699117096126,0.73768645167758851,0.99407725657615897
cumulative-state-load,qwen3.8-27b-off,all-arms,dynamic,Omega_hat_StateLoad,237,160212370228497.03,0.95598598146289171,0.73446051260805711,0.99417119520561048
cumulative-state-load,qwen3.8-27b-off,all-arms,dynamic,Omega_hat_StateLoad,238,181439980630619.34,0.95597496912701097,0.73120458656255705,0.99426379091640515
cumulative-state-load,qwen3.8-27b-off,all-arms,dynamic,Omega_hat_StateLoad,239,205480179366224.44,0.95596395416275504,0.72791883324082729,0.99435505704267857
