series_id,prediction_id,program_id,execution_id,model_id,arm_id,arm_group,scope,metric_name,x,y
dynamic::deepseek-v4-pro-0813-high::all-arms::Omega_hat_NativeTrace,deepseek-v4-pro-0813-high::problem-01/inside-loop-state,problem-01,sha256:0547b42885dc201376fb93765a3c7da6c077a0338c243dcae8c262108a061af1,deepseek-v4-pro-0813-high,inside-loop-state,all-arms,dynamic,Omega_hat_NativeTrace,177482,0
dynamic::deepseek-v4-pro-0813-high::all-arms::Omega_hat_NativeTrace,deepseek-v4-pro-0813-high::problem-01/long-trace-final,problem-01,sha256:56d9affe274f136e1933852e8f797cfb86ea3bed95c016b04556b2c4ca152b2c,deepseek-v4-pro-0813-high,long-trace-final,all-arms,dynamic,Omega_hat_NativeTrace,222559,0
dynamic::deepseek-v4-pro-0813-high::all-arms::Omega_hat_NativeTrace,deepseek-v4-pro-0813-high::problem-01/short-trace-final,problem-01,sha256:73ad8aafe6d235df156f603343f220d5bf0bf095034c7c09e4647aec6b75183c,deepseek-v4-pro-0813-high,short-trace-final,all-arms,dynamic,Omega_hat_NativeTrace,90806,0
dynamic::deepseek-v4-pro-0813-high::all-arms::Omega_hat_NativeTrace,deepseek-v4-pro-0813-high::problem-01/post-loop-state,problem-01,sha256:8c394bb669c6429a6cc8371df442ba1284632f5fd03fcf20b87ec42c6b002666,deepseek-v4-pro-0813-high,post-loop-state,all-arms,dynamic,Omega_hat_NativeTrace,214164,0
dynamic::deepseek-v4-pro-0813-high::all-arms::Omega_hat_NativeTrace,deepseek-v4-pro-0813-high::problem-02/long-trace-final,problem-02,sha256:2c6c086992c204f9156a73eca1a86fe4ad8b4777c9b50ca69f44efa3a0ec804d,deepseek-v4-pro-0813-high,long-trace-final,all-arms,dynamic,Omega_hat_NativeTrace,221700,0
dynamic::deepseek-v4-pro-0813-high::all-arms::Omega_hat_NativeTrace,deepseek-v4-pro-0813-high::problem-02/inside-loop-state,problem-02,sha256:43ea44d05f37e33633d2f43ad399b115c3066c018f15acef6f477c034fdda927,deepseek-v4-pro-0813-high,inside-loop-state,all-arms,dynamic,Omega_hat_NativeTrace,177007,0
dynamic::deepseek-v4-pro-0813-high::all-arms::Omega_hat_NativeTrace,deepseek-v4-pro-0813-high::problem-02/post-loop-state,problem-02,sha256:ba7d1febfb83991899883c292120818d9f29e3dd565ec4a93b6368650d9b3d8b,deepseek-v4-pro-0813-high,post-loop-state,all-arms,dynamic,Omega_hat_NativeTrace,213305,0
dynamic::deepseek-v4-pro-0813-high::all-arms::Omega_hat_NativeTrace,deepseek-v4-pro-0813-high::problem-02/short-trace-final,problem-02,sha256:c045cedad0407af52c2d7faa26f00e6fb48605031adc73be301bb6ee469d0a00,deepseek-v4-pro-0813-high,short-trace-final,all-arms,dynamic,Omega_hat_NativeTrace,108273,0
dynamic::deepseek-v4-pro-0813-high::all-arms::Omega_hat_NativeTrace,deepseek-v4-pro-0813-high::problem-03/post-loop-state,problem-03,sha256:2acfa20a7ee16e7c373ae0cf23d876f6106fe1856336ee95352a6619b1420010,deepseek-v4-pro-0813-high,post-loop-state,all-arms,dynamic,Omega_hat_NativeTrace,209127,0
dynamic::deepseek-v4-pro-0813-high::all-arms::Omega_hat_NativeTrace,deepseek-v4-pro-0813-high::problem-03/inside-loop-state,problem-03,sha256:587d5ad47aee9baac51abb2d6ac720bc8b29f8e6c6f98e2e7066bb6d8bac30a1,deepseek-v4-pro-0813-high,inside-loop-state,all-arms,dynamic,Omega_hat_NativeTrace,178047,0
dynamic::deepseek-v4-pro-0813-high::all-arms::Omega_hat_NativeTrace,deepseek-v4-pro-0813-high::problem-03/long-trace-final,problem-03,sha256:5cd8a44109e568c902e2d582d4448650c2d4a64ee9ae4e391cf17a60348468b4,deepseek-v4-pro-0813-high,long-trace-final,all-arms,dynamic,Omega_hat_NativeTrace,217522,0
dynamic::deepseek-v4-pro-0813-high::all-arms::Omega_hat_NativeTrace,deepseek-v4-pro-0813-high::problem-03/short-trace-final,problem-03,sha256:de9b7f7e58c8ec2d2f824891cdd79a1b094a45ac4742558225294573439b316d,deepseek-v4-pro-0813-high,short-trace-final,all-arms,dynamic,Omega_hat_NativeTrace,92185,0
dynamic::deepseek-v4-pro-0813-high::all-arms::Omega_hat_NativeTrace,deepseek-v4-pro-0813-high::problem-04/short-trace-final,problem-04,sha256:05aae40bc36e0df65171215e791c8e10e79babb0960ce78b876515d48b8accae,deepseek-v4-pro-0813-high,short-trace-final,all-arms,dynamic,Omega_hat_NativeTrace,101454,0
dynamic::deepseek-v4-pro-0813-high::all-arms::Omega_hat_NativeTrace,deepseek-v4-pro-0813-high::problem-04/long-trace-final,problem-04,sha256:7ad230089b4b878cee95f70563245eea351dea877118fcf8a597be6bd90d14f5,deepseek-v4-pro-0813-high,long-trace-final,all-arms,dynamic,Omega_hat_NativeTrace,231312,0
dynamic::deepseek-v4-pro-0813-high::all-arms::Omega_hat_NativeTrace,deepseek-v4-pro-0813-high::problem-04/post-loop-state,problem-04,sha256:94ab1f7d2732d7ff5cef895f5b77e7fd081702b993a6eb7d3d5c505592cefb21,deepseek-v4-pro-0813-high,post-loop-state,all-arms,dynamic,Omega_hat_NativeTrace,222917,0
dynamic::deepseek-v4-pro-0813-high::all-arms::Omega_hat_NativeTrace,deepseek-v4-pro-0813-high::problem-04/inside-loop-state,problem-04,sha256:9aaa594325de39aafc50a9d96c539f0c1166bd50a8eff8c49c14c84270c4ff59,deepseek-v4-pro-0813-high,inside-loop-state,all-arms,dynamic,Omega_hat_NativeTrace,187012,0
dynamic::deepseek-v4-pro-0813-high::all-arms::Omega_hat_NativeTrace,deepseek-v4-pro-0813-high::problem-05/post-loop-state,problem-05,sha256:0f684ff85de199f8f7c7ffc32375f9b9e62fa5827fcecce50fb5d60bca08e280,deepseek-v4-pro-0813-high,post-loop-state,all-arms,dynamic,Omega_hat_NativeTrace,219484,0
dynamic::deepseek-v4-pro-0813-high::all-arms::Omega_hat_NativeTrace,deepseek-v4-pro-0813-high::problem-05/long-trace-final,problem-05,sha256:5a4822c8f4e084302eeecb07be76313448d56e02db866843273cfa2a79ca9b73,deepseek-v4-pro-0813-high,long-trace-final,all-arms,dynamic,Omega_hat_NativeTrace,227879,0
dynamic::deepseek-v4-pro-0813-high::all-arms::Omega_hat_NativeTrace,deepseek-v4-pro-0813-high::problem-05/short-trace-final,problem-05,sha256:9f6345f351d6266c0c09238729ff08378ce70e23ac0267c2e41f067733d6f579,deepseek-v4-pro-0813-high,short-trace-final,all-arms,dynamic,Omega_hat_NativeTrace,92213,0
dynamic::deepseek-v4-pro-0813-high::all-arms::Omega_hat_NativeTrace,deepseek-v4-pro-0813-high::problem-05/inside-loop-state,problem-05,sha256:e22303dc39b5dd7a5cac47da11bd364b0897fb8d8d9099162d7706552f9fa372,deepseek-v4-pro-0813-high,inside-loop-state,all-arms,dynamic,Omega_hat_NativeTrace,187905,0
dynamic::deepseek-v4-pro-0813-high::all-arms::Omega_hat_NativeTrace,deepseek-v4-pro-0813-high::problem-06/long-trace-final,problem-06,sha256:061a7cf51e116aa318d53740cdc4d580b6c9767f126c91061a484987b96cd0c7,deepseek-v4-pro-0813-high,long-trace-final,all-arms,dynamic,Omega_hat_NativeTrace,220520,0
dynamic::deepseek-v4-pro-0813-high::all-arms::Omega_hat_NativeTrace,deepseek-v4-pro-0813-high::problem-06/post-loop-state,problem-06,sha256:2c10823e77f28c1bd27318dfe6f1918fbe52e06174725d89f5e5d33bd0bd5510,deepseek-v4-pro-0813-high,post-loop-state,all-arms,dynamic,Omega_hat_NativeTrace,212125,0
dynamic::deepseek-v4-pro-0813-high::all-arms::Omega_hat_NativeTrace,deepseek-v4-pro-0813-high::problem-06/short-trace-final,problem-06,sha256:6a88d2c05b775fcb748a8354a26e9d76a3a40fbeb4478fdc3ede8d3a216d580f,deepseek-v4-pro-0813-high,short-trace-final,all-arms,dynamic,Omega_hat_NativeTrace,93164,0
dynamic::deepseek-v4-pro-0813-high::all-arms::Omega_hat_NativeTrace,deepseek-v4-pro-0813-high::problem-06/inside-loop-state,problem-06,sha256:cd00c1a7e81437959f3f7ae75d1cd3869cff5bb6980eec8d78e39979ad3c2a27,deepseek-v4-pro-0813-high,inside-loop-state,all-arms,dynamic,Omega_hat_NativeTrace,173832,0
dynamic::deepseek-v4-pro-0813-high::all-arms::Omega_hat_NativeTrace,deepseek-v4-pro-0813-high::problem-07/long-trace-final,problem-07,sha256:0038af217dac3eb4ec50de238581737dacd10f0887c0b2b7bf8c89208e6efac5,deepseek-v4-pro-0813-high,long-trace-final,all-arms,dynamic,Omega_hat_NativeTrace,223712,0
dynamic::deepseek-v4-pro-0813-high::all-arms::Omega_hat_NativeTrace,deepseek-v4-pro-0813-high::problem-07/inside-loop-state,problem-07,sha256:3f021ab7fd773d4b5707b65f0ddba29e4e2f31918c7ad194865bdfdb2cc2fc23,deepseek-v4-pro-0813-high,inside-loop-state,all-arms,dynamic,Omega_hat_NativeTrace,189373,0
dynamic::deepseek-v4-pro-0813-high::all-arms::Omega_hat_NativeTrace,deepseek-v4-pro-0813-high::problem-07/post-loop-state,problem-07,sha256:9e457d18bfaac327399393fdb975773303e803b2fd677d4bd2e6b7cd4ddc624c,deepseek-v4-pro-0813-high,post-loop-state,all-arms,dynamic,Omega_hat_NativeTrace,215317,0
dynamic::deepseek-v4-pro-0813-high::all-arms::Omega_hat_NativeTrace,deepseek-v4-pro-0813-high::problem-07/short-trace-final,problem-07,sha256:a804134b8daa3d73abbebef8e0e40694e39211ed7153b6ad7591756fe33cd167,deepseek-v4-pro-0813-high,short-trace-final,all-arms,dynamic,Omega_hat_NativeTrace,100948,0
dynamic::deepseek-v4-pro-0813-high::all-arms::Omega_hat_NativeTrace,deepseek-v4-pro-0813-high::problem-08/inside-loop-state,problem-08,sha256:7064354a09226b66ebb7194c3454eab73c7a5d95fb26e79e1817e12584f3f310,deepseek-v4-pro-0813-high,inside-loop-state,all-arms,dynamic,Omega_hat_NativeTrace,177328,0
dynamic::deepseek-v4-pro-0813-high::all-arms::Omega_hat_NativeTrace,deepseek-v4-pro-0813-high::problem-08/short-trace-final,problem-08,sha256:a7da9f82ea01769a6b8a112317eee4c6cc1f6de1fd6fdd14a5537d4ac9c80a0f,deepseek-v4-pro-0813-high,short-trace-final,all-arms,dynamic,Omega_hat_NativeTrace,88887,0
dynamic::deepseek-v4-pro-0813-high::all-arms::Omega_hat_NativeTrace,deepseek-v4-pro-0813-high::problem-08/post-loop-state,problem-08,sha256:e32673ca942baf21e1de8014e35df297a78a6d254c419164d155a8af936e67b4,deepseek-v4-pro-0813-high,post-loop-state,all-arms,dynamic,Omega_hat_NativeTrace,202271,0
dynamic::deepseek-v4-pro-0813-high::all-arms::Omega_hat_NativeTrace,deepseek-v4-pro-0813-high::problem-08/long-trace-final,problem-08,sha256:f4f4c04290dfd1722493e9d5e7c6c040d58b8f4f1f2ea1ffd0972f45a5893717,deepseek-v4-pro-0813-high,long-trace-final,all-arms,dynamic,Omega_hat_NativeTrace,210666,0
dynamic::deepseek-v4-pro-0813-high::all-arms::Omega_hat_NativeTrace,deepseek-v4-pro-0813-high::problem-09/short-trace-final,problem-09,sha256:1f2e9f2d169b17ceb6021bac59f884fc4c71697048d44bcde003919a30c6bc01,deepseek-v4-pro-0813-high,short-trace-final,all-arms,dynamic,Omega_hat_NativeTrace,105245,0
dynamic::deepseek-v4-pro-0813-high::all-arms::Omega_hat_NativeTrace,deepseek-v4-pro-0813-high::problem-09/inside-loop-state,problem-09,sha256:221039cb3147683b097b9a9e97cbc35a8b09ba4e290f73be9b1bca308fd93ce3,deepseek-v4-pro-0813-high,inside-loop-state,all-arms,dynamic,Omega_hat_NativeTrace,182596,0
dynamic::deepseek-v4-pro-0813-high::all-arms::Omega_hat_NativeTrace,deepseek-v4-pro-0813-high::problem-09/post-loop-state,problem-09,sha256:2c9d501dc7cc0a1d91e2d7340569ca0ba384bdb40034069641418df06a065b02,deepseek-v4-pro-0813-high,post-loop-state,all-arms,dynamic,Omega_hat_NativeTrace,227967,0
dynamic::deepseek-v4-pro-0813-high::all-arms::Omega_hat_NativeTrace,deepseek-v4-pro-0813-high::problem-09/long-trace-final,problem-09,sha256:d5594fe452f9751f9e5a7096c8f016b17a3d1be5849b3882dd8846f268197c8d,deepseek-v4-pro-0813-high,long-trace-final,all-arms,dynamic,Omega_hat_NativeTrace,236362,0
dynamic::deepseek-v4-pro-0813-high::all-arms::Omega_hat_NativeTrace,deepseek-v4-pro-0813-high::problem-10/inside-loop-state,problem-10,sha256:4bfd0a8e336edf6d47adfddd74897b9784181700d614c66dab4d21903a7797cb,deepseek-v4-pro-0813-high,inside-loop-state,all-arms,dynamic,Omega_hat_NativeTrace,179176,0
dynamic::deepseek-v4-pro-0813-high::all-arms::Omega_hat_NativeTrace,deepseek-v4-pro-0813-high::problem-10/short-trace-final,problem-10,sha256:68a7353ba44980aa7c94507c7d2506366b7e1a6d3a9840cec0ba3fd243bb86ef,deepseek-v4-pro-0813-high,short-trace-final,all-arms,dynamic,Omega_hat_NativeTrace,103733,0
dynamic::deepseek-v4-pro-0813-high::all-arms::Omega_hat_NativeTrace,deepseek-v4-pro-0813-high::problem-10/post-loop-state,problem-10,sha256:6d34f6c50beb59b579b867aa64417c1f8e212aca0c7dba85a4f8d73ad6395e15,deepseek-v4-pro-0813-high,post-loop-state,all-arms,dynamic,Omega_hat_NativeTrace,215948,0
dynamic::deepseek-v4-pro-0813-high::all-arms::Omega_hat_NativeTrace,deepseek-v4-pro-0813-high::problem-10/long-trace-final,problem-10,sha256:b9350571c682c8ce1a385a3827b09b6195b6b0de80c103fe5638970bd0396907,deepseek-v4-pro-0813-high,long-trace-final,all-arms,dynamic,Omega_hat_NativeTrace,224343,0
dynamic::deepseek-v4-pro-0813-high::all-arms::Omega_hat_NativeTrace,deepseek-v4-pro-0813-high::problem-11/short-trace-final,problem-11,sha256:26270b738997e89a812774051cc9205ec744eed12d5397ba27730fd1f3616545,deepseek-v4-pro-0813-high,short-trace-final,all-arms,dynamic,Omega_hat_NativeTrace,293189,0
dynamic::deepseek-v4-pro-0813-high::all-arms::Omega_hat_NativeTrace,deepseek-v4-pro-0813-high::problem-11/long-trace-final,problem-11,sha256:37449d8e8c91c57d5e2c5704a43fc22c0bd0599b769db5d859947f119c59900a,deepseek-v4-pro-0813-high,long-trace-final,all-arms,dynamic,Omega_hat_NativeTrace,507023,0
dynamic::deepseek-v4-pro-0813-high::all-arms::Omega_hat_NativeTrace,deepseek-v4-pro-0813-high::problem-11/post-loop-state,problem-11,sha256:89cf19a5769900427442f00c16f675ef52b8c60cb6f502a5e54dafd29cbaa7b3,deepseek-v4-pro-0813-high,post-loop-state,all-arms,dynamic,Omega_hat_NativeTrace,490939,0
dynamic::deepseek-v4-pro-0813-high::all-arms::Omega_hat_NativeTrace,deepseek-v4-pro-0813-high::problem-11/inside-loop-state,problem-11,sha256:9e616055a8b294cc727870ca9d00854bfd4625609bfaf8f7f208f2affda4e187,deepseek-v4-pro-0813-high,inside-loop-state,all-arms,dynamic,Omega_hat_NativeTrace,414516,0
dynamic::deepseek-v4-pro-0813-high::all-arms::Omega_hat_NativeTrace,deepseek-v4-pro-0813-high::problem-12/inside-loop-state,problem-12,sha256:7b5df0851254363517f3ded42cf7a385fa51a85dd64743e6e008669e0faf5b82,deepseek-v4-pro-0813-high,inside-loop-state,all-arms,dynamic,Omega_hat_NativeTrace,420712,0
dynamic::deepseek-v4-pro-0813-high::all-arms::Omega_hat_NativeTrace,deepseek-v4-pro-0813-high::problem-12/short-trace-final,problem-12,sha256:85aa9c8d83f90f5ce7ad3cbf050a51a8d8f6994499cd2159cb23a7ea82b1849e,deepseek-v4-pro-0813-high,short-trace-final,all-arms,dynamic,Omega_hat_NativeTrace,284443,0
dynamic::deepseek-v4-pro-0813-high::all-arms::Omega_hat_NativeTrace,deepseek-v4-pro-0813-high::problem-12/post-loop-state,problem-12,sha256:958460d7ecf7621b9ecf5669fda846e1d9c0a7b4b399190aeed32c7df8b0699e,deepseek-v4-pro-0813-high,post-loop-state,all-arms,dynamic,Omega_hat_NativeTrace,481453,0
dynamic::deepseek-v4-pro-0813-high::all-arms::Omega_hat_NativeTrace,deepseek-v4-pro-0813-high::problem-12/long-trace-final,problem-12,sha256:bbf72f7493684d660693adfc81bbd175088f4b46afda09d4b298512c72508c1b,deepseek-v4-pro-0813-high,long-trace-final,all-arms,dynamic,Omega_hat_NativeTrace,497537,0
dynamic::deepseek-v4-pro-0813-high::all-arms::Omega_hat_NativeTrace,deepseek-v4-pro-0813-high::problem-13/inside-loop-state,problem-13,sha256:2b247ce5916acd9195152fced59de2ae563f4cbdd37bfd795074e5f2ec115251,deepseek-v4-pro-0813-high,inside-loop-state,all-arms,dynamic,Omega_hat_NativeTrace,432012,0
dynamic::deepseek-v4-pro-0813-high::all-arms::Omega_hat_NativeTrace,deepseek-v4-pro-0813-high::problem-13/post-loop-state,problem-13,sha256:5c4433c9aa1b024d200559d67bbc7d578a21c39d10fb03ce2c6a5caae255993f,deepseek-v4-pro-0813-high,post-loop-state,all-arms,dynamic,Omega_hat_NativeTrace,544902,0
dynamic::deepseek-v4-pro-0813-high::all-arms::Omega_hat_NativeTrace,deepseek-v4-pro-0813-high::problem-13/short-trace-final,problem-13,sha256:eccc604db1d5cc06fe2c28b2456d93ecb100590e01fd6ce576ad76161a08aada,deepseek-v4-pro-0813-high,short-trace-final,all-arms,dynamic,Omega_hat_NativeTrace,278749,0
dynamic::deepseek-v4-pro-0813-high::all-arms::Omega_hat_NativeTrace,deepseek-v4-pro-0813-high::problem-13/long-trace-final,problem-13,sha256:fc03a1fd966e3a60af4264cb997a959b0d3d39ccb2cc7f6636f0659db36c1fcf,deepseek-v4-pro-0813-high,long-trace-final,all-arms,dynamic,Omega_hat_NativeTrace,560986,0
dynamic::deepseek-v4-pro-0813-high::all-arms::Omega_hat_NativeTrace,deepseek-v4-pro-0813-high::problem-14/short-trace-final,problem-14,sha256:929856d52b4d3a50a8d477f065732fc3ff381b1ec26dfd9672f1bb3e81b9112e,deepseek-v4-pro-0813-high,short-trace-final,all-arms,dynamic,Omega_hat_NativeTrace,269637,0
dynamic::deepseek-v4-pro-0813-high::all-arms::Omega_hat_NativeTrace,deepseek-v4-pro-0813-high::problem-14/post-loop-state,problem-14,sha256:a428733484eb9e4568dc0f1944310d728394aa7a5f597f21fad8a5f17c349a92,deepseek-v4-pro-0813-high,post-loop-state,all-arms,dynamic,Omega_hat_NativeTrace,506380,0
dynamic::deepseek-v4-pro-0813-high::all-arms::Omega_hat_NativeTrace,deepseek-v4-pro-0813-high::problem-14/inside-loop-state,problem-14,sha256:b92de04f170b8d7777731ffc17b0ef112672dde69764b2e2b4544f1cbbfd2775,deepseek-v4-pro-0813-high,inside-loop-state,all-arms,dynamic,Omega_hat_NativeTrace,409055,0
dynamic::deepseek-v4-pro-0813-high::all-arms::Omega_hat_NativeTrace,deepseek-v4-pro-0813-high::problem-14/long-trace-final,problem-14,sha256:e692c2f7963ddc6244570169d2564497fe9f12ef39e36f0f4f9f973b508f3616,deepseek-v4-pro-0813-high,long-trace-final,all-arms,dynamic,Omega_hat_NativeTrace,522464,0
dynamic::deepseek-v4-pro-0813-high::all-arms::Omega_hat_NativeTrace,deepseek-v4-pro-0813-high::problem-15/post-loop-state,problem-15,sha256:12301c45635de868f2a4e921222d940fcf33c2f6205d05fc21454266cfbc3061,deepseek-v4-pro-0813-high,post-loop-state,all-arms,dynamic,Omega_hat_NativeTrace,487763,0
dynamic::deepseek-v4-pro-0813-high::all-arms::Omega_hat_NativeTrace,deepseek-v4-pro-0813-high::problem-15/inside-loop-state,problem-15,sha256:50e103eb8654ee1640e95f86191fb481f0e07e0bd366e6b5ce47d20c0a200912,deepseek-v4-pro-0813-high,inside-loop-state,all-arms,dynamic,Omega_hat_NativeTrace,405070,0
dynamic::deepseek-v4-pro-0813-high::all-arms::Omega_hat_NativeTrace,deepseek-v4-pro-0813-high::problem-15/short-trace-final,problem-15,sha256:649f09230fe16bc947760c4387cd544c37fec8d49083a073371770fa5ae3e1d1,deepseek-v4-pro-0813-high,short-trace-final,all-arms,dynamic,Omega_hat_NativeTrace,264604,0
dynamic::deepseek-v4-pro-0813-high::all-arms::Omega_hat_NativeTrace,deepseek-v4-pro-0813-high::problem-15/long-trace-final,problem-15,sha256:8ab718d447d5782861bfa1a8a089a1b4a55c3c55b6ead5ff4abb068409ec1b6b,deepseek-v4-pro-0813-high,long-trace-final,all-arms,dynamic,Omega_hat_NativeTrace,503847,0
dynamic::deepseek-v4-pro-0813-high::all-arms::Omega_hat_NativeTrace,deepseek-v4-pro-0813-high::problem-16/short-trace-final,problem-16,sha256:64670fb8a7f19547ad0b0c7647c368cf26d355b1d2e0bedbf884079ff09d87fb,deepseek-v4-pro-0813-high,short-trace-final,all-arms,dynamic,Omega_hat_NativeTrace,268255,0
dynamic::deepseek-v4-pro-0813-high::all-arms::Omega_hat_NativeTrace,deepseek-v4-pro-0813-high::problem-16/post-loop-state,problem-16,sha256:8368e978d24c4b3ea18f7eb2ea99706b1e5473aa07f13c4bb3fe6fe619fee763,deepseek-v4-pro-0813-high,post-loop-state,all-arms,dynamic,Omega_hat_NativeTrace,467627,0
dynamic::deepseek-v4-pro-0813-high::all-arms::Omega_hat_NativeTrace,deepseek-v4-pro-0813-high::problem-16/long-trace-final,problem-16,sha256:a01be6f53c51de04e80ef9a1b56b33bd854ea547c3ab8fbf01dd1719b64424e2,deepseek-v4-pro-0813-high,long-trace-final,all-arms,dynamic,Omega_hat_NativeTrace,483711,0
dynamic::deepseek-v4-pro-0813-high::all-arms::Omega_hat_NativeTrace,deepseek-v4-pro-0813-high::problem-16/inside-loop-state,problem-16,sha256:e785fbb7c44714837a925d69b7a0b7764633037949cf8e2d8eee2ac7af673285,deepseek-v4-pro-0813-high,inside-loop-state,all-arms,dynamic,Omega_hat_NativeTrace,414667,0
dynamic::deepseek-v4-pro-0813-high::all-arms::Omega_hat_NativeTrace,deepseek-v4-pro-0813-high::problem-17/short-trace-final,problem-17,sha256:23bfd7217d9ba652a3156953e53db1b393d9093de1553e00151f9992835a6c12,deepseek-v4-pro-0813-high,short-trace-final,all-arms,dynamic,Omega_hat_NativeTrace,263095,0
dynamic::deepseek-v4-pro-0813-high::all-arms::Omega_hat_NativeTrace,deepseek-v4-pro-0813-high::problem-17/post-loop-state,problem-17,sha256:a71207cf0c9322ded7b4ad736d0eb7fe58ca15c45d6aad6ed8aa8f7de3eda7b2,deepseek-v4-pro-0813-high,post-loop-state,all-arms,dynamic,Omega_hat_NativeTrace,520301,0
dynamic::deepseek-v4-pro-0813-high::all-arms::Omega_hat_NativeTrace,deepseek-v4-pro-0813-high::problem-17/long-trace-final,problem-17,sha256:c1d6591d0bf5a1829058e47370a9ecca6ddf09033379e65669b82b28603cf1e2,deepseek-v4-pro-0813-high,long-trace-final,all-arms,dynamic,Omega_hat_NativeTrace,536385,0
dynamic::deepseek-v4-pro-0813-high::all-arms::Omega_hat_NativeTrace,deepseek-v4-pro-0813-high::problem-17/inside-loop-state,problem-17,sha256:ffbe22e9b9ecc46324d4d5b73a4a9fb9116281954ab9775b607d59ad2563ff75,deepseek-v4-pro-0813-high,inside-loop-state,all-arms,dynamic,Omega_hat_NativeTrace,435317,0
dynamic::deepseek-v4-pro-0813-high::all-arms::Omega_hat_NativeTrace,deepseek-v4-pro-0813-high::problem-18/long-trace-final,problem-18,sha256:3e1043702949a2334ffeb4aae795b5838059d006655a0bbf6798f0b6adeb085f,deepseek-v4-pro-0813-high,long-trace-final,all-arms,dynamic,Omega_hat_NativeTrace,492562,0
dynamic::deepseek-v4-pro-0813-high::all-arms::Omega_hat_NativeTrace,deepseek-v4-pro-0813-high::problem-18/short-trace-final,problem-18,sha256:55ce2dca47dbe112e5ff867e7e8bfbd2311a4010bf0497e1f33d5e2d3b6b309d,deepseek-v4-pro-0813-high,short-trace-final,all-arms,dynamic,Omega_hat_NativeTrace,258069,0
dynamic::deepseek-v4-pro-0813-high::all-arms::Omega_hat_NativeTrace,deepseek-v4-pro-0813-high::problem-18/inside-loop-state,problem-18,sha256:d9fde9c0b10033b45350be818f38a02f7530deefc277daf7ca51e91be628bf0d,deepseek-v4-pro-0813-high,inside-loop-state,all-arms,dynamic,Omega_hat_NativeTrace,419419,0
dynamic::deepseek-v4-pro-0813-high::all-arms::Omega_hat_NativeTrace,deepseek-v4-pro-0813-high::problem-18/post-loop-state,problem-18,sha256:ec5ffe88fa32f58a281e2a9be9970228c8f780ce294441e0d8ca083c44ab7cb9,deepseek-v4-pro-0813-high,post-loop-state,all-arms,dynamic,Omega_hat_NativeTrace,476478,0
dynamic::deepseek-v4-pro-0813-high::all-arms::Omega_hat_NativeTrace,deepseek-v4-pro-0813-high::problem-19/long-trace-final,problem-19,sha256:48814bea3c8f1e5cd1614a147556846e339503cb69e0803c858796e6f058c6eb,deepseek-v4-pro-0813-high,long-trace-final,all-arms,dynamic,Omega_hat_NativeTrace,553979,0
dynamic::deepseek-v4-pro-0813-high::all-arms::Omega_hat_NativeTrace,deepseek-v4-pro-0813-high::problem-19/post-loop-state,problem-19,sha256:67005c3e5fba330dd029ce911161dd9d7c281181ffdda26a6c04f791843ce5b0,deepseek-v4-pro-0813-high,post-loop-state,all-arms,dynamic,Omega_hat_NativeTrace,537895,0
dynamic::deepseek-v4-pro-0813-high::all-arms::Omega_hat_NativeTrace,deepseek-v4-pro-0813-high::problem-19/inside-loop-state,problem-19,sha256:7c4063bd0e506396a919ac229901d3779224482c2f0a86685fac407a77181b08,deepseek-v4-pro-0813-high,inside-loop-state,all-arms,dynamic,Omega_hat_NativeTrace,429295,0
dynamic::deepseek-v4-pro-0813-high::all-arms::Omega_hat_NativeTrace,deepseek-v4-pro-0813-high::problem-19/short-trace-final,problem-19,sha256:e573b78b30a2d6877c5e647ea6ef1ebbe778918dafdef3ce3ca1ef425adf4aae,deepseek-v4-pro-0813-high,short-trace-final,all-arms,dynamic,Omega_hat_NativeTrace,309010,0
dynamic::deepseek-v4-pro-0813-high::all-arms::Omega_hat_NativeTrace,deepseek-v4-pro-0813-high::problem-20/post-loop-state,problem-20,sha256:18ed8611483fb7761108ab3d6d83b912b08a4b16125c798ed34fc0e54d1d0305,deepseek-v4-pro-0813-high,post-loop-state,all-arms,dynamic,Omega_hat_NativeTrace,492055,0
dynamic::deepseek-v4-pro-0813-high::all-arms::Omega_hat_NativeTrace,deepseek-v4-pro-0813-high::problem-20/short-trace-final,problem-20,sha256:9e0c8296a9f0717b3ada2dc70705058a39ba1d561df45643b9a79d3f62c7ee4f,deepseek-v4-pro-0813-high,short-trace-final,all-arms,dynamic,Omega_hat_NativeTrace,267137,0
dynamic::deepseek-v4-pro-0813-high::all-arms::Omega_hat_NativeTrace,deepseek-v4-pro-0813-high::problem-20/inside-loop-state,problem-20,sha256:bd5bcbf1a9fbe0d7ec617f2eb09018adffc1493412d300f645de5abb9bb358e1,deepseek-v4-pro-0813-high,inside-loop-state,all-arms,dynamic,Omega_hat_NativeTrace,415556,0
dynamic::deepseek-v4-pro-0813-high::all-arms::Omega_hat_NativeTrace,deepseek-v4-pro-0813-high::problem-20/long-trace-final,problem-20,sha256:cfdd0f3fcdabe8556447869245ebb13768cf9520d32294331ed86a2fcdda934e,deepseek-v4-pro-0813-high,long-trace-final,all-arms,dynamic,Omega_hat_NativeTrace,508139,0
dynamic::deepseek-v4-pro-0813-high::all-arms::Omega_hat_NativeTrace,deepseek-v4-pro-0813-high::problem-21/inside-loop-state,problem-21,sha256:6b893d1fe6186f33bb87627c625c620c60c23d16b1eb380e5428287d7bcd173b,deepseek-v4-pro-0813-high,inside-loop-state,all-arms,dynamic,Omega_hat_NativeTrace,908439,0
dynamic::deepseek-v4-pro-0813-high::all-arms::Omega_hat_NativeTrace,deepseek-v4-pro-0813-high::problem-21/long-trace-final,problem-21,sha256:abae68d8201478b8273623d6f31c7f95f798e23c59176c1c030258097c23bc2a,deepseek-v4-pro-0813-high,long-trace-final,all-arms,dynamic,Omega_hat_NativeTrace,1103682,0
dynamic::deepseek-v4-pro-0813-high::all-arms::Omega_hat_NativeTrace,deepseek-v4-pro-0813-high::problem-21/post-loop-state,problem-21,sha256:b1ba4c145bc3491180d71e43456f0de195530e4eda327d97e480319644d54468,deepseek-v4-pro-0813-high,post-loop-state,all-arms,dynamic,Omega_hat_NativeTrace,1074688,0
dynamic::deepseek-v4-pro-0813-high::all-arms::Omega_hat_NativeTrace,deepseek-v4-pro-0813-high::problem-21/short-trace-final,problem-21,sha256:c08e9d12f0c628db74c80e296b9aeaa44f2ff442479546e4521c875bc621edcf,deepseek-v4-pro-0813-high,short-trace-final,all-arms,dynamic,Omega_hat_NativeTrace,676300,0
dynamic::deepseek-v4-pro-0813-high::all-arms::Omega_hat_NativeTrace,deepseek-v4-pro-0813-high::problem-22/post-loop-state,problem-22,sha256:642b405db89f31906ffda3368213a2dea48b194489eef14859eba92a495738dc,deepseek-v4-pro-0813-high,post-loop-state,all-arms,dynamic,Omega_hat_NativeTrace,1103437,0
dynamic::deepseek-v4-pro-0813-high::all-arms::Omega_hat_NativeTrace,deepseek-v4-pro-0813-high::problem-22/inside-loop-state,problem-22,sha256:895a3e331a4a70e78f11ec4c30afb51f9695d33bfe2745487c604118a27dc196,deepseek-v4-pro-0813-high,inside-loop-state,all-arms,dynamic,Omega_hat_NativeTrace,947612,0
dynamic::deepseek-v4-pro-0813-high::all-arms::Omega_hat_NativeTrace,deepseek-v4-pro-0813-high::problem-22/short-trace-final,problem-22,sha256:bdfb4ea940fcc763a5c0367908bb8a2418611ecbf44f222ddd6008ab05066e5a,deepseek-v4-pro-0813-high,short-trace-final,all-arms,dynamic,Omega_hat_NativeTrace,672322,0
dynamic::deepseek-v4-pro-0813-high::all-arms::Omega_hat_NativeTrace,deepseek-v4-pro-0813-high::problem-22/long-trace-final,problem-22,sha256:d095f6706999a481b592168652c7c699ef339254946149818a5f8ab337c7f262,deepseek-v4-pro-0813-high,long-trace-final,all-arms,dynamic,Omega_hat_NativeTrace,1132431,0
dynamic::deepseek-v4-pro-0813-high::all-arms::Omega_hat_NativeTrace,deepseek-v4-pro-0813-high::problem-23/long-trace-final,problem-23,sha256:1245ebbf69a81bcb8f23d1a367d4077c7ff732cf2ca37e553c4ad80d11a1687e,deepseek-v4-pro-0813-high,long-trace-final,all-arms,dynamic,Omega_hat_NativeTrace,1158204,0
dynamic::deepseek-v4-pro-0813-high::all-arms::Omega_hat_NativeTrace,deepseek-v4-pro-0813-high::problem-23/short-trace-final,problem-23,sha256:78febcc2681676995da118209adc295d1c6f8449ddc2f697eff5823e74d2c92b,deepseek-v4-pro-0813-high,short-trace-final,all-arms,dynamic,Omega_hat_NativeTrace,693244,0
dynamic::deepseek-v4-pro-0813-high::all-arms::Omega_hat_NativeTrace,deepseek-v4-pro-0813-high::problem-23/inside-loop-state,problem-23,sha256:c5b04d442721c6e23d53ded804f222ca9bc2bd35cb825d975482627fa2f68eb8,deepseek-v4-pro-0813-high,inside-loop-state,all-arms,dynamic,Omega_hat_NativeTrace,954487,0
dynamic::deepseek-v4-pro-0813-high::all-arms::Omega_hat_NativeTrace,deepseek-v4-pro-0813-high::problem-23/post-loop-state,problem-23,sha256:f422207380b27c4b9c9e1403517b42b55f6342cd02514f3d18cff14a6eaf23b9,deepseek-v4-pro-0813-high,post-loop-state,all-arms,dynamic,Omega_hat_NativeTrace,1129210,0
dynamic::deepseek-v4-pro-0813-high::all-arms::Omega_hat_NativeTrace,deepseek-v4-pro-0813-high::problem-24/long-trace-final,problem-24,sha256:312cb1244299d8ea29ce3be52759a05aaf6f571f4cabdb8de4cdfefc53c21127,deepseek-v4-pro-0813-high,long-trace-final,all-arms,dynamic,Omega_hat_NativeTrace,1152328,0
dynamic::deepseek-v4-pro-0813-high::all-arms::Omega_hat_NativeTrace,deepseek-v4-pro-0813-high::problem-24/post-loop-state,problem-24,sha256:a9bba3e75ac97caf5a230d723fd189724ff0563bea2bef0b001eb7655cd5c948,deepseek-v4-pro-0813-high,post-loop-state,all-arms,dynamic,Omega_hat_NativeTrace,1123334,0
dynamic::deepseek-v4-pro-0813-high::all-arms::Omega_hat_NativeTrace,deepseek-v4-pro-0813-high::problem-24/inside-loop-state,problem-24,sha256:c151679cf530cdccea973844a665dbb377147bfda08d781a73e4cebd8e7aa207,deepseek-v4-pro-0813-high,inside-loop-state,all-arms,dynamic,Omega_hat_NativeTrace,951623,0
dynamic::deepseek-v4-pro-0813-high::all-arms::Omega_hat_NativeTrace,deepseek-v4-pro-0813-high::problem-24/short-trace-final,problem-24,sha256:da5e2129ac6eb31efb9c60f4456bf6a53cf0c9c972c82515c6421612ad91b98c,deepseek-v4-pro-0813-high,short-trace-final,all-arms,dynamic,Omega_hat_NativeTrace,682729,0
dynamic::deepseek-v4-pro-0813-high::all-arms::Omega_hat_NativeTrace,deepseek-v4-pro-0813-high::problem-25/inside-loop-state,problem-25,sha256:5e34e564ebcb950511aeb4040311983a4e917c9f539fe9bf740740d04ff82754,deepseek-v4-pro-0813-high,inside-loop-state,all-arms,dynamic,Omega_hat_NativeTrace,953509,0
dynamic::deepseek-v4-pro-0813-high::all-arms::Omega_hat_NativeTrace,deepseek-v4-pro-0813-high::problem-25/post-loop-state,problem-25,sha256:75b110f0259dbaad71e4a3448a19097ec57bdd629d5281f6767d6860812b4c19,deepseek-v4-pro-0813-high,post-loop-state,all-arms,dynamic,Omega_hat_NativeTrace,1099416,0
dynamic::deepseek-v4-pro-0813-high::all-arms::Omega_hat_NativeTrace,deepseek-v4-pro-0813-high::problem-25/short-trace-final,problem-25,sha256:a40a9795cb938fde800d3c6170d0c04fa0258cbef4e26485156c279ea570a1c9,deepseek-v4-pro-0813-high,short-trace-final,all-arms,dynamic,Omega_hat_NativeTrace,682450,0
dynamic::deepseek-v4-pro-0813-high::all-arms::Omega_hat_NativeTrace,deepseek-v4-pro-0813-high::problem-25/long-trace-final,problem-25,sha256:ea555a40d3f155ff207893e7327866c923e56b4bcc853fbea3e3ec27d9a3e419,deepseek-v4-pro-0813-high,long-trace-final,all-arms,dynamic,Omega_hat_NativeTrace,1128410,0
dynamic::deepseek-v4-pro-0813-high::all-arms::Omega_hat_NativeTrace,deepseek-v4-pro-0813-high::problem-26/post-loop-state,problem-26,sha256:09ad9f965884b1ca88246bf427ed30c073b3774cda0e3f8b1ba5fcb8a52876f0,deepseek-v4-pro-0813-high,post-loop-state,all-arms,dynamic,Omega_hat_NativeTrace,1084392,0
dynamic::deepseek-v4-pro-0813-high::all-arms::Omega_hat_NativeTrace,deepseek-v4-pro-0813-high::problem-26/long-trace-final,problem-26,sha256:8a0a9d72ece310a0393e6f8cd6161daa9fc85ca793d8f7a5effe7867b7b3610e,deepseek-v4-pro-0813-high,long-trace-final,all-arms,dynamic,Omega_hat_NativeTrace,1113386,0
dynamic::deepseek-v4-pro-0813-high::all-arms::Omega_hat_NativeTrace,deepseek-v4-pro-0813-high::problem-26/short-trace-final,problem-26,sha256:d366caa8929075d65d1d7b7db9700b9131f161a1ac0faff603b289cf7c5bce85,deepseek-v4-pro-0813-high,short-trace-final,all-arms,dynamic,Omega_hat_NativeTrace,664411,0
dynamic::deepseek-v4-pro-0813-high::all-arms::Omega_hat_NativeTrace,deepseek-v4-pro-0813-high::problem-26/inside-loop-state,problem-26,sha256:f9a0bdb83416f8938c7ae733c1f802841b3746ef0e2c9c69f4dfcd271e42f429,deepseek-v4-pro-0813-high,inside-loop-state,all-arms,dynamic,Omega_hat_NativeTrace,933361,0
dynamic::deepseek-v4-pro-0813-high::all-arms::Omega_hat_NativeTrace,deepseek-v4-pro-0813-high::problem-27/long-trace-final,problem-27,sha256:1d4d6eaa0d724ed2eabbd6de906e694e29956478548df760cda79767a3d420aa,deepseek-v4-pro-0813-high,long-trace-final,all-arms,dynamic,Omega_hat_NativeTrace,1134258,0
dynamic::deepseek-v4-pro-0813-high::all-arms::Omega_hat_NativeTrace,deepseek-v4-pro-0813-high::problem-27/short-trace-final,problem-27,sha256:ac06f4eaa7953cf90f5b0f2b52580f1e113358761701f25264564a9119eed893,deepseek-v4-pro-0813-high,short-trace-final,all-arms,dynamic,Omega_hat_NativeTrace,668322,0
dynamic::deepseek-v4-pro-0813-high::all-arms::Omega_hat_NativeTrace,deepseek-v4-pro-0813-high::problem-27/inside-loop-state,problem-27,sha256:e8a7fd6ede3a54a7a6c46ba71aa8095c7036f8a67282fd35936d92bd03911640,deepseek-v4-pro-0813-high,inside-loop-state,all-arms,dynamic,Omega_hat_NativeTrace,956840,0
dynamic::deepseek-v4-pro-0813-high::all-arms::Omega_hat_NativeTrace,deepseek-v4-pro-0813-high::problem-27/post-loop-state,problem-27,sha256:ec560b955bdd3cfdd9c93d7e5e9dec52b80d640de2b6aef03d7e59ab46ae487f,deepseek-v4-pro-0813-high,post-loop-state,all-arms,dynamic,Omega_hat_NativeTrace,1105264,0
dynamic::deepseek-v4-pro-0813-high::all-arms::Omega_hat_NativeTrace,deepseek-v4-pro-0813-high::problem-28/inside-loop-state,problem-28,sha256:8e7497c27f25952db2771db8b7d65a445fec890474e0eaf363433912b4448d98,deepseek-v4-pro-0813-high,inside-loop-state,all-arms,dynamic,Omega_hat_NativeTrace,968151,0
dynamic::deepseek-v4-pro-0813-high::all-arms::Omega_hat_NativeTrace,deepseek-v4-pro-0813-high::problem-28/short-trace-final,problem-28,sha256:e48fd34b81d40474be4f17f911d0be54f3f4d0dcb7dcf485fbc4396c61acb108,deepseek-v4-pro-0813-high,short-trace-final,all-arms,dynamic,Omega_hat_NativeTrace,714229,0
dynamic::deepseek-v4-pro-0813-high::all-arms::Omega_hat_NativeTrace,deepseek-v4-pro-0813-high::problem-28/long-trace-final,problem-28,sha256:eac890193eab32fcb83a9b96b1975d2ec0850ff443479a8e9fc22322b0fef1a3,deepseek-v4-pro-0813-high,long-trace-final,all-arms,dynamic,Omega_hat_NativeTrace,1202298,0
dynamic::deepseek-v4-pro-0813-high::all-arms::Omega_hat_NativeTrace,deepseek-v4-pro-0813-high::problem-28/post-loop-state,problem-28,sha256:eb32ac1b648907af496e87af77869c7d270abcf1a78e35194aff1abc7aad9814,deepseek-v4-pro-0813-high,post-loop-state,all-arms,dynamic,Omega_hat_NativeTrace,1173304,0
dynamic::deepseek-v4-pro-0813-high::all-arms::Omega_hat_NativeTrace,deepseek-v4-pro-0813-high::problem-29/post-loop-state,problem-29,sha256:266a35b82d6b7b97b632edbdec2e61ad18b6191c9dc4722cceec06e6f7cf3e7b,deepseek-v4-pro-0813-high,post-loop-state,all-arms,dynamic,Omega_hat_NativeTrace,1154018,0
dynamic::deepseek-v4-pro-0813-high::all-arms::Omega_hat_NativeTrace,deepseek-v4-pro-0813-high::problem-29/short-trace-final,problem-29,sha256:4ecced26b7df8a9b75c98baa33550ead17ba2313bbb605c2d1cb7baa2e29a52e,deepseek-v4-pro-0813-high,short-trace-final,all-arms,dynamic,Omega_hat_NativeTrace,699583,0
dynamic::deepseek-v4-pro-0813-high::all-arms::Omega_hat_NativeTrace,deepseek-v4-pro-0813-high::problem-29/inside-loop-state,problem-29,sha256:6055ac1e5575ce92574c3669a2a3eb367092c36fb132bfce0cca3260851140e2,deepseek-v4-pro-0813-high,inside-loop-state,all-arms,dynamic,Omega_hat_NativeTrace,975089,0
dynamic::deepseek-v4-pro-0813-high::all-arms::Omega_hat_NativeTrace,deepseek-v4-pro-0813-high::problem-29/long-trace-final,problem-29,sha256:dafab6181d512ecf0c71e74b5f580d6000813124811287d4fc852c2b145c4d20,deepseek-v4-pro-0813-high,long-trace-final,all-arms,dynamic,Omega_hat_NativeTrace,1183012,0
dynamic::deepseek-v4-pro-0813-high::all-arms::Omega_hat_NativeTrace,deepseek-v4-pro-0813-high::problem-30/inside-loop-state,problem-30,sha256:4956e45be9ac9fea2c36667b16c62bb1d6f435004d42c4e4b3b34a6a2de2fa26,deepseek-v4-pro-0813-high,inside-loop-state,all-arms,dynamic,Omega_hat_NativeTrace,981391,0
dynamic::deepseek-v4-pro-0813-high::all-arms::Omega_hat_NativeTrace,deepseek-v4-pro-0813-high::problem-30/short-trace-final,problem-30,sha256:84ea88c1bf723ea51c2ae8d1c8fe25aa5d3dc5be93e0882e4f0cf0be0e4137bb,deepseek-v4-pro-0813-high,short-trace-final,all-arms,dynamic,Omega_hat_NativeTrace,635734,0
dynamic::deepseek-v4-pro-0813-high::all-arms::Omega_hat_NativeTrace,deepseek-v4-pro-0813-high::problem-30/long-trace-final,problem-30,sha256:c2098a098a924cecff89d4a804a7f8d840ecd0538821c278601a32140bcca3f8,deepseek-v4-pro-0813-high,long-trace-final,all-arms,dynamic,Omega_hat_NativeTrace,1138793,0
dynamic::deepseek-v4-pro-0813-high::all-arms::Omega_hat_NativeTrace,deepseek-v4-pro-0813-high::problem-30/post-loop-state,problem-30,sha256:e69e021f535c9d0fc24b0101f47f65371d3832409890cf0484859bf2d6e98e0b,deepseek-v4-pro-0813-high,post-loop-state,all-arms,dynamic,Omega_hat_NativeTrace,1109799,0
dynamic::deepseek-v4-pro-0813-high::all-arms::Omega_hat_StateLoad,deepseek-v4-pro-0813-high::problem-01/inside-loop-state,problem-01,sha256:0547b42885dc201376fb93765a3c7da6c077a0338c243dcae8c262108a061af1,deepseek-v4-pro-0813-high,inside-loop-state,all-arms,dynamic,Omega_hat_StateLoad,86579700,0
dynamic::deepseek-v4-pro-0813-high::all-arms::Omega_hat_StateLoad,deepseek-v4-pro-0813-high::problem-01/long-trace-final,problem-01,sha256:56d9affe274f136e1933852e8f797cfb86ea3bed95c016b04556b2c4ca152b2c,deepseek-v4-pro-0813-high,long-trace-final,all-arms,dynamic,Omega_hat_StateLoad,106548777,0
dynamic::deepseek-v4-pro-0813-high::all-arms::Omega_hat_StateLoad,deepseek-v4-pro-0813-high::problem-01/short-trace-final,problem-01,sha256:73ad8aafe6d235df156f603343f220d5bf0bf095034c7c09e4647aec6b75183c,deepseek-v4-pro-0813-high,short-trace-final,all-arms,dynamic,Omega_hat_StateLoad,41566773,0
dynamic::deepseek-v4-pro-0813-high::all-arms::Omega_hat_StateLoad,deepseek-v4-pro-0813-high::problem-01/post-loop-state,problem-01,sha256:8c394bb669c6429a6cc8371df442ba1284632f5fd03fcf20b87ec42c6b002666,deepseek-v4-pro-0813-high,post-loop-state,all-arms,dynamic,Omega_hat_StateLoad,104083011,0
dynamic::deepseek-v4-pro-0813-high::all-arms::Omega_hat_StateLoad,deepseek-v4-pro-0813-high::problem-02/long-trace-final,problem-02,sha256:2c6c086992c204f9156a73eca1a86fe4ad8b4777c9b50ca69f44efa3a0ec804d,deepseek-v4-pro-0813-high,long-trace-final,all-arms,dynamic,Omega_hat_StateLoad,106084790,0
dynamic::deepseek-v4-pro-0813-high::all-arms::Omega_hat_StateLoad,deepseek-v4-pro-0813-high::problem-02/inside-loop-state,problem-02,sha256:43ea44d05f37e33633d2f43ad399b115c3066c018f15acef6f477c034fdda927,deepseek-v4-pro-0813-high,inside-loop-state,all-arms,dynamic,Omega_hat_StateLoad,86252989,0
dynamic::deepseek-v4-pro-0813-high::all-arms::Omega_hat_StateLoad,deepseek-v4-pro-0813-high::problem-02/post-loop-state,problem-02,sha256:ba7d1febfb83991899883c292120818d9f29e3dd565ec4a93b6368650d9b3d8b,deepseek-v4-pro-0813-high,post-loop-state,all-arms,dynamic,Omega_hat_StateLoad,103617741,0
dynamic::deepseek-v4-pro-0813-high::all-arms::Omega_hat_StateLoad,deepseek-v4-pro-0813-high::problem-02/short-trace-final,problem-02,sha256:c045cedad0407af52c2d7faa26f00e6fb48605031adc73be301bb6ee469d0a00,deepseek-v4-pro-0813-high,short-trace-final,all-arms,dynamic,Omega_hat_StateLoad,49548623,0
dynamic::deepseek-v4-pro-0813-high::all-arms::Omega_hat_StateLoad,deepseek-v4-pro-0813-high::problem-03/post-loop-state,problem-03,sha256:2acfa20a7ee16e7c373ae0cf23d876f6106fe1856336ee95352a6619b1420010,deepseek-v4-pro-0813-high,post-loop-state,all-arms,dynamic,Omega_hat_StateLoad,101288087,0
dynamic::deepseek-v4-pro-0813-high::all-arms::Omega_hat_StateLoad,deepseek-v4-pro-0813-high::problem-03/inside-loop-state,problem-03,sha256:587d5ad47aee9baac51abb2d6ac720bc8b29f8e6c6f98e2e7066bb6d8bac30a1,deepseek-v4-pro-0813-high,inside-loop-state,all-arms,dynamic,Omega_hat_StateLoad,86715276,0
dynamic::deepseek-v4-pro-0813-high::all-arms::Omega_hat_StateLoad,deepseek-v4-pro-0813-high::problem-03/long-trace-final,problem-03,sha256:5cd8a44109e568c902e2d582d4448650c2d4a64ee9ae4e391cf17a60348468b4,deepseek-v4-pro-0813-high,long-trace-final,all-arms,dynamic,Omega_hat_StateLoad,103766078,0
dynamic::deepseek-v4-pro-0813-high::all-arms::Omega_hat_StateLoad,deepseek-v4-pro-0813-high::problem-03/short-trace-final,problem-03,sha256:de9b7f7e58c8ec2d2f824891cdd79a1b094a45ac4742558225294573439b316d,deepseek-v4-pro-0813-high,short-trace-final,all-arms,dynamic,Omega_hat_StateLoad,42074911,0
dynamic::deepseek-v4-pro-0813-high::all-arms::Omega_hat_StateLoad,deepseek-v4-pro-0813-high::problem-04/short-trace-final,problem-04,sha256:05aae40bc36e0df65171215e791c8e10e79babb0960ce78b876515d48b8accae,deepseek-v4-pro-0813-high,short-trace-final,all-arms,dynamic,Omega_hat_StateLoad,46566564,0
dynamic::deepseek-v4-pro-0813-high::all-arms::Omega_hat_StateLoad,deepseek-v4-pro-0813-high::problem-04/long-trace-final,problem-04,sha256:7ad230089b4b878cee95f70563245eea351dea877118fcf8a597be6bd90d14f5,deepseek-v4-pro-0813-high,long-trace-final,all-arms,dynamic,Omega_hat_StateLoad,110780630,0
dynamic::deepseek-v4-pro-0813-high::all-arms::Omega_hat_StateLoad,deepseek-v4-pro-0813-high::problem-04/post-loop-state,problem-04,sha256:94ab1f7d2732d7ff5cef895f5b77e7fd081702b993a6eb7d3d5c505592cefb21,deepseek-v4-pro-0813-high,post-loop-state,all-arms,dynamic,Omega_hat_StateLoad,108335276,0
dynamic::deepseek-v4-pro-0813-high::all-arms::Omega_hat_StateLoad,deepseek-v4-pro-0813-high::problem-04/inside-loop-state,problem-04,sha256:9aaa594325de39aafc50a9d96c539f0c1166bd50a8eff8c49c14c84270c4ff59,deepseek-v4-pro-0813-high,inside-loop-state,all-arms,dynamic,Omega_hat_StateLoad,90997601,0
dynamic::deepseek-v4-pro-0813-high::all-arms::Omega_hat_StateLoad,deepseek-v4-pro-0813-high::problem-05/post-loop-state,problem-05,sha256:0f684ff85de199f8f7c7ffc32375f9b9e62fa5827fcecce50fb5d60bca08e280,deepseek-v4-pro-0813-high,post-loop-state,all-arms,dynamic,Omega_hat_StateLoad,106867870,0
dynamic::deepseek-v4-pro-0813-high::all-arms::Omega_hat_StateLoad,deepseek-v4-pro-0813-high::problem-05/long-trace-final,problem-05,sha256:5a4822c8f4e084302eeecb07be76313448d56e02db866843273cfa2a79ca9b73,deepseek-v4-pro-0813-high,long-trace-final,all-arms,dynamic,Omega_hat_StateLoad,109339766,0
dynamic::deepseek-v4-pro-0813-high::all-arms::Omega_hat_StateLoad,deepseek-v4-pro-0813-high::problem-05/short-trace-final,problem-05,sha256:9f6345f351d6266c0c09238729ff08378ce70e23ac0267c2e41f067733d6f579,deepseek-v4-pro-0813-high,short-trace-final,all-arms,dynamic,Omega_hat_StateLoad,42108814,0
dynamic::deepseek-v4-pro-0813-high::all-arms::Omega_hat_StateLoad,deepseek-v4-pro-0813-high::problem-05/inside-loop-state,problem-05,sha256:e22303dc39b5dd7a5cac47da11bd364b0897fb8d8d9099162d7706552f9fa372,deepseek-v4-pro-0813-high,inside-loop-state,all-arms,dynamic,Omega_hat_StateLoad,91831012,0
dynamic::deepseek-v4-pro-0813-high::all-arms::Omega_hat_StateLoad,deepseek-v4-pro-0813-high::problem-06/long-trace-final,problem-06,sha256:061a7cf51e116aa318d53740cdc4d580b6c9767f126c91061a484987b96cd0c7,deepseek-v4-pro-0813-high,long-trace-final,all-arms,dynamic,Omega_hat_StateLoad,105001210,0
dynamic::deepseek-v4-pro-0813-high::all-arms::Omega_hat_StateLoad,deepseek-v4-pro-0813-high::problem-06/post-loop-state,problem-06,sha256:2c10823e77f28c1bd27318dfe6f1918fbe52e06174725d89f5e5d33bd0bd5510,deepseek-v4-pro-0813-high,post-loop-state,all-arms,dynamic,Omega_hat_StateLoad,102534063,0
dynamic::deepseek-v4-pro-0813-high::all-arms::Omega_hat_StateLoad,deepseek-v4-pro-0813-high::problem-06/short-trace-final,problem-06,sha256:6a88d2c05b775fcb748a8354a26e9d76a3a40fbeb4478fdc3ede8d3a216d580f,deepseek-v4-pro-0813-high,short-trace-final,all-arms,dynamic,Omega_hat_StateLoad,42285721,0
dynamic::deepseek-v4-pro-0813-high::all-arms::Omega_hat_StateLoad,deepseek-v4-pro-0813-high::problem-06/inside-loop-state,problem-06,sha256:cd00c1a7e81437959f3f7ae75d1cd3869cff5bb6980eec8d78e39979ad3c2a27,deepseek-v4-pro-0813-high,inside-loop-state,all-arms,dynamic,Omega_hat_StateLoad,84465390,0
dynamic::deepseek-v4-pro-0813-high::all-arms::Omega_hat_StateLoad,deepseek-v4-pro-0813-high::problem-07/long-trace-final,problem-07,sha256:0038af217dac3eb4ec50de238581737dacd10f0887c0b2b7bf8c89208e6efac5,deepseek-v4-pro-0813-high,long-trace-final,all-arms,dynamic,Omega_hat_StateLoad,107196992,0
dynamic::deepseek-v4-pro-0813-high::all-arms::Omega_hat_StateLoad,deepseek-v4-pro-0813-high::problem-07/inside-loop-state,problem-07,sha256:3f021ab7fd773d4b5707b65f0ddba29e4e2f31918c7ad194865bdfdb2cc2fc23,deepseek-v4-pro-0813-high,inside-loop-state,all-arms,dynamic,Omega_hat_StateLoad,92647385,0
dynamic::deepseek-v4-pro-0813-high::all-arms::Omega_hat_StateLoad,deepseek-v4-pro-0813-high::problem-07/post-loop-state,problem-07,sha256:9e457d18bfaac327399393fdb975773303e803b2fd677d4bd2e6b7cd4ddc624c,deepseek-v4-pro-0813-high,post-loop-state,all-arms,dynamic,Omega_hat_StateLoad,104730191,0
dynamic::deepseek-v4-pro-0813-high::all-arms::Omega_hat_StateLoad,deepseek-v4-pro-0813-high::problem-07/short-trace-final,problem-07,sha256:a804134b8daa3d73abbebef8e0e40694e39211ed7153b6ad7591756fe33cd167,deepseek-v4-pro-0813-high,short-trace-final,all-arms,dynamic,Omega_hat_StateLoad,45837857,0
dynamic::deepseek-v4-pro-0813-high::all-arms::Omega_hat_StateLoad,deepseek-v4-pro-0813-high::problem-08/inside-loop-state,problem-08,sha256:7064354a09226b66ebb7194c3454eab73c7a5d95fb26e79e1817e12584f3f310,deepseek-v4-pro-0813-high,inside-loop-state,all-arms,dynamic,Omega_hat_StateLoad,86637479,0
dynamic::deepseek-v4-pro-0813-high::all-arms::Omega_hat_StateLoad,deepseek-v4-pro-0813-high::problem-08/short-trace-final,problem-08,sha256:a7da9f82ea01769a6b8a112317eee4c6cc1f6de1fd6fdd14a5537d4ac9c80a0f,deepseek-v4-pro-0813-high,short-trace-final,all-arms,dynamic,Omega_hat_StateLoad,40757471,0
dynamic::deepseek-v4-pro-0813-high::all-arms::Omega_hat_StateLoad,deepseek-v4-pro-0813-high::problem-08/post-loop-state,problem-08,sha256:e32673ca942baf21e1de8014e35df297a78a6d254c419164d155a8af936e67b4,deepseek-v4-pro-0813-high,post-loop-state,all-arms,dynamic,Omega_hat_StateLoad,98048888,0
dynamic::deepseek-v4-pro-0813-high::all-arms::Omega_hat_StateLoad,deepseek-v4-pro-0813-high::problem-08/long-trace-final,problem-08,sha256:f4f4c04290dfd1722493e9d5e7c6c040d58b8f4f1f2ea1ffd0972f45a5893717,deepseek-v4-pro-0813-high,long-trace-final,all-arms,dynamic,Omega_hat_StateLoad,100512495,0
dynamic::deepseek-v4-pro-0813-high::all-arms::Omega_hat_StateLoad,deepseek-v4-pro-0813-high::problem-09/short-trace-final,problem-09,sha256:1f2e9f2d169b17ceb6021bac59f884fc4c71697048d44bcde003919a30c6bc01,deepseek-v4-pro-0813-high,short-trace-final,all-arms,dynamic,Omega_hat_StateLoad,47997571,0
dynamic::deepseek-v4-pro-0813-high::all-arms::Omega_hat_StateLoad,deepseek-v4-pro-0813-high::problem-09/inside-loop-state,problem-09,sha256:221039cb3147683b097b9a9e97cbc35a8b09ba4e290f73be9b1bca308fd93ce3,deepseek-v4-pro-0813-high,inside-loop-state,all-arms,dynamic,Omega_hat_StateLoad,88571383,0
dynamic::deepseek-v4-pro-0813-high::all-arms::Omega_hat_StateLoad,deepseek-v4-pro-0813-high::problem-09/post-loop-state,problem-09,sha256:2c9d501dc7cc0a1d91e2d7340569ca0ba384bdb40034069641418df06a065b02,deepseek-v4-pro-0813-high,post-loop-state,all-arms,dynamic,Omega_hat_StateLoad,109696931,0
dynamic::deepseek-v4-pro-0813-high::all-arms::Omega_hat_StateLoad,deepseek-v4-pro-0813-high::problem-09/long-trace-final,problem-09,sha256:d5594fe452f9751f9e5a7096c8f016b17a3d1be5849b3882dd8846f268197c8d,deepseek-v4-pro-0813-high,long-trace-final,all-arms,dynamic,Omega_hat_StateLoad,112165358,0
dynamic::deepseek-v4-pro-0813-high::all-arms::Omega_hat_StateLoad,deepseek-v4-pro-0813-high::problem-10/inside-loop-state,problem-10,sha256:4bfd0a8e336edf6d47adfddd74897b9784181700d614c66dab4d21903a7797cb,deepseek-v4-pro-0813-high,inside-loop-state,all-arms,dynamic,Omega_hat_StateLoad,87339701,0
dynamic::deepseek-v4-pro-0813-high::all-arms::Omega_hat_StateLoad,deepseek-v4-pro-0813-high::problem-10/short-trace-final,problem-10,sha256:68a7353ba44980aa7c94507c7d2506366b7e1a6d3a9840cec0ba3fd243bb86ef,deepseek-v4-pro-0813-high,short-trace-final,all-arms,dynamic,Omega_hat_StateLoad,47569262,0
dynamic::deepseek-v4-pro-0813-high::all-arms::Omega_hat_StateLoad,deepseek-v4-pro-0813-high::problem-10/post-loop-state,problem-10,sha256:6d34f6c50beb59b579b867aa64417c1f8e212aca0c7dba85a4f8d73ad6395e15,deepseek-v4-pro-0813-high,post-loop-state,all-arms,dynamic,Omega_hat_StateLoad,104128226,0
dynamic::deepseek-v4-pro-0813-high::all-arms::Omega_hat_StateLoad,deepseek-v4-pro-0813-high::problem-10/long-trace-final,problem-10,sha256:b9350571c682c8ce1a385a3827b09b6195b6b0de80c103fe5638970bd0396907,deepseek-v4-pro-0813-high,long-trace-final,all-arms,dynamic,Omega_hat_StateLoad,106586617,0
dynamic::deepseek-v4-pro-0813-high::all-arms::Omega_hat_StateLoad,deepseek-v4-pro-0813-high::problem-11/short-trace-final,problem-11,sha256:26270b738997e89a812774051cc9205ec744eed12d5397ba27730fd1f3616545,deepseek-v4-pro-0813-high,short-trace-final,all-arms,dynamic,Omega_hat_StateLoad,249445643,0
dynamic::deepseek-v4-pro-0813-high::all-arms::Omega_hat_StateLoad,deepseek-v4-pro-0813-high::problem-11/long-trace-final,problem-11,sha256:37449d8e8c91c57d5e2c5704a43fc22c0bd0599b769db5d859947f119c59900a,deepseek-v4-pro-0813-high,long-trace-final,all-arms,dynamic,Omega_hat_StateLoad,444084450,0
dynamic::deepseek-v4-pro-0813-high::all-arms::Omega_hat_StateLoad,deepseek-v4-pro-0813-high::problem-11/post-loop-state,problem-11,sha256:89cf19a5769900427442f00c16f675ef52b8c60cb6f502a5e54dafd29cbaa7b3,deepseek-v4-pro-0813-high,post-loop-state,all-arms,dynamic,Omega_hat_StateLoad,435321587,0
dynamic::deepseek-v4-pro-0813-high::all-arms::Omega_hat_StateLoad,deepseek-v4-pro-0813-high::problem-11/inside-loop-state,problem-11,sha256:9e616055a8b294cc727870ca9d00854bfd4625609bfaf8f7f208f2affda4e187,deepseek-v4-pro-0813-high,inside-loop-state,all-arms,dynamic,Omega_hat_StateLoad,368909967,0
dynamic::deepseek-v4-pro-0813-high::all-arms::Omega_hat_StateLoad,deepseek-v4-pro-0813-high::problem-12/inside-loop-state,problem-12,sha256:7b5df0851254363517f3ded42cf7a385fa51a85dd64743e6e008669e0faf5b82,deepseek-v4-pro-0813-high,inside-loop-state,all-arms,dynamic,Omega_hat_StateLoad,373082051,0
dynamic::deepseek-v4-pro-0813-high::all-arms::Omega_hat_StateLoad,deepseek-v4-pro-0813-high::problem-12/short-trace-final,problem-12,sha256:85aa9c8d83f90f5ce7ad3cbf050a51a8d8f6994499cd2159cb23a7ea82b1849e,deepseek-v4-pro-0813-high,short-trace-final,all-arms,dynamic,Omega_hat_StateLoad,241014984,0
dynamic::deepseek-v4-pro-0813-high::all-arms::Omega_hat_StateLoad,deepseek-v4-pro-0813-high::problem-12/post-loop-state,problem-12,sha256:958460d7ecf7621b9ecf5669fda846e1d9c0a7b4b399190aeed32c7df8b0699e,deepseek-v4-pro-0813-high,post-loop-state,all-arms,dynamic,Omega_hat_StateLoad,424195504,0
dynamic::deepseek-v4-pro-0813-high::all-arms::Omega_hat_StateLoad,deepseek-v4-pro-0813-high::problem-12/long-trace-final,problem-12,sha256:bbf72f7493684d660693adfc81bbd175088f4b46afda09d4b298512c72508c1b,deepseek-v4-pro-0813-high,long-trace-final,all-arms,dynamic,Omega_hat_StateLoad,432951324,0
dynamic::deepseek-v4-pro-0813-high::all-arms::Omega_hat_StateLoad,deepseek-v4-pro-0813-high::problem-13/inside-loop-state,problem-13,sha256:2b247ce5916acd9195152fced59de2ae563f4cbdd37bfd795074e5f2ec115251,deepseek-v4-pro-0813-high,inside-loop-state,all-arms,dynamic,Omega_hat_StateLoad,383128645,0
dynamic::deepseek-v4-pro-0813-high::all-arms::Omega_hat_StateLoad,deepseek-v4-pro-0813-high::problem-13/post-loop-state,problem-13,sha256:5c4433c9aa1b024d200559d67bbc7d578a21c39d10fb03ce2c6a5caae255993f,deepseek-v4-pro-0813-high,post-loop-state,all-arms,dynamic,Omega_hat_StateLoad,481716808,0
dynamic::deepseek-v4-pro-0813-high::all-arms::Omega_hat_StateLoad,deepseek-v4-pro-0813-high::problem-13/short-trace-final,problem-13,sha256:eccc604db1d5cc06fe2c28b2456d93ecb100590e01fd6ce576ad76161a08aada,deepseek-v4-pro-0813-high,short-trace-final,all-arms,dynamic,Omega_hat_StateLoad,235146035,0
dynamic::deepseek-v4-pro-0813-high::all-arms::Omega_hat_StateLoad,deepseek-v4-pro-0813-high::problem-13/long-trace-final,problem-13,sha256:fc03a1fd966e3a60af4264cb997a959b0d3d39ccb2cc7f6636f0659db36c1fcf,deepseek-v4-pro-0813-high,long-trace-final,all-arms,dynamic,Omega_hat_StateLoad,490517655,0
dynamic::deepseek-v4-pro-0813-high::all-arms::Omega_hat_StateLoad,deepseek-v4-pro-0813-high::problem-14/short-trace-final,problem-14,sha256:929856d52b4d3a50a8d477f065732fc3ff381b1ec26dfd9672f1bb3e81b9112e,deepseek-v4-pro-0813-high,short-trace-final,all-arms,dynamic,Omega_hat_StateLoad,229471960,0
dynamic::deepseek-v4-pro-0813-high::all-arms::Omega_hat_StateLoad,deepseek-v4-pro-0813-high::problem-14/post-loop-state,problem-14,sha256:a428733484eb9e4568dc0f1944310d728394aa7a5f597f21fad8a5f17c349a92,deepseek-v4-pro-0813-high,post-loop-state,all-arms,dynamic,Omega_hat_StateLoad,445181821,0
dynamic::deepseek-v4-pro-0813-high::all-arms::Omega_hat_StateLoad,deepseek-v4-pro-0813-high::problem-14/inside-loop-state,problem-14,sha256:b92de04f170b8d7777731ffc17b0ef112672dde69764b2e2b4544f1cbbfd2775,deepseek-v4-pro-0813-high,inside-loop-state,all-arms,dynamic,Omega_hat_StateLoad,361942611,0
dynamic::deepseek-v4-pro-0813-high::all-arms::Omega_hat_StateLoad,deepseek-v4-pro-0813-high::problem-14/long-trace-final,problem-14,sha256:e692c2f7963ddc6244570169d2564497fe9f12ef39e36f0f4f9f973b508f3616,deepseek-v4-pro-0813-high,long-trace-final,all-arms,dynamic,Omega_hat_StateLoad,453984472,0
dynamic::deepseek-v4-pro-0813-high::all-arms::Omega_hat_StateLoad,deepseek-v4-pro-0813-high::problem-15/post-loop-state,problem-15,sha256:12301c45635de868f2a4e921222d940fcf33c2f6205d05fc21454266cfbc3061,deepseek-v4-pro-0813-high,post-loop-state,all-arms,dynamic,Omega_hat_StateLoad,427703242,0
dynamic::deepseek-v4-pro-0813-high::all-arms::Omega_hat_StateLoad,deepseek-v4-pro-0813-high::problem-15/inside-loop-state,problem-15,sha256:50e103eb8654ee1640e95f86191fb481f0e07e0bd366e6b5ce47d20c0a200912,deepseek-v4-pro-0813-high,inside-loop-state,all-arms,dynamic,Omega_hat_StateLoad,356915477,0
dynamic::deepseek-v4-pro-0813-high::all-arms::Omega_hat_StateLoad,deepseek-v4-pro-0813-high::problem-15/short-trace-final,problem-15,sha256:649f09230fe16bc947760c4387cd544c37fec8d49083a073371770fa5ae3e1d1,deepseek-v4-pro-0813-high,short-trace-final,all-arms,dynamic,Omega_hat_StateLoad,223803302,0
dynamic::deepseek-v4-pro-0813-high::all-arms::Omega_hat_StateLoad,deepseek-v4-pro-0813-high::problem-15/long-trace-final,problem-15,sha256:8ab718d447d5782861bfa1a8a089a1b4a55c3c55b6ead5ff4abb068409ec1b6b,deepseek-v4-pro-0813-high,long-trace-final,all-arms,dynamic,Omega_hat_StateLoad,436441041,0
dynamic::deepseek-v4-pro-0813-high::all-arms::Omega_hat_StateLoad,deepseek-v4-pro-0813-high::problem-16/short-trace-final,problem-16,sha256:64670fb8a7f19547ad0b0c7647c368cf26d355b1d2e0bedbf884079ff09d87fb,deepseek-v4-pro-0813-high,short-trace-final,all-arms,dynamic,Omega_hat_StateLoad,228210805,0
dynamic::deepseek-v4-pro-0813-high::all-arms::Omega_hat_StateLoad,deepseek-v4-pro-0813-high::problem-16/post-loop-state,problem-16,sha256:8368e978d24c4b3ea18f7eb2ea99706b1e5473aa07f13c4bb3fe6fe619fee763,deepseek-v4-pro-0813-high,post-loop-state,all-arms,dynamic,Omega_hat_StateLoad,412755169,0
dynamic::deepseek-v4-pro-0813-high::all-arms::Omega_hat_StateLoad,deepseek-v4-pro-0813-high::problem-16/long-trace-final,problem-16,sha256:a01be6f53c51de04e80ef9a1b56b33bd854ea547c3ab8fbf01dd1719b64424e2,deepseek-v4-pro-0813-high,long-trace-final,all-arms,dynamic,Omega_hat_StateLoad,421537045,0
dynamic::deepseek-v4-pro-0813-high::all-arms::Omega_hat_StateLoad,deepseek-v4-pro-0813-high::problem-16/inside-loop-state,problem-16,sha256:e785fbb7c44714837a925d69b7a0b7764633037949cf8e2d8eee2ac7af673285,deepseek-v4-pro-0813-high,inside-loop-state,all-arms,dynamic,Omega_hat_StateLoad,368180968,0
dynamic::deepseek-v4-pro-0813-high::all-arms::Omega_hat_StateLoad,deepseek-v4-pro-0813-high::problem-17/short-trace-final,problem-17,sha256:23bfd7217d9ba652a3156953e53db1b393d9093de1553e00151f9992835a6c12,deepseek-v4-pro-0813-high,short-trace-final,all-arms,dynamic,Omega_hat_StateLoad,223229148,0
dynamic::deepseek-v4-pro-0813-high::all-arms::Omega_hat_StateLoad,deepseek-v4-pro-0813-high::problem-17/post-loop-state,problem-17,sha256:a71207cf0c9322ded7b4ad736d0eb7fe58ca15c45d6aad6ed8aa8f7de3eda7b2,deepseek-v4-pro-0813-high,post-loop-state,all-arms,dynamic,Omega_hat_StateLoad,454871889,0
dynamic::deepseek-v4-pro-0813-high::all-arms::Omega_hat_StateLoad,deepseek-v4-pro-0813-high::problem-17/long-trace-final,problem-17,sha256:c1d6591d0bf5a1829058e47370a9ecca6ddf09033379e65669b82b28603cf1e2,deepseek-v4-pro-0813-high,long-trace-final,all-arms,dynamic,Omega_hat_StateLoad,463649225,0
dynamic::deepseek-v4-pro-0813-high::all-arms::Omega_hat_StateLoad,deepseek-v4-pro-0813-high::problem-17/inside-loop-state,problem-17,sha256:ffbe22e9b9ecc46324d4d5b73a4a9fb9116281954ab9775b607d59ad2563ff75,deepseek-v4-pro-0813-high,inside-loop-state,all-arms,dynamic,Omega_hat_StateLoad,383560235,0
dynamic::deepseek-v4-pro-0813-high::all-arms::Omega_hat_StateLoad,deepseek-v4-pro-0813-high::problem-18/long-trace-final,problem-18,sha256:3e1043702949a2334ffeb4aae795b5838059d006655a0bbf6798f0b6adeb085f,deepseek-v4-pro-0813-high,long-trace-final,all-arms,dynamic,Omega_hat_StateLoad,428678521,0
dynamic::deepseek-v4-pro-0813-high::all-arms::Omega_hat_StateLoad,deepseek-v4-pro-0813-high::problem-18/short-trace-final,problem-18,sha256:55ce2dca47dbe112e5ff867e7e8bfbd2311a4010bf0497e1f33d5e2d3b6b309d,deepseek-v4-pro-0813-high,short-trace-final,all-arms,dynamic,Omega_hat_StateLoad,218821560,0
dynamic::deepseek-v4-pro-0813-high::all-arms::Omega_hat_StateLoad,deepseek-v4-pro-0813-high::problem-18/inside-loop-state,problem-18,sha256:d9fde9c0b10033b45350be818f38a02f7530deefc277daf7ca51e91be628bf0d,deepseek-v4-pro-0813-high,inside-loop-state,all-arms,dynamic,Omega_hat_StateLoad,371614735,0
dynamic::deepseek-v4-pro-0813-high::all-arms::Omega_hat_StateLoad,deepseek-v4-pro-0813-high::problem-18/post-loop-state,problem-18,sha256:ec5ffe88fa32f58a281e2a9be9970228c8f780ce294441e0d8ca083c44ab7cb9,deepseek-v4-pro-0813-high,post-loop-state,all-arms,dynamic,Omega_hat_StateLoad,419932136,0
dynamic::deepseek-v4-pro-0813-high::all-arms::Omega_hat_StateLoad,deepseek-v4-pro-0813-high::problem-19/long-trace-final,problem-19,sha256:48814bea3c8f1e5cd1614a147556846e339503cb69e0803c858796e6f058c6eb,deepseek-v4-pro-0813-high,long-trace-final,all-arms,dynamic,Omega_hat_StateLoad,479650352,0
dynamic::deepseek-v4-pro-0813-high::all-arms::Omega_hat_StateLoad,deepseek-v4-pro-0813-high::problem-19/post-loop-state,problem-19,sha256:67005c3e5fba330dd029ce911161dd9d7c281181ffdda26a6c04f791843ce5b0,deepseek-v4-pro-0813-high,post-loop-state,all-arms,dynamic,Omega_hat_StateLoad,470831132,0
dynamic::deepseek-v4-pro-0813-high::all-arms::Omega_hat_StateLoad,deepseek-v4-pro-0813-high::problem-19/inside-loop-state,problem-19,sha256:7c4063bd0e506396a919ac229901d3779224482c2f0a86685fac407a77181b08,deepseek-v4-pro-0813-high,inside-loop-state,all-arms,dynamic,Omega_hat_StateLoad,377812973,0
dynamic::deepseek-v4-pro-0813-high::all-arms::Omega_hat_StateLoad,deepseek-v4-pro-0813-high::problem-19/short-trace-final,problem-19,sha256:e573b78b30a2d6877c5e647ea6ef1ebbe778918dafdef3ce3ca1ef425adf4aae,deepseek-v4-pro-0813-high,short-trace-final,all-arms,dynamic,Omega_hat_StateLoad,264764292,0
dynamic::deepseek-v4-pro-0813-high::all-arms::Omega_hat_StateLoad,deepseek-v4-pro-0813-high::problem-20/post-loop-state,problem-20,sha256:18ed8611483fb7761108ab3d6d83b912b08a4b16125c798ed34fc0e54d1d0305,deepseek-v4-pro-0813-high,post-loop-state,all-arms,dynamic,Omega_hat_StateLoad,433057980,0
dynamic::deepseek-v4-pro-0813-high::all-arms::Omega_hat_StateLoad,deepseek-v4-pro-0813-high::problem-20/short-trace-final,problem-20,sha256:9e0c8296a9f0717b3ada2dc70705058a39ba1d561df45643b9a79d3f62c7ee4f,deepseek-v4-pro-0813-high,short-trace-final,all-arms,dynamic,Omega_hat_StateLoad,225373297,0
dynamic::deepseek-v4-pro-0813-high::all-arms::Omega_hat_StateLoad,deepseek-v4-pro-0813-high::problem-20/inside-loop-state,problem-20,sha256:bd5bcbf1a9fbe0d7ec617f2eb09018adffc1493412d300f645de5abb9bb358e1,deepseek-v4-pro-0813-high,inside-loop-state,all-arms,dynamic,Omega_hat_StateLoad,367739149,0
dynamic::deepseek-v4-pro-0813-high::all-arms::Omega_hat_StateLoad,deepseek-v4-pro-0813-high::problem-20/long-trace-final,problem-20,sha256:cfdd0f3fcdabe8556447869245ebb13768cf9520d32294331ed86a2fcdda934e,deepseek-v4-pro-0813-high,long-trace-final,all-arms,dynamic,Omega_hat_StateLoad,441795364,0
dynamic::deepseek-v4-pro-0813-high::all-arms::Omega_hat_StateLoad,deepseek-v4-pro-0813-high::problem-21/inside-loop-state,problem-21,sha256:6b893d1fe6186f33bb87627c625c620c60c23d16b1eb380e5428287d7bcd173b,deepseek-v4-pro-0813-high,inside-loop-state,all-arms,dynamic,Omega_hat_StateLoad,1387445444,0
dynamic::deepseek-v4-pro-0813-high::all-arms::Omega_hat_StateLoad,deepseek-v4-pro-0813-high::problem-21/long-trace-final,problem-21,sha256:abae68d8201478b8273623d6f31c7f95f798e23c59176c1c030258097c23bc2a,deepseek-v4-pro-0813-high,long-trace-final,all-arms,dynamic,Omega_hat_StateLoad,1658937208,0
dynamic::deepseek-v4-pro-0813-high::all-arms::Omega_hat_StateLoad,deepseek-v4-pro-0813-high::problem-21/post-loop-state,problem-21,sha256:b1ba4c145bc3491180d71e43456f0de195530e4eda327d97e480319644d54468,deepseek-v4-pro-0813-high,post-loop-state,all-arms,dynamic,Omega_hat_StateLoad,1630988145,0
dynamic::deepseek-v4-pro-0813-high::all-arms::Omega_hat_StateLoad,deepseek-v4-pro-0813-high::problem-21/short-trace-final,problem-21,sha256:c08e9d12f0c628db74c80e296b9aeaa44f2ff442479546e4521c875bc621edcf,deepseek-v4-pro-0813-high,short-trace-final,all-arms,dynamic,Omega_hat_StateLoad,1004305853,0
dynamic::deepseek-v4-pro-0813-high::all-arms::Omega_hat_StateLoad,deepseek-v4-pro-0813-high::problem-22/post-loop-state,problem-22,sha256:642b405db89f31906ffda3368213a2dea48b194489eef14859eba92a495738dc,deepseek-v4-pro-0813-high,post-loop-state,all-arms,dynamic,Omega_hat_StateLoad,1665467754,0
dynamic::deepseek-v4-pro-0813-high::all-arms::Omega_hat_StateLoad,deepseek-v4-pro-0813-high::problem-22/inside-loop-state,problem-22,sha256:895a3e331a4a70e78f11ec4c30afb51f9695d33bfe2745487c604118a27dc196,deepseek-v4-pro-0813-high,inside-loop-state,all-arms,dynamic,Omega_hat_StateLoad,1441450912,0
dynamic::deepseek-v4-pro-0813-high::all-arms::Omega_hat_StateLoad,deepseek-v4-pro-0813-high::problem-22/short-trace-final,problem-22,sha256:bdfb4ea940fcc763a5c0367908bb8a2418611ecbf44f222ddd6008ab05066e5a,deepseek-v4-pro-0813-high,short-trace-final,all-arms,dynamic,Omega_hat_StateLoad,995709142,0
dynamic::deepseek-v4-pro-0813-high::all-arms::Omega_hat_StateLoad,deepseek-v4-pro-0813-high::problem-22/long-trace-final,problem-22,sha256:d095f6706999a481b592168652c7c699ef339254946149818a5f8ab337c7f262,deepseek-v4-pro-0813-high,long-trace-final,all-arms,dynamic,Omega_hat_StateLoad,1693333624,0
dynamic::deepseek-v4-pro-0813-high::all-arms::Omega_hat_StateLoad,deepseek-v4-pro-0813-high::problem-23/long-trace-final,problem-23,sha256:1245ebbf69a81bcb8f23d1a367d4077c7ff732cf2ca37e553c4ad80d11a1687e,deepseek-v4-pro-0813-high,long-trace-final,all-arms,dynamic,Omega_hat_StateLoad,1737760921,0
dynamic::deepseek-v4-pro-0813-high::all-arms::Omega_hat_StateLoad,deepseek-v4-pro-0813-high::problem-23/short-trace-final,problem-23,sha256:78febcc2681676995da118209adc295d1c6f8449ddc2f697eff5823e74d2c92b,deepseek-v4-pro-0813-high,short-trace-final,all-arms,dynamic,Omega_hat_StateLoad,1035105717,0
dynamic::deepseek-v4-pro-0813-high::all-arms::Omega_hat_StateLoad,deepseek-v4-pro-0813-high::problem-23/inside-loop-state,problem-23,sha256:c5b04d442721c6e23d53ded804f222ca9bc2bd35cb825d975482627fa2f68eb8,deepseek-v4-pro-0813-high,inside-loop-state,all-arms,dynamic,Omega_hat_StateLoad,1455506026,0
dynamic::deepseek-v4-pro-0813-high::all-arms::Omega_hat_StateLoad,deepseek-v4-pro-0813-high::problem-23/post-loop-state,problem-23,sha256:f422207380b27c4b9c9e1403517b42b55f6342cd02514f3d18cff14a6eaf23b9,deepseek-v4-pro-0813-high,post-loop-state,all-arms,dynamic,Omega_hat_StateLoad,1709832203,0
dynamic::deepseek-v4-pro-0813-high::all-arms::Omega_hat_StateLoad,deepseek-v4-pro-0813-high::problem-24/long-trace-final,problem-24,sha256:312cb1244299d8ea29ce3be52759a05aaf6f571f4cabdb8de4cdfefc53c21127,deepseek-v4-pro-0813-high,long-trace-final,all-arms,dynamic,Omega_hat_StateLoad,1732693205,0
dynamic::deepseek-v4-pro-0813-high::all-arms::Omega_hat_StateLoad,deepseek-v4-pro-0813-high::problem-24/post-loop-state,problem-24,sha256:a9bba3e75ac97caf5a230d723fd189724ff0563bea2bef0b001eb7655cd5c948,deepseek-v4-pro-0813-high,post-loop-state,all-arms,dynamic,Omega_hat_StateLoad,1704789888,0
dynamic::deepseek-v4-pro-0813-high::all-arms::Omega_hat_StateLoad,deepseek-v4-pro-0813-high::problem-24/inside-loop-state,problem-24,sha256:c151679cf530cdccea973844a665dbb377147bfda08d781a73e4cebd8e7aa207,deepseek-v4-pro-0813-high,inside-loop-state,all-arms,dynamic,Omega_hat_StateLoad,1456710920,0
dynamic::deepseek-v4-pro-0813-high::all-arms::Omega_hat_StateLoad,deepseek-v4-pro-0813-high::problem-24/short-trace-final,problem-24,sha256:da5e2129ac6eb31efb9c60f4456bf6a53cf0c9c972c82515c6421612ad91b98c,deepseek-v4-pro-0813-high,short-trace-final,all-arms,dynamic,Omega_hat_StateLoad,1011591849,0
dynamic::deepseek-v4-pro-0813-high::all-arms::Omega_hat_StateLoad,deepseek-v4-pro-0813-high::problem-25/inside-loop-state,problem-25,sha256:5e34e564ebcb950511aeb4040311983a4e917c9f539fe9bf740740d04ff82754,deepseek-v4-pro-0813-high,inside-loop-state,all-arms,dynamic,Omega_hat_StateLoad,1450677610,0
dynamic::deepseek-v4-pro-0813-high::all-arms::Omega_hat_StateLoad,deepseek-v4-pro-0813-high::problem-25/post-loop-state,problem-25,sha256:75b110f0259dbaad71e4a3448a19097ec57bdd629d5281f6767d6860812b4c19,deepseek-v4-pro-0813-high,post-loop-state,all-arms,dynamic,Omega_hat_StateLoad,1660597011,0
dynamic::deepseek-v4-pro-0813-high::all-arms::Omega_hat_StateLoad,deepseek-v4-pro-0813-high::problem-25/short-trace-final,problem-25,sha256:a40a9795cb938fde800d3c6170d0c04fa0258cbef4e26485156c279ea570a1c9,deepseek-v4-pro-0813-high,short-trace-final,all-arms,dynamic,Omega_hat_StateLoad,1008410769,0
dynamic::deepseek-v4-pro-0813-high::all-arms::Omega_hat_StateLoad,deepseek-v4-pro-0813-high::problem-25/long-trace-final,problem-25,sha256:ea555a40d3f155ff207893e7327866c923e56b4bcc853fbea3e3ec27d9a3e419,deepseek-v4-pro-0813-high,long-trace-final,all-arms,dynamic,Omega_hat_StateLoad,1688537779,0
dynamic::deepseek-v4-pro-0813-high::all-arms::Omega_hat_StateLoad,deepseek-v4-pro-0813-high::problem-26/post-loop-state,problem-26,sha256:09ad9f965884b1ca88246bf427ed30c073b3774cda0e3f8b1ba5fcb8a52876f0,deepseek-v4-pro-0813-high,post-loop-state,all-arms,dynamic,Omega_hat_StateLoad,1637025804,0
dynamic::deepseek-v4-pro-0813-high::all-arms::Omega_hat_StateLoad,deepseek-v4-pro-0813-high::problem-26/long-trace-final,problem-26,sha256:8a0a9d72ece310a0393e6f8cd6161daa9fc85ca793d8f7a5effe7867b7b3610e,deepseek-v4-pro-0813-high,long-trace-final,all-arms,dynamic,Omega_hat_StateLoad,1664953995,0
dynamic::deepseek-v4-pro-0813-high::all-arms::Omega_hat_StateLoad,deepseek-v4-pro-0813-high::problem-26/short-trace-final,problem-26,sha256:d366caa8929075d65d1d7b7db9700b9131f161a1ac0faff603b289cf7c5bce85,deepseek-v4-pro-0813-high,short-trace-final,all-arms,dynamic,Omega_hat_StateLoad,990893735,0
dynamic::deepseek-v4-pro-0813-high::all-arms::Omega_hat_StateLoad,deepseek-v4-pro-0813-high::problem-26/inside-loop-state,problem-26,sha256:f9a0bdb83416f8938c7ae733c1f802841b3746ef0e2c9c69f4dfcd271e42f429,deepseek-v4-pro-0813-high,inside-loop-state,all-arms,dynamic,Omega_hat_StateLoad,1425493185,0
dynamic::deepseek-v4-pro-0813-high::all-arms::Omega_hat_StateLoad,deepseek-v4-pro-0813-high::problem-27/long-trace-final,problem-27,sha256:1d4d6eaa0d724ed2eabbd6de906e694e29956478548df760cda79767a3d420aa,deepseek-v4-pro-0813-high,long-trace-final,all-arms,dynamic,Omega_hat_StateLoad,1707495177,0
dynamic::deepseek-v4-pro-0813-high::all-arms::Omega_hat_StateLoad,deepseek-v4-pro-0813-high::problem-27/short-trace-final,problem-27,sha256:ac06f4eaa7953cf90f5b0f2b52580f1e113358761701f25264564a9119eed893,deepseek-v4-pro-0813-high,short-trace-final,all-arms,dynamic,Omega_hat_StateLoad,992994367,0
dynamic::deepseek-v4-pro-0813-high::all-arms::Omega_hat_StateLoad,deepseek-v4-pro-0813-high::problem-27/inside-loop-state,problem-27,sha256:e8a7fd6ede3a54a7a6c46ba71aa8095c7036f8a67282fd35936d92bd03911640,deepseek-v4-pro-0813-high,inside-loop-state,all-arms,dynamic,Omega_hat_StateLoad,1466366333,0
dynamic::deepseek-v4-pro-0813-high::all-arms::Omega_hat_StateLoad,deepseek-v4-pro-0813-high::problem-27/post-loop-state,problem-27,sha256:ec560b955bdd3cfdd9c93d7e5e9dec52b80d640de2b6aef03d7e59ab46ae487f,deepseek-v4-pro-0813-high,post-loop-state,all-arms,dynamic,Omega_hat_StateLoad,1679542193,0
dynamic::deepseek-v4-pro-0813-high::all-arms::Omega_hat_StateLoad,deepseek-v4-pro-0813-high::problem-28/inside-loop-state,problem-28,sha256:8e7497c27f25952db2771db8b7d65a445fec890474e0eaf363433912b4448d98,deepseek-v4-pro-0813-high,inside-loop-state,all-arms,dynamic,Omega_hat_StateLoad,1481491890,0
dynamic::deepseek-v4-pro-0813-high::all-arms::Omega_hat_StateLoad,deepseek-v4-pro-0813-high::problem-28/short-trace-final,problem-28,sha256:e48fd34b81d40474be4f17f911d0be54f3f4d0dcb7dcf485fbc4396c61acb108,deepseek-v4-pro-0813-high,short-trace-final,all-arms,dynamic,Omega_hat_StateLoad,1062800798,0
dynamic::deepseek-v4-pro-0813-high::all-arms::Omega_hat_StateLoad,deepseek-v4-pro-0813-high::problem-28/long-trace-final,problem-28,sha256:eac890193eab32fcb83a9b96b1975d2ec0850ff443479a8e9fc22322b0fef1a3,deepseek-v4-pro-0813-high,long-trace-final,all-arms,dynamic,Omega_hat_StateLoad,1810527588,0
dynamic::deepseek-v4-pro-0813-high::all-arms::Omega_hat_StateLoad,deepseek-v4-pro-0813-high::problem-28/post-loop-state,problem-28,sha256:eb32ac1b648907af496e87af77869c7d270abcf1a78e35194aff1abc7aad9814,deepseek-v4-pro-0813-high,post-loop-state,all-arms,dynamic,Omega_hat_StateLoad,1782536347,0
dynamic::deepseek-v4-pro-0813-high::all-arms::Omega_hat_StateLoad,deepseek-v4-pro-0813-high::problem-29/post-loop-state,problem-29,sha256:266a35b82d6b7b97b632edbdec2e61ad18b6191c9dc4722cceec06e6f7cf3e7b,deepseek-v4-pro-0813-high,post-loop-state,all-arms,dynamic,Omega_hat_StateLoad,1758180386,0
dynamic::deepseek-v4-pro-0813-high::all-arms::Omega_hat_StateLoad,deepseek-v4-pro-0813-high::problem-29/short-trace-final,problem-29,sha256:4ecced26b7df8a9b75c98baa33550ead17ba2313bbb605c2d1cb7baa2e29a52e,deepseek-v4-pro-0813-high,short-trace-final,all-arms,dynamic,Omega_hat_StateLoad,1038443888,0
dynamic::deepseek-v4-pro-0813-high::all-arms::Omega_hat_StateLoad,deepseek-v4-pro-0813-high::problem-29/inside-loop-state,problem-29,sha256:6055ac1e5575ce92574c3669a2a3eb367092c36fb132bfce0cca3260851140e2,deepseek-v4-pro-0813-high,inside-loop-state,all-arms,dynamic,Omega_hat_StateLoad,1492855257,0
dynamic::deepseek-v4-pro-0813-high::all-arms::Omega_hat_StateLoad,deepseek-v4-pro-0813-high::problem-29/long-trace-final,problem-29,sha256:dafab6181d512ecf0c71e74b5f580d6000813124811287d4fc852c2b145c4d20,deepseek-v4-pro-0813-high,long-trace-final,all-arms,dynamic,Omega_hat_StateLoad,1786079483,0
dynamic::deepseek-v4-pro-0813-high::all-arms::Omega_hat_StateLoad,deepseek-v4-pro-0813-high::problem-30/inside-loop-state,problem-30,sha256:4956e45be9ac9fea2c36667b16c62bb1d6f435004d42c4e4b3b34a6a2de2fa26,deepseek-v4-pro-0813-high,inside-loop-state,all-arms,dynamic,Omega_hat_StateLoad,1498251777,0
dynamic::deepseek-v4-pro-0813-high::all-arms::Omega_hat_StateLoad,deepseek-v4-pro-0813-high::problem-30/short-trace-final,problem-30,sha256:84ea88c1bf723ea51c2ae8d1c8fe25aa5d3dc5be93e0882e4f0cf0be0e4137bb,deepseek-v4-pro-0813-high,short-trace-final,all-arms,dynamic,Omega_hat_StateLoad,940031874,0
dynamic::deepseek-v4-pro-0813-high::all-arms::Omega_hat_StateLoad,deepseek-v4-pro-0813-high::problem-30/long-trace-final,problem-30,sha256:c2098a098a924cecff89d4a804a7f8d840ecd0538821c278601a32140bcca3f8,deepseek-v4-pro-0813-high,long-trace-final,all-arms,dynamic,Omega_hat_StateLoad,1715866385,0
dynamic::deepseek-v4-pro-0813-high::all-arms::Omega_hat_StateLoad,deepseek-v4-pro-0813-high::problem-30/post-loop-state,problem-30,sha256:e69e021f535c9d0fc24b0101f47f65371d3832409890cf0484859bf2d6e98e0b,deepseek-v4-pro-0813-high,post-loop-state,all-arms,dynamic,Omega_hat_StateLoad,1687925298,0
dynamic::deepseek-v4-pro-0813-high::all-arms::Omega_hat_StateSize,deepseek-v4-pro-0813-high::problem-01/inside-loop-state,problem-01,sha256:0547b42885dc201376fb93765a3c7da6c077a0338c243dcae8c262108a061af1,deepseek-v4-pro-0813-high,inside-loop-state,all-arms,dynamic,Omega_hat_StateSize,3288,0
dynamic::deepseek-v4-pro-0813-high::all-arms::Omega_hat_StateSize,deepseek-v4-pro-0813-high::problem-01/long-trace-final,problem-01,sha256:56d9affe274f136e1933852e8f797cfb86ea3bed95c016b04556b2c4ca152b2c,deepseek-v4-pro-0813-high,long-trace-final,all-arms,dynamic,Omega_hat_StateSize,3287,0
dynamic::deepseek-v4-pro-0813-high::all-arms::Omega_hat_StateSize,deepseek-v4-pro-0813-high::problem-01/short-trace-final,problem-01,sha256:73ad8aafe6d235df156f603343f220d5bf0bf095034c7c09e4647aec6b75183c,deepseek-v4-pro-0813-high,short-trace-final,all-arms,dynamic,Omega_hat_StateSize,3282,0
dynamic::deepseek-v4-pro-0813-high::all-arms::Omega_hat_StateSize,deepseek-v4-pro-0813-high::problem-01/post-loop-state,problem-01,sha256:8c394bb669c6429a6cc8371df442ba1284632f5fd03fcf20b87ec42c6b002666,deepseek-v4-pro-0813-high,post-loop-state,all-arms,dynamic,Omega_hat_StateSize,3287,0
dynamic::deepseek-v4-pro-0813-high::all-arms::Omega_hat_StateSize,deepseek-v4-pro-0813-high::problem-02/long-trace-final,problem-02,sha256:2c6c086992c204f9156a73eca1a86fe4ad8b4777c9b50ca69f44efa3a0ec804d,deepseek-v4-pro-0813-high,long-trace-final,all-arms,dynamic,Omega_hat_StateSize,3300,0
dynamic::deepseek-v4-pro-0813-high::all-arms::Omega_hat_StateSize,deepseek-v4-pro-0813-high::problem-02/inside-loop-state,problem-02,sha256:43ea44d05f37e33633d2f43ad399b115c3066c018f15acef6f477c034fdda927,deepseek-v4-pro-0813-high,inside-loop-state,all-arms,dynamic,Omega_hat_StateSize,3291,0
dynamic::deepseek-v4-pro-0813-high::all-arms::Omega_hat_StateSize,deepseek-v4-pro-0813-high::problem-02/post-loop-state,problem-02,sha256:ba7d1febfb83991899883c292120818d9f29e3dd565ec4a93b6368650d9b3d8b,deepseek-v4-pro-0813-high,post-loop-state,all-arms,dynamic,Omega_hat_StateSize,3300,0
dynamic::deepseek-v4-pro-0813-high::all-arms::Omega_hat_StateSize,deepseek-v4-pro-0813-high::problem-02/short-trace-final,problem-02,sha256:c045cedad0407af52c2d7faa26f00e6fb48605031adc73be301bb6ee469d0a00,deepseek-v4-pro-0813-high,short-trace-final,all-arms,dynamic,Omega_hat_StateSize,3273,0
dynamic::deepseek-v4-pro-0813-high::all-arms::Omega_hat_StateSize,deepseek-v4-pro-0813-high::problem-03/post-loop-state,problem-03,sha256:2acfa20a7ee16e7c373ae0cf23d876f6106fe1856336ee95352a6619b1420010,deepseek-v4-pro-0813-high,post-loop-state,all-arms,dynamic,Omega_hat_StateSize,3293,0
dynamic::deepseek-v4-pro-0813-high::all-arms::Omega_hat_StateSize,deepseek-v4-pro-0813-high::problem-03/inside-loop-state,problem-03,sha256:587d5ad47aee9baac51abb2d6ac720bc8b29f8e6c6f98e2e7066bb6d8bac30a1,deepseek-v4-pro-0813-high,inside-loop-state,all-arms,dynamic,Omega_hat_StateSize,3294,0
dynamic::deepseek-v4-pro-0813-high::all-arms::Omega_hat_StateSize,deepseek-v4-pro-0813-high::problem-03/long-trace-final,problem-03,sha256:5cd8a44109e568c902e2d582d4448650c2d4a64ee9ae4e391cf17a60348468b4,deepseek-v4-pro-0813-high,long-trace-final,all-arms,dynamic,Omega_hat_StateSize,3293,0
dynamic::deepseek-v4-pro-0813-high::all-arms::Omega_hat_StateSize,deepseek-v4-pro-0813-high::problem-03/short-trace-final,problem-03,sha256:de9b7f7e58c8ec2d2f824891cdd79a1b094a45ac4742558225294573439b316d,deepseek-v4-pro-0813-high,short-trace-final,all-arms,dynamic,Omega_hat_StateSize,3245,0
dynamic::deepseek-v4-pro-0813-high::all-arms::Omega_hat_StateSize,deepseek-v4-pro-0813-high::problem-04/short-trace-final,problem-04,sha256:05aae40bc36e0df65171215e791c8e10e79babb0960ce78b876515d48b8accae,deepseek-v4-pro-0813-high,short-trace-final,all-arms,dynamic,Omega_hat_StateSize,3268,0
dynamic::deepseek-v4-pro-0813-high::all-arms::Omega_hat_StateSize,deepseek-v4-pro-0813-high::problem-04/long-trace-final,problem-04,sha256:7ad230089b4b878cee95f70563245eea351dea877118fcf8a597be6bd90d14f5,deepseek-v4-pro-0813-high,long-trace-final,all-arms,dynamic,Omega_hat_StateSize,3282,0
dynamic::deepseek-v4-pro-0813-high::all-arms::Omega_hat_StateSize,deepseek-v4-pro-0813-high::problem-04/post-loop-state,problem-04,sha256:94ab1f7d2732d7ff5cef895f5b77e7fd081702b993a6eb7d3d5c505592cefb21,deepseek-v4-pro-0813-high,post-loop-state,all-arms,dynamic,Omega_hat_StateSize,3282,0
dynamic::deepseek-v4-pro-0813-high::all-arms::Omega_hat_StateSize,deepseek-v4-pro-0813-high::problem-04/inside-loop-state,problem-04,sha256:9aaa594325de39aafc50a9d96c539f0c1166bd50a8eff8c49c14c84270c4ff59,deepseek-v4-pro-0813-high,inside-loop-state,all-arms,dynamic,Omega_hat_StateSize,3283,0
dynamic::deepseek-v4-pro-0813-high::all-arms::Omega_hat_StateSize,deepseek-v4-pro-0813-high::problem-05/post-loop-state,problem-05,sha256:0f684ff85de199f8f7c7ffc32375f9b9e62fa5827fcecce50fb5d60bca08e280,deepseek-v4-pro-0813-high,post-loop-state,all-arms,dynamic,Omega_hat_StateSize,3292,0
dynamic::deepseek-v4-pro-0813-high::all-arms::Omega_hat_StateSize,deepseek-v4-pro-0813-high::problem-05/long-trace-final,problem-05,sha256:5a4822c8f4e084302eeecb07be76313448d56e02db866843273cfa2a79ca9b73,deepseek-v4-pro-0813-high,long-trace-final,all-arms,dynamic,Omega_hat_StateSize,3292,0
dynamic::deepseek-v4-pro-0813-high::all-arms::Omega_hat_StateSize,deepseek-v4-pro-0813-high::problem-05/short-trace-final,problem-05,sha256:9f6345f351d6266c0c09238729ff08378ce70e23ac0267c2e41f067733d6f579,deepseek-v4-pro-0813-high,short-trace-final,all-arms,dynamic,Omega_hat_StateSize,3261,0
dynamic::deepseek-v4-pro-0813-high::all-arms::Omega_hat_StateSize,deepseek-v4-pro-0813-high::problem-05/inside-loop-state,problem-05,sha256:e22303dc39b5dd7a5cac47da11bd364b0897fb8d8d9099162d7706552f9fa372,deepseek-v4-pro-0813-high,inside-loop-state,all-arms,dynamic,Omega_hat_StateSize,3293,0
dynamic::deepseek-v4-pro-0813-high::all-arms::Omega_hat_StateSize,deepseek-v4-pro-0813-high::problem-06/long-trace-final,problem-06,sha256:061a7cf51e116aa318d53740cdc4d580b6c9767f126c91061a484987b96cd0c7,deepseek-v4-pro-0813-high,long-trace-final,all-arms,dynamic,Omega_hat_StateSize,3288,0
dynamic::deepseek-v4-pro-0813-high::all-arms::Omega_hat_StateSize,deepseek-v4-pro-0813-high::problem-06/post-loop-state,problem-06,sha256:2c10823e77f28c1bd27318dfe6f1918fbe52e06174725d89f5e5d33bd0bd5510,deepseek-v4-pro-0813-high,post-loop-state,all-arms,dynamic,Omega_hat_StateSize,3288,0
dynamic::deepseek-v4-pro-0813-high::all-arms::Omega_hat_StateSize,deepseek-v4-pro-0813-high::problem-06/short-trace-final,problem-06,sha256:6a88d2c05b775fcb748a8354a26e9d76a3a40fbeb4478fdc3ede8d3a216d580f,deepseek-v4-pro-0813-high,short-trace-final,all-arms,dynamic,Omega_hat_StateSize,3267,0
dynamic::deepseek-v4-pro-0813-high::all-arms::Omega_hat_StateSize,deepseek-v4-pro-0813-high::problem-06/inside-loop-state,problem-06,sha256:cd00c1a7e81437959f3f7ae75d1cd3869cff5bb6980eec8d78e39979ad3c2a27,deepseek-v4-pro-0813-high,inside-loop-state,all-arms,dynamic,Omega_hat_StateSize,3289,0
dynamic::deepseek-v4-pro-0813-high::all-arms::Omega_hat_StateSize,deepseek-v4-pro-0813-high::problem-07/long-trace-final,problem-07,sha256:0038af217dac3eb4ec50de238581737dacd10f0887c0b2b7bf8c89208e6efac5,deepseek-v4-pro-0813-high,long-trace-final,all-arms,dynamic,Omega_hat_StateSize,3300,0
dynamic::deepseek-v4-pro-0813-high::all-arms::Omega_hat_StateSize,deepseek-v4-pro-0813-high::problem-07/inside-loop-state,problem-07,sha256:3f021ab7fd773d4b5707b65f0ddba29e4e2f31918c7ad194865bdfdb2cc2fc23,deepseek-v4-pro-0813-high,inside-loop-state,all-arms,dynamic,Omega_hat_StateSize,3301,0
dynamic::deepseek-v4-pro-0813-high::all-arms::Omega_hat_StateSize,deepseek-v4-pro-0813-high::problem-07/post-loop-state,problem-07,sha256:9e457d18bfaac327399393fdb975773303e803b2fd677d4bd2e6b7cd4ddc624c,deepseek-v4-pro-0813-high,post-loop-state,all-arms,dynamic,Omega_hat_StateSize,3300,0
dynamic::deepseek-v4-pro-0813-high::all-arms::Omega_hat_StateSize,deepseek-v4-pro-0813-high::problem-07/short-trace-final,problem-07,sha256:a804134b8daa3d73abbebef8e0e40694e39211ed7153b6ad7591756fe33cd167,deepseek-v4-pro-0813-high,short-trace-final,all-arms,dynamic,Omega_hat_StateSize,3281,0
dynamic::deepseek-v4-pro-0813-high::all-arms::Omega_hat_StateSize,deepseek-v4-pro-0813-high::problem-08/inside-loop-state,problem-08,sha256:7064354a09226b66ebb7194c3454eab73c7a5d95fb26e79e1817e12584f3f310,deepseek-v4-pro-0813-high,inside-loop-state,all-arms,dynamic,Omega_hat_StateSize,3284,0
dynamic::deepseek-v4-pro-0813-high::all-arms::Omega_hat_StateSize,deepseek-v4-pro-0813-high::problem-08/short-trace-final,problem-08,sha256:a7da9f82ea01769a6b8a112317eee4c6cc1f6de1fd6fdd14a5537d4ac9c80a0f,deepseek-v4-pro-0813-high,short-trace-final,all-arms,dynamic,Omega_hat_StateSize,3272,0
dynamic::deepseek-v4-pro-0813-high::all-arms::Omega_hat_StateSize,deepseek-v4-pro-0813-high::problem-08/post-loop-state,problem-08,sha256:e32673ca942baf21e1de8014e35df297a78a6d254c419164d155a8af936e67b4,deepseek-v4-pro-0813-high,post-loop-state,all-arms,dynamic,Omega_hat_StateSize,3289,0
dynamic::deepseek-v4-pro-0813-high::all-arms::Omega_hat_StateSize,deepseek-v4-pro-0813-high::problem-08/long-trace-final,problem-08,sha256:f4f4c04290dfd1722493e9d5e7c6c040d58b8f4f1f2ea1ffd0972f45a5893717,deepseek-v4-pro-0813-high,long-trace-final,all-arms,dynamic,Omega_hat_StateSize,3289,0
dynamic::deepseek-v4-pro-0813-high::all-arms::Omega_hat_StateSize,deepseek-v4-pro-0813-high::problem-09/short-trace-final,problem-09,sha256:1f2e9f2d169b17ceb6021bac59f884fc4c71697048d44bcde003919a30c6bc01,deepseek-v4-pro-0813-high,short-trace-final,all-arms,dynamic,Omega_hat_StateSize,3267,0
dynamic::deepseek-v4-pro-0813-high::all-arms::Omega_hat_StateSize,deepseek-v4-pro-0813-high::problem-09/inside-loop-state,problem-09,sha256:221039cb3147683b097b9a9e97cbc35a8b09ba4e290f73be9b1bca308fd93ce3,deepseek-v4-pro-0813-high,inside-loop-state,all-arms,dynamic,Omega_hat_StateSize,3286,0
dynamic::deepseek-v4-pro-0813-high::all-arms::Omega_hat_StateSize,deepseek-v4-pro-0813-high::problem-09/post-loop-state,problem-09,sha256:2c9d501dc7cc0a1d91e2d7340569ca0ba384bdb40034069641418df06a065b02,deepseek-v4-pro-0813-high,post-loop-state,all-arms,dynamic,Omega_hat_StateSize,3285,0
dynamic::deepseek-v4-pro-0813-high::all-arms::Omega_hat_StateSize,deepseek-v4-pro-0813-high::problem-09/long-trace-final,problem-09,sha256:d5594fe452f9751f9e5a7096c8f016b17a3d1be5849b3882dd8846f268197c8d,deepseek-v4-pro-0813-high,long-trace-final,all-arms,dynamic,Omega_hat_StateSize,3285,0
dynamic::deepseek-v4-pro-0813-high::all-arms::Omega_hat_StateSize,deepseek-v4-pro-0813-high::problem-10/inside-loop-state,problem-10,sha256:4bfd0a8e336edf6d47adfddd74897b9784181700d614c66dab4d21903a7797cb,deepseek-v4-pro-0813-high,inside-loop-state,all-arms,dynamic,Omega_hat_StateSize,3278,0
dynamic::deepseek-v4-pro-0813-high::all-arms::Omega_hat_StateSize,deepseek-v4-pro-0813-high::problem-10/short-trace-final,problem-10,sha256:68a7353ba44980aa7c94507c7d2506366b7e1a6d3a9840cec0ba3fd243bb86ef,deepseek-v4-pro-0813-high,short-trace-final,all-arms,dynamic,Omega_hat_StateSize,3276,0
dynamic::deepseek-v4-pro-0813-high::all-arms::Omega_hat_StateSize,deepseek-v4-pro-0813-high::problem-10/post-loop-state,problem-10,sha256:6d34f6c50beb59b579b867aa64417c1f8e212aca0c7dba85a4f8d73ad6395e15,deepseek-v4-pro-0813-high,post-loop-state,all-arms,dynamic,Omega_hat_StateSize,3277,0
dynamic::deepseek-v4-pro-0813-high::all-arms::Omega_hat_StateSize,deepseek-v4-pro-0813-high::problem-10/long-trace-final,problem-10,sha256:b9350571c682c8ce1a385a3827b09b6195b6b0de80c103fe5638970bd0396907,deepseek-v4-pro-0813-high,long-trace-final,all-arms,dynamic,Omega_hat_StateSize,3277,0
dynamic::deepseek-v4-pro-0813-high::all-arms::Omega_hat_StateSize,deepseek-v4-pro-0813-high::problem-11/short-trace-final,problem-11,sha256:26270b738997e89a812774051cc9205ec744eed12d5397ba27730fd1f3616545,deepseek-v4-pro-0813-high,short-trace-final,all-arms,dynamic,Omega_hat_StateSize,6085,0
dynamic::deepseek-v4-pro-0813-high::all-arms::Omega_hat_StateSize,deepseek-v4-pro-0813-high::problem-11/long-trace-final,problem-11,sha256:37449d8e8c91c57d5e2c5704a43fc22c0bd0599b769db5d859947f119c59900a,deepseek-v4-pro-0813-high,long-trace-final,all-arms,dynamic,Omega_hat_StateSize,6107,0
dynamic::deepseek-v4-pro-0813-high::all-arms::Omega_hat_StateSize,deepseek-v4-pro-0813-high::problem-11/post-loop-state,problem-11,sha256:89cf19a5769900427442f00c16f675ef52b8c60cb6f502a5e54dafd29cbaa7b3,deepseek-v4-pro-0813-high,post-loop-state,all-arms,dynamic,Omega_hat_StateSize,6107,0
dynamic::deepseek-v4-pro-0813-high::all-arms::Omega_hat_StateSize,deepseek-v4-pro-0813-high::problem-11/inside-loop-state,problem-11,sha256:9e616055a8b294cc727870ca9d00854bfd4625609bfaf8f7f208f2affda4e187,deepseek-v4-pro-0813-high,inside-loop-state,all-arms,dynamic,Omega_hat_StateSize,6108,0
dynamic::deepseek-v4-pro-0813-high::all-arms::Omega_hat_StateSize,deepseek-v4-pro-0813-high::problem-12/inside-loop-state,problem-12,sha256:7b5df0851254363517f3ded42cf7a385fa51a85dd64743e6e008669e0faf5b82,deepseek-v4-pro-0813-high,inside-loop-state,all-arms,dynamic,Omega_hat_StateSize,6111,0
dynamic::deepseek-v4-pro-0813-high::all-arms::Omega_hat_StateSize,deepseek-v4-pro-0813-high::problem-12/short-trace-final,problem-12,sha256:85aa9c8d83f90f5ce7ad3cbf050a51a8d8f6994499cd2159cb23a7ea82b1849e,deepseek-v4-pro-0813-high,short-trace-final,all-arms,dynamic,Omega_hat_StateSize,6074,0
dynamic::deepseek-v4-pro-0813-high::all-arms::Omega_hat_StateSize,deepseek-v4-pro-0813-high::problem-12/post-loop-state,problem-12,sha256:958460d7ecf7621b9ecf5669fda846e1d9c0a7b4b399190aeed32c7df8b0699e,deepseek-v4-pro-0813-high,post-loop-state,all-arms,dynamic,Omega_hat_StateSize,6110,0
dynamic::deepseek-v4-pro-0813-high::all-arms::Omega_hat_StateSize,deepseek-v4-pro-0813-high::problem-12/long-trace-final,problem-12,sha256:bbf72f7493684d660693adfc81bbd175088f4b46afda09d4b298512c72508c1b,deepseek-v4-pro-0813-high,long-trace-final,all-arms,dynamic,Omega_hat_StateSize,6110,0
dynamic::deepseek-v4-pro-0813-high::all-arms::Omega_hat_StateSize,deepseek-v4-pro-0813-high::problem-13/inside-loop-state,problem-13,sha256:2b247ce5916acd9195152fced59de2ae563f4cbdd37bfd795074e5f2ec115251,deepseek-v4-pro-0813-high,inside-loop-state,all-arms,dynamic,Omega_hat_StateSize,6110,0
dynamic::deepseek-v4-pro-0813-high::all-arms::Omega_hat_StateSize,deepseek-v4-pro-0813-high::problem-13/post-loop-state,problem-13,sha256:5c4433c9aa1b024d200559d67bbc7d578a21c39d10fb03ce2c6a5caae255993f,deepseek-v4-pro-0813-high,post-loop-state,all-arms,dynamic,Omega_hat_StateSize,6117,0
dynamic::deepseek-v4-pro-0813-high::all-arms::Omega_hat_StateSize,deepseek-v4-pro-0813-high::problem-13/short-trace-final,problem-13,sha256:eccc604db1d5cc06fe2c28b2456d93ecb100590e01fd6ce576ad76161a08aada,deepseek-v4-pro-0813-high,short-trace-final,all-arms,dynamic,Omega_hat_StateSize,6091,0
dynamic::deepseek-v4-pro-0813-high::all-arms::Omega_hat_StateSize,deepseek-v4-pro-0813-high::problem-13/long-trace-final,problem-13,sha256:fc03a1fd966e3a60af4264cb997a959b0d3d39ccb2cc7f6636f0659db36c1fcf,deepseek-v4-pro-0813-high,long-trace-final,all-arms,dynamic,Omega_hat_StateSize,6117,0
dynamic::deepseek-v4-pro-0813-high::all-arms::Omega_hat_StateSize,deepseek-v4-pro-0813-high::problem-14/short-trace-final,problem-14,sha256:929856d52b4d3a50a8d477f065732fc3ff381b1ec26dfd9672f1bb3e81b9112e,deepseek-v4-pro-0813-high,short-trace-final,all-arms,dynamic,Omega_hat_StateSize,6098,0
dynamic::deepseek-v4-pro-0813-high::all-arms::Omega_hat_StateSize,deepseek-v4-pro-0813-high::problem-14/post-loop-state,problem-14,sha256:a428733484eb9e4568dc0f1944310d728394aa7a5f597f21fad8a5f17c349a92,deepseek-v4-pro-0813-high,post-loop-state,all-arms,dynamic,Omega_hat_StateSize,6116,0
dynamic::deepseek-v4-pro-0813-high::all-arms::Omega_hat_StateSize,deepseek-v4-pro-0813-high::problem-14/inside-loop-state,problem-14,sha256:b92de04f170b8d7777731ffc17b0ef112672dde69764b2e2b4544f1cbbfd2775,deepseek-v4-pro-0813-high,inside-loop-state,all-arms,dynamic,Omega_hat_StateSize,6117,0
dynamic::deepseek-v4-pro-0813-high::all-arms::Omega_hat_StateSize,deepseek-v4-pro-0813-high::problem-14/long-trace-final,problem-14,sha256:e692c2f7963ddc6244570169d2564497fe9f12ef39e36f0f4f9f973b508f3616,deepseek-v4-pro-0813-high,long-trace-final,all-arms,dynamic,Omega_hat_StateSize,6116,0
dynamic::deepseek-v4-pro-0813-high::all-arms::Omega_hat_StateSize,deepseek-v4-pro-0813-high::problem-15/post-loop-state,problem-15,sha256:12301c45635de868f2a4e921222d940fcf33c2f6205d05fc21454266cfbc3061,deepseek-v4-pro-0813-high,post-loop-state,all-arms,dynamic,Omega_hat_StateSize,6094,0
dynamic::deepseek-v4-pro-0813-high::all-arms::Omega_hat_StateSize,deepseek-v4-pro-0813-high::problem-15/inside-loop-state,problem-15,sha256:50e103eb8654ee1640e95f86191fb481f0e07e0bd366e6b5ce47d20c0a200912,deepseek-v4-pro-0813-high,inside-loop-state,all-arms,dynamic,Omega_hat_StateSize,6089,0
dynamic::deepseek-v4-pro-0813-high::all-arms::Omega_hat_StateSize,deepseek-v4-pro-0813-high::problem-15/short-trace-final,problem-15,sha256:649f09230fe16bc947760c4387cd544c37fec8d49083a073371770fa5ae3e1d1,deepseek-v4-pro-0813-high,short-trace-final,all-arms,dynamic,Omega_hat_StateSize,6087,0
dynamic::deepseek-v4-pro-0813-high::all-arms::Omega_hat_StateSize,deepseek-v4-pro-0813-high::problem-15/long-trace-final,problem-15,sha256:8ab718d447d5782861bfa1a8a089a1b4a55c3c55b6ead5ff4abb068409ec1b6b,deepseek-v4-pro-0813-high,long-trace-final,all-arms,dynamic,Omega_hat_StateSize,6094,0
dynamic::deepseek-v4-pro-0813-high::all-arms::Omega_hat_StateSize,deepseek-v4-pro-0813-high::problem-16/short-trace-final,problem-16,sha256:64670fb8a7f19547ad0b0c7647c368cf26d355b1d2e0bedbf884079ff09d87fb,deepseek-v4-pro-0813-high,short-trace-final,all-arms,dynamic,Omega_hat_StateSize,6083,0
dynamic::deepseek-v4-pro-0813-high::all-arms::Omega_hat_StateSize,deepseek-v4-pro-0813-high::problem-16/post-loop-state,problem-16,sha256:8368e978d24c4b3ea18f7eb2ea99706b1e5473aa07f13c4bb3fe6fe619fee763,deepseek-v4-pro-0813-high,post-loop-state,all-arms,dynamic,Omega_hat_StateSize,6095,0
dynamic::deepseek-v4-pro-0813-high::all-arms::Omega_hat_StateSize,deepseek-v4-pro-0813-high::problem-16/long-trace-final,problem-16,sha256:a01be6f53c51de04e80ef9a1b56b33bd854ea547c3ab8fbf01dd1719b64424e2,deepseek-v4-pro-0813-high,long-trace-final,all-arms,dynamic,Omega_hat_StateSize,6095,0
dynamic::deepseek-v4-pro-0813-high::all-arms::Omega_hat_StateSize,deepseek-v4-pro-0813-high::problem-16/inside-loop-state,problem-16,sha256:e785fbb7c44714837a925d69b7a0b7764633037949cf8e2d8eee2ac7af673285,deepseek-v4-pro-0813-high,inside-loop-state,all-arms,dynamic,Omega_hat_StateSize,6096,0
dynamic::deepseek-v4-pro-0813-high::all-arms::Omega_hat_StateSize,deepseek-v4-pro-0813-high::problem-17/short-trace-final,problem-17,sha256:23bfd7217d9ba652a3156953e53db1b393d9093de1553e00151f9992835a6c12,deepseek-v4-pro-0813-high,short-trace-final,all-arms,dynamic,Omega_hat_StateSize,6090,0
dynamic::deepseek-v4-pro-0813-high::all-arms::Omega_hat_StateSize,deepseek-v4-pro-0813-high::problem-17/post-loop-state,problem-17,sha256:a71207cf0c9322ded7b4ad736d0eb7fe58ca15c45d6aad6ed8aa8f7de3eda7b2,deepseek-v4-pro-0813-high,post-loop-state,all-arms,dynamic,Omega_hat_StateSize,6105,0
dynamic::deepseek-v4-pro-0813-high::all-arms::Omega_hat_StateSize,deepseek-v4-pro-0813-high::problem-17/long-trace-final,problem-17,sha256:c1d6591d0bf5a1829058e47370a9ecca6ddf09033379e65669b82b28603cf1e2,deepseek-v4-pro-0813-high,long-trace-final,all-arms,dynamic,Omega_hat_StateSize,6105,0
dynamic::deepseek-v4-pro-0813-high::all-arms::Omega_hat_StateSize,deepseek-v4-pro-0813-high::problem-17/inside-loop-state,problem-17,sha256:ffbe22e9b9ecc46324d4d5b73a4a9fb9116281954ab9775b607d59ad2563ff75,deepseek-v4-pro-0813-high,inside-loop-state,all-arms,dynamic,Omega_hat_StateSize,6106,0
dynamic::deepseek-v4-pro-0813-high::all-arms::Omega_hat_StateSize,deepseek-v4-pro-0813-high::problem-18/long-trace-final,problem-18,sha256:3e1043702949a2334ffeb4aae795b5838059d006655a0bbf6798f0b6adeb085f,deepseek-v4-pro-0813-high,long-trace-final,all-arms,dynamic,Omega_hat_StateSize,6098,0
dynamic::deepseek-v4-pro-0813-high::all-arms::Omega_hat_StateSize,deepseek-v4-pro-0813-high::problem-18/short-trace-final,problem-18,sha256:55ce2dca47dbe112e5ff867e7e8bfbd2311a4010bf0497e1f33d5e2d3b6b309d,deepseek-v4-pro-0813-high,short-trace-final,all-arms,dynamic,Omega_hat_StateSize,6069,0
dynamic::deepseek-v4-pro-0813-high::all-arms::Omega_hat_StateSize,deepseek-v4-pro-0813-high::problem-18/inside-loop-state,problem-18,sha256:d9fde9c0b10033b45350be818f38a02f7530deefc277daf7ca51e91be628bf0d,deepseek-v4-pro-0813-high,inside-loop-state,all-arms,dynamic,Omega_hat_StateSize,6099,0
dynamic::deepseek-v4-pro-0813-high::all-arms::Omega_hat_StateSize,deepseek-v4-pro-0813-high::problem-18/post-loop-state,problem-18,sha256:ec5ffe88fa32f58a281e2a9be9970228c8f780ce294441e0d8ca083c44ab7cb9,deepseek-v4-pro-0813-high,post-loop-state,all-arms,dynamic,Omega_hat_StateSize,6098,0
dynamic::deepseek-v4-pro-0813-high::all-arms::Omega_hat_StateSize,deepseek-v4-pro-0813-high::problem-19/long-trace-final,problem-19,sha256:48814bea3c8f1e5cd1614a147556846e339503cb69e0803c858796e6f058c6eb,deepseek-v4-pro-0813-high,long-trace-final,all-arms,dynamic,Omega_hat_StateSize,6117,0
dynamic::deepseek-v4-pro-0813-high::all-arms::Omega_hat_StateSize,deepseek-v4-pro-0813-high::problem-19/post-loop-state,problem-19,sha256:67005c3e5fba330dd029ce911161dd9d7c281181ffdda26a6c04f791843ce5b0,deepseek-v4-pro-0813-high,post-loop-state,all-arms,dynamic,Omega_hat_StateSize,6117,0
dynamic::deepseek-v4-pro-0813-high::all-arms::Omega_hat_StateSize,deepseek-v4-pro-0813-high::problem-19/inside-loop-state,problem-19,sha256:7c4063bd0e506396a919ac229901d3779224482c2f0a86685fac407a77181b08,deepseek-v4-pro-0813-high,inside-loop-state,all-arms,dynamic,Omega_hat_StateSize,6118,0
dynamic::deepseek-v4-pro-0813-high::all-arms::Omega_hat_StateSize,deepseek-v4-pro-0813-high::problem-19/short-trace-final,problem-19,sha256:e573b78b30a2d6877c5e647ea6ef1ebbe778918dafdef3ce3ca1ef425adf4aae,deepseek-v4-pro-0813-high,short-trace-final,all-arms,dynamic,Omega_hat_StateSize,6101,0
dynamic::deepseek-v4-pro-0813-high::all-arms::Omega_hat_StateSize,deepseek-v4-pro-0813-high::problem-20/post-loop-state,problem-20,sha256:18ed8611483fb7761108ab3d6d83b912b08a4b16125c798ed34fc0e54d1d0305,deepseek-v4-pro-0813-high,post-loop-state,all-arms,dynamic,Omega_hat_StateSize,6094,0
dynamic::deepseek-v4-pro-0813-high::all-arms::Omega_hat_StateSize,deepseek-v4-pro-0813-high::problem-20/short-trace-final,problem-20,sha256:9e0c8296a9f0717b3ada2dc70705058a39ba1d561df45643b9a79d3f62c7ee4f,deepseek-v4-pro-0813-high,short-trace-final,all-arms,dynamic,Omega_hat_StateSize,6060,0
dynamic::deepseek-v4-pro-0813-high::all-arms::Omega_hat_StateSize,deepseek-v4-pro-0813-high::problem-20/inside-loop-state,problem-20,sha256:bd5bcbf1a9fbe0d7ec617f2eb09018adffc1493412d300f645de5abb9bb358e1,deepseek-v4-pro-0813-high,inside-loop-state,all-arms,dynamic,Omega_hat_StateSize,6095,0
dynamic::deepseek-v4-pro-0813-high::all-arms::Omega_hat_StateSize,deepseek-v4-pro-0813-high::problem-20/long-trace-final,problem-20,sha256:cfdd0f3fcdabe8556447869245ebb13768cf9520d32294331ed86a2fcdda934e,deepseek-v4-pro-0813-high,long-trace-final,all-arms,dynamic,Omega_hat_StateSize,6094,0
dynamic::deepseek-v4-pro-0813-high::all-arms::Omega_hat_StateSize,deepseek-v4-pro-0813-high::problem-21/inside-loop-state,problem-21,sha256:6b893d1fe6186f33bb87627c625c620c60c23d16b1eb380e5428287d7bcd173b,deepseek-v4-pro-0813-high,inside-loop-state,all-arms,dynamic,Omega_hat_StateSize,10756,0
dynamic::deepseek-v4-pro-0813-high::all-arms::Omega_hat_StateSize,deepseek-v4-pro-0813-high::problem-21/long-trace-final,problem-21,sha256:abae68d8201478b8273623d6f31c7f95f798e23c59176c1c030258097c23bc2a,deepseek-v4-pro-0813-high,long-trace-final,all-arms,dynamic,Omega_hat_StateSize,10755,0
dynamic::deepseek-v4-pro-0813-high::all-arms::Omega_hat_StateSize,deepseek-v4-pro-0813-high::problem-21/post-loop-state,problem-21,sha256:b1ba4c145bc3491180d71e43456f0de195530e4eda327d97e480319644d54468,deepseek-v4-pro-0813-high,post-loop-state,all-arms,dynamic,Omega_hat_StateSize,10755,0
dynamic::deepseek-v4-pro-0813-high::all-arms::Omega_hat_StateSize,deepseek-v4-pro-0813-high::problem-21/short-trace-final,problem-21,sha256:c08e9d12f0c628db74c80e296b9aeaa44f2ff442479546e4521c875bc621edcf,deepseek-v4-pro-0813-high,short-trace-final,all-arms,dynamic,Omega_hat_StateSize,10740,0
dynamic::deepseek-v4-pro-0813-high::all-arms::Omega_hat_StateSize,deepseek-v4-pro-0813-high::problem-22/post-loop-state,problem-22,sha256:642b405db89f31906ffda3368213a2dea48b194489eef14859eba92a495738dc,deepseek-v4-pro-0813-high,post-loop-state,all-arms,dynamic,Omega_hat_StateSize,10733,0
dynamic::deepseek-v4-pro-0813-high::all-arms::Omega_hat_StateSize,deepseek-v4-pro-0813-high::problem-22/inside-loop-state,problem-22,sha256:895a3e331a4a70e78f11ec4c30afb51f9695d33bfe2745487c604118a27dc196,deepseek-v4-pro-0813-high,inside-loop-state,all-arms,dynamic,Omega_hat_StateSize,10734,0
dynamic::deepseek-v4-pro-0813-high::all-arms::Omega_hat_StateSize,deepseek-v4-pro-0813-high::problem-22/short-trace-final,problem-22,sha256:bdfb4ea940fcc763a5c0367908bb8a2418611ecbf44f222ddd6008ab05066e5a,deepseek-v4-pro-0813-high,short-trace-final,all-arms,dynamic,Omega_hat_StateSize,10754,0
dynamic::deepseek-v4-pro-0813-high::all-arms::Omega_hat_StateSize,deepseek-v4-pro-0813-high::problem-22/long-trace-final,problem-22,sha256:d095f6706999a481b592168652c7c699ef339254946149818a5f8ab337c7f262,deepseek-v4-pro-0813-high,long-trace-final,all-arms,dynamic,Omega_hat_StateSize,10733,0
dynamic::deepseek-v4-pro-0813-high::all-arms::Omega_hat_StateSize,deepseek-v4-pro-0813-high::problem-23/long-trace-final,problem-23,sha256:1245ebbf69a81bcb8f23d1a367d4077c7ff732cf2ca37e553c4ad80d11a1687e,deepseek-v4-pro-0813-high,long-trace-final,all-arms,dynamic,Omega_hat_StateSize,10754,0
dynamic::deepseek-v4-pro-0813-high::all-arms::Omega_hat_StateSize,deepseek-v4-pro-0813-high::problem-23/short-trace-final,problem-23,sha256:78febcc2681676995da118209adc295d1c6f8449ddc2f697eff5823e74d2c92b,deepseek-v4-pro-0813-high,short-trace-final,all-arms,dynamic,Omega_hat_StateSize,10740,0
dynamic::deepseek-v4-pro-0813-high::all-arms::Omega_hat_StateSize,deepseek-v4-pro-0813-high::problem-23/inside-loop-state,problem-23,sha256:c5b04d442721c6e23d53ded804f222ca9bc2bd35cb825d975482627fa2f68eb8,deepseek-v4-pro-0813-high,inside-loop-state,all-arms,dynamic,Omega_hat_StateSize,10755,0
dynamic::deepseek-v4-pro-0813-high::all-arms::Omega_hat_StateSize,deepseek-v4-pro-0813-high::problem-23/post-loop-state,problem-23,sha256:f422207380b27c4b9c9e1403517b42b55f6342cd02514f3d18cff14a6eaf23b9,deepseek-v4-pro-0813-high,post-loop-state,all-arms,dynamic,Omega_hat_StateSize,10754,0
dynamic::deepseek-v4-pro-0813-high::all-arms::Omega_hat_StateSize,deepseek-v4-pro-0813-high::problem-24/long-trace-final,problem-24,sha256:312cb1244299d8ea29ce3be52759a05aaf6f571f4cabdb8de4cdfefc53c21127,deepseek-v4-pro-0813-high,long-trace-final,all-arms,dynamic,Omega_hat_StateSize,10750,0
dynamic::deepseek-v4-pro-0813-high::all-arms::Omega_hat_StateSize,deepseek-v4-pro-0813-high::problem-24/post-loop-state,problem-24,sha256:a9bba3e75ac97caf5a230d723fd189724ff0563bea2bef0b001eb7655cd5c948,deepseek-v4-pro-0813-high,post-loop-state,all-arms,dynamic,Omega_hat_StateSize,10750,0
dynamic::deepseek-v4-pro-0813-high::all-arms::Omega_hat_StateSize,deepseek-v4-pro-0813-high::problem-24/inside-loop-state,problem-24,sha256:c151679cf530cdccea973844a665dbb377147bfda08d781a73e4cebd8e7aa207,deepseek-v4-pro-0813-high,inside-loop-state,all-arms,dynamic,Omega_hat_StateSize,10751,0
dynamic::deepseek-v4-pro-0813-high::all-arms::Omega_hat_StateSize,deepseek-v4-pro-0813-high::problem-24/short-trace-final,problem-24,sha256:da5e2129ac6eb31efb9c60f4456bf6a53cf0c9c972c82515c6421612ad91b98c,deepseek-v4-pro-0813-high,short-trace-final,all-arms,dynamic,Omega_hat_StateSize,10731,0
dynamic::deepseek-v4-pro-0813-high::all-arms::Omega_hat_StateSize,deepseek-v4-pro-0813-high::problem-25/inside-loop-state,problem-25,sha256:5e34e564ebcb950511aeb4040311983a4e917c9f539fe9bf740740d04ff82754,deepseek-v4-pro-0813-high,inside-loop-state,all-arms,dynamic,Omega_hat_StateSize,10772,0
dynamic::deepseek-v4-pro-0813-high::all-arms::Omega_hat_StateSize,deepseek-v4-pro-0813-high::problem-25/post-loop-state,problem-25,sha256:75b110f0259dbaad71e4a3448a19097ec57bdd629d5281f6767d6860812b4c19,deepseek-v4-pro-0813-high,post-loop-state,all-arms,dynamic,Omega_hat_StateSize,10771,0
dynamic::deepseek-v4-pro-0813-high::all-arms::Omega_hat_StateSize,deepseek-v4-pro-0813-high::problem-25/short-trace-final,problem-25,sha256:a40a9795cb938fde800d3c6170d0c04fa0258cbef4e26485156c279ea570a1c9,deepseek-v4-pro-0813-high,short-trace-final,all-arms,dynamic,Omega_hat_StateSize,10738,0
dynamic::deepseek-v4-pro-0813-high::all-arms::Omega_hat_StateSize,deepseek-v4-pro-0813-high::problem-25/long-trace-final,problem-25,sha256:ea555a40d3f155ff207893e7327866c923e56b4bcc853fbea3e3ec27d9a3e419,deepseek-v4-pro-0813-high,long-trace-final,all-arms,dynamic,Omega_hat_StateSize,10771,0
dynamic::deepseek-v4-pro-0813-high::all-arms::Omega_hat_StateSize,deepseek-v4-pro-0813-high::problem-26/post-loop-state,problem-26,sha256:09ad9f965884b1ca88246bf427ed30c073b3774cda0e3f8b1ba5fcb8a52876f0,deepseek-v4-pro-0813-high,post-loop-state,all-arms,dynamic,Omega_hat_StateSize,10746,0
dynamic::deepseek-v4-pro-0813-high::all-arms::Omega_hat_StateSize,deepseek-v4-pro-0813-high::problem-26/long-trace-final,problem-26,sha256:8a0a9d72ece310a0393e6f8cd6161daa9fc85ca793d8f7a5effe7867b7b3610e,deepseek-v4-pro-0813-high,long-trace-final,all-arms,dynamic,Omega_hat_StateSize,10746,0
dynamic::deepseek-v4-pro-0813-high::all-arms::Omega_hat_StateSize,deepseek-v4-pro-0813-high::problem-26/short-trace-final,problem-26,sha256:d366caa8929075d65d1d7b7db9700b9131f161a1ac0faff603b289cf7c5bce85,deepseek-v4-pro-0813-high,short-trace-final,all-arms,dynamic,Omega_hat_StateSize,10741,0
dynamic::deepseek-v4-pro-0813-high::all-arms::Omega_hat_StateSize,deepseek-v4-pro-0813-high::problem-26/inside-loop-state,problem-26,sha256:f9a0bdb83416f8938c7ae733c1f802841b3746ef0e2c9c69f4dfcd271e42f429,deepseek-v4-pro-0813-high,inside-loop-state,all-arms,dynamic,Omega_hat_StateSize,10747,0
dynamic::deepseek-v4-pro-0813-high::all-arms::Omega_hat_StateSize,deepseek-v4-pro-0813-high::problem-27/long-trace-final,problem-27,sha256:1d4d6eaa0d724ed2eabbd6de906e694e29956478548df760cda79767a3d420aa,deepseek-v4-pro-0813-high,long-trace-final,all-arms,dynamic,Omega_hat_StateSize,10746,0
dynamic::deepseek-v4-pro-0813-high::all-arms::Omega_hat_StateSize,deepseek-v4-pro-0813-high::problem-27/short-trace-final,problem-27,sha256:ac06f4eaa7953cf90f5b0f2b52580f1e113358761701f25264564a9119eed893,deepseek-v4-pro-0813-high,short-trace-final,all-arms,dynamic,Omega_hat_StateSize,10749,0
dynamic::deepseek-v4-pro-0813-high::all-arms::Omega_hat_StateSize,deepseek-v4-pro-0813-high::problem-27/inside-loop-state,problem-27,sha256:e8a7fd6ede3a54a7a6c46ba71aa8095c7036f8a67282fd35936d92bd03911640,deepseek-v4-pro-0813-high,inside-loop-state,all-arms,dynamic,Omega_hat_StateSize,10747,0
dynamic::deepseek-v4-pro-0813-high::all-arms::Omega_hat_StateSize,deepseek-v4-pro-0813-high::problem-27/post-loop-state,problem-27,sha256:ec560b955bdd3cfdd9c93d7e5e9dec52b80d640de2b6aef03d7e59ab46ae487f,deepseek-v4-pro-0813-high,post-loop-state,all-arms,dynamic,Omega_hat_StateSize,10746,0
dynamic::deepseek-v4-pro-0813-high::all-arms::Omega_hat_StateSize,deepseek-v4-pro-0813-high::problem-28/inside-loop-state,problem-28,sha256:8e7497c27f25952db2771db8b7d65a445fec890474e0eaf363433912b4448d98,deepseek-v4-pro-0813-high,inside-loop-state,all-arms,dynamic,Omega_hat_StateSize,10756,0
dynamic::deepseek-v4-pro-0813-high::all-arms::Omega_hat_StateSize,deepseek-v4-pro-0813-high::problem-28/short-trace-final,problem-28,sha256:e48fd34b81d40474be4f17f911d0be54f3f4d0dcb7dcf485fbc4396c61acb108,deepseek-v4-pro-0813-high,short-trace-final,all-arms,dynamic,Omega_hat_StateSize,10744,0
dynamic::deepseek-v4-pro-0813-high::all-arms::Omega_hat_StateSize,deepseek-v4-pro-0813-high::problem-28/long-trace-final,problem-28,sha256:eac890193eab32fcb83a9b96b1975d2ec0850ff443479a8e9fc22322b0fef1a3,deepseek-v4-pro-0813-high,long-trace-final,all-arms,dynamic,Omega_hat_StateSize,10755,0
dynamic::deepseek-v4-pro-0813-high::all-arms::Omega_hat_StateSize,deepseek-v4-pro-0813-high::problem-28/post-loop-state,problem-28,sha256:eb32ac1b648907af496e87af77869c7d270abcf1a78e35194aff1abc7aad9814,deepseek-v4-pro-0813-high,post-loop-state,all-arms,dynamic,Omega_hat_StateSize,10755,0
dynamic::deepseek-v4-pro-0813-high::all-arms::Omega_hat_StateSize,deepseek-v4-pro-0813-high::problem-29/post-loop-state,problem-29,sha256:266a35b82d6b7b97b632edbdec2e61ad18b6191c9dc4722cceec06e6f7cf3e7b,deepseek-v4-pro-0813-high,post-loop-state,all-arms,dynamic,Omega_hat_StateSize,10743,0
dynamic::deepseek-v4-pro-0813-high::all-arms::Omega_hat_StateSize,deepseek-v4-pro-0813-high::problem-29/short-trace-final,problem-29,sha256:4ecced26b7df8a9b75c98baa33550ead17ba2313bbb605c2d1cb7baa2e29a52e,deepseek-v4-pro-0813-high,short-trace-final,all-arms,dynamic,Omega_hat_StateSize,10749,0
dynamic::deepseek-v4-pro-0813-high::all-arms::Omega_hat_StateSize,deepseek-v4-pro-0813-high::problem-29/inside-loop-state,problem-29,sha256:6055ac1e5575ce92574c3669a2a3eb367092c36fb132bfce0cca3260851140e2,deepseek-v4-pro-0813-high,inside-loop-state,all-arms,dynamic,Omega_hat_StateSize,10744,0
dynamic::deepseek-v4-pro-0813-high::all-arms::Omega_hat_StateSize,deepseek-v4-pro-0813-high::problem-29/long-trace-final,problem-29,sha256:dafab6181d512ecf0c71e74b5f580d6000813124811287d4fc852c2b145c4d20,deepseek-v4-pro-0813-high,long-trace-final,all-arms,dynamic,Omega_hat_StateSize,10743,0
dynamic::deepseek-v4-pro-0813-high::all-arms::Omega_hat_StateSize,deepseek-v4-pro-0813-high::problem-30/inside-loop-state,problem-30,sha256:4956e45be9ac9fea2c36667b16c62bb1d6f435004d42c4e4b3b34a6a2de2fa26,deepseek-v4-pro-0813-high,inside-loop-state,all-arms,dynamic,Omega_hat_StateSize,10788,0
dynamic::deepseek-v4-pro-0813-high::all-arms::Omega_hat_StateSize,deepseek-v4-pro-0813-high::problem-30/short-trace-final,problem-30,sha256:84ea88c1bf723ea51c2ae8d1c8fe25aa5d3dc5be93e0882e4f0cf0be0e4137bb,deepseek-v4-pro-0813-high,short-trace-final,all-arms,dynamic,Omega_hat_StateSize,10726,0
dynamic::deepseek-v4-pro-0813-high::all-arms::Omega_hat_StateSize,deepseek-v4-pro-0813-high::problem-30/long-trace-final,problem-30,sha256:c2098a098a924cecff89d4a804a7f8d840ecd0538821c278601a32140bcca3f8,deepseek-v4-pro-0813-high,long-trace-final,all-arms,dynamic,Omega_hat_StateSize,10787,0
dynamic::deepseek-v4-pro-0813-high::all-arms::Omega_hat_StateSize,deepseek-v4-pro-0813-high::problem-30/post-loop-state,problem-30,sha256:e69e021f535c9d0fc24b0101f47f65371d3832409890cf0484859bf2d6e98e0b,deepseek-v4-pro-0813-high,post-loop-state,all-arms,dynamic,Omega_hat_StateSize,10787,0
dynamic::deepseek-v4-pro-0813-off::all-arms::Omega_hat_NativeTrace,deepseek-v4-pro-0813-off::problem-01/inside-loop-state,problem-01,sha256:0547b42885dc201376fb93765a3c7da6c077a0338c243dcae8c262108a061af1,deepseek-v4-pro-0813-off,inside-loop-state,all-arms,dynamic,Omega_hat_NativeTrace,177482,0
dynamic::deepseek-v4-pro-0813-off::all-arms::Omega_hat_NativeTrace,deepseek-v4-pro-0813-off::problem-01/long-trace-final,problem-01,sha256:56d9affe274f136e1933852e8f797cfb86ea3bed95c016b04556b2c4ca152b2c,deepseek-v4-pro-0813-off,long-trace-final,all-arms,dynamic,Omega_hat_NativeTrace,222559,0
dynamic::deepseek-v4-pro-0813-off::all-arms::Omega_hat_NativeTrace,deepseek-v4-pro-0813-off::problem-01/short-trace-final,problem-01,sha256:73ad8aafe6d235df156f603343f220d5bf0bf095034c7c09e4647aec6b75183c,deepseek-v4-pro-0813-off,short-trace-final,all-arms,dynamic,Omega_hat_NativeTrace,90806,0
dynamic::deepseek-v4-pro-0813-off::all-arms::Omega_hat_NativeTrace,deepseek-v4-pro-0813-off::problem-01/post-loop-state,problem-01,sha256:8c394bb669c6429a6cc8371df442ba1284632f5fd03fcf20b87ec42c6b002666,deepseek-v4-pro-0813-off,post-loop-state,all-arms,dynamic,Omega_hat_NativeTrace,214164,0
dynamic::deepseek-v4-pro-0813-off::all-arms::Omega_hat_NativeTrace,deepseek-v4-pro-0813-off::problem-02/long-trace-final,problem-02,sha256:2c6c086992c204f9156a73eca1a86fe4ad8b4777c9b50ca69f44efa3a0ec804d,deepseek-v4-pro-0813-off,long-trace-final,all-arms,dynamic,Omega_hat_NativeTrace,221700,0
dynamic::deepseek-v4-pro-0813-off::all-arms::Omega_hat_NativeTrace,deepseek-v4-pro-0813-off::problem-02/inside-loop-state,problem-02,sha256:43ea44d05f37e33633d2f43ad399b115c3066c018f15acef6f477c034fdda927,deepseek-v4-pro-0813-off,inside-loop-state,all-arms,dynamic,Omega_hat_NativeTrace,177007,0
dynamic::deepseek-v4-pro-0813-off::all-arms::Omega_hat_NativeTrace,deepseek-v4-pro-0813-off::problem-02/post-loop-state,problem-02,sha256:ba7d1febfb83991899883c292120818d9f29e3dd565ec4a93b6368650d9b3d8b,deepseek-v4-pro-0813-off,post-loop-state,all-arms,dynamic,Omega_hat_NativeTrace,213305,0
dynamic::deepseek-v4-pro-0813-off::all-arms::Omega_hat_NativeTrace,deepseek-v4-pro-0813-off::problem-02/short-trace-final,problem-02,sha256:c045cedad0407af52c2d7faa26f00e6fb48605031adc73be301bb6ee469d0a00,deepseek-v4-pro-0813-off,short-trace-final,all-arms,dynamic,Omega_hat_NativeTrace,108273,0
dynamic::deepseek-v4-pro-0813-off::all-arms::Omega_hat_NativeTrace,deepseek-v4-pro-0813-off::problem-03/post-loop-state,problem-03,sha256:2acfa20a7ee16e7c373ae0cf23d876f6106fe1856336ee95352a6619b1420010,deepseek-v4-pro-0813-off,post-loop-state,all-arms,dynamic,Omega_hat_NativeTrace,209127,0
dynamic::deepseek-v4-pro-0813-off::all-arms::Omega_hat_NativeTrace,deepseek-v4-pro-0813-off::problem-03/inside-loop-state,problem-03,sha256:587d5ad47aee9baac51abb2d6ac720bc8b29f8e6c6f98e2e7066bb6d8bac30a1,deepseek-v4-pro-0813-off,inside-loop-state,all-arms,dynamic,Omega_hat_NativeTrace,178047,0
dynamic::deepseek-v4-pro-0813-off::all-arms::Omega_hat_NativeTrace,deepseek-v4-pro-0813-off::problem-03/long-trace-final,problem-03,sha256:5cd8a44109e568c902e2d582d4448650c2d4a64ee9ae4e391cf17a60348468b4,deepseek-v4-pro-0813-off,long-trace-final,all-arms,dynamic,Omega_hat_NativeTrace,217522,0
dynamic::deepseek-v4-pro-0813-off::all-arms::Omega_hat_NativeTrace,deepseek-v4-pro-0813-off::problem-03/short-trace-final,problem-03,sha256:de9b7f7e58c8ec2d2f824891cdd79a1b094a45ac4742558225294573439b316d,deepseek-v4-pro-0813-off,short-trace-final,all-arms,dynamic,Omega_hat_NativeTrace,92185,0
dynamic::deepseek-v4-pro-0813-off::all-arms::Omega_hat_NativeTrace,deepseek-v4-pro-0813-off::problem-04/short-trace-final,problem-04,sha256:05aae40bc36e0df65171215e791c8e10e79babb0960ce78b876515d48b8accae,deepseek-v4-pro-0813-off,short-trace-final,all-arms,dynamic,Omega_hat_NativeTrace,101454,0
dynamic::deepseek-v4-pro-0813-off::all-arms::Omega_hat_NativeTrace,deepseek-v4-pro-0813-off::problem-04/long-trace-final,problem-04,sha256:7ad230089b4b878cee95f70563245eea351dea877118fcf8a597be6bd90d14f5,deepseek-v4-pro-0813-off,long-trace-final,all-arms,dynamic,Omega_hat_NativeTrace,231312,0
dynamic::deepseek-v4-pro-0813-off::all-arms::Omega_hat_NativeTrace,deepseek-v4-pro-0813-off::problem-04/post-loop-state,problem-04,sha256:94ab1f7d2732d7ff5cef895f5b77e7fd081702b993a6eb7d3d5c505592cefb21,deepseek-v4-pro-0813-off,post-loop-state,all-arms,dynamic,Omega_hat_NativeTrace,222917,0
dynamic::deepseek-v4-pro-0813-off::all-arms::Omega_hat_NativeTrace,deepseek-v4-pro-0813-off::problem-04/inside-loop-state,problem-04,sha256:9aaa594325de39aafc50a9d96c539f0c1166bd50a8eff8c49c14c84270c4ff59,deepseek-v4-pro-0813-off,inside-loop-state,all-arms,dynamic,Omega_hat_NativeTrace,187012,0
dynamic::deepseek-v4-pro-0813-off::all-arms::Omega_hat_NativeTrace,deepseek-v4-pro-0813-off::problem-05/post-loop-state,problem-05,sha256:0f684ff85de199f8f7c7ffc32375f9b9e62fa5827fcecce50fb5d60bca08e280,deepseek-v4-pro-0813-off,post-loop-state,all-arms,dynamic,Omega_hat_NativeTrace,219484,0
dynamic::deepseek-v4-pro-0813-off::all-arms::Omega_hat_NativeTrace,deepseek-v4-pro-0813-off::problem-05/long-trace-final,problem-05,sha256:5a4822c8f4e084302eeecb07be76313448d56e02db866843273cfa2a79ca9b73,deepseek-v4-pro-0813-off,long-trace-final,all-arms,dynamic,Omega_hat_NativeTrace,227879,0
dynamic::deepseek-v4-pro-0813-off::all-arms::Omega_hat_NativeTrace,deepseek-v4-pro-0813-off::problem-05/short-trace-final,problem-05,sha256:9f6345f351d6266c0c09238729ff08378ce70e23ac0267c2e41f067733d6f579,deepseek-v4-pro-0813-off,short-trace-final,all-arms,dynamic,Omega_hat_NativeTrace,92213,0
dynamic::deepseek-v4-pro-0813-off::all-arms::Omega_hat_NativeTrace,deepseek-v4-pro-0813-off::problem-05/inside-loop-state,problem-05,sha256:e22303dc39b5dd7a5cac47da11bd364b0897fb8d8d9099162d7706552f9fa372,deepseek-v4-pro-0813-off,inside-loop-state,all-arms,dynamic,Omega_hat_NativeTrace,187905,0
dynamic::deepseek-v4-pro-0813-off::all-arms::Omega_hat_NativeTrace,deepseek-v4-pro-0813-off::problem-06/long-trace-final,problem-06,sha256:061a7cf51e116aa318d53740cdc4d580b6c9767f126c91061a484987b96cd0c7,deepseek-v4-pro-0813-off,long-trace-final,all-arms,dynamic,Omega_hat_NativeTrace,220520,0
dynamic::deepseek-v4-pro-0813-off::all-arms::Omega_hat_NativeTrace,deepseek-v4-pro-0813-off::problem-06/post-loop-state,problem-06,sha256:2c10823e77f28c1bd27318dfe6f1918fbe52e06174725d89f5e5d33bd0bd5510,deepseek-v4-pro-0813-off,post-loop-state,all-arms,dynamic,Omega_hat_NativeTrace,212125,0
dynamic::deepseek-v4-pro-0813-off::all-arms::Omega_hat_NativeTrace,deepseek-v4-pro-0813-off::problem-06/short-trace-final,problem-06,sha256:6a88d2c05b775fcb748a8354a26e9d76a3a40fbeb4478fdc3ede8d3a216d580f,deepseek-v4-pro-0813-off,short-trace-final,all-arms,dynamic,Omega_hat_NativeTrace,93164,0
dynamic::deepseek-v4-pro-0813-off::all-arms::Omega_hat_NativeTrace,deepseek-v4-pro-0813-off::problem-06/inside-loop-state,problem-06,sha256:cd00c1a7e81437959f3f7ae75d1cd3869cff5bb6980eec8d78e39979ad3c2a27,deepseek-v4-pro-0813-off,inside-loop-state,all-arms,dynamic,Omega_hat_NativeTrace,173832,0
dynamic::deepseek-v4-pro-0813-off::all-arms::Omega_hat_NativeTrace,deepseek-v4-pro-0813-off::problem-07/long-trace-final,problem-07,sha256:0038af217dac3eb4ec50de238581737dacd10f0887c0b2b7bf8c89208e6efac5,deepseek-v4-pro-0813-off,long-trace-final,all-arms,dynamic,Omega_hat_NativeTrace,223712,0
dynamic::deepseek-v4-pro-0813-off::all-arms::Omega_hat_NativeTrace,deepseek-v4-pro-0813-off::problem-07/inside-loop-state,problem-07,sha256:3f021ab7fd773d4b5707b65f0ddba29e4e2f31918c7ad194865bdfdb2cc2fc23,deepseek-v4-pro-0813-off,inside-loop-state,all-arms,dynamic,Omega_hat_NativeTrace,189373,0
dynamic::deepseek-v4-pro-0813-off::all-arms::Omega_hat_NativeTrace,deepseek-v4-pro-0813-off::problem-07/post-loop-state,problem-07,sha256:9e457d18bfaac327399393fdb975773303e803b2fd677d4bd2e6b7cd4ddc624c,deepseek-v4-pro-0813-off,post-loop-state,all-arms,dynamic,Omega_hat_NativeTrace,215317,0
dynamic::deepseek-v4-pro-0813-off::all-arms::Omega_hat_NativeTrace,deepseek-v4-pro-0813-off::problem-07/short-trace-final,problem-07,sha256:a804134b8daa3d73abbebef8e0e40694e39211ed7153b6ad7591756fe33cd167,deepseek-v4-pro-0813-off,short-trace-final,all-arms,dynamic,Omega_hat_NativeTrace,100948,0
dynamic::deepseek-v4-pro-0813-off::all-arms::Omega_hat_NativeTrace,deepseek-v4-pro-0813-off::problem-08/inside-loop-state,problem-08,sha256:7064354a09226b66ebb7194c3454eab73c7a5d95fb26e79e1817e12584f3f310,deepseek-v4-pro-0813-off,inside-loop-state,all-arms,dynamic,Omega_hat_NativeTrace,177328,0
dynamic::deepseek-v4-pro-0813-off::all-arms::Omega_hat_NativeTrace,deepseek-v4-pro-0813-off::problem-08/short-trace-final,problem-08,sha256:a7da9f82ea01769a6b8a112317eee4c6cc1f6de1fd6fdd14a5537d4ac9c80a0f,deepseek-v4-pro-0813-off,short-trace-final,all-arms,dynamic,Omega_hat_NativeTrace,88887,0
dynamic::deepseek-v4-pro-0813-off::all-arms::Omega_hat_NativeTrace,deepseek-v4-pro-0813-off::problem-08/post-loop-state,problem-08,sha256:e32673ca942baf21e1de8014e35df297a78a6d254c419164d155a8af936e67b4,deepseek-v4-pro-0813-off,post-loop-state,all-arms,dynamic,Omega_hat_NativeTrace,202271,0
dynamic::deepseek-v4-pro-0813-off::all-arms::Omega_hat_NativeTrace,deepseek-v4-pro-0813-off::problem-08/long-trace-final,problem-08,sha256:f4f4c04290dfd1722493e9d5e7c6c040d58b8f4f1f2ea1ffd0972f45a5893717,deepseek-v4-pro-0813-off,long-trace-final,all-arms,dynamic,Omega_hat_NativeTrace,210666,0
dynamic::deepseek-v4-pro-0813-off::all-arms::Omega_hat_NativeTrace,deepseek-v4-pro-0813-off::problem-09/short-trace-final,problem-09,sha256:1f2e9f2d169b17ceb6021bac59f884fc4c71697048d44bcde003919a30c6bc01,deepseek-v4-pro-0813-off,short-trace-final,all-arms,dynamic,Omega_hat_NativeTrace,105245,0
dynamic::deepseek-v4-pro-0813-off::all-arms::Omega_hat_NativeTrace,deepseek-v4-pro-0813-off::problem-09/inside-loop-state,problem-09,sha256:221039cb3147683b097b9a9e97cbc35a8b09ba4e290f73be9b1bca308fd93ce3,deepseek-v4-pro-0813-off,inside-loop-state,all-arms,dynamic,Omega_hat_NativeTrace,182596,0
dynamic::deepseek-v4-pro-0813-off::all-arms::Omega_hat_NativeTrace,deepseek-v4-pro-0813-off::problem-09/post-loop-state,problem-09,sha256:2c9d501dc7cc0a1d91e2d7340569ca0ba384bdb40034069641418df06a065b02,deepseek-v4-pro-0813-off,post-loop-state,all-arms,dynamic,Omega_hat_NativeTrace,227967,0
dynamic::deepseek-v4-pro-0813-off::all-arms::Omega_hat_NativeTrace,deepseek-v4-pro-0813-off::problem-09/long-trace-final,problem-09,sha256:d5594fe452f9751f9e5a7096c8f016b17a3d1be5849b3882dd8846f268197c8d,deepseek-v4-pro-0813-off,long-trace-final,all-arms,dynamic,Omega_hat_NativeTrace,236362,0
dynamic::deepseek-v4-pro-0813-off::all-arms::Omega_hat_NativeTrace,deepseek-v4-pro-0813-off::problem-10/inside-loop-state,problem-10,sha256:4bfd0a8e336edf6d47adfddd74897b9784181700d614c66dab4d21903a7797cb,deepseek-v4-pro-0813-off,inside-loop-state,all-arms,dynamic,Omega_hat_NativeTrace,179176,0
dynamic::deepseek-v4-pro-0813-off::all-arms::Omega_hat_NativeTrace,deepseek-v4-pro-0813-off::problem-10/short-trace-final,problem-10,sha256:68a7353ba44980aa7c94507c7d2506366b7e1a6d3a9840cec0ba3fd243bb86ef,deepseek-v4-pro-0813-off,short-trace-final,all-arms,dynamic,Omega_hat_NativeTrace,103733,0
dynamic::deepseek-v4-pro-0813-off::all-arms::Omega_hat_NativeTrace,deepseek-v4-pro-0813-off::problem-10/post-loop-state,problem-10,sha256:6d34f6c50beb59b579b867aa64417c1f8e212aca0c7dba85a4f8d73ad6395e15,deepseek-v4-pro-0813-off,post-loop-state,all-arms,dynamic,Omega_hat_NativeTrace,215948,0
dynamic::deepseek-v4-pro-0813-off::all-arms::Omega_hat_NativeTrace,deepseek-v4-pro-0813-off::problem-10/long-trace-final,problem-10,sha256:b9350571c682c8ce1a385a3827b09b6195b6b0de80c103fe5638970bd0396907,deepseek-v4-pro-0813-off,long-trace-final,all-arms,dynamic,Omega_hat_NativeTrace,224343,0
dynamic::deepseek-v4-pro-0813-off::all-arms::Omega_hat_NativeTrace,deepseek-v4-pro-0813-off::problem-11/short-trace-final,problem-11,sha256:26270b738997e89a812774051cc9205ec744eed12d5397ba27730fd1f3616545,deepseek-v4-pro-0813-off,short-trace-final,all-arms,dynamic,Omega_hat_NativeTrace,293189,0
dynamic::deepseek-v4-pro-0813-off::all-arms::Omega_hat_NativeTrace,deepseek-v4-pro-0813-off::problem-11/long-trace-final,problem-11,sha256:37449d8e8c91c57d5e2c5704a43fc22c0bd0599b769db5d859947f119c59900a,deepseek-v4-pro-0813-off,long-trace-final,all-arms,dynamic,Omega_hat_NativeTrace,507023,0
dynamic::deepseek-v4-pro-0813-off::all-arms::Omega_hat_NativeTrace,deepseek-v4-pro-0813-off::problem-11/post-loop-state,problem-11,sha256:89cf19a5769900427442f00c16f675ef52b8c60cb6f502a5e54dafd29cbaa7b3,deepseek-v4-pro-0813-off,post-loop-state,all-arms,dynamic,Omega_hat_NativeTrace,490939,0
dynamic::deepseek-v4-pro-0813-off::all-arms::Omega_hat_NativeTrace,deepseek-v4-pro-0813-off::problem-11/inside-loop-state,problem-11,sha256:9e616055a8b294cc727870ca9d00854bfd4625609bfaf8f7f208f2affda4e187,deepseek-v4-pro-0813-off,inside-loop-state,all-arms,dynamic,Omega_hat_NativeTrace,414516,0
dynamic::deepseek-v4-pro-0813-off::all-arms::Omega_hat_NativeTrace,deepseek-v4-pro-0813-off::problem-12/inside-loop-state,problem-12,sha256:7b5df0851254363517f3ded42cf7a385fa51a85dd64743e6e008669e0faf5b82,deepseek-v4-pro-0813-off,inside-loop-state,all-arms,dynamic,Omega_hat_NativeTrace,420712,0
dynamic::deepseek-v4-pro-0813-off::all-arms::Omega_hat_NativeTrace,deepseek-v4-pro-0813-off::problem-12/short-trace-final,problem-12,sha256:85aa9c8d83f90f5ce7ad3cbf050a51a8d8f6994499cd2159cb23a7ea82b1849e,deepseek-v4-pro-0813-off,short-trace-final,all-arms,dynamic,Omega_hat_NativeTrace,284443,0
dynamic::deepseek-v4-pro-0813-off::all-arms::Omega_hat_NativeTrace,deepseek-v4-pro-0813-off::problem-12/post-loop-state,problem-12,sha256:958460d7ecf7621b9ecf5669fda846e1d9c0a7b4b399190aeed32c7df8b0699e,deepseek-v4-pro-0813-off,post-loop-state,all-arms,dynamic,Omega_hat_NativeTrace,481453,0
dynamic::deepseek-v4-pro-0813-off::all-arms::Omega_hat_NativeTrace,deepseek-v4-pro-0813-off::problem-12/long-trace-final,problem-12,sha256:bbf72f7493684d660693adfc81bbd175088f4b46afda09d4b298512c72508c1b,deepseek-v4-pro-0813-off,long-trace-final,all-arms,dynamic,Omega_hat_NativeTrace,497537,0
dynamic::deepseek-v4-pro-0813-off::all-arms::Omega_hat_NativeTrace,deepseek-v4-pro-0813-off::problem-13/inside-loop-state,problem-13,sha256:2b247ce5916acd9195152fced59de2ae563f4cbdd37bfd795074e5f2ec115251,deepseek-v4-pro-0813-off,inside-loop-state,all-arms,dynamic,Omega_hat_NativeTrace,432012,0
dynamic::deepseek-v4-pro-0813-off::all-arms::Omega_hat_NativeTrace,deepseek-v4-pro-0813-off::problem-13/post-loop-state,problem-13,sha256:5c4433c9aa1b024d200559d67bbc7d578a21c39d10fb03ce2c6a5caae255993f,deepseek-v4-pro-0813-off,post-loop-state,all-arms,dynamic,Omega_hat_NativeTrace,544902,0
dynamic::deepseek-v4-pro-0813-off::all-arms::Omega_hat_NativeTrace,deepseek-v4-pro-0813-off::problem-13/short-trace-final,problem-13,sha256:eccc604db1d5cc06fe2c28b2456d93ecb100590e01fd6ce576ad76161a08aada,deepseek-v4-pro-0813-off,short-trace-final,all-arms,dynamic,Omega_hat_NativeTrace,278749,0
dynamic::deepseek-v4-pro-0813-off::all-arms::Omega_hat_NativeTrace,deepseek-v4-pro-0813-off::problem-13/long-trace-final,problem-13,sha256:fc03a1fd966e3a60af4264cb997a959b0d3d39ccb2cc7f6636f0659db36c1fcf,deepseek-v4-pro-0813-off,long-trace-final,all-arms,dynamic,Omega_hat_NativeTrace,560986,0
dynamic::deepseek-v4-pro-0813-off::all-arms::Omega_hat_NativeTrace,deepseek-v4-pro-0813-off::problem-14/short-trace-final,problem-14,sha256:929856d52b4d3a50a8d477f065732fc3ff381b1ec26dfd9672f1bb3e81b9112e,deepseek-v4-pro-0813-off,short-trace-final,all-arms,dynamic,Omega_hat_NativeTrace,269637,0
dynamic::deepseek-v4-pro-0813-off::all-arms::Omega_hat_NativeTrace,deepseek-v4-pro-0813-off::problem-14/post-loop-state,problem-14,sha256:a428733484eb9e4568dc0f1944310d728394aa7a5f597f21fad8a5f17c349a92,deepseek-v4-pro-0813-off,post-loop-state,all-arms,dynamic,Omega_hat_NativeTrace,506380,0
dynamic::deepseek-v4-pro-0813-off::all-arms::Omega_hat_NativeTrace,deepseek-v4-pro-0813-off::problem-14/inside-loop-state,problem-14,sha256:b92de04f170b8d7777731ffc17b0ef112672dde69764b2e2b4544f1cbbfd2775,deepseek-v4-pro-0813-off,inside-loop-state,all-arms,dynamic,Omega_hat_NativeTrace,409055,0
dynamic::deepseek-v4-pro-0813-off::all-arms::Omega_hat_NativeTrace,deepseek-v4-pro-0813-off::problem-14/long-trace-final,problem-14,sha256:e692c2f7963ddc6244570169d2564497fe9f12ef39e36f0f4f9f973b508f3616,deepseek-v4-pro-0813-off,long-trace-final,all-arms,dynamic,Omega_hat_NativeTrace,522464,0
dynamic::deepseek-v4-pro-0813-off::all-arms::Omega_hat_NativeTrace,deepseek-v4-pro-0813-off::problem-15/post-loop-state,problem-15,sha256:12301c45635de868f2a4e921222d940fcf33c2f6205d05fc21454266cfbc3061,deepseek-v4-pro-0813-off,post-loop-state,all-arms,dynamic,Omega_hat_NativeTrace,487763,0
dynamic::deepseek-v4-pro-0813-off::all-arms::Omega_hat_NativeTrace,deepseek-v4-pro-0813-off::problem-15/inside-loop-state,problem-15,sha256:50e103eb8654ee1640e95f86191fb481f0e07e0bd366e6b5ce47d20c0a200912,deepseek-v4-pro-0813-off,inside-loop-state,all-arms,dynamic,Omega_hat_NativeTrace,405070,0
dynamic::deepseek-v4-pro-0813-off::all-arms::Omega_hat_NativeTrace,deepseek-v4-pro-0813-off::problem-15/short-trace-final,problem-15,sha256:649f09230fe16bc947760c4387cd544c37fec8d49083a073371770fa5ae3e1d1,deepseek-v4-pro-0813-off,short-trace-final,all-arms,dynamic,Omega_hat_NativeTrace,264604,0
dynamic::deepseek-v4-pro-0813-off::all-arms::Omega_hat_NativeTrace,deepseek-v4-pro-0813-off::problem-15/long-trace-final,problem-15,sha256:8ab718d447d5782861bfa1a8a089a1b4a55c3c55b6ead5ff4abb068409ec1b6b,deepseek-v4-pro-0813-off,long-trace-final,all-arms,dynamic,Omega_hat_NativeTrace,503847,0
dynamic::deepseek-v4-pro-0813-off::all-arms::Omega_hat_NativeTrace,deepseek-v4-pro-0813-off::problem-16/short-trace-final,problem-16,sha256:64670fb8a7f19547ad0b0c7647c368cf26d355b1d2e0bedbf884079ff09d87fb,deepseek-v4-pro-0813-off,short-trace-final,all-arms,dynamic,Omega_hat_NativeTrace,268255,0
dynamic::deepseek-v4-pro-0813-off::all-arms::Omega_hat_NativeTrace,deepseek-v4-pro-0813-off::problem-16/post-loop-state,problem-16,sha256:8368e978d24c4b3ea18f7eb2ea99706b1e5473aa07f13c4bb3fe6fe619fee763,deepseek-v4-pro-0813-off,post-loop-state,all-arms,dynamic,Omega_hat_NativeTrace,467627,0
dynamic::deepseek-v4-pro-0813-off::all-arms::Omega_hat_NativeTrace,deepseek-v4-pro-0813-off::problem-16/long-trace-final,problem-16,sha256:a01be6f53c51de04e80ef9a1b56b33bd854ea547c3ab8fbf01dd1719b64424e2,deepseek-v4-pro-0813-off,long-trace-final,all-arms,dynamic,Omega_hat_NativeTrace,483711,0
dynamic::deepseek-v4-pro-0813-off::all-arms::Omega_hat_NativeTrace,deepseek-v4-pro-0813-off::problem-16/inside-loop-state,problem-16,sha256:e785fbb7c44714837a925d69b7a0b7764633037949cf8e2d8eee2ac7af673285,deepseek-v4-pro-0813-off,inside-loop-state,all-arms,dynamic,Omega_hat_NativeTrace,414667,0
dynamic::deepseek-v4-pro-0813-off::all-arms::Omega_hat_NativeTrace,deepseek-v4-pro-0813-off::problem-17/short-trace-final,problem-17,sha256:23bfd7217d9ba652a3156953e53db1b393d9093de1553e00151f9992835a6c12,deepseek-v4-pro-0813-off,short-trace-final,all-arms,dynamic,Omega_hat_NativeTrace,263095,0
dynamic::deepseek-v4-pro-0813-off::all-arms::Omega_hat_NativeTrace,deepseek-v4-pro-0813-off::problem-17/post-loop-state,problem-17,sha256:a71207cf0c9322ded7b4ad736d0eb7fe58ca15c45d6aad6ed8aa8f7de3eda7b2,deepseek-v4-pro-0813-off,post-loop-state,all-arms,dynamic,Omega_hat_NativeTrace,520301,0
dynamic::deepseek-v4-pro-0813-off::all-arms::Omega_hat_NativeTrace,deepseek-v4-pro-0813-off::problem-17/long-trace-final,problem-17,sha256:c1d6591d0bf5a1829058e47370a9ecca6ddf09033379e65669b82b28603cf1e2,deepseek-v4-pro-0813-off,long-trace-final,all-arms,dynamic,Omega_hat_NativeTrace,536385,0
dynamic::deepseek-v4-pro-0813-off::all-arms::Omega_hat_NativeTrace,deepseek-v4-pro-0813-off::problem-17/inside-loop-state,problem-17,sha256:ffbe22e9b9ecc46324d4d5b73a4a9fb9116281954ab9775b607d59ad2563ff75,deepseek-v4-pro-0813-off,inside-loop-state,all-arms,dynamic,Omega_hat_NativeTrace,435317,0
dynamic::deepseek-v4-pro-0813-off::all-arms::Omega_hat_NativeTrace,deepseek-v4-pro-0813-off::problem-18/long-trace-final,problem-18,sha256:3e1043702949a2334ffeb4aae795b5838059d006655a0bbf6798f0b6adeb085f,deepseek-v4-pro-0813-off,long-trace-final,all-arms,dynamic,Omega_hat_NativeTrace,492562,0
dynamic::deepseek-v4-pro-0813-off::all-arms::Omega_hat_NativeTrace,deepseek-v4-pro-0813-off::problem-18/short-trace-final,problem-18,sha256:55ce2dca47dbe112e5ff867e7e8bfbd2311a4010bf0497e1f33d5e2d3b6b309d,deepseek-v4-pro-0813-off,short-trace-final,all-arms,dynamic,Omega_hat_NativeTrace,258069,0
dynamic::deepseek-v4-pro-0813-off::all-arms::Omega_hat_NativeTrace,deepseek-v4-pro-0813-off::problem-18/inside-loop-state,problem-18,sha256:d9fde9c0b10033b45350be818f38a02f7530deefc277daf7ca51e91be628bf0d,deepseek-v4-pro-0813-off,inside-loop-state,all-arms,dynamic,Omega_hat_NativeTrace,419419,0
dynamic::deepseek-v4-pro-0813-off::all-arms::Omega_hat_NativeTrace,deepseek-v4-pro-0813-off::problem-18/post-loop-state,problem-18,sha256:ec5ffe88fa32f58a281e2a9be9970228c8f780ce294441e0d8ca083c44ab7cb9,deepseek-v4-pro-0813-off,post-loop-state,all-arms,dynamic,Omega_hat_NativeTrace,476478,0
dynamic::deepseek-v4-pro-0813-off::all-arms::Omega_hat_NativeTrace,deepseek-v4-pro-0813-off::problem-19/long-trace-final,problem-19,sha256:48814bea3c8f1e5cd1614a147556846e339503cb69e0803c858796e6f058c6eb,deepseek-v4-pro-0813-off,long-trace-final,all-arms,dynamic,Omega_hat_NativeTrace,553979,0
dynamic::deepseek-v4-pro-0813-off::all-arms::Omega_hat_NativeTrace,deepseek-v4-pro-0813-off::problem-19/post-loop-state,problem-19,sha256:67005c3e5fba330dd029ce911161dd9d7c281181ffdda26a6c04f791843ce5b0,deepseek-v4-pro-0813-off,post-loop-state,all-arms,dynamic,Omega_hat_NativeTrace,537895,0
dynamic::deepseek-v4-pro-0813-off::all-arms::Omega_hat_NativeTrace,deepseek-v4-pro-0813-off::problem-19/inside-loop-state,problem-19,sha256:7c4063bd0e506396a919ac229901d3779224482c2f0a86685fac407a77181b08,deepseek-v4-pro-0813-off,inside-loop-state,all-arms,dynamic,Omega_hat_NativeTrace,429295,0
dynamic::deepseek-v4-pro-0813-off::all-arms::Omega_hat_NativeTrace,deepseek-v4-pro-0813-off::problem-19/short-trace-final,problem-19,sha256:e573b78b30a2d6877c5e647ea6ef1ebbe778918dafdef3ce3ca1ef425adf4aae,deepseek-v4-pro-0813-off,short-trace-final,all-arms,dynamic,Omega_hat_NativeTrace,309010,0
dynamic::deepseek-v4-pro-0813-off::all-arms::Omega_hat_NativeTrace,deepseek-v4-pro-0813-off::problem-20/post-loop-state,problem-20,sha256:18ed8611483fb7761108ab3d6d83b912b08a4b16125c798ed34fc0e54d1d0305,deepseek-v4-pro-0813-off,post-loop-state,all-arms,dynamic,Omega_hat_NativeTrace,492055,0
dynamic::deepseek-v4-pro-0813-off::all-arms::Omega_hat_NativeTrace,deepseek-v4-pro-0813-off::problem-20/short-trace-final,problem-20,sha256:9e0c8296a9f0717b3ada2dc70705058a39ba1d561df45643b9a79d3f62c7ee4f,deepseek-v4-pro-0813-off,short-trace-final,all-arms,dynamic,Omega_hat_NativeTrace,267137,0
dynamic::deepseek-v4-pro-0813-off::all-arms::Omega_hat_NativeTrace,deepseek-v4-pro-0813-off::problem-20/inside-loop-state,problem-20,sha256:bd5bcbf1a9fbe0d7ec617f2eb09018adffc1493412d300f645de5abb9bb358e1,deepseek-v4-pro-0813-off,inside-loop-state,all-arms,dynamic,Omega_hat_NativeTrace,415556,0
dynamic::deepseek-v4-pro-0813-off::all-arms::Omega_hat_NativeTrace,deepseek-v4-pro-0813-off::problem-20/long-trace-final,problem-20,sha256:cfdd0f3fcdabe8556447869245ebb13768cf9520d32294331ed86a2fcdda934e,deepseek-v4-pro-0813-off,long-trace-final,all-arms,dynamic,Omega_hat_NativeTrace,508139,0
dynamic::deepseek-v4-pro-0813-off::all-arms::Omega_hat_NativeTrace,deepseek-v4-pro-0813-off::problem-21/inside-loop-state,problem-21,sha256:6b893d1fe6186f33bb87627c625c620c60c23d16b1eb380e5428287d7bcd173b,deepseek-v4-pro-0813-off,inside-loop-state,all-arms,dynamic,Omega_hat_NativeTrace,908439,0
dynamic::deepseek-v4-pro-0813-off::all-arms::Omega_hat_NativeTrace,deepseek-v4-pro-0813-off::problem-21/long-trace-final,problem-21,sha256:abae68d8201478b8273623d6f31c7f95f798e23c59176c1c030258097c23bc2a,deepseek-v4-pro-0813-off,long-trace-final,all-arms,dynamic,Omega_hat_NativeTrace,1103682,0
dynamic::deepseek-v4-pro-0813-off::all-arms::Omega_hat_NativeTrace,deepseek-v4-pro-0813-off::problem-21/post-loop-state,problem-21,sha256:b1ba4c145bc3491180d71e43456f0de195530e4eda327d97e480319644d54468,deepseek-v4-pro-0813-off,post-loop-state,all-arms,dynamic,Omega_hat_NativeTrace,1074688,0
dynamic::deepseek-v4-pro-0813-off::all-arms::Omega_hat_NativeTrace,deepseek-v4-pro-0813-off::problem-21/short-trace-final,problem-21,sha256:c08e9d12f0c628db74c80e296b9aeaa44f2ff442479546e4521c875bc621edcf,deepseek-v4-pro-0813-off,short-trace-final,all-arms,dynamic,Omega_hat_NativeTrace,676300,0
dynamic::deepseek-v4-pro-0813-off::all-arms::Omega_hat_NativeTrace,deepseek-v4-pro-0813-off::problem-22/post-loop-state,problem-22,sha256:642b405db89f31906ffda3368213a2dea48b194489eef14859eba92a495738dc,deepseek-v4-pro-0813-off,post-loop-state,all-arms,dynamic,Omega_hat_NativeTrace,1103437,0
dynamic::deepseek-v4-pro-0813-off::all-arms::Omega_hat_NativeTrace,deepseek-v4-pro-0813-off::problem-22/inside-loop-state,problem-22,sha256:895a3e331a4a70e78f11ec4c30afb51f9695d33bfe2745487c604118a27dc196,deepseek-v4-pro-0813-off,inside-loop-state,all-arms,dynamic,Omega_hat_NativeTrace,947612,0
dynamic::deepseek-v4-pro-0813-off::all-arms::Omega_hat_NativeTrace,deepseek-v4-pro-0813-off::problem-22/short-trace-final,problem-22,sha256:bdfb4ea940fcc763a5c0367908bb8a2418611ecbf44f222ddd6008ab05066e5a,deepseek-v4-pro-0813-off,short-trace-final,all-arms,dynamic,Omega_hat_NativeTrace,672322,0
dynamic::deepseek-v4-pro-0813-off::all-arms::Omega_hat_NativeTrace,deepseek-v4-pro-0813-off::problem-22/long-trace-final,problem-22,sha256:d095f6706999a481b592168652c7c699ef339254946149818a5f8ab337c7f262,deepseek-v4-pro-0813-off,long-trace-final,all-arms,dynamic,Omega_hat_NativeTrace,1132431,0
dynamic::deepseek-v4-pro-0813-off::all-arms::Omega_hat_NativeTrace,deepseek-v4-pro-0813-off::problem-23/long-trace-final,problem-23,sha256:1245ebbf69a81bcb8f23d1a367d4077c7ff732cf2ca37e553c4ad80d11a1687e,deepseek-v4-pro-0813-off,long-trace-final,all-arms,dynamic,Omega_hat_NativeTrace,1158204,0
dynamic::deepseek-v4-pro-0813-off::all-arms::Omega_hat_NativeTrace,deepseek-v4-pro-0813-off::problem-23/short-trace-final,problem-23,sha256:78febcc2681676995da118209adc295d1c6f8449ddc2f697eff5823e74d2c92b,deepseek-v4-pro-0813-off,short-trace-final,all-arms,dynamic,Omega_hat_NativeTrace,693244,0
dynamic::deepseek-v4-pro-0813-off::all-arms::Omega_hat_NativeTrace,deepseek-v4-pro-0813-off::problem-23/inside-loop-state,problem-23,sha256:c5b04d442721c6e23d53ded804f222ca9bc2bd35cb825d975482627fa2f68eb8,deepseek-v4-pro-0813-off,inside-loop-state,all-arms,dynamic,Omega_hat_NativeTrace,954487,0
dynamic::deepseek-v4-pro-0813-off::all-arms::Omega_hat_NativeTrace,deepseek-v4-pro-0813-off::problem-23/post-loop-state,problem-23,sha256:f422207380b27c4b9c9e1403517b42b55f6342cd02514f3d18cff14a6eaf23b9,deepseek-v4-pro-0813-off,post-loop-state,all-arms,dynamic,Omega_hat_NativeTrace,1129210,0
dynamic::deepseek-v4-pro-0813-off::all-arms::Omega_hat_NativeTrace,deepseek-v4-pro-0813-off::problem-24/long-trace-final,problem-24,sha256:312cb1244299d8ea29ce3be52759a05aaf6f571f4cabdb8de4cdfefc53c21127,deepseek-v4-pro-0813-off,long-trace-final,all-arms,dynamic,Omega_hat_NativeTrace,1152328,0
dynamic::deepseek-v4-pro-0813-off::all-arms::Omega_hat_NativeTrace,deepseek-v4-pro-0813-off::problem-24/post-loop-state,problem-24,sha256:a9bba3e75ac97caf5a230d723fd189724ff0563bea2bef0b001eb7655cd5c948,deepseek-v4-pro-0813-off,post-loop-state,all-arms,dynamic,Omega_hat_NativeTrace,1123334,0
dynamic::deepseek-v4-pro-0813-off::all-arms::Omega_hat_NativeTrace,deepseek-v4-pro-0813-off::problem-24/inside-loop-state,problem-24,sha256:c151679cf530cdccea973844a665dbb377147bfda08d781a73e4cebd8e7aa207,deepseek-v4-pro-0813-off,inside-loop-state,all-arms,dynamic,Omega_hat_NativeTrace,951623,0
dynamic::deepseek-v4-pro-0813-off::all-arms::Omega_hat_NativeTrace,deepseek-v4-pro-0813-off::problem-24/short-trace-final,problem-24,sha256:da5e2129ac6eb31efb9c60f4456bf6a53cf0c9c972c82515c6421612ad91b98c,deepseek-v4-pro-0813-off,short-trace-final,all-arms,dynamic,Omega_hat_NativeTrace,682729,0
dynamic::deepseek-v4-pro-0813-off::all-arms::Omega_hat_NativeTrace,deepseek-v4-pro-0813-off::problem-25/inside-loop-state,problem-25,sha256:5e34e564ebcb950511aeb4040311983a4e917c9f539fe9bf740740d04ff82754,deepseek-v4-pro-0813-off,inside-loop-state,all-arms,dynamic,Omega_hat_NativeTrace,953509,0
dynamic::deepseek-v4-pro-0813-off::all-arms::Omega_hat_NativeTrace,deepseek-v4-pro-0813-off::problem-25/post-loop-state,problem-25,sha256:75b110f0259dbaad71e4a3448a19097ec57bdd629d5281f6767d6860812b4c19,deepseek-v4-pro-0813-off,post-loop-state,all-arms,dynamic,Omega_hat_NativeTrace,1099416,0
dynamic::deepseek-v4-pro-0813-off::all-arms::Omega_hat_NativeTrace,deepseek-v4-pro-0813-off::problem-25/short-trace-final,problem-25,sha256:a40a9795cb938fde800d3c6170d0c04fa0258cbef4e26485156c279ea570a1c9,deepseek-v4-pro-0813-off,short-trace-final,all-arms,dynamic,Omega_hat_NativeTrace,682450,0
dynamic::deepseek-v4-pro-0813-off::all-arms::Omega_hat_NativeTrace,deepseek-v4-pro-0813-off::problem-25/long-trace-final,problem-25,sha256:ea555a40d3f155ff207893e7327866c923e56b4bcc853fbea3e3ec27d9a3e419,deepseek-v4-pro-0813-off,long-trace-final,all-arms,dynamic,Omega_hat_NativeTrace,1128410,0
dynamic::deepseek-v4-pro-0813-off::all-arms::Omega_hat_NativeTrace,deepseek-v4-pro-0813-off::problem-26/post-loop-state,problem-26,sha256:09ad9f965884b1ca88246bf427ed30c073b3774cda0e3f8b1ba5fcb8a52876f0,deepseek-v4-pro-0813-off,post-loop-state,all-arms,dynamic,Omega_hat_NativeTrace,1084392,0
dynamic::deepseek-v4-pro-0813-off::all-arms::Omega_hat_NativeTrace,deepseek-v4-pro-0813-off::problem-26/long-trace-final,problem-26,sha256:8a0a9d72ece310a0393e6f8cd6161daa9fc85ca793d8f7a5effe7867b7b3610e,deepseek-v4-pro-0813-off,long-trace-final,all-arms,dynamic,Omega_hat_NativeTrace,1113386,0
dynamic::deepseek-v4-pro-0813-off::all-arms::Omega_hat_NativeTrace,deepseek-v4-pro-0813-off::problem-26/short-trace-final,problem-26,sha256:d366caa8929075d65d1d7b7db9700b9131f161a1ac0faff603b289cf7c5bce85,deepseek-v4-pro-0813-off,short-trace-final,all-arms,dynamic,Omega_hat_NativeTrace,664411,0
dynamic::deepseek-v4-pro-0813-off::all-arms::Omega_hat_NativeTrace,deepseek-v4-pro-0813-off::problem-26/inside-loop-state,problem-26,sha256:f9a0bdb83416f8938c7ae733c1f802841b3746ef0e2c9c69f4dfcd271e42f429,deepseek-v4-pro-0813-off,inside-loop-state,all-arms,dynamic,Omega_hat_NativeTrace,933361,0
dynamic::deepseek-v4-pro-0813-off::all-arms::Omega_hat_NativeTrace,deepseek-v4-pro-0813-off::problem-27/long-trace-final,problem-27,sha256:1d4d6eaa0d724ed2eabbd6de906e694e29956478548df760cda79767a3d420aa,deepseek-v4-pro-0813-off,long-trace-final,all-arms,dynamic,Omega_hat_NativeTrace,1134258,0
dynamic::deepseek-v4-pro-0813-off::all-arms::Omega_hat_NativeTrace,deepseek-v4-pro-0813-off::problem-27/short-trace-final,problem-27,sha256:ac06f4eaa7953cf90f5b0f2b52580f1e113358761701f25264564a9119eed893,deepseek-v4-pro-0813-off,short-trace-final,all-arms,dynamic,Omega_hat_NativeTrace,668322,0
dynamic::deepseek-v4-pro-0813-off::all-arms::Omega_hat_NativeTrace,deepseek-v4-pro-0813-off::problem-27/inside-loop-state,problem-27,sha256:e8a7fd6ede3a54a7a6c46ba71aa8095c7036f8a67282fd35936d92bd03911640,deepseek-v4-pro-0813-off,inside-loop-state,all-arms,dynamic,Omega_hat_NativeTrace,956840,0
dynamic::deepseek-v4-pro-0813-off::all-arms::Omega_hat_NativeTrace,deepseek-v4-pro-0813-off::problem-27/post-loop-state,problem-27,sha256:ec560b955bdd3cfdd9c93d7e5e9dec52b80d640de2b6aef03d7e59ab46ae487f,deepseek-v4-pro-0813-off,post-loop-state,all-arms,dynamic,Omega_hat_NativeTrace,1105264,0
dynamic::deepseek-v4-pro-0813-off::all-arms::Omega_hat_NativeTrace,deepseek-v4-pro-0813-off::problem-28/inside-loop-state,problem-28,sha256:8e7497c27f25952db2771db8b7d65a445fec890474e0eaf363433912b4448d98,deepseek-v4-pro-0813-off,inside-loop-state,all-arms,dynamic,Omega_hat_NativeTrace,968151,0
dynamic::deepseek-v4-pro-0813-off::all-arms::Omega_hat_NativeTrace,deepseek-v4-pro-0813-off::problem-28/short-trace-final,problem-28,sha256:e48fd34b81d40474be4f17f911d0be54f3f4d0dcb7dcf485fbc4396c61acb108,deepseek-v4-pro-0813-off,short-trace-final,all-arms,dynamic,Omega_hat_NativeTrace,714229,0
dynamic::deepseek-v4-pro-0813-off::all-arms::Omega_hat_NativeTrace,deepseek-v4-pro-0813-off::problem-28/long-trace-final,problem-28,sha256:eac890193eab32fcb83a9b96b1975d2ec0850ff443479a8e9fc22322b0fef1a3,deepseek-v4-pro-0813-off,long-trace-final,all-arms,dynamic,Omega_hat_NativeTrace,1202298,0
dynamic::deepseek-v4-pro-0813-off::all-arms::Omega_hat_NativeTrace,deepseek-v4-pro-0813-off::problem-28/post-loop-state,problem-28,sha256:eb32ac1b648907af496e87af77869c7d270abcf1a78e35194aff1abc7aad9814,deepseek-v4-pro-0813-off,post-loop-state,all-arms,dynamic,Omega_hat_NativeTrace,1173304,0
dynamic::deepseek-v4-pro-0813-off::all-arms::Omega_hat_NativeTrace,deepseek-v4-pro-0813-off::problem-29/post-loop-state,problem-29,sha256:266a35b82d6b7b97b632edbdec2e61ad18b6191c9dc4722cceec06e6f7cf3e7b,deepseek-v4-pro-0813-off,post-loop-state,all-arms,dynamic,Omega_hat_NativeTrace,1154018,0
dynamic::deepseek-v4-pro-0813-off::all-arms::Omega_hat_NativeTrace,deepseek-v4-pro-0813-off::problem-29/short-trace-final,problem-29,sha256:4ecced26b7df8a9b75c98baa33550ead17ba2313bbb605c2d1cb7baa2e29a52e,deepseek-v4-pro-0813-off,short-trace-final,all-arms,dynamic,Omega_hat_NativeTrace,699583,0
dynamic::deepseek-v4-pro-0813-off::all-arms::Omega_hat_NativeTrace,deepseek-v4-pro-0813-off::problem-29/inside-loop-state,problem-29,sha256:6055ac1e5575ce92574c3669a2a3eb367092c36fb132bfce0cca3260851140e2,deepseek-v4-pro-0813-off,inside-loop-state,all-arms,dynamic,Omega_hat_NativeTrace,975089,0
dynamic::deepseek-v4-pro-0813-off::all-arms::Omega_hat_NativeTrace,deepseek-v4-pro-0813-off::problem-29/long-trace-final,problem-29,sha256:dafab6181d512ecf0c71e74b5f580d6000813124811287d4fc852c2b145c4d20,deepseek-v4-pro-0813-off,long-trace-final,all-arms,dynamic,Omega_hat_NativeTrace,1183012,0
dynamic::deepseek-v4-pro-0813-off::all-arms::Omega_hat_NativeTrace,deepseek-v4-pro-0813-off::problem-30/inside-loop-state,problem-30,sha256:4956e45be9ac9fea2c36667b16c62bb1d6f435004d42c4e4b3b34a6a2de2fa26,deepseek-v4-pro-0813-off,inside-loop-state,all-arms,dynamic,Omega_hat_NativeTrace,981391,0
dynamic::deepseek-v4-pro-0813-off::all-arms::Omega_hat_NativeTrace,deepseek-v4-pro-0813-off::problem-30/short-trace-final,problem-30,sha256:84ea88c1bf723ea51c2ae8d1c8fe25aa5d3dc5be93e0882e4f0cf0be0e4137bb,deepseek-v4-pro-0813-off,short-trace-final,all-arms,dynamic,Omega_hat_NativeTrace,635734,0
dynamic::deepseek-v4-pro-0813-off::all-arms::Omega_hat_NativeTrace,deepseek-v4-pro-0813-off::problem-30/long-trace-final,problem-30,sha256:c2098a098a924cecff89d4a804a7f8d840ecd0538821c278601a32140bcca3f8,deepseek-v4-pro-0813-off,long-trace-final,all-arms,dynamic,Omega_hat_NativeTrace,1138793,0
dynamic::deepseek-v4-pro-0813-off::all-arms::Omega_hat_NativeTrace,deepseek-v4-pro-0813-off::problem-30/post-loop-state,problem-30,sha256:e69e021f535c9d0fc24b0101f47f65371d3832409890cf0484859bf2d6e98e0b,deepseek-v4-pro-0813-off,post-loop-state,all-arms,dynamic,Omega_hat_NativeTrace,1109799,0
dynamic::deepseek-v4-pro-0813-off::all-arms::Omega_hat_StateLoad,deepseek-v4-pro-0813-off::problem-01/inside-loop-state,problem-01,sha256:0547b42885dc201376fb93765a3c7da6c077a0338c243dcae8c262108a061af1,deepseek-v4-pro-0813-off,inside-loop-state,all-arms,dynamic,Omega_hat_StateLoad,86579700,0
dynamic::deepseek-v4-pro-0813-off::all-arms::Omega_hat_StateLoad,deepseek-v4-pro-0813-off::problem-01/long-trace-final,problem-01,sha256:56d9affe274f136e1933852e8f797cfb86ea3bed95c016b04556b2c4ca152b2c,deepseek-v4-pro-0813-off,long-trace-final,all-arms,dynamic,Omega_hat_StateLoad,106548777,0
dynamic::deepseek-v4-pro-0813-off::all-arms::Omega_hat_StateLoad,deepseek-v4-pro-0813-off::problem-01/short-trace-final,problem-01,sha256:73ad8aafe6d235df156f603343f220d5bf0bf095034c7c09e4647aec6b75183c,deepseek-v4-pro-0813-off,short-trace-final,all-arms,dynamic,Omega_hat_StateLoad,41566773,0
dynamic::deepseek-v4-pro-0813-off::all-arms::Omega_hat_StateLoad,deepseek-v4-pro-0813-off::problem-01/post-loop-state,problem-01,sha256:8c394bb669c6429a6cc8371df442ba1284632f5fd03fcf20b87ec42c6b002666,deepseek-v4-pro-0813-off,post-loop-state,all-arms,dynamic,Omega_hat_StateLoad,104083011,0
dynamic::deepseek-v4-pro-0813-off::all-arms::Omega_hat_StateLoad,deepseek-v4-pro-0813-off::problem-02/long-trace-final,problem-02,sha256:2c6c086992c204f9156a73eca1a86fe4ad8b4777c9b50ca69f44efa3a0ec804d,deepseek-v4-pro-0813-off,long-trace-final,all-arms,dynamic,Omega_hat_StateLoad,106084790,0
dynamic::deepseek-v4-pro-0813-off::all-arms::Omega_hat_StateLoad,deepseek-v4-pro-0813-off::problem-02/inside-loop-state,problem-02,sha256:43ea44d05f37e33633d2f43ad399b115c3066c018f15acef6f477c034fdda927,deepseek-v4-pro-0813-off,inside-loop-state,all-arms,dynamic,Omega_hat_StateLoad,86252989,0
dynamic::deepseek-v4-pro-0813-off::all-arms::Omega_hat_StateLoad,deepseek-v4-pro-0813-off::problem-02/post-loop-state,problem-02,sha256:ba7d1febfb83991899883c292120818d9f29e3dd565ec4a93b6368650d9b3d8b,deepseek-v4-pro-0813-off,post-loop-state,all-arms,dynamic,Omega_hat_StateLoad,103617741,0
dynamic::deepseek-v4-pro-0813-off::all-arms::Omega_hat_StateLoad,deepseek-v4-pro-0813-off::problem-02/short-trace-final,problem-02,sha256:c045cedad0407af52c2d7faa26f00e6fb48605031adc73be301bb6ee469d0a00,deepseek-v4-pro-0813-off,short-trace-final,all-arms,dynamic,Omega_hat_StateLoad,49548623,0
dynamic::deepseek-v4-pro-0813-off::all-arms::Omega_hat_StateLoad,deepseek-v4-pro-0813-off::problem-03/post-loop-state,problem-03,sha256:2acfa20a7ee16e7c373ae0cf23d876f6106fe1856336ee95352a6619b1420010,deepseek-v4-pro-0813-off,post-loop-state,all-arms,dynamic,Omega_hat_StateLoad,101288087,0
dynamic::deepseek-v4-pro-0813-off::all-arms::Omega_hat_StateLoad,deepseek-v4-pro-0813-off::problem-03/inside-loop-state,problem-03,sha256:587d5ad47aee9baac51abb2d6ac720bc8b29f8e6c6f98e2e7066bb6d8bac30a1,deepseek-v4-pro-0813-off,inside-loop-state,all-arms,dynamic,Omega_hat_StateLoad,86715276,0
dynamic::deepseek-v4-pro-0813-off::all-arms::Omega_hat_StateLoad,deepseek-v4-pro-0813-off::problem-03/long-trace-final,problem-03,sha256:5cd8a44109e568c902e2d582d4448650c2d4a64ee9ae4e391cf17a60348468b4,deepseek-v4-pro-0813-off,long-trace-final,all-arms,dynamic,Omega_hat_StateLoad,103766078,0
dynamic::deepseek-v4-pro-0813-off::all-arms::Omega_hat_StateLoad,deepseek-v4-pro-0813-off::problem-03/short-trace-final,problem-03,sha256:de9b7f7e58c8ec2d2f824891cdd79a1b094a45ac4742558225294573439b316d,deepseek-v4-pro-0813-off,short-trace-final,all-arms,dynamic,Omega_hat_StateLoad,42074911,0
dynamic::deepseek-v4-pro-0813-off::all-arms::Omega_hat_StateLoad,deepseek-v4-pro-0813-off::problem-04/short-trace-final,problem-04,sha256:05aae40bc36e0df65171215e791c8e10e79babb0960ce78b876515d48b8accae,deepseek-v4-pro-0813-off,short-trace-final,all-arms,dynamic,Omega_hat_StateLoad,46566564,0
dynamic::deepseek-v4-pro-0813-off::all-arms::Omega_hat_StateLoad,deepseek-v4-pro-0813-off::problem-04/long-trace-final,problem-04,sha256:7ad230089b4b878cee95f70563245eea351dea877118fcf8a597be6bd90d14f5,deepseek-v4-pro-0813-off,long-trace-final,all-arms,dynamic,Omega_hat_StateLoad,110780630,0
dynamic::deepseek-v4-pro-0813-off::all-arms::Omega_hat_StateLoad,deepseek-v4-pro-0813-off::problem-04/post-loop-state,problem-04,sha256:94ab1f7d2732d7ff5cef895f5b77e7fd081702b993a6eb7d3d5c505592cefb21,deepseek-v4-pro-0813-off,post-loop-state,all-arms,dynamic,Omega_hat_StateLoad,108335276,0
dynamic::deepseek-v4-pro-0813-off::all-arms::Omega_hat_StateLoad,deepseek-v4-pro-0813-off::problem-04/inside-loop-state,problem-04,sha256:9aaa594325de39aafc50a9d96c539f0c1166bd50a8eff8c49c14c84270c4ff59,deepseek-v4-pro-0813-off,inside-loop-state,all-arms,dynamic,Omega_hat_StateLoad,90997601,0
dynamic::deepseek-v4-pro-0813-off::all-arms::Omega_hat_StateLoad,deepseek-v4-pro-0813-off::problem-05/post-loop-state,problem-05,sha256:0f684ff85de199f8f7c7ffc32375f9b9e62fa5827fcecce50fb5d60bca08e280,deepseek-v4-pro-0813-off,post-loop-state,all-arms,dynamic,Omega_hat_StateLoad,106867870,0
dynamic::deepseek-v4-pro-0813-off::all-arms::Omega_hat_StateLoad,deepseek-v4-pro-0813-off::problem-05/long-trace-final,problem-05,sha256:5a4822c8f4e084302eeecb07be76313448d56e02db866843273cfa2a79ca9b73,deepseek-v4-pro-0813-off,long-trace-final,all-arms,dynamic,Omega_hat_StateLoad,109339766,0
dynamic::deepseek-v4-pro-0813-off::all-arms::Omega_hat_StateLoad,deepseek-v4-pro-0813-off::problem-05/short-trace-final,problem-05,sha256:9f6345f351d6266c0c09238729ff08378ce70e23ac0267c2e41f067733d6f579,deepseek-v4-pro-0813-off,short-trace-final,all-arms,dynamic,Omega_hat_StateLoad,42108814,0
dynamic::deepseek-v4-pro-0813-off::all-arms::Omega_hat_StateLoad,deepseek-v4-pro-0813-off::problem-05/inside-loop-state,problem-05,sha256:e22303dc39b5dd7a5cac47da11bd364b0897fb8d8d9099162d7706552f9fa372,deepseek-v4-pro-0813-off,inside-loop-state,all-arms,dynamic,Omega_hat_StateLoad,91831012,0
dynamic::deepseek-v4-pro-0813-off::all-arms::Omega_hat_StateLoad,deepseek-v4-pro-0813-off::problem-06/long-trace-final,problem-06,sha256:061a7cf51e116aa318d53740cdc4d580b6c9767f126c91061a484987b96cd0c7,deepseek-v4-pro-0813-off,long-trace-final,all-arms,dynamic,Omega_hat_StateLoad,105001210,0
dynamic::deepseek-v4-pro-0813-off::all-arms::Omega_hat_StateLoad,deepseek-v4-pro-0813-off::problem-06/post-loop-state,problem-06,sha256:2c10823e77f28c1bd27318dfe6f1918fbe52e06174725d89f5e5d33bd0bd5510,deepseek-v4-pro-0813-off,post-loop-state,all-arms,dynamic,Omega_hat_StateLoad,102534063,0
dynamic::deepseek-v4-pro-0813-off::all-arms::Omega_hat_StateLoad,deepseek-v4-pro-0813-off::problem-06/short-trace-final,problem-06,sha256:6a88d2c05b775fcb748a8354a26e9d76a3a40fbeb4478fdc3ede8d3a216d580f,deepseek-v4-pro-0813-off,short-trace-final,all-arms,dynamic,Omega_hat_StateLoad,42285721,0
dynamic::deepseek-v4-pro-0813-off::all-arms::Omega_hat_StateLoad,deepseek-v4-pro-0813-off::problem-06/inside-loop-state,problem-06,sha256:cd00c1a7e81437959f3f7ae75d1cd3869cff5bb6980eec8d78e39979ad3c2a27,deepseek-v4-pro-0813-off,inside-loop-state,all-arms,dynamic,Omega_hat_StateLoad,84465390,0
dynamic::deepseek-v4-pro-0813-off::all-arms::Omega_hat_StateLoad,deepseek-v4-pro-0813-off::problem-07/long-trace-final,problem-07,sha256:0038af217dac3eb4ec50de238581737dacd10f0887c0b2b7bf8c89208e6efac5,deepseek-v4-pro-0813-off,long-trace-final,all-arms,dynamic,Omega_hat_StateLoad,107196992,0
dynamic::deepseek-v4-pro-0813-off::all-arms::Omega_hat_StateLoad,deepseek-v4-pro-0813-off::problem-07/inside-loop-state,problem-07,sha256:3f021ab7fd773d4b5707b65f0ddba29e4e2f31918c7ad194865bdfdb2cc2fc23,deepseek-v4-pro-0813-off,inside-loop-state,all-arms,dynamic,Omega_hat_StateLoad,92647385,0
dynamic::deepseek-v4-pro-0813-off::all-arms::Omega_hat_StateLoad,deepseek-v4-pro-0813-off::problem-07/post-loop-state,problem-07,sha256:9e457d18bfaac327399393fdb975773303e803b2fd677d4bd2e6b7cd4ddc624c,deepseek-v4-pro-0813-off,post-loop-state,all-arms,dynamic,Omega_hat_StateLoad,104730191,0
dynamic::deepseek-v4-pro-0813-off::all-arms::Omega_hat_StateLoad,deepseek-v4-pro-0813-off::problem-07/short-trace-final,problem-07,sha256:a804134b8daa3d73abbebef8e0e40694e39211ed7153b6ad7591756fe33cd167,deepseek-v4-pro-0813-off,short-trace-final,all-arms,dynamic,Omega_hat_StateLoad,45837857,0
dynamic::deepseek-v4-pro-0813-off::all-arms::Omega_hat_StateLoad,deepseek-v4-pro-0813-off::problem-08/inside-loop-state,problem-08,sha256:7064354a09226b66ebb7194c3454eab73c7a5d95fb26e79e1817e12584f3f310,deepseek-v4-pro-0813-off,inside-loop-state,all-arms,dynamic,Omega_hat_StateLoad,86637479,0
dynamic::deepseek-v4-pro-0813-off::all-arms::Omega_hat_StateLoad,deepseek-v4-pro-0813-off::problem-08/short-trace-final,problem-08,sha256:a7da9f82ea01769a6b8a112317eee4c6cc1f6de1fd6fdd14a5537d4ac9c80a0f,deepseek-v4-pro-0813-off,short-trace-final,all-arms,dynamic,Omega_hat_StateLoad,40757471,0
dynamic::deepseek-v4-pro-0813-off::all-arms::Omega_hat_StateLoad,deepseek-v4-pro-0813-off::problem-08/post-loop-state,problem-08,sha256:e32673ca942baf21e1de8014e35df297a78a6d254c419164d155a8af936e67b4,deepseek-v4-pro-0813-off,post-loop-state,all-arms,dynamic,Omega_hat_StateLoad,98048888,0
dynamic::deepseek-v4-pro-0813-off::all-arms::Omega_hat_StateLoad,deepseek-v4-pro-0813-off::problem-08/long-trace-final,problem-08,sha256:f4f4c04290dfd1722493e9d5e7c6c040d58b8f4f1f2ea1ffd0972f45a5893717,deepseek-v4-pro-0813-off,long-trace-final,all-arms,dynamic,Omega_hat_StateLoad,100512495,0
dynamic::deepseek-v4-pro-0813-off::all-arms::Omega_hat_StateLoad,deepseek-v4-pro-0813-off::problem-09/short-trace-final,problem-09,sha256:1f2e9f2d169b17ceb6021bac59f884fc4c71697048d44bcde003919a30c6bc01,deepseek-v4-pro-0813-off,short-trace-final,all-arms,dynamic,Omega_hat_StateLoad,47997571,0
dynamic::deepseek-v4-pro-0813-off::all-arms::Omega_hat_StateLoad,deepseek-v4-pro-0813-off::problem-09/inside-loop-state,problem-09,sha256:221039cb3147683b097b9a9e97cbc35a8b09ba4e290f73be9b1bca308fd93ce3,deepseek-v4-pro-0813-off,inside-loop-state,all-arms,dynamic,Omega_hat_StateLoad,88571383,0
dynamic::deepseek-v4-pro-0813-off::all-arms::Omega_hat_StateLoad,deepseek-v4-pro-0813-off::problem-09/post-loop-state,problem-09,sha256:2c9d501dc7cc0a1d91e2d7340569ca0ba384bdb40034069641418df06a065b02,deepseek-v4-pro-0813-off,post-loop-state,all-arms,dynamic,Omega_hat_StateLoad,109696931,0
dynamic::deepseek-v4-pro-0813-off::all-arms::Omega_hat_StateLoad,deepseek-v4-pro-0813-off::problem-09/long-trace-final,problem-09,sha256:d5594fe452f9751f9e5a7096c8f016b17a3d1be5849b3882dd8846f268197c8d,deepseek-v4-pro-0813-off,long-trace-final,all-arms,dynamic,Omega_hat_StateLoad,112165358,0
dynamic::deepseek-v4-pro-0813-off::all-arms::Omega_hat_StateLoad,deepseek-v4-pro-0813-off::problem-10/inside-loop-state,problem-10,sha256:4bfd0a8e336edf6d47adfddd74897b9784181700d614c66dab4d21903a7797cb,deepseek-v4-pro-0813-off,inside-loop-state,all-arms,dynamic,Omega_hat_StateLoad,87339701,0
dynamic::deepseek-v4-pro-0813-off::all-arms::Omega_hat_StateLoad,deepseek-v4-pro-0813-off::problem-10/short-trace-final,problem-10,sha256:68a7353ba44980aa7c94507c7d2506366b7e1a6d3a9840cec0ba3fd243bb86ef,deepseek-v4-pro-0813-off,short-trace-final,all-arms,dynamic,Omega_hat_StateLoad,47569262,0
dynamic::deepseek-v4-pro-0813-off::all-arms::Omega_hat_StateLoad,deepseek-v4-pro-0813-off::problem-10/post-loop-state,problem-10,sha256:6d34f6c50beb59b579b867aa64417c1f8e212aca0c7dba85a4f8d73ad6395e15,deepseek-v4-pro-0813-off,post-loop-state,all-arms,dynamic,Omega_hat_StateLoad,104128226,0
dynamic::deepseek-v4-pro-0813-off::all-arms::Omega_hat_StateLoad,deepseek-v4-pro-0813-off::problem-10/long-trace-final,problem-10,sha256:b9350571c682c8ce1a385a3827b09b6195b6b0de80c103fe5638970bd0396907,deepseek-v4-pro-0813-off,long-trace-final,all-arms,dynamic,Omega_hat_StateLoad,106586617,0
dynamic::deepseek-v4-pro-0813-off::all-arms::Omega_hat_StateLoad,deepseek-v4-pro-0813-off::problem-11/short-trace-final,problem-11,sha256:26270b738997e89a812774051cc9205ec744eed12d5397ba27730fd1f3616545,deepseek-v4-pro-0813-off,short-trace-final,all-arms,dynamic,Omega_hat_StateLoad,249445643,0
dynamic::deepseek-v4-pro-0813-off::all-arms::Omega_hat_StateLoad,deepseek-v4-pro-0813-off::problem-11/long-trace-final,problem-11,sha256:37449d8e8c91c57d5e2c5704a43fc22c0bd0599b769db5d859947f119c59900a,deepseek-v4-pro-0813-off,long-trace-final,all-arms,dynamic,Omega_hat_StateLoad,444084450,0
dynamic::deepseek-v4-pro-0813-off::all-arms::Omega_hat_StateLoad,deepseek-v4-pro-0813-off::problem-11/post-loop-state,problem-11,sha256:89cf19a5769900427442f00c16f675ef52b8c60cb6f502a5e54dafd29cbaa7b3,deepseek-v4-pro-0813-off,post-loop-state,all-arms,dynamic,Omega_hat_StateLoad,435321587,0
dynamic::deepseek-v4-pro-0813-off::all-arms::Omega_hat_StateLoad,deepseek-v4-pro-0813-off::problem-11/inside-loop-state,problem-11,sha256:9e616055a8b294cc727870ca9d00854bfd4625609bfaf8f7f208f2affda4e187,deepseek-v4-pro-0813-off,inside-loop-state,all-arms,dynamic,Omega_hat_StateLoad,368909967,0
dynamic::deepseek-v4-pro-0813-off::all-arms::Omega_hat_StateLoad,deepseek-v4-pro-0813-off::problem-12/inside-loop-state,problem-12,sha256:7b5df0851254363517f3ded42cf7a385fa51a85dd64743e6e008669e0faf5b82,deepseek-v4-pro-0813-off,inside-loop-state,all-arms,dynamic,Omega_hat_StateLoad,373082051,0
dynamic::deepseek-v4-pro-0813-off::all-arms::Omega_hat_StateLoad,deepseek-v4-pro-0813-off::problem-12/short-trace-final,problem-12,sha256:85aa9c8d83f90f5ce7ad3cbf050a51a8d8f6994499cd2159cb23a7ea82b1849e,deepseek-v4-pro-0813-off,short-trace-final,all-arms,dynamic,Omega_hat_StateLoad,241014984,0
dynamic::deepseek-v4-pro-0813-off::all-arms::Omega_hat_StateLoad,deepseek-v4-pro-0813-off::problem-12/post-loop-state,problem-12,sha256:958460d7ecf7621b9ecf5669fda846e1d9c0a7b4b399190aeed32c7df8b0699e,deepseek-v4-pro-0813-off,post-loop-state,all-arms,dynamic,Omega_hat_StateLoad,424195504,0
dynamic::deepseek-v4-pro-0813-off::all-arms::Omega_hat_StateLoad,deepseek-v4-pro-0813-off::problem-12/long-trace-final,problem-12,sha256:bbf72f7493684d660693adfc81bbd175088f4b46afda09d4b298512c72508c1b,deepseek-v4-pro-0813-off,long-trace-final,all-arms,dynamic,Omega_hat_StateLoad,432951324,0
dynamic::deepseek-v4-pro-0813-off::all-arms::Omega_hat_StateLoad,deepseek-v4-pro-0813-off::problem-13/inside-loop-state,problem-13,sha256:2b247ce5916acd9195152fced59de2ae563f4cbdd37bfd795074e5f2ec115251,deepseek-v4-pro-0813-off,inside-loop-state,all-arms,dynamic,Omega_hat_StateLoad,383128645,0
dynamic::deepseek-v4-pro-0813-off::all-arms::Omega_hat_StateLoad,deepseek-v4-pro-0813-off::problem-13/post-loop-state,problem-13,sha256:5c4433c9aa1b024d200559d67bbc7d578a21c39d10fb03ce2c6a5caae255993f,deepseek-v4-pro-0813-off,post-loop-state,all-arms,dynamic,Omega_hat_StateLoad,481716808,0
dynamic::deepseek-v4-pro-0813-off::all-arms::Omega_hat_StateLoad,deepseek-v4-pro-0813-off::problem-13/short-trace-final,problem-13,sha256:eccc604db1d5cc06fe2c28b2456d93ecb100590e01fd6ce576ad76161a08aada,deepseek-v4-pro-0813-off,short-trace-final,all-arms,dynamic,Omega_hat_StateLoad,235146035,0
dynamic::deepseek-v4-pro-0813-off::all-arms::Omega_hat_StateLoad,deepseek-v4-pro-0813-off::problem-13/long-trace-final,problem-13,sha256:fc03a1fd966e3a60af4264cb997a959b0d3d39ccb2cc7f6636f0659db36c1fcf,deepseek-v4-pro-0813-off,long-trace-final,all-arms,dynamic,Omega_hat_StateLoad,490517655,0
dynamic::deepseek-v4-pro-0813-off::all-arms::Omega_hat_StateLoad,deepseek-v4-pro-0813-off::problem-14/short-trace-final,problem-14,sha256:929856d52b4d3a50a8d477f065732fc3ff381b1ec26dfd9672f1bb3e81b9112e,deepseek-v4-pro-0813-off,short-trace-final,all-arms,dynamic,Omega_hat_StateLoad,229471960,0
dynamic::deepseek-v4-pro-0813-off::all-arms::Omega_hat_StateLoad,deepseek-v4-pro-0813-off::problem-14/post-loop-state,problem-14,sha256:a428733484eb9e4568dc0f1944310d728394aa7a5f597f21fad8a5f17c349a92,deepseek-v4-pro-0813-off,post-loop-state,all-arms,dynamic,Omega_hat_StateLoad,445181821,0
dynamic::deepseek-v4-pro-0813-off::all-arms::Omega_hat_StateLoad,deepseek-v4-pro-0813-off::problem-14/inside-loop-state,problem-14,sha256:b92de04f170b8d7777731ffc17b0ef112672dde69764b2e2b4544f1cbbfd2775,deepseek-v4-pro-0813-off,inside-loop-state,all-arms,dynamic,Omega_hat_StateLoad,361942611,0
dynamic::deepseek-v4-pro-0813-off::all-arms::Omega_hat_StateLoad,deepseek-v4-pro-0813-off::problem-14/long-trace-final,problem-14,sha256:e692c2f7963ddc6244570169d2564497fe9f12ef39e36f0f4f9f973b508f3616,deepseek-v4-pro-0813-off,long-trace-final,all-arms,dynamic,Omega_hat_StateLoad,453984472,0
dynamic::deepseek-v4-pro-0813-off::all-arms::Omega_hat_StateLoad,deepseek-v4-pro-0813-off::problem-15/post-loop-state,problem-15,sha256:12301c45635de868f2a4e921222d940fcf33c2f6205d05fc21454266cfbc3061,deepseek-v4-pro-0813-off,post-loop-state,all-arms,dynamic,Omega_hat_StateLoad,427703242,0
dynamic::deepseek-v4-pro-0813-off::all-arms::Omega_hat_StateLoad,deepseek-v4-pro-0813-off::problem-15/inside-loop-state,problem-15,sha256:50e103eb8654ee1640e95f86191fb481f0e07e0bd366e6b5ce47d20c0a200912,deepseek-v4-pro-0813-off,inside-loop-state,all-arms,dynamic,Omega_hat_StateLoad,356915477,0
dynamic::deepseek-v4-pro-0813-off::all-arms::Omega_hat_StateLoad,deepseek-v4-pro-0813-off::problem-15/short-trace-final,problem-15,sha256:649f09230fe16bc947760c4387cd544c37fec8d49083a073371770fa5ae3e1d1,deepseek-v4-pro-0813-off,short-trace-final,all-arms,dynamic,Omega_hat_StateLoad,223803302,0
dynamic::deepseek-v4-pro-0813-off::all-arms::Omega_hat_StateLoad,deepseek-v4-pro-0813-off::problem-15/long-trace-final,problem-15,sha256:8ab718d447d5782861bfa1a8a089a1b4a55c3c55b6ead5ff4abb068409ec1b6b,deepseek-v4-pro-0813-off,long-trace-final,all-arms,dynamic,Omega_hat_StateLoad,436441041,0
dynamic::deepseek-v4-pro-0813-off::all-arms::Omega_hat_StateLoad,deepseek-v4-pro-0813-off::problem-16/short-trace-final,problem-16,sha256:64670fb8a7f19547ad0b0c7647c368cf26d355b1d2e0bedbf884079ff09d87fb,deepseek-v4-pro-0813-off,short-trace-final,all-arms,dynamic,Omega_hat_StateLoad,228210805,0
dynamic::deepseek-v4-pro-0813-off::all-arms::Omega_hat_StateLoad,deepseek-v4-pro-0813-off::problem-16/post-loop-state,problem-16,sha256:8368e978d24c4b3ea18f7eb2ea99706b1e5473aa07f13c4bb3fe6fe619fee763,deepseek-v4-pro-0813-off,post-loop-state,all-arms,dynamic,Omega_hat_StateLoad,412755169,0
dynamic::deepseek-v4-pro-0813-off::all-arms::Omega_hat_StateLoad,deepseek-v4-pro-0813-off::problem-16/long-trace-final,problem-16,sha256:a01be6f53c51de04e80ef9a1b56b33bd854ea547c3ab8fbf01dd1719b64424e2,deepseek-v4-pro-0813-off,long-trace-final,all-arms,dynamic,Omega_hat_StateLoad,421537045,0
dynamic::deepseek-v4-pro-0813-off::all-arms::Omega_hat_StateLoad,deepseek-v4-pro-0813-off::problem-16/inside-loop-state,problem-16,sha256:e785fbb7c44714837a925d69b7a0b7764633037949cf8e2d8eee2ac7af673285,deepseek-v4-pro-0813-off,inside-loop-state,all-arms,dynamic,Omega_hat_StateLoad,368180968,0
dynamic::deepseek-v4-pro-0813-off::all-arms::Omega_hat_StateLoad,deepseek-v4-pro-0813-off::problem-17/short-trace-final,problem-17,sha256:23bfd7217d9ba652a3156953e53db1b393d9093de1553e00151f9992835a6c12,deepseek-v4-pro-0813-off,short-trace-final,all-arms,dynamic,Omega_hat_StateLoad,223229148,0
dynamic::deepseek-v4-pro-0813-off::all-arms::Omega_hat_StateLoad,deepseek-v4-pro-0813-off::problem-17/post-loop-state,problem-17,sha256:a71207cf0c9322ded7b4ad736d0eb7fe58ca15c45d6aad6ed8aa8f7de3eda7b2,deepseek-v4-pro-0813-off,post-loop-state,all-arms,dynamic,Omega_hat_StateLoad,454871889,0
dynamic::deepseek-v4-pro-0813-off::all-arms::Omega_hat_StateLoad,deepseek-v4-pro-0813-off::problem-17/long-trace-final,problem-17,sha256:c1d6591d0bf5a1829058e47370a9ecca6ddf09033379e65669b82b28603cf1e2,deepseek-v4-pro-0813-off,long-trace-final,all-arms,dynamic,Omega_hat_StateLoad,463649225,0
dynamic::deepseek-v4-pro-0813-off::all-arms::Omega_hat_StateLoad,deepseek-v4-pro-0813-off::problem-17/inside-loop-state,problem-17,sha256:ffbe22e9b9ecc46324d4d5b73a4a9fb9116281954ab9775b607d59ad2563ff75,deepseek-v4-pro-0813-off,inside-loop-state,all-arms,dynamic,Omega_hat_StateLoad,383560235,0
dynamic::deepseek-v4-pro-0813-off::all-arms::Omega_hat_StateLoad,deepseek-v4-pro-0813-off::problem-18/long-trace-final,problem-18,sha256:3e1043702949a2334ffeb4aae795b5838059d006655a0bbf6798f0b6adeb085f,deepseek-v4-pro-0813-off,long-trace-final,all-arms,dynamic,Omega_hat_StateLoad,428678521,0
dynamic::deepseek-v4-pro-0813-off::all-arms::Omega_hat_StateLoad,deepseek-v4-pro-0813-off::problem-18/short-trace-final,problem-18,sha256:55ce2dca47dbe112e5ff867e7e8bfbd2311a4010bf0497e1f33d5e2d3b6b309d,deepseek-v4-pro-0813-off,short-trace-final,all-arms,dynamic,Omega_hat_StateLoad,218821560,0
dynamic::deepseek-v4-pro-0813-off::all-arms::Omega_hat_StateLoad,deepseek-v4-pro-0813-off::problem-18/inside-loop-state,problem-18,sha256:d9fde9c0b10033b45350be818f38a02f7530deefc277daf7ca51e91be628bf0d,deepseek-v4-pro-0813-off,inside-loop-state,all-arms,dynamic,Omega_hat_StateLoad,371614735,0
dynamic::deepseek-v4-pro-0813-off::all-arms::Omega_hat_StateLoad,deepseek-v4-pro-0813-off::problem-18/post-loop-state,problem-18,sha256:ec5ffe88fa32f58a281e2a9be9970228c8f780ce294441e0d8ca083c44ab7cb9,deepseek-v4-pro-0813-off,post-loop-state,all-arms,dynamic,Omega_hat_StateLoad,419932136,0
dynamic::deepseek-v4-pro-0813-off::all-arms::Omega_hat_StateLoad,deepseek-v4-pro-0813-off::problem-19/long-trace-final,problem-19,sha256:48814bea3c8f1e5cd1614a147556846e339503cb69e0803c858796e6f058c6eb,deepseek-v4-pro-0813-off,long-trace-final,all-arms,dynamic,Omega_hat_StateLoad,479650352,0
dynamic::deepseek-v4-pro-0813-off::all-arms::Omega_hat_StateLoad,deepseek-v4-pro-0813-off::problem-19/post-loop-state,problem-19,sha256:67005c3e5fba330dd029ce911161dd9d7c281181ffdda26a6c04f791843ce5b0,deepseek-v4-pro-0813-off,post-loop-state,all-arms,dynamic,Omega_hat_StateLoad,470831132,0
dynamic::deepseek-v4-pro-0813-off::all-arms::Omega_hat_StateLoad,deepseek-v4-pro-0813-off::problem-19/inside-loop-state,problem-19,sha256:7c4063bd0e506396a919ac229901d3779224482c2f0a86685fac407a77181b08,deepseek-v4-pro-0813-off,inside-loop-state,all-arms,dynamic,Omega_hat_StateLoad,377812973,0
dynamic::deepseek-v4-pro-0813-off::all-arms::Omega_hat_StateLoad,deepseek-v4-pro-0813-off::problem-19/short-trace-final,problem-19,sha256:e573b78b30a2d6877c5e647ea6ef1ebbe778918dafdef3ce3ca1ef425adf4aae,deepseek-v4-pro-0813-off,short-trace-final,all-arms,dynamic,Omega_hat_StateLoad,264764292,0
dynamic::deepseek-v4-pro-0813-off::all-arms::Omega_hat_StateLoad,deepseek-v4-pro-0813-off::problem-20/post-loop-state,problem-20,sha256:18ed8611483fb7761108ab3d6d83b912b08a4b16125c798ed34fc0e54d1d0305,deepseek-v4-pro-0813-off,post-loop-state,all-arms,dynamic,Omega_hat_StateLoad,433057980,0
dynamic::deepseek-v4-pro-0813-off::all-arms::Omega_hat_StateLoad,deepseek-v4-pro-0813-off::problem-20/short-trace-final,problem-20,sha256:9e0c8296a9f0717b3ada2dc70705058a39ba1d561df45643b9a79d3f62c7ee4f,deepseek-v4-pro-0813-off,short-trace-final,all-arms,dynamic,Omega_hat_StateLoad,225373297,0
dynamic::deepseek-v4-pro-0813-off::all-arms::Omega_hat_StateLoad,deepseek-v4-pro-0813-off::problem-20/inside-loop-state,problem-20,sha256:bd5bcbf1a9fbe0d7ec617f2eb09018adffc1493412d300f645de5abb9bb358e1,deepseek-v4-pro-0813-off,inside-loop-state,all-arms,dynamic,Omega_hat_StateLoad,367739149,0
dynamic::deepseek-v4-pro-0813-off::all-arms::Omega_hat_StateLoad,deepseek-v4-pro-0813-off::problem-20/long-trace-final,problem-20,sha256:cfdd0f3fcdabe8556447869245ebb13768cf9520d32294331ed86a2fcdda934e,deepseek-v4-pro-0813-off,long-trace-final,all-arms,dynamic,Omega_hat_StateLoad,441795364,0
dynamic::deepseek-v4-pro-0813-off::all-arms::Omega_hat_StateLoad,deepseek-v4-pro-0813-off::problem-21/inside-loop-state,problem-21,sha256:6b893d1fe6186f33bb87627c625c620c60c23d16b1eb380e5428287d7bcd173b,deepseek-v4-pro-0813-off,inside-loop-state,all-arms,dynamic,Omega_hat_StateLoad,1387445444,0
dynamic::deepseek-v4-pro-0813-off::all-arms::Omega_hat_StateLoad,deepseek-v4-pro-0813-off::problem-21/long-trace-final,problem-21,sha256:abae68d8201478b8273623d6f31c7f95f798e23c59176c1c030258097c23bc2a,deepseek-v4-pro-0813-off,long-trace-final,all-arms,dynamic,Omega_hat_StateLoad,1658937208,0
dynamic::deepseek-v4-pro-0813-off::all-arms::Omega_hat_StateLoad,deepseek-v4-pro-0813-off::problem-21/post-loop-state,problem-21,sha256:b1ba4c145bc3491180d71e43456f0de195530e4eda327d97e480319644d54468,deepseek-v4-pro-0813-off,post-loop-state,all-arms,dynamic,Omega_hat_StateLoad,1630988145,0
dynamic::deepseek-v4-pro-0813-off::all-arms::Omega_hat_StateLoad,deepseek-v4-pro-0813-off::problem-21/short-trace-final,problem-21,sha256:c08e9d12f0c628db74c80e296b9aeaa44f2ff442479546e4521c875bc621edcf,deepseek-v4-pro-0813-off,short-trace-final,all-arms,dynamic,Omega_hat_StateLoad,1004305853,0
dynamic::deepseek-v4-pro-0813-off::all-arms::Omega_hat_StateLoad,deepseek-v4-pro-0813-off::problem-22/post-loop-state,problem-22,sha256:642b405db89f31906ffda3368213a2dea48b194489eef14859eba92a495738dc,deepseek-v4-pro-0813-off,post-loop-state,all-arms,dynamic,Omega_hat_StateLoad,1665467754,0
dynamic::deepseek-v4-pro-0813-off::all-arms::Omega_hat_StateLoad,deepseek-v4-pro-0813-off::problem-22/inside-loop-state,problem-22,sha256:895a3e331a4a70e78f11ec4c30afb51f9695d33bfe2745487c604118a27dc196,deepseek-v4-pro-0813-off,inside-loop-state,all-arms,dynamic,Omega_hat_StateLoad,1441450912,0
dynamic::deepseek-v4-pro-0813-off::all-arms::Omega_hat_StateLoad,deepseek-v4-pro-0813-off::problem-22/short-trace-final,problem-22,sha256:bdfb4ea940fcc763a5c0367908bb8a2418611ecbf44f222ddd6008ab05066e5a,deepseek-v4-pro-0813-off,short-trace-final,all-arms,dynamic,Omega_hat_StateLoad,995709142,0
dynamic::deepseek-v4-pro-0813-off::all-arms::Omega_hat_StateLoad,deepseek-v4-pro-0813-off::problem-22/long-trace-final,problem-22,sha256:d095f6706999a481b592168652c7c699ef339254946149818a5f8ab337c7f262,deepseek-v4-pro-0813-off,long-trace-final,all-arms,dynamic,Omega_hat_StateLoad,1693333624,0
dynamic::deepseek-v4-pro-0813-off::all-arms::Omega_hat_StateLoad,deepseek-v4-pro-0813-off::problem-23/long-trace-final,problem-23,sha256:1245ebbf69a81bcb8f23d1a367d4077c7ff732cf2ca37e553c4ad80d11a1687e,deepseek-v4-pro-0813-off,long-trace-final,all-arms,dynamic,Omega_hat_StateLoad,1737760921,0
dynamic::deepseek-v4-pro-0813-off::all-arms::Omega_hat_StateLoad,deepseek-v4-pro-0813-off::problem-23/short-trace-final,problem-23,sha256:78febcc2681676995da118209adc295d1c6f8449ddc2f697eff5823e74d2c92b,deepseek-v4-pro-0813-off,short-trace-final,all-arms,dynamic,Omega_hat_StateLoad,1035105717,0
dynamic::deepseek-v4-pro-0813-off::all-arms::Omega_hat_StateLoad,deepseek-v4-pro-0813-off::problem-23/inside-loop-state,problem-23,sha256:c5b04d442721c6e23d53ded804f222ca9bc2bd35cb825d975482627fa2f68eb8,deepseek-v4-pro-0813-off,inside-loop-state,all-arms,dynamic,Omega_hat_StateLoad,1455506026,0
dynamic::deepseek-v4-pro-0813-off::all-arms::Omega_hat_StateLoad,deepseek-v4-pro-0813-off::problem-23/post-loop-state,problem-23,sha256:f422207380b27c4b9c9e1403517b42b55f6342cd02514f3d18cff14a6eaf23b9,deepseek-v4-pro-0813-off,post-loop-state,all-arms,dynamic,Omega_hat_StateLoad,1709832203,0
dynamic::deepseek-v4-pro-0813-off::all-arms::Omega_hat_StateLoad,deepseek-v4-pro-0813-off::problem-24/long-trace-final,problem-24,sha256:312cb1244299d8ea29ce3be52759a05aaf6f571f4cabdb8de4cdfefc53c21127,deepseek-v4-pro-0813-off,long-trace-final,all-arms,dynamic,Omega_hat_StateLoad,1732693205,0
dynamic::deepseek-v4-pro-0813-off::all-arms::Omega_hat_StateLoad,deepseek-v4-pro-0813-off::problem-24/post-loop-state,problem-24,sha256:a9bba3e75ac97caf5a230d723fd189724ff0563bea2bef0b001eb7655cd5c948,deepseek-v4-pro-0813-off,post-loop-state,all-arms,dynamic,Omega_hat_StateLoad,1704789888,0
dynamic::deepseek-v4-pro-0813-off::all-arms::Omega_hat_StateLoad,deepseek-v4-pro-0813-off::problem-24/inside-loop-state,problem-24,sha256:c151679cf530cdccea973844a665dbb377147bfda08d781a73e4cebd8e7aa207,deepseek-v4-pro-0813-off,inside-loop-state,all-arms,dynamic,Omega_hat_StateLoad,1456710920,0
dynamic::deepseek-v4-pro-0813-off::all-arms::Omega_hat_StateLoad,deepseek-v4-pro-0813-off::problem-24/short-trace-final,problem-24,sha256:da5e2129ac6eb31efb9c60f4456bf6a53cf0c9c972c82515c6421612ad91b98c,deepseek-v4-pro-0813-off,short-trace-final,all-arms,dynamic,Omega_hat_StateLoad,1011591849,0
dynamic::deepseek-v4-pro-0813-off::all-arms::Omega_hat_StateLoad,deepseek-v4-pro-0813-off::problem-25/inside-loop-state,problem-25,sha256:5e34e564ebcb950511aeb4040311983a4e917c9f539fe9bf740740d04ff82754,deepseek-v4-pro-0813-off,inside-loop-state,all-arms,dynamic,Omega_hat_StateLoad,1450677610,0
dynamic::deepseek-v4-pro-0813-off::all-arms::Omega_hat_StateLoad,deepseek-v4-pro-0813-off::problem-25/post-loop-state,problem-25,sha256:75b110f0259dbaad71e4a3448a19097ec57bdd629d5281f6767d6860812b4c19,deepseek-v4-pro-0813-off,post-loop-state,all-arms,dynamic,Omega_hat_StateLoad,1660597011,0
dynamic::deepseek-v4-pro-0813-off::all-arms::Omega_hat_StateLoad,deepseek-v4-pro-0813-off::problem-25/short-trace-final,problem-25,sha256:a40a9795cb938fde800d3c6170d0c04fa0258cbef4e26485156c279ea570a1c9,deepseek-v4-pro-0813-off,short-trace-final,all-arms,dynamic,Omega_hat_StateLoad,1008410769,0
dynamic::deepseek-v4-pro-0813-off::all-arms::Omega_hat_StateLoad,deepseek-v4-pro-0813-off::problem-25/long-trace-final,problem-25,sha256:ea555a40d3f155ff207893e7327866c923e56b4bcc853fbea3e3ec27d9a3e419,deepseek-v4-pro-0813-off,long-trace-final,all-arms,dynamic,Omega_hat_StateLoad,1688537779,0
dynamic::deepseek-v4-pro-0813-off::all-arms::Omega_hat_StateLoad,deepseek-v4-pro-0813-off::problem-26/post-loop-state,problem-26,sha256:09ad9f965884b1ca88246bf427ed30c073b3774cda0e3f8b1ba5fcb8a52876f0,deepseek-v4-pro-0813-off,post-loop-state,all-arms,dynamic,Omega_hat_StateLoad,1637025804,0
dynamic::deepseek-v4-pro-0813-off::all-arms::Omega_hat_StateLoad,deepseek-v4-pro-0813-off::problem-26/long-trace-final,problem-26,sha256:8a0a9d72ece310a0393e6f8cd6161daa9fc85ca793d8f7a5effe7867b7b3610e,deepseek-v4-pro-0813-off,long-trace-final,all-arms,dynamic,Omega_hat_StateLoad,1664953995,0
dynamic::deepseek-v4-pro-0813-off::all-arms::Omega_hat_StateLoad,deepseek-v4-pro-0813-off::problem-26/short-trace-final,problem-26,sha256:d366caa8929075d65d1d7b7db9700b9131f161a1ac0faff603b289cf7c5bce85,deepseek-v4-pro-0813-off,short-trace-final,all-arms,dynamic,Omega_hat_StateLoad,990893735,0
dynamic::deepseek-v4-pro-0813-off::all-arms::Omega_hat_StateLoad,deepseek-v4-pro-0813-off::problem-26/inside-loop-state,problem-26,sha256:f9a0bdb83416f8938c7ae733c1f802841b3746ef0e2c9c69f4dfcd271e42f429,deepseek-v4-pro-0813-off,inside-loop-state,all-arms,dynamic,Omega_hat_StateLoad,1425493185,0
dynamic::deepseek-v4-pro-0813-off::all-arms::Omega_hat_StateLoad,deepseek-v4-pro-0813-off::problem-27/long-trace-final,problem-27,sha256:1d4d6eaa0d724ed2eabbd6de906e694e29956478548df760cda79767a3d420aa,deepseek-v4-pro-0813-off,long-trace-final,all-arms,dynamic,Omega_hat_StateLoad,1707495177,0
dynamic::deepseek-v4-pro-0813-off::all-arms::Omega_hat_StateLoad,deepseek-v4-pro-0813-off::problem-27/short-trace-final,problem-27,sha256:ac06f4eaa7953cf90f5b0f2b52580f1e113358761701f25264564a9119eed893,deepseek-v4-pro-0813-off,short-trace-final,all-arms,dynamic,Omega_hat_StateLoad,992994367,0
dynamic::deepseek-v4-pro-0813-off::all-arms::Omega_hat_StateLoad,deepseek-v4-pro-0813-off::problem-27/inside-loop-state,problem-27,sha256:e8a7fd6ede3a54a7a6c46ba71aa8095c7036f8a67282fd35936d92bd03911640,deepseek-v4-pro-0813-off,inside-loop-state,all-arms,dynamic,Omega_hat_StateLoad,1466366333,0
dynamic::deepseek-v4-pro-0813-off::all-arms::Omega_hat_StateLoad,deepseek-v4-pro-0813-off::problem-27/post-loop-state,problem-27,sha256:ec560b955bdd3cfdd9c93d7e5e9dec52b80d640de2b6aef03d7e59ab46ae487f,deepseek-v4-pro-0813-off,post-loop-state,all-arms,dynamic,Omega_hat_StateLoad,1679542193,0
dynamic::deepseek-v4-pro-0813-off::all-arms::Omega_hat_StateLoad,deepseek-v4-pro-0813-off::problem-28/inside-loop-state,problem-28,sha256:8e7497c27f25952db2771db8b7d65a445fec890474e0eaf363433912b4448d98,deepseek-v4-pro-0813-off,inside-loop-state,all-arms,dynamic,Omega_hat_StateLoad,1481491890,0
dynamic::deepseek-v4-pro-0813-off::all-arms::Omega_hat_StateLoad,deepseek-v4-pro-0813-off::problem-28/short-trace-final,problem-28,sha256:e48fd34b81d40474be4f17f911d0be54f3f4d0dcb7dcf485fbc4396c61acb108,deepseek-v4-pro-0813-off,short-trace-final,all-arms,dynamic,Omega_hat_StateLoad,1062800798,0
dynamic::deepseek-v4-pro-0813-off::all-arms::Omega_hat_StateLoad,deepseek-v4-pro-0813-off::problem-28/long-trace-final,problem-28,sha256:eac890193eab32fcb83a9b96b1975d2ec0850ff443479a8e9fc22322b0fef1a3,deepseek-v4-pro-0813-off,long-trace-final,all-arms,dynamic,Omega_hat_StateLoad,1810527588,0
dynamic::deepseek-v4-pro-0813-off::all-arms::Omega_hat_StateLoad,deepseek-v4-pro-0813-off::problem-28/post-loop-state,problem-28,sha256:eb32ac1b648907af496e87af77869c7d270abcf1a78e35194aff1abc7aad9814,deepseek-v4-pro-0813-off,post-loop-state,all-arms,dynamic,Omega_hat_StateLoad,1782536347,0
dynamic::deepseek-v4-pro-0813-off::all-arms::Omega_hat_StateLoad,deepseek-v4-pro-0813-off::problem-29/post-loop-state,problem-29,sha256:266a35b82d6b7b97b632edbdec2e61ad18b6191c9dc4722cceec06e6f7cf3e7b,deepseek-v4-pro-0813-off,post-loop-state,all-arms,dynamic,Omega_hat_StateLoad,1758180386,0
dynamic::deepseek-v4-pro-0813-off::all-arms::Omega_hat_StateLoad,deepseek-v4-pro-0813-off::problem-29/short-trace-final,problem-29,sha256:4ecced26b7df8a9b75c98baa33550ead17ba2313bbb605c2d1cb7baa2e29a52e,deepseek-v4-pro-0813-off,short-trace-final,all-arms,dynamic,Omega_hat_StateLoad,1038443888,0
dynamic::deepseek-v4-pro-0813-off::all-arms::Omega_hat_StateLoad,deepseek-v4-pro-0813-off::problem-29/inside-loop-state,problem-29,sha256:6055ac1e5575ce92574c3669a2a3eb367092c36fb132bfce0cca3260851140e2,deepseek-v4-pro-0813-off,inside-loop-state,all-arms,dynamic,Omega_hat_StateLoad,1492855257,0
dynamic::deepseek-v4-pro-0813-off::all-arms::Omega_hat_StateLoad,deepseek-v4-pro-0813-off::problem-29/long-trace-final,problem-29,sha256:dafab6181d512ecf0c71e74b5f580d6000813124811287d4fc852c2b145c4d20,deepseek-v4-pro-0813-off,long-trace-final,all-arms,dynamic,Omega_hat_StateLoad,1786079483,0
dynamic::deepseek-v4-pro-0813-off::all-arms::Omega_hat_StateLoad,deepseek-v4-pro-0813-off::problem-30/inside-loop-state,problem-30,sha256:4956e45be9ac9fea2c36667b16c62bb1d6f435004d42c4e4b3b34a6a2de2fa26,deepseek-v4-pro-0813-off,inside-loop-state,all-arms,dynamic,Omega_hat_StateLoad,1498251777,0
dynamic::deepseek-v4-pro-0813-off::all-arms::Omega_hat_StateLoad,deepseek-v4-pro-0813-off::problem-30/short-trace-final,problem-30,sha256:84ea88c1bf723ea51c2ae8d1c8fe25aa5d3dc5be93e0882e4f0cf0be0e4137bb,deepseek-v4-pro-0813-off,short-trace-final,all-arms,dynamic,Omega_hat_StateLoad,940031874,0
dynamic::deepseek-v4-pro-0813-off::all-arms::Omega_hat_StateLoad,deepseek-v4-pro-0813-off::problem-30/long-trace-final,problem-30,sha256:c2098a098a924cecff89d4a804a7f8d840ecd0538821c278601a32140bcca3f8,deepseek-v4-pro-0813-off,long-trace-final,all-arms,dynamic,Omega_hat_StateLoad,1715866385,0
dynamic::deepseek-v4-pro-0813-off::all-arms::Omega_hat_StateLoad,deepseek-v4-pro-0813-off::problem-30/post-loop-state,problem-30,sha256:e69e021f535c9d0fc24b0101f47f65371d3832409890cf0484859bf2d6e98e0b,deepseek-v4-pro-0813-off,post-loop-state,all-arms,dynamic,Omega_hat_StateLoad,1687925298,0
dynamic::deepseek-v4-pro-0813-off::all-arms::Omega_hat_StateSize,deepseek-v4-pro-0813-off::problem-01/inside-loop-state,problem-01,sha256:0547b42885dc201376fb93765a3c7da6c077a0338c243dcae8c262108a061af1,deepseek-v4-pro-0813-off,inside-loop-state,all-arms,dynamic,Omega_hat_StateSize,3288,0
dynamic::deepseek-v4-pro-0813-off::all-arms::Omega_hat_StateSize,deepseek-v4-pro-0813-off::problem-01/long-trace-final,problem-01,sha256:56d9affe274f136e1933852e8f797cfb86ea3bed95c016b04556b2c4ca152b2c,deepseek-v4-pro-0813-off,long-trace-final,all-arms,dynamic,Omega_hat_StateSize,3287,0
dynamic::deepseek-v4-pro-0813-off::all-arms::Omega_hat_StateSize,deepseek-v4-pro-0813-off::problem-01/short-trace-final,problem-01,sha256:73ad8aafe6d235df156f603343f220d5bf0bf095034c7c09e4647aec6b75183c,deepseek-v4-pro-0813-off,short-trace-final,all-arms,dynamic,Omega_hat_StateSize,3282,0
dynamic::deepseek-v4-pro-0813-off::all-arms::Omega_hat_StateSize,deepseek-v4-pro-0813-off::problem-01/post-loop-state,problem-01,sha256:8c394bb669c6429a6cc8371df442ba1284632f5fd03fcf20b87ec42c6b002666,deepseek-v4-pro-0813-off,post-loop-state,all-arms,dynamic,Omega_hat_StateSize,3287,0
dynamic::deepseek-v4-pro-0813-off::all-arms::Omega_hat_StateSize,deepseek-v4-pro-0813-off::problem-02/long-trace-final,problem-02,sha256:2c6c086992c204f9156a73eca1a86fe4ad8b4777c9b50ca69f44efa3a0ec804d,deepseek-v4-pro-0813-off,long-trace-final,all-arms,dynamic,Omega_hat_StateSize,3300,0
dynamic::deepseek-v4-pro-0813-off::all-arms::Omega_hat_StateSize,deepseek-v4-pro-0813-off::problem-02/inside-loop-state,problem-02,sha256:43ea44d05f37e33633d2f43ad399b115c3066c018f15acef6f477c034fdda927,deepseek-v4-pro-0813-off,inside-loop-state,all-arms,dynamic,Omega_hat_StateSize,3291,0
dynamic::deepseek-v4-pro-0813-off::all-arms::Omega_hat_StateSize,deepseek-v4-pro-0813-off::problem-02/post-loop-state,problem-02,sha256:ba7d1febfb83991899883c292120818d9f29e3dd565ec4a93b6368650d9b3d8b,deepseek-v4-pro-0813-off,post-loop-state,all-arms,dynamic,Omega_hat_StateSize,3300,0
dynamic::deepseek-v4-pro-0813-off::all-arms::Omega_hat_StateSize,deepseek-v4-pro-0813-off::problem-02/short-trace-final,problem-02,sha256:c045cedad0407af52c2d7faa26f00e6fb48605031adc73be301bb6ee469d0a00,deepseek-v4-pro-0813-off,short-trace-final,all-arms,dynamic,Omega_hat_StateSize,3273,0
dynamic::deepseek-v4-pro-0813-off::all-arms::Omega_hat_StateSize,deepseek-v4-pro-0813-off::problem-03/post-loop-state,problem-03,sha256:2acfa20a7ee16e7c373ae0cf23d876f6106fe1856336ee95352a6619b1420010,deepseek-v4-pro-0813-off,post-loop-state,all-arms,dynamic,Omega_hat_StateSize,3293,0
dynamic::deepseek-v4-pro-0813-off::all-arms::Omega_hat_StateSize,deepseek-v4-pro-0813-off::problem-03/inside-loop-state,problem-03,sha256:587d5ad47aee9baac51abb2d6ac720bc8b29f8e6c6f98e2e7066bb6d8bac30a1,deepseek-v4-pro-0813-off,inside-loop-state,all-arms,dynamic,Omega_hat_StateSize,3294,0
dynamic::deepseek-v4-pro-0813-off::all-arms::Omega_hat_StateSize,deepseek-v4-pro-0813-off::problem-03/long-trace-final,problem-03,sha256:5cd8a44109e568c902e2d582d4448650c2d4a64ee9ae4e391cf17a60348468b4,deepseek-v4-pro-0813-off,long-trace-final,all-arms,dynamic,Omega_hat_StateSize,3293,0
dynamic::deepseek-v4-pro-0813-off::all-arms::Omega_hat_StateSize,deepseek-v4-pro-0813-off::problem-03/short-trace-final,problem-03,sha256:de9b7f7e58c8ec2d2f824891cdd79a1b094a45ac4742558225294573439b316d,deepseek-v4-pro-0813-off,short-trace-final,all-arms,dynamic,Omega_hat_StateSize,3245,0
dynamic::deepseek-v4-pro-0813-off::all-arms::Omega_hat_StateSize,deepseek-v4-pro-0813-off::problem-04/short-trace-final,problem-04,sha256:05aae40bc36e0df65171215e791c8e10e79babb0960ce78b876515d48b8accae,deepseek-v4-pro-0813-off,short-trace-final,all-arms,dynamic,Omega_hat_StateSize,3268,0
dynamic::deepseek-v4-pro-0813-off::all-arms::Omega_hat_StateSize,deepseek-v4-pro-0813-off::problem-04/long-trace-final,problem-04,sha256:7ad230089b4b878cee95f70563245eea351dea877118fcf8a597be6bd90d14f5,deepseek-v4-pro-0813-off,long-trace-final,all-arms,dynamic,Omega_hat_StateSize,3282,0
dynamic::deepseek-v4-pro-0813-off::all-arms::Omega_hat_StateSize,deepseek-v4-pro-0813-off::problem-04/post-loop-state,problem-04,sha256:94ab1f7d2732d7ff5cef895f5b77e7fd081702b993a6eb7d3d5c505592cefb21,deepseek-v4-pro-0813-off,post-loop-state,all-arms,dynamic,Omega_hat_StateSize,3282,0
dynamic::deepseek-v4-pro-0813-off::all-arms::Omega_hat_StateSize,deepseek-v4-pro-0813-off::problem-04/inside-loop-state,problem-04,sha256:9aaa594325de39aafc50a9d96c539f0c1166bd50a8eff8c49c14c84270c4ff59,deepseek-v4-pro-0813-off,inside-loop-state,all-arms,dynamic,Omega_hat_StateSize,3283,0
dynamic::deepseek-v4-pro-0813-off::all-arms::Omega_hat_StateSize,deepseek-v4-pro-0813-off::problem-05/post-loop-state,problem-05,sha256:0f684ff85de199f8f7c7ffc32375f9b9e62fa5827fcecce50fb5d60bca08e280,deepseek-v4-pro-0813-off,post-loop-state,all-arms,dynamic,Omega_hat_StateSize,3292,0
dynamic::deepseek-v4-pro-0813-off::all-arms::Omega_hat_StateSize,deepseek-v4-pro-0813-off::problem-05/long-trace-final,problem-05,sha256:5a4822c8f4e084302eeecb07be76313448d56e02db866843273cfa2a79ca9b73,deepseek-v4-pro-0813-off,long-trace-final,all-arms,dynamic,Omega_hat_StateSize,3292,0
dynamic::deepseek-v4-pro-0813-off::all-arms::Omega_hat_StateSize,deepseek-v4-pro-0813-off::problem-05/short-trace-final,problem-05,sha256:9f6345f351d6266c0c09238729ff08378ce70e23ac0267c2e41f067733d6f579,deepseek-v4-pro-0813-off,short-trace-final,all-arms,dynamic,Omega_hat_StateSize,3261,0
dynamic::deepseek-v4-pro-0813-off::all-arms::Omega_hat_StateSize,deepseek-v4-pro-0813-off::problem-05/inside-loop-state,problem-05,sha256:e22303dc39b5dd7a5cac47da11bd364b0897fb8d8d9099162d7706552f9fa372,deepseek-v4-pro-0813-off,inside-loop-state,all-arms,dynamic,Omega_hat_StateSize,3293,0
dynamic::deepseek-v4-pro-0813-off::all-arms::Omega_hat_StateSize,deepseek-v4-pro-0813-off::problem-06/long-trace-final,problem-06,sha256:061a7cf51e116aa318d53740cdc4d580b6c9767f126c91061a484987b96cd0c7,deepseek-v4-pro-0813-off,long-trace-final,all-arms,dynamic,Omega_hat_StateSize,3288,0
dynamic::deepseek-v4-pro-0813-off::all-arms::Omega_hat_StateSize,deepseek-v4-pro-0813-off::problem-06/post-loop-state,problem-06,sha256:2c10823e77f28c1bd27318dfe6f1918fbe52e06174725d89f5e5d33bd0bd5510,deepseek-v4-pro-0813-off,post-loop-state,all-arms,dynamic,Omega_hat_StateSize,3288,0
dynamic::deepseek-v4-pro-0813-off::all-arms::Omega_hat_StateSize,deepseek-v4-pro-0813-off::problem-06/short-trace-final,problem-06,sha256:6a88d2c05b775fcb748a8354a26e9d76a3a40fbeb4478fdc3ede8d3a216d580f,deepseek-v4-pro-0813-off,short-trace-final,all-arms,dynamic,Omega_hat_StateSize,3267,0
dynamic::deepseek-v4-pro-0813-off::all-arms::Omega_hat_StateSize,deepseek-v4-pro-0813-off::problem-06/inside-loop-state,problem-06,sha256:cd00c1a7e81437959f3f7ae75d1cd3869cff5bb6980eec8d78e39979ad3c2a27,deepseek-v4-pro-0813-off,inside-loop-state,all-arms,dynamic,Omega_hat_StateSize,3289,0
dynamic::deepseek-v4-pro-0813-off::all-arms::Omega_hat_StateSize,deepseek-v4-pro-0813-off::problem-07/long-trace-final,problem-07,sha256:0038af217dac3eb4ec50de238581737dacd10f0887c0b2b7bf8c89208e6efac5,deepseek-v4-pro-0813-off,long-trace-final,all-arms,dynamic,Omega_hat_StateSize,3300,0
dynamic::deepseek-v4-pro-0813-off::all-arms::Omega_hat_StateSize,deepseek-v4-pro-0813-off::problem-07/inside-loop-state,problem-07,sha256:3f021ab7fd773d4b5707b65f0ddba29e4e2f31918c7ad194865bdfdb2cc2fc23,deepseek-v4-pro-0813-off,inside-loop-state,all-arms,dynamic,Omega_hat_StateSize,3301,0
dynamic::deepseek-v4-pro-0813-off::all-arms::Omega_hat_StateSize,deepseek-v4-pro-0813-off::problem-07/post-loop-state,problem-07,sha256:9e457d18bfaac327399393fdb975773303e803b2fd677d4bd2e6b7cd4ddc624c,deepseek-v4-pro-0813-off,post-loop-state,all-arms,dynamic,Omega_hat_StateSize,3300,0
dynamic::deepseek-v4-pro-0813-off::all-arms::Omega_hat_StateSize,deepseek-v4-pro-0813-off::problem-07/short-trace-final,problem-07,sha256:a804134b8daa3d73abbebef8e0e40694e39211ed7153b6ad7591756fe33cd167,deepseek-v4-pro-0813-off,short-trace-final,all-arms,dynamic,Omega_hat_StateSize,3281,0
dynamic::deepseek-v4-pro-0813-off::all-arms::Omega_hat_StateSize,deepseek-v4-pro-0813-off::problem-08/inside-loop-state,problem-08,sha256:7064354a09226b66ebb7194c3454eab73c7a5d95fb26e79e1817e12584f3f310,deepseek-v4-pro-0813-off,inside-loop-state,all-arms,dynamic,Omega_hat_StateSize,3284,0
dynamic::deepseek-v4-pro-0813-off::all-arms::Omega_hat_StateSize,deepseek-v4-pro-0813-off::problem-08/short-trace-final,problem-08,sha256:a7da9f82ea01769a6b8a112317eee4c6cc1f6de1fd6fdd14a5537d4ac9c80a0f,deepseek-v4-pro-0813-off,short-trace-final,all-arms,dynamic,Omega_hat_StateSize,3272,0
dynamic::deepseek-v4-pro-0813-off::all-arms::Omega_hat_StateSize,deepseek-v4-pro-0813-off::problem-08/post-loop-state,problem-08,sha256:e32673ca942baf21e1de8014e35df297a78a6d254c419164d155a8af936e67b4,deepseek-v4-pro-0813-off,post-loop-state,all-arms,dynamic,Omega_hat_StateSize,3289,0
dynamic::deepseek-v4-pro-0813-off::all-arms::Omega_hat_StateSize,deepseek-v4-pro-0813-off::problem-08/long-trace-final,problem-08,sha256:f4f4c04290dfd1722493e9d5e7c6c040d58b8f4f1f2ea1ffd0972f45a5893717,deepseek-v4-pro-0813-off,long-trace-final,all-arms,dynamic,Omega_hat_StateSize,3289,0
dynamic::deepseek-v4-pro-0813-off::all-arms::Omega_hat_StateSize,deepseek-v4-pro-0813-off::problem-09/short-trace-final,problem-09,sha256:1f2e9f2d169b17ceb6021bac59f884fc4c71697048d44bcde003919a30c6bc01,deepseek-v4-pro-0813-off,short-trace-final,all-arms,dynamic,Omega_hat_StateSize,3267,0
dynamic::deepseek-v4-pro-0813-off::all-arms::Omega_hat_StateSize,deepseek-v4-pro-0813-off::problem-09/inside-loop-state,problem-09,sha256:221039cb3147683b097b9a9e97cbc35a8b09ba4e290f73be9b1bca308fd93ce3,deepseek-v4-pro-0813-off,inside-loop-state,all-arms,dynamic,Omega_hat_StateSize,3286,0
dynamic::deepseek-v4-pro-0813-off::all-arms::Omega_hat_StateSize,deepseek-v4-pro-0813-off::problem-09/post-loop-state,problem-09,sha256:2c9d501dc7cc0a1d91e2d7340569ca0ba384bdb40034069641418df06a065b02,deepseek-v4-pro-0813-off,post-loop-state,all-arms,dynamic,Omega_hat_StateSize,3285,0
dynamic::deepseek-v4-pro-0813-off::all-arms::Omega_hat_StateSize,deepseek-v4-pro-0813-off::problem-09/long-trace-final,problem-09,sha256:d5594fe452f9751f9e5a7096c8f016b17a3d1be5849b3882dd8846f268197c8d,deepseek-v4-pro-0813-off,long-trace-final,all-arms,dynamic,Omega_hat_StateSize,3285,0
dynamic::deepseek-v4-pro-0813-off::all-arms::Omega_hat_StateSize,deepseek-v4-pro-0813-off::problem-10/inside-loop-state,problem-10,sha256:4bfd0a8e336edf6d47adfddd74897b9784181700d614c66dab4d21903a7797cb,deepseek-v4-pro-0813-off,inside-loop-state,all-arms,dynamic,Omega_hat_StateSize,3278,0
dynamic::deepseek-v4-pro-0813-off::all-arms::Omega_hat_StateSize,deepseek-v4-pro-0813-off::problem-10/short-trace-final,problem-10,sha256:68a7353ba44980aa7c94507c7d2506366b7e1a6d3a9840cec0ba3fd243bb86ef,deepseek-v4-pro-0813-off,short-trace-final,all-arms,dynamic,Omega_hat_StateSize,3276,0
dynamic::deepseek-v4-pro-0813-off::all-arms::Omega_hat_StateSize,deepseek-v4-pro-0813-off::problem-10/post-loop-state,problem-10,sha256:6d34f6c50beb59b579b867aa64417c1f8e212aca0c7dba85a4f8d73ad6395e15,deepseek-v4-pro-0813-off,post-loop-state,all-arms,dynamic,Omega_hat_StateSize,3277,0
dynamic::deepseek-v4-pro-0813-off::all-arms::Omega_hat_StateSize,deepseek-v4-pro-0813-off::problem-10/long-trace-final,problem-10,sha256:b9350571c682c8ce1a385a3827b09b6195b6b0de80c103fe5638970bd0396907,deepseek-v4-pro-0813-off,long-trace-final,all-arms,dynamic,Omega_hat_StateSize,3277,0
dynamic::deepseek-v4-pro-0813-off::all-arms::Omega_hat_StateSize,deepseek-v4-pro-0813-off::problem-11/short-trace-final,problem-11,sha256:26270b738997e89a812774051cc9205ec744eed12d5397ba27730fd1f3616545,deepseek-v4-pro-0813-off,short-trace-final,all-arms,dynamic,Omega_hat_StateSize,6085,0
dynamic::deepseek-v4-pro-0813-off::all-arms::Omega_hat_StateSize,deepseek-v4-pro-0813-off::problem-11/long-trace-final,problem-11,sha256:37449d8e8c91c57d5e2c5704a43fc22c0bd0599b769db5d859947f119c59900a,deepseek-v4-pro-0813-off,long-trace-final,all-arms,dynamic,Omega_hat_StateSize,6107,0
dynamic::deepseek-v4-pro-0813-off::all-arms::Omega_hat_StateSize,deepseek-v4-pro-0813-off::problem-11/post-loop-state,problem-11,sha256:89cf19a5769900427442f00c16f675ef52b8c60cb6f502a5e54dafd29cbaa7b3,deepseek-v4-pro-0813-off,post-loop-state,all-arms,dynamic,Omega_hat_StateSize,6107,0
dynamic::deepseek-v4-pro-0813-off::all-arms::Omega_hat_StateSize,deepseek-v4-pro-0813-off::problem-11/inside-loop-state,problem-11,sha256:9e616055a8b294cc727870ca9d00854bfd4625609bfaf8f7f208f2affda4e187,deepseek-v4-pro-0813-off,inside-loop-state,all-arms,dynamic,Omega_hat_StateSize,6108,0
dynamic::deepseek-v4-pro-0813-off::all-arms::Omega_hat_StateSize,deepseek-v4-pro-0813-off::problem-12/inside-loop-state,problem-12,sha256:7b5df0851254363517f3ded42cf7a385fa51a85dd64743e6e008669e0faf5b82,deepseek-v4-pro-0813-off,inside-loop-state,all-arms,dynamic,Omega_hat_StateSize,6111,0
dynamic::deepseek-v4-pro-0813-off::all-arms::Omega_hat_StateSize,deepseek-v4-pro-0813-off::problem-12/short-trace-final,problem-12,sha256:85aa9c8d83f90f5ce7ad3cbf050a51a8d8f6994499cd2159cb23a7ea82b1849e,deepseek-v4-pro-0813-off,short-trace-final,all-arms,dynamic,Omega_hat_StateSize,6074,0
dynamic::deepseek-v4-pro-0813-off::all-arms::Omega_hat_StateSize,deepseek-v4-pro-0813-off::problem-12/post-loop-state,problem-12,sha256:958460d7ecf7621b9ecf5669fda846e1d9c0a7b4b399190aeed32c7df8b0699e,deepseek-v4-pro-0813-off,post-loop-state,all-arms,dynamic,Omega_hat_StateSize,6110,0
dynamic::deepseek-v4-pro-0813-off::all-arms::Omega_hat_StateSize,deepseek-v4-pro-0813-off::problem-12/long-trace-final,problem-12,sha256:bbf72f7493684d660693adfc81bbd175088f4b46afda09d4b298512c72508c1b,deepseek-v4-pro-0813-off,long-trace-final,all-arms,dynamic,Omega_hat_StateSize,6110,0
dynamic::deepseek-v4-pro-0813-off::all-arms::Omega_hat_StateSize,deepseek-v4-pro-0813-off::problem-13/inside-loop-state,problem-13,sha256:2b247ce5916acd9195152fced59de2ae563f4cbdd37bfd795074e5f2ec115251,deepseek-v4-pro-0813-off,inside-loop-state,all-arms,dynamic,Omega_hat_StateSize,6110,0
dynamic::deepseek-v4-pro-0813-off::all-arms::Omega_hat_StateSize,deepseek-v4-pro-0813-off::problem-13/post-loop-state,problem-13,sha256:5c4433c9aa1b024d200559d67bbc7d578a21c39d10fb03ce2c6a5caae255993f,deepseek-v4-pro-0813-off,post-loop-state,all-arms,dynamic,Omega_hat_StateSize,6117,0
dynamic::deepseek-v4-pro-0813-off::all-arms::Omega_hat_StateSize,deepseek-v4-pro-0813-off::problem-13/short-trace-final,problem-13,sha256:eccc604db1d5cc06fe2c28b2456d93ecb100590e01fd6ce576ad76161a08aada,deepseek-v4-pro-0813-off,short-trace-final,all-arms,dynamic,Omega_hat_StateSize,6091,0
dynamic::deepseek-v4-pro-0813-off::all-arms::Omega_hat_StateSize,deepseek-v4-pro-0813-off::problem-13/long-trace-final,problem-13,sha256:fc03a1fd966e3a60af4264cb997a959b0d3d39ccb2cc7f6636f0659db36c1fcf,deepseek-v4-pro-0813-off,long-trace-final,all-arms,dynamic,Omega_hat_StateSize,6117,0
dynamic::deepseek-v4-pro-0813-off::all-arms::Omega_hat_StateSize,deepseek-v4-pro-0813-off::problem-14/short-trace-final,problem-14,sha256:929856d52b4d3a50a8d477f065732fc3ff381b1ec26dfd9672f1bb3e81b9112e,deepseek-v4-pro-0813-off,short-trace-final,all-arms,dynamic,Omega_hat_StateSize,6098,0
dynamic::deepseek-v4-pro-0813-off::all-arms::Omega_hat_StateSize,deepseek-v4-pro-0813-off::problem-14/post-loop-state,problem-14,sha256:a428733484eb9e4568dc0f1944310d728394aa7a5f597f21fad8a5f17c349a92,deepseek-v4-pro-0813-off,post-loop-state,all-arms,dynamic,Omega_hat_StateSize,6116,0
dynamic::deepseek-v4-pro-0813-off::all-arms::Omega_hat_StateSize,deepseek-v4-pro-0813-off::problem-14/inside-loop-state,problem-14,sha256:b92de04f170b8d7777731ffc17b0ef112672dde69764b2e2b4544f1cbbfd2775,deepseek-v4-pro-0813-off,inside-loop-state,all-arms,dynamic,Omega_hat_StateSize,6117,0
dynamic::deepseek-v4-pro-0813-off::all-arms::Omega_hat_StateSize,deepseek-v4-pro-0813-off::problem-14/long-trace-final,problem-14,sha256:e692c2f7963ddc6244570169d2564497fe9f12ef39e36f0f4f9f973b508f3616,deepseek-v4-pro-0813-off,long-trace-final,all-arms,dynamic,Omega_hat_StateSize,6116,0
dynamic::deepseek-v4-pro-0813-off::all-arms::Omega_hat_StateSize,deepseek-v4-pro-0813-off::problem-15/post-loop-state,problem-15,sha256:12301c45635de868f2a4e921222d940fcf33c2f6205d05fc21454266cfbc3061,deepseek-v4-pro-0813-off,post-loop-state,all-arms,dynamic,Omega_hat_StateSize,6094,0
dynamic::deepseek-v4-pro-0813-off::all-arms::Omega_hat_StateSize,deepseek-v4-pro-0813-off::problem-15/inside-loop-state,problem-15,sha256:50e103eb8654ee1640e95f86191fb481f0e07e0bd366e6b5ce47d20c0a200912,deepseek-v4-pro-0813-off,inside-loop-state,all-arms,dynamic,Omega_hat_StateSize,6089,0
dynamic::deepseek-v4-pro-0813-off::all-arms::Omega_hat_StateSize,deepseek-v4-pro-0813-off::problem-15/short-trace-final,problem-15,sha256:649f09230fe16bc947760c4387cd544c37fec8d49083a073371770fa5ae3e1d1,deepseek-v4-pro-0813-off,short-trace-final,all-arms,dynamic,Omega_hat_StateSize,6087,0
dynamic::deepseek-v4-pro-0813-off::all-arms::Omega_hat_StateSize,deepseek-v4-pro-0813-off::problem-15/long-trace-final,problem-15,sha256:8ab718d447d5782861bfa1a8a089a1b4a55c3c55b6ead5ff4abb068409ec1b6b,deepseek-v4-pro-0813-off,long-trace-final,all-arms,dynamic,Omega_hat_StateSize,6094,0
dynamic::deepseek-v4-pro-0813-off::all-arms::Omega_hat_StateSize,deepseek-v4-pro-0813-off::problem-16/short-trace-final,problem-16,sha256:64670fb8a7f19547ad0b0c7647c368cf26d355b1d2e0bedbf884079ff09d87fb,deepseek-v4-pro-0813-off,short-trace-final,all-arms,dynamic,Omega_hat_StateSize,6083,0
dynamic::deepseek-v4-pro-0813-off::all-arms::Omega_hat_StateSize,deepseek-v4-pro-0813-off::problem-16/post-loop-state,problem-16,sha256:8368e978d24c4b3ea18f7eb2ea99706b1e5473aa07f13c4bb3fe6fe619fee763,deepseek-v4-pro-0813-off,post-loop-state,all-arms,dynamic,Omega_hat_StateSize,6095,0
dynamic::deepseek-v4-pro-0813-off::all-arms::Omega_hat_StateSize,deepseek-v4-pro-0813-off::problem-16/long-trace-final,problem-16,sha256:a01be6f53c51de04e80ef9a1b56b33bd854ea547c3ab8fbf01dd1719b64424e2,deepseek-v4-pro-0813-off,long-trace-final,all-arms,dynamic,Omega_hat_StateSize,6095,0
dynamic::deepseek-v4-pro-0813-off::all-arms::Omega_hat_StateSize,deepseek-v4-pro-0813-off::problem-16/inside-loop-state,problem-16,sha256:e785fbb7c44714837a925d69b7a0b7764633037949cf8e2d8eee2ac7af673285,deepseek-v4-pro-0813-off,inside-loop-state,all-arms,dynamic,Omega_hat_StateSize,6096,0
dynamic::deepseek-v4-pro-0813-off::all-arms::Omega_hat_StateSize,deepseek-v4-pro-0813-off::problem-17/short-trace-final,problem-17,sha256:23bfd7217d9ba652a3156953e53db1b393d9093de1553e00151f9992835a6c12,deepseek-v4-pro-0813-off,short-trace-final,all-arms,dynamic,Omega_hat_StateSize,6090,0
dynamic::deepseek-v4-pro-0813-off::all-arms::Omega_hat_StateSize,deepseek-v4-pro-0813-off::problem-17/post-loop-state,problem-17,sha256:a71207cf0c9322ded7b4ad736d0eb7fe58ca15c45d6aad6ed8aa8f7de3eda7b2,deepseek-v4-pro-0813-off,post-loop-state,all-arms,dynamic,Omega_hat_StateSize,6105,0
dynamic::deepseek-v4-pro-0813-off::all-arms::Omega_hat_StateSize,deepseek-v4-pro-0813-off::problem-17/long-trace-final,problem-17,sha256:c1d6591d0bf5a1829058e47370a9ecca6ddf09033379e65669b82b28603cf1e2,deepseek-v4-pro-0813-off,long-trace-final,all-arms,dynamic,Omega_hat_StateSize,6105,0
dynamic::deepseek-v4-pro-0813-off::all-arms::Omega_hat_StateSize,deepseek-v4-pro-0813-off::problem-17/inside-loop-state,problem-17,sha256:ffbe22e9b9ecc46324d4d5b73a4a9fb9116281954ab9775b607d59ad2563ff75,deepseek-v4-pro-0813-off,inside-loop-state,all-arms,dynamic,Omega_hat_StateSize,6106,0
dynamic::deepseek-v4-pro-0813-off::all-arms::Omega_hat_StateSize,deepseek-v4-pro-0813-off::problem-18/long-trace-final,problem-18,sha256:3e1043702949a2334ffeb4aae795b5838059d006655a0bbf6798f0b6adeb085f,deepseek-v4-pro-0813-off,long-trace-final,all-arms,dynamic,Omega_hat_StateSize,6098,0
dynamic::deepseek-v4-pro-0813-off::all-arms::Omega_hat_StateSize,deepseek-v4-pro-0813-off::problem-18/short-trace-final,problem-18,sha256:55ce2dca47dbe112e5ff867e7e8bfbd2311a4010bf0497e1f33d5e2d3b6b309d,deepseek-v4-pro-0813-off,short-trace-final,all-arms,dynamic,Omega_hat_StateSize,6069,0
dynamic::deepseek-v4-pro-0813-off::all-arms::Omega_hat_StateSize,deepseek-v4-pro-0813-off::problem-18/inside-loop-state,problem-18,sha256:d9fde9c0b10033b45350be818f38a02f7530deefc277daf7ca51e91be628bf0d,deepseek-v4-pro-0813-off,inside-loop-state,all-arms,dynamic,Omega_hat_StateSize,6099,0
dynamic::deepseek-v4-pro-0813-off::all-arms::Omega_hat_StateSize,deepseek-v4-pro-0813-off::problem-18/post-loop-state,problem-18,sha256:ec5ffe88fa32f58a281e2a9be9970228c8f780ce294441e0d8ca083c44ab7cb9,deepseek-v4-pro-0813-off,post-loop-state,all-arms,dynamic,Omega_hat_StateSize,6098,0
dynamic::deepseek-v4-pro-0813-off::all-arms::Omega_hat_StateSize,deepseek-v4-pro-0813-off::problem-19/long-trace-final,problem-19,sha256:48814bea3c8f1e5cd1614a147556846e339503cb69e0803c858796e6f058c6eb,deepseek-v4-pro-0813-off,long-trace-final,all-arms,dynamic,Omega_hat_StateSize,6117,0
dynamic::deepseek-v4-pro-0813-off::all-arms::Omega_hat_StateSize,deepseek-v4-pro-0813-off::problem-19/post-loop-state,problem-19,sha256:67005c3e5fba330dd029ce911161dd9d7c281181ffdda26a6c04f791843ce5b0,deepseek-v4-pro-0813-off,post-loop-state,all-arms,dynamic,Omega_hat_StateSize,6117,0
dynamic::deepseek-v4-pro-0813-off::all-arms::Omega_hat_StateSize,deepseek-v4-pro-0813-off::problem-19/inside-loop-state,problem-19,sha256:7c4063bd0e506396a919ac229901d3779224482c2f0a86685fac407a77181b08,deepseek-v4-pro-0813-off,inside-loop-state,all-arms,dynamic,Omega_hat_StateSize,6118,0
dynamic::deepseek-v4-pro-0813-off::all-arms::Omega_hat_StateSize,deepseek-v4-pro-0813-off::problem-19/short-trace-final,problem-19,sha256:e573b78b30a2d6877c5e647ea6ef1ebbe778918dafdef3ce3ca1ef425adf4aae,deepseek-v4-pro-0813-off,short-trace-final,all-arms,dynamic,Omega_hat_StateSize,6101,0
dynamic::deepseek-v4-pro-0813-off::all-arms::Omega_hat_StateSize,deepseek-v4-pro-0813-off::problem-20/post-loop-state,problem-20,sha256:18ed8611483fb7761108ab3d6d83b912b08a4b16125c798ed34fc0e54d1d0305,deepseek-v4-pro-0813-off,post-loop-state,all-arms,dynamic,Omega_hat_StateSize,6094,0
dynamic::deepseek-v4-pro-0813-off::all-arms::Omega_hat_StateSize,deepseek-v4-pro-0813-off::problem-20/short-trace-final,problem-20,sha256:9e0c8296a9f0717b3ada2dc70705058a39ba1d561df45643b9a79d3f62c7ee4f,deepseek-v4-pro-0813-off,short-trace-final,all-arms,dynamic,Omega_hat_StateSize,6060,0
dynamic::deepseek-v4-pro-0813-off::all-arms::Omega_hat_StateSize,deepseek-v4-pro-0813-off::problem-20/inside-loop-state,problem-20,sha256:bd5bcbf1a9fbe0d7ec617f2eb09018adffc1493412d300f645de5abb9bb358e1,deepseek-v4-pro-0813-off,inside-loop-state,all-arms,dynamic,Omega_hat_StateSize,6095,0
dynamic::deepseek-v4-pro-0813-off::all-arms::Omega_hat_StateSize,deepseek-v4-pro-0813-off::problem-20/long-trace-final,problem-20,sha256:cfdd0f3fcdabe8556447869245ebb13768cf9520d32294331ed86a2fcdda934e,deepseek-v4-pro-0813-off,long-trace-final,all-arms,dynamic,Omega_hat_StateSize,6094,0
dynamic::deepseek-v4-pro-0813-off::all-arms::Omega_hat_StateSize,deepseek-v4-pro-0813-off::problem-21/inside-loop-state,problem-21,sha256:6b893d1fe6186f33bb87627c625c620c60c23d16b1eb380e5428287d7bcd173b,deepseek-v4-pro-0813-off,inside-loop-state,all-arms,dynamic,Omega_hat_StateSize,10756,0
dynamic::deepseek-v4-pro-0813-off::all-arms::Omega_hat_StateSize,deepseek-v4-pro-0813-off::problem-21/long-trace-final,problem-21,sha256:abae68d8201478b8273623d6f31c7f95f798e23c59176c1c030258097c23bc2a,deepseek-v4-pro-0813-off,long-trace-final,all-arms,dynamic,Omega_hat_StateSize,10755,0
dynamic::deepseek-v4-pro-0813-off::all-arms::Omega_hat_StateSize,deepseek-v4-pro-0813-off::problem-21/post-loop-state,problem-21,sha256:b1ba4c145bc3491180d71e43456f0de195530e4eda327d97e480319644d54468,deepseek-v4-pro-0813-off,post-loop-state,all-arms,dynamic,Omega_hat_StateSize,10755,0
dynamic::deepseek-v4-pro-0813-off::all-arms::Omega_hat_StateSize,deepseek-v4-pro-0813-off::problem-21/short-trace-final,problem-21,sha256:c08e9d12f0c628db74c80e296b9aeaa44f2ff442479546e4521c875bc621edcf,deepseek-v4-pro-0813-off,short-trace-final,all-arms,dynamic,Omega_hat_StateSize,10740,0
dynamic::deepseek-v4-pro-0813-off::all-arms::Omega_hat_StateSize,deepseek-v4-pro-0813-off::problem-22/post-loop-state,problem-22,sha256:642b405db89f31906ffda3368213a2dea48b194489eef14859eba92a495738dc,deepseek-v4-pro-0813-off,post-loop-state,all-arms,dynamic,Omega_hat_StateSize,10733,0
dynamic::deepseek-v4-pro-0813-off::all-arms::Omega_hat_StateSize,deepseek-v4-pro-0813-off::problem-22/inside-loop-state,problem-22,sha256:895a3e331a4a70e78f11ec4c30afb51f9695d33bfe2745487c604118a27dc196,deepseek-v4-pro-0813-off,inside-loop-state,all-arms,dynamic,Omega_hat_StateSize,10734,0
dynamic::deepseek-v4-pro-0813-off::all-arms::Omega_hat_StateSize,deepseek-v4-pro-0813-off::problem-22/short-trace-final,problem-22,sha256:bdfb4ea940fcc763a5c0367908bb8a2418611ecbf44f222ddd6008ab05066e5a,deepseek-v4-pro-0813-off,short-trace-final,all-arms,dynamic,Omega_hat_StateSize,10754,0
dynamic::deepseek-v4-pro-0813-off::all-arms::Omega_hat_StateSize,deepseek-v4-pro-0813-off::problem-22/long-trace-final,problem-22,sha256:d095f6706999a481b592168652c7c699ef339254946149818a5f8ab337c7f262,deepseek-v4-pro-0813-off,long-trace-final,all-arms,dynamic,Omega_hat_StateSize,10733,0
dynamic::deepseek-v4-pro-0813-off::all-arms::Omega_hat_StateSize,deepseek-v4-pro-0813-off::problem-23/long-trace-final,problem-23,sha256:1245ebbf69a81bcb8f23d1a367d4077c7ff732cf2ca37e553c4ad80d11a1687e,deepseek-v4-pro-0813-off,long-trace-final,all-arms,dynamic,Omega_hat_StateSize,10754,0
dynamic::deepseek-v4-pro-0813-off::all-arms::Omega_hat_StateSize,deepseek-v4-pro-0813-off::problem-23/short-trace-final,problem-23,sha256:78febcc2681676995da118209adc295d1c6f8449ddc2f697eff5823e74d2c92b,deepseek-v4-pro-0813-off,short-trace-final,all-arms,dynamic,Omega_hat_StateSize,10740,0
dynamic::deepseek-v4-pro-0813-off::all-arms::Omega_hat_StateSize,deepseek-v4-pro-0813-off::problem-23/inside-loop-state,problem-23,sha256:c5b04d442721c6e23d53ded804f222ca9bc2bd35cb825d975482627fa2f68eb8,deepseek-v4-pro-0813-off,inside-loop-state,all-arms,dynamic,Omega_hat_StateSize,10755,0
dynamic::deepseek-v4-pro-0813-off::all-arms::Omega_hat_StateSize,deepseek-v4-pro-0813-off::problem-23/post-loop-state,problem-23,sha256:f422207380b27c4b9c9e1403517b42b55f6342cd02514f3d18cff14a6eaf23b9,deepseek-v4-pro-0813-off,post-loop-state,all-arms,dynamic,Omega_hat_StateSize,10754,0
dynamic::deepseek-v4-pro-0813-off::all-arms::Omega_hat_StateSize,deepseek-v4-pro-0813-off::problem-24/long-trace-final,problem-24,sha256:312cb1244299d8ea29ce3be52759a05aaf6f571f4cabdb8de4cdfefc53c21127,deepseek-v4-pro-0813-off,long-trace-final,all-arms,dynamic,Omega_hat_StateSize,10750,0
dynamic::deepseek-v4-pro-0813-off::all-arms::Omega_hat_StateSize,deepseek-v4-pro-0813-off::problem-24/post-loop-state,problem-24,sha256:a9bba3e75ac97caf5a230d723fd189724ff0563bea2bef0b001eb7655cd5c948,deepseek-v4-pro-0813-off,post-loop-state,all-arms,dynamic,Omega_hat_StateSize,10750,0
dynamic::deepseek-v4-pro-0813-off::all-arms::Omega_hat_StateSize,deepseek-v4-pro-0813-off::problem-24/inside-loop-state,problem-24,sha256:c151679cf530cdccea973844a665dbb377147bfda08d781a73e4cebd8e7aa207,deepseek-v4-pro-0813-off,inside-loop-state,all-arms,dynamic,Omega_hat_StateSize,10751,0
dynamic::deepseek-v4-pro-0813-off::all-arms::Omega_hat_StateSize,deepseek-v4-pro-0813-off::problem-24/short-trace-final,problem-24,sha256:da5e2129ac6eb31efb9c60f4456bf6a53cf0c9c972c82515c6421612ad91b98c,deepseek-v4-pro-0813-off,short-trace-final,all-arms,dynamic,Omega_hat_StateSize,10731,0
dynamic::deepseek-v4-pro-0813-off::all-arms::Omega_hat_StateSize,deepseek-v4-pro-0813-off::problem-25/inside-loop-state,problem-25,sha256:5e34e564ebcb950511aeb4040311983a4e917c9f539fe9bf740740d04ff82754,deepseek-v4-pro-0813-off,inside-loop-state,all-arms,dynamic,Omega_hat_StateSize,10772,0
dynamic::deepseek-v4-pro-0813-off::all-arms::Omega_hat_StateSize,deepseek-v4-pro-0813-off::problem-25/post-loop-state,problem-25,sha256:75b110f0259dbaad71e4a3448a19097ec57bdd629d5281f6767d6860812b4c19,deepseek-v4-pro-0813-off,post-loop-state,all-arms,dynamic,Omega_hat_StateSize,10771,0
dynamic::deepseek-v4-pro-0813-off::all-arms::Omega_hat_StateSize,deepseek-v4-pro-0813-off::problem-25/short-trace-final,problem-25,sha256:a40a9795cb938fde800d3c6170d0c04fa0258cbef4e26485156c279ea570a1c9,deepseek-v4-pro-0813-off,short-trace-final,all-arms,dynamic,Omega_hat_StateSize,10738,0
dynamic::deepseek-v4-pro-0813-off::all-arms::Omega_hat_StateSize,deepseek-v4-pro-0813-off::problem-25/long-trace-final,problem-25,sha256:ea555a40d3f155ff207893e7327866c923e56b4bcc853fbea3e3ec27d9a3e419,deepseek-v4-pro-0813-off,long-trace-final,all-arms,dynamic,Omega_hat_StateSize,10771,0
dynamic::deepseek-v4-pro-0813-off::all-arms::Omega_hat_StateSize,deepseek-v4-pro-0813-off::problem-26/post-loop-state,problem-26,sha256:09ad9f965884b1ca88246bf427ed30c073b3774cda0e3f8b1ba5fcb8a52876f0,deepseek-v4-pro-0813-off,post-loop-state,all-arms,dynamic,Omega_hat_StateSize,10746,0
dynamic::deepseek-v4-pro-0813-off::all-arms::Omega_hat_StateSize,deepseek-v4-pro-0813-off::problem-26/long-trace-final,problem-26,sha256:8a0a9d72ece310a0393e6f8cd6161daa9fc85ca793d8f7a5effe7867b7b3610e,deepseek-v4-pro-0813-off,long-trace-final,all-arms,dynamic,Omega_hat_StateSize,10746,0
dynamic::deepseek-v4-pro-0813-off::all-arms::Omega_hat_StateSize,deepseek-v4-pro-0813-off::problem-26/short-trace-final,problem-26,sha256:d366caa8929075d65d1d7b7db9700b9131f161a1ac0faff603b289cf7c5bce85,deepseek-v4-pro-0813-off,short-trace-final,all-arms,dynamic,Omega_hat_StateSize,10741,0
dynamic::deepseek-v4-pro-0813-off::all-arms::Omega_hat_StateSize,deepseek-v4-pro-0813-off::problem-26/inside-loop-state,problem-26,sha256:f9a0bdb83416f8938c7ae733c1f802841b3746ef0e2c9c69f4dfcd271e42f429,deepseek-v4-pro-0813-off,inside-loop-state,all-arms,dynamic,Omega_hat_StateSize,10747,0
dynamic::deepseek-v4-pro-0813-off::all-arms::Omega_hat_StateSize,deepseek-v4-pro-0813-off::problem-27/long-trace-final,problem-27,sha256:1d4d6eaa0d724ed2eabbd6de906e694e29956478548df760cda79767a3d420aa,deepseek-v4-pro-0813-off,long-trace-final,all-arms,dynamic,Omega_hat_StateSize,10746,0
dynamic::deepseek-v4-pro-0813-off::all-arms::Omega_hat_StateSize,deepseek-v4-pro-0813-off::problem-27/short-trace-final,problem-27,sha256:ac06f4eaa7953cf90f5b0f2b52580f1e113358761701f25264564a9119eed893,deepseek-v4-pro-0813-off,short-trace-final,all-arms,dynamic,Omega_hat_StateSize,10749,0
dynamic::deepseek-v4-pro-0813-off::all-arms::Omega_hat_StateSize,deepseek-v4-pro-0813-off::problem-27/inside-loop-state,problem-27,sha256:e8a7fd6ede3a54a7a6c46ba71aa8095c7036f8a67282fd35936d92bd03911640,deepseek-v4-pro-0813-off,inside-loop-state,all-arms,dynamic,Omega_hat_StateSize,10747,0
dynamic::deepseek-v4-pro-0813-off::all-arms::Omega_hat_StateSize,deepseek-v4-pro-0813-off::problem-27/post-loop-state,problem-27,sha256:ec560b955bdd3cfdd9c93d7e5e9dec52b80d640de2b6aef03d7e59ab46ae487f,deepseek-v4-pro-0813-off,post-loop-state,all-arms,dynamic,Omega_hat_StateSize,10746,0
dynamic::deepseek-v4-pro-0813-off::all-arms::Omega_hat_StateSize,deepseek-v4-pro-0813-off::problem-28/inside-loop-state,problem-28,sha256:8e7497c27f25952db2771db8b7d65a445fec890474e0eaf363433912b4448d98,deepseek-v4-pro-0813-off,inside-loop-state,all-arms,dynamic,Omega_hat_StateSize,10756,0
dynamic::deepseek-v4-pro-0813-off::all-arms::Omega_hat_StateSize,deepseek-v4-pro-0813-off::problem-28/short-trace-final,problem-28,sha256:e48fd34b81d40474be4f17f911d0be54f3f4d0dcb7dcf485fbc4396c61acb108,deepseek-v4-pro-0813-off,short-trace-final,all-arms,dynamic,Omega_hat_StateSize,10744,0
dynamic::deepseek-v4-pro-0813-off::all-arms::Omega_hat_StateSize,deepseek-v4-pro-0813-off::problem-28/long-trace-final,problem-28,sha256:eac890193eab32fcb83a9b96b1975d2ec0850ff443479a8e9fc22322b0fef1a3,deepseek-v4-pro-0813-off,long-trace-final,all-arms,dynamic,Omega_hat_StateSize,10755,0
dynamic::deepseek-v4-pro-0813-off::all-arms::Omega_hat_StateSize,deepseek-v4-pro-0813-off::problem-28/post-loop-state,problem-28,sha256:eb32ac1b648907af496e87af77869c7d270abcf1a78e35194aff1abc7aad9814,deepseek-v4-pro-0813-off,post-loop-state,all-arms,dynamic,Omega_hat_StateSize,10755,0
dynamic::deepseek-v4-pro-0813-off::all-arms::Omega_hat_StateSize,deepseek-v4-pro-0813-off::problem-29/post-loop-state,problem-29,sha256:266a35b82d6b7b97b632edbdec2e61ad18b6191c9dc4722cceec06e6f7cf3e7b,deepseek-v4-pro-0813-off,post-loop-state,all-arms,dynamic,Omega_hat_StateSize,10743,0
dynamic::deepseek-v4-pro-0813-off::all-arms::Omega_hat_StateSize,deepseek-v4-pro-0813-off::problem-29/short-trace-final,problem-29,sha256:4ecced26b7df8a9b75c98baa33550ead17ba2313bbb605c2d1cb7baa2e29a52e,deepseek-v4-pro-0813-off,short-trace-final,all-arms,dynamic,Omega_hat_StateSize,10749,0
dynamic::deepseek-v4-pro-0813-off::all-arms::Omega_hat_StateSize,deepseek-v4-pro-0813-off::problem-29/inside-loop-state,problem-29,sha256:6055ac1e5575ce92574c3669a2a3eb367092c36fb132bfce0cca3260851140e2,deepseek-v4-pro-0813-off,inside-loop-state,all-arms,dynamic,Omega_hat_StateSize,10744,0
dynamic::deepseek-v4-pro-0813-off::all-arms::Omega_hat_StateSize,deepseek-v4-pro-0813-off::problem-29/long-trace-final,problem-29,sha256:dafab6181d512ecf0c71e74b5f580d6000813124811287d4fc852c2b145c4d20,deepseek-v4-pro-0813-off,long-trace-final,all-arms,dynamic,Omega_hat_StateSize,10743,0
dynamic::deepseek-v4-pro-0813-off::all-arms::Omega_hat_StateSize,deepseek-v4-pro-0813-off::problem-30/inside-loop-state,problem-30,sha256:4956e45be9ac9fea2c36667b16c62bb1d6f435004d42c4e4b3b34a6a2de2fa26,deepseek-v4-pro-0813-off,inside-loop-state,all-arms,dynamic,Omega_hat_StateSize,10788,0
dynamic::deepseek-v4-pro-0813-off::all-arms::Omega_hat_StateSize,deepseek-v4-pro-0813-off::problem-30/short-trace-final,problem-30,sha256:84ea88c1bf723ea51c2ae8d1c8fe25aa5d3dc5be93e0882e4f0cf0be0e4137bb,deepseek-v4-pro-0813-off,short-trace-final,all-arms,dynamic,Omega_hat_StateSize,10726,0
dynamic::deepseek-v4-pro-0813-off::all-arms::Omega_hat_StateSize,deepseek-v4-pro-0813-off::problem-30/long-trace-final,problem-30,sha256:c2098a098a924cecff89d4a804a7f8d840ecd0538821c278601a32140bcca3f8,deepseek-v4-pro-0813-off,long-trace-final,all-arms,dynamic,Omega_hat_StateSize,10787,0
dynamic::deepseek-v4-pro-0813-off::all-arms::Omega_hat_StateSize,deepseek-v4-pro-0813-off::problem-30/post-loop-state,problem-30,sha256:e69e021f535c9d0fc24b0101f47f65371d3832409890cf0484859bf2d6e98e0b,deepseek-v4-pro-0813-off,post-loop-state,all-arms,dynamic,Omega_hat_StateSize,10787,0
dynamic::glm-5.3-high::all-arms::Omega_hat_NativeTrace,glm-5.3-high::problem-01/inside-loop-state,problem-01,sha256:0547b42885dc201376fb93765a3c7da6c077a0338c243dcae8c262108a061af1,glm-5.3-high,inside-loop-state,all-arms,dynamic,Omega_hat_NativeTrace,177482,0
dynamic::glm-5.3-high::all-arms::Omega_hat_NativeTrace,glm-5.3-high::problem-01/long-trace-final,problem-01,sha256:56d9affe274f136e1933852e8f797cfb86ea3bed95c016b04556b2c4ca152b2c,glm-5.3-high,long-trace-final,all-arms,dynamic,Omega_hat_NativeTrace,222559,0
dynamic::glm-5.3-high::all-arms::Omega_hat_NativeTrace,glm-5.3-high::problem-01/short-trace-final,problem-01,sha256:73ad8aafe6d235df156f603343f220d5bf0bf095034c7c09e4647aec6b75183c,glm-5.3-high,short-trace-final,all-arms,dynamic,Omega_hat_NativeTrace,90806,0
dynamic::glm-5.3-high::all-arms::Omega_hat_NativeTrace,glm-5.3-high::problem-01/post-loop-state,problem-01,sha256:8c394bb669c6429a6cc8371df442ba1284632f5fd03fcf20b87ec42c6b002666,glm-5.3-high,post-loop-state,all-arms,dynamic,Omega_hat_NativeTrace,214164,0
dynamic::glm-5.3-high::all-arms::Omega_hat_NativeTrace,glm-5.3-high::problem-02/long-trace-final,problem-02,sha256:2c6c086992c204f9156a73eca1a86fe4ad8b4777c9b50ca69f44efa3a0ec804d,glm-5.3-high,long-trace-final,all-arms,dynamic,Omega_hat_NativeTrace,221700,0
dynamic::glm-5.3-high::all-arms::Omega_hat_NativeTrace,glm-5.3-high::problem-02/inside-loop-state,problem-02,sha256:43ea44d05f37e33633d2f43ad399b115c3066c018f15acef6f477c034fdda927,glm-5.3-high,inside-loop-state,all-arms,dynamic,Omega_hat_NativeTrace,177007,0
dynamic::glm-5.3-high::all-arms::Omega_hat_NativeTrace,glm-5.3-high::problem-02/post-loop-state,problem-02,sha256:ba7d1febfb83991899883c292120818d9f29e3dd565ec4a93b6368650d9b3d8b,glm-5.3-high,post-loop-state,all-arms,dynamic,Omega_hat_NativeTrace,213305,0
dynamic::glm-5.3-high::all-arms::Omega_hat_NativeTrace,glm-5.3-high::problem-02/short-trace-final,problem-02,sha256:c045cedad0407af52c2d7faa26f00e6fb48605031adc73be301bb6ee469d0a00,glm-5.3-high,short-trace-final,all-arms,dynamic,Omega_hat_NativeTrace,108273,0
dynamic::glm-5.3-high::all-arms::Omega_hat_NativeTrace,glm-5.3-high::problem-03/post-loop-state,problem-03,sha256:2acfa20a7ee16e7c373ae0cf23d876f6106fe1856336ee95352a6619b1420010,glm-5.3-high,post-loop-state,all-arms,dynamic,Omega_hat_NativeTrace,209127,0
dynamic::glm-5.3-high::all-arms::Omega_hat_NativeTrace,glm-5.3-high::problem-03/inside-loop-state,problem-03,sha256:587d5ad47aee9baac51abb2d6ac720bc8b29f8e6c6f98e2e7066bb6d8bac30a1,glm-5.3-high,inside-loop-state,all-arms,dynamic,Omega_hat_NativeTrace,178047,0
dynamic::glm-5.3-high::all-arms::Omega_hat_NativeTrace,glm-5.3-high::problem-03/long-trace-final,problem-03,sha256:5cd8a44109e568c902e2d582d4448650c2d4a64ee9ae4e391cf17a60348468b4,glm-5.3-high,long-trace-final,all-arms,dynamic,Omega_hat_NativeTrace,217522,0
dynamic::glm-5.3-high::all-arms::Omega_hat_NativeTrace,glm-5.3-high::problem-03/short-trace-final,problem-03,sha256:de9b7f7e58c8ec2d2f824891cdd79a1b094a45ac4742558225294573439b316d,glm-5.3-high,short-trace-final,all-arms,dynamic,Omega_hat_NativeTrace,92185,0
dynamic::glm-5.3-high::all-arms::Omega_hat_NativeTrace,glm-5.3-high::problem-04/short-trace-final,problem-04,sha256:05aae40bc36e0df65171215e791c8e10e79babb0960ce78b876515d48b8accae,glm-5.3-high,short-trace-final,all-arms,dynamic,Omega_hat_NativeTrace,101454,0
dynamic::glm-5.3-high::all-arms::Omega_hat_NativeTrace,glm-5.3-high::problem-04/long-trace-final,problem-04,sha256:7ad230089b4b878cee95f70563245eea351dea877118fcf8a597be6bd90d14f5,glm-5.3-high,long-trace-final,all-arms,dynamic,Omega_hat_NativeTrace,231312,0
dynamic::glm-5.3-high::all-arms::Omega_hat_NativeTrace,glm-5.3-high::problem-04/post-loop-state,problem-04,sha256:94ab1f7d2732d7ff5cef895f5b77e7fd081702b993a6eb7d3d5c505592cefb21,glm-5.3-high,post-loop-state,all-arms,dynamic,Omega_hat_NativeTrace,222917,0
dynamic::glm-5.3-high::all-arms::Omega_hat_NativeTrace,glm-5.3-high::problem-04/inside-loop-state,problem-04,sha256:9aaa594325de39aafc50a9d96c539f0c1166bd50a8eff8c49c14c84270c4ff59,glm-5.3-high,inside-loop-state,all-arms,dynamic,Omega_hat_NativeTrace,187012,0
dynamic::glm-5.3-high::all-arms::Omega_hat_NativeTrace,glm-5.3-high::problem-05/post-loop-state,problem-05,sha256:0f684ff85de199f8f7c7ffc32375f9b9e62fa5827fcecce50fb5d60bca08e280,glm-5.3-high,post-loop-state,all-arms,dynamic,Omega_hat_NativeTrace,219484,0
dynamic::glm-5.3-high::all-arms::Omega_hat_NativeTrace,glm-5.3-high::problem-05/long-trace-final,problem-05,sha256:5a4822c8f4e084302eeecb07be76313448d56e02db866843273cfa2a79ca9b73,glm-5.3-high,long-trace-final,all-arms,dynamic,Omega_hat_NativeTrace,227879,0
dynamic::glm-5.3-high::all-arms::Omega_hat_NativeTrace,glm-5.3-high::problem-05/short-trace-final,problem-05,sha256:9f6345f351d6266c0c09238729ff08378ce70e23ac0267c2e41f067733d6f579,glm-5.3-high,short-trace-final,all-arms,dynamic,Omega_hat_NativeTrace,92213,0
dynamic::glm-5.3-high::all-arms::Omega_hat_NativeTrace,glm-5.3-high::problem-05/inside-loop-state,problem-05,sha256:e22303dc39b5dd7a5cac47da11bd364b0897fb8d8d9099162d7706552f9fa372,glm-5.3-high,inside-loop-state,all-arms,dynamic,Omega_hat_NativeTrace,187905,0
dynamic::glm-5.3-high::all-arms::Omega_hat_NativeTrace,glm-5.3-high::problem-06/long-trace-final,problem-06,sha256:061a7cf51e116aa318d53740cdc4d580b6c9767f126c91061a484987b96cd0c7,glm-5.3-high,long-trace-final,all-arms,dynamic,Omega_hat_NativeTrace,220520,0
dynamic::glm-5.3-high::all-arms::Omega_hat_NativeTrace,glm-5.3-high::problem-06/post-loop-state,problem-06,sha256:2c10823e77f28c1bd27318dfe6f1918fbe52e06174725d89f5e5d33bd0bd5510,glm-5.3-high,post-loop-state,all-arms,dynamic,Omega_hat_NativeTrace,212125,0
dynamic::glm-5.3-high::all-arms::Omega_hat_NativeTrace,glm-5.3-high::problem-06/short-trace-final,problem-06,sha256:6a88d2c05b775fcb748a8354a26e9d76a3a40fbeb4478fdc3ede8d3a216d580f,glm-5.3-high,short-trace-final,all-arms,dynamic,Omega_hat_NativeTrace,93164,0
dynamic::glm-5.3-high::all-arms::Omega_hat_NativeTrace,glm-5.3-high::problem-06/inside-loop-state,problem-06,sha256:cd00c1a7e81437959f3f7ae75d1cd3869cff5bb6980eec8d78e39979ad3c2a27,glm-5.3-high,inside-loop-state,all-arms,dynamic,Omega_hat_NativeTrace,173832,0
dynamic::glm-5.3-high::all-arms::Omega_hat_NativeTrace,glm-5.3-high::problem-07/long-trace-final,problem-07,sha256:0038af217dac3eb4ec50de238581737dacd10f0887c0b2b7bf8c89208e6efac5,glm-5.3-high,long-trace-final,all-arms,dynamic,Omega_hat_NativeTrace,223712,0
dynamic::glm-5.3-high::all-arms::Omega_hat_NativeTrace,glm-5.3-high::problem-07/inside-loop-state,problem-07,sha256:3f021ab7fd773d4b5707b65f0ddba29e4e2f31918c7ad194865bdfdb2cc2fc23,glm-5.3-high,inside-loop-state,all-arms,dynamic,Omega_hat_NativeTrace,189373,0
dynamic::glm-5.3-high::all-arms::Omega_hat_NativeTrace,glm-5.3-high::problem-07/post-loop-state,problem-07,sha256:9e457d18bfaac327399393fdb975773303e803b2fd677d4bd2e6b7cd4ddc624c,glm-5.3-high,post-loop-state,all-arms,dynamic,Omega_hat_NativeTrace,215317,0
dynamic::glm-5.3-high::all-arms::Omega_hat_NativeTrace,glm-5.3-high::problem-07/short-trace-final,problem-07,sha256:a804134b8daa3d73abbebef8e0e40694e39211ed7153b6ad7591756fe33cd167,glm-5.3-high,short-trace-final,all-arms,dynamic,Omega_hat_NativeTrace,100948,0
dynamic::glm-5.3-high::all-arms::Omega_hat_NativeTrace,glm-5.3-high::problem-08/inside-loop-state,problem-08,sha256:7064354a09226b66ebb7194c3454eab73c7a5d95fb26e79e1817e12584f3f310,glm-5.3-high,inside-loop-state,all-arms,dynamic,Omega_hat_NativeTrace,177328,0
dynamic::glm-5.3-high::all-arms::Omega_hat_NativeTrace,glm-5.3-high::problem-08/short-trace-final,problem-08,sha256:a7da9f82ea01769a6b8a112317eee4c6cc1f6de1fd6fdd14a5537d4ac9c80a0f,glm-5.3-high,short-trace-final,all-arms,dynamic,Omega_hat_NativeTrace,88887,0
dynamic::glm-5.3-high::all-arms::Omega_hat_NativeTrace,glm-5.3-high::problem-08/post-loop-state,problem-08,sha256:e32673ca942baf21e1de8014e35df297a78a6d254c419164d155a8af936e67b4,glm-5.3-high,post-loop-state,all-arms,dynamic,Omega_hat_NativeTrace,202271,0
dynamic::glm-5.3-high::all-arms::Omega_hat_NativeTrace,glm-5.3-high::problem-08/long-trace-final,problem-08,sha256:f4f4c04290dfd1722493e9d5e7c6c040d58b8f4f1f2ea1ffd0972f45a5893717,glm-5.3-high,long-trace-final,all-arms,dynamic,Omega_hat_NativeTrace,210666,0
dynamic::glm-5.3-high::all-arms::Omega_hat_NativeTrace,glm-5.3-high::problem-09/short-trace-final,problem-09,sha256:1f2e9f2d169b17ceb6021bac59f884fc4c71697048d44bcde003919a30c6bc01,glm-5.3-high,short-trace-final,all-arms,dynamic,Omega_hat_NativeTrace,105245,0
dynamic::glm-5.3-high::all-arms::Omega_hat_NativeTrace,glm-5.3-high::problem-09/inside-loop-state,problem-09,sha256:221039cb3147683b097b9a9e97cbc35a8b09ba4e290f73be9b1bca308fd93ce3,glm-5.3-high,inside-loop-state,all-arms,dynamic,Omega_hat_NativeTrace,182596,0
dynamic::glm-5.3-high::all-arms::Omega_hat_NativeTrace,glm-5.3-high::problem-09/post-loop-state,problem-09,sha256:2c9d501dc7cc0a1d91e2d7340569ca0ba384bdb40034069641418df06a065b02,glm-5.3-high,post-loop-state,all-arms,dynamic,Omega_hat_NativeTrace,227967,0
dynamic::glm-5.3-high::all-arms::Omega_hat_NativeTrace,glm-5.3-high::problem-09/long-trace-final,problem-09,sha256:d5594fe452f9751f9e5a7096c8f016b17a3d1be5849b3882dd8846f268197c8d,glm-5.3-high,long-trace-final,all-arms,dynamic,Omega_hat_NativeTrace,236362,0
dynamic::glm-5.3-high::all-arms::Omega_hat_NativeTrace,glm-5.3-high::problem-10/inside-loop-state,problem-10,sha256:4bfd0a8e336edf6d47adfddd74897b9784181700d614c66dab4d21903a7797cb,glm-5.3-high,inside-loop-state,all-arms,dynamic,Omega_hat_NativeTrace,179176,0
dynamic::glm-5.3-high::all-arms::Omega_hat_NativeTrace,glm-5.3-high::problem-10/short-trace-final,problem-10,sha256:68a7353ba44980aa7c94507c7d2506366b7e1a6d3a9840cec0ba3fd243bb86ef,glm-5.3-high,short-trace-final,all-arms,dynamic,Omega_hat_NativeTrace,103733,0
dynamic::glm-5.3-high::all-arms::Omega_hat_NativeTrace,glm-5.3-high::problem-10/post-loop-state,problem-10,sha256:6d34f6c50beb59b579b867aa64417c1f8e212aca0c7dba85a4f8d73ad6395e15,glm-5.3-high,post-loop-state,all-arms,dynamic,Omega_hat_NativeTrace,215948,0
dynamic::glm-5.3-high::all-arms::Omega_hat_NativeTrace,glm-5.3-high::problem-10/long-trace-final,problem-10,sha256:b9350571c682c8ce1a385a3827b09b6195b6b0de80c103fe5638970bd0396907,glm-5.3-high,long-trace-final,all-arms,dynamic,Omega_hat_NativeTrace,224343,0
dynamic::glm-5.3-high::all-arms::Omega_hat_NativeTrace,glm-5.3-high::problem-11/short-trace-final,problem-11,sha256:26270b738997e89a812774051cc9205ec744eed12d5397ba27730fd1f3616545,glm-5.3-high,short-trace-final,all-arms,dynamic,Omega_hat_NativeTrace,293189,0
dynamic::glm-5.3-high::all-arms::Omega_hat_NativeTrace,glm-5.3-high::problem-11/long-trace-final,problem-11,sha256:37449d8e8c91c57d5e2c5704a43fc22c0bd0599b769db5d859947f119c59900a,glm-5.3-high,long-trace-final,all-arms,dynamic,Omega_hat_NativeTrace,507023,0
dynamic::glm-5.3-high::all-arms::Omega_hat_NativeTrace,glm-5.3-high::problem-11/post-loop-state,problem-11,sha256:89cf19a5769900427442f00c16f675ef52b8c60cb6f502a5e54dafd29cbaa7b3,glm-5.3-high,post-loop-state,all-arms,dynamic,Omega_hat_NativeTrace,490939,0
dynamic::glm-5.3-high::all-arms::Omega_hat_NativeTrace,glm-5.3-high::problem-11/inside-loop-state,problem-11,sha256:9e616055a8b294cc727870ca9d00854bfd4625609bfaf8f7f208f2affda4e187,glm-5.3-high,inside-loop-state,all-arms,dynamic,Omega_hat_NativeTrace,414516,0
dynamic::glm-5.3-high::all-arms::Omega_hat_NativeTrace,glm-5.3-high::problem-12/inside-loop-state,problem-12,sha256:7b5df0851254363517f3ded42cf7a385fa51a85dd64743e6e008669e0faf5b82,glm-5.3-high,inside-loop-state,all-arms,dynamic,Omega_hat_NativeTrace,420712,0
dynamic::glm-5.3-high::all-arms::Omega_hat_NativeTrace,glm-5.3-high::problem-12/short-trace-final,problem-12,sha256:85aa9c8d83f90f5ce7ad3cbf050a51a8d8f6994499cd2159cb23a7ea82b1849e,glm-5.3-high,short-trace-final,all-arms,dynamic,Omega_hat_NativeTrace,284443,0
dynamic::glm-5.3-high::all-arms::Omega_hat_NativeTrace,glm-5.3-high::problem-12/post-loop-state,problem-12,sha256:958460d7ecf7621b9ecf5669fda846e1d9c0a7b4b399190aeed32c7df8b0699e,glm-5.3-high,post-loop-state,all-arms,dynamic,Omega_hat_NativeTrace,481453,0
dynamic::glm-5.3-high::all-arms::Omega_hat_NativeTrace,glm-5.3-high::problem-12/long-trace-final,problem-12,sha256:bbf72f7493684d660693adfc81bbd175088f4b46afda09d4b298512c72508c1b,glm-5.3-high,long-trace-final,all-arms,dynamic,Omega_hat_NativeTrace,497537,0
dynamic::glm-5.3-high::all-arms::Omega_hat_NativeTrace,glm-5.3-high::problem-13/inside-loop-state,problem-13,sha256:2b247ce5916acd9195152fced59de2ae563f4cbdd37bfd795074e5f2ec115251,glm-5.3-high,inside-loop-state,all-arms,dynamic,Omega_hat_NativeTrace,432012,0
dynamic::glm-5.3-high::all-arms::Omega_hat_NativeTrace,glm-5.3-high::problem-13/post-loop-state,problem-13,sha256:5c4433c9aa1b024d200559d67bbc7d578a21c39d10fb03ce2c6a5caae255993f,glm-5.3-high,post-loop-state,all-arms,dynamic,Omega_hat_NativeTrace,544902,0
dynamic::glm-5.3-high::all-arms::Omega_hat_NativeTrace,glm-5.3-high::problem-13/short-trace-final,problem-13,sha256:eccc604db1d5cc06fe2c28b2456d93ecb100590e01fd6ce576ad76161a08aada,glm-5.3-high,short-trace-final,all-arms,dynamic,Omega_hat_NativeTrace,278749,0
dynamic::glm-5.3-high::all-arms::Omega_hat_NativeTrace,glm-5.3-high::problem-13/long-trace-final,problem-13,sha256:fc03a1fd966e3a60af4264cb997a959b0d3d39ccb2cc7f6636f0659db36c1fcf,glm-5.3-high,long-trace-final,all-arms,dynamic,Omega_hat_NativeTrace,560986,0
dynamic::glm-5.3-high::all-arms::Omega_hat_NativeTrace,glm-5.3-high::problem-14/short-trace-final,problem-14,sha256:929856d52b4d3a50a8d477f065732fc3ff381b1ec26dfd9672f1bb3e81b9112e,glm-5.3-high,short-trace-final,all-arms,dynamic,Omega_hat_NativeTrace,269637,0
dynamic::glm-5.3-high::all-arms::Omega_hat_NativeTrace,glm-5.3-high::problem-14/post-loop-state,problem-14,sha256:a428733484eb9e4568dc0f1944310d728394aa7a5f597f21fad8a5f17c349a92,glm-5.3-high,post-loop-state,all-arms,dynamic,Omega_hat_NativeTrace,506380,0
dynamic::glm-5.3-high::all-arms::Omega_hat_NativeTrace,glm-5.3-high::problem-14/inside-loop-state,problem-14,sha256:b92de04f170b8d7777731ffc17b0ef112672dde69764b2e2b4544f1cbbfd2775,glm-5.3-high,inside-loop-state,all-arms,dynamic,Omega_hat_NativeTrace,409055,0
dynamic::glm-5.3-high::all-arms::Omega_hat_NativeTrace,glm-5.3-high::problem-14/long-trace-final,problem-14,sha256:e692c2f7963ddc6244570169d2564497fe9f12ef39e36f0f4f9f973b508f3616,glm-5.3-high,long-trace-final,all-arms,dynamic,Omega_hat_NativeTrace,522464,0
dynamic::glm-5.3-high::all-arms::Omega_hat_NativeTrace,glm-5.3-high::problem-15/post-loop-state,problem-15,sha256:12301c45635de868f2a4e921222d940fcf33c2f6205d05fc21454266cfbc3061,glm-5.3-high,post-loop-state,all-arms,dynamic,Omega_hat_NativeTrace,487763,0
dynamic::glm-5.3-high::all-arms::Omega_hat_NativeTrace,glm-5.3-high::problem-15/inside-loop-state,problem-15,sha256:50e103eb8654ee1640e95f86191fb481f0e07e0bd366e6b5ce47d20c0a200912,glm-5.3-high,inside-loop-state,all-arms,dynamic,Omega_hat_NativeTrace,405070,0
dynamic::glm-5.3-high::all-arms::Omega_hat_NativeTrace,glm-5.3-high::problem-15/short-trace-final,problem-15,sha256:649f09230fe16bc947760c4387cd544c37fec8d49083a073371770fa5ae3e1d1,glm-5.3-high,short-trace-final,all-arms,dynamic,Omega_hat_NativeTrace,264604,0
dynamic::glm-5.3-high::all-arms::Omega_hat_NativeTrace,glm-5.3-high::problem-15/long-trace-final,problem-15,sha256:8ab718d447d5782861bfa1a8a089a1b4a55c3c55b6ead5ff4abb068409ec1b6b,glm-5.3-high,long-trace-final,all-arms,dynamic,Omega_hat_NativeTrace,503847,0
dynamic::glm-5.3-high::all-arms::Omega_hat_NativeTrace,glm-5.3-high::problem-16/short-trace-final,problem-16,sha256:64670fb8a7f19547ad0b0c7647c368cf26d355b1d2e0bedbf884079ff09d87fb,glm-5.3-high,short-trace-final,all-arms,dynamic,Omega_hat_NativeTrace,268255,0
dynamic::glm-5.3-high::all-arms::Omega_hat_NativeTrace,glm-5.3-high::problem-16/post-loop-state,problem-16,sha256:8368e978d24c4b3ea18f7eb2ea99706b1e5473aa07f13c4bb3fe6fe619fee763,glm-5.3-high,post-loop-state,all-arms,dynamic,Omega_hat_NativeTrace,467627,0
dynamic::glm-5.3-high::all-arms::Omega_hat_NativeTrace,glm-5.3-high::problem-16/long-trace-final,problem-16,sha256:a01be6f53c51de04e80ef9a1b56b33bd854ea547c3ab8fbf01dd1719b64424e2,glm-5.3-high,long-trace-final,all-arms,dynamic,Omega_hat_NativeTrace,483711,0
dynamic::glm-5.3-high::all-arms::Omega_hat_NativeTrace,glm-5.3-high::problem-16/inside-loop-state,problem-16,sha256:e785fbb7c44714837a925d69b7a0b7764633037949cf8e2d8eee2ac7af673285,glm-5.3-high,inside-loop-state,all-arms,dynamic,Omega_hat_NativeTrace,414667,0
dynamic::glm-5.3-high::all-arms::Omega_hat_NativeTrace,glm-5.3-high::problem-17/short-trace-final,problem-17,sha256:23bfd7217d9ba652a3156953e53db1b393d9093de1553e00151f9992835a6c12,glm-5.3-high,short-trace-final,all-arms,dynamic,Omega_hat_NativeTrace,263095,0
dynamic::glm-5.3-high::all-arms::Omega_hat_NativeTrace,glm-5.3-high::problem-17/post-loop-state,problem-17,sha256:a71207cf0c9322ded7b4ad736d0eb7fe58ca15c45d6aad6ed8aa8f7de3eda7b2,glm-5.3-high,post-loop-state,all-arms,dynamic,Omega_hat_NativeTrace,520301,0
dynamic::glm-5.3-high::all-arms::Omega_hat_NativeTrace,glm-5.3-high::problem-17/long-trace-final,problem-17,sha256:c1d6591d0bf5a1829058e47370a9ecca6ddf09033379e65669b82b28603cf1e2,glm-5.3-high,long-trace-final,all-arms,dynamic,Omega_hat_NativeTrace,536385,0
dynamic::glm-5.3-high::all-arms::Omega_hat_NativeTrace,glm-5.3-high::problem-17/inside-loop-state,problem-17,sha256:ffbe22e9b9ecc46324d4d5b73a4a9fb9116281954ab9775b607d59ad2563ff75,glm-5.3-high,inside-loop-state,all-arms,dynamic,Omega_hat_NativeTrace,435317,0
dynamic::glm-5.3-high::all-arms::Omega_hat_NativeTrace,glm-5.3-high::problem-18/long-trace-final,problem-18,sha256:3e1043702949a2334ffeb4aae795b5838059d006655a0bbf6798f0b6adeb085f,glm-5.3-high,long-trace-final,all-arms,dynamic,Omega_hat_NativeTrace,492562,0
dynamic::glm-5.3-high::all-arms::Omega_hat_NativeTrace,glm-5.3-high::problem-18/short-trace-final,problem-18,sha256:55ce2dca47dbe112e5ff867e7e8bfbd2311a4010bf0497e1f33d5e2d3b6b309d,glm-5.3-high,short-trace-final,all-arms,dynamic,Omega_hat_NativeTrace,258069,0
dynamic::glm-5.3-high::all-arms::Omega_hat_NativeTrace,glm-5.3-high::problem-18/inside-loop-state,problem-18,sha256:d9fde9c0b10033b45350be818f38a02f7530deefc277daf7ca51e91be628bf0d,glm-5.3-high,inside-loop-state,all-arms,dynamic,Omega_hat_NativeTrace,419419,0
dynamic::glm-5.3-high::all-arms::Omega_hat_NativeTrace,glm-5.3-high::problem-18/post-loop-state,problem-18,sha256:ec5ffe88fa32f58a281e2a9be9970228c8f780ce294441e0d8ca083c44ab7cb9,glm-5.3-high,post-loop-state,all-arms,dynamic,Omega_hat_NativeTrace,476478,0
dynamic::glm-5.3-high::all-arms::Omega_hat_NativeTrace,glm-5.3-high::problem-19/long-trace-final,problem-19,sha256:48814bea3c8f1e5cd1614a147556846e339503cb69e0803c858796e6f058c6eb,glm-5.3-high,long-trace-final,all-arms,dynamic,Omega_hat_NativeTrace,553979,0
dynamic::glm-5.3-high::all-arms::Omega_hat_NativeTrace,glm-5.3-high::problem-19/post-loop-state,problem-19,sha256:67005c3e5fba330dd029ce911161dd9d7c281181ffdda26a6c04f791843ce5b0,glm-5.3-high,post-loop-state,all-arms,dynamic,Omega_hat_NativeTrace,537895,0
dynamic::glm-5.3-high::all-arms::Omega_hat_NativeTrace,glm-5.3-high::problem-19/inside-loop-state,problem-19,sha256:7c4063bd0e506396a919ac229901d3779224482c2f0a86685fac407a77181b08,glm-5.3-high,inside-loop-state,all-arms,dynamic,Omega_hat_NativeTrace,429295,0
dynamic::glm-5.3-high::all-arms::Omega_hat_NativeTrace,glm-5.3-high::problem-19/short-trace-final,problem-19,sha256:e573b78b30a2d6877c5e647ea6ef1ebbe778918dafdef3ce3ca1ef425adf4aae,glm-5.3-high,short-trace-final,all-arms,dynamic,Omega_hat_NativeTrace,309010,0
dynamic::glm-5.3-high::all-arms::Omega_hat_NativeTrace,glm-5.3-high::problem-20/post-loop-state,problem-20,sha256:18ed8611483fb7761108ab3d6d83b912b08a4b16125c798ed34fc0e54d1d0305,glm-5.3-high,post-loop-state,all-arms,dynamic,Omega_hat_NativeTrace,492055,0
dynamic::glm-5.3-high::all-arms::Omega_hat_NativeTrace,glm-5.3-high::problem-20/short-trace-final,problem-20,sha256:9e0c8296a9f0717b3ada2dc70705058a39ba1d561df45643b9a79d3f62c7ee4f,glm-5.3-high,short-trace-final,all-arms,dynamic,Omega_hat_NativeTrace,267137,0
dynamic::glm-5.3-high::all-arms::Omega_hat_NativeTrace,glm-5.3-high::problem-20/inside-loop-state,problem-20,sha256:bd5bcbf1a9fbe0d7ec617f2eb09018adffc1493412d300f645de5abb9bb358e1,glm-5.3-high,inside-loop-state,all-arms,dynamic,Omega_hat_NativeTrace,415556,0
dynamic::glm-5.3-high::all-arms::Omega_hat_NativeTrace,glm-5.3-high::problem-20/long-trace-final,problem-20,sha256:cfdd0f3fcdabe8556447869245ebb13768cf9520d32294331ed86a2fcdda934e,glm-5.3-high,long-trace-final,all-arms,dynamic,Omega_hat_NativeTrace,508139,0
dynamic::glm-5.3-high::all-arms::Omega_hat_NativeTrace,glm-5.3-high::problem-21/inside-loop-state,problem-21,sha256:6b893d1fe6186f33bb87627c625c620c60c23d16b1eb380e5428287d7bcd173b,glm-5.3-high,inside-loop-state,all-arms,dynamic,Omega_hat_NativeTrace,908439,0
dynamic::glm-5.3-high::all-arms::Omega_hat_NativeTrace,glm-5.3-high::problem-21/long-trace-final,problem-21,sha256:abae68d8201478b8273623d6f31c7f95f798e23c59176c1c030258097c23bc2a,glm-5.3-high,long-trace-final,all-arms,dynamic,Omega_hat_NativeTrace,1103682,0
dynamic::glm-5.3-high::all-arms::Omega_hat_NativeTrace,glm-5.3-high::problem-21/post-loop-state,problem-21,sha256:b1ba4c145bc3491180d71e43456f0de195530e4eda327d97e480319644d54468,glm-5.3-high,post-loop-state,all-arms,dynamic,Omega_hat_NativeTrace,1074688,0
dynamic::glm-5.3-high::all-arms::Omega_hat_NativeTrace,glm-5.3-high::problem-21/short-trace-final,problem-21,sha256:c08e9d12f0c628db74c80e296b9aeaa44f2ff442479546e4521c875bc621edcf,glm-5.3-high,short-trace-final,all-arms,dynamic,Omega_hat_NativeTrace,676300,0
dynamic::glm-5.3-high::all-arms::Omega_hat_NativeTrace,glm-5.3-high::problem-22/post-loop-state,problem-22,sha256:642b405db89f31906ffda3368213a2dea48b194489eef14859eba92a495738dc,glm-5.3-high,post-loop-state,all-arms,dynamic,Omega_hat_NativeTrace,1103437,0
dynamic::glm-5.3-high::all-arms::Omega_hat_NativeTrace,glm-5.3-high::problem-22/inside-loop-state,problem-22,sha256:895a3e331a4a70e78f11ec4c30afb51f9695d33bfe2745487c604118a27dc196,glm-5.3-high,inside-loop-state,all-arms,dynamic,Omega_hat_NativeTrace,947612,0
dynamic::glm-5.3-high::all-arms::Omega_hat_NativeTrace,glm-5.3-high::problem-22/short-trace-final,problem-22,sha256:bdfb4ea940fcc763a5c0367908bb8a2418611ecbf44f222ddd6008ab05066e5a,glm-5.3-high,short-trace-final,all-arms,dynamic,Omega_hat_NativeTrace,672322,0
dynamic::glm-5.3-high::all-arms::Omega_hat_NativeTrace,glm-5.3-high::problem-22/long-trace-final,problem-22,sha256:d095f6706999a481b592168652c7c699ef339254946149818a5f8ab337c7f262,glm-5.3-high,long-trace-final,all-arms,dynamic,Omega_hat_NativeTrace,1132431,0
dynamic::glm-5.3-high::all-arms::Omega_hat_NativeTrace,glm-5.3-high::problem-23/long-trace-final,problem-23,sha256:1245ebbf69a81bcb8f23d1a367d4077c7ff732cf2ca37e553c4ad80d11a1687e,glm-5.3-high,long-trace-final,all-arms,dynamic,Omega_hat_NativeTrace,1158204,0
dynamic::glm-5.3-high::all-arms::Omega_hat_NativeTrace,glm-5.3-high::problem-23/short-trace-final,problem-23,sha256:78febcc2681676995da118209adc295d1c6f8449ddc2f697eff5823e74d2c92b,glm-5.3-high,short-trace-final,all-arms,dynamic,Omega_hat_NativeTrace,693244,0
dynamic::glm-5.3-high::all-arms::Omega_hat_NativeTrace,glm-5.3-high::problem-23/inside-loop-state,problem-23,sha256:c5b04d442721c6e23d53ded804f222ca9bc2bd35cb825d975482627fa2f68eb8,glm-5.3-high,inside-loop-state,all-arms,dynamic,Omega_hat_NativeTrace,954487,0
dynamic::glm-5.3-high::all-arms::Omega_hat_NativeTrace,glm-5.3-high::problem-23/post-loop-state,problem-23,sha256:f422207380b27c4b9c9e1403517b42b55f6342cd02514f3d18cff14a6eaf23b9,glm-5.3-high,post-loop-state,all-arms,dynamic,Omega_hat_NativeTrace,1129210,0
dynamic::glm-5.3-high::all-arms::Omega_hat_NativeTrace,glm-5.3-high::problem-24/long-trace-final,problem-24,sha256:312cb1244299d8ea29ce3be52759a05aaf6f571f4cabdb8de4cdfefc53c21127,glm-5.3-high,long-trace-final,all-arms,dynamic,Omega_hat_NativeTrace,1152328,0
dynamic::glm-5.3-high::all-arms::Omega_hat_NativeTrace,glm-5.3-high::problem-24/post-loop-state,problem-24,sha256:a9bba3e75ac97caf5a230d723fd189724ff0563bea2bef0b001eb7655cd5c948,glm-5.3-high,post-loop-state,all-arms,dynamic,Omega_hat_NativeTrace,1123334,0
dynamic::glm-5.3-high::all-arms::Omega_hat_NativeTrace,glm-5.3-high::problem-24/inside-loop-state,problem-24,sha256:c151679cf530cdccea973844a665dbb377147bfda08d781a73e4cebd8e7aa207,glm-5.3-high,inside-loop-state,all-arms,dynamic,Omega_hat_NativeTrace,951623,0
dynamic::glm-5.3-high::all-arms::Omega_hat_NativeTrace,glm-5.3-high::problem-24/short-trace-final,problem-24,sha256:da5e2129ac6eb31efb9c60f4456bf6a53cf0c9c972c82515c6421612ad91b98c,glm-5.3-high,short-trace-final,all-arms,dynamic,Omega_hat_NativeTrace,682729,0
dynamic::glm-5.3-high::all-arms::Omega_hat_NativeTrace,glm-5.3-high::problem-25/inside-loop-state,problem-25,sha256:5e34e564ebcb950511aeb4040311983a4e917c9f539fe9bf740740d04ff82754,glm-5.3-high,inside-loop-state,all-arms,dynamic,Omega_hat_NativeTrace,953509,0
dynamic::glm-5.3-high::all-arms::Omega_hat_NativeTrace,glm-5.3-high::problem-25/post-loop-state,problem-25,sha256:75b110f0259dbaad71e4a3448a19097ec57bdd629d5281f6767d6860812b4c19,glm-5.3-high,post-loop-state,all-arms,dynamic,Omega_hat_NativeTrace,1099416,0
dynamic::glm-5.3-high::all-arms::Omega_hat_NativeTrace,glm-5.3-high::problem-25/short-trace-final,problem-25,sha256:a40a9795cb938fde800d3c6170d0c04fa0258cbef4e26485156c279ea570a1c9,glm-5.3-high,short-trace-final,all-arms,dynamic,Omega_hat_NativeTrace,682450,0
dynamic::glm-5.3-high::all-arms::Omega_hat_NativeTrace,glm-5.3-high::problem-25/long-trace-final,problem-25,sha256:ea555a40d3f155ff207893e7327866c923e56b4bcc853fbea3e3ec27d9a3e419,glm-5.3-high,long-trace-final,all-arms,dynamic,Omega_hat_NativeTrace,1128410,0
dynamic::glm-5.3-high::all-arms::Omega_hat_NativeTrace,glm-5.3-high::problem-26/post-loop-state,problem-26,sha256:09ad9f965884b1ca88246bf427ed30c073b3774cda0e3f8b1ba5fcb8a52876f0,glm-5.3-high,post-loop-state,all-arms,dynamic,Omega_hat_NativeTrace,1084392,0
dynamic::glm-5.3-high::all-arms::Omega_hat_NativeTrace,glm-5.3-high::problem-26/long-trace-final,problem-26,sha256:8a0a9d72ece310a0393e6f8cd6161daa9fc85ca793d8f7a5effe7867b7b3610e,glm-5.3-high,long-trace-final,all-arms,dynamic,Omega_hat_NativeTrace,1113386,0
dynamic::glm-5.3-high::all-arms::Omega_hat_NativeTrace,glm-5.3-high::problem-26/short-trace-final,problem-26,sha256:d366caa8929075d65d1d7b7db9700b9131f161a1ac0faff603b289cf7c5bce85,glm-5.3-high,short-trace-final,all-arms,dynamic,Omega_hat_NativeTrace,664411,0
dynamic::glm-5.3-high::all-arms::Omega_hat_NativeTrace,glm-5.3-high::problem-26/inside-loop-state,problem-26,sha256:f9a0bdb83416f8938c7ae733c1f802841b3746ef0e2c9c69f4dfcd271e42f429,glm-5.3-high,inside-loop-state,all-arms,dynamic,Omega_hat_NativeTrace,933361,0
dynamic::glm-5.3-high::all-arms::Omega_hat_NativeTrace,glm-5.3-high::problem-27/long-trace-final,problem-27,sha256:1d4d6eaa0d724ed2eabbd6de906e694e29956478548df760cda79767a3d420aa,glm-5.3-high,long-trace-final,all-arms,dynamic,Omega_hat_NativeTrace,1134258,0
dynamic::glm-5.3-high::all-arms::Omega_hat_NativeTrace,glm-5.3-high::problem-27/short-trace-final,problem-27,sha256:ac06f4eaa7953cf90f5b0f2b52580f1e113358761701f25264564a9119eed893,glm-5.3-high,short-trace-final,all-arms,dynamic,Omega_hat_NativeTrace,668322,0
dynamic::glm-5.3-high::all-arms::Omega_hat_NativeTrace,glm-5.3-high::problem-27/inside-loop-state,problem-27,sha256:e8a7fd6ede3a54a7a6c46ba71aa8095c7036f8a67282fd35936d92bd03911640,glm-5.3-high,inside-loop-state,all-arms,dynamic,Omega_hat_NativeTrace,956840,0
dynamic::glm-5.3-high::all-arms::Omega_hat_NativeTrace,glm-5.3-high::problem-27/post-loop-state,problem-27,sha256:ec560b955bdd3cfdd9c93d7e5e9dec52b80d640de2b6aef03d7e59ab46ae487f,glm-5.3-high,post-loop-state,all-arms,dynamic,Omega_hat_NativeTrace,1105264,0
dynamic::glm-5.3-high::all-arms::Omega_hat_NativeTrace,glm-5.3-high::problem-28/inside-loop-state,problem-28,sha256:8e7497c27f25952db2771db8b7d65a445fec890474e0eaf363433912b4448d98,glm-5.3-high,inside-loop-state,all-arms,dynamic,Omega_hat_NativeTrace,968151,0
dynamic::glm-5.3-high::all-arms::Omega_hat_NativeTrace,glm-5.3-high::problem-28/short-trace-final,problem-28,sha256:e48fd34b81d40474be4f17f911d0be54f3f4d0dcb7dcf485fbc4396c61acb108,glm-5.3-high,short-trace-final,all-arms,dynamic,Omega_hat_NativeTrace,714229,0
dynamic::glm-5.3-high::all-arms::Omega_hat_NativeTrace,glm-5.3-high::problem-28/long-trace-final,problem-28,sha256:eac890193eab32fcb83a9b96b1975d2ec0850ff443479a8e9fc22322b0fef1a3,glm-5.3-high,long-trace-final,all-arms,dynamic,Omega_hat_NativeTrace,1202298,0
dynamic::glm-5.3-high::all-arms::Omega_hat_NativeTrace,glm-5.3-high::problem-28/post-loop-state,problem-28,sha256:eb32ac1b648907af496e87af77869c7d270abcf1a78e35194aff1abc7aad9814,glm-5.3-high,post-loop-state,all-arms,dynamic,Omega_hat_NativeTrace,1173304,0
dynamic::glm-5.3-high::all-arms::Omega_hat_NativeTrace,glm-5.3-high::problem-29/post-loop-state,problem-29,sha256:266a35b82d6b7b97b632edbdec2e61ad18b6191c9dc4722cceec06e6f7cf3e7b,glm-5.3-high,post-loop-state,all-arms,dynamic,Omega_hat_NativeTrace,1154018,0
dynamic::glm-5.3-high::all-arms::Omega_hat_NativeTrace,glm-5.3-high::problem-29/short-trace-final,problem-29,sha256:4ecced26b7df8a9b75c98baa33550ead17ba2313bbb605c2d1cb7baa2e29a52e,glm-5.3-high,short-trace-final,all-arms,dynamic,Omega_hat_NativeTrace,699583,0
dynamic::glm-5.3-high::all-arms::Omega_hat_NativeTrace,glm-5.3-high::problem-29/inside-loop-state,problem-29,sha256:6055ac1e5575ce92574c3669a2a3eb367092c36fb132bfce0cca3260851140e2,glm-5.3-high,inside-loop-state,all-arms,dynamic,Omega_hat_NativeTrace,975089,0
dynamic::glm-5.3-high::all-arms::Omega_hat_NativeTrace,glm-5.3-high::problem-29/long-trace-final,problem-29,sha256:dafab6181d512ecf0c71e74b5f580d6000813124811287d4fc852c2b145c4d20,glm-5.3-high,long-trace-final,all-arms,dynamic,Omega_hat_NativeTrace,1183012,0
dynamic::glm-5.3-high::all-arms::Omega_hat_NativeTrace,glm-5.3-high::problem-30/inside-loop-state,problem-30,sha256:4956e45be9ac9fea2c36667b16c62bb1d6f435004d42c4e4b3b34a6a2de2fa26,glm-5.3-high,inside-loop-state,all-arms,dynamic,Omega_hat_NativeTrace,981391,0
dynamic::glm-5.3-high::all-arms::Omega_hat_NativeTrace,glm-5.3-high::problem-30/short-trace-final,problem-30,sha256:84ea88c1bf723ea51c2ae8d1c8fe25aa5d3dc5be93e0882e4f0cf0be0e4137bb,glm-5.3-high,short-trace-final,all-arms,dynamic,Omega_hat_NativeTrace,635734,0
dynamic::glm-5.3-high::all-arms::Omega_hat_NativeTrace,glm-5.3-high::problem-30/long-trace-final,problem-30,sha256:c2098a098a924cecff89d4a804a7f8d840ecd0538821c278601a32140bcca3f8,glm-5.3-high,long-trace-final,all-arms,dynamic,Omega_hat_NativeTrace,1138793,0
dynamic::glm-5.3-high::all-arms::Omega_hat_NativeTrace,glm-5.3-high::problem-30/post-loop-state,problem-30,sha256:e69e021f535c9d0fc24b0101f47f65371d3832409890cf0484859bf2d6e98e0b,glm-5.3-high,post-loop-state,all-arms,dynamic,Omega_hat_NativeTrace,1109799,0
dynamic::glm-5.3-high::all-arms::Omega_hat_StateLoad,glm-5.3-high::problem-01/inside-loop-state,problem-01,sha256:0547b42885dc201376fb93765a3c7da6c077a0338c243dcae8c262108a061af1,glm-5.3-high,inside-loop-state,all-arms,dynamic,Omega_hat_StateLoad,86579700,0
dynamic::glm-5.3-high::all-arms::Omega_hat_StateLoad,glm-5.3-high::problem-01/long-trace-final,problem-01,sha256:56d9affe274f136e1933852e8f797cfb86ea3bed95c016b04556b2c4ca152b2c,glm-5.3-high,long-trace-final,all-arms,dynamic,Omega_hat_StateLoad,106548777,0
dynamic::glm-5.3-high::all-arms::Omega_hat_StateLoad,glm-5.3-high::problem-01/short-trace-final,problem-01,sha256:73ad8aafe6d235df156f603343f220d5bf0bf095034c7c09e4647aec6b75183c,glm-5.3-high,short-trace-final,all-arms,dynamic,Omega_hat_StateLoad,41566773,0
dynamic::glm-5.3-high::all-arms::Omega_hat_StateLoad,glm-5.3-high::problem-01/post-loop-state,problem-01,sha256:8c394bb669c6429a6cc8371df442ba1284632f5fd03fcf20b87ec42c6b002666,glm-5.3-high,post-loop-state,all-arms,dynamic,Omega_hat_StateLoad,104083011,0
dynamic::glm-5.3-high::all-arms::Omega_hat_StateLoad,glm-5.3-high::problem-02/long-trace-final,problem-02,sha256:2c6c086992c204f9156a73eca1a86fe4ad8b4777c9b50ca69f44efa3a0ec804d,glm-5.3-high,long-trace-final,all-arms,dynamic,Omega_hat_StateLoad,106084790,0
dynamic::glm-5.3-high::all-arms::Omega_hat_StateLoad,glm-5.3-high::problem-02/inside-loop-state,problem-02,sha256:43ea44d05f37e33633d2f43ad399b115c3066c018f15acef6f477c034fdda927,glm-5.3-high,inside-loop-state,all-arms,dynamic,Omega_hat_StateLoad,86252989,0
dynamic::glm-5.3-high::all-arms::Omega_hat_StateLoad,glm-5.3-high::problem-02/post-loop-state,problem-02,sha256:ba7d1febfb83991899883c292120818d9f29e3dd565ec4a93b6368650d9b3d8b,glm-5.3-high,post-loop-state,all-arms,dynamic,Omega_hat_StateLoad,103617741,0
dynamic::glm-5.3-high::all-arms::Omega_hat_StateLoad,glm-5.3-high::problem-02/short-trace-final,problem-02,sha256:c045cedad0407af52c2d7faa26f00e6fb48605031adc73be301bb6ee469d0a00,glm-5.3-high,short-trace-final,all-arms,dynamic,Omega_hat_StateLoad,49548623,0
dynamic::glm-5.3-high::all-arms::Omega_hat_StateLoad,glm-5.3-high::problem-03/post-loop-state,problem-03,sha256:2acfa20a7ee16e7c373ae0cf23d876f6106fe1856336ee95352a6619b1420010,glm-5.3-high,post-loop-state,all-arms,dynamic,Omega_hat_StateLoad,101288087,0
dynamic::glm-5.3-high::all-arms::Omega_hat_StateLoad,glm-5.3-high::problem-03/inside-loop-state,problem-03,sha256:587d5ad47aee9baac51abb2d6ac720bc8b29f8e6c6f98e2e7066bb6d8bac30a1,glm-5.3-high,inside-loop-state,all-arms,dynamic,Omega_hat_StateLoad,86715276,0
dynamic::glm-5.3-high::all-arms::Omega_hat_StateLoad,glm-5.3-high::problem-03/long-trace-final,problem-03,sha256:5cd8a44109e568c902e2d582d4448650c2d4a64ee9ae4e391cf17a60348468b4,glm-5.3-high,long-trace-final,all-arms,dynamic,Omega_hat_StateLoad,103766078,0
dynamic::glm-5.3-high::all-arms::Omega_hat_StateLoad,glm-5.3-high::problem-03/short-trace-final,problem-03,sha256:de9b7f7e58c8ec2d2f824891cdd79a1b094a45ac4742558225294573439b316d,glm-5.3-high,short-trace-final,all-arms,dynamic,Omega_hat_StateLoad,42074911,0
dynamic::glm-5.3-high::all-arms::Omega_hat_StateLoad,glm-5.3-high::problem-04/short-trace-final,problem-04,sha256:05aae40bc36e0df65171215e791c8e10e79babb0960ce78b876515d48b8accae,glm-5.3-high,short-trace-final,all-arms,dynamic,Omega_hat_StateLoad,46566564,0
dynamic::glm-5.3-high::all-arms::Omega_hat_StateLoad,glm-5.3-high::problem-04/long-trace-final,problem-04,sha256:7ad230089b4b878cee95f70563245eea351dea877118fcf8a597be6bd90d14f5,glm-5.3-high,long-trace-final,all-arms,dynamic,Omega_hat_StateLoad,110780630,0
dynamic::glm-5.3-high::all-arms::Omega_hat_StateLoad,glm-5.3-high::problem-04/post-loop-state,problem-04,sha256:94ab1f7d2732d7ff5cef895f5b77e7fd081702b993a6eb7d3d5c505592cefb21,glm-5.3-high,post-loop-state,all-arms,dynamic,Omega_hat_StateLoad,108335276,0
dynamic::glm-5.3-high::all-arms::Omega_hat_StateLoad,glm-5.3-high::problem-04/inside-loop-state,problem-04,sha256:9aaa594325de39aafc50a9d96c539f0c1166bd50a8eff8c49c14c84270c4ff59,glm-5.3-high,inside-loop-state,all-arms,dynamic,Omega_hat_StateLoad,90997601,0
dynamic::glm-5.3-high::all-arms::Omega_hat_StateLoad,glm-5.3-high::problem-05/post-loop-state,problem-05,sha256:0f684ff85de199f8f7c7ffc32375f9b9e62fa5827fcecce50fb5d60bca08e280,glm-5.3-high,post-loop-state,all-arms,dynamic,Omega_hat_StateLoad,106867870,0
dynamic::glm-5.3-high::all-arms::Omega_hat_StateLoad,glm-5.3-high::problem-05/long-trace-final,problem-05,sha256:5a4822c8f4e084302eeecb07be76313448d56e02db866843273cfa2a79ca9b73,glm-5.3-high,long-trace-final,all-arms,dynamic,Omega_hat_StateLoad,109339766,0
dynamic::glm-5.3-high::all-arms::Omega_hat_StateLoad,glm-5.3-high::problem-05/short-trace-final,problem-05,sha256:9f6345f351d6266c0c09238729ff08378ce70e23ac0267c2e41f067733d6f579,glm-5.3-high,short-trace-final,all-arms,dynamic,Omega_hat_StateLoad,42108814,0
dynamic::glm-5.3-high::all-arms::Omega_hat_StateLoad,glm-5.3-high::problem-05/inside-loop-state,problem-05,sha256:e22303dc39b5dd7a5cac47da11bd364b0897fb8d8d9099162d7706552f9fa372,glm-5.3-high,inside-loop-state,all-arms,dynamic,Omega_hat_StateLoad,91831012,0
dynamic::glm-5.3-high::all-arms::Omega_hat_StateLoad,glm-5.3-high::problem-06/long-trace-final,problem-06,sha256:061a7cf51e116aa318d53740cdc4d580b6c9767f126c91061a484987b96cd0c7,glm-5.3-high,long-trace-final,all-arms,dynamic,Omega_hat_StateLoad,105001210,0
dynamic::glm-5.3-high::all-arms::Omega_hat_StateLoad,glm-5.3-high::problem-06/post-loop-state,problem-06,sha256:2c10823e77f28c1bd27318dfe6f1918fbe52e06174725d89f5e5d33bd0bd5510,glm-5.3-high,post-loop-state,all-arms,dynamic,Omega_hat_StateLoad,102534063,0
dynamic::glm-5.3-high::all-arms::Omega_hat_StateLoad,glm-5.3-high::problem-06/short-trace-final,problem-06,sha256:6a88d2c05b775fcb748a8354a26e9d76a3a40fbeb4478fdc3ede8d3a216d580f,glm-5.3-high,short-trace-final,all-arms,dynamic,Omega_hat_StateLoad,42285721,0
dynamic::glm-5.3-high::all-arms::Omega_hat_StateLoad,glm-5.3-high::problem-06/inside-loop-state,problem-06,sha256:cd00c1a7e81437959f3f7ae75d1cd3869cff5bb6980eec8d78e39979ad3c2a27,glm-5.3-high,inside-loop-state,all-arms,dynamic,Omega_hat_StateLoad,84465390,0
dynamic::glm-5.3-high::all-arms::Omega_hat_StateLoad,glm-5.3-high::problem-07/long-trace-final,problem-07,sha256:0038af217dac3eb4ec50de238581737dacd10f0887c0b2b7bf8c89208e6efac5,glm-5.3-high,long-trace-final,all-arms,dynamic,Omega_hat_StateLoad,107196992,0
dynamic::glm-5.3-high::all-arms::Omega_hat_StateLoad,glm-5.3-high::problem-07/inside-loop-state,problem-07,sha256:3f021ab7fd773d4b5707b65f0ddba29e4e2f31918c7ad194865bdfdb2cc2fc23,glm-5.3-high,inside-loop-state,all-arms,dynamic,Omega_hat_StateLoad,92647385,0
dynamic::glm-5.3-high::all-arms::Omega_hat_StateLoad,glm-5.3-high::problem-07/post-loop-state,problem-07,sha256:9e457d18bfaac327399393fdb975773303e803b2fd677d4bd2e6b7cd4ddc624c,glm-5.3-high,post-loop-state,all-arms,dynamic,Omega_hat_StateLoad,104730191,0
dynamic::glm-5.3-high::all-arms::Omega_hat_StateLoad,glm-5.3-high::problem-07/short-trace-final,problem-07,sha256:a804134b8daa3d73abbebef8e0e40694e39211ed7153b6ad7591756fe33cd167,glm-5.3-high,short-trace-final,all-arms,dynamic,Omega_hat_StateLoad,45837857,0
dynamic::glm-5.3-high::all-arms::Omega_hat_StateLoad,glm-5.3-high::problem-08/inside-loop-state,problem-08,sha256:7064354a09226b66ebb7194c3454eab73c7a5d95fb26e79e1817e12584f3f310,glm-5.3-high,inside-loop-state,all-arms,dynamic,Omega_hat_StateLoad,86637479,0
dynamic::glm-5.3-high::all-arms::Omega_hat_StateLoad,glm-5.3-high::problem-08/short-trace-final,problem-08,sha256:a7da9f82ea01769a6b8a112317eee4c6cc1f6de1fd6fdd14a5537d4ac9c80a0f,glm-5.3-high,short-trace-final,all-arms,dynamic,Omega_hat_StateLoad,40757471,0
dynamic::glm-5.3-high::all-arms::Omega_hat_StateLoad,glm-5.3-high::problem-08/post-loop-state,problem-08,sha256:e32673ca942baf21e1de8014e35df297a78a6d254c419164d155a8af936e67b4,glm-5.3-high,post-loop-state,all-arms,dynamic,Omega_hat_StateLoad,98048888,0
dynamic::glm-5.3-high::all-arms::Omega_hat_StateLoad,glm-5.3-high::problem-08/long-trace-final,problem-08,sha256:f4f4c04290dfd1722493e9d5e7c6c040d58b8f4f1f2ea1ffd0972f45a5893717,glm-5.3-high,long-trace-final,all-arms,dynamic,Omega_hat_StateLoad,100512495,0
dynamic::glm-5.3-high::all-arms::Omega_hat_StateLoad,glm-5.3-high::problem-09/short-trace-final,problem-09,sha256:1f2e9f2d169b17ceb6021bac59f884fc4c71697048d44bcde003919a30c6bc01,glm-5.3-high,short-trace-final,all-arms,dynamic,Omega_hat_StateLoad,47997571,0
dynamic::glm-5.3-high::all-arms::Omega_hat_StateLoad,glm-5.3-high::problem-09/inside-loop-state,problem-09,sha256:221039cb3147683b097b9a9e97cbc35a8b09ba4e290f73be9b1bca308fd93ce3,glm-5.3-high,inside-loop-state,all-arms,dynamic,Omega_hat_StateLoad,88571383,0
dynamic::glm-5.3-high::all-arms::Omega_hat_StateLoad,glm-5.3-high::problem-09/post-loop-state,problem-09,sha256:2c9d501dc7cc0a1d91e2d7340569ca0ba384bdb40034069641418df06a065b02,glm-5.3-high,post-loop-state,all-arms,dynamic,Omega_hat_StateLoad,109696931,0
dynamic::glm-5.3-high::all-arms::Omega_hat_StateLoad,glm-5.3-high::problem-09/long-trace-final,problem-09,sha256:d5594fe452f9751f9e5a7096c8f016b17a3d1be5849b3882dd8846f268197c8d,glm-5.3-high,long-trace-final,all-arms,dynamic,Omega_hat_StateLoad,112165358,0
dynamic::glm-5.3-high::all-arms::Omega_hat_StateLoad,glm-5.3-high::problem-10/inside-loop-state,problem-10,sha256:4bfd0a8e336edf6d47adfddd74897b9784181700d614c66dab4d21903a7797cb,glm-5.3-high,inside-loop-state,all-arms,dynamic,Omega_hat_StateLoad,87339701,0
dynamic::glm-5.3-high::all-arms::Omega_hat_StateLoad,glm-5.3-high::problem-10/short-trace-final,problem-10,sha256:68a7353ba44980aa7c94507c7d2506366b7e1a6d3a9840cec0ba3fd243bb86ef,glm-5.3-high,short-trace-final,all-arms,dynamic,Omega_hat_StateLoad,47569262,0
dynamic::glm-5.3-high::all-arms::Omega_hat_StateLoad,glm-5.3-high::problem-10/post-loop-state,problem-10,sha256:6d34f6c50beb59b579b867aa64417c1f8e212aca0c7dba85a4f8d73ad6395e15,glm-5.3-high,post-loop-state,all-arms,dynamic,Omega_hat_StateLoad,104128226,0
dynamic::glm-5.3-high::all-arms::Omega_hat_StateLoad,glm-5.3-high::problem-10/long-trace-final,problem-10,sha256:b9350571c682c8ce1a385a3827b09b6195b6b0de80c103fe5638970bd0396907,glm-5.3-high,long-trace-final,all-arms,dynamic,Omega_hat_StateLoad,106586617,0
dynamic::glm-5.3-high::all-arms::Omega_hat_StateLoad,glm-5.3-high::problem-11/short-trace-final,problem-11,sha256:26270b738997e89a812774051cc9205ec744eed12d5397ba27730fd1f3616545,glm-5.3-high,short-trace-final,all-arms,dynamic,Omega_hat_StateLoad,249445643,0
dynamic::glm-5.3-high::all-arms::Omega_hat_StateLoad,glm-5.3-high::problem-11/long-trace-final,problem-11,sha256:37449d8e8c91c57d5e2c5704a43fc22c0bd0599b769db5d859947f119c59900a,glm-5.3-high,long-trace-final,all-arms,dynamic,Omega_hat_StateLoad,444084450,0
dynamic::glm-5.3-high::all-arms::Omega_hat_StateLoad,glm-5.3-high::problem-11/post-loop-state,problem-11,sha256:89cf19a5769900427442f00c16f675ef52b8c60cb6f502a5e54dafd29cbaa7b3,glm-5.3-high,post-loop-state,all-arms,dynamic,Omega_hat_StateLoad,435321587,0
dynamic::glm-5.3-high::all-arms::Omega_hat_StateLoad,glm-5.3-high::problem-11/inside-loop-state,problem-11,sha256:9e616055a8b294cc727870ca9d00854bfd4625609bfaf8f7f208f2affda4e187,glm-5.3-high,inside-loop-state,all-arms,dynamic,Omega_hat_StateLoad,368909967,0
dynamic::glm-5.3-high::all-arms::Omega_hat_StateLoad,glm-5.3-high::problem-12/inside-loop-state,problem-12,sha256:7b5df0851254363517f3ded42cf7a385fa51a85dd64743e6e008669e0faf5b82,glm-5.3-high,inside-loop-state,all-arms,dynamic,Omega_hat_StateLoad,373082051,0
dynamic::glm-5.3-high::all-arms::Omega_hat_StateLoad,glm-5.3-high::problem-12/short-trace-final,problem-12,sha256:85aa9c8d83f90f5ce7ad3cbf050a51a8d8f6994499cd2159cb23a7ea82b1849e,glm-5.3-high,short-trace-final,all-arms,dynamic,Omega_hat_StateLoad,241014984,0
dynamic::glm-5.3-high::all-arms::Omega_hat_StateLoad,glm-5.3-high::problem-12/post-loop-state,problem-12,sha256:958460d7ecf7621b9ecf5669fda846e1d9c0a7b4b399190aeed32c7df8b0699e,glm-5.3-high,post-loop-state,all-arms,dynamic,Omega_hat_StateLoad,424195504,0
dynamic::glm-5.3-high::all-arms::Omega_hat_StateLoad,glm-5.3-high::problem-12/long-trace-final,problem-12,sha256:bbf72f7493684d660693adfc81bbd175088f4b46afda09d4b298512c72508c1b,glm-5.3-high,long-trace-final,all-arms,dynamic,Omega_hat_StateLoad,432951324,0
dynamic::glm-5.3-high::all-arms::Omega_hat_StateLoad,glm-5.3-high::problem-13/inside-loop-state,problem-13,sha256:2b247ce5916acd9195152fced59de2ae563f4cbdd37bfd795074e5f2ec115251,glm-5.3-high,inside-loop-state,all-arms,dynamic,Omega_hat_StateLoad,383128645,0
dynamic::glm-5.3-high::all-arms::Omega_hat_StateLoad,glm-5.3-high::problem-13/post-loop-state,problem-13,sha256:5c4433c9aa1b024d200559d67bbc7d578a21c39d10fb03ce2c6a5caae255993f,glm-5.3-high,post-loop-state,all-arms,dynamic,Omega_hat_StateLoad,481716808,0
dynamic::glm-5.3-high::all-arms::Omega_hat_StateLoad,glm-5.3-high::problem-13/short-trace-final,problem-13,sha256:eccc604db1d5cc06fe2c28b2456d93ecb100590e01fd6ce576ad76161a08aada,glm-5.3-high,short-trace-final,all-arms,dynamic,Omega_hat_StateLoad,235146035,0
dynamic::glm-5.3-high::all-arms::Omega_hat_StateLoad,glm-5.3-high::problem-13/long-trace-final,problem-13,sha256:fc03a1fd966e3a60af4264cb997a959b0d3d39ccb2cc7f6636f0659db36c1fcf,glm-5.3-high,long-trace-final,all-arms,dynamic,Omega_hat_StateLoad,490517655,0
dynamic::glm-5.3-high::all-arms::Omega_hat_StateLoad,glm-5.3-high::problem-14/short-trace-final,problem-14,sha256:929856d52b4d3a50a8d477f065732fc3ff381b1ec26dfd9672f1bb3e81b9112e,glm-5.3-high,short-trace-final,all-arms,dynamic,Omega_hat_StateLoad,229471960,0
dynamic::glm-5.3-high::all-arms::Omega_hat_StateLoad,glm-5.3-high::problem-14/post-loop-state,problem-14,sha256:a428733484eb9e4568dc0f1944310d728394aa7a5f597f21fad8a5f17c349a92,glm-5.3-high,post-loop-state,all-arms,dynamic,Omega_hat_StateLoad,445181821,0
dynamic::glm-5.3-high::all-arms::Omega_hat_StateLoad,glm-5.3-high::problem-14/inside-loop-state,problem-14,sha256:b92de04f170b8d7777731ffc17b0ef112672dde69764b2e2b4544f1cbbfd2775,glm-5.3-high,inside-loop-state,all-arms,dynamic,Omega_hat_StateLoad,361942611,0
dynamic::glm-5.3-high::all-arms::Omega_hat_StateLoad,glm-5.3-high::problem-14/long-trace-final,problem-14,sha256:e692c2f7963ddc6244570169d2564497fe9f12ef39e36f0f4f9f973b508f3616,glm-5.3-high,long-trace-final,all-arms,dynamic,Omega_hat_StateLoad,453984472,0
dynamic::glm-5.3-high::all-arms::Omega_hat_StateLoad,glm-5.3-high::problem-15/post-loop-state,problem-15,sha256:12301c45635de868f2a4e921222d940fcf33c2f6205d05fc21454266cfbc3061,glm-5.3-high,post-loop-state,all-arms,dynamic,Omega_hat_StateLoad,427703242,0
dynamic::glm-5.3-high::all-arms::Omega_hat_StateLoad,glm-5.3-high::problem-15/inside-loop-state,problem-15,sha256:50e103eb8654ee1640e95f86191fb481f0e07e0bd366e6b5ce47d20c0a200912,glm-5.3-high,inside-loop-state,all-arms,dynamic,Omega_hat_StateLoad,356915477,0
dynamic::glm-5.3-high::all-arms::Omega_hat_StateLoad,glm-5.3-high::problem-15/short-trace-final,problem-15,sha256:649f09230fe16bc947760c4387cd544c37fec8d49083a073371770fa5ae3e1d1,glm-5.3-high,short-trace-final,all-arms,dynamic,Omega_hat_StateLoad,223803302,0
dynamic::glm-5.3-high::all-arms::Omega_hat_StateLoad,glm-5.3-high::problem-15/long-trace-final,problem-15,sha256:8ab718d447d5782861bfa1a8a089a1b4a55c3c55b6ead5ff4abb068409ec1b6b,glm-5.3-high,long-trace-final,all-arms,dynamic,Omega_hat_StateLoad,436441041,0
dynamic::glm-5.3-high::all-arms::Omega_hat_StateLoad,glm-5.3-high::problem-16/short-trace-final,problem-16,sha256:64670fb8a7f19547ad0b0c7647c368cf26d355b1d2e0bedbf884079ff09d87fb,glm-5.3-high,short-trace-final,all-arms,dynamic,Omega_hat_StateLoad,228210805,0
dynamic::glm-5.3-high::all-arms::Omega_hat_StateLoad,glm-5.3-high::problem-16/post-loop-state,problem-16,sha256:8368e978d24c4b3ea18f7eb2ea99706b1e5473aa07f13c4bb3fe6fe619fee763,glm-5.3-high,post-loop-state,all-arms,dynamic,Omega_hat_StateLoad,412755169,0
dynamic::glm-5.3-high::all-arms::Omega_hat_StateLoad,glm-5.3-high::problem-16/long-trace-final,problem-16,sha256:a01be6f53c51de04e80ef9a1b56b33bd854ea547c3ab8fbf01dd1719b64424e2,glm-5.3-high,long-trace-final,all-arms,dynamic,Omega_hat_StateLoad,421537045,0
dynamic::glm-5.3-high::all-arms::Omega_hat_StateLoad,glm-5.3-high::problem-16/inside-loop-state,problem-16,sha256:e785fbb7c44714837a925d69b7a0b7764633037949cf8e2d8eee2ac7af673285,glm-5.3-high,inside-loop-state,all-arms,dynamic,Omega_hat_StateLoad,368180968,0
dynamic::glm-5.3-high::all-arms::Omega_hat_StateLoad,glm-5.3-high::problem-17/short-trace-final,problem-17,sha256:23bfd7217d9ba652a3156953e53db1b393d9093de1553e00151f9992835a6c12,glm-5.3-high,short-trace-final,all-arms,dynamic,Omega_hat_StateLoad,223229148,0
dynamic::glm-5.3-high::all-arms::Omega_hat_StateLoad,glm-5.3-high::problem-17/post-loop-state,problem-17,sha256:a71207cf0c9322ded7b4ad736d0eb7fe58ca15c45d6aad6ed8aa8f7de3eda7b2,glm-5.3-high,post-loop-state,all-arms,dynamic,Omega_hat_StateLoad,454871889,0
dynamic::glm-5.3-high::all-arms::Omega_hat_StateLoad,glm-5.3-high::problem-17/long-trace-final,problem-17,sha256:c1d6591d0bf5a1829058e47370a9ecca6ddf09033379e65669b82b28603cf1e2,glm-5.3-high,long-trace-final,all-arms,dynamic,Omega_hat_StateLoad,463649225,0
dynamic::glm-5.3-high::all-arms::Omega_hat_StateLoad,glm-5.3-high::problem-17/inside-loop-state,problem-17,sha256:ffbe22e9b9ecc46324d4d5b73a4a9fb9116281954ab9775b607d59ad2563ff75,glm-5.3-high,inside-loop-state,all-arms,dynamic,Omega_hat_StateLoad,383560235,0
dynamic::glm-5.3-high::all-arms::Omega_hat_StateLoad,glm-5.3-high::problem-18/long-trace-final,problem-18,sha256:3e1043702949a2334ffeb4aae795b5838059d006655a0bbf6798f0b6adeb085f,glm-5.3-high,long-trace-final,all-arms,dynamic,Omega_hat_StateLoad,428678521,0
dynamic::glm-5.3-high::all-arms::Omega_hat_StateLoad,glm-5.3-high::problem-18/short-trace-final,problem-18,sha256:55ce2dca47dbe112e5ff867e7e8bfbd2311a4010bf0497e1f33d5e2d3b6b309d,glm-5.3-high,short-trace-final,all-arms,dynamic,Omega_hat_StateLoad,218821560,0
dynamic::glm-5.3-high::all-arms::Omega_hat_StateLoad,glm-5.3-high::problem-18/inside-loop-state,problem-18,sha256:d9fde9c0b10033b45350be818f38a02f7530deefc277daf7ca51e91be628bf0d,glm-5.3-high,inside-loop-state,all-arms,dynamic,Omega_hat_StateLoad,371614735,0
dynamic::glm-5.3-high::all-arms::Omega_hat_StateLoad,glm-5.3-high::problem-18/post-loop-state,problem-18,sha256:ec5ffe88fa32f58a281e2a9be9970228c8f780ce294441e0d8ca083c44ab7cb9,glm-5.3-high,post-loop-state,all-arms,dynamic,Omega_hat_StateLoad,419932136,0
dynamic::glm-5.3-high::all-arms::Omega_hat_StateLoad,glm-5.3-high::problem-19/long-trace-final,problem-19,sha256:48814bea3c8f1e5cd1614a147556846e339503cb69e0803c858796e6f058c6eb,glm-5.3-high,long-trace-final,all-arms,dynamic,Omega_hat_StateLoad,479650352,0
dynamic::glm-5.3-high::all-arms::Omega_hat_StateLoad,glm-5.3-high::problem-19/post-loop-state,problem-19,sha256:67005c3e5fba330dd029ce911161dd9d7c281181ffdda26a6c04f791843ce5b0,glm-5.3-high,post-loop-state,all-arms,dynamic,Omega_hat_StateLoad,470831132,0
dynamic::glm-5.3-high::all-arms::Omega_hat_StateLoad,glm-5.3-high::problem-19/inside-loop-state,problem-19,sha256:7c4063bd0e506396a919ac229901d3779224482c2f0a86685fac407a77181b08,glm-5.3-high,inside-loop-state,all-arms,dynamic,Omega_hat_StateLoad,377812973,0
dynamic::glm-5.3-high::all-arms::Omega_hat_StateLoad,glm-5.3-high::problem-19/short-trace-final,problem-19,sha256:e573b78b30a2d6877c5e647ea6ef1ebbe778918dafdef3ce3ca1ef425adf4aae,glm-5.3-high,short-trace-final,all-arms,dynamic,Omega_hat_StateLoad,264764292,0
dynamic::glm-5.3-high::all-arms::Omega_hat_StateLoad,glm-5.3-high::problem-20/post-loop-state,problem-20,sha256:18ed8611483fb7761108ab3d6d83b912b08a4b16125c798ed34fc0e54d1d0305,glm-5.3-high,post-loop-state,all-arms,dynamic,Omega_hat_StateLoad,433057980,0
dynamic::glm-5.3-high::all-arms::Omega_hat_StateLoad,glm-5.3-high::problem-20/short-trace-final,problem-20,sha256:9e0c8296a9f0717b3ada2dc70705058a39ba1d561df45643b9a79d3f62c7ee4f,glm-5.3-high,short-trace-final,all-arms,dynamic,Omega_hat_StateLoad,225373297,0
dynamic::glm-5.3-high::all-arms::Omega_hat_StateLoad,glm-5.3-high::problem-20/inside-loop-state,problem-20,sha256:bd5bcbf1a9fbe0d7ec617f2eb09018adffc1493412d300f645de5abb9bb358e1,glm-5.3-high,inside-loop-state,all-arms,dynamic,Omega_hat_StateLoad,367739149,0
dynamic::glm-5.3-high::all-arms::Omega_hat_StateLoad,glm-5.3-high::problem-20/long-trace-final,problem-20,sha256:cfdd0f3fcdabe8556447869245ebb13768cf9520d32294331ed86a2fcdda934e,glm-5.3-high,long-trace-final,all-arms,dynamic,Omega_hat_StateLoad,441795364,0
dynamic::glm-5.3-high::all-arms::Omega_hat_StateLoad,glm-5.3-high::problem-21/inside-loop-state,problem-21,sha256:6b893d1fe6186f33bb87627c625c620c60c23d16b1eb380e5428287d7bcd173b,glm-5.3-high,inside-loop-state,all-arms,dynamic,Omega_hat_StateLoad,1387445444,0
dynamic::glm-5.3-high::all-arms::Omega_hat_StateLoad,glm-5.3-high::problem-21/long-trace-final,problem-21,sha256:abae68d8201478b8273623d6f31c7f95f798e23c59176c1c030258097c23bc2a,glm-5.3-high,long-trace-final,all-arms,dynamic,Omega_hat_StateLoad,1658937208,0
dynamic::glm-5.3-high::all-arms::Omega_hat_StateLoad,glm-5.3-high::problem-21/post-loop-state,problem-21,sha256:b1ba4c145bc3491180d71e43456f0de195530e4eda327d97e480319644d54468,glm-5.3-high,post-loop-state,all-arms,dynamic,Omega_hat_StateLoad,1630988145,0
dynamic::glm-5.3-high::all-arms::Omega_hat_StateLoad,glm-5.3-high::problem-21/short-trace-final,problem-21,sha256:c08e9d12f0c628db74c80e296b9aeaa44f2ff442479546e4521c875bc621edcf,glm-5.3-high,short-trace-final,all-arms,dynamic,Omega_hat_StateLoad,1004305853,0
dynamic::glm-5.3-high::all-arms::Omega_hat_StateLoad,glm-5.3-high::problem-22/post-loop-state,problem-22,sha256:642b405db89f31906ffda3368213a2dea48b194489eef14859eba92a495738dc,glm-5.3-high,post-loop-state,all-arms,dynamic,Omega_hat_StateLoad,1665467754,0
dynamic::glm-5.3-high::all-arms::Omega_hat_StateLoad,glm-5.3-high::problem-22/inside-loop-state,problem-22,sha256:895a3e331a4a70e78f11ec4c30afb51f9695d33bfe2745487c604118a27dc196,glm-5.3-high,inside-loop-state,all-arms,dynamic,Omega_hat_StateLoad,1441450912,0
dynamic::glm-5.3-high::all-arms::Omega_hat_StateLoad,glm-5.3-high::problem-22/short-trace-final,problem-22,sha256:bdfb4ea940fcc763a5c0367908bb8a2418611ecbf44f222ddd6008ab05066e5a,glm-5.3-high,short-trace-final,all-arms,dynamic,Omega_hat_StateLoad,995709142,0
dynamic::glm-5.3-high::all-arms::Omega_hat_StateLoad,glm-5.3-high::problem-22/long-trace-final,problem-22,sha256:d095f6706999a481b592168652c7c699ef339254946149818a5f8ab337c7f262,glm-5.3-high,long-trace-final,all-arms,dynamic,Omega_hat_StateLoad,1693333624,0
dynamic::glm-5.3-high::all-arms::Omega_hat_StateLoad,glm-5.3-high::problem-23/long-trace-final,problem-23,sha256:1245ebbf69a81bcb8f23d1a367d4077c7ff732cf2ca37e553c4ad80d11a1687e,glm-5.3-high,long-trace-final,all-arms,dynamic,Omega_hat_StateLoad,1737760921,0
dynamic::glm-5.3-high::all-arms::Omega_hat_StateLoad,glm-5.3-high::problem-23/short-trace-final,problem-23,sha256:78febcc2681676995da118209adc295d1c6f8449ddc2f697eff5823e74d2c92b,glm-5.3-high,short-trace-final,all-arms,dynamic,Omega_hat_StateLoad,1035105717,0
dynamic::glm-5.3-high::all-arms::Omega_hat_StateLoad,glm-5.3-high::problem-23/inside-loop-state,problem-23,sha256:c5b04d442721c6e23d53ded804f222ca9bc2bd35cb825d975482627fa2f68eb8,glm-5.3-high,inside-loop-state,all-arms,dynamic,Omega_hat_StateLoad,1455506026,0
dynamic::glm-5.3-high::all-arms::Omega_hat_StateLoad,glm-5.3-high::problem-23/post-loop-state,problem-23,sha256:f422207380b27c4b9c9e1403517b42b55f6342cd02514f3d18cff14a6eaf23b9,glm-5.3-high,post-loop-state,all-arms,dynamic,Omega_hat_StateLoad,1709832203,0
dynamic::glm-5.3-high::all-arms::Omega_hat_StateLoad,glm-5.3-high::problem-24/long-trace-final,problem-24,sha256:312cb1244299d8ea29ce3be52759a05aaf6f571f4cabdb8de4cdfefc53c21127,glm-5.3-high,long-trace-final,all-arms,dynamic,Omega_hat_StateLoad,1732693205,0
dynamic::glm-5.3-high::all-arms::Omega_hat_StateLoad,glm-5.3-high::problem-24/post-loop-state,problem-24,sha256:a9bba3e75ac97caf5a230d723fd189724ff0563bea2bef0b001eb7655cd5c948,glm-5.3-high,post-loop-state,all-arms,dynamic,Omega_hat_StateLoad,1704789888,0
dynamic::glm-5.3-high::all-arms::Omega_hat_StateLoad,glm-5.3-high::problem-24/inside-loop-state,problem-24,sha256:c151679cf530cdccea973844a665dbb377147bfda08d781a73e4cebd8e7aa207,glm-5.3-high,inside-loop-state,all-arms,dynamic,Omega_hat_StateLoad,1456710920,0
dynamic::glm-5.3-high::all-arms::Omega_hat_StateLoad,glm-5.3-high::problem-24/short-trace-final,problem-24,sha256:da5e2129ac6eb31efb9c60f4456bf6a53cf0c9c972c82515c6421612ad91b98c,glm-5.3-high,short-trace-final,all-arms,dynamic,Omega_hat_StateLoad,1011591849,0
dynamic::glm-5.3-high::all-arms::Omega_hat_StateLoad,glm-5.3-high::problem-25/inside-loop-state,problem-25,sha256:5e34e564ebcb950511aeb4040311983a4e917c9f539fe9bf740740d04ff82754,glm-5.3-high,inside-loop-state,all-arms,dynamic,Omega_hat_StateLoad,1450677610,0
dynamic::glm-5.3-high::all-arms::Omega_hat_StateLoad,glm-5.3-high::problem-25/post-loop-state,problem-25,sha256:75b110f0259dbaad71e4a3448a19097ec57bdd629d5281f6767d6860812b4c19,glm-5.3-high,post-loop-state,all-arms,dynamic,Omega_hat_StateLoad,1660597011,0
dynamic::glm-5.3-high::all-arms::Omega_hat_StateLoad,glm-5.3-high::problem-25/short-trace-final,problem-25,sha256:a40a9795cb938fde800d3c6170d0c04fa0258cbef4e26485156c279ea570a1c9,glm-5.3-high,short-trace-final,all-arms,dynamic,Omega_hat_StateLoad,1008410769,0
dynamic::glm-5.3-high::all-arms::Omega_hat_StateLoad,glm-5.3-high::problem-25/long-trace-final,problem-25,sha256:ea555a40d3f155ff207893e7327866c923e56b4bcc853fbea3e3ec27d9a3e419,glm-5.3-high,long-trace-final,all-arms,dynamic,Omega_hat_StateLoad,1688537779,0
dynamic::glm-5.3-high::all-arms::Omega_hat_StateLoad,glm-5.3-high::problem-26/post-loop-state,problem-26,sha256:09ad9f965884b1ca88246bf427ed30c073b3774cda0e3f8b1ba5fcb8a52876f0,glm-5.3-high,post-loop-state,all-arms,dynamic,Omega_hat_StateLoad,1637025804,0
dynamic::glm-5.3-high::all-arms::Omega_hat_StateLoad,glm-5.3-high::problem-26/long-trace-final,problem-26,sha256:8a0a9d72ece310a0393e6f8cd6161daa9fc85ca793d8f7a5effe7867b7b3610e,glm-5.3-high,long-trace-final,all-arms,dynamic,Omega_hat_StateLoad,1664953995,0
dynamic::glm-5.3-high::all-arms::Omega_hat_StateLoad,glm-5.3-high::problem-26/short-trace-final,problem-26,sha256:d366caa8929075d65d1d7b7db9700b9131f161a1ac0faff603b289cf7c5bce85,glm-5.3-high,short-trace-final,all-arms,dynamic,Omega_hat_StateLoad,990893735,0
dynamic::glm-5.3-high::all-arms::Omega_hat_StateLoad,glm-5.3-high::problem-26/inside-loop-state,problem-26,sha256:f9a0bdb83416f8938c7ae733c1f802841b3746ef0e2c9c69f4dfcd271e42f429,glm-5.3-high,inside-loop-state,all-arms,dynamic,Omega_hat_StateLoad,1425493185,0
dynamic::glm-5.3-high::all-arms::Omega_hat_StateLoad,glm-5.3-high::problem-27/long-trace-final,problem-27,sha256:1d4d6eaa0d724ed2eabbd6de906e694e29956478548df760cda79767a3d420aa,glm-5.3-high,long-trace-final,all-arms,dynamic,Omega_hat_StateLoad,1707495177,0
dynamic::glm-5.3-high::all-arms::Omega_hat_StateLoad,glm-5.3-high::problem-27/short-trace-final,problem-27,sha256:ac06f4eaa7953cf90f5b0f2b52580f1e113358761701f25264564a9119eed893,glm-5.3-high,short-trace-final,all-arms,dynamic,Omega_hat_StateLoad,992994367,0
dynamic::glm-5.3-high::all-arms::Omega_hat_StateLoad,glm-5.3-high::problem-27/inside-loop-state,problem-27,sha256:e8a7fd6ede3a54a7a6c46ba71aa8095c7036f8a67282fd35936d92bd03911640,glm-5.3-high,inside-loop-state,all-arms,dynamic,Omega_hat_StateLoad,1466366333,0
dynamic::glm-5.3-high::all-arms::Omega_hat_StateLoad,glm-5.3-high::problem-27/post-loop-state,problem-27,sha256:ec560b955bdd3cfdd9c93d7e5e9dec52b80d640de2b6aef03d7e59ab46ae487f,glm-5.3-high,post-loop-state,all-arms,dynamic,Omega_hat_StateLoad,1679542193,0
dynamic::glm-5.3-high::all-arms::Omega_hat_StateLoad,glm-5.3-high::problem-28/inside-loop-state,problem-28,sha256:8e7497c27f25952db2771db8b7d65a445fec890474e0eaf363433912b4448d98,glm-5.3-high,inside-loop-state,all-arms,dynamic,Omega_hat_StateLoad,1481491890,0
dynamic::glm-5.3-high::all-arms::Omega_hat_StateLoad,glm-5.3-high::problem-28/short-trace-final,problem-28,sha256:e48fd34b81d40474be4f17f911d0be54f3f4d0dcb7dcf485fbc4396c61acb108,glm-5.3-high,short-trace-final,all-arms,dynamic,Omega_hat_StateLoad,1062800798,0
dynamic::glm-5.3-high::all-arms::Omega_hat_StateLoad,glm-5.3-high::problem-28/long-trace-final,problem-28,sha256:eac890193eab32fcb83a9b96b1975d2ec0850ff443479a8e9fc22322b0fef1a3,glm-5.3-high,long-trace-final,all-arms,dynamic,Omega_hat_StateLoad,1810527588,0
dynamic::glm-5.3-high::all-arms::Omega_hat_StateLoad,glm-5.3-high::problem-28/post-loop-state,problem-28,sha256:eb32ac1b648907af496e87af77869c7d270abcf1a78e35194aff1abc7aad9814,glm-5.3-high,post-loop-state,all-arms,dynamic,Omega_hat_StateLoad,1782536347,0
dynamic::glm-5.3-high::all-arms::Omega_hat_StateLoad,glm-5.3-high::problem-29/post-loop-state,problem-29,sha256:266a35b82d6b7b97b632edbdec2e61ad18b6191c9dc4722cceec06e6f7cf3e7b,glm-5.3-high,post-loop-state,all-arms,dynamic,Omega_hat_StateLoad,1758180386,0
dynamic::glm-5.3-high::all-arms::Omega_hat_StateLoad,glm-5.3-high::problem-29/short-trace-final,problem-29,sha256:4ecced26b7df8a9b75c98baa33550ead17ba2313bbb605c2d1cb7baa2e29a52e,glm-5.3-high,short-trace-final,all-arms,dynamic,Omega_hat_StateLoad,1038443888,0
dynamic::glm-5.3-high::all-arms::Omega_hat_StateLoad,glm-5.3-high::problem-29/inside-loop-state,problem-29,sha256:6055ac1e5575ce92574c3669a2a3eb367092c36fb132bfce0cca3260851140e2,glm-5.3-high,inside-loop-state,all-arms,dynamic,Omega_hat_StateLoad,1492855257,0
dynamic::glm-5.3-high::all-arms::Omega_hat_StateLoad,glm-5.3-high::problem-29/long-trace-final,problem-29,sha256:dafab6181d512ecf0c71e74b5f580d6000813124811287d4fc852c2b145c4d20,glm-5.3-high,long-trace-final,all-arms,dynamic,Omega_hat_StateLoad,1786079483,0
dynamic::glm-5.3-high::all-arms::Omega_hat_StateLoad,glm-5.3-high::problem-30/inside-loop-state,problem-30,sha256:4956e45be9ac9fea2c36667b16c62bb1d6f435004d42c4e4b3b34a6a2de2fa26,glm-5.3-high,inside-loop-state,all-arms,dynamic,Omega_hat_StateLoad,1498251777,0
dynamic::glm-5.3-high::all-arms::Omega_hat_StateLoad,glm-5.3-high::problem-30/short-trace-final,problem-30,sha256:84ea88c1bf723ea51c2ae8d1c8fe25aa5d3dc5be93e0882e4f0cf0be0e4137bb,glm-5.3-high,short-trace-final,all-arms,dynamic,Omega_hat_StateLoad,940031874,0
dynamic::glm-5.3-high::all-arms::Omega_hat_StateLoad,glm-5.3-high::problem-30/long-trace-final,problem-30,sha256:c2098a098a924cecff89d4a804a7f8d840ecd0538821c278601a32140bcca3f8,glm-5.3-high,long-trace-final,all-arms,dynamic,Omega_hat_StateLoad,1715866385,0
dynamic::glm-5.3-high::all-arms::Omega_hat_StateLoad,glm-5.3-high::problem-30/post-loop-state,problem-30,sha256:e69e021f535c9d0fc24b0101f47f65371d3832409890cf0484859bf2d6e98e0b,glm-5.3-high,post-loop-state,all-arms,dynamic,Omega_hat_StateLoad,1687925298,0
dynamic::glm-5.3-high::all-arms::Omega_hat_StateSize,glm-5.3-high::problem-01/inside-loop-state,problem-01,sha256:0547b42885dc201376fb93765a3c7da6c077a0338c243dcae8c262108a061af1,glm-5.3-high,inside-loop-state,all-arms,dynamic,Omega_hat_StateSize,3288,0
dynamic::glm-5.3-high::all-arms::Omega_hat_StateSize,glm-5.3-high::problem-01/long-trace-final,problem-01,sha256:56d9affe274f136e1933852e8f797cfb86ea3bed95c016b04556b2c4ca152b2c,glm-5.3-high,long-trace-final,all-arms,dynamic,Omega_hat_StateSize,3287,0
dynamic::glm-5.3-high::all-arms::Omega_hat_StateSize,glm-5.3-high::problem-01/short-trace-final,problem-01,sha256:73ad8aafe6d235df156f603343f220d5bf0bf095034c7c09e4647aec6b75183c,glm-5.3-high,short-trace-final,all-arms,dynamic,Omega_hat_StateSize,3282,0
dynamic::glm-5.3-high::all-arms::Omega_hat_StateSize,glm-5.3-high::problem-01/post-loop-state,problem-01,sha256:8c394bb669c6429a6cc8371df442ba1284632f5fd03fcf20b87ec42c6b002666,glm-5.3-high,post-loop-state,all-arms,dynamic,Omega_hat_StateSize,3287,0
dynamic::glm-5.3-high::all-arms::Omega_hat_StateSize,glm-5.3-high::problem-02/long-trace-final,problem-02,sha256:2c6c086992c204f9156a73eca1a86fe4ad8b4777c9b50ca69f44efa3a0ec804d,glm-5.3-high,long-trace-final,all-arms,dynamic,Omega_hat_StateSize,3300,0
dynamic::glm-5.3-high::all-arms::Omega_hat_StateSize,glm-5.3-high::problem-02/inside-loop-state,problem-02,sha256:43ea44d05f37e33633d2f43ad399b115c3066c018f15acef6f477c034fdda927,glm-5.3-high,inside-loop-state,all-arms,dynamic,Omega_hat_StateSize,3291,0
dynamic::glm-5.3-high::all-arms::Omega_hat_StateSize,glm-5.3-high::problem-02/post-loop-state,problem-02,sha256:ba7d1febfb83991899883c292120818d9f29e3dd565ec4a93b6368650d9b3d8b,glm-5.3-high,post-loop-state,all-arms,dynamic,Omega_hat_StateSize,3300,0
dynamic::glm-5.3-high::all-arms::Omega_hat_StateSize,glm-5.3-high::problem-02/short-trace-final,problem-02,sha256:c045cedad0407af52c2d7faa26f00e6fb48605031adc73be301bb6ee469d0a00,glm-5.3-high,short-trace-final,all-arms,dynamic,Omega_hat_StateSize,3273,0
dynamic::glm-5.3-high::all-arms::Omega_hat_StateSize,glm-5.3-high::problem-03/post-loop-state,problem-03,sha256:2acfa20a7ee16e7c373ae0cf23d876f6106fe1856336ee95352a6619b1420010,glm-5.3-high,post-loop-state,all-arms,dynamic,Omega_hat_StateSize,3293,0
dynamic::glm-5.3-high::all-arms::Omega_hat_StateSize,glm-5.3-high::problem-03/inside-loop-state,problem-03,sha256:587d5ad47aee9baac51abb2d6ac720bc8b29f8e6c6f98e2e7066bb6d8bac30a1,glm-5.3-high,inside-loop-state,all-arms,dynamic,Omega_hat_StateSize,3294,0
dynamic::glm-5.3-high::all-arms::Omega_hat_StateSize,glm-5.3-high::problem-03/long-trace-final,problem-03,sha256:5cd8a44109e568c902e2d582d4448650c2d4a64ee9ae4e391cf17a60348468b4,glm-5.3-high,long-trace-final,all-arms,dynamic,Omega_hat_StateSize,3293,0
dynamic::glm-5.3-high::all-arms::Omega_hat_StateSize,glm-5.3-high::problem-03/short-trace-final,problem-03,sha256:de9b7f7e58c8ec2d2f824891cdd79a1b094a45ac4742558225294573439b316d,glm-5.3-high,short-trace-final,all-arms,dynamic,Omega_hat_StateSize,3245,0
dynamic::glm-5.3-high::all-arms::Omega_hat_StateSize,glm-5.3-high::problem-04/short-trace-final,problem-04,sha256:05aae40bc36e0df65171215e791c8e10e79babb0960ce78b876515d48b8accae,glm-5.3-high,short-trace-final,all-arms,dynamic,Omega_hat_StateSize,3268,0
dynamic::glm-5.3-high::all-arms::Omega_hat_StateSize,glm-5.3-high::problem-04/long-trace-final,problem-04,sha256:7ad230089b4b878cee95f70563245eea351dea877118fcf8a597be6bd90d14f5,glm-5.3-high,long-trace-final,all-arms,dynamic,Omega_hat_StateSize,3282,0
dynamic::glm-5.3-high::all-arms::Omega_hat_StateSize,glm-5.3-high::problem-04/post-loop-state,problem-04,sha256:94ab1f7d2732d7ff5cef895f5b77e7fd081702b993a6eb7d3d5c505592cefb21,glm-5.3-high,post-loop-state,all-arms,dynamic,Omega_hat_StateSize,3282,0
dynamic::glm-5.3-high::all-arms::Omega_hat_StateSize,glm-5.3-high::problem-04/inside-loop-state,problem-04,sha256:9aaa594325de39aafc50a9d96c539f0c1166bd50a8eff8c49c14c84270c4ff59,glm-5.3-high,inside-loop-state,all-arms,dynamic,Omega_hat_StateSize,3283,0
dynamic::glm-5.3-high::all-arms::Omega_hat_StateSize,glm-5.3-high::problem-05/post-loop-state,problem-05,sha256:0f684ff85de199f8f7c7ffc32375f9b9e62fa5827fcecce50fb5d60bca08e280,glm-5.3-high,post-loop-state,all-arms,dynamic,Omega_hat_StateSize,3292,0
dynamic::glm-5.3-high::all-arms::Omega_hat_StateSize,glm-5.3-high::problem-05/long-trace-final,problem-05,sha256:5a4822c8f4e084302eeecb07be76313448d56e02db866843273cfa2a79ca9b73,glm-5.3-high,long-trace-final,all-arms,dynamic,Omega_hat_StateSize,3292,0
dynamic::glm-5.3-high::all-arms::Omega_hat_StateSize,glm-5.3-high::problem-05/short-trace-final,problem-05,sha256:9f6345f351d6266c0c09238729ff08378ce70e23ac0267c2e41f067733d6f579,glm-5.3-high,short-trace-final,all-arms,dynamic,Omega_hat_StateSize,3261,0
dynamic::glm-5.3-high::all-arms::Omega_hat_StateSize,glm-5.3-high::problem-05/inside-loop-state,problem-05,sha256:e22303dc39b5dd7a5cac47da11bd364b0897fb8d8d9099162d7706552f9fa372,glm-5.3-high,inside-loop-state,all-arms,dynamic,Omega_hat_StateSize,3293,0
dynamic::glm-5.3-high::all-arms::Omega_hat_StateSize,glm-5.3-high::problem-06/long-trace-final,problem-06,sha256:061a7cf51e116aa318d53740cdc4d580b6c9767f126c91061a484987b96cd0c7,glm-5.3-high,long-trace-final,all-arms,dynamic,Omega_hat_StateSize,3288,0
dynamic::glm-5.3-high::all-arms::Omega_hat_StateSize,glm-5.3-high::problem-06/post-loop-state,problem-06,sha256:2c10823e77f28c1bd27318dfe6f1918fbe52e06174725d89f5e5d33bd0bd5510,glm-5.3-high,post-loop-state,all-arms,dynamic,Omega_hat_StateSize,3288,0
dynamic::glm-5.3-high::all-arms::Omega_hat_StateSize,glm-5.3-high::problem-06/short-trace-final,problem-06,sha256:6a88d2c05b775fcb748a8354a26e9d76a3a40fbeb4478fdc3ede8d3a216d580f,glm-5.3-high,short-trace-final,all-arms,dynamic,Omega_hat_StateSize,3267,0
dynamic::glm-5.3-high::all-arms::Omega_hat_StateSize,glm-5.3-high::problem-06/inside-loop-state,problem-06,sha256:cd00c1a7e81437959f3f7ae75d1cd3869cff5bb6980eec8d78e39979ad3c2a27,glm-5.3-high,inside-loop-state,all-arms,dynamic,Omega_hat_StateSize,3289,0
dynamic::glm-5.3-high::all-arms::Omega_hat_StateSize,glm-5.3-high::problem-07/long-trace-final,problem-07,sha256:0038af217dac3eb4ec50de238581737dacd10f0887c0b2b7bf8c89208e6efac5,glm-5.3-high,long-trace-final,all-arms,dynamic,Omega_hat_StateSize,3300,0
dynamic::glm-5.3-high::all-arms::Omega_hat_StateSize,glm-5.3-high::problem-07/inside-loop-state,problem-07,sha256:3f021ab7fd773d4b5707b65f0ddba29e4e2f31918c7ad194865bdfdb2cc2fc23,glm-5.3-high,inside-loop-state,all-arms,dynamic,Omega_hat_StateSize,3301,0
dynamic::glm-5.3-high::all-arms::Omega_hat_StateSize,glm-5.3-high::problem-07/post-loop-state,problem-07,sha256:9e457d18bfaac327399393fdb975773303e803b2fd677d4bd2e6b7cd4ddc624c,glm-5.3-high,post-loop-state,all-arms,dynamic,Omega_hat_StateSize,3300,0
dynamic::glm-5.3-high::all-arms::Omega_hat_StateSize,glm-5.3-high::problem-07/short-trace-final,problem-07,sha256:a804134b8daa3d73abbebef8e0e40694e39211ed7153b6ad7591756fe33cd167,glm-5.3-high,short-trace-final,all-arms,dynamic,Omega_hat_StateSize,3281,0
dynamic::glm-5.3-high::all-arms::Omega_hat_StateSize,glm-5.3-high::problem-08/inside-loop-state,problem-08,sha256:7064354a09226b66ebb7194c3454eab73c7a5d95fb26e79e1817e12584f3f310,glm-5.3-high,inside-loop-state,all-arms,dynamic,Omega_hat_StateSize,3284,0
dynamic::glm-5.3-high::all-arms::Omega_hat_StateSize,glm-5.3-high::problem-08/short-trace-final,problem-08,sha256:a7da9f82ea01769a6b8a112317eee4c6cc1f6de1fd6fdd14a5537d4ac9c80a0f,glm-5.3-high,short-trace-final,all-arms,dynamic,Omega_hat_StateSize,3272,0
dynamic::glm-5.3-high::all-arms::Omega_hat_StateSize,glm-5.3-high::problem-08/post-loop-state,problem-08,sha256:e32673ca942baf21e1de8014e35df297a78a6d254c419164d155a8af936e67b4,glm-5.3-high,post-loop-state,all-arms,dynamic,Omega_hat_StateSize,3289,0
dynamic::glm-5.3-high::all-arms::Omega_hat_StateSize,glm-5.3-high::problem-08/long-trace-final,problem-08,sha256:f4f4c04290dfd1722493e9d5e7c6c040d58b8f4f1f2ea1ffd0972f45a5893717,glm-5.3-high,long-trace-final,all-arms,dynamic,Omega_hat_StateSize,3289,0
dynamic::glm-5.3-high::all-arms::Omega_hat_StateSize,glm-5.3-high::problem-09/short-trace-final,problem-09,sha256:1f2e9f2d169b17ceb6021bac59f884fc4c71697048d44bcde003919a30c6bc01,glm-5.3-high,short-trace-final,all-arms,dynamic,Omega_hat_StateSize,3267,0
dynamic::glm-5.3-high::all-arms::Omega_hat_StateSize,glm-5.3-high::problem-09/inside-loop-state,problem-09,sha256:221039cb3147683b097b9a9e97cbc35a8b09ba4e290f73be9b1bca308fd93ce3,glm-5.3-high,inside-loop-state,all-arms,dynamic,Omega_hat_StateSize,3286,0
dynamic::glm-5.3-high::all-arms::Omega_hat_StateSize,glm-5.3-high::problem-09/post-loop-state,problem-09,sha256:2c9d501dc7cc0a1d91e2d7340569ca0ba384bdb40034069641418df06a065b02,glm-5.3-high,post-loop-state,all-arms,dynamic,Omega_hat_StateSize,3285,0
dynamic::glm-5.3-high::all-arms::Omega_hat_StateSize,glm-5.3-high::problem-09/long-trace-final,problem-09,sha256:d5594fe452f9751f9e5a7096c8f016b17a3d1be5849b3882dd8846f268197c8d,glm-5.3-high,long-trace-final,all-arms,dynamic,Omega_hat_StateSize,3285,0
dynamic::glm-5.3-high::all-arms::Omega_hat_StateSize,glm-5.3-high::problem-10/inside-loop-state,problem-10,sha256:4bfd0a8e336edf6d47adfddd74897b9784181700d614c66dab4d21903a7797cb,glm-5.3-high,inside-loop-state,all-arms,dynamic,Omega_hat_StateSize,3278,0
dynamic::glm-5.3-high::all-arms::Omega_hat_StateSize,glm-5.3-high::problem-10/short-trace-final,problem-10,sha256:68a7353ba44980aa7c94507c7d2506366b7e1a6d3a9840cec0ba3fd243bb86ef,glm-5.3-high,short-trace-final,all-arms,dynamic,Omega_hat_StateSize,3276,0
dynamic::glm-5.3-high::all-arms::Omega_hat_StateSize,glm-5.3-high::problem-10/post-loop-state,problem-10,sha256:6d34f6c50beb59b579b867aa64417c1f8e212aca0c7dba85a4f8d73ad6395e15,glm-5.3-high,post-loop-state,all-arms,dynamic,Omega_hat_StateSize,3277,0
dynamic::glm-5.3-high::all-arms::Omega_hat_StateSize,glm-5.3-high::problem-10/long-trace-final,problem-10,sha256:b9350571c682c8ce1a385a3827b09b6195b6b0de80c103fe5638970bd0396907,glm-5.3-high,long-trace-final,all-arms,dynamic,Omega_hat_StateSize,3277,0
dynamic::glm-5.3-high::all-arms::Omega_hat_StateSize,glm-5.3-high::problem-11/short-trace-final,problem-11,sha256:26270b738997e89a812774051cc9205ec744eed12d5397ba27730fd1f3616545,glm-5.3-high,short-trace-final,all-arms,dynamic,Omega_hat_StateSize,6085,0
dynamic::glm-5.3-high::all-arms::Omega_hat_StateSize,glm-5.3-high::problem-11/long-trace-final,problem-11,sha256:37449d8e8c91c57d5e2c5704a43fc22c0bd0599b769db5d859947f119c59900a,glm-5.3-high,long-trace-final,all-arms,dynamic,Omega_hat_StateSize,6107,0
dynamic::glm-5.3-high::all-arms::Omega_hat_StateSize,glm-5.3-high::problem-11/post-loop-state,problem-11,sha256:89cf19a5769900427442f00c16f675ef52b8c60cb6f502a5e54dafd29cbaa7b3,glm-5.3-high,post-loop-state,all-arms,dynamic,Omega_hat_StateSize,6107,0
dynamic::glm-5.3-high::all-arms::Omega_hat_StateSize,glm-5.3-high::problem-11/inside-loop-state,problem-11,sha256:9e616055a8b294cc727870ca9d00854bfd4625609bfaf8f7f208f2affda4e187,glm-5.3-high,inside-loop-state,all-arms,dynamic,Omega_hat_StateSize,6108,0
dynamic::glm-5.3-high::all-arms::Omega_hat_StateSize,glm-5.3-high::problem-12/inside-loop-state,problem-12,sha256:7b5df0851254363517f3ded42cf7a385fa51a85dd64743e6e008669e0faf5b82,glm-5.3-high,inside-loop-state,all-arms,dynamic,Omega_hat_StateSize,6111,0
dynamic::glm-5.3-high::all-arms::Omega_hat_StateSize,glm-5.3-high::problem-12/short-trace-final,problem-12,sha256:85aa9c8d83f90f5ce7ad3cbf050a51a8d8f6994499cd2159cb23a7ea82b1849e,glm-5.3-high,short-trace-final,all-arms,dynamic,Omega_hat_StateSize,6074,0
dynamic::glm-5.3-high::all-arms::Omega_hat_StateSize,glm-5.3-high::problem-12/post-loop-state,problem-12,sha256:958460d7ecf7621b9ecf5669fda846e1d9c0a7b4b399190aeed32c7df8b0699e,glm-5.3-high,post-loop-state,all-arms,dynamic,Omega_hat_StateSize,6110,0
dynamic::glm-5.3-high::all-arms::Omega_hat_StateSize,glm-5.3-high::problem-12/long-trace-final,problem-12,sha256:bbf72f7493684d660693adfc81bbd175088f4b46afda09d4b298512c72508c1b,glm-5.3-high,long-trace-final,all-arms,dynamic,Omega_hat_StateSize,6110,0
dynamic::glm-5.3-high::all-arms::Omega_hat_StateSize,glm-5.3-high::problem-13/inside-loop-state,problem-13,sha256:2b247ce5916acd9195152fced59de2ae563f4cbdd37bfd795074e5f2ec115251,glm-5.3-high,inside-loop-state,all-arms,dynamic,Omega_hat_StateSize,6110,0
dynamic::glm-5.3-high::all-arms::Omega_hat_StateSize,glm-5.3-high::problem-13/post-loop-state,problem-13,sha256:5c4433c9aa1b024d200559d67bbc7d578a21c39d10fb03ce2c6a5caae255993f,glm-5.3-high,post-loop-state,all-arms,dynamic,Omega_hat_StateSize,6117,0
dynamic::glm-5.3-high::all-arms::Omega_hat_StateSize,glm-5.3-high::problem-13/short-trace-final,problem-13,sha256:eccc604db1d5cc06fe2c28b2456d93ecb100590e01fd6ce576ad76161a08aada,glm-5.3-high,short-trace-final,all-arms,dynamic,Omega_hat_StateSize,6091,0
dynamic::glm-5.3-high::all-arms::Omega_hat_StateSize,glm-5.3-high::problem-13/long-trace-final,problem-13,sha256:fc03a1fd966e3a60af4264cb997a959b0d3d39ccb2cc7f6636f0659db36c1fcf,glm-5.3-high,long-trace-final,all-arms,dynamic,Omega_hat_StateSize,6117,0
dynamic::glm-5.3-high::all-arms::Omega_hat_StateSize,glm-5.3-high::problem-14/short-trace-final,problem-14,sha256:929856d52b4d3a50a8d477f065732fc3ff381b1ec26dfd9672f1bb3e81b9112e,glm-5.3-high,short-trace-final,all-arms,dynamic,Omega_hat_StateSize,6098,0
dynamic::glm-5.3-high::all-arms::Omega_hat_StateSize,glm-5.3-high::problem-14/post-loop-state,problem-14,sha256:a428733484eb9e4568dc0f1944310d728394aa7a5f597f21fad8a5f17c349a92,glm-5.3-high,post-loop-state,all-arms,dynamic,Omega_hat_StateSize,6116,0
dynamic::glm-5.3-high::all-arms::Omega_hat_StateSize,glm-5.3-high::problem-14/inside-loop-state,problem-14,sha256:b92de04f170b8d7777731ffc17b0ef112672dde69764b2e2b4544f1cbbfd2775,glm-5.3-high,inside-loop-state,all-arms,dynamic,Omega_hat_StateSize,6117,0
dynamic::glm-5.3-high::all-arms::Omega_hat_StateSize,glm-5.3-high::problem-14/long-trace-final,problem-14,sha256:e692c2f7963ddc6244570169d2564497fe9f12ef39e36f0f4f9f973b508f3616,glm-5.3-high,long-trace-final,all-arms,dynamic,Omega_hat_StateSize,6116,0
dynamic::glm-5.3-high::all-arms::Omega_hat_StateSize,glm-5.3-high::problem-15/post-loop-state,problem-15,sha256:12301c45635de868f2a4e921222d940fcf33c2f6205d05fc21454266cfbc3061,glm-5.3-high,post-loop-state,all-arms,dynamic,Omega_hat_StateSize,6094,0
dynamic::glm-5.3-high::all-arms::Omega_hat_StateSize,glm-5.3-high::problem-15/inside-loop-state,problem-15,sha256:50e103eb8654ee1640e95f86191fb481f0e07e0bd366e6b5ce47d20c0a200912,glm-5.3-high,inside-loop-state,all-arms,dynamic,Omega_hat_StateSize,6089,0
dynamic::glm-5.3-high::all-arms::Omega_hat_StateSize,glm-5.3-high::problem-15/short-trace-final,problem-15,sha256:649f09230fe16bc947760c4387cd544c37fec8d49083a073371770fa5ae3e1d1,glm-5.3-high,short-trace-final,all-arms,dynamic,Omega_hat_StateSize,6087,0
dynamic::glm-5.3-high::all-arms::Omega_hat_StateSize,glm-5.3-high::problem-15/long-trace-final,problem-15,sha256:8ab718d447d5782861bfa1a8a089a1b4a55c3c55b6ead5ff4abb068409ec1b6b,glm-5.3-high,long-trace-final,all-arms,dynamic,Omega_hat_StateSize,6094,0
dynamic::glm-5.3-high::all-arms::Omega_hat_StateSize,glm-5.3-high::problem-16/short-trace-final,problem-16,sha256:64670fb8a7f19547ad0b0c7647c368cf26d355b1d2e0bedbf884079ff09d87fb,glm-5.3-high,short-trace-final,all-arms,dynamic,Omega_hat_StateSize,6083,0
dynamic::glm-5.3-high::all-arms::Omega_hat_StateSize,glm-5.3-high::problem-16/post-loop-state,problem-16,sha256:8368e978d24c4b3ea18f7eb2ea99706b1e5473aa07f13c4bb3fe6fe619fee763,glm-5.3-high,post-loop-state,all-arms,dynamic,Omega_hat_StateSize,6095,0
dynamic::glm-5.3-high::all-arms::Omega_hat_StateSize,glm-5.3-high::problem-16/long-trace-final,problem-16,sha256:a01be6f53c51de04e80ef9a1b56b33bd854ea547c3ab8fbf01dd1719b64424e2,glm-5.3-high,long-trace-final,all-arms,dynamic,Omega_hat_StateSize,6095,0
dynamic::glm-5.3-high::all-arms::Omega_hat_StateSize,glm-5.3-high::problem-16/inside-loop-state,problem-16,sha256:e785fbb7c44714837a925d69b7a0b7764633037949cf8e2d8eee2ac7af673285,glm-5.3-high,inside-loop-state,all-arms,dynamic,Omega_hat_StateSize,6096,0
dynamic::glm-5.3-high::all-arms::Omega_hat_StateSize,glm-5.3-high::problem-17/short-trace-final,problem-17,sha256:23bfd7217d9ba652a3156953e53db1b393d9093de1553e00151f9992835a6c12,glm-5.3-high,short-trace-final,all-arms,dynamic,Omega_hat_StateSize,6090,0
dynamic::glm-5.3-high::all-arms::Omega_hat_StateSize,glm-5.3-high::problem-17/post-loop-state,problem-17,sha256:a71207cf0c9322ded7b4ad736d0eb7fe58ca15c45d6aad6ed8aa8f7de3eda7b2,glm-5.3-high,post-loop-state,all-arms,dynamic,Omega_hat_StateSize,6105,0
dynamic::glm-5.3-high::all-arms::Omega_hat_StateSize,glm-5.3-high::problem-17/long-trace-final,problem-17,sha256:c1d6591d0bf5a1829058e47370a9ecca6ddf09033379e65669b82b28603cf1e2,glm-5.3-high,long-trace-final,all-arms,dynamic,Omega_hat_StateSize,6105,0
dynamic::glm-5.3-high::all-arms::Omega_hat_StateSize,glm-5.3-high::problem-17/inside-loop-state,problem-17,sha256:ffbe22e9b9ecc46324d4d5b73a4a9fb9116281954ab9775b607d59ad2563ff75,glm-5.3-high,inside-loop-state,all-arms,dynamic,Omega_hat_StateSize,6106,0
dynamic::glm-5.3-high::all-arms::Omega_hat_StateSize,glm-5.3-high::problem-18/long-trace-final,problem-18,sha256:3e1043702949a2334ffeb4aae795b5838059d006655a0bbf6798f0b6adeb085f,glm-5.3-high,long-trace-final,all-arms,dynamic,Omega_hat_StateSize,6098,0
dynamic::glm-5.3-high::all-arms::Omega_hat_StateSize,glm-5.3-high::problem-18/short-trace-final,problem-18,sha256:55ce2dca47dbe112e5ff867e7e8bfbd2311a4010bf0497e1f33d5e2d3b6b309d,glm-5.3-high,short-trace-final,all-arms,dynamic,Omega_hat_StateSize,6069,0
dynamic::glm-5.3-high::all-arms::Omega_hat_StateSize,glm-5.3-high::problem-18/inside-loop-state,problem-18,sha256:d9fde9c0b10033b45350be818f38a02f7530deefc277daf7ca51e91be628bf0d,glm-5.3-high,inside-loop-state,all-arms,dynamic,Omega_hat_StateSize,6099,0
dynamic::glm-5.3-high::all-arms::Omega_hat_StateSize,glm-5.3-high::problem-18/post-loop-state,problem-18,sha256:ec5ffe88fa32f58a281e2a9be9970228c8f780ce294441e0d8ca083c44ab7cb9,glm-5.3-high,post-loop-state,all-arms,dynamic,Omega_hat_StateSize,6098,0
dynamic::glm-5.3-high::all-arms::Omega_hat_StateSize,glm-5.3-high::problem-19/long-trace-final,problem-19,sha256:48814bea3c8f1e5cd1614a147556846e339503cb69e0803c858796e6f058c6eb,glm-5.3-high,long-trace-final,all-arms,dynamic,Omega_hat_StateSize,6117,0
dynamic::glm-5.3-high::all-arms::Omega_hat_StateSize,glm-5.3-high::problem-19/post-loop-state,problem-19,sha256:67005c3e5fba330dd029ce911161dd9d7c281181ffdda26a6c04f791843ce5b0,glm-5.3-high,post-loop-state,all-arms,dynamic,Omega_hat_StateSize,6117,0
dynamic::glm-5.3-high::all-arms::Omega_hat_StateSize,glm-5.3-high::problem-19/inside-loop-state,problem-19,sha256:7c4063bd0e506396a919ac229901d3779224482c2f0a86685fac407a77181b08,glm-5.3-high,inside-loop-state,all-arms,dynamic,Omega_hat_StateSize,6118,0
dynamic::glm-5.3-high::all-arms::Omega_hat_StateSize,glm-5.3-high::problem-19/short-trace-final,problem-19,sha256:e573b78b30a2d6877c5e647ea6ef1ebbe778918dafdef3ce3ca1ef425adf4aae,glm-5.3-high,short-trace-final,all-arms,dynamic,Omega_hat_StateSize,6101,0
dynamic::glm-5.3-high::all-arms::Omega_hat_StateSize,glm-5.3-high::problem-20/post-loop-state,problem-20,sha256:18ed8611483fb7761108ab3d6d83b912b08a4b16125c798ed34fc0e54d1d0305,glm-5.3-high,post-loop-state,all-arms,dynamic,Omega_hat_StateSize,6094,0
dynamic::glm-5.3-high::all-arms::Omega_hat_StateSize,glm-5.3-high::problem-20/short-trace-final,problem-20,sha256:9e0c8296a9f0717b3ada2dc70705058a39ba1d561df45643b9a79d3f62c7ee4f,glm-5.3-high,short-trace-final,all-arms,dynamic,Omega_hat_StateSize,6060,0
dynamic::glm-5.3-high::all-arms::Omega_hat_StateSize,glm-5.3-high::problem-20/inside-loop-state,problem-20,sha256:bd5bcbf1a9fbe0d7ec617f2eb09018adffc1493412d300f645de5abb9bb358e1,glm-5.3-high,inside-loop-state,all-arms,dynamic,Omega_hat_StateSize,6095,0
dynamic::glm-5.3-high::all-arms::Omega_hat_StateSize,glm-5.3-high::problem-20/long-trace-final,problem-20,sha256:cfdd0f3fcdabe8556447869245ebb13768cf9520d32294331ed86a2fcdda934e,glm-5.3-high,long-trace-final,all-arms,dynamic,Omega_hat_StateSize,6094,0
dynamic::glm-5.3-high::all-arms::Omega_hat_StateSize,glm-5.3-high::problem-21/inside-loop-state,problem-21,sha256:6b893d1fe6186f33bb87627c625c620c60c23d16b1eb380e5428287d7bcd173b,glm-5.3-high,inside-loop-state,all-arms,dynamic,Omega_hat_StateSize,10756,0
dynamic::glm-5.3-high::all-arms::Omega_hat_StateSize,glm-5.3-high::problem-21/long-trace-final,problem-21,sha256:abae68d8201478b8273623d6f31c7f95f798e23c59176c1c030258097c23bc2a,glm-5.3-high,long-trace-final,all-arms,dynamic,Omega_hat_StateSize,10755,0
dynamic::glm-5.3-high::all-arms::Omega_hat_StateSize,glm-5.3-high::problem-21/post-loop-state,problem-21,sha256:b1ba4c145bc3491180d71e43456f0de195530e4eda327d97e480319644d54468,glm-5.3-high,post-loop-state,all-arms,dynamic,Omega_hat_StateSize,10755,0
dynamic::glm-5.3-high::all-arms::Omega_hat_StateSize,glm-5.3-high::problem-21/short-trace-final,problem-21,sha256:c08e9d12f0c628db74c80e296b9aeaa44f2ff442479546e4521c875bc621edcf,glm-5.3-high,short-trace-final,all-arms,dynamic,Omega_hat_StateSize,10740,0
dynamic::glm-5.3-high::all-arms::Omega_hat_StateSize,glm-5.3-high::problem-22/post-loop-state,problem-22,sha256:642b405db89f31906ffda3368213a2dea48b194489eef14859eba92a495738dc,glm-5.3-high,post-loop-state,all-arms,dynamic,Omega_hat_StateSize,10733,0
dynamic::glm-5.3-high::all-arms::Omega_hat_StateSize,glm-5.3-high::problem-22/inside-loop-state,problem-22,sha256:895a3e331a4a70e78f11ec4c30afb51f9695d33bfe2745487c604118a27dc196,glm-5.3-high,inside-loop-state,all-arms,dynamic,Omega_hat_StateSize,10734,0
dynamic::glm-5.3-high::all-arms::Omega_hat_StateSize,glm-5.3-high::problem-22/short-trace-final,problem-22,sha256:bdfb4ea940fcc763a5c0367908bb8a2418611ecbf44f222ddd6008ab05066e5a,glm-5.3-high,short-trace-final,all-arms,dynamic,Omega_hat_StateSize,10754,0
dynamic::glm-5.3-high::all-arms::Omega_hat_StateSize,glm-5.3-high::problem-22/long-trace-final,problem-22,sha256:d095f6706999a481b592168652c7c699ef339254946149818a5f8ab337c7f262,glm-5.3-high,long-trace-final,all-arms,dynamic,Omega_hat_StateSize,10733,0
dynamic::glm-5.3-high::all-arms::Omega_hat_StateSize,glm-5.3-high::problem-23/long-trace-final,problem-23,sha256:1245ebbf69a81bcb8f23d1a367d4077c7ff732cf2ca37e553c4ad80d11a1687e,glm-5.3-high,long-trace-final,all-arms,dynamic,Omega_hat_StateSize,10754,0
dynamic::glm-5.3-high::all-arms::Omega_hat_StateSize,glm-5.3-high::problem-23/short-trace-final,problem-23,sha256:78febcc2681676995da118209adc295d1c6f8449ddc2f697eff5823e74d2c92b,glm-5.3-high,short-trace-final,all-arms,dynamic,Omega_hat_StateSize,10740,0
dynamic::glm-5.3-high::all-arms::Omega_hat_StateSize,glm-5.3-high::problem-23/inside-loop-state,problem-23,sha256:c5b04d442721c6e23d53ded804f222ca9bc2bd35cb825d975482627fa2f68eb8,glm-5.3-high,inside-loop-state,all-arms,dynamic,Omega_hat_StateSize,10755,0
dynamic::glm-5.3-high::all-arms::Omega_hat_StateSize,glm-5.3-high::problem-23/post-loop-state,problem-23,sha256:f422207380b27c4b9c9e1403517b42b55f6342cd02514f3d18cff14a6eaf23b9,glm-5.3-high,post-loop-state,all-arms,dynamic,Omega_hat_StateSize,10754,0
dynamic::glm-5.3-high::all-arms::Omega_hat_StateSize,glm-5.3-high::problem-24/long-trace-final,problem-24,sha256:312cb1244299d8ea29ce3be52759a05aaf6f571f4cabdb8de4cdfefc53c21127,glm-5.3-high,long-trace-final,all-arms,dynamic,Omega_hat_StateSize,10750,0
dynamic::glm-5.3-high::all-arms::Omega_hat_StateSize,glm-5.3-high::problem-24/post-loop-state,problem-24,sha256:a9bba3e75ac97caf5a230d723fd189724ff0563bea2bef0b001eb7655cd5c948,glm-5.3-high,post-loop-state,all-arms,dynamic,Omega_hat_StateSize,10750,0
dynamic::glm-5.3-high::all-arms::Omega_hat_StateSize,glm-5.3-high::problem-24/inside-loop-state,problem-24,sha256:c151679cf530cdccea973844a665dbb377147bfda08d781a73e4cebd8e7aa207,glm-5.3-high,inside-loop-state,all-arms,dynamic,Omega_hat_StateSize,10751,0
dynamic::glm-5.3-high::all-arms::Omega_hat_StateSize,glm-5.3-high::problem-24/short-trace-final,problem-24,sha256:da5e2129ac6eb31efb9c60f4456bf6a53cf0c9c972c82515c6421612ad91b98c,glm-5.3-high,short-trace-final,all-arms,dynamic,Omega_hat_StateSize,10731,0
dynamic::glm-5.3-high::all-arms::Omega_hat_StateSize,glm-5.3-high::problem-25/inside-loop-state,problem-25,sha256:5e34e564ebcb950511aeb4040311983a4e917c9f539fe9bf740740d04ff82754,glm-5.3-high,inside-loop-state,all-arms,dynamic,Omega_hat_StateSize,10772,0
dynamic::glm-5.3-high::all-arms::Omega_hat_StateSize,glm-5.3-high::problem-25/post-loop-state,problem-25,sha256:75b110f0259dbaad71e4a3448a19097ec57bdd629d5281f6767d6860812b4c19,glm-5.3-high,post-loop-state,all-arms,dynamic,Omega_hat_StateSize,10771,0
dynamic::glm-5.3-high::all-arms::Omega_hat_StateSize,glm-5.3-high::problem-25/short-trace-final,problem-25,sha256:a40a9795cb938fde800d3c6170d0c04fa0258cbef4e26485156c279ea570a1c9,glm-5.3-high,short-trace-final,all-arms,dynamic,Omega_hat_StateSize,10738,0
dynamic::glm-5.3-high::all-arms::Omega_hat_StateSize,glm-5.3-high::problem-25/long-trace-final,problem-25,sha256:ea555a40d3f155ff207893e7327866c923e56b4bcc853fbea3e3ec27d9a3e419,glm-5.3-high,long-trace-final,all-arms,dynamic,Omega_hat_StateSize,10771,0
dynamic::glm-5.3-high::all-arms::Omega_hat_StateSize,glm-5.3-high::problem-26/post-loop-state,problem-26,sha256:09ad9f965884b1ca88246bf427ed30c073b3774cda0e3f8b1ba5fcb8a52876f0,glm-5.3-high,post-loop-state,all-arms,dynamic,Omega_hat_StateSize,10746,0
dynamic::glm-5.3-high::all-arms::Omega_hat_StateSize,glm-5.3-high::problem-26/long-trace-final,problem-26,sha256:8a0a9d72ece310a0393e6f8cd6161daa9fc85ca793d8f7a5effe7867b7b3610e,glm-5.3-high,long-trace-final,all-arms,dynamic,Omega_hat_StateSize,10746,0
dynamic::glm-5.3-high::all-arms::Omega_hat_StateSize,glm-5.3-high::problem-26/short-trace-final,problem-26,sha256:d366caa8929075d65d1d7b7db9700b9131f161a1ac0faff603b289cf7c5bce85,glm-5.3-high,short-trace-final,all-arms,dynamic,Omega_hat_StateSize,10741,0
dynamic::glm-5.3-high::all-arms::Omega_hat_StateSize,glm-5.3-high::problem-26/inside-loop-state,problem-26,sha256:f9a0bdb83416f8938c7ae733c1f802841b3746ef0e2c9c69f4dfcd271e42f429,glm-5.3-high,inside-loop-state,all-arms,dynamic,Omega_hat_StateSize,10747,0
dynamic::glm-5.3-high::all-arms::Omega_hat_StateSize,glm-5.3-high::problem-27/long-trace-final,problem-27,sha256:1d4d6eaa0d724ed2eabbd6de906e694e29956478548df760cda79767a3d420aa,glm-5.3-high,long-trace-final,all-arms,dynamic,Omega_hat_StateSize,10746,0
dynamic::glm-5.3-high::all-arms::Omega_hat_StateSize,glm-5.3-high::problem-27/short-trace-final,problem-27,sha256:ac06f4eaa7953cf90f5b0f2b52580f1e113358761701f25264564a9119eed893,glm-5.3-high,short-trace-final,all-arms,dynamic,Omega_hat_StateSize,10749,0
dynamic::glm-5.3-high::all-arms::Omega_hat_StateSize,glm-5.3-high::problem-27/inside-loop-state,problem-27,sha256:e8a7fd6ede3a54a7a6c46ba71aa8095c7036f8a67282fd35936d92bd03911640,glm-5.3-high,inside-loop-state,all-arms,dynamic,Omega_hat_StateSize,10747,0
dynamic::glm-5.3-high::all-arms::Omega_hat_StateSize,glm-5.3-high::problem-27/post-loop-state,problem-27,sha256:ec560b955bdd3cfdd9c93d7e5e9dec52b80d640de2b6aef03d7e59ab46ae487f,glm-5.3-high,post-loop-state,all-arms,dynamic,Omega_hat_StateSize,10746,0
dynamic::glm-5.3-high::all-arms::Omega_hat_StateSize,glm-5.3-high::problem-28/inside-loop-state,problem-28,sha256:8e7497c27f25952db2771db8b7d65a445fec890474e0eaf363433912b4448d98,glm-5.3-high,inside-loop-state,all-arms,dynamic,Omega_hat_StateSize,10756,0
dynamic::glm-5.3-high::all-arms::Omega_hat_StateSize,glm-5.3-high::problem-28/short-trace-final,problem-28,sha256:e48fd34b81d40474be4f17f911d0be54f3f4d0dcb7dcf485fbc4396c61acb108,glm-5.3-high,short-trace-final,all-arms,dynamic,Omega_hat_StateSize,10744,0
dynamic::glm-5.3-high::all-arms::Omega_hat_StateSize,glm-5.3-high::problem-28/long-trace-final,problem-28,sha256:eac890193eab32fcb83a9b96b1975d2ec0850ff443479a8e9fc22322b0fef1a3,glm-5.3-high,long-trace-final,all-arms,dynamic,Omega_hat_StateSize,10755,0
dynamic::glm-5.3-high::all-arms::Omega_hat_StateSize,glm-5.3-high::problem-28/post-loop-state,problem-28,sha256:eb32ac1b648907af496e87af77869c7d270abcf1a78e35194aff1abc7aad9814,glm-5.3-high,post-loop-state,all-arms,dynamic,Omega_hat_StateSize,10755,0
dynamic::glm-5.3-high::all-arms::Omega_hat_StateSize,glm-5.3-high::problem-29/post-loop-state,problem-29,sha256:266a35b82d6b7b97b632edbdec2e61ad18b6191c9dc4722cceec06e6f7cf3e7b,glm-5.3-high,post-loop-state,all-arms,dynamic,Omega_hat_StateSize,10743,0
dynamic::glm-5.3-high::all-arms::Omega_hat_StateSize,glm-5.3-high::problem-29/short-trace-final,problem-29,sha256:4ecced26b7df8a9b75c98baa33550ead17ba2313bbb605c2d1cb7baa2e29a52e,glm-5.3-high,short-trace-final,all-arms,dynamic,Omega_hat_StateSize,10749,0
dynamic::glm-5.3-high::all-arms::Omega_hat_StateSize,glm-5.3-high::problem-29/inside-loop-state,problem-29,sha256:6055ac1e5575ce92574c3669a2a3eb367092c36fb132bfce0cca3260851140e2,glm-5.3-high,inside-loop-state,all-arms,dynamic,Omega_hat_StateSize,10744,0
dynamic::glm-5.3-high::all-arms::Omega_hat_StateSize,glm-5.3-high::problem-29/long-trace-final,problem-29,sha256:dafab6181d512ecf0c71e74b5f580d6000813124811287d4fc852c2b145c4d20,glm-5.3-high,long-trace-final,all-arms,dynamic,Omega_hat_StateSize,10743,0
dynamic::glm-5.3-high::all-arms::Omega_hat_StateSize,glm-5.3-high::problem-30/inside-loop-state,problem-30,sha256:4956e45be9ac9fea2c36667b16c62bb1d6f435004d42c4e4b3b34a6a2de2fa26,glm-5.3-high,inside-loop-state,all-arms,dynamic,Omega_hat_StateSize,10788,0
dynamic::glm-5.3-high::all-arms::Omega_hat_StateSize,glm-5.3-high::problem-30/short-trace-final,problem-30,sha256:84ea88c1bf723ea51c2ae8d1c8fe25aa5d3dc5be93e0882e4f0cf0be0e4137bb,glm-5.3-high,short-trace-final,all-arms,dynamic,Omega_hat_StateSize,10726,0
dynamic::glm-5.3-high::all-arms::Omega_hat_StateSize,glm-5.3-high::problem-30/long-trace-final,problem-30,sha256:c2098a098a924cecff89d4a804a7f8d840ecd0538821c278601a32140bcca3f8,glm-5.3-high,long-trace-final,all-arms,dynamic,Omega_hat_StateSize,10787,0
dynamic::glm-5.3-high::all-arms::Omega_hat_StateSize,glm-5.3-high::problem-30/post-loop-state,problem-30,sha256:e69e021f535c9d0fc24b0101f47f65371d3832409890cf0484859bf2d6e98e0b,glm-5.3-high,post-loop-state,all-arms,dynamic,Omega_hat_StateSize,10787,0
dynamic::gpt-5.6-sol-high::all-arms::Omega_hat_NativeTrace,gpt-5.6-sol-high::problem-01/inside-loop-state,problem-01,sha256:0547b42885dc201376fb93765a3c7da6c077a0338c243dcae8c262108a061af1,gpt-5.6-sol-high,inside-loop-state,all-arms,dynamic,Omega_hat_NativeTrace,177482,0
dynamic::gpt-5.6-sol-high::all-arms::Omega_hat_NativeTrace,gpt-5.6-sol-high::problem-01/long-trace-final,problem-01,sha256:56d9affe274f136e1933852e8f797cfb86ea3bed95c016b04556b2c4ca152b2c,gpt-5.6-sol-high,long-trace-final,all-arms,dynamic,Omega_hat_NativeTrace,222559,0
dynamic::gpt-5.6-sol-high::all-arms::Omega_hat_NativeTrace,gpt-5.6-sol-high::problem-01/short-trace-final,problem-01,sha256:73ad8aafe6d235df156f603343f220d5bf0bf095034c7c09e4647aec6b75183c,gpt-5.6-sol-high,short-trace-final,all-arms,dynamic,Omega_hat_NativeTrace,90806,1
dynamic::gpt-5.6-sol-high::all-arms::Omega_hat_NativeTrace,gpt-5.6-sol-high::problem-01/post-loop-state,problem-01,sha256:8c394bb669c6429a6cc8371df442ba1284632f5fd03fcf20b87ec42c6b002666,gpt-5.6-sol-high,post-loop-state,all-arms,dynamic,Omega_hat_NativeTrace,214164,0
dynamic::gpt-5.6-sol-high::all-arms::Omega_hat_NativeTrace,gpt-5.6-sol-high::problem-02/long-trace-final,problem-02,sha256:2c6c086992c204f9156a73eca1a86fe4ad8b4777c9b50ca69f44efa3a0ec804d,gpt-5.6-sol-high,long-trace-final,all-arms,dynamic,Omega_hat_NativeTrace,221700,0
dynamic::gpt-5.6-sol-high::all-arms::Omega_hat_NativeTrace,gpt-5.6-sol-high::problem-02/inside-loop-state,problem-02,sha256:43ea44d05f37e33633d2f43ad399b115c3066c018f15acef6f477c034fdda927,gpt-5.6-sol-high,inside-loop-state,all-arms,dynamic,Omega_hat_NativeTrace,177007,0
dynamic::gpt-5.6-sol-high::all-arms::Omega_hat_NativeTrace,gpt-5.6-sol-high::problem-02/post-loop-state,problem-02,sha256:ba7d1febfb83991899883c292120818d9f29e3dd565ec4a93b6368650d9b3d8b,gpt-5.6-sol-high,post-loop-state,all-arms,dynamic,Omega_hat_NativeTrace,213305,0
dynamic::gpt-5.6-sol-high::all-arms::Omega_hat_NativeTrace,gpt-5.6-sol-high::problem-02/short-trace-final,problem-02,sha256:c045cedad0407af52c2d7faa26f00e6fb48605031adc73be301bb6ee469d0a00,gpt-5.6-sol-high,short-trace-final,all-arms,dynamic,Omega_hat_NativeTrace,108273,0
dynamic::gpt-5.6-sol-high::all-arms::Omega_hat_NativeTrace,gpt-5.6-sol-high::problem-03/post-loop-state,problem-03,sha256:2acfa20a7ee16e7c373ae0cf23d876f6106fe1856336ee95352a6619b1420010,gpt-5.6-sol-high,post-loop-state,all-arms,dynamic,Omega_hat_NativeTrace,209127,0
dynamic::gpt-5.6-sol-high::all-arms::Omega_hat_NativeTrace,gpt-5.6-sol-high::problem-03/inside-loop-state,problem-03,sha256:587d5ad47aee9baac51abb2d6ac720bc8b29f8e6c6f98e2e7066bb6d8bac30a1,gpt-5.6-sol-high,inside-loop-state,all-arms,dynamic,Omega_hat_NativeTrace,178047,0
dynamic::gpt-5.6-sol-high::all-arms::Omega_hat_NativeTrace,gpt-5.6-sol-high::problem-03/long-trace-final,problem-03,sha256:5cd8a44109e568c902e2d582d4448650c2d4a64ee9ae4e391cf17a60348468b4,gpt-5.6-sol-high,long-trace-final,all-arms,dynamic,Omega_hat_NativeTrace,217522,0
dynamic::gpt-5.6-sol-high::all-arms::Omega_hat_NativeTrace,gpt-5.6-sol-high::problem-03/short-trace-final,problem-03,sha256:de9b7f7e58c8ec2d2f824891cdd79a1b094a45ac4742558225294573439b316d,gpt-5.6-sol-high,short-trace-final,all-arms,dynamic,Omega_hat_NativeTrace,92185,0
dynamic::gpt-5.6-sol-high::all-arms::Omega_hat_NativeTrace,gpt-5.6-sol-high::problem-04/short-trace-final,problem-04,sha256:05aae40bc36e0df65171215e791c8e10e79babb0960ce78b876515d48b8accae,gpt-5.6-sol-high,short-trace-final,all-arms,dynamic,Omega_hat_NativeTrace,101454,1
dynamic::gpt-5.6-sol-high::all-arms::Omega_hat_NativeTrace,gpt-5.6-sol-high::problem-04/long-trace-final,problem-04,sha256:7ad230089b4b878cee95f70563245eea351dea877118fcf8a597be6bd90d14f5,gpt-5.6-sol-high,long-trace-final,all-arms,dynamic,Omega_hat_NativeTrace,231312,0
dynamic::gpt-5.6-sol-high::all-arms::Omega_hat_NativeTrace,gpt-5.6-sol-high::problem-04/post-loop-state,problem-04,sha256:94ab1f7d2732d7ff5cef895f5b77e7fd081702b993a6eb7d3d5c505592cefb21,gpt-5.6-sol-high,post-loop-state,all-arms,dynamic,Omega_hat_NativeTrace,222917,0
dynamic::gpt-5.6-sol-high::all-arms::Omega_hat_NativeTrace,gpt-5.6-sol-high::problem-04/inside-loop-state,problem-04,sha256:9aaa594325de39aafc50a9d96c539f0c1166bd50a8eff8c49c14c84270c4ff59,gpt-5.6-sol-high,inside-loop-state,all-arms,dynamic,Omega_hat_NativeTrace,187012,0
dynamic::gpt-5.6-sol-high::all-arms::Omega_hat_NativeTrace,gpt-5.6-sol-high::problem-05/post-loop-state,problem-05,sha256:0f684ff85de199f8f7c7ffc32375f9b9e62fa5827fcecce50fb5d60bca08e280,gpt-5.6-sol-high,post-loop-state,all-arms,dynamic,Omega_hat_NativeTrace,219484,0
dynamic::gpt-5.6-sol-high::all-arms::Omega_hat_NativeTrace,gpt-5.6-sol-high::problem-05/long-trace-final,problem-05,sha256:5a4822c8f4e084302eeecb07be76313448d56e02db866843273cfa2a79ca9b73,gpt-5.6-sol-high,long-trace-final,all-arms,dynamic,Omega_hat_NativeTrace,227879,1
dynamic::gpt-5.6-sol-high::all-arms::Omega_hat_NativeTrace,gpt-5.6-sol-high::problem-05/short-trace-final,problem-05,sha256:9f6345f351d6266c0c09238729ff08378ce70e23ac0267c2e41f067733d6f579,gpt-5.6-sol-high,short-trace-final,all-arms,dynamic,Omega_hat_NativeTrace,92213,0
dynamic::gpt-5.6-sol-high::all-arms::Omega_hat_NativeTrace,gpt-5.6-sol-high::problem-05/inside-loop-state,problem-05,sha256:e22303dc39b5dd7a5cac47da11bd364b0897fb8d8d9099162d7706552f9fa372,gpt-5.6-sol-high,inside-loop-state,all-arms,dynamic,Omega_hat_NativeTrace,187905,0
dynamic::gpt-5.6-sol-high::all-arms::Omega_hat_NativeTrace,gpt-5.6-sol-high::problem-06/long-trace-final,problem-06,sha256:061a7cf51e116aa318d53740cdc4d580b6c9767f126c91061a484987b96cd0c7,gpt-5.6-sol-high,long-trace-final,all-arms,dynamic,Omega_hat_NativeTrace,220520,0
dynamic::gpt-5.6-sol-high::all-arms::Omega_hat_NativeTrace,gpt-5.6-sol-high::problem-06/post-loop-state,problem-06,sha256:2c10823e77f28c1bd27318dfe6f1918fbe52e06174725d89f5e5d33bd0bd5510,gpt-5.6-sol-high,post-loop-state,all-arms,dynamic,Omega_hat_NativeTrace,212125,0
dynamic::gpt-5.6-sol-high::all-arms::Omega_hat_NativeTrace,gpt-5.6-sol-high::problem-06/short-trace-final,problem-06,sha256:6a88d2c05b775fcb748a8354a26e9d76a3a40fbeb4478fdc3ede8d3a216d580f,gpt-5.6-sol-high,short-trace-final,all-arms,dynamic,Omega_hat_NativeTrace,93164,1
dynamic::gpt-5.6-sol-high::all-arms::Omega_hat_NativeTrace,gpt-5.6-sol-high::problem-06/inside-loop-state,problem-06,sha256:cd00c1a7e81437959f3f7ae75d1cd3869cff5bb6980eec8d78e39979ad3c2a27,gpt-5.6-sol-high,inside-loop-state,all-arms,dynamic,Omega_hat_NativeTrace,173832,0
dynamic::gpt-5.6-sol-high::all-arms::Omega_hat_NativeTrace,gpt-5.6-sol-high::problem-07/long-trace-final,problem-07,sha256:0038af217dac3eb4ec50de238581737dacd10f0887c0b2b7bf8c89208e6efac5,gpt-5.6-sol-high,long-trace-final,all-arms,dynamic,Omega_hat_NativeTrace,223712,0
dynamic::gpt-5.6-sol-high::all-arms::Omega_hat_NativeTrace,gpt-5.6-sol-high::problem-07/inside-loop-state,problem-07,sha256:3f021ab7fd773d4b5707b65f0ddba29e4e2f31918c7ad194865bdfdb2cc2fc23,gpt-5.6-sol-high,inside-loop-state,all-arms,dynamic,Omega_hat_NativeTrace,189373,0
dynamic::gpt-5.6-sol-high::all-arms::Omega_hat_NativeTrace,gpt-5.6-sol-high::problem-07/post-loop-state,problem-07,sha256:9e457d18bfaac327399393fdb975773303e803b2fd677d4bd2e6b7cd4ddc624c,gpt-5.6-sol-high,post-loop-state,all-arms,dynamic,Omega_hat_NativeTrace,215317,0
dynamic::gpt-5.6-sol-high::all-arms::Omega_hat_NativeTrace,gpt-5.6-sol-high::problem-07/short-trace-final,problem-07,sha256:a804134b8daa3d73abbebef8e0e40694e39211ed7153b6ad7591756fe33cd167,gpt-5.6-sol-high,short-trace-final,all-arms,dynamic,Omega_hat_NativeTrace,100948,0
dynamic::gpt-5.6-sol-high::all-arms::Omega_hat_NativeTrace,gpt-5.6-sol-high::problem-08/inside-loop-state,problem-08,sha256:7064354a09226b66ebb7194c3454eab73c7a5d95fb26e79e1817e12584f3f310,gpt-5.6-sol-high,inside-loop-state,all-arms,dynamic,Omega_hat_NativeTrace,177328,0
dynamic::gpt-5.6-sol-high::all-arms::Omega_hat_NativeTrace,gpt-5.6-sol-high::problem-08/short-trace-final,problem-08,sha256:a7da9f82ea01769a6b8a112317eee4c6cc1f6de1fd6fdd14a5537d4ac9c80a0f,gpt-5.6-sol-high,short-trace-final,all-arms,dynamic,Omega_hat_NativeTrace,88887,0
dynamic::gpt-5.6-sol-high::all-arms::Omega_hat_NativeTrace,gpt-5.6-sol-high::problem-08/post-loop-state,problem-08,sha256:e32673ca942baf21e1de8014e35df297a78a6d254c419164d155a8af936e67b4,gpt-5.6-sol-high,post-loop-state,all-arms,dynamic,Omega_hat_NativeTrace,202271,0
dynamic::gpt-5.6-sol-high::all-arms::Omega_hat_NativeTrace,gpt-5.6-sol-high::problem-08/long-trace-final,problem-08,sha256:f4f4c04290dfd1722493e9d5e7c6c040d58b8f4f1f2ea1ffd0972f45a5893717,gpt-5.6-sol-high,long-trace-final,all-arms,dynamic,Omega_hat_NativeTrace,210666,0
dynamic::gpt-5.6-sol-high::all-arms::Omega_hat_NativeTrace,gpt-5.6-sol-high::problem-09/short-trace-final,problem-09,sha256:1f2e9f2d169b17ceb6021bac59f884fc4c71697048d44bcde003919a30c6bc01,gpt-5.6-sol-high,short-trace-final,all-arms,dynamic,Omega_hat_NativeTrace,105245,1
dynamic::gpt-5.6-sol-high::all-arms::Omega_hat_NativeTrace,gpt-5.6-sol-high::problem-09/inside-loop-state,problem-09,sha256:221039cb3147683b097b9a9e97cbc35a8b09ba4e290f73be9b1bca308fd93ce3,gpt-5.6-sol-high,inside-loop-state,all-arms,dynamic,Omega_hat_NativeTrace,182596,0
dynamic::gpt-5.6-sol-high::all-arms::Omega_hat_NativeTrace,gpt-5.6-sol-high::problem-09/post-loop-state,problem-09,sha256:2c9d501dc7cc0a1d91e2d7340569ca0ba384bdb40034069641418df06a065b02,gpt-5.6-sol-high,post-loop-state,all-arms,dynamic,Omega_hat_NativeTrace,227967,0
dynamic::gpt-5.6-sol-high::all-arms::Omega_hat_NativeTrace,gpt-5.6-sol-high::problem-09/long-trace-final,problem-09,sha256:d5594fe452f9751f9e5a7096c8f016b17a3d1be5849b3882dd8846f268197c8d,gpt-5.6-sol-high,long-trace-final,all-arms,dynamic,Omega_hat_NativeTrace,236362,0
dynamic::gpt-5.6-sol-high::all-arms::Omega_hat_NativeTrace,gpt-5.6-sol-high::problem-10/inside-loop-state,problem-10,sha256:4bfd0a8e336edf6d47adfddd74897b9784181700d614c66dab4d21903a7797cb,gpt-5.6-sol-high,inside-loop-state,all-arms,dynamic,Omega_hat_NativeTrace,179176,0
dynamic::gpt-5.6-sol-high::all-arms::Omega_hat_NativeTrace,gpt-5.6-sol-high::problem-10/short-trace-final,problem-10,sha256:68a7353ba44980aa7c94507c7d2506366b7e1a6d3a9840cec0ba3fd243bb86ef,gpt-5.6-sol-high,short-trace-final,all-arms,dynamic,Omega_hat_NativeTrace,103733,0
dynamic::gpt-5.6-sol-high::all-arms::Omega_hat_NativeTrace,gpt-5.6-sol-high::problem-10/post-loop-state,problem-10,sha256:6d34f6c50beb59b579b867aa64417c1f8e212aca0c7dba85a4f8d73ad6395e15,gpt-5.6-sol-high,post-loop-state,all-arms,dynamic,Omega_hat_NativeTrace,215948,0
dynamic::gpt-5.6-sol-high::all-arms::Omega_hat_NativeTrace,gpt-5.6-sol-high::problem-10/long-trace-final,problem-10,sha256:b9350571c682c8ce1a385a3827b09b6195b6b0de80c103fe5638970bd0396907,gpt-5.6-sol-high,long-trace-final,all-arms,dynamic,Omega_hat_NativeTrace,224343,0
dynamic::gpt-5.6-sol-high::all-arms::Omega_hat_NativeTrace,gpt-5.6-sol-high::problem-11/short-trace-final,problem-11,sha256:26270b738997e89a812774051cc9205ec744eed12d5397ba27730fd1f3616545,gpt-5.6-sol-high,short-trace-final,all-arms,dynamic,Omega_hat_NativeTrace,293189,0
dynamic::gpt-5.6-sol-high::all-arms::Omega_hat_NativeTrace,gpt-5.6-sol-high::problem-11/long-trace-final,problem-11,sha256:37449d8e8c91c57d5e2c5704a43fc22c0bd0599b769db5d859947f119c59900a,gpt-5.6-sol-high,long-trace-final,all-arms,dynamic,Omega_hat_NativeTrace,507023,0
dynamic::gpt-5.6-sol-high::all-arms::Omega_hat_NativeTrace,gpt-5.6-sol-high::problem-11/post-loop-state,problem-11,sha256:89cf19a5769900427442f00c16f675ef52b8c60cb6f502a5e54dafd29cbaa7b3,gpt-5.6-sol-high,post-loop-state,all-arms,dynamic,Omega_hat_NativeTrace,490939,0
dynamic::gpt-5.6-sol-high::all-arms::Omega_hat_NativeTrace,gpt-5.6-sol-high::problem-11/inside-loop-state,problem-11,sha256:9e616055a8b294cc727870ca9d00854bfd4625609bfaf8f7f208f2affda4e187,gpt-5.6-sol-high,inside-loop-state,all-arms,dynamic,Omega_hat_NativeTrace,414516,0
dynamic::gpt-5.6-sol-high::all-arms::Omega_hat_NativeTrace,gpt-5.6-sol-high::problem-12/inside-loop-state,problem-12,sha256:7b5df0851254363517f3ded42cf7a385fa51a85dd64743e6e008669e0faf5b82,gpt-5.6-sol-high,inside-loop-state,all-arms,dynamic,Omega_hat_NativeTrace,420712,0
dynamic::gpt-5.6-sol-high::all-arms::Omega_hat_NativeTrace,gpt-5.6-sol-high::problem-12/short-trace-final,problem-12,sha256:85aa9c8d83f90f5ce7ad3cbf050a51a8d8f6994499cd2159cb23a7ea82b1849e,gpt-5.6-sol-high,short-trace-final,all-arms,dynamic,Omega_hat_NativeTrace,284443,0
dynamic::gpt-5.6-sol-high::all-arms::Omega_hat_NativeTrace,gpt-5.6-sol-high::problem-12/post-loop-state,problem-12,sha256:958460d7ecf7621b9ecf5669fda846e1d9c0a7b4b399190aeed32c7df8b0699e,gpt-5.6-sol-high,post-loop-state,all-arms,dynamic,Omega_hat_NativeTrace,481453,0
dynamic::gpt-5.6-sol-high::all-arms::Omega_hat_NativeTrace,gpt-5.6-sol-high::problem-12/long-trace-final,problem-12,sha256:bbf72f7493684d660693adfc81bbd175088f4b46afda09d4b298512c72508c1b,gpt-5.6-sol-high,long-trace-final,all-arms,dynamic,Omega_hat_NativeTrace,497537,0
dynamic::gpt-5.6-sol-high::all-arms::Omega_hat_NativeTrace,gpt-5.6-sol-high::problem-13/inside-loop-state,problem-13,sha256:2b247ce5916acd9195152fced59de2ae563f4cbdd37bfd795074e5f2ec115251,gpt-5.6-sol-high,inside-loop-state,all-arms,dynamic,Omega_hat_NativeTrace,432012,0
dynamic::gpt-5.6-sol-high::all-arms::Omega_hat_NativeTrace,gpt-5.6-sol-high::problem-13/post-loop-state,problem-13,sha256:5c4433c9aa1b024d200559d67bbc7d578a21c39d10fb03ce2c6a5caae255993f,gpt-5.6-sol-high,post-loop-state,all-arms,dynamic,Omega_hat_NativeTrace,544902,0
dynamic::gpt-5.6-sol-high::all-arms::Omega_hat_NativeTrace,gpt-5.6-sol-high::problem-13/short-trace-final,problem-13,sha256:eccc604db1d5cc06fe2c28b2456d93ecb100590e01fd6ce576ad76161a08aada,gpt-5.6-sol-high,short-trace-final,all-arms,dynamic,Omega_hat_NativeTrace,278749,0
dynamic::gpt-5.6-sol-high::all-arms::Omega_hat_NativeTrace,gpt-5.6-sol-high::problem-13/long-trace-final,problem-13,sha256:fc03a1fd966e3a60af4264cb997a959b0d3d39ccb2cc7f6636f0659db36c1fcf,gpt-5.6-sol-high,long-trace-final,all-arms,dynamic,Omega_hat_NativeTrace,560986,0
dynamic::gpt-5.6-sol-high::all-arms::Omega_hat_NativeTrace,gpt-5.6-sol-high::problem-14/short-trace-final,problem-14,sha256:929856d52b4d3a50a8d477f065732fc3ff381b1ec26dfd9672f1bb3e81b9112e,gpt-5.6-sol-high,short-trace-final,all-arms,dynamic,Omega_hat_NativeTrace,269637,0
dynamic::gpt-5.6-sol-high::all-arms::Omega_hat_NativeTrace,gpt-5.6-sol-high::problem-14/post-loop-state,problem-14,sha256:a428733484eb9e4568dc0f1944310d728394aa7a5f597f21fad8a5f17c349a92,gpt-5.6-sol-high,post-loop-state,all-arms,dynamic,Omega_hat_NativeTrace,506380,0
dynamic::gpt-5.6-sol-high::all-arms::Omega_hat_NativeTrace,gpt-5.6-sol-high::problem-14/inside-loop-state,problem-14,sha256:b92de04f170b8d7777731ffc17b0ef112672dde69764b2e2b4544f1cbbfd2775,gpt-5.6-sol-high,inside-loop-state,all-arms,dynamic,Omega_hat_NativeTrace,409055,0
dynamic::gpt-5.6-sol-high::all-arms::Omega_hat_NativeTrace,gpt-5.6-sol-high::problem-14/long-trace-final,problem-14,sha256:e692c2f7963ddc6244570169d2564497fe9f12ef39e36f0f4f9f973b508f3616,gpt-5.6-sol-high,long-trace-final,all-arms,dynamic,Omega_hat_NativeTrace,522464,0
dynamic::gpt-5.6-sol-high::all-arms::Omega_hat_NativeTrace,gpt-5.6-sol-high::problem-15/post-loop-state,problem-15,sha256:12301c45635de868f2a4e921222d940fcf33c2f6205d05fc21454266cfbc3061,gpt-5.6-sol-high,post-loop-state,all-arms,dynamic,Omega_hat_NativeTrace,487763,0
dynamic::gpt-5.6-sol-high::all-arms::Omega_hat_NativeTrace,gpt-5.6-sol-high::problem-15/inside-loop-state,problem-15,sha256:50e103eb8654ee1640e95f86191fb481f0e07e0bd366e6b5ce47d20c0a200912,gpt-5.6-sol-high,inside-loop-state,all-arms,dynamic,Omega_hat_NativeTrace,405070,0
dynamic::gpt-5.6-sol-high::all-arms::Omega_hat_NativeTrace,gpt-5.6-sol-high::problem-15/short-trace-final,problem-15,sha256:649f09230fe16bc947760c4387cd544c37fec8d49083a073371770fa5ae3e1d1,gpt-5.6-sol-high,short-trace-final,all-arms,dynamic,Omega_hat_NativeTrace,264604,0
dynamic::gpt-5.6-sol-high::all-arms::Omega_hat_NativeTrace,gpt-5.6-sol-high::problem-15/long-trace-final,problem-15,sha256:8ab718d447d5782861bfa1a8a089a1b4a55c3c55b6ead5ff4abb068409ec1b6b,gpt-5.6-sol-high,long-trace-final,all-arms,dynamic,Omega_hat_NativeTrace,503847,1
dynamic::gpt-5.6-sol-high::all-arms::Omega_hat_NativeTrace,gpt-5.6-sol-high::problem-16/short-trace-final,problem-16,sha256:64670fb8a7f19547ad0b0c7647c368cf26d355b1d2e0bedbf884079ff09d87fb,gpt-5.6-sol-high,short-trace-final,all-arms,dynamic,Omega_hat_NativeTrace,268255,0
dynamic::gpt-5.6-sol-high::all-arms::Omega_hat_NativeTrace,gpt-5.6-sol-high::problem-16/post-loop-state,problem-16,sha256:8368e978d24c4b3ea18f7eb2ea99706b1e5473aa07f13c4bb3fe6fe619fee763,gpt-5.6-sol-high,post-loop-state,all-arms,dynamic,Omega_hat_NativeTrace,467627,0
dynamic::gpt-5.6-sol-high::all-arms::Omega_hat_NativeTrace,gpt-5.6-sol-high::problem-16/long-trace-final,problem-16,sha256:a01be6f53c51de04e80ef9a1b56b33bd854ea547c3ab8fbf01dd1719b64424e2,gpt-5.6-sol-high,long-trace-final,all-arms,dynamic,Omega_hat_NativeTrace,483711,0
dynamic::gpt-5.6-sol-high::all-arms::Omega_hat_NativeTrace,gpt-5.6-sol-high::problem-16/inside-loop-state,problem-16,sha256:e785fbb7c44714837a925d69b7a0b7764633037949cf8e2d8eee2ac7af673285,gpt-5.6-sol-high,inside-loop-state,all-arms,dynamic,Omega_hat_NativeTrace,414667,0
dynamic::gpt-5.6-sol-high::all-arms::Omega_hat_NativeTrace,gpt-5.6-sol-high::problem-17/short-trace-final,problem-17,sha256:23bfd7217d9ba652a3156953e53db1b393d9093de1553e00151f9992835a6c12,gpt-5.6-sol-high,short-trace-final,all-arms,dynamic,Omega_hat_NativeTrace,263095,0
dynamic::gpt-5.6-sol-high::all-arms::Omega_hat_NativeTrace,gpt-5.6-sol-high::problem-17/post-loop-state,problem-17,sha256:a71207cf0c9322ded7b4ad736d0eb7fe58ca15c45d6aad6ed8aa8f7de3eda7b2,gpt-5.6-sol-high,post-loop-state,all-arms,dynamic,Omega_hat_NativeTrace,520301,0
dynamic::gpt-5.6-sol-high::all-arms::Omega_hat_NativeTrace,gpt-5.6-sol-high::problem-17/long-trace-final,problem-17,sha256:c1d6591d0bf5a1829058e47370a9ecca6ddf09033379e65669b82b28603cf1e2,gpt-5.6-sol-high,long-trace-final,all-arms,dynamic,Omega_hat_NativeTrace,536385,0
dynamic::gpt-5.6-sol-high::all-arms::Omega_hat_NativeTrace,gpt-5.6-sol-high::problem-17/inside-loop-state,problem-17,sha256:ffbe22e9b9ecc46324d4d5b73a4a9fb9116281954ab9775b607d59ad2563ff75,gpt-5.6-sol-high,inside-loop-state,all-arms,dynamic,Omega_hat_NativeTrace,435317,0
dynamic::gpt-5.6-sol-high::all-arms::Omega_hat_NativeTrace,gpt-5.6-sol-high::problem-18/long-trace-final,problem-18,sha256:3e1043702949a2334ffeb4aae795b5838059d006655a0bbf6798f0b6adeb085f,gpt-5.6-sol-high,long-trace-final,all-arms,dynamic,Omega_hat_NativeTrace,492562,0
dynamic::gpt-5.6-sol-high::all-arms::Omega_hat_NativeTrace,gpt-5.6-sol-high::problem-18/short-trace-final,problem-18,sha256:55ce2dca47dbe112e5ff867e7e8bfbd2311a4010bf0497e1f33d5e2d3b6b309d,gpt-5.6-sol-high,short-trace-final,all-arms,dynamic,Omega_hat_NativeTrace,258069,0
dynamic::gpt-5.6-sol-high::all-arms::Omega_hat_NativeTrace,gpt-5.6-sol-high::problem-18/inside-loop-state,problem-18,sha256:d9fde9c0b10033b45350be818f38a02f7530deefc277daf7ca51e91be628bf0d,gpt-5.6-sol-high,inside-loop-state,all-arms,dynamic,Omega_hat_NativeTrace,419419,0
dynamic::gpt-5.6-sol-high::all-arms::Omega_hat_NativeTrace,gpt-5.6-sol-high::problem-18/post-loop-state,problem-18,sha256:ec5ffe88fa32f58a281e2a9be9970228c8f780ce294441e0d8ca083c44ab7cb9,gpt-5.6-sol-high,post-loop-state,all-arms,dynamic,Omega_hat_NativeTrace,476478,0
dynamic::gpt-5.6-sol-high::all-arms::Omega_hat_NativeTrace,gpt-5.6-sol-high::problem-19/long-trace-final,problem-19,sha256:48814bea3c8f1e5cd1614a147556846e339503cb69e0803c858796e6f058c6eb,gpt-5.6-sol-high,long-trace-final,all-arms,dynamic,Omega_hat_NativeTrace,553979,0
dynamic::gpt-5.6-sol-high::all-arms::Omega_hat_NativeTrace,gpt-5.6-sol-high::problem-19/post-loop-state,problem-19,sha256:67005c3e5fba330dd029ce911161dd9d7c281181ffdda26a6c04f791843ce5b0,gpt-5.6-sol-high,post-loop-state,all-arms,dynamic,Omega_hat_NativeTrace,537895,0
dynamic::gpt-5.6-sol-high::all-arms::Omega_hat_NativeTrace,gpt-5.6-sol-high::problem-19/inside-loop-state,problem-19,sha256:7c4063bd0e506396a919ac229901d3779224482c2f0a86685fac407a77181b08,gpt-5.6-sol-high,inside-loop-state,all-arms,dynamic,Omega_hat_NativeTrace,429295,0
dynamic::gpt-5.6-sol-high::all-arms::Omega_hat_NativeTrace,gpt-5.6-sol-high::problem-19/short-trace-final,problem-19,sha256:e573b78b30a2d6877c5e647ea6ef1ebbe778918dafdef3ce3ca1ef425adf4aae,gpt-5.6-sol-high,short-trace-final,all-arms,dynamic,Omega_hat_NativeTrace,309010,0
dynamic::gpt-5.6-sol-high::all-arms::Omega_hat_NativeTrace,gpt-5.6-sol-high::problem-20/post-loop-state,problem-20,sha256:18ed8611483fb7761108ab3d6d83b912b08a4b16125c798ed34fc0e54d1d0305,gpt-5.6-sol-high,post-loop-state,all-arms,dynamic,Omega_hat_NativeTrace,492055,0
dynamic::gpt-5.6-sol-high::all-arms::Omega_hat_NativeTrace,gpt-5.6-sol-high::problem-20/short-trace-final,problem-20,sha256:9e0c8296a9f0717b3ada2dc70705058a39ba1d561df45643b9a79d3f62c7ee4f,gpt-5.6-sol-high,short-trace-final,all-arms,dynamic,Omega_hat_NativeTrace,267137,0
dynamic::gpt-5.6-sol-high::all-arms::Omega_hat_NativeTrace,gpt-5.6-sol-high::problem-20/inside-loop-state,problem-20,sha256:bd5bcbf1a9fbe0d7ec617f2eb09018adffc1493412d300f645de5abb9bb358e1,gpt-5.6-sol-high,inside-loop-state,all-arms,dynamic,Omega_hat_NativeTrace,415556,0
dynamic::gpt-5.6-sol-high::all-arms::Omega_hat_NativeTrace,gpt-5.6-sol-high::problem-20/long-trace-final,problem-20,sha256:cfdd0f3fcdabe8556447869245ebb13768cf9520d32294331ed86a2fcdda934e,gpt-5.6-sol-high,long-trace-final,all-arms,dynamic,Omega_hat_NativeTrace,508139,0
dynamic::gpt-5.6-sol-high::all-arms::Omega_hat_NativeTrace,gpt-5.6-sol-high::problem-21/inside-loop-state,problem-21,sha256:6b893d1fe6186f33bb87627c625c620c60c23d16b1eb380e5428287d7bcd173b,gpt-5.6-sol-high,inside-loop-state,all-arms,dynamic,Omega_hat_NativeTrace,908439,0
dynamic::gpt-5.6-sol-high::all-arms::Omega_hat_NativeTrace,gpt-5.6-sol-high::problem-21/long-trace-final,problem-21,sha256:abae68d8201478b8273623d6f31c7f95f798e23c59176c1c030258097c23bc2a,gpt-5.6-sol-high,long-trace-final,all-arms,dynamic,Omega_hat_NativeTrace,1103682,0
dynamic::gpt-5.6-sol-high::all-arms::Omega_hat_NativeTrace,gpt-5.6-sol-high::problem-21/post-loop-state,problem-21,sha256:b1ba4c145bc3491180d71e43456f0de195530e4eda327d97e480319644d54468,gpt-5.6-sol-high,post-loop-state,all-arms,dynamic,Omega_hat_NativeTrace,1074688,0
dynamic::gpt-5.6-sol-high::all-arms::Omega_hat_NativeTrace,gpt-5.6-sol-high::problem-21/short-trace-final,problem-21,sha256:c08e9d12f0c628db74c80e296b9aeaa44f2ff442479546e4521c875bc621edcf,gpt-5.6-sol-high,short-trace-final,all-arms,dynamic,Omega_hat_NativeTrace,676300,0
dynamic::gpt-5.6-sol-high::all-arms::Omega_hat_NativeTrace,gpt-5.6-sol-high::problem-22/post-loop-state,problem-22,sha256:642b405db89f31906ffda3368213a2dea48b194489eef14859eba92a495738dc,gpt-5.6-sol-high,post-loop-state,all-arms,dynamic,Omega_hat_NativeTrace,1103437,0
dynamic::gpt-5.6-sol-high::all-arms::Omega_hat_NativeTrace,gpt-5.6-sol-high::problem-22/inside-loop-state,problem-22,sha256:895a3e331a4a70e78f11ec4c30afb51f9695d33bfe2745487c604118a27dc196,gpt-5.6-sol-high,inside-loop-state,all-arms,dynamic,Omega_hat_NativeTrace,947612,0
dynamic::gpt-5.6-sol-high::all-arms::Omega_hat_NativeTrace,gpt-5.6-sol-high::problem-22/short-trace-final,problem-22,sha256:bdfb4ea940fcc763a5c0367908bb8a2418611ecbf44f222ddd6008ab05066e5a,gpt-5.6-sol-high,short-trace-final,all-arms,dynamic,Omega_hat_NativeTrace,672322,0
dynamic::gpt-5.6-sol-high::all-arms::Omega_hat_NativeTrace,gpt-5.6-sol-high::problem-22/long-trace-final,problem-22,sha256:d095f6706999a481b592168652c7c699ef339254946149818a5f8ab337c7f262,gpt-5.6-sol-high,long-trace-final,all-arms,dynamic,Omega_hat_NativeTrace,1132431,0
dynamic::gpt-5.6-sol-high::all-arms::Omega_hat_NativeTrace,gpt-5.6-sol-high::problem-23/long-trace-final,problem-23,sha256:1245ebbf69a81bcb8f23d1a367d4077c7ff732cf2ca37e553c4ad80d11a1687e,gpt-5.6-sol-high,long-trace-final,all-arms,dynamic,Omega_hat_NativeTrace,1158204,0
dynamic::gpt-5.6-sol-high::all-arms::Omega_hat_NativeTrace,gpt-5.6-sol-high::problem-23/short-trace-final,problem-23,sha256:78febcc2681676995da118209adc295d1c6f8449ddc2f697eff5823e74d2c92b,gpt-5.6-sol-high,short-trace-final,all-arms,dynamic,Omega_hat_NativeTrace,693244,0
dynamic::gpt-5.6-sol-high::all-arms::Omega_hat_NativeTrace,gpt-5.6-sol-high::problem-23/inside-loop-state,problem-23,sha256:c5b04d442721c6e23d53ded804f222ca9bc2bd35cb825d975482627fa2f68eb8,gpt-5.6-sol-high,inside-loop-state,all-arms,dynamic,Omega_hat_NativeTrace,954487,0
dynamic::gpt-5.6-sol-high::all-arms::Omega_hat_NativeTrace,gpt-5.6-sol-high::problem-23/post-loop-state,problem-23,sha256:f422207380b27c4b9c9e1403517b42b55f6342cd02514f3d18cff14a6eaf23b9,gpt-5.6-sol-high,post-loop-state,all-arms,dynamic,Omega_hat_NativeTrace,1129210,0
dynamic::gpt-5.6-sol-high::all-arms::Omega_hat_NativeTrace,gpt-5.6-sol-high::problem-24/long-trace-final,problem-24,sha256:312cb1244299d8ea29ce3be52759a05aaf6f571f4cabdb8de4cdfefc53c21127,gpt-5.6-sol-high,long-trace-final,all-arms,dynamic,Omega_hat_NativeTrace,1152328,0
dynamic::gpt-5.6-sol-high::all-arms::Omega_hat_NativeTrace,gpt-5.6-sol-high::problem-24/post-loop-state,problem-24,sha256:a9bba3e75ac97caf5a230d723fd189724ff0563bea2bef0b001eb7655cd5c948,gpt-5.6-sol-high,post-loop-state,all-arms,dynamic,Omega_hat_NativeTrace,1123334,0
dynamic::gpt-5.6-sol-high::all-arms::Omega_hat_NativeTrace,gpt-5.6-sol-high::problem-24/inside-loop-state,problem-24,sha256:c151679cf530cdccea973844a665dbb377147bfda08d781a73e4cebd8e7aa207,gpt-5.6-sol-high,inside-loop-state,all-arms,dynamic,Omega_hat_NativeTrace,951623,0
dynamic::gpt-5.6-sol-high::all-arms::Omega_hat_NativeTrace,gpt-5.6-sol-high::problem-24/short-trace-final,problem-24,sha256:da5e2129ac6eb31efb9c60f4456bf6a53cf0c9c972c82515c6421612ad91b98c,gpt-5.6-sol-high,short-trace-final,all-arms,dynamic,Omega_hat_NativeTrace,682729,0
dynamic::gpt-5.6-sol-high::all-arms::Omega_hat_NativeTrace,gpt-5.6-sol-high::problem-25/inside-loop-state,problem-25,sha256:5e34e564ebcb950511aeb4040311983a4e917c9f539fe9bf740740d04ff82754,gpt-5.6-sol-high,inside-loop-state,all-arms,dynamic,Omega_hat_NativeTrace,953509,0
dynamic::gpt-5.6-sol-high::all-arms::Omega_hat_NativeTrace,gpt-5.6-sol-high::problem-25/post-loop-state,problem-25,sha256:75b110f0259dbaad71e4a3448a19097ec57bdd629d5281f6767d6860812b4c19,gpt-5.6-sol-high,post-loop-state,all-arms,dynamic,Omega_hat_NativeTrace,1099416,0
dynamic::gpt-5.6-sol-high::all-arms::Omega_hat_NativeTrace,gpt-5.6-sol-high::problem-25/short-trace-final,problem-25,sha256:a40a9795cb938fde800d3c6170d0c04fa0258cbef4e26485156c279ea570a1c9,gpt-5.6-sol-high,short-trace-final,all-arms,dynamic,Omega_hat_NativeTrace,682450,0
dynamic::gpt-5.6-sol-high::all-arms::Omega_hat_NativeTrace,gpt-5.6-sol-high::problem-25/long-trace-final,problem-25,sha256:ea555a40d3f155ff207893e7327866c923e56b4bcc853fbea3e3ec27d9a3e419,gpt-5.6-sol-high,long-trace-final,all-arms,dynamic,Omega_hat_NativeTrace,1128410,0
dynamic::gpt-5.6-sol-high::all-arms::Omega_hat_NativeTrace,gpt-5.6-sol-high::problem-26/post-loop-state,problem-26,sha256:09ad9f965884b1ca88246bf427ed30c073b3774cda0e3f8b1ba5fcb8a52876f0,gpt-5.6-sol-high,post-loop-state,all-arms,dynamic,Omega_hat_NativeTrace,1084392,0
dynamic::gpt-5.6-sol-high::all-arms::Omega_hat_NativeTrace,gpt-5.6-sol-high::problem-26/long-trace-final,problem-26,sha256:8a0a9d72ece310a0393e6f8cd6161daa9fc85ca793d8f7a5effe7867b7b3610e,gpt-5.6-sol-high,long-trace-final,all-arms,dynamic,Omega_hat_NativeTrace,1113386,0
dynamic::gpt-5.6-sol-high::all-arms::Omega_hat_NativeTrace,gpt-5.6-sol-high::problem-26/short-trace-final,problem-26,sha256:d366caa8929075d65d1d7b7db9700b9131f161a1ac0faff603b289cf7c5bce85,gpt-5.6-sol-high,short-trace-final,all-arms,dynamic,Omega_hat_NativeTrace,664411,0
dynamic::gpt-5.6-sol-high::all-arms::Omega_hat_NativeTrace,gpt-5.6-sol-high::problem-26/inside-loop-state,problem-26,sha256:f9a0bdb83416f8938c7ae733c1f802841b3746ef0e2c9c69f4dfcd271e42f429,gpt-5.6-sol-high,inside-loop-state,all-arms,dynamic,Omega_hat_NativeTrace,933361,0
dynamic::gpt-5.6-sol-high::all-arms::Omega_hat_NativeTrace,gpt-5.6-sol-high::problem-27/long-trace-final,problem-27,sha256:1d4d6eaa0d724ed2eabbd6de906e694e29956478548df760cda79767a3d420aa,gpt-5.6-sol-high,long-trace-final,all-arms,dynamic,Omega_hat_NativeTrace,1134258,0
dynamic::gpt-5.6-sol-high::all-arms::Omega_hat_NativeTrace,gpt-5.6-sol-high::problem-27/short-trace-final,problem-27,sha256:ac06f4eaa7953cf90f5b0f2b52580f1e113358761701f25264564a9119eed893,gpt-5.6-sol-high,short-trace-final,all-arms,dynamic,Omega_hat_NativeTrace,668322,0
dynamic::gpt-5.6-sol-high::all-arms::Omega_hat_NativeTrace,gpt-5.6-sol-high::problem-27/inside-loop-state,problem-27,sha256:e8a7fd6ede3a54a7a6c46ba71aa8095c7036f8a67282fd35936d92bd03911640,gpt-5.6-sol-high,inside-loop-state,all-arms,dynamic,Omega_hat_NativeTrace,956840,0
dynamic::gpt-5.6-sol-high::all-arms::Omega_hat_NativeTrace,gpt-5.6-sol-high::problem-27/post-loop-state,problem-27,sha256:ec560b955bdd3cfdd9c93d7e5e9dec52b80d640de2b6aef03d7e59ab46ae487f,gpt-5.6-sol-high,post-loop-state,all-arms,dynamic,Omega_hat_NativeTrace,1105264,0
dynamic::gpt-5.6-sol-high::all-arms::Omega_hat_NativeTrace,gpt-5.6-sol-high::problem-28/inside-loop-state,problem-28,sha256:8e7497c27f25952db2771db8b7d65a445fec890474e0eaf363433912b4448d98,gpt-5.6-sol-high,inside-loop-state,all-arms,dynamic,Omega_hat_NativeTrace,968151,0
dynamic::gpt-5.6-sol-high::all-arms::Omega_hat_NativeTrace,gpt-5.6-sol-high::problem-28/short-trace-final,problem-28,sha256:e48fd34b81d40474be4f17f911d0be54f3f4d0dcb7dcf485fbc4396c61acb108,gpt-5.6-sol-high,short-trace-final,all-arms,dynamic,Omega_hat_NativeTrace,714229,0
dynamic::gpt-5.6-sol-high::all-arms::Omega_hat_NativeTrace,gpt-5.6-sol-high::problem-28/long-trace-final,problem-28,sha256:eac890193eab32fcb83a9b96b1975d2ec0850ff443479a8e9fc22322b0fef1a3,gpt-5.6-sol-high,long-trace-final,all-arms,dynamic,Omega_hat_NativeTrace,1202298,0
dynamic::gpt-5.6-sol-high::all-arms::Omega_hat_NativeTrace,gpt-5.6-sol-high::problem-28/post-loop-state,problem-28,sha256:eb32ac1b648907af496e87af77869c7d270abcf1a78e35194aff1abc7aad9814,gpt-5.6-sol-high,post-loop-state,all-arms,dynamic,Omega_hat_NativeTrace,1173304,0
dynamic::gpt-5.6-sol-high::all-arms::Omega_hat_NativeTrace,gpt-5.6-sol-high::problem-29/post-loop-state,problem-29,sha256:266a35b82d6b7b97b632edbdec2e61ad18b6191c9dc4722cceec06e6f7cf3e7b,gpt-5.6-sol-high,post-loop-state,all-arms,dynamic,Omega_hat_NativeTrace,1154018,0
dynamic::gpt-5.6-sol-high::all-arms::Omega_hat_NativeTrace,gpt-5.6-sol-high::problem-29/short-trace-final,problem-29,sha256:4ecced26b7df8a9b75c98baa33550ead17ba2313bbb605c2d1cb7baa2e29a52e,gpt-5.6-sol-high,short-trace-final,all-arms,dynamic,Omega_hat_NativeTrace,699583,0
dynamic::gpt-5.6-sol-high::all-arms::Omega_hat_NativeTrace,gpt-5.6-sol-high::problem-29/inside-loop-state,problem-29,sha256:6055ac1e5575ce92574c3669a2a3eb367092c36fb132bfce0cca3260851140e2,gpt-5.6-sol-high,inside-loop-state,all-arms,dynamic,Omega_hat_NativeTrace,975089,0
dynamic::gpt-5.6-sol-high::all-arms::Omega_hat_NativeTrace,gpt-5.6-sol-high::problem-29/long-trace-final,problem-29,sha256:dafab6181d512ecf0c71e74b5f580d6000813124811287d4fc852c2b145c4d20,gpt-5.6-sol-high,long-trace-final,all-arms,dynamic,Omega_hat_NativeTrace,1183012,0
dynamic::gpt-5.6-sol-high::all-arms::Omega_hat_NativeTrace,gpt-5.6-sol-high::problem-30/inside-loop-state,problem-30,sha256:4956e45be9ac9fea2c36667b16c62bb1d6f435004d42c4e4b3b34a6a2de2fa26,gpt-5.6-sol-high,inside-loop-state,all-arms,dynamic,Omega_hat_NativeTrace,981391,0
dynamic::gpt-5.6-sol-high::all-arms::Omega_hat_NativeTrace,gpt-5.6-sol-high::problem-30/short-trace-final,problem-30,sha256:84ea88c1bf723ea51c2ae8d1c8fe25aa5d3dc5be93e0882e4f0cf0be0e4137bb,gpt-5.6-sol-high,short-trace-final,all-arms,dynamic,Omega_hat_NativeTrace,635734,0
dynamic::gpt-5.6-sol-high::all-arms::Omega_hat_NativeTrace,gpt-5.6-sol-high::problem-30/long-trace-final,problem-30,sha256:c2098a098a924cecff89d4a804a7f8d840ecd0538821c278601a32140bcca3f8,gpt-5.6-sol-high,long-trace-final,all-arms,dynamic,Omega_hat_NativeTrace,1138793,0
dynamic::gpt-5.6-sol-high::all-arms::Omega_hat_NativeTrace,gpt-5.6-sol-high::problem-30/post-loop-state,problem-30,sha256:e69e021f535c9d0fc24b0101f47f65371d3832409890cf0484859bf2d6e98e0b,gpt-5.6-sol-high,post-loop-state,all-arms,dynamic,Omega_hat_NativeTrace,1109799,0
dynamic::gpt-5.6-sol-high::all-arms::Omega_hat_StateLoad,gpt-5.6-sol-high::problem-01/inside-loop-state,problem-01,sha256:0547b42885dc201376fb93765a3c7da6c077a0338c243dcae8c262108a061af1,gpt-5.6-sol-high,inside-loop-state,all-arms,dynamic,Omega_hat_StateLoad,86579700,0
dynamic::gpt-5.6-sol-high::all-arms::Omega_hat_StateLoad,gpt-5.6-sol-high::problem-01/long-trace-final,problem-01,sha256:56d9affe274f136e1933852e8f797cfb86ea3bed95c016b04556b2c4ca152b2c,gpt-5.6-sol-high,long-trace-final,all-arms,dynamic,Omega_hat_StateLoad,106548777,0
dynamic::gpt-5.6-sol-high::all-arms::Omega_hat_StateLoad,gpt-5.6-sol-high::problem-01/short-trace-final,problem-01,sha256:73ad8aafe6d235df156f603343f220d5bf0bf095034c7c09e4647aec6b75183c,gpt-5.6-sol-high,short-trace-final,all-arms,dynamic,Omega_hat_StateLoad,41566773,1
dynamic::gpt-5.6-sol-high::all-arms::Omega_hat_StateLoad,gpt-5.6-sol-high::problem-01/post-loop-state,problem-01,sha256:8c394bb669c6429a6cc8371df442ba1284632f5fd03fcf20b87ec42c6b002666,gpt-5.6-sol-high,post-loop-state,all-arms,dynamic,Omega_hat_StateLoad,104083011,0
dynamic::gpt-5.6-sol-high::all-arms::Omega_hat_StateLoad,gpt-5.6-sol-high::problem-02/long-trace-final,problem-02,sha256:2c6c086992c204f9156a73eca1a86fe4ad8b4777c9b50ca69f44efa3a0ec804d,gpt-5.6-sol-high,long-trace-final,all-arms,dynamic,Omega_hat_StateLoad,106084790,0
dynamic::gpt-5.6-sol-high::all-arms::Omega_hat_StateLoad,gpt-5.6-sol-high::problem-02/inside-loop-state,problem-02,sha256:43ea44d05f37e33633d2f43ad399b115c3066c018f15acef6f477c034fdda927,gpt-5.6-sol-high,inside-loop-state,all-arms,dynamic,Omega_hat_StateLoad,86252989,0
dynamic::gpt-5.6-sol-high::all-arms::Omega_hat_StateLoad,gpt-5.6-sol-high::problem-02/post-loop-state,problem-02,sha256:ba7d1febfb83991899883c292120818d9f29e3dd565ec4a93b6368650d9b3d8b,gpt-5.6-sol-high,post-loop-state,all-arms,dynamic,Omega_hat_StateLoad,103617741,0
dynamic::gpt-5.6-sol-high::all-arms::Omega_hat_StateLoad,gpt-5.6-sol-high::problem-02/short-trace-final,problem-02,sha256:c045cedad0407af52c2d7faa26f00e6fb48605031adc73be301bb6ee469d0a00,gpt-5.6-sol-high,short-trace-final,all-arms,dynamic,Omega_hat_StateLoad,49548623,0
dynamic::gpt-5.6-sol-high::all-arms::Omega_hat_StateLoad,gpt-5.6-sol-high::problem-03/post-loop-state,problem-03,sha256:2acfa20a7ee16e7c373ae0cf23d876f6106fe1856336ee95352a6619b1420010,gpt-5.6-sol-high,post-loop-state,all-arms,dynamic,Omega_hat_StateLoad,101288087,0
dynamic::gpt-5.6-sol-high::all-arms::Omega_hat_StateLoad,gpt-5.6-sol-high::problem-03/inside-loop-state,problem-03,sha256:587d5ad47aee9baac51abb2d6ac720bc8b29f8e6c6f98e2e7066bb6d8bac30a1,gpt-5.6-sol-high,inside-loop-state,all-arms,dynamic,Omega_hat_StateLoad,86715276,0
dynamic::gpt-5.6-sol-high::all-arms::Omega_hat_StateLoad,gpt-5.6-sol-high::problem-03/long-trace-final,problem-03,sha256:5cd8a44109e568c902e2d582d4448650c2d4a64ee9ae4e391cf17a60348468b4,gpt-5.6-sol-high,long-trace-final,all-arms,dynamic,Omega_hat_StateLoad,103766078,0
dynamic::gpt-5.6-sol-high::all-arms::Omega_hat_StateLoad,gpt-5.6-sol-high::problem-03/short-trace-final,problem-03,sha256:de9b7f7e58c8ec2d2f824891cdd79a1b094a45ac4742558225294573439b316d,gpt-5.6-sol-high,short-trace-final,all-arms,dynamic,Omega_hat_StateLoad,42074911,0
dynamic::gpt-5.6-sol-high::all-arms::Omega_hat_StateLoad,gpt-5.6-sol-high::problem-04/short-trace-final,problem-04,sha256:05aae40bc36e0df65171215e791c8e10e79babb0960ce78b876515d48b8accae,gpt-5.6-sol-high,short-trace-final,all-arms,dynamic,Omega_hat_StateLoad,46566564,1
dynamic::gpt-5.6-sol-high::all-arms::Omega_hat_StateLoad,gpt-5.6-sol-high::problem-04/long-trace-final,problem-04,sha256:7ad230089b4b878cee95f70563245eea351dea877118fcf8a597be6bd90d14f5,gpt-5.6-sol-high,long-trace-final,all-arms,dynamic,Omega_hat_StateLoad,110780630,0
dynamic::gpt-5.6-sol-high::all-arms::Omega_hat_StateLoad,gpt-5.6-sol-high::problem-04/post-loop-state,problem-04,sha256:94ab1f7d2732d7ff5cef895f5b77e7fd081702b993a6eb7d3d5c505592cefb21,gpt-5.6-sol-high,post-loop-state,all-arms,dynamic,Omega_hat_StateLoad,108335276,0
dynamic::gpt-5.6-sol-high::all-arms::Omega_hat_StateLoad,gpt-5.6-sol-high::problem-04/inside-loop-state,problem-04,sha256:9aaa594325de39aafc50a9d96c539f0c1166bd50a8eff8c49c14c84270c4ff59,gpt-5.6-sol-high,inside-loop-state,all-arms,dynamic,Omega_hat_StateLoad,90997601,0
dynamic::gpt-5.6-sol-high::all-arms::Omega_hat_StateLoad,gpt-5.6-sol-high::problem-05/post-loop-state,problem-05,sha256:0f684ff85de199f8f7c7ffc32375f9b9e62fa5827fcecce50fb5d60bca08e280,gpt-5.6-sol-high,post-loop-state,all-arms,dynamic,Omega_hat_StateLoad,106867870,0
dynamic::gpt-5.6-sol-high::all-arms::Omega_hat_StateLoad,gpt-5.6-sol-high::problem-05/long-trace-final,problem-05,sha256:5a4822c8f4e084302eeecb07be76313448d56e02db866843273cfa2a79ca9b73,gpt-5.6-sol-high,long-trace-final,all-arms,dynamic,Omega_hat_StateLoad,109339766,1
dynamic::gpt-5.6-sol-high::all-arms::Omega_hat_StateLoad,gpt-5.6-sol-high::problem-05/short-trace-final,problem-05,sha256:9f6345f351d6266c0c09238729ff08378ce70e23ac0267c2e41f067733d6f579,gpt-5.6-sol-high,short-trace-final,all-arms,dynamic,Omega_hat_StateLoad,42108814,0
dynamic::gpt-5.6-sol-high::all-arms::Omega_hat_StateLoad,gpt-5.6-sol-high::problem-05/inside-loop-state,problem-05,sha256:e22303dc39b5dd7a5cac47da11bd364b0897fb8d8d9099162d7706552f9fa372,gpt-5.6-sol-high,inside-loop-state,all-arms,dynamic,Omega_hat_StateLoad,91831012,0
dynamic::gpt-5.6-sol-high::all-arms::Omega_hat_StateLoad,gpt-5.6-sol-high::problem-06/long-trace-final,problem-06,sha256:061a7cf51e116aa318d53740cdc4d580b6c9767f126c91061a484987b96cd0c7,gpt-5.6-sol-high,long-trace-final,all-arms,dynamic,Omega_hat_StateLoad,105001210,0
dynamic::gpt-5.6-sol-high::all-arms::Omega_hat_StateLoad,gpt-5.6-sol-high::problem-06/post-loop-state,problem-06,sha256:2c10823e77f28c1bd27318dfe6f1918fbe52e06174725d89f5e5d33bd0bd5510,gpt-5.6-sol-high,post-loop-state,all-arms,dynamic,Omega_hat_StateLoad,102534063,0
dynamic::gpt-5.6-sol-high::all-arms::Omega_hat_StateLoad,gpt-5.6-sol-high::problem-06/short-trace-final,problem-06,sha256:6a88d2c05b775fcb748a8354a26e9d76a3a40fbeb4478fdc3ede8d3a216d580f,gpt-5.6-sol-high,short-trace-final,all-arms,dynamic,Omega_hat_StateLoad,42285721,1
dynamic::gpt-5.6-sol-high::all-arms::Omega_hat_StateLoad,gpt-5.6-sol-high::problem-06/inside-loop-state,problem-06,sha256:cd00c1a7e81437959f3f7ae75d1cd3869cff5bb6980eec8d78e39979ad3c2a27,gpt-5.6-sol-high,inside-loop-state,all-arms,dynamic,Omega_hat_StateLoad,84465390,0
dynamic::gpt-5.6-sol-high::all-arms::Omega_hat_StateLoad,gpt-5.6-sol-high::problem-07/long-trace-final,problem-07,sha256:0038af217dac3eb4ec50de238581737dacd10f0887c0b2b7bf8c89208e6efac5,gpt-5.6-sol-high,long-trace-final,all-arms,dynamic,Omega_hat_StateLoad,107196992,0
dynamic::gpt-5.6-sol-high::all-arms::Omega_hat_StateLoad,gpt-5.6-sol-high::problem-07/inside-loop-state,problem-07,sha256:3f021ab7fd773d4b5707b65f0ddba29e4e2f31918c7ad194865bdfdb2cc2fc23,gpt-5.6-sol-high,inside-loop-state,all-arms,dynamic,Omega_hat_StateLoad,92647385,0
dynamic::gpt-5.6-sol-high::all-arms::Omega_hat_StateLoad,gpt-5.6-sol-high::problem-07/post-loop-state,problem-07,sha256:9e457d18bfaac327399393fdb975773303e803b2fd677d4bd2e6b7cd4ddc624c,gpt-5.6-sol-high,post-loop-state,all-arms,dynamic,Omega_hat_StateLoad,104730191,0
dynamic::gpt-5.6-sol-high::all-arms::Omega_hat_StateLoad,gpt-5.6-sol-high::problem-07/short-trace-final,problem-07,sha256:a804134b8daa3d73abbebef8e0e40694e39211ed7153b6ad7591756fe33cd167,gpt-5.6-sol-high,short-trace-final,all-arms,dynamic,Omega_hat_StateLoad,45837857,0
dynamic::gpt-5.6-sol-high::all-arms::Omega_hat_StateLoad,gpt-5.6-sol-high::problem-08/inside-loop-state,problem-08,sha256:7064354a09226b66ebb7194c3454eab73c7a5d95fb26e79e1817e12584f3f310,gpt-5.6-sol-high,inside-loop-state,all-arms,dynamic,Omega_hat_StateLoad,86637479,0
dynamic::gpt-5.6-sol-high::all-arms::Omega_hat_StateLoad,gpt-5.6-sol-high::problem-08/short-trace-final,problem-08,sha256:a7da9f82ea01769a6b8a112317eee4c6cc1f6de1fd6fdd14a5537d4ac9c80a0f,gpt-5.6-sol-high,short-trace-final,all-arms,dynamic,Omega_hat_StateLoad,40757471,0
dynamic::gpt-5.6-sol-high::all-arms::Omega_hat_StateLoad,gpt-5.6-sol-high::problem-08/post-loop-state,problem-08,sha256:e32673ca942baf21e1de8014e35df297a78a6d254c419164d155a8af936e67b4,gpt-5.6-sol-high,post-loop-state,all-arms,dynamic,Omega_hat_StateLoad,98048888,0
dynamic::gpt-5.6-sol-high::all-arms::Omega_hat_StateLoad,gpt-5.6-sol-high::problem-08/long-trace-final,problem-08,sha256:f4f4c04290dfd1722493e9d5e7c6c040d58b8f4f1f2ea1ffd0972f45a5893717,gpt-5.6-sol-high,long-trace-final,all-arms,dynamic,Omega_hat_StateLoad,100512495,0
dynamic::gpt-5.6-sol-high::all-arms::Omega_hat_StateLoad,gpt-5.6-sol-high::problem-09/short-trace-final,problem-09,sha256:1f2e9f2d169b17ceb6021bac59f884fc4c71697048d44bcde003919a30c6bc01,gpt-5.6-sol-high,short-trace-final,all-arms,dynamic,Omega_hat_StateLoad,47997571,1
dynamic::gpt-5.6-sol-high::all-arms::Omega_hat_StateLoad,gpt-5.6-sol-high::problem-09/inside-loop-state,problem-09,sha256:221039cb3147683b097b9a9e97cbc35a8b09ba4e290f73be9b1bca308fd93ce3,gpt-5.6-sol-high,inside-loop-state,all-arms,dynamic,Omega_hat_StateLoad,88571383,0
dynamic::gpt-5.6-sol-high::all-arms::Omega_hat_StateLoad,gpt-5.6-sol-high::problem-09/post-loop-state,problem-09,sha256:2c9d501dc7cc0a1d91e2d7340569ca0ba384bdb40034069641418df06a065b02,gpt-5.6-sol-high,post-loop-state,all-arms,dynamic,Omega_hat_StateLoad,109696931,0
dynamic::gpt-5.6-sol-high::all-arms::Omega_hat_StateLoad,gpt-5.6-sol-high::problem-09/long-trace-final,problem-09,sha256:d5594fe452f9751f9e5a7096c8f016b17a3d1be5849b3882dd8846f268197c8d,gpt-5.6-sol-high,long-trace-final,all-arms,dynamic,Omega_hat_StateLoad,112165358,0
dynamic::gpt-5.6-sol-high::all-arms::Omega_hat_StateLoad,gpt-5.6-sol-high::problem-10/inside-loop-state,problem-10,sha256:4bfd0a8e336edf6d47adfddd74897b9784181700d614c66dab4d21903a7797cb,gpt-5.6-sol-high,inside-loop-state,all-arms,dynamic,Omega_hat_StateLoad,87339701,0
dynamic::gpt-5.6-sol-high::all-arms::Omega_hat_StateLoad,gpt-5.6-sol-high::problem-10/short-trace-final,problem-10,sha256:68a7353ba44980aa7c94507c7d2506366b7e1a6d3a9840cec0ba3fd243bb86ef,gpt-5.6-sol-high,short-trace-final,all-arms,dynamic,Omega_hat_StateLoad,47569262,0
dynamic::gpt-5.6-sol-high::all-arms::Omega_hat_StateLoad,gpt-5.6-sol-high::problem-10/post-loop-state,problem-10,sha256:6d34f6c50beb59b579b867aa64417c1f8e212aca0c7dba85a4f8d73ad6395e15,gpt-5.6-sol-high,post-loop-state,all-arms,dynamic,Omega_hat_StateLoad,104128226,0
dynamic::gpt-5.6-sol-high::all-arms::Omega_hat_StateLoad,gpt-5.6-sol-high::problem-10/long-trace-final,problem-10,sha256:b9350571c682c8ce1a385a3827b09b6195b6b0de80c103fe5638970bd0396907,gpt-5.6-sol-high,long-trace-final,all-arms,dynamic,Omega_hat_StateLoad,106586617,0
dynamic::gpt-5.6-sol-high::all-arms::Omega_hat_StateLoad,gpt-5.6-sol-high::problem-11/short-trace-final,problem-11,sha256:26270b738997e89a812774051cc9205ec744eed12d5397ba27730fd1f3616545,gpt-5.6-sol-high,short-trace-final,all-arms,dynamic,Omega_hat_StateLoad,249445643,0
dynamic::gpt-5.6-sol-high::all-arms::Omega_hat_StateLoad,gpt-5.6-sol-high::problem-11/long-trace-final,problem-11,sha256:37449d8e8c91c57d5e2c5704a43fc22c0bd0599b769db5d859947f119c59900a,gpt-5.6-sol-high,long-trace-final,all-arms,dynamic,Omega_hat_StateLoad,444084450,0
dynamic::gpt-5.6-sol-high::all-arms::Omega_hat_StateLoad,gpt-5.6-sol-high::problem-11/post-loop-state,problem-11,sha256:89cf19a5769900427442f00c16f675ef52b8c60cb6f502a5e54dafd29cbaa7b3,gpt-5.6-sol-high,post-loop-state,all-arms,dynamic,Omega_hat_StateLoad,435321587,0
dynamic::gpt-5.6-sol-high::all-arms::Omega_hat_StateLoad,gpt-5.6-sol-high::problem-11/inside-loop-state,problem-11,sha256:9e616055a8b294cc727870ca9d00854bfd4625609bfaf8f7f208f2affda4e187,gpt-5.6-sol-high,inside-loop-state,all-arms,dynamic,Omega_hat_StateLoad,368909967,0
dynamic::gpt-5.6-sol-high::all-arms::Omega_hat_StateLoad,gpt-5.6-sol-high::problem-12/inside-loop-state,problem-12,sha256:7b5df0851254363517f3ded42cf7a385fa51a85dd64743e6e008669e0faf5b82,gpt-5.6-sol-high,inside-loop-state,all-arms,dynamic,Omega_hat_StateLoad,373082051,0
dynamic::gpt-5.6-sol-high::all-arms::Omega_hat_StateLoad,gpt-5.6-sol-high::problem-12/short-trace-final,problem-12,sha256:85aa9c8d83f90f5ce7ad3cbf050a51a8d8f6994499cd2159cb23a7ea82b1849e,gpt-5.6-sol-high,short-trace-final,all-arms,dynamic,Omega_hat_StateLoad,241014984,0
dynamic::gpt-5.6-sol-high::all-arms::Omega_hat_StateLoad,gpt-5.6-sol-high::problem-12/post-loop-state,problem-12,sha256:958460d7ecf7621b9ecf5669fda846e1d9c0a7b4b399190aeed32c7df8b0699e,gpt-5.6-sol-high,post-loop-state,all-arms,dynamic,Omega_hat_StateLoad,424195504,0
dynamic::gpt-5.6-sol-high::all-arms::Omega_hat_StateLoad,gpt-5.6-sol-high::problem-12/long-trace-final,problem-12,sha256:bbf72f7493684d660693adfc81bbd175088f4b46afda09d4b298512c72508c1b,gpt-5.6-sol-high,long-trace-final,all-arms,dynamic,Omega_hat_StateLoad,432951324,0
dynamic::gpt-5.6-sol-high::all-arms::Omega_hat_StateLoad,gpt-5.6-sol-high::problem-13/inside-loop-state,problem-13,sha256:2b247ce5916acd9195152fced59de2ae563f4cbdd37bfd795074e5f2ec115251,gpt-5.6-sol-high,inside-loop-state,all-arms,dynamic,Omega_hat_StateLoad,383128645,0
dynamic::gpt-5.6-sol-high::all-arms::Omega_hat_StateLoad,gpt-5.6-sol-high::problem-13/post-loop-state,problem-13,sha256:5c4433c9aa1b024d200559d67bbc7d578a21c39d10fb03ce2c6a5caae255993f,gpt-5.6-sol-high,post-loop-state,all-arms,dynamic,Omega_hat_StateLoad,481716808,0
dynamic::gpt-5.6-sol-high::all-arms::Omega_hat_StateLoad,gpt-5.6-sol-high::problem-13/short-trace-final,problem-13,sha256:eccc604db1d5cc06fe2c28b2456d93ecb100590e01fd6ce576ad76161a08aada,gpt-5.6-sol-high,short-trace-final,all-arms,dynamic,Omega_hat_StateLoad,235146035,0
dynamic::gpt-5.6-sol-high::all-arms::Omega_hat_StateLoad,gpt-5.6-sol-high::problem-13/long-trace-final,problem-13,sha256:fc03a1fd966e3a60af4264cb997a959b0d3d39ccb2cc7f6636f0659db36c1fcf,gpt-5.6-sol-high,long-trace-final,all-arms,dynamic,Omega_hat_StateLoad,490517655,0
dynamic::gpt-5.6-sol-high::all-arms::Omega_hat_StateLoad,gpt-5.6-sol-high::problem-14/short-trace-final,problem-14,sha256:929856d52b4d3a50a8d477f065732fc3ff381b1ec26dfd9672f1bb3e81b9112e,gpt-5.6-sol-high,short-trace-final,all-arms,dynamic,Omega_hat_StateLoad,229471960,0
dynamic::gpt-5.6-sol-high::all-arms::Omega_hat_StateLoad,gpt-5.6-sol-high::problem-14/post-loop-state,problem-14,sha256:a428733484eb9e4568dc0f1944310d728394aa7a5f597f21fad8a5f17c349a92,gpt-5.6-sol-high,post-loop-state,all-arms,dynamic,Omega_hat_StateLoad,445181821,0
dynamic::gpt-5.6-sol-high::all-arms::Omega_hat_StateLoad,gpt-5.6-sol-high::problem-14/inside-loop-state,problem-14,sha256:b92de04f170b8d7777731ffc17b0ef112672dde69764b2e2b4544f1cbbfd2775,gpt-5.6-sol-high,inside-loop-state,all-arms,dynamic,Omega_hat_StateLoad,361942611,0
dynamic::gpt-5.6-sol-high::all-arms::Omega_hat_StateLoad,gpt-5.6-sol-high::problem-14/long-trace-final,problem-14,sha256:e692c2f7963ddc6244570169d2564497fe9f12ef39e36f0f4f9f973b508f3616,gpt-5.6-sol-high,long-trace-final,all-arms,dynamic,Omega_hat_StateLoad,453984472,0
dynamic::gpt-5.6-sol-high::all-arms::Omega_hat_StateLoad,gpt-5.6-sol-high::problem-15/post-loop-state,problem-15,sha256:12301c45635de868f2a4e921222d940fcf33c2f6205d05fc21454266cfbc3061,gpt-5.6-sol-high,post-loop-state,all-arms,dynamic,Omega_hat_StateLoad,427703242,0
dynamic::gpt-5.6-sol-high::all-arms::Omega_hat_StateLoad,gpt-5.6-sol-high::problem-15/inside-loop-state,problem-15,sha256:50e103eb8654ee1640e95f86191fb481f0e07e0bd366e6b5ce47d20c0a200912,gpt-5.6-sol-high,inside-loop-state,all-arms,dynamic,Omega_hat_StateLoad,356915477,0
dynamic::gpt-5.6-sol-high::all-arms::Omega_hat_StateLoad,gpt-5.6-sol-high::problem-15/short-trace-final,problem-15,sha256:649f09230fe16bc947760c4387cd544c37fec8d49083a073371770fa5ae3e1d1,gpt-5.6-sol-high,short-trace-final,all-arms,dynamic,Omega_hat_StateLoad,223803302,0
dynamic::gpt-5.6-sol-high::all-arms::Omega_hat_StateLoad,gpt-5.6-sol-high::problem-15/long-trace-final,problem-15,sha256:8ab718d447d5782861bfa1a8a089a1b4a55c3c55b6ead5ff4abb068409ec1b6b,gpt-5.6-sol-high,long-trace-final,all-arms,dynamic,Omega_hat_StateLoad,436441041,1
dynamic::gpt-5.6-sol-high::all-arms::Omega_hat_StateLoad,gpt-5.6-sol-high::problem-16/short-trace-final,problem-16,sha256:64670fb8a7f19547ad0b0c7647c368cf26d355b1d2e0bedbf884079ff09d87fb,gpt-5.6-sol-high,short-trace-final,all-arms,dynamic,Omega_hat_StateLoad,228210805,0
dynamic::gpt-5.6-sol-high::all-arms::Omega_hat_StateLoad,gpt-5.6-sol-high::problem-16/post-loop-state,problem-16,sha256:8368e978d24c4b3ea18f7eb2ea99706b1e5473aa07f13c4bb3fe6fe619fee763,gpt-5.6-sol-high,post-loop-state,all-arms,dynamic,Omega_hat_StateLoad,412755169,0
dynamic::gpt-5.6-sol-high::all-arms::Omega_hat_StateLoad,gpt-5.6-sol-high::problem-16/long-trace-final,problem-16,sha256:a01be6f53c51de04e80ef9a1b56b33bd854ea547c3ab8fbf01dd1719b64424e2,gpt-5.6-sol-high,long-trace-final,all-arms,dynamic,Omega_hat_StateLoad,421537045,0
dynamic::gpt-5.6-sol-high::all-arms::Omega_hat_StateLoad,gpt-5.6-sol-high::problem-16/inside-loop-state,problem-16,sha256:e785fbb7c44714837a925d69b7a0b7764633037949cf8e2d8eee2ac7af673285,gpt-5.6-sol-high,inside-loop-state,all-arms,dynamic,Omega_hat_StateLoad,368180968,0
dynamic::gpt-5.6-sol-high::all-arms::Omega_hat_StateLoad,gpt-5.6-sol-high::problem-17/short-trace-final,problem-17,sha256:23bfd7217d9ba652a3156953e53db1b393d9093de1553e00151f9992835a6c12,gpt-5.6-sol-high,short-trace-final,all-arms,dynamic,Omega_hat_StateLoad,223229148,0
dynamic::gpt-5.6-sol-high::all-arms::Omega_hat_StateLoad,gpt-5.6-sol-high::problem-17/post-loop-state,problem-17,sha256:a71207cf0c9322ded7b4ad736d0eb7fe58ca15c45d6aad6ed8aa8f7de3eda7b2,gpt-5.6-sol-high,post-loop-state,all-arms,dynamic,Omega_hat_StateLoad,454871889,0
dynamic::gpt-5.6-sol-high::all-arms::Omega_hat_StateLoad,gpt-5.6-sol-high::problem-17/long-trace-final,problem-17,sha256:c1d6591d0bf5a1829058e47370a9ecca6ddf09033379e65669b82b28603cf1e2,gpt-5.6-sol-high,long-trace-final,all-arms,dynamic,Omega_hat_StateLoad,463649225,0
dynamic::gpt-5.6-sol-high::all-arms::Omega_hat_StateLoad,gpt-5.6-sol-high::problem-17/inside-loop-state,problem-17,sha256:ffbe22e9b9ecc46324d4d5b73a4a9fb9116281954ab9775b607d59ad2563ff75,gpt-5.6-sol-high,inside-loop-state,all-arms,dynamic,Omega_hat_StateLoad,383560235,0
dynamic::gpt-5.6-sol-high::all-arms::Omega_hat_StateLoad,gpt-5.6-sol-high::problem-18/long-trace-final,problem-18,sha256:3e1043702949a2334ffeb4aae795b5838059d006655a0bbf6798f0b6adeb085f,gpt-5.6-sol-high,long-trace-final,all-arms,dynamic,Omega_hat_StateLoad,428678521,0
dynamic::gpt-5.6-sol-high::all-arms::Omega_hat_StateLoad,gpt-5.6-sol-high::problem-18/short-trace-final,problem-18,sha256:55ce2dca47dbe112e5ff867e7e8bfbd2311a4010bf0497e1f33d5e2d3b6b309d,gpt-5.6-sol-high,short-trace-final,all-arms,dynamic,Omega_hat_StateLoad,218821560,0
dynamic::gpt-5.6-sol-high::all-arms::Omega_hat_StateLoad,gpt-5.6-sol-high::problem-18/inside-loop-state,problem-18,sha256:d9fde9c0b10033b45350be818f38a02f7530deefc277daf7ca51e91be628bf0d,gpt-5.6-sol-high,inside-loop-state,all-arms,dynamic,Omega_hat_StateLoad,371614735,0
dynamic::gpt-5.6-sol-high::all-arms::Omega_hat_StateLoad,gpt-5.6-sol-high::problem-18/post-loop-state,problem-18,sha256:ec5ffe88fa32f58a281e2a9be9970228c8f780ce294441e0d8ca083c44ab7cb9,gpt-5.6-sol-high,post-loop-state,all-arms,dynamic,Omega_hat_StateLoad,419932136,0
dynamic::gpt-5.6-sol-high::all-arms::Omega_hat_StateLoad,gpt-5.6-sol-high::problem-19/long-trace-final,problem-19,sha256:48814bea3c8f1e5cd1614a147556846e339503cb69e0803c858796e6f058c6eb,gpt-5.6-sol-high,long-trace-final,all-arms,dynamic,Omega_hat_StateLoad,479650352,0
dynamic::gpt-5.6-sol-high::all-arms::Omega_hat_StateLoad,gpt-5.6-sol-high::problem-19/post-loop-state,problem-19,sha256:67005c3e5fba330dd029ce911161dd9d7c281181ffdda26a6c04f791843ce5b0,gpt-5.6-sol-high,post-loop-state,all-arms,dynamic,Omega_hat_StateLoad,470831132,0
dynamic::gpt-5.6-sol-high::all-arms::Omega_hat_StateLoad,gpt-5.6-sol-high::problem-19/inside-loop-state,problem-19,sha256:7c4063bd0e506396a919ac229901d3779224482c2f0a86685fac407a77181b08,gpt-5.6-sol-high,inside-loop-state,all-arms,dynamic,Omega_hat_StateLoad,377812973,0
dynamic::gpt-5.6-sol-high::all-arms::Omega_hat_StateLoad,gpt-5.6-sol-high::problem-19/short-trace-final,problem-19,sha256:e573b78b30a2d6877c5e647ea6ef1ebbe778918dafdef3ce3ca1ef425adf4aae,gpt-5.6-sol-high,short-trace-final,all-arms,dynamic,Omega_hat_StateLoad,264764292,0
dynamic::gpt-5.6-sol-high::all-arms::Omega_hat_StateLoad,gpt-5.6-sol-high::problem-20/post-loop-state,problem-20,sha256:18ed8611483fb7761108ab3d6d83b912b08a4b16125c798ed34fc0e54d1d0305,gpt-5.6-sol-high,post-loop-state,all-arms,dynamic,Omega_hat_StateLoad,433057980,0
dynamic::gpt-5.6-sol-high::all-arms::Omega_hat_StateLoad,gpt-5.6-sol-high::problem-20/short-trace-final,problem-20,sha256:9e0c8296a9f0717b3ada2dc70705058a39ba1d561df45643b9a79d3f62c7ee4f,gpt-5.6-sol-high,short-trace-final,all-arms,dynamic,Omega_hat_StateLoad,225373297,0
dynamic::gpt-5.6-sol-high::all-arms::Omega_hat_StateLoad,gpt-5.6-sol-high::problem-20/inside-loop-state,problem-20,sha256:bd5bcbf1a9fbe0d7ec617f2eb09018adffc1493412d300f645de5abb9bb358e1,gpt-5.6-sol-high,inside-loop-state,all-arms,dynamic,Omega_hat_StateLoad,367739149,0
dynamic::gpt-5.6-sol-high::all-arms::Omega_hat_StateLoad,gpt-5.6-sol-high::problem-20/long-trace-final,problem-20,sha256:cfdd0f3fcdabe8556447869245ebb13768cf9520d32294331ed86a2fcdda934e,gpt-5.6-sol-high,long-trace-final,all-arms,dynamic,Omega_hat_StateLoad,441795364,0
dynamic::gpt-5.6-sol-high::all-arms::Omega_hat_StateLoad,gpt-5.6-sol-high::problem-21/inside-loop-state,problem-21,sha256:6b893d1fe6186f33bb87627c625c620c60c23d16b1eb380e5428287d7bcd173b,gpt-5.6-sol-high,inside-loop-state,all-arms,dynamic,Omega_hat_StateLoad,1387445444,0
dynamic::gpt-5.6-sol-high::all-arms::Omega_hat_StateLoad,gpt-5.6-sol-high::problem-21/long-trace-final,problem-21,sha256:abae68d8201478b8273623d6f31c7f95f798e23c59176c1c030258097c23bc2a,gpt-5.6-sol-high,long-trace-final,all-arms,dynamic,Omega_hat_StateLoad,1658937208,0
dynamic::gpt-5.6-sol-high::all-arms::Omega_hat_StateLoad,gpt-5.6-sol-high::problem-21/post-loop-state,problem-21,sha256:b1ba4c145bc3491180d71e43456f0de195530e4eda327d97e480319644d54468,gpt-5.6-sol-high,post-loop-state,all-arms,dynamic,Omega_hat_StateLoad,1630988145,0
dynamic::gpt-5.6-sol-high::all-arms::Omega_hat_StateLoad,gpt-5.6-sol-high::problem-21/short-trace-final,problem-21,sha256:c08e9d12f0c628db74c80e296b9aeaa44f2ff442479546e4521c875bc621edcf,gpt-5.6-sol-high,short-trace-final,all-arms,dynamic,Omega_hat_StateLoad,1004305853,0
dynamic::gpt-5.6-sol-high::all-arms::Omega_hat_StateLoad,gpt-5.6-sol-high::problem-22/post-loop-state,problem-22,sha256:642b405db89f31906ffda3368213a2dea48b194489eef14859eba92a495738dc,gpt-5.6-sol-high,post-loop-state,all-arms,dynamic,Omega_hat_StateLoad,1665467754,0
dynamic::gpt-5.6-sol-high::all-arms::Omega_hat_StateLoad,gpt-5.6-sol-high::problem-22/inside-loop-state,problem-22,sha256:895a3e331a4a70e78f11ec4c30afb51f9695d33bfe2745487c604118a27dc196,gpt-5.6-sol-high,inside-loop-state,all-arms,dynamic,Omega_hat_StateLoad,1441450912,0
dynamic::gpt-5.6-sol-high::all-arms::Omega_hat_StateLoad,gpt-5.6-sol-high::problem-22/short-trace-final,problem-22,sha256:bdfb4ea940fcc763a5c0367908bb8a2418611ecbf44f222ddd6008ab05066e5a,gpt-5.6-sol-high,short-trace-final,all-arms,dynamic,Omega_hat_StateLoad,995709142,0
dynamic::gpt-5.6-sol-high::all-arms::Omega_hat_StateLoad,gpt-5.6-sol-high::problem-22/long-trace-final,problem-22,sha256:d095f6706999a481b592168652c7c699ef339254946149818a5f8ab337c7f262,gpt-5.6-sol-high,long-trace-final,all-arms,dynamic,Omega_hat_StateLoad,1693333624,0
dynamic::gpt-5.6-sol-high::all-arms::Omega_hat_StateLoad,gpt-5.6-sol-high::problem-23/long-trace-final,problem-23,sha256:1245ebbf69a81bcb8f23d1a367d4077c7ff732cf2ca37e553c4ad80d11a1687e,gpt-5.6-sol-high,long-trace-final,all-arms,dynamic,Omega_hat_StateLoad,1737760921,0
dynamic::gpt-5.6-sol-high::all-arms::Omega_hat_StateLoad,gpt-5.6-sol-high::problem-23/short-trace-final,problem-23,sha256:78febcc2681676995da118209adc295d1c6f8449ddc2f697eff5823e74d2c92b,gpt-5.6-sol-high,short-trace-final,all-arms,dynamic,Omega_hat_StateLoad,1035105717,0
dynamic::gpt-5.6-sol-high::all-arms::Omega_hat_StateLoad,gpt-5.6-sol-high::problem-23/inside-loop-state,problem-23,sha256:c5b04d442721c6e23d53ded804f222ca9bc2bd35cb825d975482627fa2f68eb8,gpt-5.6-sol-high,inside-loop-state,all-arms,dynamic,Omega_hat_StateLoad,1455506026,0
dynamic::gpt-5.6-sol-high::all-arms::Omega_hat_StateLoad,gpt-5.6-sol-high::problem-23/post-loop-state,problem-23,sha256:f422207380b27c4b9c9e1403517b42b55f6342cd02514f3d18cff14a6eaf23b9,gpt-5.6-sol-high,post-loop-state,all-arms,dynamic,Omega_hat_StateLoad,1709832203,0
dynamic::gpt-5.6-sol-high::all-arms::Omega_hat_StateLoad,gpt-5.6-sol-high::problem-24/long-trace-final,problem-24,sha256:312cb1244299d8ea29ce3be52759a05aaf6f571f4cabdb8de4cdfefc53c21127,gpt-5.6-sol-high,long-trace-final,all-arms,dynamic,Omega_hat_StateLoad,1732693205,0
dynamic::gpt-5.6-sol-high::all-arms::Omega_hat_StateLoad,gpt-5.6-sol-high::problem-24/post-loop-state,problem-24,sha256:a9bba3e75ac97caf5a230d723fd189724ff0563bea2bef0b001eb7655cd5c948,gpt-5.6-sol-high,post-loop-state,all-arms,dynamic,Omega_hat_StateLoad,1704789888,0
dynamic::gpt-5.6-sol-high::all-arms::Omega_hat_StateLoad,gpt-5.6-sol-high::problem-24/inside-loop-state,problem-24,sha256:c151679cf530cdccea973844a665dbb377147bfda08d781a73e4cebd8e7aa207,gpt-5.6-sol-high,inside-loop-state,all-arms,dynamic,Omega_hat_StateLoad,1456710920,0
dynamic::gpt-5.6-sol-high::all-arms::Omega_hat_StateLoad,gpt-5.6-sol-high::problem-24/short-trace-final,problem-24,sha256:da5e2129ac6eb31efb9c60f4456bf6a53cf0c9c972c82515c6421612ad91b98c,gpt-5.6-sol-high,short-trace-final,all-arms,dynamic,Omega_hat_StateLoad,1011591849,0
dynamic::gpt-5.6-sol-high::all-arms::Omega_hat_StateLoad,gpt-5.6-sol-high::problem-25/inside-loop-state,problem-25,sha256:5e34e564ebcb950511aeb4040311983a4e917c9f539fe9bf740740d04ff82754,gpt-5.6-sol-high,inside-loop-state,all-arms,dynamic,Omega_hat_StateLoad,1450677610,0
dynamic::gpt-5.6-sol-high::all-arms::Omega_hat_StateLoad,gpt-5.6-sol-high::problem-25/post-loop-state,problem-25,sha256:75b110f0259dbaad71e4a3448a19097ec57bdd629d5281f6767d6860812b4c19,gpt-5.6-sol-high,post-loop-state,all-arms,dynamic,Omega_hat_StateLoad,1660597011,0
dynamic::gpt-5.6-sol-high::all-arms::Omega_hat_StateLoad,gpt-5.6-sol-high::problem-25/short-trace-final,problem-25,sha256:a40a9795cb938fde800d3c6170d0c04fa0258cbef4e26485156c279ea570a1c9,gpt-5.6-sol-high,short-trace-final,all-arms,dynamic,Omega_hat_StateLoad,1008410769,0
dynamic::gpt-5.6-sol-high::all-arms::Omega_hat_StateLoad,gpt-5.6-sol-high::problem-25/long-trace-final,problem-25,sha256:ea555a40d3f155ff207893e7327866c923e56b4bcc853fbea3e3ec27d9a3e419,gpt-5.6-sol-high,long-trace-final,all-arms,dynamic,Omega_hat_StateLoad,1688537779,0
dynamic::gpt-5.6-sol-high::all-arms::Omega_hat_StateLoad,gpt-5.6-sol-high::problem-26/post-loop-state,problem-26,sha256:09ad9f965884b1ca88246bf427ed30c073b3774cda0e3f8b1ba5fcb8a52876f0,gpt-5.6-sol-high,post-loop-state,all-arms,dynamic,Omega_hat_StateLoad,1637025804,0
dynamic::gpt-5.6-sol-high::all-arms::Omega_hat_StateLoad,gpt-5.6-sol-high::problem-26/long-trace-final,problem-26,sha256:8a0a9d72ece310a0393e6f8cd6161daa9fc85ca793d8f7a5effe7867b7b3610e,gpt-5.6-sol-high,long-trace-final,all-arms,dynamic,Omega_hat_StateLoad,1664953995,0
dynamic::gpt-5.6-sol-high::all-arms::Omega_hat_StateLoad,gpt-5.6-sol-high::problem-26/short-trace-final,problem-26,sha256:d366caa8929075d65d1d7b7db9700b9131f161a1ac0faff603b289cf7c5bce85,gpt-5.6-sol-high,short-trace-final,all-arms,dynamic,Omega_hat_StateLoad,990893735,0
dynamic::gpt-5.6-sol-high::all-arms::Omega_hat_StateLoad,gpt-5.6-sol-high::problem-26/inside-loop-state,problem-26,sha256:f9a0bdb83416f8938c7ae733c1f802841b3746ef0e2c9c69f4dfcd271e42f429,gpt-5.6-sol-high,inside-loop-state,all-arms,dynamic,Omega_hat_StateLoad,1425493185,0
dynamic::gpt-5.6-sol-high::all-arms::Omega_hat_StateLoad,gpt-5.6-sol-high::problem-27/long-trace-final,problem-27,sha256:1d4d6eaa0d724ed2eabbd6de906e694e29956478548df760cda79767a3d420aa,gpt-5.6-sol-high,long-trace-final,all-arms,dynamic,Omega_hat_StateLoad,1707495177,0
dynamic::gpt-5.6-sol-high::all-arms::Omega_hat_StateLoad,gpt-5.6-sol-high::problem-27/short-trace-final,problem-27,sha256:ac06f4eaa7953cf90f5b0f2b52580f1e113358761701f25264564a9119eed893,gpt-5.6-sol-high,short-trace-final,all-arms,dynamic,Omega_hat_StateLoad,992994367,0
dynamic::gpt-5.6-sol-high::all-arms::Omega_hat_StateLoad,gpt-5.6-sol-high::problem-27/inside-loop-state,problem-27,sha256:e8a7fd6ede3a54a7a6c46ba71aa8095c7036f8a67282fd35936d92bd03911640,gpt-5.6-sol-high,inside-loop-state,all-arms,dynamic,Omega_hat_StateLoad,1466366333,0
dynamic::gpt-5.6-sol-high::all-arms::Omega_hat_StateLoad,gpt-5.6-sol-high::problem-27/post-loop-state,problem-27,sha256:ec560b955bdd3cfdd9c93d7e5e9dec52b80d640de2b6aef03d7e59ab46ae487f,gpt-5.6-sol-high,post-loop-state,all-arms,dynamic,Omega_hat_StateLoad,1679542193,0
dynamic::gpt-5.6-sol-high::all-arms::Omega_hat_StateLoad,gpt-5.6-sol-high::problem-28/inside-loop-state,problem-28,sha256:8e7497c27f25952db2771db8b7d65a445fec890474e0eaf363433912b4448d98,gpt-5.6-sol-high,inside-loop-state,all-arms,dynamic,Omega_hat_StateLoad,1481491890,0
dynamic::gpt-5.6-sol-high::all-arms::Omega_hat_StateLoad,gpt-5.6-sol-high::problem-28/short-trace-final,problem-28,sha256:e48fd34b81d40474be4f17f911d0be54f3f4d0dcb7dcf485fbc4396c61acb108,gpt-5.6-sol-high,short-trace-final,all-arms,dynamic,Omega_hat_StateLoad,1062800798,0
dynamic::gpt-5.6-sol-high::all-arms::Omega_hat_StateLoad,gpt-5.6-sol-high::problem-28/long-trace-final,problem-28,sha256:eac890193eab32fcb83a9b96b1975d2ec0850ff443479a8e9fc22322b0fef1a3,gpt-5.6-sol-high,long-trace-final,all-arms,dynamic,Omega_hat_StateLoad,1810527588,0
dynamic::gpt-5.6-sol-high::all-arms::Omega_hat_StateLoad,gpt-5.6-sol-high::problem-28/post-loop-state,problem-28,sha256:eb32ac1b648907af496e87af77869c7d270abcf1a78e35194aff1abc7aad9814,gpt-5.6-sol-high,post-loop-state,all-arms,dynamic,Omega_hat_StateLoad,1782536347,0
dynamic::gpt-5.6-sol-high::all-arms::Omega_hat_StateLoad,gpt-5.6-sol-high::problem-29/post-loop-state,problem-29,sha256:266a35b82d6b7b97b632edbdec2e61ad18b6191c9dc4722cceec06e6f7cf3e7b,gpt-5.6-sol-high,post-loop-state,all-arms,dynamic,Omega_hat_StateLoad,1758180386,0
dynamic::gpt-5.6-sol-high::all-arms::Omega_hat_StateLoad,gpt-5.6-sol-high::problem-29/short-trace-final,problem-29,sha256:4ecced26b7df8a9b75c98baa33550ead17ba2313bbb605c2d1cb7baa2e29a52e,gpt-5.6-sol-high,short-trace-final,all-arms,dynamic,Omega_hat_StateLoad,1038443888,0
dynamic::gpt-5.6-sol-high::all-arms::Omega_hat_StateLoad,gpt-5.6-sol-high::problem-29/inside-loop-state,problem-29,sha256:6055ac1e5575ce92574c3669a2a3eb367092c36fb132bfce0cca3260851140e2,gpt-5.6-sol-high,inside-loop-state,all-arms,dynamic,Omega_hat_StateLoad,1492855257,0
dynamic::gpt-5.6-sol-high::all-arms::Omega_hat_StateLoad,gpt-5.6-sol-high::problem-29/long-trace-final,problem-29,sha256:dafab6181d512ecf0c71e74b5f580d6000813124811287d4fc852c2b145c4d20,gpt-5.6-sol-high,long-trace-final,all-arms,dynamic,Omega_hat_StateLoad,1786079483,0
dynamic::gpt-5.6-sol-high::all-arms::Omega_hat_StateLoad,gpt-5.6-sol-high::problem-30/inside-loop-state,problem-30,sha256:4956e45be9ac9fea2c36667b16c62bb1d6f435004d42c4e4b3b34a6a2de2fa26,gpt-5.6-sol-high,inside-loop-state,all-arms,dynamic,Omega_hat_StateLoad,1498251777,0
dynamic::gpt-5.6-sol-high::all-arms::Omega_hat_StateLoad,gpt-5.6-sol-high::problem-30/short-trace-final,problem-30,sha256:84ea88c1bf723ea51c2ae8d1c8fe25aa5d3dc5be93e0882e4f0cf0be0e4137bb,gpt-5.6-sol-high,short-trace-final,all-arms,dynamic,Omega_hat_StateLoad,940031874,0
dynamic::gpt-5.6-sol-high::all-arms::Omega_hat_StateLoad,gpt-5.6-sol-high::problem-30/long-trace-final,problem-30,sha256:c2098a098a924cecff89d4a804a7f8d840ecd0538821c278601a32140bcca3f8,gpt-5.6-sol-high,long-trace-final,all-arms,dynamic,Omega_hat_StateLoad,1715866385,0
dynamic::gpt-5.6-sol-high::all-arms::Omega_hat_StateLoad,gpt-5.6-sol-high::problem-30/post-loop-state,problem-30,sha256:e69e021f535c9d0fc24b0101f47f65371d3832409890cf0484859bf2d6e98e0b,gpt-5.6-sol-high,post-loop-state,all-arms,dynamic,Omega_hat_StateLoad,1687925298,0
dynamic::gpt-5.6-sol-high::all-arms::Omega_hat_StateSize,gpt-5.6-sol-high::problem-01/inside-loop-state,problem-01,sha256:0547b42885dc201376fb93765a3c7da6c077a0338c243dcae8c262108a061af1,gpt-5.6-sol-high,inside-loop-state,all-arms,dynamic,Omega_hat_StateSize,3288,0
dynamic::gpt-5.6-sol-high::all-arms::Omega_hat_StateSize,gpt-5.6-sol-high::problem-01/long-trace-final,problem-01,sha256:56d9affe274f136e1933852e8f797cfb86ea3bed95c016b04556b2c4ca152b2c,gpt-5.6-sol-high,long-trace-final,all-arms,dynamic,Omega_hat_StateSize,3287,0
dynamic::gpt-5.6-sol-high::all-arms::Omega_hat_StateSize,gpt-5.6-sol-high::problem-01/short-trace-final,problem-01,sha256:73ad8aafe6d235df156f603343f220d5bf0bf095034c7c09e4647aec6b75183c,gpt-5.6-sol-high,short-trace-final,all-arms,dynamic,Omega_hat_StateSize,3282,1
dynamic::gpt-5.6-sol-high::all-arms::Omega_hat_StateSize,gpt-5.6-sol-high::problem-01/post-loop-state,problem-01,sha256:8c394bb669c6429a6cc8371df442ba1284632f5fd03fcf20b87ec42c6b002666,gpt-5.6-sol-high,post-loop-state,all-arms,dynamic,Omega_hat_StateSize,3287,0
dynamic::gpt-5.6-sol-high::all-arms::Omega_hat_StateSize,gpt-5.6-sol-high::problem-02/long-trace-final,problem-02,sha256:2c6c086992c204f9156a73eca1a86fe4ad8b4777c9b50ca69f44efa3a0ec804d,gpt-5.6-sol-high,long-trace-final,all-arms,dynamic,Omega_hat_StateSize,3300,0
dynamic::gpt-5.6-sol-high::all-arms::Omega_hat_StateSize,gpt-5.6-sol-high::problem-02/inside-loop-state,problem-02,sha256:43ea44d05f37e33633d2f43ad399b115c3066c018f15acef6f477c034fdda927,gpt-5.6-sol-high,inside-loop-state,all-arms,dynamic,Omega_hat_StateSize,3291,0
dynamic::gpt-5.6-sol-high::all-arms::Omega_hat_StateSize,gpt-5.6-sol-high::problem-02/post-loop-state,problem-02,sha256:ba7d1febfb83991899883c292120818d9f29e3dd565ec4a93b6368650d9b3d8b,gpt-5.6-sol-high,post-loop-state,all-arms,dynamic,Omega_hat_StateSize,3300,0
dynamic::gpt-5.6-sol-high::all-arms::Omega_hat_StateSize,gpt-5.6-sol-high::problem-02/short-trace-final,problem-02,sha256:c045cedad0407af52c2d7faa26f00e6fb48605031adc73be301bb6ee469d0a00,gpt-5.6-sol-high,short-trace-final,all-arms,dynamic,Omega_hat_StateSize,3273,0
dynamic::gpt-5.6-sol-high::all-arms::Omega_hat_StateSize,gpt-5.6-sol-high::problem-03/post-loop-state,problem-03,sha256:2acfa20a7ee16e7c373ae0cf23d876f6106fe1856336ee95352a6619b1420010,gpt-5.6-sol-high,post-loop-state,all-arms,dynamic,Omega_hat_StateSize,3293,0
dynamic::gpt-5.6-sol-high::all-arms::Omega_hat_StateSize,gpt-5.6-sol-high::problem-03/inside-loop-state,problem-03,sha256:587d5ad47aee9baac51abb2d6ac720bc8b29f8e6c6f98e2e7066bb6d8bac30a1,gpt-5.6-sol-high,inside-loop-state,all-arms,dynamic,Omega_hat_StateSize,3294,0
dynamic::gpt-5.6-sol-high::all-arms::Omega_hat_StateSize,gpt-5.6-sol-high::problem-03/long-trace-final,problem-03,sha256:5cd8a44109e568c902e2d582d4448650c2d4a64ee9ae4e391cf17a60348468b4,gpt-5.6-sol-high,long-trace-final,all-arms,dynamic,Omega_hat_StateSize,3293,0
dynamic::gpt-5.6-sol-high::all-arms::Omega_hat_StateSize,gpt-5.6-sol-high::problem-03/short-trace-final,problem-03,sha256:de9b7f7e58c8ec2d2f824891cdd79a1b094a45ac4742558225294573439b316d,gpt-5.6-sol-high,short-trace-final,all-arms,dynamic,Omega_hat_StateSize,3245,0
dynamic::gpt-5.6-sol-high::all-arms::Omega_hat_StateSize,gpt-5.6-sol-high::problem-04/short-trace-final,problem-04,sha256:05aae40bc36e0df65171215e791c8e10e79babb0960ce78b876515d48b8accae,gpt-5.6-sol-high,short-trace-final,all-arms,dynamic,Omega_hat_StateSize,3268,1
dynamic::gpt-5.6-sol-high::all-arms::Omega_hat_StateSize,gpt-5.6-sol-high::problem-04/long-trace-final,problem-04,sha256:7ad230089b4b878cee95f70563245eea351dea877118fcf8a597be6bd90d14f5,gpt-5.6-sol-high,long-trace-final,all-arms,dynamic,Omega_hat_StateSize,3282,0
dynamic::gpt-5.6-sol-high::all-arms::Omega_hat_StateSize,gpt-5.6-sol-high::problem-04/post-loop-state,problem-04,sha256:94ab1f7d2732d7ff5cef895f5b77e7fd081702b993a6eb7d3d5c505592cefb21,gpt-5.6-sol-high,post-loop-state,all-arms,dynamic,Omega_hat_StateSize,3282,0
dynamic::gpt-5.6-sol-high::all-arms::Omega_hat_StateSize,gpt-5.6-sol-high::problem-04/inside-loop-state,problem-04,sha256:9aaa594325de39aafc50a9d96c539f0c1166bd50a8eff8c49c14c84270c4ff59,gpt-5.6-sol-high,inside-loop-state,all-arms,dynamic,Omega_hat_StateSize,3283,0
dynamic::gpt-5.6-sol-high::all-arms::Omega_hat_StateSize,gpt-5.6-sol-high::problem-05/post-loop-state,problem-05,sha256:0f684ff85de199f8f7c7ffc32375f9b9e62fa5827fcecce50fb5d60bca08e280,gpt-5.6-sol-high,post-loop-state,all-arms,dynamic,Omega_hat_StateSize,3292,0
dynamic::gpt-5.6-sol-high::all-arms::Omega_hat_StateSize,gpt-5.6-sol-high::problem-05/long-trace-final,problem-05,sha256:5a4822c8f4e084302eeecb07be76313448d56e02db866843273cfa2a79ca9b73,gpt-5.6-sol-high,long-trace-final,all-arms,dynamic,Omega_hat_StateSize,3292,1
dynamic::gpt-5.6-sol-high::all-arms::Omega_hat_StateSize,gpt-5.6-sol-high::problem-05/short-trace-final,problem-05,sha256:9f6345f351d6266c0c09238729ff08378ce70e23ac0267c2e41f067733d6f579,gpt-5.6-sol-high,short-trace-final,all-arms,dynamic,Omega_hat_StateSize,3261,0
dynamic::gpt-5.6-sol-high::all-arms::Omega_hat_StateSize,gpt-5.6-sol-high::problem-05/inside-loop-state,problem-05,sha256:e22303dc39b5dd7a5cac47da11bd364b0897fb8d8d9099162d7706552f9fa372,gpt-5.6-sol-high,inside-loop-state,all-arms,dynamic,Omega_hat_StateSize,3293,0
dynamic::gpt-5.6-sol-high::all-arms::Omega_hat_StateSize,gpt-5.6-sol-high::problem-06/long-trace-final,problem-06,sha256:061a7cf51e116aa318d53740cdc4d580b6c9767f126c91061a484987b96cd0c7,gpt-5.6-sol-high,long-trace-final,all-arms,dynamic,Omega_hat_StateSize,3288,0
dynamic::gpt-5.6-sol-high::all-arms::Omega_hat_StateSize,gpt-5.6-sol-high::problem-06/post-loop-state,problem-06,sha256:2c10823e77f28c1bd27318dfe6f1918fbe52e06174725d89f5e5d33bd0bd5510,gpt-5.6-sol-high,post-loop-state,all-arms,dynamic,Omega_hat_StateSize,3288,0
dynamic::gpt-5.6-sol-high::all-arms::Omega_hat_StateSize,gpt-5.6-sol-high::problem-06/short-trace-final,problem-06,sha256:6a88d2c05b775fcb748a8354a26e9d76a3a40fbeb4478fdc3ede8d3a216d580f,gpt-5.6-sol-high,short-trace-final,all-arms,dynamic,Omega_hat_StateSize,3267,1
dynamic::gpt-5.6-sol-high::all-arms::Omega_hat_StateSize,gpt-5.6-sol-high::problem-06/inside-loop-state,problem-06,sha256:cd00c1a7e81437959f3f7ae75d1cd3869cff5bb6980eec8d78e39979ad3c2a27,gpt-5.6-sol-high,inside-loop-state,all-arms,dynamic,Omega_hat_StateSize,3289,0
dynamic::gpt-5.6-sol-high::all-arms::Omega_hat_StateSize,gpt-5.6-sol-high::problem-07/long-trace-final,problem-07,sha256:0038af217dac3eb4ec50de238581737dacd10f0887c0b2b7bf8c89208e6efac5,gpt-5.6-sol-high,long-trace-final,all-arms,dynamic,Omega_hat_StateSize,3300,0
dynamic::gpt-5.6-sol-high::all-arms::Omega_hat_StateSize,gpt-5.6-sol-high::problem-07/inside-loop-state,problem-07,sha256:3f021ab7fd773d4b5707b65f0ddba29e4e2f31918c7ad194865bdfdb2cc2fc23,gpt-5.6-sol-high,inside-loop-state,all-arms,dynamic,Omega_hat_StateSize,3301,0
dynamic::gpt-5.6-sol-high::all-arms::Omega_hat_StateSize,gpt-5.6-sol-high::problem-07/post-loop-state,problem-07,sha256:9e457d18bfaac327399393fdb975773303e803b2fd677d4bd2e6b7cd4ddc624c,gpt-5.6-sol-high,post-loop-state,all-arms,dynamic,Omega_hat_StateSize,3300,0
dynamic::gpt-5.6-sol-high::all-arms::Omega_hat_StateSize,gpt-5.6-sol-high::problem-07/short-trace-final,problem-07,sha256:a804134b8daa3d73abbebef8e0e40694e39211ed7153b6ad7591756fe33cd167,gpt-5.6-sol-high,short-trace-final,all-arms,dynamic,Omega_hat_StateSize,3281,0
dynamic::gpt-5.6-sol-high::all-arms::Omega_hat_StateSize,gpt-5.6-sol-high::problem-08/inside-loop-state,problem-08,sha256:7064354a09226b66ebb7194c3454eab73c7a5d95fb26e79e1817e12584f3f310,gpt-5.6-sol-high,inside-loop-state,all-arms,dynamic,Omega_hat_StateSize,3284,0
dynamic::gpt-5.6-sol-high::all-arms::Omega_hat_StateSize,gpt-5.6-sol-high::problem-08/short-trace-final,problem-08,sha256:a7da9f82ea01769a6b8a112317eee4c6cc1f6de1fd6fdd14a5537d4ac9c80a0f,gpt-5.6-sol-high,short-trace-final,all-arms,dynamic,Omega_hat_StateSize,3272,0
dynamic::gpt-5.6-sol-high::all-arms::Omega_hat_StateSize,gpt-5.6-sol-high::problem-08/post-loop-state,problem-08,sha256:e32673ca942baf21e1de8014e35df297a78a6d254c419164d155a8af936e67b4,gpt-5.6-sol-high,post-loop-state,all-arms,dynamic,Omega_hat_StateSize,3289,0
dynamic::gpt-5.6-sol-high::all-arms::Omega_hat_StateSize,gpt-5.6-sol-high::problem-08/long-trace-final,problem-08,sha256:f4f4c04290dfd1722493e9d5e7c6c040d58b8f4f1f2ea1ffd0972f45a5893717,gpt-5.6-sol-high,long-trace-final,all-arms,dynamic,Omega_hat_StateSize,3289,0
dynamic::gpt-5.6-sol-high::all-arms::Omega_hat_StateSize,gpt-5.6-sol-high::problem-09/short-trace-final,problem-09,sha256:1f2e9f2d169b17ceb6021bac59f884fc4c71697048d44bcde003919a30c6bc01,gpt-5.6-sol-high,short-trace-final,all-arms,dynamic,Omega_hat_StateSize,3267,1
dynamic::gpt-5.6-sol-high::all-arms::Omega_hat_StateSize,gpt-5.6-sol-high::problem-09/inside-loop-state,problem-09,sha256:221039cb3147683b097b9a9e97cbc35a8b09ba4e290f73be9b1bca308fd93ce3,gpt-5.6-sol-high,inside-loop-state,all-arms,dynamic,Omega_hat_StateSize,3286,0
dynamic::gpt-5.6-sol-high::all-arms::Omega_hat_StateSize,gpt-5.6-sol-high::problem-09/post-loop-state,problem-09,sha256:2c9d501dc7cc0a1d91e2d7340569ca0ba384bdb40034069641418df06a065b02,gpt-5.6-sol-high,post-loop-state,all-arms,dynamic,Omega_hat_StateSize,3285,0
dynamic::gpt-5.6-sol-high::all-arms::Omega_hat_StateSize,gpt-5.6-sol-high::problem-09/long-trace-final,problem-09,sha256:d5594fe452f9751f9e5a7096c8f016b17a3d1be5849b3882dd8846f268197c8d,gpt-5.6-sol-high,long-trace-final,all-arms,dynamic,Omega_hat_StateSize,3285,0
dynamic::gpt-5.6-sol-high::all-arms::Omega_hat_StateSize,gpt-5.6-sol-high::problem-10/inside-loop-state,problem-10,sha256:4bfd0a8e336edf6d47adfddd74897b9784181700d614c66dab4d21903a7797cb,gpt-5.6-sol-high,inside-loop-state,all-arms,dynamic,Omega_hat_StateSize,3278,0
dynamic::gpt-5.6-sol-high::all-arms::Omega_hat_StateSize,gpt-5.6-sol-high::problem-10/short-trace-final,problem-10,sha256:68a7353ba44980aa7c94507c7d2506366b7e1a6d3a9840cec0ba3fd243bb86ef,gpt-5.6-sol-high,short-trace-final,all-arms,dynamic,Omega_hat_StateSize,3276,0
dynamic::gpt-5.6-sol-high::all-arms::Omega_hat_StateSize,gpt-5.6-sol-high::problem-10/post-loop-state,problem-10,sha256:6d34f6c50beb59b579b867aa64417c1f8e212aca0c7dba85a4f8d73ad6395e15,gpt-5.6-sol-high,post-loop-state,all-arms,dynamic,Omega_hat_StateSize,3277,0
dynamic::gpt-5.6-sol-high::all-arms::Omega_hat_StateSize,gpt-5.6-sol-high::problem-10/long-trace-final,problem-10,sha256:b9350571c682c8ce1a385a3827b09b6195b6b0de80c103fe5638970bd0396907,gpt-5.6-sol-high,long-trace-final,all-arms,dynamic,Omega_hat_StateSize,3277,0
dynamic::gpt-5.6-sol-high::all-arms::Omega_hat_StateSize,gpt-5.6-sol-high::problem-11/short-trace-final,problem-11,sha256:26270b738997e89a812774051cc9205ec744eed12d5397ba27730fd1f3616545,gpt-5.6-sol-high,short-trace-final,all-arms,dynamic,Omega_hat_StateSize,6085,0
dynamic::gpt-5.6-sol-high::all-arms::Omega_hat_StateSize,gpt-5.6-sol-high::problem-11/long-trace-final,problem-11,sha256:37449d8e8c91c57d5e2c5704a43fc22c0bd0599b769db5d859947f119c59900a,gpt-5.6-sol-high,long-trace-final,all-arms,dynamic,Omega_hat_StateSize,6107,0
dynamic::gpt-5.6-sol-high::all-arms::Omega_hat_StateSize,gpt-5.6-sol-high::problem-11/post-loop-state,problem-11,sha256:89cf19a5769900427442f00c16f675ef52b8c60cb6f502a5e54dafd29cbaa7b3,gpt-5.6-sol-high,post-loop-state,all-arms,dynamic,Omega_hat_StateSize,6107,0
dynamic::gpt-5.6-sol-high::all-arms::Omega_hat_StateSize,gpt-5.6-sol-high::problem-11/inside-loop-state,problem-11,sha256:9e616055a8b294cc727870ca9d00854bfd4625609bfaf8f7f208f2affda4e187,gpt-5.6-sol-high,inside-loop-state,all-arms,dynamic,Omega_hat_StateSize,6108,0
dynamic::gpt-5.6-sol-high::all-arms::Omega_hat_StateSize,gpt-5.6-sol-high::problem-12/inside-loop-state,problem-12,sha256:7b5df0851254363517f3ded42cf7a385fa51a85dd64743e6e008669e0faf5b82,gpt-5.6-sol-high,inside-loop-state,all-arms,dynamic,Omega_hat_StateSize,6111,0
dynamic::gpt-5.6-sol-high::all-arms::Omega_hat_StateSize,gpt-5.6-sol-high::problem-12/short-trace-final,problem-12,sha256:85aa9c8d83f90f5ce7ad3cbf050a51a8d8f6994499cd2159cb23a7ea82b1849e,gpt-5.6-sol-high,short-trace-final,all-arms,dynamic,Omega_hat_StateSize,6074,0
dynamic::gpt-5.6-sol-high::all-arms::Omega_hat_StateSize,gpt-5.6-sol-high::problem-12/post-loop-state,problem-12,sha256:958460d7ecf7621b9ecf5669fda846e1d9c0a7b4b399190aeed32c7df8b0699e,gpt-5.6-sol-high,post-loop-state,all-arms,dynamic,Omega_hat_StateSize,6110,0
dynamic::gpt-5.6-sol-high::all-arms::Omega_hat_StateSize,gpt-5.6-sol-high::problem-12/long-trace-final,problem-12,sha256:bbf72f7493684d660693adfc81bbd175088f4b46afda09d4b298512c72508c1b,gpt-5.6-sol-high,long-trace-final,all-arms,dynamic,Omega_hat_StateSize,6110,0
dynamic::gpt-5.6-sol-high::all-arms::Omega_hat_StateSize,gpt-5.6-sol-high::problem-13/inside-loop-state,problem-13,sha256:2b247ce5916acd9195152fced59de2ae563f4cbdd37bfd795074e5f2ec115251,gpt-5.6-sol-high,inside-loop-state,all-arms,dynamic,Omega_hat_StateSize,6110,0
dynamic::gpt-5.6-sol-high::all-arms::Omega_hat_StateSize,gpt-5.6-sol-high::problem-13/post-loop-state,problem-13,sha256:5c4433c9aa1b024d200559d67bbc7d578a21c39d10fb03ce2c6a5caae255993f,gpt-5.6-sol-high,post-loop-state,all-arms,dynamic,Omega_hat_StateSize,6117,0
dynamic::gpt-5.6-sol-high::all-arms::Omega_hat_StateSize,gpt-5.6-sol-high::problem-13/short-trace-final,problem-13,sha256:eccc604db1d5cc06fe2c28b2456d93ecb100590e01fd6ce576ad76161a08aada,gpt-5.6-sol-high,short-trace-final,all-arms,dynamic,Omega_hat_StateSize,6091,0
dynamic::gpt-5.6-sol-high::all-arms::Omega_hat_StateSize,gpt-5.6-sol-high::problem-13/long-trace-final,problem-13,sha256:fc03a1fd966e3a60af4264cb997a959b0d3d39ccb2cc7f6636f0659db36c1fcf,gpt-5.6-sol-high,long-trace-final,all-arms,dynamic,Omega_hat_StateSize,6117,0
dynamic::gpt-5.6-sol-high::all-arms::Omega_hat_StateSize,gpt-5.6-sol-high::problem-14/short-trace-final,problem-14,sha256:929856d52b4d3a50a8d477f065732fc3ff381b1ec26dfd9672f1bb3e81b9112e,gpt-5.6-sol-high,short-trace-final,all-arms,dynamic,Omega_hat_StateSize,6098,0
dynamic::gpt-5.6-sol-high::all-arms::Omega_hat_StateSize,gpt-5.6-sol-high::problem-14/post-loop-state,problem-14,sha256:a428733484eb9e4568dc0f1944310d728394aa7a5f597f21fad8a5f17c349a92,gpt-5.6-sol-high,post-loop-state,all-arms,dynamic,Omega_hat_StateSize,6116,0
dynamic::gpt-5.6-sol-high::all-arms::Omega_hat_StateSize,gpt-5.6-sol-high::problem-14/inside-loop-state,problem-14,sha256:b92de04f170b8d7777731ffc17b0ef112672dde69764b2e2b4544f1cbbfd2775,gpt-5.6-sol-high,inside-loop-state,all-arms,dynamic,Omega_hat_StateSize,6117,0
dynamic::gpt-5.6-sol-high::all-arms::Omega_hat_StateSize,gpt-5.6-sol-high::problem-14/long-trace-final,problem-14,sha256:e692c2f7963ddc6244570169d2564497fe9f12ef39e36f0f4f9f973b508f3616,gpt-5.6-sol-high,long-trace-final,all-arms,dynamic,Omega_hat_StateSize,6116,0
dynamic::gpt-5.6-sol-high::all-arms::Omega_hat_StateSize,gpt-5.6-sol-high::problem-15/post-loop-state,problem-15,sha256:12301c45635de868f2a4e921222d940fcf33c2f6205d05fc21454266cfbc3061,gpt-5.6-sol-high,post-loop-state,all-arms,dynamic,Omega_hat_StateSize,6094,0
dynamic::gpt-5.6-sol-high::all-arms::Omega_hat_StateSize,gpt-5.6-sol-high::problem-15/inside-loop-state,problem-15,sha256:50e103eb8654ee1640e95f86191fb481f0e07e0bd366e6b5ce47d20c0a200912,gpt-5.6-sol-high,inside-loop-state,all-arms,dynamic,Omega_hat_StateSize,6089,0
dynamic::gpt-5.6-sol-high::all-arms::Omega_hat_StateSize,gpt-5.6-sol-high::problem-15/short-trace-final,problem-15,sha256:649f09230fe16bc947760c4387cd544c37fec8d49083a073371770fa5ae3e1d1,gpt-5.6-sol-high,short-trace-final,all-arms,dynamic,Omega_hat_StateSize,6087,0
dynamic::gpt-5.6-sol-high::all-arms::Omega_hat_StateSize,gpt-5.6-sol-high::problem-15/long-trace-final,problem-15,sha256:8ab718d447d5782861bfa1a8a089a1b4a55c3c55b6ead5ff4abb068409ec1b6b,gpt-5.6-sol-high,long-trace-final,all-arms,dynamic,Omega_hat_StateSize,6094,1
dynamic::gpt-5.6-sol-high::all-arms::Omega_hat_StateSize,gpt-5.6-sol-high::problem-16/short-trace-final,problem-16,sha256:64670fb8a7f19547ad0b0c7647c368cf26d355b1d2e0bedbf884079ff09d87fb,gpt-5.6-sol-high,short-trace-final,all-arms,dynamic,Omega_hat_StateSize,6083,0
dynamic::gpt-5.6-sol-high::all-arms::Omega_hat_StateSize,gpt-5.6-sol-high::problem-16/post-loop-state,problem-16,sha256:8368e978d24c4b3ea18f7eb2ea99706b1e5473aa07f13c4bb3fe6fe619fee763,gpt-5.6-sol-high,post-loop-state,all-arms,dynamic,Omega_hat_StateSize,6095,0
dynamic::gpt-5.6-sol-high::all-arms::Omega_hat_StateSize,gpt-5.6-sol-high::problem-16/long-trace-final,problem-16,sha256:a01be6f53c51de04e80ef9a1b56b33bd854ea547c3ab8fbf01dd1719b64424e2,gpt-5.6-sol-high,long-trace-final,all-arms,dynamic,Omega_hat_StateSize,6095,0
dynamic::gpt-5.6-sol-high::all-arms::Omega_hat_StateSize,gpt-5.6-sol-high::problem-16/inside-loop-state,problem-16,sha256:e785fbb7c44714837a925d69b7a0b7764633037949cf8e2d8eee2ac7af673285,gpt-5.6-sol-high,inside-loop-state,all-arms,dynamic,Omega_hat_StateSize,6096,0
dynamic::gpt-5.6-sol-high::all-arms::Omega_hat_StateSize,gpt-5.6-sol-high::problem-17/short-trace-final,problem-17,sha256:23bfd7217d9ba652a3156953e53db1b393d9093de1553e00151f9992835a6c12,gpt-5.6-sol-high,short-trace-final,all-arms,dynamic,Omega_hat_StateSize,6090,0
dynamic::gpt-5.6-sol-high::all-arms::Omega_hat_StateSize,gpt-5.6-sol-high::problem-17/post-loop-state,problem-17,sha256:a71207cf0c9322ded7b4ad736d0eb7fe58ca15c45d6aad6ed8aa8f7de3eda7b2,gpt-5.6-sol-high,post-loop-state,all-arms,dynamic,Omega_hat_StateSize,6105,0
dynamic::gpt-5.6-sol-high::all-arms::Omega_hat_StateSize,gpt-5.6-sol-high::problem-17/long-trace-final,problem-17,sha256:c1d6591d0bf5a1829058e47370a9ecca6ddf09033379e65669b82b28603cf1e2,gpt-5.6-sol-high,long-trace-final,all-arms,dynamic,Omega_hat_StateSize,6105,0
dynamic::gpt-5.6-sol-high::all-arms::Omega_hat_StateSize,gpt-5.6-sol-high::problem-17/inside-loop-state,problem-17,sha256:ffbe22e9b9ecc46324d4d5b73a4a9fb9116281954ab9775b607d59ad2563ff75,gpt-5.6-sol-high,inside-loop-state,all-arms,dynamic,Omega_hat_StateSize,6106,0
dynamic::gpt-5.6-sol-high::all-arms::Omega_hat_StateSize,gpt-5.6-sol-high::problem-18/long-trace-final,problem-18,sha256:3e1043702949a2334ffeb4aae795b5838059d006655a0bbf6798f0b6adeb085f,gpt-5.6-sol-high,long-trace-final,all-arms,dynamic,Omega_hat_StateSize,6098,0
dynamic::gpt-5.6-sol-high::all-arms::Omega_hat_StateSize,gpt-5.6-sol-high::problem-18/short-trace-final,problem-18,sha256:55ce2dca47dbe112e5ff867e7e8bfbd2311a4010bf0497e1f33d5e2d3b6b309d,gpt-5.6-sol-high,short-trace-final,all-arms,dynamic,Omega_hat_StateSize,6069,0
dynamic::gpt-5.6-sol-high::all-arms::Omega_hat_StateSize,gpt-5.6-sol-high::problem-18/inside-loop-state,problem-18,sha256:d9fde9c0b10033b45350be818f38a02f7530deefc277daf7ca51e91be628bf0d,gpt-5.6-sol-high,inside-loop-state,all-arms,dynamic,Omega_hat_StateSize,6099,0
dynamic::gpt-5.6-sol-high::all-arms::Omega_hat_StateSize,gpt-5.6-sol-high::problem-18/post-loop-state,problem-18,sha256:ec5ffe88fa32f58a281e2a9be9970228c8f780ce294441e0d8ca083c44ab7cb9,gpt-5.6-sol-high,post-loop-state,all-arms,dynamic,Omega_hat_StateSize,6098,0
dynamic::gpt-5.6-sol-high::all-arms::Omega_hat_StateSize,gpt-5.6-sol-high::problem-19/long-trace-final,problem-19,sha256:48814bea3c8f1e5cd1614a147556846e339503cb69e0803c858796e6f058c6eb,gpt-5.6-sol-high,long-trace-final,all-arms,dynamic,Omega_hat_StateSize,6117,0
dynamic::gpt-5.6-sol-high::all-arms::Omega_hat_StateSize,gpt-5.6-sol-high::problem-19/post-loop-state,problem-19,sha256:67005c3e5fba330dd029ce911161dd9d7c281181ffdda26a6c04f791843ce5b0,gpt-5.6-sol-high,post-loop-state,all-arms,dynamic,Omega_hat_StateSize,6117,0
dynamic::gpt-5.6-sol-high::all-arms::Omega_hat_StateSize,gpt-5.6-sol-high::problem-19/inside-loop-state,problem-19,sha256:7c4063bd0e506396a919ac229901d3779224482c2f0a86685fac407a77181b08,gpt-5.6-sol-high,inside-loop-state,all-arms,dynamic,Omega_hat_StateSize,6118,0
dynamic::gpt-5.6-sol-high::all-arms::Omega_hat_StateSize,gpt-5.6-sol-high::problem-19/short-trace-final,problem-19,sha256:e573b78b30a2d6877c5e647ea6ef1ebbe778918dafdef3ce3ca1ef425adf4aae,gpt-5.6-sol-high,short-trace-final,all-arms,dynamic,Omega_hat_StateSize,6101,0
dynamic::gpt-5.6-sol-high::all-arms::Omega_hat_StateSize,gpt-5.6-sol-high::problem-20/post-loop-state,problem-20,sha256:18ed8611483fb7761108ab3d6d83b912b08a4b16125c798ed34fc0e54d1d0305,gpt-5.6-sol-high,post-loop-state,all-arms,dynamic,Omega_hat_StateSize,6094,0
dynamic::gpt-5.6-sol-high::all-arms::Omega_hat_StateSize,gpt-5.6-sol-high::problem-20/short-trace-final,problem-20,sha256:9e0c8296a9f0717b3ada2dc70705058a39ba1d561df45643b9a79d3f62c7ee4f,gpt-5.6-sol-high,short-trace-final,all-arms,dynamic,Omega_hat_StateSize,6060,0
dynamic::gpt-5.6-sol-high::all-arms::Omega_hat_StateSize,gpt-5.6-sol-high::problem-20/inside-loop-state,problem-20,sha256:bd5bcbf1a9fbe0d7ec617f2eb09018adffc1493412d300f645de5abb9bb358e1,gpt-5.6-sol-high,inside-loop-state,all-arms,dynamic,Omega_hat_StateSize,6095,0
dynamic::gpt-5.6-sol-high::all-arms::Omega_hat_StateSize,gpt-5.6-sol-high::problem-20/long-trace-final,problem-20,sha256:cfdd0f3fcdabe8556447869245ebb13768cf9520d32294331ed86a2fcdda934e,gpt-5.6-sol-high,long-trace-final,all-arms,dynamic,Omega_hat_StateSize,6094,0
dynamic::gpt-5.6-sol-high::all-arms::Omega_hat_StateSize,gpt-5.6-sol-high::problem-21/inside-loop-state,problem-21,sha256:6b893d1fe6186f33bb87627c625c620c60c23d16b1eb380e5428287d7bcd173b,gpt-5.6-sol-high,inside-loop-state,all-arms,dynamic,Omega_hat_StateSize,10756,0
dynamic::gpt-5.6-sol-high::all-arms::Omega_hat_StateSize,gpt-5.6-sol-high::problem-21/long-trace-final,problem-21,sha256:abae68d8201478b8273623d6f31c7f95f798e23c59176c1c030258097c23bc2a,gpt-5.6-sol-high,long-trace-final,all-arms,dynamic,Omega_hat_StateSize,10755,0
dynamic::gpt-5.6-sol-high::all-arms::Omega_hat_StateSize,gpt-5.6-sol-high::problem-21/post-loop-state,problem-21,sha256:b1ba4c145bc3491180d71e43456f0de195530e4eda327d97e480319644d54468,gpt-5.6-sol-high,post-loop-state,all-arms,dynamic,Omega_hat_StateSize,10755,0
dynamic::gpt-5.6-sol-high::all-arms::Omega_hat_StateSize,gpt-5.6-sol-high::problem-21/short-trace-final,problem-21,sha256:c08e9d12f0c628db74c80e296b9aeaa44f2ff442479546e4521c875bc621edcf,gpt-5.6-sol-high,short-trace-final,all-arms,dynamic,Omega_hat_StateSize,10740,0
dynamic::gpt-5.6-sol-high::all-arms::Omega_hat_StateSize,gpt-5.6-sol-high::problem-22/post-loop-state,problem-22,sha256:642b405db89f31906ffda3368213a2dea48b194489eef14859eba92a495738dc,gpt-5.6-sol-high,post-loop-state,all-arms,dynamic,Omega_hat_StateSize,10733,0
dynamic::gpt-5.6-sol-high::all-arms::Omega_hat_StateSize,gpt-5.6-sol-high::problem-22/inside-loop-state,problem-22,sha256:895a3e331a4a70e78f11ec4c30afb51f9695d33bfe2745487c604118a27dc196,gpt-5.6-sol-high,inside-loop-state,all-arms,dynamic,Omega_hat_StateSize,10734,0
dynamic::gpt-5.6-sol-high::all-arms::Omega_hat_StateSize,gpt-5.6-sol-high::problem-22/short-trace-final,problem-22,sha256:bdfb4ea940fcc763a5c0367908bb8a2418611ecbf44f222ddd6008ab05066e5a,gpt-5.6-sol-high,short-trace-final,all-arms,dynamic,Omega_hat_StateSize,10754,0
dynamic::gpt-5.6-sol-high::all-arms::Omega_hat_StateSize,gpt-5.6-sol-high::problem-22/long-trace-final,problem-22,sha256:d095f6706999a481b592168652c7c699ef339254946149818a5f8ab337c7f262,gpt-5.6-sol-high,long-trace-final,all-arms,dynamic,Omega_hat_StateSize,10733,0
dynamic::gpt-5.6-sol-high::all-arms::Omega_hat_StateSize,gpt-5.6-sol-high::problem-23/long-trace-final,problem-23,sha256:1245ebbf69a81bcb8f23d1a367d4077c7ff732cf2ca37e553c4ad80d11a1687e,gpt-5.6-sol-high,long-trace-final,all-arms,dynamic,Omega_hat_StateSize,10754,0
dynamic::gpt-5.6-sol-high::all-arms::Omega_hat_StateSize,gpt-5.6-sol-high::problem-23/short-trace-final,problem-23,sha256:78febcc2681676995da118209adc295d1c6f8449ddc2f697eff5823e74d2c92b,gpt-5.6-sol-high,short-trace-final,all-arms,dynamic,Omega_hat_StateSize,10740,0
dynamic::gpt-5.6-sol-high::all-arms::Omega_hat_StateSize,gpt-5.6-sol-high::problem-23/inside-loop-state,problem-23,sha256:c5b04d442721c6e23d53ded804f222ca9bc2bd35cb825d975482627fa2f68eb8,gpt-5.6-sol-high,inside-loop-state,all-arms,dynamic,Omega_hat_StateSize,10755,0
dynamic::gpt-5.6-sol-high::all-arms::Omega_hat_StateSize,gpt-5.6-sol-high::problem-23/post-loop-state,problem-23,sha256:f422207380b27c4b9c9e1403517b42b55f6342cd02514f3d18cff14a6eaf23b9,gpt-5.6-sol-high,post-loop-state,all-arms,dynamic,Omega_hat_StateSize,10754,0
dynamic::gpt-5.6-sol-high::all-arms::Omega_hat_StateSize,gpt-5.6-sol-high::problem-24/long-trace-final,problem-24,sha256:312cb1244299d8ea29ce3be52759a05aaf6f571f4cabdb8de4cdfefc53c21127,gpt-5.6-sol-high,long-trace-final,all-arms,dynamic,Omega_hat_StateSize,10750,0
dynamic::gpt-5.6-sol-high::all-arms::Omega_hat_StateSize,gpt-5.6-sol-high::problem-24/post-loop-state,problem-24,sha256:a9bba3e75ac97caf5a230d723fd189724ff0563bea2bef0b001eb7655cd5c948,gpt-5.6-sol-high,post-loop-state,all-arms,dynamic,Omega_hat_StateSize,10750,0
dynamic::gpt-5.6-sol-high::all-arms::Omega_hat_StateSize,gpt-5.6-sol-high::problem-24/inside-loop-state,problem-24,sha256:c151679cf530cdccea973844a665dbb377147bfda08d781a73e4cebd8e7aa207,gpt-5.6-sol-high,inside-loop-state,all-arms,dynamic,Omega_hat_StateSize,10751,0
dynamic::gpt-5.6-sol-high::all-arms::Omega_hat_StateSize,gpt-5.6-sol-high::problem-24/short-trace-final,problem-24,sha256:da5e2129ac6eb31efb9c60f4456bf6a53cf0c9c972c82515c6421612ad91b98c,gpt-5.6-sol-high,short-trace-final,all-arms,dynamic,Omega_hat_StateSize,10731,0
dynamic::gpt-5.6-sol-high::all-arms::Omega_hat_StateSize,gpt-5.6-sol-high::problem-25/inside-loop-state,problem-25,sha256:5e34e564ebcb950511aeb4040311983a4e917c9f539fe9bf740740d04ff82754,gpt-5.6-sol-high,inside-loop-state,all-arms,dynamic,Omega_hat_StateSize,10772,0
dynamic::gpt-5.6-sol-high::all-arms::Omega_hat_StateSize,gpt-5.6-sol-high::problem-25/post-loop-state,problem-25,sha256:75b110f0259dbaad71e4a3448a19097ec57bdd629d5281f6767d6860812b4c19,gpt-5.6-sol-high,post-loop-state,all-arms,dynamic,Omega_hat_StateSize,10771,0
dynamic::gpt-5.6-sol-high::all-arms::Omega_hat_StateSize,gpt-5.6-sol-high::problem-25/short-trace-final,problem-25,sha256:a40a9795cb938fde800d3c6170d0c04fa0258cbef4e26485156c279ea570a1c9,gpt-5.6-sol-high,short-trace-final,all-arms,dynamic,Omega_hat_StateSize,10738,0
dynamic::gpt-5.6-sol-high::all-arms::Omega_hat_StateSize,gpt-5.6-sol-high::problem-25/long-trace-final,problem-25,sha256:ea555a40d3f155ff207893e7327866c923e56b4bcc853fbea3e3ec27d9a3e419,gpt-5.6-sol-high,long-trace-final,all-arms,dynamic,Omega_hat_StateSize,10771,0
dynamic::gpt-5.6-sol-high::all-arms::Omega_hat_StateSize,gpt-5.6-sol-high::problem-26/post-loop-state,problem-26,sha256:09ad9f965884b1ca88246bf427ed30c073b3774cda0e3f8b1ba5fcb8a52876f0,gpt-5.6-sol-high,post-loop-state,all-arms,dynamic,Omega_hat_StateSize,10746,0
dynamic::gpt-5.6-sol-high::all-arms::Omega_hat_StateSize,gpt-5.6-sol-high::problem-26/long-trace-final,problem-26,sha256:8a0a9d72ece310a0393e6f8cd6161daa9fc85ca793d8f7a5effe7867b7b3610e,gpt-5.6-sol-high,long-trace-final,all-arms,dynamic,Omega_hat_StateSize,10746,0
dynamic::gpt-5.6-sol-high::all-arms::Omega_hat_StateSize,gpt-5.6-sol-high::problem-26/short-trace-final,problem-26,sha256:d366caa8929075d65d1d7b7db9700b9131f161a1ac0faff603b289cf7c5bce85,gpt-5.6-sol-high,short-trace-final,all-arms,dynamic,Omega_hat_StateSize,10741,0
dynamic::gpt-5.6-sol-high::all-arms::Omega_hat_StateSize,gpt-5.6-sol-high::problem-26/inside-loop-state,problem-26,sha256:f9a0bdb83416f8938c7ae733c1f802841b3746ef0e2c9c69f4dfcd271e42f429,gpt-5.6-sol-high,inside-loop-state,all-arms,dynamic,Omega_hat_StateSize,10747,0
dynamic::gpt-5.6-sol-high::all-arms::Omega_hat_StateSize,gpt-5.6-sol-high::problem-27/long-trace-final,problem-27,sha256:1d4d6eaa0d724ed2eabbd6de906e694e29956478548df760cda79767a3d420aa,gpt-5.6-sol-high,long-trace-final,all-arms,dynamic,Omega_hat_StateSize,10746,0
dynamic::gpt-5.6-sol-high::all-arms::Omega_hat_StateSize,gpt-5.6-sol-high::problem-27/short-trace-final,problem-27,sha256:ac06f4eaa7953cf90f5b0f2b52580f1e113358761701f25264564a9119eed893,gpt-5.6-sol-high,short-trace-final,all-arms,dynamic,Omega_hat_StateSize,10749,0
dynamic::gpt-5.6-sol-high::all-arms::Omega_hat_StateSize,gpt-5.6-sol-high::problem-27/inside-loop-state,problem-27,sha256:e8a7fd6ede3a54a7a6c46ba71aa8095c7036f8a67282fd35936d92bd03911640,gpt-5.6-sol-high,inside-loop-state,all-arms,dynamic,Omega_hat_StateSize,10747,0
dynamic::gpt-5.6-sol-high::all-arms::Omega_hat_StateSize,gpt-5.6-sol-high::problem-27/post-loop-state,problem-27,sha256:ec560b955bdd3cfdd9c93d7e5e9dec52b80d640de2b6aef03d7e59ab46ae487f,gpt-5.6-sol-high,post-loop-state,all-arms,dynamic,Omega_hat_StateSize,10746,0
dynamic::gpt-5.6-sol-high::all-arms::Omega_hat_StateSize,gpt-5.6-sol-high::problem-28/inside-loop-state,problem-28,sha256:8e7497c27f25952db2771db8b7d65a445fec890474e0eaf363433912b4448d98,gpt-5.6-sol-high,inside-loop-state,all-arms,dynamic,Omega_hat_StateSize,10756,0
dynamic::gpt-5.6-sol-high::all-arms::Omega_hat_StateSize,gpt-5.6-sol-high::problem-28/short-trace-final,problem-28,sha256:e48fd34b81d40474be4f17f911d0be54f3f4d0dcb7dcf485fbc4396c61acb108,gpt-5.6-sol-high,short-trace-final,all-arms,dynamic,Omega_hat_StateSize,10744,0
dynamic::gpt-5.6-sol-high::all-arms::Omega_hat_StateSize,gpt-5.6-sol-high::problem-28/long-trace-final,problem-28,sha256:eac890193eab32fcb83a9b96b1975d2ec0850ff443479a8e9fc22322b0fef1a3,gpt-5.6-sol-high,long-trace-final,all-arms,dynamic,Omega_hat_StateSize,10755,0
dynamic::gpt-5.6-sol-high::all-arms::Omega_hat_StateSize,gpt-5.6-sol-high::problem-28/post-loop-state,problem-28,sha256:eb32ac1b648907af496e87af77869c7d270abcf1a78e35194aff1abc7aad9814,gpt-5.6-sol-high,post-loop-state,all-arms,dynamic,Omega_hat_StateSize,10755,0
dynamic::gpt-5.6-sol-high::all-arms::Omega_hat_StateSize,gpt-5.6-sol-high::problem-29/post-loop-state,problem-29,sha256:266a35b82d6b7b97b632edbdec2e61ad18b6191c9dc4722cceec06e6f7cf3e7b,gpt-5.6-sol-high,post-loop-state,all-arms,dynamic,Omega_hat_StateSize,10743,0
dynamic::gpt-5.6-sol-high::all-arms::Omega_hat_StateSize,gpt-5.6-sol-high::problem-29/short-trace-final,problem-29,sha256:4ecced26b7df8a9b75c98baa33550ead17ba2313bbb605c2d1cb7baa2e29a52e,gpt-5.6-sol-high,short-trace-final,all-arms,dynamic,Omega_hat_StateSize,10749,0
dynamic::gpt-5.6-sol-high::all-arms::Omega_hat_StateSize,gpt-5.6-sol-high::problem-29/inside-loop-state,problem-29,sha256:6055ac1e5575ce92574c3669a2a3eb367092c36fb132bfce0cca3260851140e2,gpt-5.6-sol-high,inside-loop-state,all-arms,dynamic,Omega_hat_StateSize,10744,0
dynamic::gpt-5.6-sol-high::all-arms::Omega_hat_StateSize,gpt-5.6-sol-high::problem-29/long-trace-final,problem-29,sha256:dafab6181d512ecf0c71e74b5f580d6000813124811287d4fc852c2b145c4d20,gpt-5.6-sol-high,long-trace-final,all-arms,dynamic,Omega_hat_StateSize,10743,0
dynamic::gpt-5.6-sol-high::all-arms::Omega_hat_StateSize,gpt-5.6-sol-high::problem-30/inside-loop-state,problem-30,sha256:4956e45be9ac9fea2c36667b16c62bb1d6f435004d42c4e4b3b34a6a2de2fa26,gpt-5.6-sol-high,inside-loop-state,all-arms,dynamic,Omega_hat_StateSize,10788,0
dynamic::gpt-5.6-sol-high::all-arms::Omega_hat_StateSize,gpt-5.6-sol-high::problem-30/short-trace-final,problem-30,sha256:84ea88c1bf723ea51c2ae8d1c8fe25aa5d3dc5be93e0882e4f0cf0be0e4137bb,gpt-5.6-sol-high,short-trace-final,all-arms,dynamic,Omega_hat_StateSize,10726,0
dynamic::gpt-5.6-sol-high::all-arms::Omega_hat_StateSize,gpt-5.6-sol-high::problem-30/long-trace-final,problem-30,sha256:c2098a098a924cecff89d4a804a7f8d840ecd0538821c278601a32140bcca3f8,gpt-5.6-sol-high,long-trace-final,all-arms,dynamic,Omega_hat_StateSize,10787,0
dynamic::gpt-5.6-sol-high::all-arms::Omega_hat_StateSize,gpt-5.6-sol-high::problem-30/post-loop-state,problem-30,sha256:e69e021f535c9d0fc24b0101f47f65371d3832409890cf0484859bf2d6e98e0b,gpt-5.6-sol-high,post-loop-state,all-arms,dynamic,Omega_hat_StateSize,10787,0
dynamic::gpt-5.6-sol-off::all-arms::Omega_hat_NativeTrace,gpt-5.6-sol-off::problem-01/inside-loop-state,problem-01,sha256:0547b42885dc201376fb93765a3c7da6c077a0338c243dcae8c262108a061af1,gpt-5.6-sol-off,inside-loop-state,all-arms,dynamic,Omega_hat_NativeTrace,177482,0
dynamic::gpt-5.6-sol-off::all-arms::Omega_hat_NativeTrace,gpt-5.6-sol-off::problem-01/long-trace-final,problem-01,sha256:56d9affe274f136e1933852e8f797cfb86ea3bed95c016b04556b2c4ca152b2c,gpt-5.6-sol-off,long-trace-final,all-arms,dynamic,Omega_hat_NativeTrace,222559,0
dynamic::gpt-5.6-sol-off::all-arms::Omega_hat_NativeTrace,gpt-5.6-sol-off::problem-01/short-trace-final,problem-01,sha256:73ad8aafe6d235df156f603343f220d5bf0bf095034c7c09e4647aec6b75183c,gpt-5.6-sol-off,short-trace-final,all-arms,dynamic,Omega_hat_NativeTrace,90806,0
dynamic::gpt-5.6-sol-off::all-arms::Omega_hat_NativeTrace,gpt-5.6-sol-off::problem-01/post-loop-state,problem-01,sha256:8c394bb669c6429a6cc8371df442ba1284632f5fd03fcf20b87ec42c6b002666,gpt-5.6-sol-off,post-loop-state,all-arms,dynamic,Omega_hat_NativeTrace,214164,0
dynamic::gpt-5.6-sol-off::all-arms::Omega_hat_NativeTrace,gpt-5.6-sol-off::problem-02/long-trace-final,problem-02,sha256:2c6c086992c204f9156a73eca1a86fe4ad8b4777c9b50ca69f44efa3a0ec804d,gpt-5.6-sol-off,long-trace-final,all-arms,dynamic,Omega_hat_NativeTrace,221700,0
dynamic::gpt-5.6-sol-off::all-arms::Omega_hat_NativeTrace,gpt-5.6-sol-off::problem-02/inside-loop-state,problem-02,sha256:43ea44d05f37e33633d2f43ad399b115c3066c018f15acef6f477c034fdda927,gpt-5.6-sol-off,inside-loop-state,all-arms,dynamic,Omega_hat_NativeTrace,177007,0
dynamic::gpt-5.6-sol-off::all-arms::Omega_hat_NativeTrace,gpt-5.6-sol-off::problem-02/post-loop-state,problem-02,sha256:ba7d1febfb83991899883c292120818d9f29e3dd565ec4a93b6368650d9b3d8b,gpt-5.6-sol-off,post-loop-state,all-arms,dynamic,Omega_hat_NativeTrace,213305,0
dynamic::gpt-5.6-sol-off::all-arms::Omega_hat_NativeTrace,gpt-5.6-sol-off::problem-02/short-trace-final,problem-02,sha256:c045cedad0407af52c2d7faa26f00e6fb48605031adc73be301bb6ee469d0a00,gpt-5.6-sol-off,short-trace-final,all-arms,dynamic,Omega_hat_NativeTrace,108273,0
dynamic::gpt-5.6-sol-off::all-arms::Omega_hat_NativeTrace,gpt-5.6-sol-off::problem-03/post-loop-state,problem-03,sha256:2acfa20a7ee16e7c373ae0cf23d876f6106fe1856336ee95352a6619b1420010,gpt-5.6-sol-off,post-loop-state,all-arms,dynamic,Omega_hat_NativeTrace,209127,0
dynamic::gpt-5.6-sol-off::all-arms::Omega_hat_NativeTrace,gpt-5.6-sol-off::problem-03/inside-loop-state,problem-03,sha256:587d5ad47aee9baac51abb2d6ac720bc8b29f8e6c6f98e2e7066bb6d8bac30a1,gpt-5.6-sol-off,inside-loop-state,all-arms,dynamic,Omega_hat_NativeTrace,178047,0
dynamic::gpt-5.6-sol-off::all-arms::Omega_hat_NativeTrace,gpt-5.6-sol-off::problem-03/long-trace-final,problem-03,sha256:5cd8a44109e568c902e2d582d4448650c2d4a64ee9ae4e391cf17a60348468b4,gpt-5.6-sol-off,long-trace-final,all-arms,dynamic,Omega_hat_NativeTrace,217522,0
dynamic::gpt-5.6-sol-off::all-arms::Omega_hat_NativeTrace,gpt-5.6-sol-off::problem-03/short-trace-final,problem-03,sha256:de9b7f7e58c8ec2d2f824891cdd79a1b094a45ac4742558225294573439b316d,gpt-5.6-sol-off,short-trace-final,all-arms,dynamic,Omega_hat_NativeTrace,92185,0
dynamic::gpt-5.6-sol-off::all-arms::Omega_hat_NativeTrace,gpt-5.6-sol-off::problem-04/short-trace-final,problem-04,sha256:05aae40bc36e0df65171215e791c8e10e79babb0960ce78b876515d48b8accae,gpt-5.6-sol-off,short-trace-final,all-arms,dynamic,Omega_hat_NativeTrace,101454,0
dynamic::gpt-5.6-sol-off::all-arms::Omega_hat_NativeTrace,gpt-5.6-sol-off::problem-04/long-trace-final,problem-04,sha256:7ad230089b4b878cee95f70563245eea351dea877118fcf8a597be6bd90d14f5,gpt-5.6-sol-off,long-trace-final,all-arms,dynamic,Omega_hat_NativeTrace,231312,0
dynamic::gpt-5.6-sol-off::all-arms::Omega_hat_NativeTrace,gpt-5.6-sol-off::problem-04/post-loop-state,problem-04,sha256:94ab1f7d2732d7ff5cef895f5b77e7fd081702b993a6eb7d3d5c505592cefb21,gpt-5.6-sol-off,post-loop-state,all-arms,dynamic,Omega_hat_NativeTrace,222917,0
dynamic::gpt-5.6-sol-off::all-arms::Omega_hat_NativeTrace,gpt-5.6-sol-off::problem-04/inside-loop-state,problem-04,sha256:9aaa594325de39aafc50a9d96c539f0c1166bd50a8eff8c49c14c84270c4ff59,gpt-5.6-sol-off,inside-loop-state,all-arms,dynamic,Omega_hat_NativeTrace,187012,0
dynamic::gpt-5.6-sol-off::all-arms::Omega_hat_NativeTrace,gpt-5.6-sol-off::problem-05/post-loop-state,problem-05,sha256:0f684ff85de199f8f7c7ffc32375f9b9e62fa5827fcecce50fb5d60bca08e280,gpt-5.6-sol-off,post-loop-state,all-arms,dynamic,Omega_hat_NativeTrace,219484,0
dynamic::gpt-5.6-sol-off::all-arms::Omega_hat_NativeTrace,gpt-5.6-sol-off::problem-05/long-trace-final,problem-05,sha256:5a4822c8f4e084302eeecb07be76313448d56e02db866843273cfa2a79ca9b73,gpt-5.6-sol-off,long-trace-final,all-arms,dynamic,Omega_hat_NativeTrace,227879,0
dynamic::gpt-5.6-sol-off::all-arms::Omega_hat_NativeTrace,gpt-5.6-sol-off::problem-05/short-trace-final,problem-05,sha256:9f6345f351d6266c0c09238729ff08378ce70e23ac0267c2e41f067733d6f579,gpt-5.6-sol-off,short-trace-final,all-arms,dynamic,Omega_hat_NativeTrace,92213,0
dynamic::gpt-5.6-sol-off::all-arms::Omega_hat_NativeTrace,gpt-5.6-sol-off::problem-05/inside-loop-state,problem-05,sha256:e22303dc39b5dd7a5cac47da11bd364b0897fb8d8d9099162d7706552f9fa372,gpt-5.6-sol-off,inside-loop-state,all-arms,dynamic,Omega_hat_NativeTrace,187905,0
dynamic::gpt-5.6-sol-off::all-arms::Omega_hat_NativeTrace,gpt-5.6-sol-off::problem-06/long-trace-final,problem-06,sha256:061a7cf51e116aa318d53740cdc4d580b6c9767f126c91061a484987b96cd0c7,gpt-5.6-sol-off,long-trace-final,all-arms,dynamic,Omega_hat_NativeTrace,220520,0
dynamic::gpt-5.6-sol-off::all-arms::Omega_hat_NativeTrace,gpt-5.6-sol-off::problem-06/post-loop-state,problem-06,sha256:2c10823e77f28c1bd27318dfe6f1918fbe52e06174725d89f5e5d33bd0bd5510,gpt-5.6-sol-off,post-loop-state,all-arms,dynamic,Omega_hat_NativeTrace,212125,0
dynamic::gpt-5.6-sol-off::all-arms::Omega_hat_NativeTrace,gpt-5.6-sol-off::problem-06/short-trace-final,problem-06,sha256:6a88d2c05b775fcb748a8354a26e9d76a3a40fbeb4478fdc3ede8d3a216d580f,gpt-5.6-sol-off,short-trace-final,all-arms,dynamic,Omega_hat_NativeTrace,93164,0
dynamic::gpt-5.6-sol-off::all-arms::Omega_hat_NativeTrace,gpt-5.6-sol-off::problem-06/inside-loop-state,problem-06,sha256:cd00c1a7e81437959f3f7ae75d1cd3869cff5bb6980eec8d78e39979ad3c2a27,gpt-5.6-sol-off,inside-loop-state,all-arms,dynamic,Omega_hat_NativeTrace,173832,0
dynamic::gpt-5.6-sol-off::all-arms::Omega_hat_NativeTrace,gpt-5.6-sol-off::problem-07/long-trace-final,problem-07,sha256:0038af217dac3eb4ec50de238581737dacd10f0887c0b2b7bf8c89208e6efac5,gpt-5.6-sol-off,long-trace-final,all-arms,dynamic,Omega_hat_NativeTrace,223712,0
dynamic::gpt-5.6-sol-off::all-arms::Omega_hat_NativeTrace,gpt-5.6-sol-off::problem-07/inside-loop-state,problem-07,sha256:3f021ab7fd773d4b5707b65f0ddba29e4e2f31918c7ad194865bdfdb2cc2fc23,gpt-5.6-sol-off,inside-loop-state,all-arms,dynamic,Omega_hat_NativeTrace,189373,0
dynamic::gpt-5.6-sol-off::all-arms::Omega_hat_NativeTrace,gpt-5.6-sol-off::problem-07/post-loop-state,problem-07,sha256:9e457d18bfaac327399393fdb975773303e803b2fd677d4bd2e6b7cd4ddc624c,gpt-5.6-sol-off,post-loop-state,all-arms,dynamic,Omega_hat_NativeTrace,215317,0
dynamic::gpt-5.6-sol-off::all-arms::Omega_hat_NativeTrace,gpt-5.6-sol-off::problem-07/short-trace-final,problem-07,sha256:a804134b8daa3d73abbebef8e0e40694e39211ed7153b6ad7591756fe33cd167,gpt-5.6-sol-off,short-trace-final,all-arms,dynamic,Omega_hat_NativeTrace,100948,0
dynamic::gpt-5.6-sol-off::all-arms::Omega_hat_NativeTrace,gpt-5.6-sol-off::problem-08/inside-loop-state,problem-08,sha256:7064354a09226b66ebb7194c3454eab73c7a5d95fb26e79e1817e12584f3f310,gpt-5.6-sol-off,inside-loop-state,all-arms,dynamic,Omega_hat_NativeTrace,177328,0
dynamic::gpt-5.6-sol-off::all-arms::Omega_hat_NativeTrace,gpt-5.6-sol-off::problem-08/short-trace-final,problem-08,sha256:a7da9f82ea01769a6b8a112317eee4c6cc1f6de1fd6fdd14a5537d4ac9c80a0f,gpt-5.6-sol-off,short-trace-final,all-arms,dynamic,Omega_hat_NativeTrace,88887,0
dynamic::gpt-5.6-sol-off::all-arms::Omega_hat_NativeTrace,gpt-5.6-sol-off::problem-08/post-loop-state,problem-08,sha256:e32673ca942baf21e1de8014e35df297a78a6d254c419164d155a8af936e67b4,gpt-5.6-sol-off,post-loop-state,all-arms,dynamic,Omega_hat_NativeTrace,202271,0
dynamic::gpt-5.6-sol-off::all-arms::Omega_hat_NativeTrace,gpt-5.6-sol-off::problem-08/long-trace-final,problem-08,sha256:f4f4c04290dfd1722493e9d5e7c6c040d58b8f4f1f2ea1ffd0972f45a5893717,gpt-5.6-sol-off,long-trace-final,all-arms,dynamic,Omega_hat_NativeTrace,210666,0
dynamic::gpt-5.6-sol-off::all-arms::Omega_hat_NativeTrace,gpt-5.6-sol-off::problem-09/short-trace-final,problem-09,sha256:1f2e9f2d169b17ceb6021bac59f884fc4c71697048d44bcde003919a30c6bc01,gpt-5.6-sol-off,short-trace-final,all-arms,dynamic,Omega_hat_NativeTrace,105245,0
dynamic::gpt-5.6-sol-off::all-arms::Omega_hat_NativeTrace,gpt-5.6-sol-off::problem-09/inside-loop-state,problem-09,sha256:221039cb3147683b097b9a9e97cbc35a8b09ba4e290f73be9b1bca308fd93ce3,gpt-5.6-sol-off,inside-loop-state,all-arms,dynamic,Omega_hat_NativeTrace,182596,0
dynamic::gpt-5.6-sol-off::all-arms::Omega_hat_NativeTrace,gpt-5.6-sol-off::problem-09/post-loop-state,problem-09,sha256:2c9d501dc7cc0a1d91e2d7340569ca0ba384bdb40034069641418df06a065b02,gpt-5.6-sol-off,post-loop-state,all-arms,dynamic,Omega_hat_NativeTrace,227967,0
dynamic::gpt-5.6-sol-off::all-arms::Omega_hat_NativeTrace,gpt-5.6-sol-off::problem-09/long-trace-final,problem-09,sha256:d5594fe452f9751f9e5a7096c8f016b17a3d1be5849b3882dd8846f268197c8d,gpt-5.6-sol-off,long-trace-final,all-arms,dynamic,Omega_hat_NativeTrace,236362,0
dynamic::gpt-5.6-sol-off::all-arms::Omega_hat_NativeTrace,gpt-5.6-sol-off::problem-10/inside-loop-state,problem-10,sha256:4bfd0a8e336edf6d47adfddd74897b9784181700d614c66dab4d21903a7797cb,gpt-5.6-sol-off,inside-loop-state,all-arms,dynamic,Omega_hat_NativeTrace,179176,0
dynamic::gpt-5.6-sol-off::all-arms::Omega_hat_NativeTrace,gpt-5.6-sol-off::problem-10/short-trace-final,problem-10,sha256:68a7353ba44980aa7c94507c7d2506366b7e1a6d3a9840cec0ba3fd243bb86ef,gpt-5.6-sol-off,short-trace-final,all-arms,dynamic,Omega_hat_NativeTrace,103733,0
dynamic::gpt-5.6-sol-off::all-arms::Omega_hat_NativeTrace,gpt-5.6-sol-off::problem-10/post-loop-state,problem-10,sha256:6d34f6c50beb59b579b867aa64417c1f8e212aca0c7dba85a4f8d73ad6395e15,gpt-5.6-sol-off,post-loop-state,all-arms,dynamic,Omega_hat_NativeTrace,215948,0
dynamic::gpt-5.6-sol-off::all-arms::Omega_hat_NativeTrace,gpt-5.6-sol-off::problem-10/long-trace-final,problem-10,sha256:b9350571c682c8ce1a385a3827b09b6195b6b0de80c103fe5638970bd0396907,gpt-5.6-sol-off,long-trace-final,all-arms,dynamic,Omega_hat_NativeTrace,224343,0
dynamic::gpt-5.6-sol-off::all-arms::Omega_hat_NativeTrace,gpt-5.6-sol-off::problem-11/short-trace-final,problem-11,sha256:26270b738997e89a812774051cc9205ec744eed12d5397ba27730fd1f3616545,gpt-5.6-sol-off,short-trace-final,all-arms,dynamic,Omega_hat_NativeTrace,293189,0
dynamic::gpt-5.6-sol-off::all-arms::Omega_hat_NativeTrace,gpt-5.6-sol-off::problem-11/long-trace-final,problem-11,sha256:37449d8e8c91c57d5e2c5704a43fc22c0bd0599b769db5d859947f119c59900a,gpt-5.6-sol-off,long-trace-final,all-arms,dynamic,Omega_hat_NativeTrace,507023,0
dynamic::gpt-5.6-sol-off::all-arms::Omega_hat_NativeTrace,gpt-5.6-sol-off::problem-11/post-loop-state,problem-11,sha256:89cf19a5769900427442f00c16f675ef52b8c60cb6f502a5e54dafd29cbaa7b3,gpt-5.6-sol-off,post-loop-state,all-arms,dynamic,Omega_hat_NativeTrace,490939,0
dynamic::gpt-5.6-sol-off::all-arms::Omega_hat_NativeTrace,gpt-5.6-sol-off::problem-11/inside-loop-state,problem-11,sha256:9e616055a8b294cc727870ca9d00854bfd4625609bfaf8f7f208f2affda4e187,gpt-5.6-sol-off,inside-loop-state,all-arms,dynamic,Omega_hat_NativeTrace,414516,0
dynamic::gpt-5.6-sol-off::all-arms::Omega_hat_NativeTrace,gpt-5.6-sol-off::problem-12/inside-loop-state,problem-12,sha256:7b5df0851254363517f3ded42cf7a385fa51a85dd64743e6e008669e0faf5b82,gpt-5.6-sol-off,inside-loop-state,all-arms,dynamic,Omega_hat_NativeTrace,420712,0
dynamic::gpt-5.6-sol-off::all-arms::Omega_hat_NativeTrace,gpt-5.6-sol-off::problem-12/short-trace-final,problem-12,sha256:85aa9c8d83f90f5ce7ad3cbf050a51a8d8f6994499cd2159cb23a7ea82b1849e,gpt-5.6-sol-off,short-trace-final,all-arms,dynamic,Omega_hat_NativeTrace,284443,0
dynamic::gpt-5.6-sol-off::all-arms::Omega_hat_NativeTrace,gpt-5.6-sol-off::problem-12/post-loop-state,problem-12,sha256:958460d7ecf7621b9ecf5669fda846e1d9c0a7b4b399190aeed32c7df8b0699e,gpt-5.6-sol-off,post-loop-state,all-arms,dynamic,Omega_hat_NativeTrace,481453,0
dynamic::gpt-5.6-sol-off::all-arms::Omega_hat_NativeTrace,gpt-5.6-sol-off::problem-12/long-trace-final,problem-12,sha256:bbf72f7493684d660693adfc81bbd175088f4b46afda09d4b298512c72508c1b,gpt-5.6-sol-off,long-trace-final,all-arms,dynamic,Omega_hat_NativeTrace,497537,0
dynamic::gpt-5.6-sol-off::all-arms::Omega_hat_NativeTrace,gpt-5.6-sol-off::problem-13/inside-loop-state,problem-13,sha256:2b247ce5916acd9195152fced59de2ae563f4cbdd37bfd795074e5f2ec115251,gpt-5.6-sol-off,inside-loop-state,all-arms,dynamic,Omega_hat_NativeTrace,432012,0
dynamic::gpt-5.6-sol-off::all-arms::Omega_hat_NativeTrace,gpt-5.6-sol-off::problem-13/post-loop-state,problem-13,sha256:5c4433c9aa1b024d200559d67bbc7d578a21c39d10fb03ce2c6a5caae255993f,gpt-5.6-sol-off,post-loop-state,all-arms,dynamic,Omega_hat_NativeTrace,544902,0
dynamic::gpt-5.6-sol-off::all-arms::Omega_hat_NativeTrace,gpt-5.6-sol-off::problem-13/short-trace-final,problem-13,sha256:eccc604db1d5cc06fe2c28b2456d93ecb100590e01fd6ce576ad76161a08aada,gpt-5.6-sol-off,short-trace-final,all-arms,dynamic,Omega_hat_NativeTrace,278749,0
dynamic::gpt-5.6-sol-off::all-arms::Omega_hat_NativeTrace,gpt-5.6-sol-off::problem-13/long-trace-final,problem-13,sha256:fc03a1fd966e3a60af4264cb997a959b0d3d39ccb2cc7f6636f0659db36c1fcf,gpt-5.6-sol-off,long-trace-final,all-arms,dynamic,Omega_hat_NativeTrace,560986,0
dynamic::gpt-5.6-sol-off::all-arms::Omega_hat_NativeTrace,gpt-5.6-sol-off::problem-14/short-trace-final,problem-14,sha256:929856d52b4d3a50a8d477f065732fc3ff381b1ec26dfd9672f1bb3e81b9112e,gpt-5.6-sol-off,short-trace-final,all-arms,dynamic,Omega_hat_NativeTrace,269637,0
dynamic::gpt-5.6-sol-off::all-arms::Omega_hat_NativeTrace,gpt-5.6-sol-off::problem-14/post-loop-state,problem-14,sha256:a428733484eb9e4568dc0f1944310d728394aa7a5f597f21fad8a5f17c349a92,gpt-5.6-sol-off,post-loop-state,all-arms,dynamic,Omega_hat_NativeTrace,506380,0
dynamic::gpt-5.6-sol-off::all-arms::Omega_hat_NativeTrace,gpt-5.6-sol-off::problem-14/inside-loop-state,problem-14,sha256:b92de04f170b8d7777731ffc17b0ef112672dde69764b2e2b4544f1cbbfd2775,gpt-5.6-sol-off,inside-loop-state,all-arms,dynamic,Omega_hat_NativeTrace,409055,0
dynamic::gpt-5.6-sol-off::all-arms::Omega_hat_NativeTrace,gpt-5.6-sol-off::problem-14/long-trace-final,problem-14,sha256:e692c2f7963ddc6244570169d2564497fe9f12ef39e36f0f4f9f973b508f3616,gpt-5.6-sol-off,long-trace-final,all-arms,dynamic,Omega_hat_NativeTrace,522464,0
dynamic::gpt-5.6-sol-off::all-arms::Omega_hat_NativeTrace,gpt-5.6-sol-off::problem-15/post-loop-state,problem-15,sha256:12301c45635de868f2a4e921222d940fcf33c2f6205d05fc21454266cfbc3061,gpt-5.6-sol-off,post-loop-state,all-arms,dynamic,Omega_hat_NativeTrace,487763,0
dynamic::gpt-5.6-sol-off::all-arms::Omega_hat_NativeTrace,gpt-5.6-sol-off::problem-15/inside-loop-state,problem-15,sha256:50e103eb8654ee1640e95f86191fb481f0e07e0bd366e6b5ce47d20c0a200912,gpt-5.6-sol-off,inside-loop-state,all-arms,dynamic,Omega_hat_NativeTrace,405070,0
dynamic::gpt-5.6-sol-off::all-arms::Omega_hat_NativeTrace,gpt-5.6-sol-off::problem-15/short-trace-final,problem-15,sha256:649f09230fe16bc947760c4387cd544c37fec8d49083a073371770fa5ae3e1d1,gpt-5.6-sol-off,short-trace-final,all-arms,dynamic,Omega_hat_NativeTrace,264604,0
dynamic::gpt-5.6-sol-off::all-arms::Omega_hat_NativeTrace,gpt-5.6-sol-off::problem-15/long-trace-final,problem-15,sha256:8ab718d447d5782861bfa1a8a089a1b4a55c3c55b6ead5ff4abb068409ec1b6b,gpt-5.6-sol-off,long-trace-final,all-arms,dynamic,Omega_hat_NativeTrace,503847,0
dynamic::gpt-5.6-sol-off::all-arms::Omega_hat_NativeTrace,gpt-5.6-sol-off::problem-16/short-trace-final,problem-16,sha256:64670fb8a7f19547ad0b0c7647c368cf26d355b1d2e0bedbf884079ff09d87fb,gpt-5.6-sol-off,short-trace-final,all-arms,dynamic,Omega_hat_NativeTrace,268255,0
dynamic::gpt-5.6-sol-off::all-arms::Omega_hat_NativeTrace,gpt-5.6-sol-off::problem-16/post-loop-state,problem-16,sha256:8368e978d24c4b3ea18f7eb2ea99706b1e5473aa07f13c4bb3fe6fe619fee763,gpt-5.6-sol-off,post-loop-state,all-arms,dynamic,Omega_hat_NativeTrace,467627,0
dynamic::gpt-5.6-sol-off::all-arms::Omega_hat_NativeTrace,gpt-5.6-sol-off::problem-16/long-trace-final,problem-16,sha256:a01be6f53c51de04e80ef9a1b56b33bd854ea547c3ab8fbf01dd1719b64424e2,gpt-5.6-sol-off,long-trace-final,all-arms,dynamic,Omega_hat_NativeTrace,483711,0
dynamic::gpt-5.6-sol-off::all-arms::Omega_hat_NativeTrace,gpt-5.6-sol-off::problem-16/inside-loop-state,problem-16,sha256:e785fbb7c44714837a925d69b7a0b7764633037949cf8e2d8eee2ac7af673285,gpt-5.6-sol-off,inside-loop-state,all-arms,dynamic,Omega_hat_NativeTrace,414667,0
dynamic::gpt-5.6-sol-off::all-arms::Omega_hat_NativeTrace,gpt-5.6-sol-off::problem-17/short-trace-final,problem-17,sha256:23bfd7217d9ba652a3156953e53db1b393d9093de1553e00151f9992835a6c12,gpt-5.6-sol-off,short-trace-final,all-arms,dynamic,Omega_hat_NativeTrace,263095,0
dynamic::gpt-5.6-sol-off::all-arms::Omega_hat_NativeTrace,gpt-5.6-sol-off::problem-17/post-loop-state,problem-17,sha256:a71207cf0c9322ded7b4ad736d0eb7fe58ca15c45d6aad6ed8aa8f7de3eda7b2,gpt-5.6-sol-off,post-loop-state,all-arms,dynamic,Omega_hat_NativeTrace,520301,0
dynamic::gpt-5.6-sol-off::all-arms::Omega_hat_NativeTrace,gpt-5.6-sol-off::problem-17/long-trace-final,problem-17,sha256:c1d6591d0bf5a1829058e47370a9ecca6ddf09033379e65669b82b28603cf1e2,gpt-5.6-sol-off,long-trace-final,all-arms,dynamic,Omega_hat_NativeTrace,536385,0
dynamic::gpt-5.6-sol-off::all-arms::Omega_hat_NativeTrace,gpt-5.6-sol-off::problem-17/inside-loop-state,problem-17,sha256:ffbe22e9b9ecc46324d4d5b73a4a9fb9116281954ab9775b607d59ad2563ff75,gpt-5.6-sol-off,inside-loop-state,all-arms,dynamic,Omega_hat_NativeTrace,435317,0
dynamic::gpt-5.6-sol-off::all-arms::Omega_hat_NativeTrace,gpt-5.6-sol-off::problem-18/long-trace-final,problem-18,sha256:3e1043702949a2334ffeb4aae795b5838059d006655a0bbf6798f0b6adeb085f,gpt-5.6-sol-off,long-trace-final,all-arms,dynamic,Omega_hat_NativeTrace,492562,0
dynamic::gpt-5.6-sol-off::all-arms::Omega_hat_NativeTrace,gpt-5.6-sol-off::problem-18/short-trace-final,problem-18,sha256:55ce2dca47dbe112e5ff867e7e8bfbd2311a4010bf0497e1f33d5e2d3b6b309d,gpt-5.6-sol-off,short-trace-final,all-arms,dynamic,Omega_hat_NativeTrace,258069,0
dynamic::gpt-5.6-sol-off::all-arms::Omega_hat_NativeTrace,gpt-5.6-sol-off::problem-18/inside-loop-state,problem-18,sha256:d9fde9c0b10033b45350be818f38a02f7530deefc277daf7ca51e91be628bf0d,gpt-5.6-sol-off,inside-loop-state,all-arms,dynamic,Omega_hat_NativeTrace,419419,0
dynamic::gpt-5.6-sol-off::all-arms::Omega_hat_NativeTrace,gpt-5.6-sol-off::problem-18/post-loop-state,problem-18,sha256:ec5ffe88fa32f58a281e2a9be9970228c8f780ce294441e0d8ca083c44ab7cb9,gpt-5.6-sol-off,post-loop-state,all-arms,dynamic,Omega_hat_NativeTrace,476478,0
dynamic::gpt-5.6-sol-off::all-arms::Omega_hat_NativeTrace,gpt-5.6-sol-off::problem-19/long-trace-final,problem-19,sha256:48814bea3c8f1e5cd1614a147556846e339503cb69e0803c858796e6f058c6eb,gpt-5.6-sol-off,long-trace-final,all-arms,dynamic,Omega_hat_NativeTrace,553979,0
dynamic::gpt-5.6-sol-off::all-arms::Omega_hat_NativeTrace,gpt-5.6-sol-off::problem-19/post-loop-state,problem-19,sha256:67005c3e5fba330dd029ce911161dd9d7c281181ffdda26a6c04f791843ce5b0,gpt-5.6-sol-off,post-loop-state,all-arms,dynamic,Omega_hat_NativeTrace,537895,0
dynamic::gpt-5.6-sol-off::all-arms::Omega_hat_NativeTrace,gpt-5.6-sol-off::problem-19/inside-loop-state,problem-19,sha256:7c4063bd0e506396a919ac229901d3779224482c2f0a86685fac407a77181b08,gpt-5.6-sol-off,inside-loop-state,all-arms,dynamic,Omega_hat_NativeTrace,429295,0
dynamic::gpt-5.6-sol-off::all-arms::Omega_hat_NativeTrace,gpt-5.6-sol-off::problem-19/short-trace-final,problem-19,sha256:e573b78b30a2d6877c5e647ea6ef1ebbe778918dafdef3ce3ca1ef425adf4aae,gpt-5.6-sol-off,short-trace-final,all-arms,dynamic,Omega_hat_NativeTrace,309010,0
dynamic::gpt-5.6-sol-off::all-arms::Omega_hat_NativeTrace,gpt-5.6-sol-off::problem-20/post-loop-state,problem-20,sha256:18ed8611483fb7761108ab3d6d83b912b08a4b16125c798ed34fc0e54d1d0305,gpt-5.6-sol-off,post-loop-state,all-arms,dynamic,Omega_hat_NativeTrace,492055,0
dynamic::gpt-5.6-sol-off::all-arms::Omega_hat_NativeTrace,gpt-5.6-sol-off::problem-20/short-trace-final,problem-20,sha256:9e0c8296a9f0717b3ada2dc70705058a39ba1d561df45643b9a79d3f62c7ee4f,gpt-5.6-sol-off,short-trace-final,all-arms,dynamic,Omega_hat_NativeTrace,267137,0
dynamic::gpt-5.6-sol-off::all-arms::Omega_hat_NativeTrace,gpt-5.6-sol-off::problem-20/inside-loop-state,problem-20,sha256:bd5bcbf1a9fbe0d7ec617f2eb09018adffc1493412d300f645de5abb9bb358e1,gpt-5.6-sol-off,inside-loop-state,all-arms,dynamic,Omega_hat_NativeTrace,415556,0
dynamic::gpt-5.6-sol-off::all-arms::Omega_hat_NativeTrace,gpt-5.6-sol-off::problem-20/long-trace-final,problem-20,sha256:cfdd0f3fcdabe8556447869245ebb13768cf9520d32294331ed86a2fcdda934e,gpt-5.6-sol-off,long-trace-final,all-arms,dynamic,Omega_hat_NativeTrace,508139,0
dynamic::gpt-5.6-sol-off::all-arms::Omega_hat_NativeTrace,gpt-5.6-sol-off::problem-21/inside-loop-state,problem-21,sha256:6b893d1fe6186f33bb87627c625c620c60c23d16b1eb380e5428287d7bcd173b,gpt-5.6-sol-off,inside-loop-state,all-arms,dynamic,Omega_hat_NativeTrace,908439,0
dynamic::gpt-5.6-sol-off::all-arms::Omega_hat_NativeTrace,gpt-5.6-sol-off::problem-21/long-trace-final,problem-21,sha256:abae68d8201478b8273623d6f31c7f95f798e23c59176c1c030258097c23bc2a,gpt-5.6-sol-off,long-trace-final,all-arms,dynamic,Omega_hat_NativeTrace,1103682,0
dynamic::gpt-5.6-sol-off::all-arms::Omega_hat_NativeTrace,gpt-5.6-sol-off::problem-21/post-loop-state,problem-21,sha256:b1ba4c145bc3491180d71e43456f0de195530e4eda327d97e480319644d54468,gpt-5.6-sol-off,post-loop-state,all-arms,dynamic,Omega_hat_NativeTrace,1074688,0
dynamic::gpt-5.6-sol-off::all-arms::Omega_hat_NativeTrace,gpt-5.6-sol-off::problem-21/short-trace-final,problem-21,sha256:c08e9d12f0c628db74c80e296b9aeaa44f2ff442479546e4521c875bc621edcf,gpt-5.6-sol-off,short-trace-final,all-arms,dynamic,Omega_hat_NativeTrace,676300,0
dynamic::gpt-5.6-sol-off::all-arms::Omega_hat_NativeTrace,gpt-5.6-sol-off::problem-22/post-loop-state,problem-22,sha256:642b405db89f31906ffda3368213a2dea48b194489eef14859eba92a495738dc,gpt-5.6-sol-off,post-loop-state,all-arms,dynamic,Omega_hat_NativeTrace,1103437,0
dynamic::gpt-5.6-sol-off::all-arms::Omega_hat_NativeTrace,gpt-5.6-sol-off::problem-22/inside-loop-state,problem-22,sha256:895a3e331a4a70e78f11ec4c30afb51f9695d33bfe2745487c604118a27dc196,gpt-5.6-sol-off,inside-loop-state,all-arms,dynamic,Omega_hat_NativeTrace,947612,0
dynamic::gpt-5.6-sol-off::all-arms::Omega_hat_NativeTrace,gpt-5.6-sol-off::problem-22/short-trace-final,problem-22,sha256:bdfb4ea940fcc763a5c0367908bb8a2418611ecbf44f222ddd6008ab05066e5a,gpt-5.6-sol-off,short-trace-final,all-arms,dynamic,Omega_hat_NativeTrace,672322,0
dynamic::gpt-5.6-sol-off::all-arms::Omega_hat_NativeTrace,gpt-5.6-sol-off::problem-22/long-trace-final,problem-22,sha256:d095f6706999a481b592168652c7c699ef339254946149818a5f8ab337c7f262,gpt-5.6-sol-off,long-trace-final,all-arms,dynamic,Omega_hat_NativeTrace,1132431,0
dynamic::gpt-5.6-sol-off::all-arms::Omega_hat_NativeTrace,gpt-5.6-sol-off::problem-23/long-trace-final,problem-23,sha256:1245ebbf69a81bcb8f23d1a367d4077c7ff732cf2ca37e553c4ad80d11a1687e,gpt-5.6-sol-off,long-trace-final,all-arms,dynamic,Omega_hat_NativeTrace,1158204,0
dynamic::gpt-5.6-sol-off::all-arms::Omega_hat_NativeTrace,gpt-5.6-sol-off::problem-23/short-trace-final,problem-23,sha256:78febcc2681676995da118209adc295d1c6f8449ddc2f697eff5823e74d2c92b,gpt-5.6-sol-off,short-trace-final,all-arms,dynamic,Omega_hat_NativeTrace,693244,0
dynamic::gpt-5.6-sol-off::all-arms::Omega_hat_NativeTrace,gpt-5.6-sol-off::problem-23/inside-loop-state,problem-23,sha256:c5b04d442721c6e23d53ded804f222ca9bc2bd35cb825d975482627fa2f68eb8,gpt-5.6-sol-off,inside-loop-state,all-arms,dynamic,Omega_hat_NativeTrace,954487,0
dynamic::gpt-5.6-sol-off::all-arms::Omega_hat_NativeTrace,gpt-5.6-sol-off::problem-23/post-loop-state,problem-23,sha256:f422207380b27c4b9c9e1403517b42b55f6342cd02514f3d18cff14a6eaf23b9,gpt-5.6-sol-off,post-loop-state,all-arms,dynamic,Omega_hat_NativeTrace,1129210,0
dynamic::gpt-5.6-sol-off::all-arms::Omega_hat_NativeTrace,gpt-5.6-sol-off::problem-24/long-trace-final,problem-24,sha256:312cb1244299d8ea29ce3be52759a05aaf6f571f4cabdb8de4cdfefc53c21127,gpt-5.6-sol-off,long-trace-final,all-arms,dynamic,Omega_hat_NativeTrace,1152328,0
dynamic::gpt-5.6-sol-off::all-arms::Omega_hat_NativeTrace,gpt-5.6-sol-off::problem-24/post-loop-state,problem-24,sha256:a9bba3e75ac97caf5a230d723fd189724ff0563bea2bef0b001eb7655cd5c948,gpt-5.6-sol-off,post-loop-state,all-arms,dynamic,Omega_hat_NativeTrace,1123334,0
dynamic::gpt-5.6-sol-off::all-arms::Omega_hat_NativeTrace,gpt-5.6-sol-off::problem-24/inside-loop-state,problem-24,sha256:c151679cf530cdccea973844a665dbb377147bfda08d781a73e4cebd8e7aa207,gpt-5.6-sol-off,inside-loop-state,all-arms,dynamic,Omega_hat_NativeTrace,951623,0
dynamic::gpt-5.6-sol-off::all-arms::Omega_hat_NativeTrace,gpt-5.6-sol-off::problem-24/short-trace-final,problem-24,sha256:da5e2129ac6eb31efb9c60f4456bf6a53cf0c9c972c82515c6421612ad91b98c,gpt-5.6-sol-off,short-trace-final,all-arms,dynamic,Omega_hat_NativeTrace,682729,0
dynamic::gpt-5.6-sol-off::all-arms::Omega_hat_NativeTrace,gpt-5.6-sol-off::problem-25/inside-loop-state,problem-25,sha256:5e34e564ebcb950511aeb4040311983a4e917c9f539fe9bf740740d04ff82754,gpt-5.6-sol-off,inside-loop-state,all-arms,dynamic,Omega_hat_NativeTrace,953509,0
dynamic::gpt-5.6-sol-off::all-arms::Omega_hat_NativeTrace,gpt-5.6-sol-off::problem-25/post-loop-state,problem-25,sha256:75b110f0259dbaad71e4a3448a19097ec57bdd629d5281f6767d6860812b4c19,gpt-5.6-sol-off,post-loop-state,all-arms,dynamic,Omega_hat_NativeTrace,1099416,0
dynamic::gpt-5.6-sol-off::all-arms::Omega_hat_NativeTrace,gpt-5.6-sol-off::problem-25/short-trace-final,problem-25,sha256:a40a9795cb938fde800d3c6170d0c04fa0258cbef4e26485156c279ea570a1c9,gpt-5.6-sol-off,short-trace-final,all-arms,dynamic,Omega_hat_NativeTrace,682450,0
dynamic::gpt-5.6-sol-off::all-arms::Omega_hat_NativeTrace,gpt-5.6-sol-off::problem-25/long-trace-final,problem-25,sha256:ea555a40d3f155ff207893e7327866c923e56b4bcc853fbea3e3ec27d9a3e419,gpt-5.6-sol-off,long-trace-final,all-arms,dynamic,Omega_hat_NativeTrace,1128410,0
dynamic::gpt-5.6-sol-off::all-arms::Omega_hat_NativeTrace,gpt-5.6-sol-off::problem-26/post-loop-state,problem-26,sha256:09ad9f965884b1ca88246bf427ed30c073b3774cda0e3f8b1ba5fcb8a52876f0,gpt-5.6-sol-off,post-loop-state,all-arms,dynamic,Omega_hat_NativeTrace,1084392,0
dynamic::gpt-5.6-sol-off::all-arms::Omega_hat_NativeTrace,gpt-5.6-sol-off::problem-26/long-trace-final,problem-26,sha256:8a0a9d72ece310a0393e6f8cd6161daa9fc85ca793d8f7a5effe7867b7b3610e,gpt-5.6-sol-off,long-trace-final,all-arms,dynamic,Omega_hat_NativeTrace,1113386,0
dynamic::gpt-5.6-sol-off::all-arms::Omega_hat_NativeTrace,gpt-5.6-sol-off::problem-26/short-trace-final,problem-26,sha256:d366caa8929075d65d1d7b7db9700b9131f161a1ac0faff603b289cf7c5bce85,gpt-5.6-sol-off,short-trace-final,all-arms,dynamic,Omega_hat_NativeTrace,664411,0
dynamic::gpt-5.6-sol-off::all-arms::Omega_hat_NativeTrace,gpt-5.6-sol-off::problem-26/inside-loop-state,problem-26,sha256:f9a0bdb83416f8938c7ae733c1f802841b3746ef0e2c9c69f4dfcd271e42f429,gpt-5.6-sol-off,inside-loop-state,all-arms,dynamic,Omega_hat_NativeTrace,933361,0
dynamic::gpt-5.6-sol-off::all-arms::Omega_hat_NativeTrace,gpt-5.6-sol-off::problem-27/long-trace-final,problem-27,sha256:1d4d6eaa0d724ed2eabbd6de906e694e29956478548df760cda79767a3d420aa,gpt-5.6-sol-off,long-trace-final,all-arms,dynamic,Omega_hat_NativeTrace,1134258,0
dynamic::gpt-5.6-sol-off::all-arms::Omega_hat_NativeTrace,gpt-5.6-sol-off::problem-27/short-trace-final,problem-27,sha256:ac06f4eaa7953cf90f5b0f2b52580f1e113358761701f25264564a9119eed893,gpt-5.6-sol-off,short-trace-final,all-arms,dynamic,Omega_hat_NativeTrace,668322,0
dynamic::gpt-5.6-sol-off::all-arms::Omega_hat_NativeTrace,gpt-5.6-sol-off::problem-27/inside-loop-state,problem-27,sha256:e8a7fd6ede3a54a7a6c46ba71aa8095c7036f8a67282fd35936d92bd03911640,gpt-5.6-sol-off,inside-loop-state,all-arms,dynamic,Omega_hat_NativeTrace,956840,0
dynamic::gpt-5.6-sol-off::all-arms::Omega_hat_NativeTrace,gpt-5.6-sol-off::problem-27/post-loop-state,problem-27,sha256:ec560b955bdd3cfdd9c93d7e5e9dec52b80d640de2b6aef03d7e59ab46ae487f,gpt-5.6-sol-off,post-loop-state,all-arms,dynamic,Omega_hat_NativeTrace,1105264,0
dynamic::gpt-5.6-sol-off::all-arms::Omega_hat_NativeTrace,gpt-5.6-sol-off::problem-28/inside-loop-state,problem-28,sha256:8e7497c27f25952db2771db8b7d65a445fec890474e0eaf363433912b4448d98,gpt-5.6-sol-off,inside-loop-state,all-arms,dynamic,Omega_hat_NativeTrace,968151,0
dynamic::gpt-5.6-sol-off::all-arms::Omega_hat_NativeTrace,gpt-5.6-sol-off::problem-28/short-trace-final,problem-28,sha256:e48fd34b81d40474be4f17f911d0be54f3f4d0dcb7dcf485fbc4396c61acb108,gpt-5.6-sol-off,short-trace-final,all-arms,dynamic,Omega_hat_NativeTrace,714229,0
dynamic::gpt-5.6-sol-off::all-arms::Omega_hat_NativeTrace,gpt-5.6-sol-off::problem-28/long-trace-final,problem-28,sha256:eac890193eab32fcb83a9b96b1975d2ec0850ff443479a8e9fc22322b0fef1a3,gpt-5.6-sol-off,long-trace-final,all-arms,dynamic,Omega_hat_NativeTrace,1202298,0
dynamic::gpt-5.6-sol-off::all-arms::Omega_hat_NativeTrace,gpt-5.6-sol-off::problem-28/post-loop-state,problem-28,sha256:eb32ac1b648907af496e87af77869c7d270abcf1a78e35194aff1abc7aad9814,gpt-5.6-sol-off,post-loop-state,all-arms,dynamic,Omega_hat_NativeTrace,1173304,0
dynamic::gpt-5.6-sol-off::all-arms::Omega_hat_NativeTrace,gpt-5.6-sol-off::problem-29/post-loop-state,problem-29,sha256:266a35b82d6b7b97b632edbdec2e61ad18b6191c9dc4722cceec06e6f7cf3e7b,gpt-5.6-sol-off,post-loop-state,all-arms,dynamic,Omega_hat_NativeTrace,1154018,0
dynamic::gpt-5.6-sol-off::all-arms::Omega_hat_NativeTrace,gpt-5.6-sol-off::problem-29/short-trace-final,problem-29,sha256:4ecced26b7df8a9b75c98baa33550ead17ba2313bbb605c2d1cb7baa2e29a52e,gpt-5.6-sol-off,short-trace-final,all-arms,dynamic,Omega_hat_NativeTrace,699583,0
dynamic::gpt-5.6-sol-off::all-arms::Omega_hat_NativeTrace,gpt-5.6-sol-off::problem-29/inside-loop-state,problem-29,sha256:6055ac1e5575ce92574c3669a2a3eb367092c36fb132bfce0cca3260851140e2,gpt-5.6-sol-off,inside-loop-state,all-arms,dynamic,Omega_hat_NativeTrace,975089,0
dynamic::gpt-5.6-sol-off::all-arms::Omega_hat_NativeTrace,gpt-5.6-sol-off::problem-29/long-trace-final,problem-29,sha256:dafab6181d512ecf0c71e74b5f580d6000813124811287d4fc852c2b145c4d20,gpt-5.6-sol-off,long-trace-final,all-arms,dynamic,Omega_hat_NativeTrace,1183012,0
dynamic::gpt-5.6-sol-off::all-arms::Omega_hat_NativeTrace,gpt-5.6-sol-off::problem-30/inside-loop-state,problem-30,sha256:4956e45be9ac9fea2c36667b16c62bb1d6f435004d42c4e4b3b34a6a2de2fa26,gpt-5.6-sol-off,inside-loop-state,all-arms,dynamic,Omega_hat_NativeTrace,981391,0
dynamic::gpt-5.6-sol-off::all-arms::Omega_hat_NativeTrace,gpt-5.6-sol-off::problem-30/short-trace-final,problem-30,sha256:84ea88c1bf723ea51c2ae8d1c8fe25aa5d3dc5be93e0882e4f0cf0be0e4137bb,gpt-5.6-sol-off,short-trace-final,all-arms,dynamic,Omega_hat_NativeTrace,635734,0
dynamic::gpt-5.6-sol-off::all-arms::Omega_hat_NativeTrace,gpt-5.6-sol-off::problem-30/long-trace-final,problem-30,sha256:c2098a098a924cecff89d4a804a7f8d840ecd0538821c278601a32140bcca3f8,gpt-5.6-sol-off,long-trace-final,all-arms,dynamic,Omega_hat_NativeTrace,1138793,0
dynamic::gpt-5.6-sol-off::all-arms::Omega_hat_NativeTrace,gpt-5.6-sol-off::problem-30/post-loop-state,problem-30,sha256:e69e021f535c9d0fc24b0101f47f65371d3832409890cf0484859bf2d6e98e0b,gpt-5.6-sol-off,post-loop-state,all-arms,dynamic,Omega_hat_NativeTrace,1109799,0
dynamic::gpt-5.6-sol-off::all-arms::Omega_hat_StateLoad,gpt-5.6-sol-off::problem-01/inside-loop-state,problem-01,sha256:0547b42885dc201376fb93765a3c7da6c077a0338c243dcae8c262108a061af1,gpt-5.6-sol-off,inside-loop-state,all-arms,dynamic,Omega_hat_StateLoad,86579700,0
dynamic::gpt-5.6-sol-off::all-arms::Omega_hat_StateLoad,gpt-5.6-sol-off::problem-01/long-trace-final,problem-01,sha256:56d9affe274f136e1933852e8f797cfb86ea3bed95c016b04556b2c4ca152b2c,gpt-5.6-sol-off,long-trace-final,all-arms,dynamic,Omega_hat_StateLoad,106548777,0
dynamic::gpt-5.6-sol-off::all-arms::Omega_hat_StateLoad,gpt-5.6-sol-off::problem-01/short-trace-final,problem-01,sha256:73ad8aafe6d235df156f603343f220d5bf0bf095034c7c09e4647aec6b75183c,gpt-5.6-sol-off,short-trace-final,all-arms,dynamic,Omega_hat_StateLoad,41566773,0
dynamic::gpt-5.6-sol-off::all-arms::Omega_hat_StateLoad,gpt-5.6-sol-off::problem-01/post-loop-state,problem-01,sha256:8c394bb669c6429a6cc8371df442ba1284632f5fd03fcf20b87ec42c6b002666,gpt-5.6-sol-off,post-loop-state,all-arms,dynamic,Omega_hat_StateLoad,104083011,0
dynamic::gpt-5.6-sol-off::all-arms::Omega_hat_StateLoad,gpt-5.6-sol-off::problem-02/long-trace-final,problem-02,sha256:2c6c086992c204f9156a73eca1a86fe4ad8b4777c9b50ca69f44efa3a0ec804d,gpt-5.6-sol-off,long-trace-final,all-arms,dynamic,Omega_hat_StateLoad,106084790,0
dynamic::gpt-5.6-sol-off::all-arms::Omega_hat_StateLoad,gpt-5.6-sol-off::problem-02/inside-loop-state,problem-02,sha256:43ea44d05f37e33633d2f43ad399b115c3066c018f15acef6f477c034fdda927,gpt-5.6-sol-off,inside-loop-state,all-arms,dynamic,Omega_hat_StateLoad,86252989,0
dynamic::gpt-5.6-sol-off::all-arms::Omega_hat_StateLoad,gpt-5.6-sol-off::problem-02/post-loop-state,problem-02,sha256:ba7d1febfb83991899883c292120818d9f29e3dd565ec4a93b6368650d9b3d8b,gpt-5.6-sol-off,post-loop-state,all-arms,dynamic,Omega_hat_StateLoad,103617741,0
dynamic::gpt-5.6-sol-off::all-arms::Omega_hat_StateLoad,gpt-5.6-sol-off::problem-02/short-trace-final,problem-02,sha256:c045cedad0407af52c2d7faa26f00e6fb48605031adc73be301bb6ee469d0a00,gpt-5.6-sol-off,short-trace-final,all-arms,dynamic,Omega_hat_StateLoad,49548623,0
dynamic::gpt-5.6-sol-off::all-arms::Omega_hat_StateLoad,gpt-5.6-sol-off::problem-03/post-loop-state,problem-03,sha256:2acfa20a7ee16e7c373ae0cf23d876f6106fe1856336ee95352a6619b1420010,gpt-5.6-sol-off,post-loop-state,all-arms,dynamic,Omega_hat_StateLoad,101288087,0
dynamic::gpt-5.6-sol-off::all-arms::Omega_hat_StateLoad,gpt-5.6-sol-off::problem-03/inside-loop-state,problem-03,sha256:587d5ad47aee9baac51abb2d6ac720bc8b29f8e6c6f98e2e7066bb6d8bac30a1,gpt-5.6-sol-off,inside-loop-state,all-arms,dynamic,Omega_hat_StateLoad,86715276,0
dynamic::gpt-5.6-sol-off::all-arms::Omega_hat_StateLoad,gpt-5.6-sol-off::problem-03/long-trace-final,problem-03,sha256:5cd8a44109e568c902e2d582d4448650c2d4a64ee9ae4e391cf17a60348468b4,gpt-5.6-sol-off,long-trace-final,all-arms,dynamic,Omega_hat_StateLoad,103766078,0
dynamic::gpt-5.6-sol-off::all-arms::Omega_hat_StateLoad,gpt-5.6-sol-off::problem-03/short-trace-final,problem-03,sha256:de9b7f7e58c8ec2d2f824891cdd79a1b094a45ac4742558225294573439b316d,gpt-5.6-sol-off,short-trace-final,all-arms,dynamic,Omega_hat_StateLoad,42074911,0
dynamic::gpt-5.6-sol-off::all-arms::Omega_hat_StateLoad,gpt-5.6-sol-off::problem-04/short-trace-final,problem-04,sha256:05aae40bc36e0df65171215e791c8e10e79babb0960ce78b876515d48b8accae,gpt-5.6-sol-off,short-trace-final,all-arms,dynamic,Omega_hat_StateLoad,46566564,0
dynamic::gpt-5.6-sol-off::all-arms::Omega_hat_StateLoad,gpt-5.6-sol-off::problem-04/long-trace-final,problem-04,sha256:7ad230089b4b878cee95f70563245eea351dea877118fcf8a597be6bd90d14f5,gpt-5.6-sol-off,long-trace-final,all-arms,dynamic,Omega_hat_StateLoad,110780630,0
dynamic::gpt-5.6-sol-off::all-arms::Omega_hat_StateLoad,gpt-5.6-sol-off::problem-04/post-loop-state,problem-04,sha256:94ab1f7d2732d7ff5cef895f5b77e7fd081702b993a6eb7d3d5c505592cefb21,gpt-5.6-sol-off,post-loop-state,all-arms,dynamic,Omega_hat_StateLoad,108335276,0
dynamic::gpt-5.6-sol-off::all-arms::Omega_hat_StateLoad,gpt-5.6-sol-off::problem-04/inside-loop-state,problem-04,sha256:9aaa594325de39aafc50a9d96c539f0c1166bd50a8eff8c49c14c84270c4ff59,gpt-5.6-sol-off,inside-loop-state,all-arms,dynamic,Omega_hat_StateLoad,90997601,0
dynamic::gpt-5.6-sol-off::all-arms::Omega_hat_StateLoad,gpt-5.6-sol-off::problem-05/post-loop-state,problem-05,sha256:0f684ff85de199f8f7c7ffc32375f9b9e62fa5827fcecce50fb5d60bca08e280,gpt-5.6-sol-off,post-loop-state,all-arms,dynamic,Omega_hat_StateLoad,106867870,0
dynamic::gpt-5.6-sol-off::all-arms::Omega_hat_StateLoad,gpt-5.6-sol-off::problem-05/long-trace-final,problem-05,sha256:5a4822c8f4e084302eeecb07be76313448d56e02db866843273cfa2a79ca9b73,gpt-5.6-sol-off,long-trace-final,all-arms,dynamic,Omega_hat_StateLoad,109339766,0
dynamic::gpt-5.6-sol-off::all-arms::Omega_hat_StateLoad,gpt-5.6-sol-off::problem-05/short-trace-final,problem-05,sha256:9f6345f351d6266c0c09238729ff08378ce70e23ac0267c2e41f067733d6f579,gpt-5.6-sol-off,short-trace-final,all-arms,dynamic,Omega_hat_StateLoad,42108814,0
dynamic::gpt-5.6-sol-off::all-arms::Omega_hat_StateLoad,gpt-5.6-sol-off::problem-05/inside-loop-state,problem-05,sha256:e22303dc39b5dd7a5cac47da11bd364b0897fb8d8d9099162d7706552f9fa372,gpt-5.6-sol-off,inside-loop-state,all-arms,dynamic,Omega_hat_StateLoad,91831012,0
dynamic::gpt-5.6-sol-off::all-arms::Omega_hat_StateLoad,gpt-5.6-sol-off::problem-06/long-trace-final,problem-06,sha256:061a7cf51e116aa318d53740cdc4d580b6c9767f126c91061a484987b96cd0c7,gpt-5.6-sol-off,long-trace-final,all-arms,dynamic,Omega_hat_StateLoad,105001210,0
dynamic::gpt-5.6-sol-off::all-arms::Omega_hat_StateLoad,gpt-5.6-sol-off::problem-06/post-loop-state,problem-06,sha256:2c10823e77f28c1bd27318dfe6f1918fbe52e06174725d89f5e5d33bd0bd5510,gpt-5.6-sol-off,post-loop-state,all-arms,dynamic,Omega_hat_StateLoad,102534063,0
dynamic::gpt-5.6-sol-off::all-arms::Omega_hat_StateLoad,gpt-5.6-sol-off::problem-06/short-trace-final,problem-06,sha256:6a88d2c05b775fcb748a8354a26e9d76a3a40fbeb4478fdc3ede8d3a216d580f,gpt-5.6-sol-off,short-trace-final,all-arms,dynamic,Omega_hat_StateLoad,42285721,0
dynamic::gpt-5.6-sol-off::all-arms::Omega_hat_StateLoad,gpt-5.6-sol-off::problem-06/inside-loop-state,problem-06,sha256:cd00c1a7e81437959f3f7ae75d1cd3869cff5bb6980eec8d78e39979ad3c2a27,gpt-5.6-sol-off,inside-loop-state,all-arms,dynamic,Omega_hat_StateLoad,84465390,0
dynamic::gpt-5.6-sol-off::all-arms::Omega_hat_StateLoad,gpt-5.6-sol-off::problem-07/long-trace-final,problem-07,sha256:0038af217dac3eb4ec50de238581737dacd10f0887c0b2b7bf8c89208e6efac5,gpt-5.6-sol-off,long-trace-final,all-arms,dynamic,Omega_hat_StateLoad,107196992,0
dynamic::gpt-5.6-sol-off::all-arms::Omega_hat_StateLoad,gpt-5.6-sol-off::problem-07/inside-loop-state,problem-07,sha256:3f021ab7fd773d4b5707b65f0ddba29e4e2f31918c7ad194865bdfdb2cc2fc23,gpt-5.6-sol-off,inside-loop-state,all-arms,dynamic,Omega_hat_StateLoad,92647385,0
dynamic::gpt-5.6-sol-off::all-arms::Omega_hat_StateLoad,gpt-5.6-sol-off::problem-07/post-loop-state,problem-07,sha256:9e457d18bfaac327399393fdb975773303e803b2fd677d4bd2e6b7cd4ddc624c,gpt-5.6-sol-off,post-loop-state,all-arms,dynamic,Omega_hat_StateLoad,104730191,0
dynamic::gpt-5.6-sol-off::all-arms::Omega_hat_StateLoad,gpt-5.6-sol-off::problem-07/short-trace-final,problem-07,sha256:a804134b8daa3d73abbebef8e0e40694e39211ed7153b6ad7591756fe33cd167,gpt-5.6-sol-off,short-trace-final,all-arms,dynamic,Omega_hat_StateLoad,45837857,0
dynamic::gpt-5.6-sol-off::all-arms::Omega_hat_StateLoad,gpt-5.6-sol-off::problem-08/inside-loop-state,problem-08,sha256:7064354a09226b66ebb7194c3454eab73c7a5d95fb26e79e1817e12584f3f310,gpt-5.6-sol-off,inside-loop-state,all-arms,dynamic,Omega_hat_StateLoad,86637479,0
dynamic::gpt-5.6-sol-off::all-arms::Omega_hat_StateLoad,gpt-5.6-sol-off::problem-08/short-trace-final,problem-08,sha256:a7da9f82ea01769a6b8a112317eee4c6cc1f6de1fd6fdd14a5537d4ac9c80a0f,gpt-5.6-sol-off,short-trace-final,all-arms,dynamic,Omega_hat_StateLoad,40757471,0
dynamic::gpt-5.6-sol-off::all-arms::Omega_hat_StateLoad,gpt-5.6-sol-off::problem-08/post-loop-state,problem-08,sha256:e32673ca942baf21e1de8014e35df297a78a6d254c419164d155a8af936e67b4,gpt-5.6-sol-off,post-loop-state,all-arms,dynamic,Omega_hat_StateLoad,98048888,0
dynamic::gpt-5.6-sol-off::all-arms::Omega_hat_StateLoad,gpt-5.6-sol-off::problem-08/long-trace-final,problem-08,sha256:f4f4c04290dfd1722493e9d5e7c6c040d58b8f4f1f2ea1ffd0972f45a5893717,gpt-5.6-sol-off,long-trace-final,all-arms,dynamic,Omega_hat_StateLoad,100512495,0
dynamic::gpt-5.6-sol-off::all-arms::Omega_hat_StateLoad,gpt-5.6-sol-off::problem-09/short-trace-final,problem-09,sha256:1f2e9f2d169b17ceb6021bac59f884fc4c71697048d44bcde003919a30c6bc01,gpt-5.6-sol-off,short-trace-final,all-arms,dynamic,Omega_hat_StateLoad,47997571,0
dynamic::gpt-5.6-sol-off::all-arms::Omega_hat_StateLoad,gpt-5.6-sol-off::problem-09/inside-loop-state,problem-09,sha256:221039cb3147683b097b9a9e97cbc35a8b09ba4e290f73be9b1bca308fd93ce3,gpt-5.6-sol-off,inside-loop-state,all-arms,dynamic,Omega_hat_StateLoad,88571383,0
dynamic::gpt-5.6-sol-off::all-arms::Omega_hat_StateLoad,gpt-5.6-sol-off::problem-09/post-loop-state,problem-09,sha256:2c9d501dc7cc0a1d91e2d7340569ca0ba384bdb40034069641418df06a065b02,gpt-5.6-sol-off,post-loop-state,all-arms,dynamic,Omega_hat_StateLoad,109696931,0
dynamic::gpt-5.6-sol-off::all-arms::Omega_hat_StateLoad,gpt-5.6-sol-off::problem-09/long-trace-final,problem-09,sha256:d5594fe452f9751f9e5a7096c8f016b17a3d1be5849b3882dd8846f268197c8d,gpt-5.6-sol-off,long-trace-final,all-arms,dynamic,Omega_hat_StateLoad,112165358,0
dynamic::gpt-5.6-sol-off::all-arms::Omega_hat_StateLoad,gpt-5.6-sol-off::problem-10/inside-loop-state,problem-10,sha256:4bfd0a8e336edf6d47adfddd74897b9784181700d614c66dab4d21903a7797cb,gpt-5.6-sol-off,inside-loop-state,all-arms,dynamic,Omega_hat_StateLoad,87339701,0
dynamic::gpt-5.6-sol-off::all-arms::Omega_hat_StateLoad,gpt-5.6-sol-off::problem-10/short-trace-final,problem-10,sha256:68a7353ba44980aa7c94507c7d2506366b7e1a6d3a9840cec0ba3fd243bb86ef,gpt-5.6-sol-off,short-trace-final,all-arms,dynamic,Omega_hat_StateLoad,47569262,0
dynamic::gpt-5.6-sol-off::all-arms::Omega_hat_StateLoad,gpt-5.6-sol-off::problem-10/post-loop-state,problem-10,sha256:6d34f6c50beb59b579b867aa64417c1f8e212aca0c7dba85a4f8d73ad6395e15,gpt-5.6-sol-off,post-loop-state,all-arms,dynamic,Omega_hat_StateLoad,104128226,0
dynamic::gpt-5.6-sol-off::all-arms::Omega_hat_StateLoad,gpt-5.6-sol-off::problem-10/long-trace-final,problem-10,sha256:b9350571c682c8ce1a385a3827b09b6195b6b0de80c103fe5638970bd0396907,gpt-5.6-sol-off,long-trace-final,all-arms,dynamic,Omega_hat_StateLoad,106586617,0
dynamic::gpt-5.6-sol-off::all-arms::Omega_hat_StateLoad,gpt-5.6-sol-off::problem-11/short-trace-final,problem-11,sha256:26270b738997e89a812774051cc9205ec744eed12d5397ba27730fd1f3616545,gpt-5.6-sol-off,short-trace-final,all-arms,dynamic,Omega_hat_StateLoad,249445643,0
dynamic::gpt-5.6-sol-off::all-arms::Omega_hat_StateLoad,gpt-5.6-sol-off::problem-11/long-trace-final,problem-11,sha256:37449d8e8c91c57d5e2c5704a43fc22c0bd0599b769db5d859947f119c59900a,gpt-5.6-sol-off,long-trace-final,all-arms,dynamic,Omega_hat_StateLoad,444084450,0
dynamic::gpt-5.6-sol-off::all-arms::Omega_hat_StateLoad,gpt-5.6-sol-off::problem-11/post-loop-state,problem-11,sha256:89cf19a5769900427442f00c16f675ef52b8c60cb6f502a5e54dafd29cbaa7b3,gpt-5.6-sol-off,post-loop-state,all-arms,dynamic,Omega_hat_StateLoad,435321587,0
dynamic::gpt-5.6-sol-off::all-arms::Omega_hat_StateLoad,gpt-5.6-sol-off::problem-11/inside-loop-state,problem-11,sha256:9e616055a8b294cc727870ca9d00854bfd4625609bfaf8f7f208f2affda4e187,gpt-5.6-sol-off,inside-loop-state,all-arms,dynamic,Omega_hat_StateLoad,368909967,0
dynamic::gpt-5.6-sol-off::all-arms::Omega_hat_StateLoad,gpt-5.6-sol-off::problem-12/inside-loop-state,problem-12,sha256:7b5df0851254363517f3ded42cf7a385fa51a85dd64743e6e008669e0faf5b82,gpt-5.6-sol-off,inside-loop-state,all-arms,dynamic,Omega_hat_StateLoad,373082051,0
dynamic::gpt-5.6-sol-off::all-arms::Omega_hat_StateLoad,gpt-5.6-sol-off::problem-12/short-trace-final,problem-12,sha256:85aa9c8d83f90f5ce7ad3cbf050a51a8d8f6994499cd2159cb23a7ea82b1849e,gpt-5.6-sol-off,short-trace-final,all-arms,dynamic,Omega_hat_StateLoad,241014984,0
dynamic::gpt-5.6-sol-off::all-arms::Omega_hat_StateLoad,gpt-5.6-sol-off::problem-12/post-loop-state,problem-12,sha256:958460d7ecf7621b9ecf5669fda846e1d9c0a7b4b399190aeed32c7df8b0699e,gpt-5.6-sol-off,post-loop-state,all-arms,dynamic,Omega_hat_StateLoad,424195504,0
dynamic::gpt-5.6-sol-off::all-arms::Omega_hat_StateLoad,gpt-5.6-sol-off::problem-12/long-trace-final,problem-12,sha256:bbf72f7493684d660693adfc81bbd175088f4b46afda09d4b298512c72508c1b,gpt-5.6-sol-off,long-trace-final,all-arms,dynamic,Omega_hat_StateLoad,432951324,0
dynamic::gpt-5.6-sol-off::all-arms::Omega_hat_StateLoad,gpt-5.6-sol-off::problem-13/inside-loop-state,problem-13,sha256:2b247ce5916acd9195152fced59de2ae563f4cbdd37bfd795074e5f2ec115251,gpt-5.6-sol-off,inside-loop-state,all-arms,dynamic,Omega_hat_StateLoad,383128645,0
dynamic::gpt-5.6-sol-off::all-arms::Omega_hat_StateLoad,gpt-5.6-sol-off::problem-13/post-loop-state,problem-13,sha256:5c4433c9aa1b024d200559d67bbc7d578a21c39d10fb03ce2c6a5caae255993f,gpt-5.6-sol-off,post-loop-state,all-arms,dynamic,Omega_hat_StateLoad,481716808,0
dynamic::gpt-5.6-sol-off::all-arms::Omega_hat_StateLoad,gpt-5.6-sol-off::problem-13/short-trace-final,problem-13,sha256:eccc604db1d5cc06fe2c28b2456d93ecb100590e01fd6ce576ad76161a08aada,gpt-5.6-sol-off,short-trace-final,all-arms,dynamic,Omega_hat_StateLoad,235146035,0
dynamic::gpt-5.6-sol-off::all-arms::Omega_hat_StateLoad,gpt-5.6-sol-off::problem-13/long-trace-final,problem-13,sha256:fc03a1fd966e3a60af4264cb997a959b0d3d39ccb2cc7f6636f0659db36c1fcf,gpt-5.6-sol-off,long-trace-final,all-arms,dynamic,Omega_hat_StateLoad,490517655,0
dynamic::gpt-5.6-sol-off::all-arms::Omega_hat_StateLoad,gpt-5.6-sol-off::problem-14/short-trace-final,problem-14,sha256:929856d52b4d3a50a8d477f065732fc3ff381b1ec26dfd9672f1bb3e81b9112e,gpt-5.6-sol-off,short-trace-final,all-arms,dynamic,Omega_hat_StateLoad,229471960,0
dynamic::gpt-5.6-sol-off::all-arms::Omega_hat_StateLoad,gpt-5.6-sol-off::problem-14/post-loop-state,problem-14,sha256:a428733484eb9e4568dc0f1944310d728394aa7a5f597f21fad8a5f17c349a92,gpt-5.6-sol-off,post-loop-state,all-arms,dynamic,Omega_hat_StateLoad,445181821,0
dynamic::gpt-5.6-sol-off::all-arms::Omega_hat_StateLoad,gpt-5.6-sol-off::problem-14/inside-loop-state,problem-14,sha256:b92de04f170b8d7777731ffc17b0ef112672dde69764b2e2b4544f1cbbfd2775,gpt-5.6-sol-off,inside-loop-state,all-arms,dynamic,Omega_hat_StateLoad,361942611,0
dynamic::gpt-5.6-sol-off::all-arms::Omega_hat_StateLoad,gpt-5.6-sol-off::problem-14/long-trace-final,problem-14,sha256:e692c2f7963ddc6244570169d2564497fe9f12ef39e36f0f4f9f973b508f3616,gpt-5.6-sol-off,long-trace-final,all-arms,dynamic,Omega_hat_StateLoad,453984472,0
dynamic::gpt-5.6-sol-off::all-arms::Omega_hat_StateLoad,gpt-5.6-sol-off::problem-15/post-loop-state,problem-15,sha256:12301c45635de868f2a4e921222d940fcf33c2f6205d05fc21454266cfbc3061,gpt-5.6-sol-off,post-loop-state,all-arms,dynamic,Omega_hat_StateLoad,427703242,0
dynamic::gpt-5.6-sol-off::all-arms::Omega_hat_StateLoad,gpt-5.6-sol-off::problem-15/inside-loop-state,problem-15,sha256:50e103eb8654ee1640e95f86191fb481f0e07e0bd366e6b5ce47d20c0a200912,gpt-5.6-sol-off,inside-loop-state,all-arms,dynamic,Omega_hat_StateLoad,356915477,0
dynamic::gpt-5.6-sol-off::all-arms::Omega_hat_StateLoad,gpt-5.6-sol-off::problem-15/short-trace-final,problem-15,sha256:649f09230fe16bc947760c4387cd544c37fec8d49083a073371770fa5ae3e1d1,gpt-5.6-sol-off,short-trace-final,all-arms,dynamic,Omega_hat_StateLoad,223803302,0
dynamic::gpt-5.6-sol-off::all-arms::Omega_hat_StateLoad,gpt-5.6-sol-off::problem-15/long-trace-final,problem-15,sha256:8ab718d447d5782861bfa1a8a089a1b4a55c3c55b6ead5ff4abb068409ec1b6b,gpt-5.6-sol-off,long-trace-final,all-arms,dynamic,Omega_hat_StateLoad,436441041,0
dynamic::gpt-5.6-sol-off::all-arms::Omega_hat_StateLoad,gpt-5.6-sol-off::problem-16/short-trace-final,problem-16,sha256:64670fb8a7f19547ad0b0c7647c368cf26d355b1d2e0bedbf884079ff09d87fb,gpt-5.6-sol-off,short-trace-final,all-arms,dynamic,Omega_hat_StateLoad,228210805,0
dynamic::gpt-5.6-sol-off::all-arms::Omega_hat_StateLoad,gpt-5.6-sol-off::problem-16/post-loop-state,problem-16,sha256:8368e978d24c4b3ea18f7eb2ea99706b1e5473aa07f13c4bb3fe6fe619fee763,gpt-5.6-sol-off,post-loop-state,all-arms,dynamic,Omega_hat_StateLoad,412755169,0
dynamic::gpt-5.6-sol-off::all-arms::Omega_hat_StateLoad,gpt-5.6-sol-off::problem-16/long-trace-final,problem-16,sha256:a01be6f53c51de04e80ef9a1b56b33bd854ea547c3ab8fbf01dd1719b64424e2,gpt-5.6-sol-off,long-trace-final,all-arms,dynamic,Omega_hat_StateLoad,421537045,0
dynamic::gpt-5.6-sol-off::all-arms::Omega_hat_StateLoad,gpt-5.6-sol-off::problem-16/inside-loop-state,problem-16,sha256:e785fbb7c44714837a925d69b7a0b7764633037949cf8e2d8eee2ac7af673285,gpt-5.6-sol-off,inside-loop-state,all-arms,dynamic,Omega_hat_StateLoad,368180968,0
dynamic::gpt-5.6-sol-off::all-arms::Omega_hat_StateLoad,gpt-5.6-sol-off::problem-17/short-trace-final,problem-17,sha256:23bfd7217d9ba652a3156953e53db1b393d9093de1553e00151f9992835a6c12,gpt-5.6-sol-off,short-trace-final,all-arms,dynamic,Omega_hat_StateLoad,223229148,0
dynamic::gpt-5.6-sol-off::all-arms::Omega_hat_StateLoad,gpt-5.6-sol-off::problem-17/post-loop-state,problem-17,sha256:a71207cf0c9322ded7b4ad736d0eb7fe58ca15c45d6aad6ed8aa8f7de3eda7b2,gpt-5.6-sol-off,post-loop-state,all-arms,dynamic,Omega_hat_StateLoad,454871889,0
dynamic::gpt-5.6-sol-off::all-arms::Omega_hat_StateLoad,gpt-5.6-sol-off::problem-17/long-trace-final,problem-17,sha256:c1d6591d0bf5a1829058e47370a9ecca6ddf09033379e65669b82b28603cf1e2,gpt-5.6-sol-off,long-trace-final,all-arms,dynamic,Omega_hat_StateLoad,463649225,0
dynamic::gpt-5.6-sol-off::all-arms::Omega_hat_StateLoad,gpt-5.6-sol-off::problem-17/inside-loop-state,problem-17,sha256:ffbe22e9b9ecc46324d4d5b73a4a9fb9116281954ab9775b607d59ad2563ff75,gpt-5.6-sol-off,inside-loop-state,all-arms,dynamic,Omega_hat_StateLoad,383560235,0
dynamic::gpt-5.6-sol-off::all-arms::Omega_hat_StateLoad,gpt-5.6-sol-off::problem-18/long-trace-final,problem-18,sha256:3e1043702949a2334ffeb4aae795b5838059d006655a0bbf6798f0b6adeb085f,gpt-5.6-sol-off,long-trace-final,all-arms,dynamic,Omega_hat_StateLoad,428678521,0
dynamic::gpt-5.6-sol-off::all-arms::Omega_hat_StateLoad,gpt-5.6-sol-off::problem-18/short-trace-final,problem-18,sha256:55ce2dca47dbe112e5ff867e7e8bfbd2311a4010bf0497e1f33d5e2d3b6b309d,gpt-5.6-sol-off,short-trace-final,all-arms,dynamic,Omega_hat_StateLoad,218821560,0
dynamic::gpt-5.6-sol-off::all-arms::Omega_hat_StateLoad,gpt-5.6-sol-off::problem-18/inside-loop-state,problem-18,sha256:d9fde9c0b10033b45350be818f38a02f7530deefc277daf7ca51e91be628bf0d,gpt-5.6-sol-off,inside-loop-state,all-arms,dynamic,Omega_hat_StateLoad,371614735,0
dynamic::gpt-5.6-sol-off::all-arms::Omega_hat_StateLoad,gpt-5.6-sol-off::problem-18/post-loop-state,problem-18,sha256:ec5ffe88fa32f58a281e2a9be9970228c8f780ce294441e0d8ca083c44ab7cb9,gpt-5.6-sol-off,post-loop-state,all-arms,dynamic,Omega_hat_StateLoad,419932136,0
dynamic::gpt-5.6-sol-off::all-arms::Omega_hat_StateLoad,gpt-5.6-sol-off::problem-19/long-trace-final,problem-19,sha256:48814bea3c8f1e5cd1614a147556846e339503cb69e0803c858796e6f058c6eb,gpt-5.6-sol-off,long-trace-final,all-arms,dynamic,Omega_hat_StateLoad,479650352,0
dynamic::gpt-5.6-sol-off::all-arms::Omega_hat_StateLoad,gpt-5.6-sol-off::problem-19/post-loop-state,problem-19,sha256:67005c3e5fba330dd029ce911161dd9d7c281181ffdda26a6c04f791843ce5b0,gpt-5.6-sol-off,post-loop-state,all-arms,dynamic,Omega_hat_StateLoad,470831132,0
dynamic::gpt-5.6-sol-off::all-arms::Omega_hat_StateLoad,gpt-5.6-sol-off::problem-19/inside-loop-state,problem-19,sha256:7c4063bd0e506396a919ac229901d3779224482c2f0a86685fac407a77181b08,gpt-5.6-sol-off,inside-loop-state,all-arms,dynamic,Omega_hat_StateLoad,377812973,0
dynamic::gpt-5.6-sol-off::all-arms::Omega_hat_StateLoad,gpt-5.6-sol-off::problem-19/short-trace-final,problem-19,sha256:e573b78b30a2d6877c5e647ea6ef1ebbe778918dafdef3ce3ca1ef425adf4aae,gpt-5.6-sol-off,short-trace-final,all-arms,dynamic,Omega_hat_StateLoad,264764292,0
dynamic::gpt-5.6-sol-off::all-arms::Omega_hat_StateLoad,gpt-5.6-sol-off::problem-20/post-loop-state,problem-20,sha256:18ed8611483fb7761108ab3d6d83b912b08a4b16125c798ed34fc0e54d1d0305,gpt-5.6-sol-off,post-loop-state,all-arms,dynamic,Omega_hat_StateLoad,433057980,0
dynamic::gpt-5.6-sol-off::all-arms::Omega_hat_StateLoad,gpt-5.6-sol-off::problem-20/short-trace-final,problem-20,sha256:9e0c8296a9f0717b3ada2dc70705058a39ba1d561df45643b9a79d3f62c7ee4f,gpt-5.6-sol-off,short-trace-final,all-arms,dynamic,Omega_hat_StateLoad,225373297,0
dynamic::gpt-5.6-sol-off::all-arms::Omega_hat_StateLoad,gpt-5.6-sol-off::problem-20/inside-loop-state,problem-20,sha256:bd5bcbf1a9fbe0d7ec617f2eb09018adffc1493412d300f645de5abb9bb358e1,gpt-5.6-sol-off,inside-loop-state,all-arms,dynamic,Omega_hat_StateLoad,367739149,0
dynamic::gpt-5.6-sol-off::all-arms::Omega_hat_StateLoad,gpt-5.6-sol-off::problem-20/long-trace-final,problem-20,sha256:cfdd0f3fcdabe8556447869245ebb13768cf9520d32294331ed86a2fcdda934e,gpt-5.6-sol-off,long-trace-final,all-arms,dynamic,Omega_hat_StateLoad,441795364,0
dynamic::gpt-5.6-sol-off::all-arms::Omega_hat_StateLoad,gpt-5.6-sol-off::problem-21/inside-loop-state,problem-21,sha256:6b893d1fe6186f33bb87627c625c620c60c23d16b1eb380e5428287d7bcd173b,gpt-5.6-sol-off,inside-loop-state,all-arms,dynamic,Omega_hat_StateLoad,1387445444,0
dynamic::gpt-5.6-sol-off::all-arms::Omega_hat_StateLoad,gpt-5.6-sol-off::problem-21/long-trace-final,problem-21,sha256:abae68d8201478b8273623d6f31c7f95f798e23c59176c1c030258097c23bc2a,gpt-5.6-sol-off,long-trace-final,all-arms,dynamic,Omega_hat_StateLoad,1658937208,0
dynamic::gpt-5.6-sol-off::all-arms::Omega_hat_StateLoad,gpt-5.6-sol-off::problem-21/post-loop-state,problem-21,sha256:b1ba4c145bc3491180d71e43456f0de195530e4eda327d97e480319644d54468,gpt-5.6-sol-off,post-loop-state,all-arms,dynamic,Omega_hat_StateLoad,1630988145,0
dynamic::gpt-5.6-sol-off::all-arms::Omega_hat_StateLoad,gpt-5.6-sol-off::problem-21/short-trace-final,problem-21,sha256:c08e9d12f0c628db74c80e296b9aeaa44f2ff442479546e4521c875bc621edcf,gpt-5.6-sol-off,short-trace-final,all-arms,dynamic,Omega_hat_StateLoad,1004305853,0
dynamic::gpt-5.6-sol-off::all-arms::Omega_hat_StateLoad,gpt-5.6-sol-off::problem-22/post-loop-state,problem-22,sha256:642b405db89f31906ffda3368213a2dea48b194489eef14859eba92a495738dc,gpt-5.6-sol-off,post-loop-state,all-arms,dynamic,Omega_hat_StateLoad,1665467754,0
dynamic::gpt-5.6-sol-off::all-arms::Omega_hat_StateLoad,gpt-5.6-sol-off::problem-22/inside-loop-state,problem-22,sha256:895a3e331a4a70e78f11ec4c30afb51f9695d33bfe2745487c604118a27dc196,gpt-5.6-sol-off,inside-loop-state,all-arms,dynamic,Omega_hat_StateLoad,1441450912,0
dynamic::gpt-5.6-sol-off::all-arms::Omega_hat_StateLoad,gpt-5.6-sol-off::problem-22/short-trace-final,problem-22,sha256:bdfb4ea940fcc763a5c0367908bb8a2418611ecbf44f222ddd6008ab05066e5a,gpt-5.6-sol-off,short-trace-final,all-arms,dynamic,Omega_hat_StateLoad,995709142,0
dynamic::gpt-5.6-sol-off::all-arms::Omega_hat_StateLoad,gpt-5.6-sol-off::problem-22/long-trace-final,problem-22,sha256:d095f6706999a481b592168652c7c699ef339254946149818a5f8ab337c7f262,gpt-5.6-sol-off,long-trace-final,all-arms,dynamic,Omega_hat_StateLoad,1693333624,0
dynamic::gpt-5.6-sol-off::all-arms::Omega_hat_StateLoad,gpt-5.6-sol-off::problem-23/long-trace-final,problem-23,sha256:1245ebbf69a81bcb8f23d1a367d4077c7ff732cf2ca37e553c4ad80d11a1687e,gpt-5.6-sol-off,long-trace-final,all-arms,dynamic,Omega_hat_StateLoad,1737760921,0
dynamic::gpt-5.6-sol-off::all-arms::Omega_hat_StateLoad,gpt-5.6-sol-off::problem-23/short-trace-final,problem-23,sha256:78febcc2681676995da118209adc295d1c6f8449ddc2f697eff5823e74d2c92b,gpt-5.6-sol-off,short-trace-final,all-arms,dynamic,Omega_hat_StateLoad,1035105717,0
dynamic::gpt-5.6-sol-off::all-arms::Omega_hat_StateLoad,gpt-5.6-sol-off::problem-23/inside-loop-state,problem-23,sha256:c5b04d442721c6e23d53ded804f222ca9bc2bd35cb825d975482627fa2f68eb8,gpt-5.6-sol-off,inside-loop-state,all-arms,dynamic,Omega_hat_StateLoad,1455506026,0
dynamic::gpt-5.6-sol-off::all-arms::Omega_hat_StateLoad,gpt-5.6-sol-off::problem-23/post-loop-state,problem-23,sha256:f422207380b27c4b9c9e1403517b42b55f6342cd02514f3d18cff14a6eaf23b9,gpt-5.6-sol-off,post-loop-state,all-arms,dynamic,Omega_hat_StateLoad,1709832203,0
dynamic::gpt-5.6-sol-off::all-arms::Omega_hat_StateLoad,gpt-5.6-sol-off::problem-24/long-trace-final,problem-24,sha256:312cb1244299d8ea29ce3be52759a05aaf6f571f4cabdb8de4cdfefc53c21127,gpt-5.6-sol-off,long-trace-final,all-arms,dynamic,Omega_hat_StateLoad,1732693205,0
dynamic::gpt-5.6-sol-off::all-arms::Omega_hat_StateLoad,gpt-5.6-sol-off::problem-24/post-loop-state,problem-24,sha256:a9bba3e75ac97caf5a230d723fd189724ff0563bea2bef0b001eb7655cd5c948,gpt-5.6-sol-off,post-loop-state,all-arms,dynamic,Omega_hat_StateLoad,1704789888,0
dynamic::gpt-5.6-sol-off::all-arms::Omega_hat_StateLoad,gpt-5.6-sol-off::problem-24/inside-loop-state,problem-24,sha256:c151679cf530cdccea973844a665dbb377147bfda08d781a73e4cebd8e7aa207,gpt-5.6-sol-off,inside-loop-state,all-arms,dynamic,Omega_hat_StateLoad,1456710920,0
dynamic::gpt-5.6-sol-off::all-arms::Omega_hat_StateLoad,gpt-5.6-sol-off::problem-24/short-trace-final,problem-24,sha256:da5e2129ac6eb31efb9c60f4456bf6a53cf0c9c972c82515c6421612ad91b98c,gpt-5.6-sol-off,short-trace-final,all-arms,dynamic,Omega_hat_StateLoad,1011591849,0
dynamic::gpt-5.6-sol-off::all-arms::Omega_hat_StateLoad,gpt-5.6-sol-off::problem-25/inside-loop-state,problem-25,sha256:5e34e564ebcb950511aeb4040311983a4e917c9f539fe9bf740740d04ff82754,gpt-5.6-sol-off,inside-loop-state,all-arms,dynamic,Omega_hat_StateLoad,1450677610,0
dynamic::gpt-5.6-sol-off::all-arms::Omega_hat_StateLoad,gpt-5.6-sol-off::problem-25/post-loop-state,problem-25,sha256:75b110f0259dbaad71e4a3448a19097ec57bdd629d5281f6767d6860812b4c19,gpt-5.6-sol-off,post-loop-state,all-arms,dynamic,Omega_hat_StateLoad,1660597011,0
dynamic::gpt-5.6-sol-off::all-arms::Omega_hat_StateLoad,gpt-5.6-sol-off::problem-25/short-trace-final,problem-25,sha256:a40a9795cb938fde800d3c6170d0c04fa0258cbef4e26485156c279ea570a1c9,gpt-5.6-sol-off,short-trace-final,all-arms,dynamic,Omega_hat_StateLoad,1008410769,0
dynamic::gpt-5.6-sol-off::all-arms::Omega_hat_StateLoad,gpt-5.6-sol-off::problem-25/long-trace-final,problem-25,sha256:ea555a40d3f155ff207893e7327866c923e56b4bcc853fbea3e3ec27d9a3e419,gpt-5.6-sol-off,long-trace-final,all-arms,dynamic,Omega_hat_StateLoad,1688537779,0
dynamic::gpt-5.6-sol-off::all-arms::Omega_hat_StateLoad,gpt-5.6-sol-off::problem-26/post-loop-state,problem-26,sha256:09ad9f965884b1ca88246bf427ed30c073b3774cda0e3f8b1ba5fcb8a52876f0,gpt-5.6-sol-off,post-loop-state,all-arms,dynamic,Omega_hat_StateLoad,1637025804,0
dynamic::gpt-5.6-sol-off::all-arms::Omega_hat_StateLoad,gpt-5.6-sol-off::problem-26/long-trace-final,problem-26,sha256:8a0a9d72ece310a0393e6f8cd6161daa9fc85ca793d8f7a5effe7867b7b3610e,gpt-5.6-sol-off,long-trace-final,all-arms,dynamic,Omega_hat_StateLoad,1664953995,0
dynamic::gpt-5.6-sol-off::all-arms::Omega_hat_StateLoad,gpt-5.6-sol-off::problem-26/short-trace-final,problem-26,sha256:d366caa8929075d65d1d7b7db9700b9131f161a1ac0faff603b289cf7c5bce85,gpt-5.6-sol-off,short-trace-final,all-arms,dynamic,Omega_hat_StateLoad,990893735,0
dynamic::gpt-5.6-sol-off::all-arms::Omega_hat_StateLoad,gpt-5.6-sol-off::problem-26/inside-loop-state,problem-26,sha256:f9a0bdb83416f8938c7ae733c1f802841b3746ef0e2c9c69f4dfcd271e42f429,gpt-5.6-sol-off,inside-loop-state,all-arms,dynamic,Omega_hat_StateLoad,1425493185,0
dynamic::gpt-5.6-sol-off::all-arms::Omega_hat_StateLoad,gpt-5.6-sol-off::problem-27/long-trace-final,problem-27,sha256:1d4d6eaa0d724ed2eabbd6de906e694e29956478548df760cda79767a3d420aa,gpt-5.6-sol-off,long-trace-final,all-arms,dynamic,Omega_hat_StateLoad,1707495177,0
dynamic::gpt-5.6-sol-off::all-arms::Omega_hat_StateLoad,gpt-5.6-sol-off::problem-27/short-trace-final,problem-27,sha256:ac06f4eaa7953cf90f5b0f2b52580f1e113358761701f25264564a9119eed893,gpt-5.6-sol-off,short-trace-final,all-arms,dynamic,Omega_hat_StateLoad,992994367,0
dynamic::gpt-5.6-sol-off::all-arms::Omega_hat_StateLoad,gpt-5.6-sol-off::problem-27/inside-loop-state,problem-27,sha256:e8a7fd6ede3a54a7a6c46ba71aa8095c7036f8a67282fd35936d92bd03911640,gpt-5.6-sol-off,inside-loop-state,all-arms,dynamic,Omega_hat_StateLoad,1466366333,0
dynamic::gpt-5.6-sol-off::all-arms::Omega_hat_StateLoad,gpt-5.6-sol-off::problem-27/post-loop-state,problem-27,sha256:ec560b955bdd3cfdd9c93d7e5e9dec52b80d640de2b6aef03d7e59ab46ae487f,gpt-5.6-sol-off,post-loop-state,all-arms,dynamic,Omega_hat_StateLoad,1679542193,0
dynamic::gpt-5.6-sol-off::all-arms::Omega_hat_StateLoad,gpt-5.6-sol-off::problem-28/inside-loop-state,problem-28,sha256:8e7497c27f25952db2771db8b7d65a445fec890474e0eaf363433912b4448d98,gpt-5.6-sol-off,inside-loop-state,all-arms,dynamic,Omega_hat_StateLoad,1481491890,0
dynamic::gpt-5.6-sol-off::all-arms::Omega_hat_StateLoad,gpt-5.6-sol-off::problem-28/short-trace-final,problem-28,sha256:e48fd34b81d40474be4f17f911d0be54f3f4d0dcb7dcf485fbc4396c61acb108,gpt-5.6-sol-off,short-trace-final,all-arms,dynamic,Omega_hat_StateLoad,1062800798,0
dynamic::gpt-5.6-sol-off::all-arms::Omega_hat_StateLoad,gpt-5.6-sol-off::problem-28/long-trace-final,problem-28,sha256:eac890193eab32fcb83a9b96b1975d2ec0850ff443479a8e9fc22322b0fef1a3,gpt-5.6-sol-off,long-trace-final,all-arms,dynamic,Omega_hat_StateLoad,1810527588,0
dynamic::gpt-5.6-sol-off::all-arms::Omega_hat_StateLoad,gpt-5.6-sol-off::problem-28/post-loop-state,problem-28,sha256:eb32ac1b648907af496e87af77869c7d270abcf1a78e35194aff1abc7aad9814,gpt-5.6-sol-off,post-loop-state,all-arms,dynamic,Omega_hat_StateLoad,1782536347,0
dynamic::gpt-5.6-sol-off::all-arms::Omega_hat_StateLoad,gpt-5.6-sol-off::problem-29/post-loop-state,problem-29,sha256:266a35b82d6b7b97b632edbdec2e61ad18b6191c9dc4722cceec06e6f7cf3e7b,gpt-5.6-sol-off,post-loop-state,all-arms,dynamic,Omega_hat_StateLoad,1758180386,0
dynamic::gpt-5.6-sol-off::all-arms::Omega_hat_StateLoad,gpt-5.6-sol-off::problem-29/short-trace-final,problem-29,sha256:4ecced26b7df8a9b75c98baa33550ead17ba2313bbb605c2d1cb7baa2e29a52e,gpt-5.6-sol-off,short-trace-final,all-arms,dynamic,Omega_hat_StateLoad,1038443888,0
dynamic::gpt-5.6-sol-off::all-arms::Omega_hat_StateLoad,gpt-5.6-sol-off::problem-29/inside-loop-state,problem-29,sha256:6055ac1e5575ce92574c3669a2a3eb367092c36fb132bfce0cca3260851140e2,gpt-5.6-sol-off,inside-loop-state,all-arms,dynamic,Omega_hat_StateLoad,1492855257,0
dynamic::gpt-5.6-sol-off::all-arms::Omega_hat_StateLoad,gpt-5.6-sol-off::problem-29/long-trace-final,problem-29,sha256:dafab6181d512ecf0c71e74b5f580d6000813124811287d4fc852c2b145c4d20,gpt-5.6-sol-off,long-trace-final,all-arms,dynamic,Omega_hat_StateLoad,1786079483,0
dynamic::gpt-5.6-sol-off::all-arms::Omega_hat_StateLoad,gpt-5.6-sol-off::problem-30/inside-loop-state,problem-30,sha256:4956e45be9ac9fea2c36667b16c62bb1d6f435004d42c4e4b3b34a6a2de2fa26,gpt-5.6-sol-off,inside-loop-state,all-arms,dynamic,Omega_hat_StateLoad,1498251777,0
dynamic::gpt-5.6-sol-off::all-arms::Omega_hat_StateLoad,gpt-5.6-sol-off::problem-30/short-trace-final,problem-30,sha256:84ea88c1bf723ea51c2ae8d1c8fe25aa5d3dc5be93e0882e4f0cf0be0e4137bb,gpt-5.6-sol-off,short-trace-final,all-arms,dynamic,Omega_hat_StateLoad,940031874,0
dynamic::gpt-5.6-sol-off::all-arms::Omega_hat_StateLoad,gpt-5.6-sol-off::problem-30/long-trace-final,problem-30,sha256:c2098a098a924cecff89d4a804a7f8d840ecd0538821c278601a32140bcca3f8,gpt-5.6-sol-off,long-trace-final,all-arms,dynamic,Omega_hat_StateLoad,1715866385,0
dynamic::gpt-5.6-sol-off::all-arms::Omega_hat_StateLoad,gpt-5.6-sol-off::problem-30/post-loop-state,problem-30,sha256:e69e021f535c9d0fc24b0101f47f65371d3832409890cf0484859bf2d6e98e0b,gpt-5.6-sol-off,post-loop-state,all-arms,dynamic,Omega_hat_StateLoad,1687925298,0
dynamic::gpt-5.6-sol-off::all-arms::Omega_hat_StateSize,gpt-5.6-sol-off::problem-01/inside-loop-state,problem-01,sha256:0547b42885dc201376fb93765a3c7da6c077a0338c243dcae8c262108a061af1,gpt-5.6-sol-off,inside-loop-state,all-arms,dynamic,Omega_hat_StateSize,3288,0
dynamic::gpt-5.6-sol-off::all-arms::Omega_hat_StateSize,gpt-5.6-sol-off::problem-01/long-trace-final,problem-01,sha256:56d9affe274f136e1933852e8f797cfb86ea3bed95c016b04556b2c4ca152b2c,gpt-5.6-sol-off,long-trace-final,all-arms,dynamic,Omega_hat_StateSize,3287,0
dynamic::gpt-5.6-sol-off::all-arms::Omega_hat_StateSize,gpt-5.6-sol-off::problem-01/short-trace-final,problem-01,sha256:73ad8aafe6d235df156f603343f220d5bf0bf095034c7c09e4647aec6b75183c,gpt-5.6-sol-off,short-trace-final,all-arms,dynamic,Omega_hat_StateSize,3282,0
dynamic::gpt-5.6-sol-off::all-arms::Omega_hat_StateSize,gpt-5.6-sol-off::problem-01/post-loop-state,problem-01,sha256:8c394bb669c6429a6cc8371df442ba1284632f5fd03fcf20b87ec42c6b002666,gpt-5.6-sol-off,post-loop-state,all-arms,dynamic,Omega_hat_StateSize,3287,0
dynamic::gpt-5.6-sol-off::all-arms::Omega_hat_StateSize,gpt-5.6-sol-off::problem-02/long-trace-final,problem-02,sha256:2c6c086992c204f9156a73eca1a86fe4ad8b4777c9b50ca69f44efa3a0ec804d,gpt-5.6-sol-off,long-trace-final,all-arms,dynamic,Omega_hat_StateSize,3300,0
dynamic::gpt-5.6-sol-off::all-arms::Omega_hat_StateSize,gpt-5.6-sol-off::problem-02/inside-loop-state,problem-02,sha256:43ea44d05f37e33633d2f43ad399b115c3066c018f15acef6f477c034fdda927,gpt-5.6-sol-off,inside-loop-state,all-arms,dynamic,Omega_hat_StateSize,3291,0
dynamic::gpt-5.6-sol-off::all-arms::Omega_hat_StateSize,gpt-5.6-sol-off::problem-02/post-loop-state,problem-02,sha256:ba7d1febfb83991899883c292120818d9f29e3dd565ec4a93b6368650d9b3d8b,gpt-5.6-sol-off,post-loop-state,all-arms,dynamic,Omega_hat_StateSize,3300,0
dynamic::gpt-5.6-sol-off::all-arms::Omega_hat_StateSize,gpt-5.6-sol-off::problem-02/short-trace-final,problem-02,sha256:c045cedad0407af52c2d7faa26f00e6fb48605031adc73be301bb6ee469d0a00,gpt-5.6-sol-off,short-trace-final,all-arms,dynamic,Omega_hat_StateSize,3273,0
dynamic::gpt-5.6-sol-off::all-arms::Omega_hat_StateSize,gpt-5.6-sol-off::problem-03/post-loop-state,problem-03,sha256:2acfa20a7ee16e7c373ae0cf23d876f6106fe1856336ee95352a6619b1420010,gpt-5.6-sol-off,post-loop-state,all-arms,dynamic,Omega_hat_StateSize,3293,0
dynamic::gpt-5.6-sol-off::all-arms::Omega_hat_StateSize,gpt-5.6-sol-off::problem-03/inside-loop-state,problem-03,sha256:587d5ad47aee9baac51abb2d6ac720bc8b29f8e6c6f98e2e7066bb6d8bac30a1,gpt-5.6-sol-off,inside-loop-state,all-arms,dynamic,Omega_hat_StateSize,3294,0
dynamic::gpt-5.6-sol-off::all-arms::Omega_hat_StateSize,gpt-5.6-sol-off::problem-03/long-trace-final,problem-03,sha256:5cd8a44109e568c902e2d582d4448650c2d4a64ee9ae4e391cf17a60348468b4,gpt-5.6-sol-off,long-trace-final,all-arms,dynamic,Omega_hat_StateSize,3293,0
dynamic::gpt-5.6-sol-off::all-arms::Omega_hat_StateSize,gpt-5.6-sol-off::problem-03/short-trace-final,problem-03,sha256:de9b7f7e58c8ec2d2f824891cdd79a1b094a45ac4742558225294573439b316d,gpt-5.6-sol-off,short-trace-final,all-arms,dynamic,Omega_hat_StateSize,3245,0
dynamic::gpt-5.6-sol-off::all-arms::Omega_hat_StateSize,gpt-5.6-sol-off::problem-04/short-trace-final,problem-04,sha256:05aae40bc36e0df65171215e791c8e10e79babb0960ce78b876515d48b8accae,gpt-5.6-sol-off,short-trace-final,all-arms,dynamic,Omega_hat_StateSize,3268,0
dynamic::gpt-5.6-sol-off::all-arms::Omega_hat_StateSize,gpt-5.6-sol-off::problem-04/long-trace-final,problem-04,sha256:7ad230089b4b878cee95f70563245eea351dea877118fcf8a597be6bd90d14f5,gpt-5.6-sol-off,long-trace-final,all-arms,dynamic,Omega_hat_StateSize,3282,0
dynamic::gpt-5.6-sol-off::all-arms::Omega_hat_StateSize,gpt-5.6-sol-off::problem-04/post-loop-state,problem-04,sha256:94ab1f7d2732d7ff5cef895f5b77e7fd081702b993a6eb7d3d5c505592cefb21,gpt-5.6-sol-off,post-loop-state,all-arms,dynamic,Omega_hat_StateSize,3282,0
dynamic::gpt-5.6-sol-off::all-arms::Omega_hat_StateSize,gpt-5.6-sol-off::problem-04/inside-loop-state,problem-04,sha256:9aaa594325de39aafc50a9d96c539f0c1166bd50a8eff8c49c14c84270c4ff59,gpt-5.6-sol-off,inside-loop-state,all-arms,dynamic,Omega_hat_StateSize,3283,0
dynamic::gpt-5.6-sol-off::all-arms::Omega_hat_StateSize,gpt-5.6-sol-off::problem-05/post-loop-state,problem-05,sha256:0f684ff85de199f8f7c7ffc32375f9b9e62fa5827fcecce50fb5d60bca08e280,gpt-5.6-sol-off,post-loop-state,all-arms,dynamic,Omega_hat_StateSize,3292,0
dynamic::gpt-5.6-sol-off::all-arms::Omega_hat_StateSize,gpt-5.6-sol-off::problem-05/long-trace-final,problem-05,sha256:5a4822c8f4e084302eeecb07be76313448d56e02db866843273cfa2a79ca9b73,gpt-5.6-sol-off,long-trace-final,all-arms,dynamic,Omega_hat_StateSize,3292,0
dynamic::gpt-5.6-sol-off::all-arms::Omega_hat_StateSize,gpt-5.6-sol-off::problem-05/short-trace-final,problem-05,sha256:9f6345f351d6266c0c09238729ff08378ce70e23ac0267c2e41f067733d6f579,gpt-5.6-sol-off,short-trace-final,all-arms,dynamic,Omega_hat_StateSize,3261,0
dynamic::gpt-5.6-sol-off::all-arms::Omega_hat_StateSize,gpt-5.6-sol-off::problem-05/inside-loop-state,problem-05,sha256:e22303dc39b5dd7a5cac47da11bd364b0897fb8d8d9099162d7706552f9fa372,gpt-5.6-sol-off,inside-loop-state,all-arms,dynamic,Omega_hat_StateSize,3293,0
dynamic::gpt-5.6-sol-off::all-arms::Omega_hat_StateSize,gpt-5.6-sol-off::problem-06/long-trace-final,problem-06,sha256:061a7cf51e116aa318d53740cdc4d580b6c9767f126c91061a484987b96cd0c7,gpt-5.6-sol-off,long-trace-final,all-arms,dynamic,Omega_hat_StateSize,3288,0
dynamic::gpt-5.6-sol-off::all-arms::Omega_hat_StateSize,gpt-5.6-sol-off::problem-06/post-loop-state,problem-06,sha256:2c10823e77f28c1bd27318dfe6f1918fbe52e06174725d89f5e5d33bd0bd5510,gpt-5.6-sol-off,post-loop-state,all-arms,dynamic,Omega_hat_StateSize,3288,0
dynamic::gpt-5.6-sol-off::all-arms::Omega_hat_StateSize,gpt-5.6-sol-off::problem-06/short-trace-final,problem-06,sha256:6a88d2c05b775fcb748a8354a26e9d76a3a40fbeb4478fdc3ede8d3a216d580f,gpt-5.6-sol-off,short-trace-final,all-arms,dynamic,Omega_hat_StateSize,3267,0
dynamic::gpt-5.6-sol-off::all-arms::Omega_hat_StateSize,gpt-5.6-sol-off::problem-06/inside-loop-state,problem-06,sha256:cd00c1a7e81437959f3f7ae75d1cd3869cff5bb6980eec8d78e39979ad3c2a27,gpt-5.6-sol-off,inside-loop-state,all-arms,dynamic,Omega_hat_StateSize,3289,0
dynamic::gpt-5.6-sol-off::all-arms::Omega_hat_StateSize,gpt-5.6-sol-off::problem-07/long-trace-final,problem-07,sha256:0038af217dac3eb4ec50de238581737dacd10f0887c0b2b7bf8c89208e6efac5,gpt-5.6-sol-off,long-trace-final,all-arms,dynamic,Omega_hat_StateSize,3300,0
dynamic::gpt-5.6-sol-off::all-arms::Omega_hat_StateSize,gpt-5.6-sol-off::problem-07/inside-loop-state,problem-07,sha256:3f021ab7fd773d4b5707b65f0ddba29e4e2f31918c7ad194865bdfdb2cc2fc23,gpt-5.6-sol-off,inside-loop-state,all-arms,dynamic,Omega_hat_StateSize,3301,0
dynamic::gpt-5.6-sol-off::all-arms::Omega_hat_StateSize,gpt-5.6-sol-off::problem-07/post-loop-state,problem-07,sha256:9e457d18bfaac327399393fdb975773303e803b2fd677d4bd2e6b7cd4ddc624c,gpt-5.6-sol-off,post-loop-state,all-arms,dynamic,Omega_hat_StateSize,3300,0
dynamic::gpt-5.6-sol-off::all-arms::Omega_hat_StateSize,gpt-5.6-sol-off::problem-07/short-trace-final,problem-07,sha256:a804134b8daa3d73abbebef8e0e40694e39211ed7153b6ad7591756fe33cd167,gpt-5.6-sol-off,short-trace-final,all-arms,dynamic,Omega_hat_StateSize,3281,0
dynamic::gpt-5.6-sol-off::all-arms::Omega_hat_StateSize,gpt-5.6-sol-off::problem-08/inside-loop-state,problem-08,sha256:7064354a09226b66ebb7194c3454eab73c7a5d95fb26e79e1817e12584f3f310,gpt-5.6-sol-off,inside-loop-state,all-arms,dynamic,Omega_hat_StateSize,3284,0
dynamic::gpt-5.6-sol-off::all-arms::Omega_hat_StateSize,gpt-5.6-sol-off::problem-08/short-trace-final,problem-08,sha256:a7da9f82ea01769a6b8a112317eee4c6cc1f6de1fd6fdd14a5537d4ac9c80a0f,gpt-5.6-sol-off,short-trace-final,all-arms,dynamic,Omega_hat_StateSize,3272,0
dynamic::gpt-5.6-sol-off::all-arms::Omega_hat_StateSize,gpt-5.6-sol-off::problem-08/post-loop-state,problem-08,sha256:e32673ca942baf21e1de8014e35df297a78a6d254c419164d155a8af936e67b4,gpt-5.6-sol-off,post-loop-state,all-arms,dynamic,Omega_hat_StateSize,3289,0
dynamic::gpt-5.6-sol-off::all-arms::Omega_hat_StateSize,gpt-5.6-sol-off::problem-08/long-trace-final,problem-08,sha256:f4f4c04290dfd1722493e9d5e7c6c040d58b8f4f1f2ea1ffd0972f45a5893717,gpt-5.6-sol-off,long-trace-final,all-arms,dynamic,Omega_hat_StateSize,3289,0
dynamic::gpt-5.6-sol-off::all-arms::Omega_hat_StateSize,gpt-5.6-sol-off::problem-09/short-trace-final,problem-09,sha256:1f2e9f2d169b17ceb6021bac59f884fc4c71697048d44bcde003919a30c6bc01,gpt-5.6-sol-off,short-trace-final,all-arms,dynamic,Omega_hat_StateSize,3267,0
dynamic::gpt-5.6-sol-off::all-arms::Omega_hat_StateSize,gpt-5.6-sol-off::problem-09/inside-loop-state,problem-09,sha256:221039cb3147683b097b9a9e97cbc35a8b09ba4e290f73be9b1bca308fd93ce3,gpt-5.6-sol-off,inside-loop-state,all-arms,dynamic,Omega_hat_StateSize,3286,0
dynamic::gpt-5.6-sol-off::all-arms::Omega_hat_StateSize,gpt-5.6-sol-off::problem-09/post-loop-state,problem-09,sha256:2c9d501dc7cc0a1d91e2d7340569ca0ba384bdb40034069641418df06a065b02,gpt-5.6-sol-off,post-loop-state,all-arms,dynamic,Omega_hat_StateSize,3285,0
dynamic::gpt-5.6-sol-off::all-arms::Omega_hat_StateSize,gpt-5.6-sol-off::problem-09/long-trace-final,problem-09,sha256:d5594fe452f9751f9e5a7096c8f016b17a3d1be5849b3882dd8846f268197c8d,gpt-5.6-sol-off,long-trace-final,all-arms,dynamic,Omega_hat_StateSize,3285,0
dynamic::gpt-5.6-sol-off::all-arms::Omega_hat_StateSize,gpt-5.6-sol-off::problem-10/inside-loop-state,problem-10,sha256:4bfd0a8e336edf6d47adfddd74897b9784181700d614c66dab4d21903a7797cb,gpt-5.6-sol-off,inside-loop-state,all-arms,dynamic,Omega_hat_StateSize,3278,0
dynamic::gpt-5.6-sol-off::all-arms::Omega_hat_StateSize,gpt-5.6-sol-off::problem-10/short-trace-final,problem-10,sha256:68a7353ba44980aa7c94507c7d2506366b7e1a6d3a9840cec0ba3fd243bb86ef,gpt-5.6-sol-off,short-trace-final,all-arms,dynamic,Omega_hat_StateSize,3276,0
dynamic::gpt-5.6-sol-off::all-arms::Omega_hat_StateSize,gpt-5.6-sol-off::problem-10/post-loop-state,problem-10,sha256:6d34f6c50beb59b579b867aa64417c1f8e212aca0c7dba85a4f8d73ad6395e15,gpt-5.6-sol-off,post-loop-state,all-arms,dynamic,Omega_hat_StateSize,3277,0
dynamic::gpt-5.6-sol-off::all-arms::Omega_hat_StateSize,gpt-5.6-sol-off::problem-10/long-trace-final,problem-10,sha256:b9350571c682c8ce1a385a3827b09b6195b6b0de80c103fe5638970bd0396907,gpt-5.6-sol-off,long-trace-final,all-arms,dynamic,Omega_hat_StateSize,3277,0
dynamic::gpt-5.6-sol-off::all-arms::Omega_hat_StateSize,gpt-5.6-sol-off::problem-11/short-trace-final,problem-11,sha256:26270b738997e89a812774051cc9205ec744eed12d5397ba27730fd1f3616545,gpt-5.6-sol-off,short-trace-final,all-arms,dynamic,Omega_hat_StateSize,6085,0
dynamic::gpt-5.6-sol-off::all-arms::Omega_hat_StateSize,gpt-5.6-sol-off::problem-11/long-trace-final,problem-11,sha256:37449d8e8c91c57d5e2c5704a43fc22c0bd0599b769db5d859947f119c59900a,gpt-5.6-sol-off,long-trace-final,all-arms,dynamic,Omega_hat_StateSize,6107,0
dynamic::gpt-5.6-sol-off::all-arms::Omega_hat_StateSize,gpt-5.6-sol-off::problem-11/post-loop-state,problem-11,sha256:89cf19a5769900427442f00c16f675ef52b8c60cb6f502a5e54dafd29cbaa7b3,gpt-5.6-sol-off,post-loop-state,all-arms,dynamic,Omega_hat_StateSize,6107,0
dynamic::gpt-5.6-sol-off::all-arms::Omega_hat_StateSize,gpt-5.6-sol-off::problem-11/inside-loop-state,problem-11,sha256:9e616055a8b294cc727870ca9d00854bfd4625609bfaf8f7f208f2affda4e187,gpt-5.6-sol-off,inside-loop-state,all-arms,dynamic,Omega_hat_StateSize,6108,0
dynamic::gpt-5.6-sol-off::all-arms::Omega_hat_StateSize,gpt-5.6-sol-off::problem-12/inside-loop-state,problem-12,sha256:7b5df0851254363517f3ded42cf7a385fa51a85dd64743e6e008669e0faf5b82,gpt-5.6-sol-off,inside-loop-state,all-arms,dynamic,Omega_hat_StateSize,6111,0
dynamic::gpt-5.6-sol-off::all-arms::Omega_hat_StateSize,gpt-5.6-sol-off::problem-12/short-trace-final,problem-12,sha256:85aa9c8d83f90f5ce7ad3cbf050a51a8d8f6994499cd2159cb23a7ea82b1849e,gpt-5.6-sol-off,short-trace-final,all-arms,dynamic,Omega_hat_StateSize,6074,0
dynamic::gpt-5.6-sol-off::all-arms::Omega_hat_StateSize,gpt-5.6-sol-off::problem-12/post-loop-state,problem-12,sha256:958460d7ecf7621b9ecf5669fda846e1d9c0a7b4b399190aeed32c7df8b0699e,gpt-5.6-sol-off,post-loop-state,all-arms,dynamic,Omega_hat_StateSize,6110,0
dynamic::gpt-5.6-sol-off::all-arms::Omega_hat_StateSize,gpt-5.6-sol-off::problem-12/long-trace-final,problem-12,sha256:bbf72f7493684d660693adfc81bbd175088f4b46afda09d4b298512c72508c1b,gpt-5.6-sol-off,long-trace-final,all-arms,dynamic,Omega_hat_StateSize,6110,0
dynamic::gpt-5.6-sol-off::all-arms::Omega_hat_StateSize,gpt-5.6-sol-off::problem-13/inside-loop-state,problem-13,sha256:2b247ce5916acd9195152fced59de2ae563f4cbdd37bfd795074e5f2ec115251,gpt-5.6-sol-off,inside-loop-state,all-arms,dynamic,Omega_hat_StateSize,6110,0
dynamic::gpt-5.6-sol-off::all-arms::Omega_hat_StateSize,gpt-5.6-sol-off::problem-13/post-loop-state,problem-13,sha256:5c4433c9aa1b024d200559d67bbc7d578a21c39d10fb03ce2c6a5caae255993f,gpt-5.6-sol-off,post-loop-state,all-arms,dynamic,Omega_hat_StateSize,6117,0
dynamic::gpt-5.6-sol-off::all-arms::Omega_hat_StateSize,gpt-5.6-sol-off::problem-13/short-trace-final,problem-13,sha256:eccc604db1d5cc06fe2c28b2456d93ecb100590e01fd6ce576ad76161a08aada,gpt-5.6-sol-off,short-trace-final,all-arms,dynamic,Omega_hat_StateSize,6091,0
dynamic::gpt-5.6-sol-off::all-arms::Omega_hat_StateSize,gpt-5.6-sol-off::problem-13/long-trace-final,problem-13,sha256:fc03a1fd966e3a60af4264cb997a959b0d3d39ccb2cc7f6636f0659db36c1fcf,gpt-5.6-sol-off,long-trace-final,all-arms,dynamic,Omega_hat_StateSize,6117,0
dynamic::gpt-5.6-sol-off::all-arms::Omega_hat_StateSize,gpt-5.6-sol-off::problem-14/short-trace-final,problem-14,sha256:929856d52b4d3a50a8d477f065732fc3ff381b1ec26dfd9672f1bb3e81b9112e,gpt-5.6-sol-off,short-trace-final,all-arms,dynamic,Omega_hat_StateSize,6098,0
dynamic::gpt-5.6-sol-off::all-arms::Omega_hat_StateSize,gpt-5.6-sol-off::problem-14/post-loop-state,problem-14,sha256:a428733484eb9e4568dc0f1944310d728394aa7a5f597f21fad8a5f17c349a92,gpt-5.6-sol-off,post-loop-state,all-arms,dynamic,Omega_hat_StateSize,6116,0
dynamic::gpt-5.6-sol-off::all-arms::Omega_hat_StateSize,gpt-5.6-sol-off::problem-14/inside-loop-state,problem-14,sha256:b92de04f170b8d7777731ffc17b0ef112672dde69764b2e2b4544f1cbbfd2775,gpt-5.6-sol-off,inside-loop-state,all-arms,dynamic,Omega_hat_StateSize,6117,0
dynamic::gpt-5.6-sol-off::all-arms::Omega_hat_StateSize,gpt-5.6-sol-off::problem-14/long-trace-final,problem-14,sha256:e692c2f7963ddc6244570169d2564497fe9f12ef39e36f0f4f9f973b508f3616,gpt-5.6-sol-off,long-trace-final,all-arms,dynamic,Omega_hat_StateSize,6116,0
dynamic::gpt-5.6-sol-off::all-arms::Omega_hat_StateSize,gpt-5.6-sol-off::problem-15/post-loop-state,problem-15,sha256:12301c45635de868f2a4e921222d940fcf33c2f6205d05fc21454266cfbc3061,gpt-5.6-sol-off,post-loop-state,all-arms,dynamic,Omega_hat_StateSize,6094,0
dynamic::gpt-5.6-sol-off::all-arms::Omega_hat_StateSize,gpt-5.6-sol-off::problem-15/inside-loop-state,problem-15,sha256:50e103eb8654ee1640e95f86191fb481f0e07e0bd366e6b5ce47d20c0a200912,gpt-5.6-sol-off,inside-loop-state,all-arms,dynamic,Omega_hat_StateSize,6089,0
dynamic::gpt-5.6-sol-off::all-arms::Omega_hat_StateSize,gpt-5.6-sol-off::problem-15/short-trace-final,problem-15,sha256:649f09230fe16bc947760c4387cd544c37fec8d49083a073371770fa5ae3e1d1,gpt-5.6-sol-off,short-trace-final,all-arms,dynamic,Omega_hat_StateSize,6087,0
dynamic::gpt-5.6-sol-off::all-arms::Omega_hat_StateSize,gpt-5.6-sol-off::problem-15/long-trace-final,problem-15,sha256:8ab718d447d5782861bfa1a8a089a1b4a55c3c55b6ead5ff4abb068409ec1b6b,gpt-5.6-sol-off,long-trace-final,all-arms,dynamic,Omega_hat_StateSize,6094,0
dynamic::gpt-5.6-sol-off::all-arms::Omega_hat_StateSize,gpt-5.6-sol-off::problem-16/short-trace-final,problem-16,sha256:64670fb8a7f19547ad0b0c7647c368cf26d355b1d2e0bedbf884079ff09d87fb,gpt-5.6-sol-off,short-trace-final,all-arms,dynamic,Omega_hat_StateSize,6083,0
dynamic::gpt-5.6-sol-off::all-arms::Omega_hat_StateSize,gpt-5.6-sol-off::problem-16/post-loop-state,problem-16,sha256:8368e978d24c4b3ea18f7eb2ea99706b1e5473aa07f13c4bb3fe6fe619fee763,gpt-5.6-sol-off,post-loop-state,all-arms,dynamic,Omega_hat_StateSize,6095,0
dynamic::gpt-5.6-sol-off::all-arms::Omega_hat_StateSize,gpt-5.6-sol-off::problem-16/long-trace-final,problem-16,sha256:a01be6f53c51de04e80ef9a1b56b33bd854ea547c3ab8fbf01dd1719b64424e2,gpt-5.6-sol-off,long-trace-final,all-arms,dynamic,Omega_hat_StateSize,6095,0
dynamic::gpt-5.6-sol-off::all-arms::Omega_hat_StateSize,gpt-5.6-sol-off::problem-16/inside-loop-state,problem-16,sha256:e785fbb7c44714837a925d69b7a0b7764633037949cf8e2d8eee2ac7af673285,gpt-5.6-sol-off,inside-loop-state,all-arms,dynamic,Omega_hat_StateSize,6096,0
dynamic::gpt-5.6-sol-off::all-arms::Omega_hat_StateSize,gpt-5.6-sol-off::problem-17/short-trace-final,problem-17,sha256:23bfd7217d9ba652a3156953e53db1b393d9093de1553e00151f9992835a6c12,gpt-5.6-sol-off,short-trace-final,all-arms,dynamic,Omega_hat_StateSize,6090,0
dynamic::gpt-5.6-sol-off::all-arms::Omega_hat_StateSize,gpt-5.6-sol-off::problem-17/post-loop-state,problem-17,sha256:a71207cf0c9322ded7b4ad736d0eb7fe58ca15c45d6aad6ed8aa8f7de3eda7b2,gpt-5.6-sol-off,post-loop-state,all-arms,dynamic,Omega_hat_StateSize,6105,0
dynamic::gpt-5.6-sol-off::all-arms::Omega_hat_StateSize,gpt-5.6-sol-off::problem-17/long-trace-final,problem-17,sha256:c1d6591d0bf5a1829058e47370a9ecca6ddf09033379e65669b82b28603cf1e2,gpt-5.6-sol-off,long-trace-final,all-arms,dynamic,Omega_hat_StateSize,6105,0
dynamic::gpt-5.6-sol-off::all-arms::Omega_hat_StateSize,gpt-5.6-sol-off::problem-17/inside-loop-state,problem-17,sha256:ffbe22e9b9ecc46324d4d5b73a4a9fb9116281954ab9775b607d59ad2563ff75,gpt-5.6-sol-off,inside-loop-state,all-arms,dynamic,Omega_hat_StateSize,6106,0
dynamic::gpt-5.6-sol-off::all-arms::Omega_hat_StateSize,gpt-5.6-sol-off::problem-18/long-trace-final,problem-18,sha256:3e1043702949a2334ffeb4aae795b5838059d006655a0bbf6798f0b6adeb085f,gpt-5.6-sol-off,long-trace-final,all-arms,dynamic,Omega_hat_StateSize,6098,0
dynamic::gpt-5.6-sol-off::all-arms::Omega_hat_StateSize,gpt-5.6-sol-off::problem-18/short-trace-final,problem-18,sha256:55ce2dca47dbe112e5ff867e7e8bfbd2311a4010bf0497e1f33d5e2d3b6b309d,gpt-5.6-sol-off,short-trace-final,all-arms,dynamic,Omega_hat_StateSize,6069,0
dynamic::gpt-5.6-sol-off::all-arms::Omega_hat_StateSize,gpt-5.6-sol-off::problem-18/inside-loop-state,problem-18,sha256:d9fde9c0b10033b45350be818f38a02f7530deefc277daf7ca51e91be628bf0d,gpt-5.6-sol-off,inside-loop-state,all-arms,dynamic,Omega_hat_StateSize,6099,0
dynamic::gpt-5.6-sol-off::all-arms::Omega_hat_StateSize,gpt-5.6-sol-off::problem-18/post-loop-state,problem-18,sha256:ec5ffe88fa32f58a281e2a9be9970228c8f780ce294441e0d8ca083c44ab7cb9,gpt-5.6-sol-off,post-loop-state,all-arms,dynamic,Omega_hat_StateSize,6098,0
dynamic::gpt-5.6-sol-off::all-arms::Omega_hat_StateSize,gpt-5.6-sol-off::problem-19/long-trace-final,problem-19,sha256:48814bea3c8f1e5cd1614a147556846e339503cb69e0803c858796e6f058c6eb,gpt-5.6-sol-off,long-trace-final,all-arms,dynamic,Omega_hat_StateSize,6117,0
dynamic::gpt-5.6-sol-off::all-arms::Omega_hat_StateSize,gpt-5.6-sol-off::problem-19/post-loop-state,problem-19,sha256:67005c3e5fba330dd029ce911161dd9d7c281181ffdda26a6c04f791843ce5b0,gpt-5.6-sol-off,post-loop-state,all-arms,dynamic,Omega_hat_StateSize,6117,0
dynamic::gpt-5.6-sol-off::all-arms::Omega_hat_StateSize,gpt-5.6-sol-off::problem-19/inside-loop-state,problem-19,sha256:7c4063bd0e506396a919ac229901d3779224482c2f0a86685fac407a77181b08,gpt-5.6-sol-off,inside-loop-state,all-arms,dynamic,Omega_hat_StateSize,6118,0
dynamic::gpt-5.6-sol-off::all-arms::Omega_hat_StateSize,gpt-5.6-sol-off::problem-19/short-trace-final,problem-19,sha256:e573b78b30a2d6877c5e647ea6ef1ebbe778918dafdef3ce3ca1ef425adf4aae,gpt-5.6-sol-off,short-trace-final,all-arms,dynamic,Omega_hat_StateSize,6101,0
dynamic::gpt-5.6-sol-off::all-arms::Omega_hat_StateSize,gpt-5.6-sol-off::problem-20/post-loop-state,problem-20,sha256:18ed8611483fb7761108ab3d6d83b912b08a4b16125c798ed34fc0e54d1d0305,gpt-5.6-sol-off,post-loop-state,all-arms,dynamic,Omega_hat_StateSize,6094,0
dynamic::gpt-5.6-sol-off::all-arms::Omega_hat_StateSize,gpt-5.6-sol-off::problem-20/short-trace-final,problem-20,sha256:9e0c8296a9f0717b3ada2dc70705058a39ba1d561df45643b9a79d3f62c7ee4f,gpt-5.6-sol-off,short-trace-final,all-arms,dynamic,Omega_hat_StateSize,6060,0
dynamic::gpt-5.6-sol-off::all-arms::Omega_hat_StateSize,gpt-5.6-sol-off::problem-20/inside-loop-state,problem-20,sha256:bd5bcbf1a9fbe0d7ec617f2eb09018adffc1493412d300f645de5abb9bb358e1,gpt-5.6-sol-off,inside-loop-state,all-arms,dynamic,Omega_hat_StateSize,6095,0
dynamic::gpt-5.6-sol-off::all-arms::Omega_hat_StateSize,gpt-5.6-sol-off::problem-20/long-trace-final,problem-20,sha256:cfdd0f3fcdabe8556447869245ebb13768cf9520d32294331ed86a2fcdda934e,gpt-5.6-sol-off,long-trace-final,all-arms,dynamic,Omega_hat_StateSize,6094,0
dynamic::gpt-5.6-sol-off::all-arms::Omega_hat_StateSize,gpt-5.6-sol-off::problem-21/inside-loop-state,problem-21,sha256:6b893d1fe6186f33bb87627c625c620c60c23d16b1eb380e5428287d7bcd173b,gpt-5.6-sol-off,inside-loop-state,all-arms,dynamic,Omega_hat_StateSize,10756,0
dynamic::gpt-5.6-sol-off::all-arms::Omega_hat_StateSize,gpt-5.6-sol-off::problem-21/long-trace-final,problem-21,sha256:abae68d8201478b8273623d6f31c7f95f798e23c59176c1c030258097c23bc2a,gpt-5.6-sol-off,long-trace-final,all-arms,dynamic,Omega_hat_StateSize,10755,0
dynamic::gpt-5.6-sol-off::all-arms::Omega_hat_StateSize,gpt-5.6-sol-off::problem-21/post-loop-state,problem-21,sha256:b1ba4c145bc3491180d71e43456f0de195530e4eda327d97e480319644d54468,gpt-5.6-sol-off,post-loop-state,all-arms,dynamic,Omega_hat_StateSize,10755,0
dynamic::gpt-5.6-sol-off::all-arms::Omega_hat_StateSize,gpt-5.6-sol-off::problem-21/short-trace-final,problem-21,sha256:c08e9d12f0c628db74c80e296b9aeaa44f2ff442479546e4521c875bc621edcf,gpt-5.6-sol-off,short-trace-final,all-arms,dynamic,Omega_hat_StateSize,10740,0
dynamic::gpt-5.6-sol-off::all-arms::Omega_hat_StateSize,gpt-5.6-sol-off::problem-22/post-loop-state,problem-22,sha256:642b405db89f31906ffda3368213a2dea48b194489eef14859eba92a495738dc,gpt-5.6-sol-off,post-loop-state,all-arms,dynamic,Omega_hat_StateSize,10733,0
dynamic::gpt-5.6-sol-off::all-arms::Omega_hat_StateSize,gpt-5.6-sol-off::problem-22/inside-loop-state,problem-22,sha256:895a3e331a4a70e78f11ec4c30afb51f9695d33bfe2745487c604118a27dc196,gpt-5.6-sol-off,inside-loop-state,all-arms,dynamic,Omega_hat_StateSize,10734,0
dynamic::gpt-5.6-sol-off::all-arms::Omega_hat_StateSize,gpt-5.6-sol-off::problem-22/short-trace-final,problem-22,sha256:bdfb4ea940fcc763a5c0367908bb8a2418611ecbf44f222ddd6008ab05066e5a,gpt-5.6-sol-off,short-trace-final,all-arms,dynamic,Omega_hat_StateSize,10754,0
dynamic::gpt-5.6-sol-off::all-arms::Omega_hat_StateSize,gpt-5.6-sol-off::problem-22/long-trace-final,problem-22,sha256:d095f6706999a481b592168652c7c699ef339254946149818a5f8ab337c7f262,gpt-5.6-sol-off,long-trace-final,all-arms,dynamic,Omega_hat_StateSize,10733,0
dynamic::gpt-5.6-sol-off::all-arms::Omega_hat_StateSize,gpt-5.6-sol-off::problem-23/long-trace-final,problem-23,sha256:1245ebbf69a81bcb8f23d1a367d4077c7ff732cf2ca37e553c4ad80d11a1687e,gpt-5.6-sol-off,long-trace-final,all-arms,dynamic,Omega_hat_StateSize,10754,0
dynamic::gpt-5.6-sol-off::all-arms::Omega_hat_StateSize,gpt-5.6-sol-off::problem-23/short-trace-final,problem-23,sha256:78febcc2681676995da118209adc295d1c6f8449ddc2f697eff5823e74d2c92b,gpt-5.6-sol-off,short-trace-final,all-arms,dynamic,Omega_hat_StateSize,10740,0
dynamic::gpt-5.6-sol-off::all-arms::Omega_hat_StateSize,gpt-5.6-sol-off::problem-23/inside-loop-state,problem-23,sha256:c5b04d442721c6e23d53ded804f222ca9bc2bd35cb825d975482627fa2f68eb8,gpt-5.6-sol-off,inside-loop-state,all-arms,dynamic,Omega_hat_StateSize,10755,0
dynamic::gpt-5.6-sol-off::all-arms::Omega_hat_StateSize,gpt-5.6-sol-off::problem-23/post-loop-state,problem-23,sha256:f422207380b27c4b9c9e1403517b42b55f6342cd02514f3d18cff14a6eaf23b9,gpt-5.6-sol-off,post-loop-state,all-arms,dynamic,Omega_hat_StateSize,10754,0
dynamic::gpt-5.6-sol-off::all-arms::Omega_hat_StateSize,gpt-5.6-sol-off::problem-24/long-trace-final,problem-24,sha256:312cb1244299d8ea29ce3be52759a05aaf6f571f4cabdb8de4cdfefc53c21127,gpt-5.6-sol-off,long-trace-final,all-arms,dynamic,Omega_hat_StateSize,10750,0
dynamic::gpt-5.6-sol-off::all-arms::Omega_hat_StateSize,gpt-5.6-sol-off::problem-24/post-loop-state,problem-24,sha256:a9bba3e75ac97caf5a230d723fd189724ff0563bea2bef0b001eb7655cd5c948,gpt-5.6-sol-off,post-loop-state,all-arms,dynamic,Omega_hat_StateSize,10750,0
dynamic::gpt-5.6-sol-off::all-arms::Omega_hat_StateSize,gpt-5.6-sol-off::problem-24/inside-loop-state,problem-24,sha256:c151679cf530cdccea973844a665dbb377147bfda08d781a73e4cebd8e7aa207,gpt-5.6-sol-off,inside-loop-state,all-arms,dynamic,Omega_hat_StateSize,10751,0
dynamic::gpt-5.6-sol-off::all-arms::Omega_hat_StateSize,gpt-5.6-sol-off::problem-24/short-trace-final,problem-24,sha256:da5e2129ac6eb31efb9c60f4456bf6a53cf0c9c972c82515c6421612ad91b98c,gpt-5.6-sol-off,short-trace-final,all-arms,dynamic,Omega_hat_StateSize,10731,0
dynamic::gpt-5.6-sol-off::all-arms::Omega_hat_StateSize,gpt-5.6-sol-off::problem-25/inside-loop-state,problem-25,sha256:5e34e564ebcb950511aeb4040311983a4e917c9f539fe9bf740740d04ff82754,gpt-5.6-sol-off,inside-loop-state,all-arms,dynamic,Omega_hat_StateSize,10772,0
dynamic::gpt-5.6-sol-off::all-arms::Omega_hat_StateSize,gpt-5.6-sol-off::problem-25/post-loop-state,problem-25,sha256:75b110f0259dbaad71e4a3448a19097ec57bdd629d5281f6767d6860812b4c19,gpt-5.6-sol-off,post-loop-state,all-arms,dynamic,Omega_hat_StateSize,10771,0
dynamic::gpt-5.6-sol-off::all-arms::Omega_hat_StateSize,gpt-5.6-sol-off::problem-25/short-trace-final,problem-25,sha256:a40a9795cb938fde800d3c6170d0c04fa0258cbef4e26485156c279ea570a1c9,gpt-5.6-sol-off,short-trace-final,all-arms,dynamic,Omega_hat_StateSize,10738,0
dynamic::gpt-5.6-sol-off::all-arms::Omega_hat_StateSize,gpt-5.6-sol-off::problem-25/long-trace-final,problem-25,sha256:ea555a40d3f155ff207893e7327866c923e56b4bcc853fbea3e3ec27d9a3e419,gpt-5.6-sol-off,long-trace-final,all-arms,dynamic,Omega_hat_StateSize,10771,0
dynamic::gpt-5.6-sol-off::all-arms::Omega_hat_StateSize,gpt-5.6-sol-off::problem-26/post-loop-state,problem-26,sha256:09ad9f965884b1ca88246bf427ed30c073b3774cda0e3f8b1ba5fcb8a52876f0,gpt-5.6-sol-off,post-loop-state,all-arms,dynamic,Omega_hat_StateSize,10746,0
dynamic::gpt-5.6-sol-off::all-arms::Omega_hat_StateSize,gpt-5.6-sol-off::problem-26/long-trace-final,problem-26,sha256:8a0a9d72ece310a0393e6f8cd6161daa9fc85ca793d8f7a5effe7867b7b3610e,gpt-5.6-sol-off,long-trace-final,all-arms,dynamic,Omega_hat_StateSize,10746,0
dynamic::gpt-5.6-sol-off::all-arms::Omega_hat_StateSize,gpt-5.6-sol-off::problem-26/short-trace-final,problem-26,sha256:d366caa8929075d65d1d7b7db9700b9131f161a1ac0faff603b289cf7c5bce85,gpt-5.6-sol-off,short-trace-final,all-arms,dynamic,Omega_hat_StateSize,10741,0
dynamic::gpt-5.6-sol-off::all-arms::Omega_hat_StateSize,gpt-5.6-sol-off::problem-26/inside-loop-state,problem-26,sha256:f9a0bdb83416f8938c7ae733c1f802841b3746ef0e2c9c69f4dfcd271e42f429,gpt-5.6-sol-off,inside-loop-state,all-arms,dynamic,Omega_hat_StateSize,10747,0
dynamic::gpt-5.6-sol-off::all-arms::Omega_hat_StateSize,gpt-5.6-sol-off::problem-27/long-trace-final,problem-27,sha256:1d4d6eaa0d724ed2eabbd6de906e694e29956478548df760cda79767a3d420aa,gpt-5.6-sol-off,long-trace-final,all-arms,dynamic,Omega_hat_StateSize,10746,0
dynamic::gpt-5.6-sol-off::all-arms::Omega_hat_StateSize,gpt-5.6-sol-off::problem-27/short-trace-final,problem-27,sha256:ac06f4eaa7953cf90f5b0f2b52580f1e113358761701f25264564a9119eed893,gpt-5.6-sol-off,short-trace-final,all-arms,dynamic,Omega_hat_StateSize,10749,0
dynamic::gpt-5.6-sol-off::all-arms::Omega_hat_StateSize,gpt-5.6-sol-off::problem-27/inside-loop-state,problem-27,sha256:e8a7fd6ede3a54a7a6c46ba71aa8095c7036f8a67282fd35936d92bd03911640,gpt-5.6-sol-off,inside-loop-state,all-arms,dynamic,Omega_hat_StateSize,10747,0
dynamic::gpt-5.6-sol-off::all-arms::Omega_hat_StateSize,gpt-5.6-sol-off::problem-27/post-loop-state,problem-27,sha256:ec560b955bdd3cfdd9c93d7e5e9dec52b80d640de2b6aef03d7e59ab46ae487f,gpt-5.6-sol-off,post-loop-state,all-arms,dynamic,Omega_hat_StateSize,10746,0
dynamic::gpt-5.6-sol-off::all-arms::Omega_hat_StateSize,gpt-5.6-sol-off::problem-28/inside-loop-state,problem-28,sha256:8e7497c27f25952db2771db8b7d65a445fec890474e0eaf363433912b4448d98,gpt-5.6-sol-off,inside-loop-state,all-arms,dynamic,Omega_hat_StateSize,10756,0
dynamic::gpt-5.6-sol-off::all-arms::Omega_hat_StateSize,gpt-5.6-sol-off::problem-28/short-trace-final,problem-28,sha256:e48fd34b81d40474be4f17f911d0be54f3f4d0dcb7dcf485fbc4396c61acb108,gpt-5.6-sol-off,short-trace-final,all-arms,dynamic,Omega_hat_StateSize,10744,0
dynamic::gpt-5.6-sol-off::all-arms::Omega_hat_StateSize,gpt-5.6-sol-off::problem-28/long-trace-final,problem-28,sha256:eac890193eab32fcb83a9b96b1975d2ec0850ff443479a8e9fc22322b0fef1a3,gpt-5.6-sol-off,long-trace-final,all-arms,dynamic,Omega_hat_StateSize,10755,0
dynamic::gpt-5.6-sol-off::all-arms::Omega_hat_StateSize,gpt-5.6-sol-off::problem-28/post-loop-state,problem-28,sha256:eb32ac1b648907af496e87af77869c7d270abcf1a78e35194aff1abc7aad9814,gpt-5.6-sol-off,post-loop-state,all-arms,dynamic,Omega_hat_StateSize,10755,0
dynamic::gpt-5.6-sol-off::all-arms::Omega_hat_StateSize,gpt-5.6-sol-off::problem-29/post-loop-state,problem-29,sha256:266a35b82d6b7b97b632edbdec2e61ad18b6191c9dc4722cceec06e6f7cf3e7b,gpt-5.6-sol-off,post-loop-state,all-arms,dynamic,Omega_hat_StateSize,10743,0
dynamic::gpt-5.6-sol-off::all-arms::Omega_hat_StateSize,gpt-5.6-sol-off::problem-29/short-trace-final,problem-29,sha256:4ecced26b7df8a9b75c98baa33550ead17ba2313bbb605c2d1cb7baa2e29a52e,gpt-5.6-sol-off,short-trace-final,all-arms,dynamic,Omega_hat_StateSize,10749,0
dynamic::gpt-5.6-sol-off::all-arms::Omega_hat_StateSize,gpt-5.6-sol-off::problem-29/inside-loop-state,problem-29,sha256:6055ac1e5575ce92574c3669a2a3eb367092c36fb132bfce0cca3260851140e2,gpt-5.6-sol-off,inside-loop-state,all-arms,dynamic,Omega_hat_StateSize,10744,0
dynamic::gpt-5.6-sol-off::all-arms::Omega_hat_StateSize,gpt-5.6-sol-off::problem-29/long-trace-final,problem-29,sha256:dafab6181d512ecf0c71e74b5f580d6000813124811287d4fc852c2b145c4d20,gpt-5.6-sol-off,long-trace-final,all-arms,dynamic,Omega_hat_StateSize,10743,0
dynamic::gpt-5.6-sol-off::all-arms::Omega_hat_StateSize,gpt-5.6-sol-off::problem-30/inside-loop-state,problem-30,sha256:4956e45be9ac9fea2c36667b16c62bb1d6f435004d42c4e4b3b34a6a2de2fa26,gpt-5.6-sol-off,inside-loop-state,all-arms,dynamic,Omega_hat_StateSize,10788,0
dynamic::gpt-5.6-sol-off::all-arms::Omega_hat_StateSize,gpt-5.6-sol-off::problem-30/short-trace-final,problem-30,sha256:84ea88c1bf723ea51c2ae8d1c8fe25aa5d3dc5be93e0882e4f0cf0be0e4137bb,gpt-5.6-sol-off,short-trace-final,all-arms,dynamic,Omega_hat_StateSize,10726,0
dynamic::gpt-5.6-sol-off::all-arms::Omega_hat_StateSize,gpt-5.6-sol-off::problem-30/long-trace-final,problem-30,sha256:c2098a098a924cecff89d4a804a7f8d840ecd0538821c278601a32140bcca3f8,gpt-5.6-sol-off,long-trace-final,all-arms,dynamic,Omega_hat_StateSize,10787,0
dynamic::gpt-5.6-sol-off::all-arms::Omega_hat_StateSize,gpt-5.6-sol-off::problem-30/post-loop-state,problem-30,sha256:e69e021f535c9d0fc24b0101f47f65371d3832409890cf0484859bf2d6e98e0b,gpt-5.6-sol-off,post-loop-state,all-arms,dynamic,Omega_hat_StateSize,10787,0
dynamic::qwen3.8-27b-high::all-arms::Omega_hat_NativeTrace,qwen3.8-27b-high::problem-01/inside-loop-state,problem-01,sha256:0547b42885dc201376fb93765a3c7da6c077a0338c243dcae8c262108a061af1,qwen3.8-27b-high,inside-loop-state,all-arms,dynamic,Omega_hat_NativeTrace,177482,0
dynamic::qwen3.8-27b-high::all-arms::Omega_hat_NativeTrace,qwen3.8-27b-high::problem-01/long-trace-final,problem-01,sha256:56d9affe274f136e1933852e8f797cfb86ea3bed95c016b04556b2c4ca152b2c,qwen3.8-27b-high,long-trace-final,all-arms,dynamic,Omega_hat_NativeTrace,222559,0
dynamic::qwen3.8-27b-high::all-arms::Omega_hat_NativeTrace,qwen3.8-27b-high::problem-01/short-trace-final,problem-01,sha256:73ad8aafe6d235df156f603343f220d5bf0bf095034c7c09e4647aec6b75183c,qwen3.8-27b-high,short-trace-final,all-arms,dynamic,Omega_hat_NativeTrace,90806,0
dynamic::qwen3.8-27b-high::all-arms::Omega_hat_NativeTrace,qwen3.8-27b-high::problem-01/post-loop-state,problem-01,sha256:8c394bb669c6429a6cc8371df442ba1284632f5fd03fcf20b87ec42c6b002666,qwen3.8-27b-high,post-loop-state,all-arms,dynamic,Omega_hat_NativeTrace,214164,0
dynamic::qwen3.8-27b-high::all-arms::Omega_hat_NativeTrace,qwen3.8-27b-high::problem-02/long-trace-final,problem-02,sha256:2c6c086992c204f9156a73eca1a86fe4ad8b4777c9b50ca69f44efa3a0ec804d,qwen3.8-27b-high,long-trace-final,all-arms,dynamic,Omega_hat_NativeTrace,221700,0
dynamic::qwen3.8-27b-high::all-arms::Omega_hat_NativeTrace,qwen3.8-27b-high::problem-02/inside-loop-state,problem-02,sha256:43ea44d05f37e33633d2f43ad399b115c3066c018f15acef6f477c034fdda927,qwen3.8-27b-high,inside-loop-state,all-arms,dynamic,Omega_hat_NativeTrace,177007,0
dynamic::qwen3.8-27b-high::all-arms::Omega_hat_NativeTrace,qwen3.8-27b-high::problem-02/post-loop-state,problem-02,sha256:ba7d1febfb83991899883c292120818d9f29e3dd565ec4a93b6368650d9b3d8b,qwen3.8-27b-high,post-loop-state,all-arms,dynamic,Omega_hat_NativeTrace,213305,0
dynamic::qwen3.8-27b-high::all-arms::Omega_hat_NativeTrace,qwen3.8-27b-high::problem-02/short-trace-final,problem-02,sha256:c045cedad0407af52c2d7faa26f00e6fb48605031adc73be301bb6ee469d0a00,qwen3.8-27b-high,short-trace-final,all-arms,dynamic,Omega_hat_NativeTrace,108273,0
dynamic::qwen3.8-27b-high::all-arms::Omega_hat_NativeTrace,qwen3.8-27b-high::problem-03/post-loop-state,problem-03,sha256:2acfa20a7ee16e7c373ae0cf23d876f6106fe1856336ee95352a6619b1420010,qwen3.8-27b-high,post-loop-state,all-arms,dynamic,Omega_hat_NativeTrace,209127,0
dynamic::qwen3.8-27b-high::all-arms::Omega_hat_NativeTrace,qwen3.8-27b-high::problem-03/inside-loop-state,problem-03,sha256:587d5ad47aee9baac51abb2d6ac720bc8b29f8e6c6f98e2e7066bb6d8bac30a1,qwen3.8-27b-high,inside-loop-state,all-arms,dynamic,Omega_hat_NativeTrace,178047,0
dynamic::qwen3.8-27b-high::all-arms::Omega_hat_NativeTrace,qwen3.8-27b-high::problem-03/long-trace-final,problem-03,sha256:5cd8a44109e568c902e2d582d4448650c2d4a64ee9ae4e391cf17a60348468b4,qwen3.8-27b-high,long-trace-final,all-arms,dynamic,Omega_hat_NativeTrace,217522,0
dynamic::qwen3.8-27b-high::all-arms::Omega_hat_NativeTrace,qwen3.8-27b-high::problem-03/short-trace-final,problem-03,sha256:de9b7f7e58c8ec2d2f824891cdd79a1b094a45ac4742558225294573439b316d,qwen3.8-27b-high,short-trace-final,all-arms,dynamic,Omega_hat_NativeTrace,92185,0
dynamic::qwen3.8-27b-high::all-arms::Omega_hat_NativeTrace,qwen3.8-27b-high::problem-04/short-trace-final,problem-04,sha256:05aae40bc36e0df65171215e791c8e10e79babb0960ce78b876515d48b8accae,qwen3.8-27b-high,short-trace-final,all-arms,dynamic,Omega_hat_NativeTrace,101454,0
dynamic::qwen3.8-27b-high::all-arms::Omega_hat_NativeTrace,qwen3.8-27b-high::problem-04/long-trace-final,problem-04,sha256:7ad230089b4b878cee95f70563245eea351dea877118fcf8a597be6bd90d14f5,qwen3.8-27b-high,long-trace-final,all-arms,dynamic,Omega_hat_NativeTrace,231312,0
dynamic::qwen3.8-27b-high::all-arms::Omega_hat_NativeTrace,qwen3.8-27b-high::problem-04/post-loop-state,problem-04,sha256:94ab1f7d2732d7ff5cef895f5b77e7fd081702b993a6eb7d3d5c505592cefb21,qwen3.8-27b-high,post-loop-state,all-arms,dynamic,Omega_hat_NativeTrace,222917,0
dynamic::qwen3.8-27b-high::all-arms::Omega_hat_NativeTrace,qwen3.8-27b-high::problem-04/inside-loop-state,problem-04,sha256:9aaa594325de39aafc50a9d96c539f0c1166bd50a8eff8c49c14c84270c4ff59,qwen3.8-27b-high,inside-loop-state,all-arms,dynamic,Omega_hat_NativeTrace,187012,0
dynamic::qwen3.8-27b-high::all-arms::Omega_hat_NativeTrace,qwen3.8-27b-high::problem-05/post-loop-state,problem-05,sha256:0f684ff85de199f8f7c7ffc32375f9b9e62fa5827fcecce50fb5d60bca08e280,qwen3.8-27b-high,post-loop-state,all-arms,dynamic,Omega_hat_NativeTrace,219484,0
dynamic::qwen3.8-27b-high::all-arms::Omega_hat_NativeTrace,qwen3.8-27b-high::problem-05/long-trace-final,problem-05,sha256:5a4822c8f4e084302eeecb07be76313448d56e02db866843273cfa2a79ca9b73,qwen3.8-27b-high,long-trace-final,all-arms,dynamic,Omega_hat_NativeTrace,227879,0
dynamic::qwen3.8-27b-high::all-arms::Omega_hat_NativeTrace,qwen3.8-27b-high::problem-05/short-trace-final,problem-05,sha256:9f6345f351d6266c0c09238729ff08378ce70e23ac0267c2e41f067733d6f579,qwen3.8-27b-high,short-trace-final,all-arms,dynamic,Omega_hat_NativeTrace,92213,0
dynamic::qwen3.8-27b-high::all-arms::Omega_hat_NativeTrace,qwen3.8-27b-high::problem-05/inside-loop-state,problem-05,sha256:e22303dc39b5dd7a5cac47da11bd364b0897fb8d8d9099162d7706552f9fa372,qwen3.8-27b-high,inside-loop-state,all-arms,dynamic,Omega_hat_NativeTrace,187905,0
dynamic::qwen3.8-27b-high::all-arms::Omega_hat_NativeTrace,qwen3.8-27b-high::problem-06/long-trace-final,problem-06,sha256:061a7cf51e116aa318d53740cdc4d580b6c9767f126c91061a484987b96cd0c7,qwen3.8-27b-high,long-trace-final,all-arms,dynamic,Omega_hat_NativeTrace,220520,0
dynamic::qwen3.8-27b-high::all-arms::Omega_hat_NativeTrace,qwen3.8-27b-high::problem-06/post-loop-state,problem-06,sha256:2c10823e77f28c1bd27318dfe6f1918fbe52e06174725d89f5e5d33bd0bd5510,qwen3.8-27b-high,post-loop-state,all-arms,dynamic,Omega_hat_NativeTrace,212125,0
dynamic::qwen3.8-27b-high::all-arms::Omega_hat_NativeTrace,qwen3.8-27b-high::problem-06/short-trace-final,problem-06,sha256:6a88d2c05b775fcb748a8354a26e9d76a3a40fbeb4478fdc3ede8d3a216d580f,qwen3.8-27b-high,short-trace-final,all-arms,dynamic,Omega_hat_NativeTrace,93164,0
dynamic::qwen3.8-27b-high::all-arms::Omega_hat_NativeTrace,qwen3.8-27b-high::problem-06/inside-loop-state,problem-06,sha256:cd00c1a7e81437959f3f7ae75d1cd3869cff5bb6980eec8d78e39979ad3c2a27,qwen3.8-27b-high,inside-loop-state,all-arms,dynamic,Omega_hat_NativeTrace,173832,0
dynamic::qwen3.8-27b-high::all-arms::Omega_hat_NativeTrace,qwen3.8-27b-high::problem-07/long-trace-final,problem-07,sha256:0038af217dac3eb4ec50de238581737dacd10f0887c0b2b7bf8c89208e6efac5,qwen3.8-27b-high,long-trace-final,all-arms,dynamic,Omega_hat_NativeTrace,223712,0
dynamic::qwen3.8-27b-high::all-arms::Omega_hat_NativeTrace,qwen3.8-27b-high::problem-07/inside-loop-state,problem-07,sha256:3f021ab7fd773d4b5707b65f0ddba29e4e2f31918c7ad194865bdfdb2cc2fc23,qwen3.8-27b-high,inside-loop-state,all-arms,dynamic,Omega_hat_NativeTrace,189373,0
dynamic::qwen3.8-27b-high::all-arms::Omega_hat_NativeTrace,qwen3.8-27b-high::problem-07/post-loop-state,problem-07,sha256:9e457d18bfaac327399393fdb975773303e803b2fd677d4bd2e6b7cd4ddc624c,qwen3.8-27b-high,post-loop-state,all-arms,dynamic,Omega_hat_NativeTrace,215317,0
dynamic::qwen3.8-27b-high::all-arms::Omega_hat_NativeTrace,qwen3.8-27b-high::problem-07/short-trace-final,problem-07,sha256:a804134b8daa3d73abbebef8e0e40694e39211ed7153b6ad7591756fe33cd167,qwen3.8-27b-high,short-trace-final,all-arms,dynamic,Omega_hat_NativeTrace,100948,0
dynamic::qwen3.8-27b-high::all-arms::Omega_hat_NativeTrace,qwen3.8-27b-high::problem-08/inside-loop-state,problem-08,sha256:7064354a09226b66ebb7194c3454eab73c7a5d95fb26e79e1817e12584f3f310,qwen3.8-27b-high,inside-loop-state,all-arms,dynamic,Omega_hat_NativeTrace,177328,0
dynamic::qwen3.8-27b-high::all-arms::Omega_hat_NativeTrace,qwen3.8-27b-high::problem-08/short-trace-final,problem-08,sha256:a7da9f82ea01769a6b8a112317eee4c6cc1f6de1fd6fdd14a5537d4ac9c80a0f,qwen3.8-27b-high,short-trace-final,all-arms,dynamic,Omega_hat_NativeTrace,88887,0
dynamic::qwen3.8-27b-high::all-arms::Omega_hat_NativeTrace,qwen3.8-27b-high::problem-08/post-loop-state,problem-08,sha256:e32673ca942baf21e1de8014e35df297a78a6d254c419164d155a8af936e67b4,qwen3.8-27b-high,post-loop-state,all-arms,dynamic,Omega_hat_NativeTrace,202271,0
dynamic::qwen3.8-27b-high::all-arms::Omega_hat_NativeTrace,qwen3.8-27b-high::problem-08/long-trace-final,problem-08,sha256:f4f4c04290dfd1722493e9d5e7c6c040d58b8f4f1f2ea1ffd0972f45a5893717,qwen3.8-27b-high,long-trace-final,all-arms,dynamic,Omega_hat_NativeTrace,210666,0
dynamic::qwen3.8-27b-high::all-arms::Omega_hat_NativeTrace,qwen3.8-27b-high::problem-09/short-trace-final,problem-09,sha256:1f2e9f2d169b17ceb6021bac59f884fc4c71697048d44bcde003919a30c6bc01,qwen3.8-27b-high,short-trace-final,all-arms,dynamic,Omega_hat_NativeTrace,105245,0
dynamic::qwen3.8-27b-high::all-arms::Omega_hat_NativeTrace,qwen3.8-27b-high::problem-09/inside-loop-state,problem-09,sha256:221039cb3147683b097b9a9e97cbc35a8b09ba4e290f73be9b1bca308fd93ce3,qwen3.8-27b-high,inside-loop-state,all-arms,dynamic,Omega_hat_NativeTrace,182596,0
dynamic::qwen3.8-27b-high::all-arms::Omega_hat_NativeTrace,qwen3.8-27b-high::problem-09/post-loop-state,problem-09,sha256:2c9d501dc7cc0a1d91e2d7340569ca0ba384bdb40034069641418df06a065b02,qwen3.8-27b-high,post-loop-state,all-arms,dynamic,Omega_hat_NativeTrace,227967,0
dynamic::qwen3.8-27b-high::all-arms::Omega_hat_NativeTrace,qwen3.8-27b-high::problem-09/long-trace-final,problem-09,sha256:d5594fe452f9751f9e5a7096c8f016b17a3d1be5849b3882dd8846f268197c8d,qwen3.8-27b-high,long-trace-final,all-arms,dynamic,Omega_hat_NativeTrace,236362,0
dynamic::qwen3.8-27b-high::all-arms::Omega_hat_NativeTrace,qwen3.8-27b-high::problem-10/inside-loop-state,problem-10,sha256:4bfd0a8e336edf6d47adfddd74897b9784181700d614c66dab4d21903a7797cb,qwen3.8-27b-high,inside-loop-state,all-arms,dynamic,Omega_hat_NativeTrace,179176,0
dynamic::qwen3.8-27b-high::all-arms::Omega_hat_NativeTrace,qwen3.8-27b-high::problem-10/short-trace-final,problem-10,sha256:68a7353ba44980aa7c94507c7d2506366b7e1a6d3a9840cec0ba3fd243bb86ef,qwen3.8-27b-high,short-trace-final,all-arms,dynamic,Omega_hat_NativeTrace,103733,0
dynamic::qwen3.8-27b-high::all-arms::Omega_hat_NativeTrace,qwen3.8-27b-high::problem-10/post-loop-state,problem-10,sha256:6d34f6c50beb59b579b867aa64417c1f8e212aca0c7dba85a4f8d73ad6395e15,qwen3.8-27b-high,post-loop-state,all-arms,dynamic,Omega_hat_NativeTrace,215948,0
dynamic::qwen3.8-27b-high::all-arms::Omega_hat_NativeTrace,qwen3.8-27b-high::problem-10/long-trace-final,problem-10,sha256:b9350571c682c8ce1a385a3827b09b6195b6b0de80c103fe5638970bd0396907,qwen3.8-27b-high,long-trace-final,all-arms,dynamic,Omega_hat_NativeTrace,224343,0
dynamic::qwen3.8-27b-high::all-arms::Omega_hat_NativeTrace,qwen3.8-27b-high::problem-11/short-trace-final,problem-11,sha256:26270b738997e89a812774051cc9205ec744eed12d5397ba27730fd1f3616545,qwen3.8-27b-high,short-trace-final,all-arms,dynamic,Omega_hat_NativeTrace,293189,0
dynamic::qwen3.8-27b-high::all-arms::Omega_hat_NativeTrace,qwen3.8-27b-high::problem-11/long-trace-final,problem-11,sha256:37449d8e8c91c57d5e2c5704a43fc22c0bd0599b769db5d859947f119c59900a,qwen3.8-27b-high,long-trace-final,all-arms,dynamic,Omega_hat_NativeTrace,507023,0
dynamic::qwen3.8-27b-high::all-arms::Omega_hat_NativeTrace,qwen3.8-27b-high::problem-11/post-loop-state,problem-11,sha256:89cf19a5769900427442f00c16f675ef52b8c60cb6f502a5e54dafd29cbaa7b3,qwen3.8-27b-high,post-loop-state,all-arms,dynamic,Omega_hat_NativeTrace,490939,0
dynamic::qwen3.8-27b-high::all-arms::Omega_hat_NativeTrace,qwen3.8-27b-high::problem-11/inside-loop-state,problem-11,sha256:9e616055a8b294cc727870ca9d00854bfd4625609bfaf8f7f208f2affda4e187,qwen3.8-27b-high,inside-loop-state,all-arms,dynamic,Omega_hat_NativeTrace,414516,0
dynamic::qwen3.8-27b-high::all-arms::Omega_hat_NativeTrace,qwen3.8-27b-high::problem-12/inside-loop-state,problem-12,sha256:7b5df0851254363517f3ded42cf7a385fa51a85dd64743e6e008669e0faf5b82,qwen3.8-27b-high,inside-loop-state,all-arms,dynamic,Omega_hat_NativeTrace,420712,0
dynamic::qwen3.8-27b-high::all-arms::Omega_hat_NativeTrace,qwen3.8-27b-high::problem-12/short-trace-final,problem-12,sha256:85aa9c8d83f90f5ce7ad3cbf050a51a8d8f6994499cd2159cb23a7ea82b1849e,qwen3.8-27b-high,short-trace-final,all-arms,dynamic,Omega_hat_NativeTrace,284443,0
dynamic::qwen3.8-27b-high::all-arms::Omega_hat_NativeTrace,qwen3.8-27b-high::problem-12/post-loop-state,problem-12,sha256:958460d7ecf7621b9ecf5669fda846e1d9c0a7b4b399190aeed32c7df8b0699e,qwen3.8-27b-high,post-loop-state,all-arms,dynamic,Omega_hat_NativeTrace,481453,0
dynamic::qwen3.8-27b-high::all-arms::Omega_hat_NativeTrace,qwen3.8-27b-high::problem-12/long-trace-final,problem-12,sha256:bbf72f7493684d660693adfc81bbd175088f4b46afda09d4b298512c72508c1b,qwen3.8-27b-high,long-trace-final,all-arms,dynamic,Omega_hat_NativeTrace,497537,0
dynamic::qwen3.8-27b-high::all-arms::Omega_hat_NativeTrace,qwen3.8-27b-high::problem-13/inside-loop-state,problem-13,sha256:2b247ce5916acd9195152fced59de2ae563f4cbdd37bfd795074e5f2ec115251,qwen3.8-27b-high,inside-loop-state,all-arms,dynamic,Omega_hat_NativeTrace,432012,0
dynamic::qwen3.8-27b-high::all-arms::Omega_hat_NativeTrace,qwen3.8-27b-high::problem-13/post-loop-state,problem-13,sha256:5c4433c9aa1b024d200559d67bbc7d578a21c39d10fb03ce2c6a5caae255993f,qwen3.8-27b-high,post-loop-state,all-arms,dynamic,Omega_hat_NativeTrace,544902,0
dynamic::qwen3.8-27b-high::all-arms::Omega_hat_NativeTrace,qwen3.8-27b-high::problem-13/short-trace-final,problem-13,sha256:eccc604db1d5cc06fe2c28b2456d93ecb100590e01fd6ce576ad76161a08aada,qwen3.8-27b-high,short-trace-final,all-arms,dynamic,Omega_hat_NativeTrace,278749,0
dynamic::qwen3.8-27b-high::all-arms::Omega_hat_NativeTrace,qwen3.8-27b-high::problem-13/long-trace-final,problem-13,sha256:fc03a1fd966e3a60af4264cb997a959b0d3d39ccb2cc7f6636f0659db36c1fcf,qwen3.8-27b-high,long-trace-final,all-arms,dynamic,Omega_hat_NativeTrace,560986,0
dynamic::qwen3.8-27b-high::all-arms::Omega_hat_NativeTrace,qwen3.8-27b-high::problem-14/short-trace-final,problem-14,sha256:929856d52b4d3a50a8d477f065732fc3ff381b1ec26dfd9672f1bb3e81b9112e,qwen3.8-27b-high,short-trace-final,all-arms,dynamic,Omega_hat_NativeTrace,269637,0
dynamic::qwen3.8-27b-high::all-arms::Omega_hat_NativeTrace,qwen3.8-27b-high::problem-14/post-loop-state,problem-14,sha256:a428733484eb9e4568dc0f1944310d728394aa7a5f597f21fad8a5f17c349a92,qwen3.8-27b-high,post-loop-state,all-arms,dynamic,Omega_hat_NativeTrace,506380,0
dynamic::qwen3.8-27b-high::all-arms::Omega_hat_NativeTrace,qwen3.8-27b-high::problem-14/inside-loop-state,problem-14,sha256:b92de04f170b8d7777731ffc17b0ef112672dde69764b2e2b4544f1cbbfd2775,qwen3.8-27b-high,inside-loop-state,all-arms,dynamic,Omega_hat_NativeTrace,409055,0
dynamic::qwen3.8-27b-high::all-arms::Omega_hat_NativeTrace,qwen3.8-27b-high::problem-14/long-trace-final,problem-14,sha256:e692c2f7963ddc6244570169d2564497fe9f12ef39e36f0f4f9f973b508f3616,qwen3.8-27b-high,long-trace-final,all-arms,dynamic,Omega_hat_NativeTrace,522464,0
dynamic::qwen3.8-27b-high::all-arms::Omega_hat_NativeTrace,qwen3.8-27b-high::problem-15/post-loop-state,problem-15,sha256:12301c45635de868f2a4e921222d940fcf33c2f6205d05fc21454266cfbc3061,qwen3.8-27b-high,post-loop-state,all-arms,dynamic,Omega_hat_NativeTrace,487763,0
dynamic::qwen3.8-27b-high::all-arms::Omega_hat_NativeTrace,qwen3.8-27b-high::problem-15/inside-loop-state,problem-15,sha256:50e103eb8654ee1640e95f86191fb481f0e07e0bd366e6b5ce47d20c0a200912,qwen3.8-27b-high,inside-loop-state,all-arms,dynamic,Omega_hat_NativeTrace,405070,0
dynamic::qwen3.8-27b-high::all-arms::Omega_hat_NativeTrace,qwen3.8-27b-high::problem-15/short-trace-final,problem-15,sha256:649f09230fe16bc947760c4387cd544c37fec8d49083a073371770fa5ae3e1d1,qwen3.8-27b-high,short-trace-final,all-arms,dynamic,Omega_hat_NativeTrace,264604,0
dynamic::qwen3.8-27b-high::all-arms::Omega_hat_NativeTrace,qwen3.8-27b-high::problem-15/long-trace-final,problem-15,sha256:8ab718d447d5782861bfa1a8a089a1b4a55c3c55b6ead5ff4abb068409ec1b6b,qwen3.8-27b-high,long-trace-final,all-arms,dynamic,Omega_hat_NativeTrace,503847,0
dynamic::qwen3.8-27b-high::all-arms::Omega_hat_NativeTrace,qwen3.8-27b-high::problem-16/short-trace-final,problem-16,sha256:64670fb8a7f19547ad0b0c7647c368cf26d355b1d2e0bedbf884079ff09d87fb,qwen3.8-27b-high,short-trace-final,all-arms,dynamic,Omega_hat_NativeTrace,268255,0
dynamic::qwen3.8-27b-high::all-arms::Omega_hat_NativeTrace,qwen3.8-27b-high::problem-16/post-loop-state,problem-16,sha256:8368e978d24c4b3ea18f7eb2ea99706b1e5473aa07f13c4bb3fe6fe619fee763,qwen3.8-27b-high,post-loop-state,all-arms,dynamic,Omega_hat_NativeTrace,467627,0
dynamic::qwen3.8-27b-high::all-arms::Omega_hat_NativeTrace,qwen3.8-27b-high::problem-16/long-trace-final,problem-16,sha256:a01be6f53c51de04e80ef9a1b56b33bd854ea547c3ab8fbf01dd1719b64424e2,qwen3.8-27b-high,long-trace-final,all-arms,dynamic,Omega_hat_NativeTrace,483711,0
dynamic::qwen3.8-27b-high::all-arms::Omega_hat_NativeTrace,qwen3.8-27b-high::problem-16/inside-loop-state,problem-16,sha256:e785fbb7c44714837a925d69b7a0b7764633037949cf8e2d8eee2ac7af673285,qwen3.8-27b-high,inside-loop-state,all-arms,dynamic,Omega_hat_NativeTrace,414667,0
dynamic::qwen3.8-27b-high::all-arms::Omega_hat_NativeTrace,qwen3.8-27b-high::problem-17/short-trace-final,problem-17,sha256:23bfd7217d9ba652a3156953e53db1b393d9093de1553e00151f9992835a6c12,qwen3.8-27b-high,short-trace-final,all-arms,dynamic,Omega_hat_NativeTrace,263095,0
dynamic::qwen3.8-27b-high::all-arms::Omega_hat_NativeTrace,qwen3.8-27b-high::problem-17/post-loop-state,problem-17,sha256:a71207cf0c9322ded7b4ad736d0eb7fe58ca15c45d6aad6ed8aa8f7de3eda7b2,qwen3.8-27b-high,post-loop-state,all-arms,dynamic,Omega_hat_NativeTrace,520301,0
dynamic::qwen3.8-27b-high::all-arms::Omega_hat_NativeTrace,qwen3.8-27b-high::problem-17/long-trace-final,problem-17,sha256:c1d6591d0bf5a1829058e47370a9ecca6ddf09033379e65669b82b28603cf1e2,qwen3.8-27b-high,long-trace-final,all-arms,dynamic,Omega_hat_NativeTrace,536385,0
dynamic::qwen3.8-27b-high::all-arms::Omega_hat_NativeTrace,qwen3.8-27b-high::problem-17/inside-loop-state,problem-17,sha256:ffbe22e9b9ecc46324d4d5b73a4a9fb9116281954ab9775b607d59ad2563ff75,qwen3.8-27b-high,inside-loop-state,all-arms,dynamic,Omega_hat_NativeTrace,435317,0
dynamic::qwen3.8-27b-high::all-arms::Omega_hat_NativeTrace,qwen3.8-27b-high::problem-18/long-trace-final,problem-18,sha256:3e1043702949a2334ffeb4aae795b5838059d006655a0bbf6798f0b6adeb085f,qwen3.8-27b-high,long-trace-final,all-arms,dynamic,Omega_hat_NativeTrace,492562,0
dynamic::qwen3.8-27b-high::all-arms::Omega_hat_NativeTrace,qwen3.8-27b-high::problem-18/short-trace-final,problem-18,sha256:55ce2dca47dbe112e5ff867e7e8bfbd2311a4010bf0497e1f33d5e2d3b6b309d,qwen3.8-27b-high,short-trace-final,all-arms,dynamic,Omega_hat_NativeTrace,258069,0
dynamic::qwen3.8-27b-high::all-arms::Omega_hat_NativeTrace,qwen3.8-27b-high::problem-18/inside-loop-state,problem-18,sha256:d9fde9c0b10033b45350be818f38a02f7530deefc277daf7ca51e91be628bf0d,qwen3.8-27b-high,inside-loop-state,all-arms,dynamic,Omega_hat_NativeTrace,419419,0
dynamic::qwen3.8-27b-high::all-arms::Omega_hat_NativeTrace,qwen3.8-27b-high::problem-18/post-loop-state,problem-18,sha256:ec5ffe88fa32f58a281e2a9be9970228c8f780ce294441e0d8ca083c44ab7cb9,qwen3.8-27b-high,post-loop-state,all-arms,dynamic,Omega_hat_NativeTrace,476478,0
dynamic::qwen3.8-27b-high::all-arms::Omega_hat_NativeTrace,qwen3.8-27b-high::problem-19/long-trace-final,problem-19,sha256:48814bea3c8f1e5cd1614a147556846e339503cb69e0803c858796e6f058c6eb,qwen3.8-27b-high,long-trace-final,all-arms,dynamic,Omega_hat_NativeTrace,553979,0
dynamic::qwen3.8-27b-high::all-arms::Omega_hat_NativeTrace,qwen3.8-27b-high::problem-19/post-loop-state,problem-19,sha256:67005c3e5fba330dd029ce911161dd9d7c281181ffdda26a6c04f791843ce5b0,qwen3.8-27b-high,post-loop-state,all-arms,dynamic,Omega_hat_NativeTrace,537895,0
dynamic::qwen3.8-27b-high::all-arms::Omega_hat_NativeTrace,qwen3.8-27b-high::problem-19/inside-loop-state,problem-19,sha256:7c4063bd0e506396a919ac229901d3779224482c2f0a86685fac407a77181b08,qwen3.8-27b-high,inside-loop-state,all-arms,dynamic,Omega_hat_NativeTrace,429295,0
dynamic::qwen3.8-27b-high::all-arms::Omega_hat_NativeTrace,qwen3.8-27b-high::problem-19/short-trace-final,problem-19,sha256:e573b78b30a2d6877c5e647ea6ef1ebbe778918dafdef3ce3ca1ef425adf4aae,qwen3.8-27b-high,short-trace-final,all-arms,dynamic,Omega_hat_NativeTrace,309010,0
dynamic::qwen3.8-27b-high::all-arms::Omega_hat_NativeTrace,qwen3.8-27b-high::problem-20/post-loop-state,problem-20,sha256:18ed8611483fb7761108ab3d6d83b912b08a4b16125c798ed34fc0e54d1d0305,qwen3.8-27b-high,post-loop-state,all-arms,dynamic,Omega_hat_NativeTrace,492055,0
dynamic::qwen3.8-27b-high::all-arms::Omega_hat_NativeTrace,qwen3.8-27b-high::problem-20/short-trace-final,problem-20,sha256:9e0c8296a9f0717b3ada2dc70705058a39ba1d561df45643b9a79d3f62c7ee4f,qwen3.8-27b-high,short-trace-final,all-arms,dynamic,Omega_hat_NativeTrace,267137,0
dynamic::qwen3.8-27b-high::all-arms::Omega_hat_NativeTrace,qwen3.8-27b-high::problem-20/inside-loop-state,problem-20,sha256:bd5bcbf1a9fbe0d7ec617f2eb09018adffc1493412d300f645de5abb9bb358e1,qwen3.8-27b-high,inside-loop-state,all-arms,dynamic,Omega_hat_NativeTrace,415556,0
dynamic::qwen3.8-27b-high::all-arms::Omega_hat_NativeTrace,qwen3.8-27b-high::problem-20/long-trace-final,problem-20,sha256:cfdd0f3fcdabe8556447869245ebb13768cf9520d32294331ed86a2fcdda934e,qwen3.8-27b-high,long-trace-final,all-arms,dynamic,Omega_hat_NativeTrace,508139,0
dynamic::qwen3.8-27b-high::all-arms::Omega_hat_NativeTrace,qwen3.8-27b-high::problem-21/inside-loop-state,problem-21,sha256:6b893d1fe6186f33bb87627c625c620c60c23d16b1eb380e5428287d7bcd173b,qwen3.8-27b-high,inside-loop-state,all-arms,dynamic,Omega_hat_NativeTrace,908439,0
dynamic::qwen3.8-27b-high::all-arms::Omega_hat_NativeTrace,qwen3.8-27b-high::problem-21/long-trace-final,problem-21,sha256:abae68d8201478b8273623d6f31c7f95f798e23c59176c1c030258097c23bc2a,qwen3.8-27b-high,long-trace-final,all-arms,dynamic,Omega_hat_NativeTrace,1103682,0
dynamic::qwen3.8-27b-high::all-arms::Omega_hat_NativeTrace,qwen3.8-27b-high::problem-21/post-loop-state,problem-21,sha256:b1ba4c145bc3491180d71e43456f0de195530e4eda327d97e480319644d54468,qwen3.8-27b-high,post-loop-state,all-arms,dynamic,Omega_hat_NativeTrace,1074688,0
dynamic::qwen3.8-27b-high::all-arms::Omega_hat_NativeTrace,qwen3.8-27b-high::problem-21/short-trace-final,problem-21,sha256:c08e9d12f0c628db74c80e296b9aeaa44f2ff442479546e4521c875bc621edcf,qwen3.8-27b-high,short-trace-final,all-arms,dynamic,Omega_hat_NativeTrace,676300,0
dynamic::qwen3.8-27b-high::all-arms::Omega_hat_NativeTrace,qwen3.8-27b-high::problem-22/post-loop-state,problem-22,sha256:642b405db89f31906ffda3368213a2dea48b194489eef14859eba92a495738dc,qwen3.8-27b-high,post-loop-state,all-arms,dynamic,Omega_hat_NativeTrace,1103437,0
dynamic::qwen3.8-27b-high::all-arms::Omega_hat_NativeTrace,qwen3.8-27b-high::problem-22/inside-loop-state,problem-22,sha256:895a3e331a4a70e78f11ec4c30afb51f9695d33bfe2745487c604118a27dc196,qwen3.8-27b-high,inside-loop-state,all-arms,dynamic,Omega_hat_NativeTrace,947612,0
dynamic::qwen3.8-27b-high::all-arms::Omega_hat_NativeTrace,qwen3.8-27b-high::problem-22/short-trace-final,problem-22,sha256:bdfb4ea940fcc763a5c0367908bb8a2418611ecbf44f222ddd6008ab05066e5a,qwen3.8-27b-high,short-trace-final,all-arms,dynamic,Omega_hat_NativeTrace,672322,0
dynamic::qwen3.8-27b-high::all-arms::Omega_hat_NativeTrace,qwen3.8-27b-high::problem-22/long-trace-final,problem-22,sha256:d095f6706999a481b592168652c7c699ef339254946149818a5f8ab337c7f262,qwen3.8-27b-high,long-trace-final,all-arms,dynamic,Omega_hat_NativeTrace,1132431,0
dynamic::qwen3.8-27b-high::all-arms::Omega_hat_NativeTrace,qwen3.8-27b-high::problem-23/long-trace-final,problem-23,sha256:1245ebbf69a81bcb8f23d1a367d4077c7ff732cf2ca37e553c4ad80d11a1687e,qwen3.8-27b-high,long-trace-final,all-arms,dynamic,Omega_hat_NativeTrace,1158204,0
dynamic::qwen3.8-27b-high::all-arms::Omega_hat_NativeTrace,qwen3.8-27b-high::problem-23/short-trace-final,problem-23,sha256:78febcc2681676995da118209adc295d1c6f8449ddc2f697eff5823e74d2c92b,qwen3.8-27b-high,short-trace-final,all-arms,dynamic,Omega_hat_NativeTrace,693244,0
dynamic::qwen3.8-27b-high::all-arms::Omega_hat_NativeTrace,qwen3.8-27b-high::problem-23/inside-loop-state,problem-23,sha256:c5b04d442721c6e23d53ded804f222ca9bc2bd35cb825d975482627fa2f68eb8,qwen3.8-27b-high,inside-loop-state,all-arms,dynamic,Omega_hat_NativeTrace,954487,0
dynamic::qwen3.8-27b-high::all-arms::Omega_hat_NativeTrace,qwen3.8-27b-high::problem-23/post-loop-state,problem-23,sha256:f422207380b27c4b9c9e1403517b42b55f6342cd02514f3d18cff14a6eaf23b9,qwen3.8-27b-high,post-loop-state,all-arms,dynamic,Omega_hat_NativeTrace,1129210,0
dynamic::qwen3.8-27b-high::all-arms::Omega_hat_NativeTrace,qwen3.8-27b-high::problem-24/long-trace-final,problem-24,sha256:312cb1244299d8ea29ce3be52759a05aaf6f571f4cabdb8de4cdfefc53c21127,qwen3.8-27b-high,long-trace-final,all-arms,dynamic,Omega_hat_NativeTrace,1152328,0
dynamic::qwen3.8-27b-high::all-arms::Omega_hat_NativeTrace,qwen3.8-27b-high::problem-24/post-loop-state,problem-24,sha256:a9bba3e75ac97caf5a230d723fd189724ff0563bea2bef0b001eb7655cd5c948,qwen3.8-27b-high,post-loop-state,all-arms,dynamic,Omega_hat_NativeTrace,1123334,0
dynamic::qwen3.8-27b-high::all-arms::Omega_hat_NativeTrace,qwen3.8-27b-high::problem-24/inside-loop-state,problem-24,sha256:c151679cf530cdccea973844a665dbb377147bfda08d781a73e4cebd8e7aa207,qwen3.8-27b-high,inside-loop-state,all-arms,dynamic,Omega_hat_NativeTrace,951623,0
dynamic::qwen3.8-27b-high::all-arms::Omega_hat_NativeTrace,qwen3.8-27b-high::problem-24/short-trace-final,problem-24,sha256:da5e2129ac6eb31efb9c60f4456bf6a53cf0c9c972c82515c6421612ad91b98c,qwen3.8-27b-high,short-trace-final,all-arms,dynamic,Omega_hat_NativeTrace,682729,0
dynamic::qwen3.8-27b-high::all-arms::Omega_hat_NativeTrace,qwen3.8-27b-high::problem-25/inside-loop-state,problem-25,sha256:5e34e564ebcb950511aeb4040311983a4e917c9f539fe9bf740740d04ff82754,qwen3.8-27b-high,inside-loop-state,all-arms,dynamic,Omega_hat_NativeTrace,953509,0
dynamic::qwen3.8-27b-high::all-arms::Omega_hat_NativeTrace,qwen3.8-27b-high::problem-25/post-loop-state,problem-25,sha256:75b110f0259dbaad71e4a3448a19097ec57bdd629d5281f6767d6860812b4c19,qwen3.8-27b-high,post-loop-state,all-arms,dynamic,Omega_hat_NativeTrace,1099416,0
dynamic::qwen3.8-27b-high::all-arms::Omega_hat_NativeTrace,qwen3.8-27b-high::problem-25/short-trace-final,problem-25,sha256:a40a9795cb938fde800d3c6170d0c04fa0258cbef4e26485156c279ea570a1c9,qwen3.8-27b-high,short-trace-final,all-arms,dynamic,Omega_hat_NativeTrace,682450,0
dynamic::qwen3.8-27b-high::all-arms::Omega_hat_NativeTrace,qwen3.8-27b-high::problem-25/long-trace-final,problem-25,sha256:ea555a40d3f155ff207893e7327866c923e56b4bcc853fbea3e3ec27d9a3e419,qwen3.8-27b-high,long-trace-final,all-arms,dynamic,Omega_hat_NativeTrace,1128410,0
dynamic::qwen3.8-27b-high::all-arms::Omega_hat_NativeTrace,qwen3.8-27b-high::problem-26/post-loop-state,problem-26,sha256:09ad9f965884b1ca88246bf427ed30c073b3774cda0e3f8b1ba5fcb8a52876f0,qwen3.8-27b-high,post-loop-state,all-arms,dynamic,Omega_hat_NativeTrace,1084392,0
dynamic::qwen3.8-27b-high::all-arms::Omega_hat_NativeTrace,qwen3.8-27b-high::problem-26/long-trace-final,problem-26,sha256:8a0a9d72ece310a0393e6f8cd6161daa9fc85ca793d8f7a5effe7867b7b3610e,qwen3.8-27b-high,long-trace-final,all-arms,dynamic,Omega_hat_NativeTrace,1113386,0
dynamic::qwen3.8-27b-high::all-arms::Omega_hat_NativeTrace,qwen3.8-27b-high::problem-26/short-trace-final,problem-26,sha256:d366caa8929075d65d1d7b7db9700b9131f161a1ac0faff603b289cf7c5bce85,qwen3.8-27b-high,short-trace-final,all-arms,dynamic,Omega_hat_NativeTrace,664411,0
dynamic::qwen3.8-27b-high::all-arms::Omega_hat_NativeTrace,qwen3.8-27b-high::problem-26/inside-loop-state,problem-26,sha256:f9a0bdb83416f8938c7ae733c1f802841b3746ef0e2c9c69f4dfcd271e42f429,qwen3.8-27b-high,inside-loop-state,all-arms,dynamic,Omega_hat_NativeTrace,933361,0
dynamic::qwen3.8-27b-high::all-arms::Omega_hat_NativeTrace,qwen3.8-27b-high::problem-27/long-trace-final,problem-27,sha256:1d4d6eaa0d724ed2eabbd6de906e694e29956478548df760cda79767a3d420aa,qwen3.8-27b-high,long-trace-final,all-arms,dynamic,Omega_hat_NativeTrace,1134258,0
dynamic::qwen3.8-27b-high::all-arms::Omega_hat_NativeTrace,qwen3.8-27b-high::problem-27/short-trace-final,problem-27,sha256:ac06f4eaa7953cf90f5b0f2b52580f1e113358761701f25264564a9119eed893,qwen3.8-27b-high,short-trace-final,all-arms,dynamic,Omega_hat_NativeTrace,668322,0
dynamic::qwen3.8-27b-high::all-arms::Omega_hat_NativeTrace,qwen3.8-27b-high::problem-27/inside-loop-state,problem-27,sha256:e8a7fd6ede3a54a7a6c46ba71aa8095c7036f8a67282fd35936d92bd03911640,qwen3.8-27b-high,inside-loop-state,all-arms,dynamic,Omega_hat_NativeTrace,956840,0
dynamic::qwen3.8-27b-high::all-arms::Omega_hat_NativeTrace,qwen3.8-27b-high::problem-27/post-loop-state,problem-27,sha256:ec560b955bdd3cfdd9c93d7e5e9dec52b80d640de2b6aef03d7e59ab46ae487f,qwen3.8-27b-high,post-loop-state,all-arms,dynamic,Omega_hat_NativeTrace,1105264,0
dynamic::qwen3.8-27b-high::all-arms::Omega_hat_NativeTrace,qwen3.8-27b-high::problem-28/inside-loop-state,problem-28,sha256:8e7497c27f25952db2771db8b7d65a445fec890474e0eaf363433912b4448d98,qwen3.8-27b-high,inside-loop-state,all-arms,dynamic,Omega_hat_NativeTrace,968151,0
dynamic::qwen3.8-27b-high::all-arms::Omega_hat_NativeTrace,qwen3.8-27b-high::problem-28/short-trace-final,problem-28,sha256:e48fd34b81d40474be4f17f911d0be54f3f4d0dcb7dcf485fbc4396c61acb108,qwen3.8-27b-high,short-trace-final,all-arms,dynamic,Omega_hat_NativeTrace,714229,0
dynamic::qwen3.8-27b-high::all-arms::Omega_hat_NativeTrace,qwen3.8-27b-high::problem-28/long-trace-final,problem-28,sha256:eac890193eab32fcb83a9b96b1975d2ec0850ff443479a8e9fc22322b0fef1a3,qwen3.8-27b-high,long-trace-final,all-arms,dynamic,Omega_hat_NativeTrace,1202298,0
dynamic::qwen3.8-27b-high::all-arms::Omega_hat_NativeTrace,qwen3.8-27b-high::problem-28/post-loop-state,problem-28,sha256:eb32ac1b648907af496e87af77869c7d270abcf1a78e35194aff1abc7aad9814,qwen3.8-27b-high,post-loop-state,all-arms,dynamic,Omega_hat_NativeTrace,1173304,0
dynamic::qwen3.8-27b-high::all-arms::Omega_hat_NativeTrace,qwen3.8-27b-high::problem-29/post-loop-state,problem-29,sha256:266a35b82d6b7b97b632edbdec2e61ad18b6191c9dc4722cceec06e6f7cf3e7b,qwen3.8-27b-high,post-loop-state,all-arms,dynamic,Omega_hat_NativeTrace,1154018,0
dynamic::qwen3.8-27b-high::all-arms::Omega_hat_NativeTrace,qwen3.8-27b-high::problem-29/short-trace-final,problem-29,sha256:4ecced26b7df8a9b75c98baa33550ead17ba2313bbb605c2d1cb7baa2e29a52e,qwen3.8-27b-high,short-trace-final,all-arms,dynamic,Omega_hat_NativeTrace,699583,0
dynamic::qwen3.8-27b-high::all-arms::Omega_hat_NativeTrace,qwen3.8-27b-high::problem-29/inside-loop-state,problem-29,sha256:6055ac1e5575ce92574c3669a2a3eb367092c36fb132bfce0cca3260851140e2,qwen3.8-27b-high,inside-loop-state,all-arms,dynamic,Omega_hat_NativeTrace,975089,0
dynamic::qwen3.8-27b-high::all-arms::Omega_hat_NativeTrace,qwen3.8-27b-high::problem-29/long-trace-final,problem-29,sha256:dafab6181d512ecf0c71e74b5f580d6000813124811287d4fc852c2b145c4d20,qwen3.8-27b-high,long-trace-final,all-arms,dynamic,Omega_hat_NativeTrace,1183012,0
dynamic::qwen3.8-27b-high::all-arms::Omega_hat_NativeTrace,qwen3.8-27b-high::problem-30/inside-loop-state,problem-30,sha256:4956e45be9ac9fea2c36667b16c62bb1d6f435004d42c4e4b3b34a6a2de2fa26,qwen3.8-27b-high,inside-loop-state,all-arms,dynamic,Omega_hat_NativeTrace,981391,0
dynamic::qwen3.8-27b-high::all-arms::Omega_hat_NativeTrace,qwen3.8-27b-high::problem-30/short-trace-final,problem-30,sha256:84ea88c1bf723ea51c2ae8d1c8fe25aa5d3dc5be93e0882e4f0cf0be0e4137bb,qwen3.8-27b-high,short-trace-final,all-arms,dynamic,Omega_hat_NativeTrace,635734,0
dynamic::qwen3.8-27b-high::all-arms::Omega_hat_NativeTrace,qwen3.8-27b-high::problem-30/long-trace-final,problem-30,sha256:c2098a098a924cecff89d4a804a7f8d840ecd0538821c278601a32140bcca3f8,qwen3.8-27b-high,long-trace-final,all-arms,dynamic,Omega_hat_NativeTrace,1138793,0
dynamic::qwen3.8-27b-high::all-arms::Omega_hat_NativeTrace,qwen3.8-27b-high::problem-30/post-loop-state,problem-30,sha256:e69e021f535c9d0fc24b0101f47f65371d3832409890cf0484859bf2d6e98e0b,qwen3.8-27b-high,post-loop-state,all-arms,dynamic,Omega_hat_NativeTrace,1109799,0
dynamic::qwen3.8-27b-high::all-arms::Omega_hat_StateLoad,qwen3.8-27b-high::problem-01/inside-loop-state,problem-01,sha256:0547b42885dc201376fb93765a3c7da6c077a0338c243dcae8c262108a061af1,qwen3.8-27b-high,inside-loop-state,all-arms,dynamic,Omega_hat_StateLoad,86579700,0
dynamic::qwen3.8-27b-high::all-arms::Omega_hat_StateLoad,qwen3.8-27b-high::problem-01/long-trace-final,problem-01,sha256:56d9affe274f136e1933852e8f797cfb86ea3bed95c016b04556b2c4ca152b2c,qwen3.8-27b-high,long-trace-final,all-arms,dynamic,Omega_hat_StateLoad,106548777,0
dynamic::qwen3.8-27b-high::all-arms::Omega_hat_StateLoad,qwen3.8-27b-high::problem-01/short-trace-final,problem-01,sha256:73ad8aafe6d235df156f603343f220d5bf0bf095034c7c09e4647aec6b75183c,qwen3.8-27b-high,short-trace-final,all-arms,dynamic,Omega_hat_StateLoad,41566773,0
dynamic::qwen3.8-27b-high::all-arms::Omega_hat_StateLoad,qwen3.8-27b-high::problem-01/post-loop-state,problem-01,sha256:8c394bb669c6429a6cc8371df442ba1284632f5fd03fcf20b87ec42c6b002666,qwen3.8-27b-high,post-loop-state,all-arms,dynamic,Omega_hat_StateLoad,104083011,0
dynamic::qwen3.8-27b-high::all-arms::Omega_hat_StateLoad,qwen3.8-27b-high::problem-02/long-trace-final,problem-02,sha256:2c6c086992c204f9156a73eca1a86fe4ad8b4777c9b50ca69f44efa3a0ec804d,qwen3.8-27b-high,long-trace-final,all-arms,dynamic,Omega_hat_StateLoad,106084790,0
dynamic::qwen3.8-27b-high::all-arms::Omega_hat_StateLoad,qwen3.8-27b-high::problem-02/inside-loop-state,problem-02,sha256:43ea44d05f37e33633d2f43ad399b115c3066c018f15acef6f477c034fdda927,qwen3.8-27b-high,inside-loop-state,all-arms,dynamic,Omega_hat_StateLoad,86252989,0
dynamic::qwen3.8-27b-high::all-arms::Omega_hat_StateLoad,qwen3.8-27b-high::problem-02/post-loop-state,problem-02,sha256:ba7d1febfb83991899883c292120818d9f29e3dd565ec4a93b6368650d9b3d8b,qwen3.8-27b-high,post-loop-state,all-arms,dynamic,Omega_hat_StateLoad,103617741,0
dynamic::qwen3.8-27b-high::all-arms::Omega_hat_StateLoad,qwen3.8-27b-high::problem-02/short-trace-final,problem-02,sha256:c045cedad0407af52c2d7faa26f00e6fb48605031adc73be301bb6ee469d0a00,qwen3.8-27b-high,short-trace-final,all-arms,dynamic,Omega_hat_StateLoad,49548623,0
dynamic::qwen3.8-27b-high::all-arms::Omega_hat_StateLoad,qwen3.8-27b-high::problem-03/post-loop-state,problem-03,sha256:2acfa20a7ee16e7c373ae0cf23d876f6106fe1856336ee95352a6619b1420010,qwen3.8-27b-high,post-loop-state,all-arms,dynamic,Omega_hat_StateLoad,101288087,0
dynamic::qwen3.8-27b-high::all-arms::Omega_hat_StateLoad,qwen3.8-27b-high::problem-03/inside-loop-state,problem-03,sha256:587d5ad47aee9baac51abb2d6ac720bc8b29f8e6c6f98e2e7066bb6d8bac30a1,qwen3.8-27b-high,inside-loop-state,all-arms,dynamic,Omega_hat_StateLoad,86715276,0
dynamic::qwen3.8-27b-high::all-arms::Omega_hat_StateLoad,qwen3.8-27b-high::problem-03/long-trace-final,problem-03,sha256:5cd8a44109e568c902e2d582d4448650c2d4a64ee9ae4e391cf17a60348468b4,qwen3.8-27b-high,long-trace-final,all-arms,dynamic,Omega_hat_StateLoad,103766078,0
dynamic::qwen3.8-27b-high::all-arms::Omega_hat_StateLoad,qwen3.8-27b-high::problem-03/short-trace-final,problem-03,sha256:de9b7f7e58c8ec2d2f824891cdd79a1b094a45ac4742558225294573439b316d,qwen3.8-27b-high,short-trace-final,all-arms,dynamic,Omega_hat_StateLoad,42074911,0
dynamic::qwen3.8-27b-high::all-arms::Omega_hat_StateLoad,qwen3.8-27b-high::problem-04/short-trace-final,problem-04,sha256:05aae40bc36e0df65171215e791c8e10e79babb0960ce78b876515d48b8accae,qwen3.8-27b-high,short-trace-final,all-arms,dynamic,Omega_hat_StateLoad,46566564,0
dynamic::qwen3.8-27b-high::all-arms::Omega_hat_StateLoad,qwen3.8-27b-high::problem-04/long-trace-final,problem-04,sha256:7ad230089b4b878cee95f70563245eea351dea877118fcf8a597be6bd90d14f5,qwen3.8-27b-high,long-trace-final,all-arms,dynamic,Omega_hat_StateLoad,110780630,0
dynamic::qwen3.8-27b-high::all-arms::Omega_hat_StateLoad,qwen3.8-27b-high::problem-04/post-loop-state,problem-04,sha256:94ab1f7d2732d7ff5cef895f5b77e7fd081702b993a6eb7d3d5c505592cefb21,qwen3.8-27b-high,post-loop-state,all-arms,dynamic,Omega_hat_StateLoad,108335276,0
dynamic::qwen3.8-27b-high::all-arms::Omega_hat_StateLoad,qwen3.8-27b-high::problem-04/inside-loop-state,problem-04,sha256:9aaa594325de39aafc50a9d96c539f0c1166bd50a8eff8c49c14c84270c4ff59,qwen3.8-27b-high,inside-loop-state,all-arms,dynamic,Omega_hat_StateLoad,90997601,0
dynamic::qwen3.8-27b-high::all-arms::Omega_hat_StateLoad,qwen3.8-27b-high::problem-05/post-loop-state,problem-05,sha256:0f684ff85de199f8f7c7ffc32375f9b9e62fa5827fcecce50fb5d60bca08e280,qwen3.8-27b-high,post-loop-state,all-arms,dynamic,Omega_hat_StateLoad,106867870,0
dynamic::qwen3.8-27b-high::all-arms::Omega_hat_StateLoad,qwen3.8-27b-high::problem-05/long-trace-final,problem-05,sha256:5a4822c8f4e084302eeecb07be76313448d56e02db866843273cfa2a79ca9b73,qwen3.8-27b-high,long-trace-final,all-arms,dynamic,Omega_hat_StateLoad,109339766,0
dynamic::qwen3.8-27b-high::all-arms::Omega_hat_StateLoad,qwen3.8-27b-high::problem-05/short-trace-final,problem-05,sha256:9f6345f351d6266c0c09238729ff08378ce70e23ac0267c2e41f067733d6f579,qwen3.8-27b-high,short-trace-final,all-arms,dynamic,Omega_hat_StateLoad,42108814,0
dynamic::qwen3.8-27b-high::all-arms::Omega_hat_StateLoad,qwen3.8-27b-high::problem-05/inside-loop-state,problem-05,sha256:e22303dc39b5dd7a5cac47da11bd364b0897fb8d8d9099162d7706552f9fa372,qwen3.8-27b-high,inside-loop-state,all-arms,dynamic,Omega_hat_StateLoad,91831012,0
dynamic::qwen3.8-27b-high::all-arms::Omega_hat_StateLoad,qwen3.8-27b-high::problem-06/long-trace-final,problem-06,sha256:061a7cf51e116aa318d53740cdc4d580b6c9767f126c91061a484987b96cd0c7,qwen3.8-27b-high,long-trace-final,all-arms,dynamic,Omega_hat_StateLoad,105001210,0
dynamic::qwen3.8-27b-high::all-arms::Omega_hat_StateLoad,qwen3.8-27b-high::problem-06/post-loop-state,problem-06,sha256:2c10823e77f28c1bd27318dfe6f1918fbe52e06174725d89f5e5d33bd0bd5510,qwen3.8-27b-high,post-loop-state,all-arms,dynamic,Omega_hat_StateLoad,102534063,0
dynamic::qwen3.8-27b-high::all-arms::Omega_hat_StateLoad,qwen3.8-27b-high::problem-06/short-trace-final,problem-06,sha256:6a88d2c05b775fcb748a8354a26e9d76a3a40fbeb4478fdc3ede8d3a216d580f,qwen3.8-27b-high,short-trace-final,all-arms,dynamic,Omega_hat_StateLoad,42285721,0
dynamic::qwen3.8-27b-high::all-arms::Omega_hat_StateLoad,qwen3.8-27b-high::problem-06/inside-loop-state,problem-06,sha256:cd00c1a7e81437959f3f7ae75d1cd3869cff5bb6980eec8d78e39979ad3c2a27,qwen3.8-27b-high,inside-loop-state,all-arms,dynamic,Omega_hat_StateLoad,84465390,0
dynamic::qwen3.8-27b-high::all-arms::Omega_hat_StateLoad,qwen3.8-27b-high::problem-07/long-trace-final,problem-07,sha256:0038af217dac3eb4ec50de238581737dacd10f0887c0b2b7bf8c89208e6efac5,qwen3.8-27b-high,long-trace-final,all-arms,dynamic,Omega_hat_StateLoad,107196992,0
dynamic::qwen3.8-27b-high::all-arms::Omega_hat_StateLoad,qwen3.8-27b-high::problem-07/inside-loop-state,problem-07,sha256:3f021ab7fd773d4b5707b65f0ddba29e4e2f31918c7ad194865bdfdb2cc2fc23,qwen3.8-27b-high,inside-loop-state,all-arms,dynamic,Omega_hat_StateLoad,92647385,0
dynamic::qwen3.8-27b-high::all-arms::Omega_hat_StateLoad,qwen3.8-27b-high::problem-07/post-loop-state,problem-07,sha256:9e457d18bfaac327399393fdb975773303e803b2fd677d4bd2e6b7cd4ddc624c,qwen3.8-27b-high,post-loop-state,all-arms,dynamic,Omega_hat_StateLoad,104730191,0
dynamic::qwen3.8-27b-high::all-arms::Omega_hat_StateLoad,qwen3.8-27b-high::problem-07/short-trace-final,problem-07,sha256:a804134b8daa3d73abbebef8e0e40694e39211ed7153b6ad7591756fe33cd167,qwen3.8-27b-high,short-trace-final,all-arms,dynamic,Omega_hat_StateLoad,45837857,0
dynamic::qwen3.8-27b-high::all-arms::Omega_hat_StateLoad,qwen3.8-27b-high::problem-08/inside-loop-state,problem-08,sha256:7064354a09226b66ebb7194c3454eab73c7a5d95fb26e79e1817e12584f3f310,qwen3.8-27b-high,inside-loop-state,all-arms,dynamic,Omega_hat_StateLoad,86637479,0
dynamic::qwen3.8-27b-high::all-arms::Omega_hat_StateLoad,qwen3.8-27b-high::problem-08/short-trace-final,problem-08,sha256:a7da9f82ea01769a6b8a112317eee4c6cc1f6de1fd6fdd14a5537d4ac9c80a0f,qwen3.8-27b-high,short-trace-final,all-arms,dynamic,Omega_hat_StateLoad,40757471,0
dynamic::qwen3.8-27b-high::all-arms::Omega_hat_StateLoad,qwen3.8-27b-high::problem-08/post-loop-state,problem-08,sha256:e32673ca942baf21e1de8014e35df297a78a6d254c419164d155a8af936e67b4,qwen3.8-27b-high,post-loop-state,all-arms,dynamic,Omega_hat_StateLoad,98048888,0
dynamic::qwen3.8-27b-high::all-arms::Omega_hat_StateLoad,qwen3.8-27b-high::problem-08/long-trace-final,problem-08,sha256:f4f4c04290dfd1722493e9d5e7c6c040d58b8f4f1f2ea1ffd0972f45a5893717,qwen3.8-27b-high,long-trace-final,all-arms,dynamic,Omega_hat_StateLoad,100512495,0
dynamic::qwen3.8-27b-high::all-arms::Omega_hat_StateLoad,qwen3.8-27b-high::problem-09/short-trace-final,problem-09,sha256:1f2e9f2d169b17ceb6021bac59f884fc4c71697048d44bcde003919a30c6bc01,qwen3.8-27b-high,short-trace-final,all-arms,dynamic,Omega_hat_StateLoad,47997571,0
dynamic::qwen3.8-27b-high::all-arms::Omega_hat_StateLoad,qwen3.8-27b-high::problem-09/inside-loop-state,problem-09,sha256:221039cb3147683b097b9a9e97cbc35a8b09ba4e290f73be9b1bca308fd93ce3,qwen3.8-27b-high,inside-loop-state,all-arms,dynamic,Omega_hat_StateLoad,88571383,0
dynamic::qwen3.8-27b-high::all-arms::Omega_hat_StateLoad,qwen3.8-27b-high::problem-09/post-loop-state,problem-09,sha256:2c9d501dc7cc0a1d91e2d7340569ca0ba384bdb40034069641418df06a065b02,qwen3.8-27b-high,post-loop-state,all-arms,dynamic,Omega_hat_StateLoad,109696931,0
dynamic::qwen3.8-27b-high::all-arms::Omega_hat_StateLoad,qwen3.8-27b-high::problem-09/long-trace-final,problem-09,sha256:d5594fe452f9751f9e5a7096c8f016b17a3d1be5849b3882dd8846f268197c8d,qwen3.8-27b-high,long-trace-final,all-arms,dynamic,Omega_hat_StateLoad,112165358,0
dynamic::qwen3.8-27b-high::all-arms::Omega_hat_StateLoad,qwen3.8-27b-high::problem-10/inside-loop-state,problem-10,sha256:4bfd0a8e336edf6d47adfddd74897b9784181700d614c66dab4d21903a7797cb,qwen3.8-27b-high,inside-loop-state,all-arms,dynamic,Omega_hat_StateLoad,87339701,0
dynamic::qwen3.8-27b-high::all-arms::Omega_hat_StateLoad,qwen3.8-27b-high::problem-10/short-trace-final,problem-10,sha256:68a7353ba44980aa7c94507c7d2506366b7e1a6d3a9840cec0ba3fd243bb86ef,qwen3.8-27b-high,short-trace-final,all-arms,dynamic,Omega_hat_StateLoad,47569262,0
dynamic::qwen3.8-27b-high::all-arms::Omega_hat_StateLoad,qwen3.8-27b-high::problem-10/post-loop-state,problem-10,sha256:6d34f6c50beb59b579b867aa64417c1f8e212aca0c7dba85a4f8d73ad6395e15,qwen3.8-27b-high,post-loop-state,all-arms,dynamic,Omega_hat_StateLoad,104128226,0
dynamic::qwen3.8-27b-high::all-arms::Omega_hat_StateLoad,qwen3.8-27b-high::problem-10/long-trace-final,problem-10,sha256:b9350571c682c8ce1a385a3827b09b6195b6b0de80c103fe5638970bd0396907,qwen3.8-27b-high,long-trace-final,all-arms,dynamic,Omega_hat_StateLoad,106586617,0
dynamic::qwen3.8-27b-high::all-arms::Omega_hat_StateLoad,qwen3.8-27b-high::problem-11/short-trace-final,problem-11,sha256:26270b738997e89a812774051cc9205ec744eed12d5397ba27730fd1f3616545,qwen3.8-27b-high,short-trace-final,all-arms,dynamic,Omega_hat_StateLoad,249445643,0
dynamic::qwen3.8-27b-high::all-arms::Omega_hat_StateLoad,qwen3.8-27b-high::problem-11/long-trace-final,problem-11,sha256:37449d8e8c91c57d5e2c5704a43fc22c0bd0599b769db5d859947f119c59900a,qwen3.8-27b-high,long-trace-final,all-arms,dynamic,Omega_hat_StateLoad,444084450,0
dynamic::qwen3.8-27b-high::all-arms::Omega_hat_StateLoad,qwen3.8-27b-high::problem-11/post-loop-state,problem-11,sha256:89cf19a5769900427442f00c16f675ef52b8c60cb6f502a5e54dafd29cbaa7b3,qwen3.8-27b-high,post-loop-state,all-arms,dynamic,Omega_hat_StateLoad,435321587,0
dynamic::qwen3.8-27b-high::all-arms::Omega_hat_StateLoad,qwen3.8-27b-high::problem-11/inside-loop-state,problem-11,sha256:9e616055a8b294cc727870ca9d00854bfd4625609bfaf8f7f208f2affda4e187,qwen3.8-27b-high,inside-loop-state,all-arms,dynamic,Omega_hat_StateLoad,368909967,0
dynamic::qwen3.8-27b-high::all-arms::Omega_hat_StateLoad,qwen3.8-27b-high::problem-12/inside-loop-state,problem-12,sha256:7b5df0851254363517f3ded42cf7a385fa51a85dd64743e6e008669e0faf5b82,qwen3.8-27b-high,inside-loop-state,all-arms,dynamic,Omega_hat_StateLoad,373082051,0
dynamic::qwen3.8-27b-high::all-arms::Omega_hat_StateLoad,qwen3.8-27b-high::problem-12/short-trace-final,problem-12,sha256:85aa9c8d83f90f5ce7ad3cbf050a51a8d8f6994499cd2159cb23a7ea82b1849e,qwen3.8-27b-high,short-trace-final,all-arms,dynamic,Omega_hat_StateLoad,241014984,0
dynamic::qwen3.8-27b-high::all-arms::Omega_hat_StateLoad,qwen3.8-27b-high::problem-12/post-loop-state,problem-12,sha256:958460d7ecf7621b9ecf5669fda846e1d9c0a7b4b399190aeed32c7df8b0699e,qwen3.8-27b-high,post-loop-state,all-arms,dynamic,Omega_hat_StateLoad,424195504,0
dynamic::qwen3.8-27b-high::all-arms::Omega_hat_StateLoad,qwen3.8-27b-high::problem-12/long-trace-final,problem-12,sha256:bbf72f7493684d660693adfc81bbd175088f4b46afda09d4b298512c72508c1b,qwen3.8-27b-high,long-trace-final,all-arms,dynamic,Omega_hat_StateLoad,432951324,0
dynamic::qwen3.8-27b-high::all-arms::Omega_hat_StateLoad,qwen3.8-27b-high::problem-13/inside-loop-state,problem-13,sha256:2b247ce5916acd9195152fced59de2ae563f4cbdd37bfd795074e5f2ec115251,qwen3.8-27b-high,inside-loop-state,all-arms,dynamic,Omega_hat_StateLoad,383128645,0
dynamic::qwen3.8-27b-high::all-arms::Omega_hat_StateLoad,qwen3.8-27b-high::problem-13/post-loop-state,problem-13,sha256:5c4433c9aa1b024d200559d67bbc7d578a21c39d10fb03ce2c6a5caae255993f,qwen3.8-27b-high,post-loop-state,all-arms,dynamic,Omega_hat_StateLoad,481716808,0
dynamic::qwen3.8-27b-high::all-arms::Omega_hat_StateLoad,qwen3.8-27b-high::problem-13/short-trace-final,problem-13,sha256:eccc604db1d5cc06fe2c28b2456d93ecb100590e01fd6ce576ad76161a08aada,qwen3.8-27b-high,short-trace-final,all-arms,dynamic,Omega_hat_StateLoad,235146035,0
dynamic::qwen3.8-27b-high::all-arms::Omega_hat_StateLoad,qwen3.8-27b-high::problem-13/long-trace-final,problem-13,sha256:fc03a1fd966e3a60af4264cb997a959b0d3d39ccb2cc7f6636f0659db36c1fcf,qwen3.8-27b-high,long-trace-final,all-arms,dynamic,Omega_hat_StateLoad,490517655,0
dynamic::qwen3.8-27b-high::all-arms::Omega_hat_StateLoad,qwen3.8-27b-high::problem-14/short-trace-final,problem-14,sha256:929856d52b4d3a50a8d477f065732fc3ff381b1ec26dfd9672f1bb3e81b9112e,qwen3.8-27b-high,short-trace-final,all-arms,dynamic,Omega_hat_StateLoad,229471960,0
dynamic::qwen3.8-27b-high::all-arms::Omega_hat_StateLoad,qwen3.8-27b-high::problem-14/post-loop-state,problem-14,sha256:a428733484eb9e4568dc0f1944310d728394aa7a5f597f21fad8a5f17c349a92,qwen3.8-27b-high,post-loop-state,all-arms,dynamic,Omega_hat_StateLoad,445181821,0
dynamic::qwen3.8-27b-high::all-arms::Omega_hat_StateLoad,qwen3.8-27b-high::problem-14/inside-loop-state,problem-14,sha256:b92de04f170b8d7777731ffc17b0ef112672dde69764b2e2b4544f1cbbfd2775,qwen3.8-27b-high,inside-loop-state,all-arms,dynamic,Omega_hat_StateLoad,361942611,0
dynamic::qwen3.8-27b-high::all-arms::Omega_hat_StateLoad,qwen3.8-27b-high::problem-14/long-trace-final,problem-14,sha256:e692c2f7963ddc6244570169d2564497fe9f12ef39e36f0f4f9f973b508f3616,qwen3.8-27b-high,long-trace-final,all-arms,dynamic,Omega_hat_StateLoad,453984472,0
dynamic::qwen3.8-27b-high::all-arms::Omega_hat_StateLoad,qwen3.8-27b-high::problem-15/post-loop-state,problem-15,sha256:12301c45635de868f2a4e921222d940fcf33c2f6205d05fc21454266cfbc3061,qwen3.8-27b-high,post-loop-state,all-arms,dynamic,Omega_hat_StateLoad,427703242,0
dynamic::qwen3.8-27b-high::all-arms::Omega_hat_StateLoad,qwen3.8-27b-high::problem-15/inside-loop-state,problem-15,sha256:50e103eb8654ee1640e95f86191fb481f0e07e0bd366e6b5ce47d20c0a200912,qwen3.8-27b-high,inside-loop-state,all-arms,dynamic,Omega_hat_StateLoad,356915477,0
dynamic::qwen3.8-27b-high::all-arms::Omega_hat_StateLoad,qwen3.8-27b-high::problem-15/short-trace-final,problem-15,sha256:649f09230fe16bc947760c4387cd544c37fec8d49083a073371770fa5ae3e1d1,qwen3.8-27b-high,short-trace-final,all-arms,dynamic,Omega_hat_StateLoad,223803302,0
dynamic::qwen3.8-27b-high::all-arms::Omega_hat_StateLoad,qwen3.8-27b-high::problem-15/long-trace-final,problem-15,sha256:8ab718d447d5782861bfa1a8a089a1b4a55c3c55b6ead5ff4abb068409ec1b6b,qwen3.8-27b-high,long-trace-final,all-arms,dynamic,Omega_hat_StateLoad,436441041,0
dynamic::qwen3.8-27b-high::all-arms::Omega_hat_StateLoad,qwen3.8-27b-high::problem-16/short-trace-final,problem-16,sha256:64670fb8a7f19547ad0b0c7647c368cf26d355b1d2e0bedbf884079ff09d87fb,qwen3.8-27b-high,short-trace-final,all-arms,dynamic,Omega_hat_StateLoad,228210805,0
dynamic::qwen3.8-27b-high::all-arms::Omega_hat_StateLoad,qwen3.8-27b-high::problem-16/post-loop-state,problem-16,sha256:8368e978d24c4b3ea18f7eb2ea99706b1e5473aa07f13c4bb3fe6fe619fee763,qwen3.8-27b-high,post-loop-state,all-arms,dynamic,Omega_hat_StateLoad,412755169,0
dynamic::qwen3.8-27b-high::all-arms::Omega_hat_StateLoad,qwen3.8-27b-high::problem-16/long-trace-final,problem-16,sha256:a01be6f53c51de04e80ef9a1b56b33bd854ea547c3ab8fbf01dd1719b64424e2,qwen3.8-27b-high,long-trace-final,all-arms,dynamic,Omega_hat_StateLoad,421537045,0
dynamic::qwen3.8-27b-high::all-arms::Omega_hat_StateLoad,qwen3.8-27b-high::problem-16/inside-loop-state,problem-16,sha256:e785fbb7c44714837a925d69b7a0b7764633037949cf8e2d8eee2ac7af673285,qwen3.8-27b-high,inside-loop-state,all-arms,dynamic,Omega_hat_StateLoad,368180968,0
dynamic::qwen3.8-27b-high::all-arms::Omega_hat_StateLoad,qwen3.8-27b-high::problem-17/short-trace-final,problem-17,sha256:23bfd7217d9ba652a3156953e53db1b393d9093de1553e00151f9992835a6c12,qwen3.8-27b-high,short-trace-final,all-arms,dynamic,Omega_hat_StateLoad,223229148,0
dynamic::qwen3.8-27b-high::all-arms::Omega_hat_StateLoad,qwen3.8-27b-high::problem-17/post-loop-state,problem-17,sha256:a71207cf0c9322ded7b4ad736d0eb7fe58ca15c45d6aad6ed8aa8f7de3eda7b2,qwen3.8-27b-high,post-loop-state,all-arms,dynamic,Omega_hat_StateLoad,454871889,0
dynamic::qwen3.8-27b-high::all-arms::Omega_hat_StateLoad,qwen3.8-27b-high::problem-17/long-trace-final,problem-17,sha256:c1d6591d0bf5a1829058e47370a9ecca6ddf09033379e65669b82b28603cf1e2,qwen3.8-27b-high,long-trace-final,all-arms,dynamic,Omega_hat_StateLoad,463649225,0
dynamic::qwen3.8-27b-high::all-arms::Omega_hat_StateLoad,qwen3.8-27b-high::problem-17/inside-loop-state,problem-17,sha256:ffbe22e9b9ecc46324d4d5b73a4a9fb9116281954ab9775b607d59ad2563ff75,qwen3.8-27b-high,inside-loop-state,all-arms,dynamic,Omega_hat_StateLoad,383560235,0
dynamic::qwen3.8-27b-high::all-arms::Omega_hat_StateLoad,qwen3.8-27b-high::problem-18/long-trace-final,problem-18,sha256:3e1043702949a2334ffeb4aae795b5838059d006655a0bbf6798f0b6adeb085f,qwen3.8-27b-high,long-trace-final,all-arms,dynamic,Omega_hat_StateLoad,428678521,0
dynamic::qwen3.8-27b-high::all-arms::Omega_hat_StateLoad,qwen3.8-27b-high::problem-18/short-trace-final,problem-18,sha256:55ce2dca47dbe112e5ff867e7e8bfbd2311a4010bf0497e1f33d5e2d3b6b309d,qwen3.8-27b-high,short-trace-final,all-arms,dynamic,Omega_hat_StateLoad,218821560,0
dynamic::qwen3.8-27b-high::all-arms::Omega_hat_StateLoad,qwen3.8-27b-high::problem-18/inside-loop-state,problem-18,sha256:d9fde9c0b10033b45350be818f38a02f7530deefc277daf7ca51e91be628bf0d,qwen3.8-27b-high,inside-loop-state,all-arms,dynamic,Omega_hat_StateLoad,371614735,0
dynamic::qwen3.8-27b-high::all-arms::Omega_hat_StateLoad,qwen3.8-27b-high::problem-18/post-loop-state,problem-18,sha256:ec5ffe88fa32f58a281e2a9be9970228c8f780ce294441e0d8ca083c44ab7cb9,qwen3.8-27b-high,post-loop-state,all-arms,dynamic,Omega_hat_StateLoad,419932136,0
dynamic::qwen3.8-27b-high::all-arms::Omega_hat_StateLoad,qwen3.8-27b-high::problem-19/long-trace-final,problem-19,sha256:48814bea3c8f1e5cd1614a147556846e339503cb69e0803c858796e6f058c6eb,qwen3.8-27b-high,long-trace-final,all-arms,dynamic,Omega_hat_StateLoad,479650352,0
dynamic::qwen3.8-27b-high::all-arms::Omega_hat_StateLoad,qwen3.8-27b-high::problem-19/post-loop-state,problem-19,sha256:67005c3e5fba330dd029ce911161dd9d7c281181ffdda26a6c04f791843ce5b0,qwen3.8-27b-high,post-loop-state,all-arms,dynamic,Omega_hat_StateLoad,470831132,0
dynamic::qwen3.8-27b-high::all-arms::Omega_hat_StateLoad,qwen3.8-27b-high::problem-19/inside-loop-state,problem-19,sha256:7c4063bd0e506396a919ac229901d3779224482c2f0a86685fac407a77181b08,qwen3.8-27b-high,inside-loop-state,all-arms,dynamic,Omega_hat_StateLoad,377812973,0
dynamic::qwen3.8-27b-high::all-arms::Omega_hat_StateLoad,qwen3.8-27b-high::problem-19/short-trace-final,problem-19,sha256:e573b78b30a2d6877c5e647ea6ef1ebbe778918dafdef3ce3ca1ef425adf4aae,qwen3.8-27b-high,short-trace-final,all-arms,dynamic,Omega_hat_StateLoad,264764292,0
dynamic::qwen3.8-27b-high::all-arms::Omega_hat_StateLoad,qwen3.8-27b-high::problem-20/post-loop-state,problem-20,sha256:18ed8611483fb7761108ab3d6d83b912b08a4b16125c798ed34fc0e54d1d0305,qwen3.8-27b-high,post-loop-state,all-arms,dynamic,Omega_hat_StateLoad,433057980,0
dynamic::qwen3.8-27b-high::all-arms::Omega_hat_StateLoad,qwen3.8-27b-high::problem-20/short-trace-final,problem-20,sha256:9e0c8296a9f0717b3ada2dc70705058a39ba1d561df45643b9a79d3f62c7ee4f,qwen3.8-27b-high,short-trace-final,all-arms,dynamic,Omega_hat_StateLoad,225373297,0
dynamic::qwen3.8-27b-high::all-arms::Omega_hat_StateLoad,qwen3.8-27b-high::problem-20/inside-loop-state,problem-20,sha256:bd5bcbf1a9fbe0d7ec617f2eb09018adffc1493412d300f645de5abb9bb358e1,qwen3.8-27b-high,inside-loop-state,all-arms,dynamic,Omega_hat_StateLoad,367739149,0
dynamic::qwen3.8-27b-high::all-arms::Omega_hat_StateLoad,qwen3.8-27b-high::problem-20/long-trace-final,problem-20,sha256:cfdd0f3fcdabe8556447869245ebb13768cf9520d32294331ed86a2fcdda934e,qwen3.8-27b-high,long-trace-final,all-arms,dynamic,Omega_hat_StateLoad,441795364,0
dynamic::qwen3.8-27b-high::all-arms::Omega_hat_StateLoad,qwen3.8-27b-high::problem-21/inside-loop-state,problem-21,sha256:6b893d1fe6186f33bb87627c625c620c60c23d16b1eb380e5428287d7bcd173b,qwen3.8-27b-high,inside-loop-state,all-arms,dynamic,Omega_hat_StateLoad,1387445444,0
dynamic::qwen3.8-27b-high::all-arms::Omega_hat_StateLoad,qwen3.8-27b-high::problem-21/long-trace-final,problem-21,sha256:abae68d8201478b8273623d6f31c7f95f798e23c59176c1c030258097c23bc2a,qwen3.8-27b-high,long-trace-final,all-arms,dynamic,Omega_hat_StateLoad,1658937208,0
dynamic::qwen3.8-27b-high::all-arms::Omega_hat_StateLoad,qwen3.8-27b-high::problem-21/post-loop-state,problem-21,sha256:b1ba4c145bc3491180d71e43456f0de195530e4eda327d97e480319644d54468,qwen3.8-27b-high,post-loop-state,all-arms,dynamic,Omega_hat_StateLoad,1630988145,0
dynamic::qwen3.8-27b-high::all-arms::Omega_hat_StateLoad,qwen3.8-27b-high::problem-21/short-trace-final,problem-21,sha256:c08e9d12f0c628db74c80e296b9aeaa44f2ff442479546e4521c875bc621edcf,qwen3.8-27b-high,short-trace-final,all-arms,dynamic,Omega_hat_StateLoad,1004305853,0
dynamic::qwen3.8-27b-high::all-arms::Omega_hat_StateLoad,qwen3.8-27b-high::problem-22/post-loop-state,problem-22,sha256:642b405db89f31906ffda3368213a2dea48b194489eef14859eba92a495738dc,qwen3.8-27b-high,post-loop-state,all-arms,dynamic,Omega_hat_StateLoad,1665467754,0
dynamic::qwen3.8-27b-high::all-arms::Omega_hat_StateLoad,qwen3.8-27b-high::problem-22/inside-loop-state,problem-22,sha256:895a3e331a4a70e78f11ec4c30afb51f9695d33bfe2745487c604118a27dc196,qwen3.8-27b-high,inside-loop-state,all-arms,dynamic,Omega_hat_StateLoad,1441450912,0
dynamic::qwen3.8-27b-high::all-arms::Omega_hat_StateLoad,qwen3.8-27b-high::problem-22/short-trace-final,problem-22,sha256:bdfb4ea940fcc763a5c0367908bb8a2418611ecbf44f222ddd6008ab05066e5a,qwen3.8-27b-high,short-trace-final,all-arms,dynamic,Omega_hat_StateLoad,995709142,0
dynamic::qwen3.8-27b-high::all-arms::Omega_hat_StateLoad,qwen3.8-27b-high::problem-22/long-trace-final,problem-22,sha256:d095f6706999a481b592168652c7c699ef339254946149818a5f8ab337c7f262,qwen3.8-27b-high,long-trace-final,all-arms,dynamic,Omega_hat_StateLoad,1693333624,0
dynamic::qwen3.8-27b-high::all-arms::Omega_hat_StateLoad,qwen3.8-27b-high::problem-23/long-trace-final,problem-23,sha256:1245ebbf69a81bcb8f23d1a367d4077c7ff732cf2ca37e553c4ad80d11a1687e,qwen3.8-27b-high,long-trace-final,all-arms,dynamic,Omega_hat_StateLoad,1737760921,0
dynamic::qwen3.8-27b-high::all-arms::Omega_hat_StateLoad,qwen3.8-27b-high::problem-23/short-trace-final,problem-23,sha256:78febcc2681676995da118209adc295d1c6f8449ddc2f697eff5823e74d2c92b,qwen3.8-27b-high,short-trace-final,all-arms,dynamic,Omega_hat_StateLoad,1035105717,0
dynamic::qwen3.8-27b-high::all-arms::Omega_hat_StateLoad,qwen3.8-27b-high::problem-23/inside-loop-state,problem-23,sha256:c5b04d442721c6e23d53ded804f222ca9bc2bd35cb825d975482627fa2f68eb8,qwen3.8-27b-high,inside-loop-state,all-arms,dynamic,Omega_hat_StateLoad,1455506026,0
dynamic::qwen3.8-27b-high::all-arms::Omega_hat_StateLoad,qwen3.8-27b-high::problem-23/post-loop-state,problem-23,sha256:f422207380b27c4b9c9e1403517b42b55f6342cd02514f3d18cff14a6eaf23b9,qwen3.8-27b-high,post-loop-state,all-arms,dynamic,Omega_hat_StateLoad,1709832203,0
dynamic::qwen3.8-27b-high::all-arms::Omega_hat_StateLoad,qwen3.8-27b-high::problem-24/long-trace-final,problem-24,sha256:312cb1244299d8ea29ce3be52759a05aaf6f571f4cabdb8de4cdfefc53c21127,qwen3.8-27b-high,long-trace-final,all-arms,dynamic,Omega_hat_StateLoad,1732693205,0
dynamic::qwen3.8-27b-high::all-arms::Omega_hat_StateLoad,qwen3.8-27b-high::problem-24/post-loop-state,problem-24,sha256:a9bba3e75ac97caf5a230d723fd189724ff0563bea2bef0b001eb7655cd5c948,qwen3.8-27b-high,post-loop-state,all-arms,dynamic,Omega_hat_StateLoad,1704789888,0
dynamic::qwen3.8-27b-high::all-arms::Omega_hat_StateLoad,qwen3.8-27b-high::problem-24/inside-loop-state,problem-24,sha256:c151679cf530cdccea973844a665dbb377147bfda08d781a73e4cebd8e7aa207,qwen3.8-27b-high,inside-loop-state,all-arms,dynamic,Omega_hat_StateLoad,1456710920,0
dynamic::qwen3.8-27b-high::all-arms::Omega_hat_StateLoad,qwen3.8-27b-high::problem-24/short-trace-final,problem-24,sha256:da5e2129ac6eb31efb9c60f4456bf6a53cf0c9c972c82515c6421612ad91b98c,qwen3.8-27b-high,short-trace-final,all-arms,dynamic,Omega_hat_StateLoad,1011591849,0
dynamic::qwen3.8-27b-high::all-arms::Omega_hat_StateLoad,qwen3.8-27b-high::problem-25/inside-loop-state,problem-25,sha256:5e34e564ebcb950511aeb4040311983a4e917c9f539fe9bf740740d04ff82754,qwen3.8-27b-high,inside-loop-state,all-arms,dynamic,Omega_hat_StateLoad,1450677610,0
dynamic::qwen3.8-27b-high::all-arms::Omega_hat_StateLoad,qwen3.8-27b-high::problem-25/post-loop-state,problem-25,sha256:75b110f0259dbaad71e4a3448a19097ec57bdd629d5281f6767d6860812b4c19,qwen3.8-27b-high,post-loop-state,all-arms,dynamic,Omega_hat_StateLoad,1660597011,0
dynamic::qwen3.8-27b-high::all-arms::Omega_hat_StateLoad,qwen3.8-27b-high::problem-25/short-trace-final,problem-25,sha256:a40a9795cb938fde800d3c6170d0c04fa0258cbef4e26485156c279ea570a1c9,qwen3.8-27b-high,short-trace-final,all-arms,dynamic,Omega_hat_StateLoad,1008410769,0
dynamic::qwen3.8-27b-high::all-arms::Omega_hat_StateLoad,qwen3.8-27b-high::problem-25/long-trace-final,problem-25,sha256:ea555a40d3f155ff207893e7327866c923e56b4bcc853fbea3e3ec27d9a3e419,qwen3.8-27b-high,long-trace-final,all-arms,dynamic,Omega_hat_StateLoad,1688537779,0
dynamic::qwen3.8-27b-high::all-arms::Omega_hat_StateLoad,qwen3.8-27b-high::problem-26/post-loop-state,problem-26,sha256:09ad9f965884b1ca88246bf427ed30c073b3774cda0e3f8b1ba5fcb8a52876f0,qwen3.8-27b-high,post-loop-state,all-arms,dynamic,Omega_hat_StateLoad,1637025804,0
dynamic::qwen3.8-27b-high::all-arms::Omega_hat_StateLoad,qwen3.8-27b-high::problem-26/long-trace-final,problem-26,sha256:8a0a9d72ece310a0393e6f8cd6161daa9fc85ca793d8f7a5effe7867b7b3610e,qwen3.8-27b-high,long-trace-final,all-arms,dynamic,Omega_hat_StateLoad,1664953995,0
dynamic::qwen3.8-27b-high::all-arms::Omega_hat_StateLoad,qwen3.8-27b-high::problem-26/short-trace-final,problem-26,sha256:d366caa8929075d65d1d7b7db9700b9131f161a1ac0faff603b289cf7c5bce85,qwen3.8-27b-high,short-trace-final,all-arms,dynamic,Omega_hat_StateLoad,990893735,0
dynamic::qwen3.8-27b-high::all-arms::Omega_hat_StateLoad,qwen3.8-27b-high::problem-26/inside-loop-state,problem-26,sha256:f9a0bdb83416f8938c7ae733c1f802841b3746ef0e2c9c69f4dfcd271e42f429,qwen3.8-27b-high,inside-loop-state,all-arms,dynamic,Omega_hat_StateLoad,1425493185,0
dynamic::qwen3.8-27b-high::all-arms::Omega_hat_StateLoad,qwen3.8-27b-high::problem-27/long-trace-final,problem-27,sha256:1d4d6eaa0d724ed2eabbd6de906e694e29956478548df760cda79767a3d420aa,qwen3.8-27b-high,long-trace-final,all-arms,dynamic,Omega_hat_StateLoad,1707495177,0
dynamic::qwen3.8-27b-high::all-arms::Omega_hat_StateLoad,qwen3.8-27b-high::problem-27/short-trace-final,problem-27,sha256:ac06f4eaa7953cf90f5b0f2b52580f1e113358761701f25264564a9119eed893,qwen3.8-27b-high,short-trace-final,all-arms,dynamic,Omega_hat_StateLoad,992994367,0
dynamic::qwen3.8-27b-high::all-arms::Omega_hat_StateLoad,qwen3.8-27b-high::problem-27/inside-loop-state,problem-27,sha256:e8a7fd6ede3a54a7a6c46ba71aa8095c7036f8a67282fd35936d92bd03911640,qwen3.8-27b-high,inside-loop-state,all-arms,dynamic,Omega_hat_StateLoad,1466366333,0
dynamic::qwen3.8-27b-high::all-arms::Omega_hat_StateLoad,qwen3.8-27b-high::problem-27/post-loop-state,problem-27,sha256:ec560b955bdd3cfdd9c93d7e5e9dec52b80d640de2b6aef03d7e59ab46ae487f,qwen3.8-27b-high,post-loop-state,all-arms,dynamic,Omega_hat_StateLoad,1679542193,0
dynamic::qwen3.8-27b-high::all-arms::Omega_hat_StateLoad,qwen3.8-27b-high::problem-28/inside-loop-state,problem-28,sha256:8e7497c27f25952db2771db8b7d65a445fec890474e0eaf363433912b4448d98,qwen3.8-27b-high,inside-loop-state,all-arms,dynamic,Omega_hat_StateLoad,1481491890,0
dynamic::qwen3.8-27b-high::all-arms::Omega_hat_StateLoad,qwen3.8-27b-high::problem-28/short-trace-final,problem-28,sha256:e48fd34b81d40474be4f17f911d0be54f3f4d0dcb7dcf485fbc4396c61acb108,qwen3.8-27b-high,short-trace-final,all-arms,dynamic,Omega_hat_StateLoad,1062800798,0
dynamic::qwen3.8-27b-high::all-arms::Omega_hat_StateLoad,qwen3.8-27b-high::problem-28/long-trace-final,problem-28,sha256:eac890193eab32fcb83a9b96b1975d2ec0850ff443479a8e9fc22322b0fef1a3,qwen3.8-27b-high,long-trace-final,all-arms,dynamic,Omega_hat_StateLoad,1810527588,0
dynamic::qwen3.8-27b-high::all-arms::Omega_hat_StateLoad,qwen3.8-27b-high::problem-28/post-loop-state,problem-28,sha256:eb32ac1b648907af496e87af77869c7d270abcf1a78e35194aff1abc7aad9814,qwen3.8-27b-high,post-loop-state,all-arms,dynamic,Omega_hat_StateLoad,1782536347,0
dynamic::qwen3.8-27b-high::all-arms::Omega_hat_StateLoad,qwen3.8-27b-high::problem-29/post-loop-state,problem-29,sha256:266a35b82d6b7b97b632edbdec2e61ad18b6191c9dc4722cceec06e6f7cf3e7b,qwen3.8-27b-high,post-loop-state,all-arms,dynamic,Omega_hat_StateLoad,1758180386,0
dynamic::qwen3.8-27b-high::all-arms::Omega_hat_StateLoad,qwen3.8-27b-high::problem-29/short-trace-final,problem-29,sha256:4ecced26b7df8a9b75c98baa33550ead17ba2313bbb605c2d1cb7baa2e29a52e,qwen3.8-27b-high,short-trace-final,all-arms,dynamic,Omega_hat_StateLoad,1038443888,0
dynamic::qwen3.8-27b-high::all-arms::Omega_hat_StateLoad,qwen3.8-27b-high::problem-29/inside-loop-state,problem-29,sha256:6055ac1e5575ce92574c3669a2a3eb367092c36fb132bfce0cca3260851140e2,qwen3.8-27b-high,inside-loop-state,all-arms,dynamic,Omega_hat_StateLoad,1492855257,0
dynamic::qwen3.8-27b-high::all-arms::Omega_hat_StateLoad,qwen3.8-27b-high::problem-29/long-trace-final,problem-29,sha256:dafab6181d512ecf0c71e74b5f580d6000813124811287d4fc852c2b145c4d20,qwen3.8-27b-high,long-trace-final,all-arms,dynamic,Omega_hat_StateLoad,1786079483,0
dynamic::qwen3.8-27b-high::all-arms::Omega_hat_StateLoad,qwen3.8-27b-high::problem-30/inside-loop-state,problem-30,sha256:4956e45be9ac9fea2c36667b16c62bb1d6f435004d42c4e4b3b34a6a2de2fa26,qwen3.8-27b-high,inside-loop-state,all-arms,dynamic,Omega_hat_StateLoad,1498251777,0
dynamic::qwen3.8-27b-high::all-arms::Omega_hat_StateLoad,qwen3.8-27b-high::problem-30/short-trace-final,problem-30,sha256:84ea88c1bf723ea51c2ae8d1c8fe25aa5d3dc5be93e0882e4f0cf0be0e4137bb,qwen3.8-27b-high,short-trace-final,all-arms,dynamic,Omega_hat_StateLoad,940031874,0
dynamic::qwen3.8-27b-high::all-arms::Omega_hat_StateLoad,qwen3.8-27b-high::problem-30/long-trace-final,problem-30,sha256:c2098a098a924cecff89d4a804a7f8d840ecd0538821c278601a32140bcca3f8,qwen3.8-27b-high,long-trace-final,all-arms,dynamic,Omega_hat_StateLoad,1715866385,0
dynamic::qwen3.8-27b-high::all-arms::Omega_hat_StateLoad,qwen3.8-27b-high::problem-30/post-loop-state,problem-30,sha256:e69e021f535c9d0fc24b0101f47f65371d3832409890cf0484859bf2d6e98e0b,qwen3.8-27b-high,post-loop-state,all-arms,dynamic,Omega_hat_StateLoad,1687925298,0
dynamic::qwen3.8-27b-high::all-arms::Omega_hat_StateSize,qwen3.8-27b-high::problem-01/inside-loop-state,problem-01,sha256:0547b42885dc201376fb93765a3c7da6c077a0338c243dcae8c262108a061af1,qwen3.8-27b-high,inside-loop-state,all-arms,dynamic,Omega_hat_StateSize,3288,0
dynamic::qwen3.8-27b-high::all-arms::Omega_hat_StateSize,qwen3.8-27b-high::problem-01/long-trace-final,problem-01,sha256:56d9affe274f136e1933852e8f797cfb86ea3bed95c016b04556b2c4ca152b2c,qwen3.8-27b-high,long-trace-final,all-arms,dynamic,Omega_hat_StateSize,3287,0
dynamic::qwen3.8-27b-high::all-arms::Omega_hat_StateSize,qwen3.8-27b-high::problem-01/short-trace-final,problem-01,sha256:73ad8aafe6d235df156f603343f220d5bf0bf095034c7c09e4647aec6b75183c,qwen3.8-27b-high,short-trace-final,all-arms,dynamic,Omega_hat_StateSize,3282,0
dynamic::qwen3.8-27b-high::all-arms::Omega_hat_StateSize,qwen3.8-27b-high::problem-01/post-loop-state,problem-01,sha256:8c394bb669c6429a6cc8371df442ba1284632f5fd03fcf20b87ec42c6b002666,qwen3.8-27b-high,post-loop-state,all-arms,dynamic,Omega_hat_StateSize,3287,0
dynamic::qwen3.8-27b-high::all-arms::Omega_hat_StateSize,qwen3.8-27b-high::problem-02/long-trace-final,problem-02,sha256:2c6c086992c204f9156a73eca1a86fe4ad8b4777c9b50ca69f44efa3a0ec804d,qwen3.8-27b-high,long-trace-final,all-arms,dynamic,Omega_hat_StateSize,3300,0
dynamic::qwen3.8-27b-high::all-arms::Omega_hat_StateSize,qwen3.8-27b-high::problem-02/inside-loop-state,problem-02,sha256:43ea44d05f37e33633d2f43ad399b115c3066c018f15acef6f477c034fdda927,qwen3.8-27b-high,inside-loop-state,all-arms,dynamic,Omega_hat_StateSize,3291,0
dynamic::qwen3.8-27b-high::all-arms::Omega_hat_StateSize,qwen3.8-27b-high::problem-02/post-loop-state,problem-02,sha256:ba7d1febfb83991899883c292120818d9f29e3dd565ec4a93b6368650d9b3d8b,qwen3.8-27b-high,post-loop-state,all-arms,dynamic,Omega_hat_StateSize,3300,0
dynamic::qwen3.8-27b-high::all-arms::Omega_hat_StateSize,qwen3.8-27b-high::problem-02/short-trace-final,problem-02,sha256:c045cedad0407af52c2d7faa26f00e6fb48605031adc73be301bb6ee469d0a00,qwen3.8-27b-high,short-trace-final,all-arms,dynamic,Omega_hat_StateSize,3273,0
dynamic::qwen3.8-27b-high::all-arms::Omega_hat_StateSize,qwen3.8-27b-high::problem-03/post-loop-state,problem-03,sha256:2acfa20a7ee16e7c373ae0cf23d876f6106fe1856336ee95352a6619b1420010,qwen3.8-27b-high,post-loop-state,all-arms,dynamic,Omega_hat_StateSize,3293,0
dynamic::qwen3.8-27b-high::all-arms::Omega_hat_StateSize,qwen3.8-27b-high::problem-03/inside-loop-state,problem-03,sha256:587d5ad47aee9baac51abb2d6ac720bc8b29f8e6c6f98e2e7066bb6d8bac30a1,qwen3.8-27b-high,inside-loop-state,all-arms,dynamic,Omega_hat_StateSize,3294,0
dynamic::qwen3.8-27b-high::all-arms::Omega_hat_StateSize,qwen3.8-27b-high::problem-03/long-trace-final,problem-03,sha256:5cd8a44109e568c902e2d582d4448650c2d4a64ee9ae4e391cf17a60348468b4,qwen3.8-27b-high,long-trace-final,all-arms,dynamic,Omega_hat_StateSize,3293,0
dynamic::qwen3.8-27b-high::all-arms::Omega_hat_StateSize,qwen3.8-27b-high::problem-03/short-trace-final,problem-03,sha256:de9b7f7e58c8ec2d2f824891cdd79a1b094a45ac4742558225294573439b316d,qwen3.8-27b-high,short-trace-final,all-arms,dynamic,Omega_hat_StateSize,3245,0
dynamic::qwen3.8-27b-high::all-arms::Omega_hat_StateSize,qwen3.8-27b-high::problem-04/short-trace-final,problem-04,sha256:05aae40bc36e0df65171215e791c8e10e79babb0960ce78b876515d48b8accae,qwen3.8-27b-high,short-trace-final,all-arms,dynamic,Omega_hat_StateSize,3268,0
dynamic::qwen3.8-27b-high::all-arms::Omega_hat_StateSize,qwen3.8-27b-high::problem-04/long-trace-final,problem-04,sha256:7ad230089b4b878cee95f70563245eea351dea877118fcf8a597be6bd90d14f5,qwen3.8-27b-high,long-trace-final,all-arms,dynamic,Omega_hat_StateSize,3282,0
dynamic::qwen3.8-27b-high::all-arms::Omega_hat_StateSize,qwen3.8-27b-high::problem-04/post-loop-state,problem-04,sha256:94ab1f7d2732d7ff5cef895f5b77e7fd081702b993a6eb7d3d5c505592cefb21,qwen3.8-27b-high,post-loop-state,all-arms,dynamic,Omega_hat_StateSize,3282,0
dynamic::qwen3.8-27b-high::all-arms::Omega_hat_StateSize,qwen3.8-27b-high::problem-04/inside-loop-state,problem-04,sha256:9aaa594325de39aafc50a9d96c539f0c1166bd50a8eff8c49c14c84270c4ff59,qwen3.8-27b-high,inside-loop-state,all-arms,dynamic,Omega_hat_StateSize,3283,0
dynamic::qwen3.8-27b-high::all-arms::Omega_hat_StateSize,qwen3.8-27b-high::problem-05/post-loop-state,problem-05,sha256:0f684ff85de199f8f7c7ffc32375f9b9e62fa5827fcecce50fb5d60bca08e280,qwen3.8-27b-high,post-loop-state,all-arms,dynamic,Omega_hat_StateSize,3292,0
dynamic::qwen3.8-27b-high::all-arms::Omega_hat_StateSize,qwen3.8-27b-high::problem-05/long-trace-final,problem-05,sha256:5a4822c8f4e084302eeecb07be76313448d56e02db866843273cfa2a79ca9b73,qwen3.8-27b-high,long-trace-final,all-arms,dynamic,Omega_hat_StateSize,3292,0
dynamic::qwen3.8-27b-high::all-arms::Omega_hat_StateSize,qwen3.8-27b-high::problem-05/short-trace-final,problem-05,sha256:9f6345f351d6266c0c09238729ff08378ce70e23ac0267c2e41f067733d6f579,qwen3.8-27b-high,short-trace-final,all-arms,dynamic,Omega_hat_StateSize,3261,0
dynamic::qwen3.8-27b-high::all-arms::Omega_hat_StateSize,qwen3.8-27b-high::problem-05/inside-loop-state,problem-05,sha256:e22303dc39b5dd7a5cac47da11bd364b0897fb8d8d9099162d7706552f9fa372,qwen3.8-27b-high,inside-loop-state,all-arms,dynamic,Omega_hat_StateSize,3293,0
dynamic::qwen3.8-27b-high::all-arms::Omega_hat_StateSize,qwen3.8-27b-high::problem-06/long-trace-final,problem-06,sha256:061a7cf51e116aa318d53740cdc4d580b6c9767f126c91061a484987b96cd0c7,qwen3.8-27b-high,long-trace-final,all-arms,dynamic,Omega_hat_StateSize,3288,0
dynamic::qwen3.8-27b-high::all-arms::Omega_hat_StateSize,qwen3.8-27b-high::problem-06/post-loop-state,problem-06,sha256:2c10823e77f28c1bd27318dfe6f1918fbe52e06174725d89f5e5d33bd0bd5510,qwen3.8-27b-high,post-loop-state,all-arms,dynamic,Omega_hat_StateSize,3288,0
dynamic::qwen3.8-27b-high::all-arms::Omega_hat_StateSize,qwen3.8-27b-high::problem-06/short-trace-final,problem-06,sha256:6a88d2c05b775fcb748a8354a26e9d76a3a40fbeb4478fdc3ede8d3a216d580f,qwen3.8-27b-high,short-trace-final,all-arms,dynamic,Omega_hat_StateSize,3267,0
dynamic::qwen3.8-27b-high::all-arms::Omega_hat_StateSize,qwen3.8-27b-high::problem-06/inside-loop-state,problem-06,sha256:cd00c1a7e81437959f3f7ae75d1cd3869cff5bb6980eec8d78e39979ad3c2a27,qwen3.8-27b-high,inside-loop-state,all-arms,dynamic,Omega_hat_StateSize,3289,0
dynamic::qwen3.8-27b-high::all-arms::Omega_hat_StateSize,qwen3.8-27b-high::problem-07/long-trace-final,problem-07,sha256:0038af217dac3eb4ec50de238581737dacd10f0887c0b2b7bf8c89208e6efac5,qwen3.8-27b-high,long-trace-final,all-arms,dynamic,Omega_hat_StateSize,3300,0
dynamic::qwen3.8-27b-high::all-arms::Omega_hat_StateSize,qwen3.8-27b-high::problem-07/inside-loop-state,problem-07,sha256:3f021ab7fd773d4b5707b65f0ddba29e4e2f31918c7ad194865bdfdb2cc2fc23,qwen3.8-27b-high,inside-loop-state,all-arms,dynamic,Omega_hat_StateSize,3301,0
dynamic::qwen3.8-27b-high::all-arms::Omega_hat_StateSize,qwen3.8-27b-high::problem-07/post-loop-state,problem-07,sha256:9e457d18bfaac327399393fdb975773303e803b2fd677d4bd2e6b7cd4ddc624c,qwen3.8-27b-high,post-loop-state,all-arms,dynamic,Omega_hat_StateSize,3300,0
dynamic::qwen3.8-27b-high::all-arms::Omega_hat_StateSize,qwen3.8-27b-high::problem-07/short-trace-final,problem-07,sha256:a804134b8daa3d73abbebef8e0e40694e39211ed7153b6ad7591756fe33cd167,qwen3.8-27b-high,short-trace-final,all-arms,dynamic,Omega_hat_StateSize,3281,0
dynamic::qwen3.8-27b-high::all-arms::Omega_hat_StateSize,qwen3.8-27b-high::problem-08/inside-loop-state,problem-08,sha256:7064354a09226b66ebb7194c3454eab73c7a5d95fb26e79e1817e12584f3f310,qwen3.8-27b-high,inside-loop-state,all-arms,dynamic,Omega_hat_StateSize,3284,0
dynamic::qwen3.8-27b-high::all-arms::Omega_hat_StateSize,qwen3.8-27b-high::problem-08/short-trace-final,problem-08,sha256:a7da9f82ea01769a6b8a112317eee4c6cc1f6de1fd6fdd14a5537d4ac9c80a0f,qwen3.8-27b-high,short-trace-final,all-arms,dynamic,Omega_hat_StateSize,3272,0
dynamic::qwen3.8-27b-high::all-arms::Omega_hat_StateSize,qwen3.8-27b-high::problem-08/post-loop-state,problem-08,sha256:e32673ca942baf21e1de8014e35df297a78a6d254c419164d155a8af936e67b4,qwen3.8-27b-high,post-loop-state,all-arms,dynamic,Omega_hat_StateSize,3289,0
dynamic::qwen3.8-27b-high::all-arms::Omega_hat_StateSize,qwen3.8-27b-high::problem-08/long-trace-final,problem-08,sha256:f4f4c04290dfd1722493e9d5e7c6c040d58b8f4f1f2ea1ffd0972f45a5893717,qwen3.8-27b-high,long-trace-final,all-arms,dynamic,Omega_hat_StateSize,3289,0
dynamic::qwen3.8-27b-high::all-arms::Omega_hat_StateSize,qwen3.8-27b-high::problem-09/short-trace-final,problem-09,sha256:1f2e9f2d169b17ceb6021bac59f884fc4c71697048d44bcde003919a30c6bc01,qwen3.8-27b-high,short-trace-final,all-arms,dynamic,Omega_hat_StateSize,3267,0
dynamic::qwen3.8-27b-high::all-arms::Omega_hat_StateSize,qwen3.8-27b-high::problem-09/inside-loop-state,problem-09,sha256:221039cb3147683b097b9a9e97cbc35a8b09ba4e290f73be9b1bca308fd93ce3,qwen3.8-27b-high,inside-loop-state,all-arms,dynamic,Omega_hat_StateSize,3286,0
dynamic::qwen3.8-27b-high::all-arms::Omega_hat_StateSize,qwen3.8-27b-high::problem-09/post-loop-state,problem-09,sha256:2c9d501dc7cc0a1d91e2d7340569ca0ba384bdb40034069641418df06a065b02,qwen3.8-27b-high,post-loop-state,all-arms,dynamic,Omega_hat_StateSize,3285,0
dynamic::qwen3.8-27b-high::all-arms::Omega_hat_StateSize,qwen3.8-27b-high::problem-09/long-trace-final,problem-09,sha256:d5594fe452f9751f9e5a7096c8f016b17a3d1be5849b3882dd8846f268197c8d,qwen3.8-27b-high,long-trace-final,all-arms,dynamic,Omega_hat_StateSize,3285,0
dynamic::qwen3.8-27b-high::all-arms::Omega_hat_StateSize,qwen3.8-27b-high::problem-10/inside-loop-state,problem-10,sha256:4bfd0a8e336edf6d47adfddd74897b9784181700d614c66dab4d21903a7797cb,qwen3.8-27b-high,inside-loop-state,all-arms,dynamic,Omega_hat_StateSize,3278,0
dynamic::qwen3.8-27b-high::all-arms::Omega_hat_StateSize,qwen3.8-27b-high::problem-10/short-trace-final,problem-10,sha256:68a7353ba44980aa7c94507c7d2506366b7e1a6d3a9840cec0ba3fd243bb86ef,qwen3.8-27b-high,short-trace-final,all-arms,dynamic,Omega_hat_StateSize,3276,0
dynamic::qwen3.8-27b-high::all-arms::Omega_hat_StateSize,qwen3.8-27b-high::problem-10/post-loop-state,problem-10,sha256:6d34f6c50beb59b579b867aa64417c1f8e212aca0c7dba85a4f8d73ad6395e15,qwen3.8-27b-high,post-loop-state,all-arms,dynamic,Omega_hat_StateSize,3277,0
dynamic::qwen3.8-27b-high::all-arms::Omega_hat_StateSize,qwen3.8-27b-high::problem-10/long-trace-final,problem-10,sha256:b9350571c682c8ce1a385a3827b09b6195b6b0de80c103fe5638970bd0396907,qwen3.8-27b-high,long-trace-final,all-arms,dynamic,Omega_hat_StateSize,3277,0
dynamic::qwen3.8-27b-high::all-arms::Omega_hat_StateSize,qwen3.8-27b-high::problem-11/short-trace-final,problem-11,sha256:26270b738997e89a812774051cc9205ec744eed12d5397ba27730fd1f3616545,qwen3.8-27b-high,short-trace-final,all-arms,dynamic,Omega_hat_StateSize,6085,0
dynamic::qwen3.8-27b-high::all-arms::Omega_hat_StateSize,qwen3.8-27b-high::problem-11/long-trace-final,problem-11,sha256:37449d8e8c91c57d5e2c5704a43fc22c0bd0599b769db5d859947f119c59900a,qwen3.8-27b-high,long-trace-final,all-arms,dynamic,Omega_hat_StateSize,6107,0
dynamic::qwen3.8-27b-high::all-arms::Omega_hat_StateSize,qwen3.8-27b-high::problem-11/post-loop-state,problem-11,sha256:89cf19a5769900427442f00c16f675ef52b8c60cb6f502a5e54dafd29cbaa7b3,qwen3.8-27b-high,post-loop-state,all-arms,dynamic,Omega_hat_StateSize,6107,0
dynamic::qwen3.8-27b-high::all-arms::Omega_hat_StateSize,qwen3.8-27b-high::problem-11/inside-loop-state,problem-11,sha256:9e616055a8b294cc727870ca9d00854bfd4625609bfaf8f7f208f2affda4e187,qwen3.8-27b-high,inside-loop-state,all-arms,dynamic,Omega_hat_StateSize,6108,0
dynamic::qwen3.8-27b-high::all-arms::Omega_hat_StateSize,qwen3.8-27b-high::problem-12/inside-loop-state,problem-12,sha256:7b5df0851254363517f3ded42cf7a385fa51a85dd64743e6e008669e0faf5b82,qwen3.8-27b-high,inside-loop-state,all-arms,dynamic,Omega_hat_StateSize,6111,0
dynamic::qwen3.8-27b-high::all-arms::Omega_hat_StateSize,qwen3.8-27b-high::problem-12/short-trace-final,problem-12,sha256:85aa9c8d83f90f5ce7ad3cbf050a51a8d8f6994499cd2159cb23a7ea82b1849e,qwen3.8-27b-high,short-trace-final,all-arms,dynamic,Omega_hat_StateSize,6074,0
dynamic::qwen3.8-27b-high::all-arms::Omega_hat_StateSize,qwen3.8-27b-high::problem-12/post-loop-state,problem-12,sha256:958460d7ecf7621b9ecf5669fda846e1d9c0a7b4b399190aeed32c7df8b0699e,qwen3.8-27b-high,post-loop-state,all-arms,dynamic,Omega_hat_StateSize,6110,0
dynamic::qwen3.8-27b-high::all-arms::Omega_hat_StateSize,qwen3.8-27b-high::problem-12/long-trace-final,problem-12,sha256:bbf72f7493684d660693adfc81bbd175088f4b46afda09d4b298512c72508c1b,qwen3.8-27b-high,long-trace-final,all-arms,dynamic,Omega_hat_StateSize,6110,0
dynamic::qwen3.8-27b-high::all-arms::Omega_hat_StateSize,qwen3.8-27b-high::problem-13/inside-loop-state,problem-13,sha256:2b247ce5916acd9195152fced59de2ae563f4cbdd37bfd795074e5f2ec115251,qwen3.8-27b-high,inside-loop-state,all-arms,dynamic,Omega_hat_StateSize,6110,0
dynamic::qwen3.8-27b-high::all-arms::Omega_hat_StateSize,qwen3.8-27b-high::problem-13/post-loop-state,problem-13,sha256:5c4433c9aa1b024d200559d67bbc7d578a21c39d10fb03ce2c6a5caae255993f,qwen3.8-27b-high,post-loop-state,all-arms,dynamic,Omega_hat_StateSize,6117,0
dynamic::qwen3.8-27b-high::all-arms::Omega_hat_StateSize,qwen3.8-27b-high::problem-13/short-trace-final,problem-13,sha256:eccc604db1d5cc06fe2c28b2456d93ecb100590e01fd6ce576ad76161a08aada,qwen3.8-27b-high,short-trace-final,all-arms,dynamic,Omega_hat_StateSize,6091,0
dynamic::qwen3.8-27b-high::all-arms::Omega_hat_StateSize,qwen3.8-27b-high::problem-13/long-trace-final,problem-13,sha256:fc03a1fd966e3a60af4264cb997a959b0d3d39ccb2cc7f6636f0659db36c1fcf,qwen3.8-27b-high,long-trace-final,all-arms,dynamic,Omega_hat_StateSize,6117,0
dynamic::qwen3.8-27b-high::all-arms::Omega_hat_StateSize,qwen3.8-27b-high::problem-14/short-trace-final,problem-14,sha256:929856d52b4d3a50a8d477f065732fc3ff381b1ec26dfd9672f1bb3e81b9112e,qwen3.8-27b-high,short-trace-final,all-arms,dynamic,Omega_hat_StateSize,6098,0
dynamic::qwen3.8-27b-high::all-arms::Omega_hat_StateSize,qwen3.8-27b-high::problem-14/post-loop-state,problem-14,sha256:a428733484eb9e4568dc0f1944310d728394aa7a5f597f21fad8a5f17c349a92,qwen3.8-27b-high,post-loop-state,all-arms,dynamic,Omega_hat_StateSize,6116,0
dynamic::qwen3.8-27b-high::all-arms::Omega_hat_StateSize,qwen3.8-27b-high::problem-14/inside-loop-state,problem-14,sha256:b92de04f170b8d7777731ffc17b0ef112672dde69764b2e2b4544f1cbbfd2775,qwen3.8-27b-high,inside-loop-state,all-arms,dynamic,Omega_hat_StateSize,6117,0
dynamic::qwen3.8-27b-high::all-arms::Omega_hat_StateSize,qwen3.8-27b-high::problem-14/long-trace-final,problem-14,sha256:e692c2f7963ddc6244570169d2564497fe9f12ef39e36f0f4f9f973b508f3616,qwen3.8-27b-high,long-trace-final,all-arms,dynamic,Omega_hat_StateSize,6116,0
dynamic::qwen3.8-27b-high::all-arms::Omega_hat_StateSize,qwen3.8-27b-high::problem-15/post-loop-state,problem-15,sha256:12301c45635de868f2a4e921222d940fcf33c2f6205d05fc21454266cfbc3061,qwen3.8-27b-high,post-loop-state,all-arms,dynamic,Omega_hat_StateSize,6094,0
dynamic::qwen3.8-27b-high::all-arms::Omega_hat_StateSize,qwen3.8-27b-high::problem-15/inside-loop-state,problem-15,sha256:50e103eb8654ee1640e95f86191fb481f0e07e0bd366e6b5ce47d20c0a200912,qwen3.8-27b-high,inside-loop-state,all-arms,dynamic,Omega_hat_StateSize,6089,0
dynamic::qwen3.8-27b-high::all-arms::Omega_hat_StateSize,qwen3.8-27b-high::problem-15/short-trace-final,problem-15,sha256:649f09230fe16bc947760c4387cd544c37fec8d49083a073371770fa5ae3e1d1,qwen3.8-27b-high,short-trace-final,all-arms,dynamic,Omega_hat_StateSize,6087,0
dynamic::qwen3.8-27b-high::all-arms::Omega_hat_StateSize,qwen3.8-27b-high::problem-15/long-trace-final,problem-15,sha256:8ab718d447d5782861bfa1a8a089a1b4a55c3c55b6ead5ff4abb068409ec1b6b,qwen3.8-27b-high,long-trace-final,all-arms,dynamic,Omega_hat_StateSize,6094,0
dynamic::qwen3.8-27b-high::all-arms::Omega_hat_StateSize,qwen3.8-27b-high::problem-16/short-trace-final,problem-16,sha256:64670fb8a7f19547ad0b0c7647c368cf26d355b1d2e0bedbf884079ff09d87fb,qwen3.8-27b-high,short-trace-final,all-arms,dynamic,Omega_hat_StateSize,6083,0
dynamic::qwen3.8-27b-high::all-arms::Omega_hat_StateSize,qwen3.8-27b-high::problem-16/post-loop-state,problem-16,sha256:8368e978d24c4b3ea18f7eb2ea99706b1e5473aa07f13c4bb3fe6fe619fee763,qwen3.8-27b-high,post-loop-state,all-arms,dynamic,Omega_hat_StateSize,6095,0
dynamic::qwen3.8-27b-high::all-arms::Omega_hat_StateSize,qwen3.8-27b-high::problem-16/long-trace-final,problem-16,sha256:a01be6f53c51de04e80ef9a1b56b33bd854ea547c3ab8fbf01dd1719b64424e2,qwen3.8-27b-high,long-trace-final,all-arms,dynamic,Omega_hat_StateSize,6095,0
dynamic::qwen3.8-27b-high::all-arms::Omega_hat_StateSize,qwen3.8-27b-high::problem-16/inside-loop-state,problem-16,sha256:e785fbb7c44714837a925d69b7a0b7764633037949cf8e2d8eee2ac7af673285,qwen3.8-27b-high,inside-loop-state,all-arms,dynamic,Omega_hat_StateSize,6096,0
dynamic::qwen3.8-27b-high::all-arms::Omega_hat_StateSize,qwen3.8-27b-high::problem-17/short-trace-final,problem-17,sha256:23bfd7217d9ba652a3156953e53db1b393d9093de1553e00151f9992835a6c12,qwen3.8-27b-high,short-trace-final,all-arms,dynamic,Omega_hat_StateSize,6090,0
dynamic::qwen3.8-27b-high::all-arms::Omega_hat_StateSize,qwen3.8-27b-high::problem-17/post-loop-state,problem-17,sha256:a71207cf0c9322ded7b4ad736d0eb7fe58ca15c45d6aad6ed8aa8f7de3eda7b2,qwen3.8-27b-high,post-loop-state,all-arms,dynamic,Omega_hat_StateSize,6105,0
dynamic::qwen3.8-27b-high::all-arms::Omega_hat_StateSize,qwen3.8-27b-high::problem-17/long-trace-final,problem-17,sha256:c1d6591d0bf5a1829058e47370a9ecca6ddf09033379e65669b82b28603cf1e2,qwen3.8-27b-high,long-trace-final,all-arms,dynamic,Omega_hat_StateSize,6105,0
dynamic::qwen3.8-27b-high::all-arms::Omega_hat_StateSize,qwen3.8-27b-high::problem-17/inside-loop-state,problem-17,sha256:ffbe22e9b9ecc46324d4d5b73a4a9fb9116281954ab9775b607d59ad2563ff75,qwen3.8-27b-high,inside-loop-state,all-arms,dynamic,Omega_hat_StateSize,6106,0
dynamic::qwen3.8-27b-high::all-arms::Omega_hat_StateSize,qwen3.8-27b-high::problem-18/long-trace-final,problem-18,sha256:3e1043702949a2334ffeb4aae795b5838059d006655a0bbf6798f0b6adeb085f,qwen3.8-27b-high,long-trace-final,all-arms,dynamic,Omega_hat_StateSize,6098,0
dynamic::qwen3.8-27b-high::all-arms::Omega_hat_StateSize,qwen3.8-27b-high::problem-18/short-trace-final,problem-18,sha256:55ce2dca47dbe112e5ff867e7e8bfbd2311a4010bf0497e1f33d5e2d3b6b309d,qwen3.8-27b-high,short-trace-final,all-arms,dynamic,Omega_hat_StateSize,6069,0
dynamic::qwen3.8-27b-high::all-arms::Omega_hat_StateSize,qwen3.8-27b-high::problem-18/inside-loop-state,problem-18,sha256:d9fde9c0b10033b45350be818f38a02f7530deefc277daf7ca51e91be628bf0d,qwen3.8-27b-high,inside-loop-state,all-arms,dynamic,Omega_hat_StateSize,6099,0
dynamic::qwen3.8-27b-high::all-arms::Omega_hat_StateSize,qwen3.8-27b-high::problem-18/post-loop-state,problem-18,sha256:ec5ffe88fa32f58a281e2a9be9970228c8f780ce294441e0d8ca083c44ab7cb9,qwen3.8-27b-high,post-loop-state,all-arms,dynamic,Omega_hat_StateSize,6098,0
dynamic::qwen3.8-27b-high::all-arms::Omega_hat_StateSize,qwen3.8-27b-high::problem-19/long-trace-final,problem-19,sha256:48814bea3c8f1e5cd1614a147556846e339503cb69e0803c858796e6f058c6eb,qwen3.8-27b-high,long-trace-final,all-arms,dynamic,Omega_hat_StateSize,6117,0
dynamic::qwen3.8-27b-high::all-arms::Omega_hat_StateSize,qwen3.8-27b-high::problem-19/post-loop-state,problem-19,sha256:67005c3e5fba330dd029ce911161dd9d7c281181ffdda26a6c04f791843ce5b0,qwen3.8-27b-high,post-loop-state,all-arms,dynamic,Omega_hat_StateSize,6117,0
dynamic::qwen3.8-27b-high::all-arms::Omega_hat_StateSize,qwen3.8-27b-high::problem-19/inside-loop-state,problem-19,sha256:7c4063bd0e506396a919ac229901d3779224482c2f0a86685fac407a77181b08,qwen3.8-27b-high,inside-loop-state,all-arms,dynamic,Omega_hat_StateSize,6118,0
dynamic::qwen3.8-27b-high::all-arms::Omega_hat_StateSize,qwen3.8-27b-high::problem-19/short-trace-final,problem-19,sha256:e573b78b30a2d6877c5e647ea6ef1ebbe778918dafdef3ce3ca1ef425adf4aae,qwen3.8-27b-high,short-trace-final,all-arms,dynamic,Omega_hat_StateSize,6101,0
dynamic::qwen3.8-27b-high::all-arms::Omega_hat_StateSize,qwen3.8-27b-high::problem-20/post-loop-state,problem-20,sha256:18ed8611483fb7761108ab3d6d83b912b08a4b16125c798ed34fc0e54d1d0305,qwen3.8-27b-high,post-loop-state,all-arms,dynamic,Omega_hat_StateSize,6094,0
dynamic::qwen3.8-27b-high::all-arms::Omega_hat_StateSize,qwen3.8-27b-high::problem-20/short-trace-final,problem-20,sha256:9e0c8296a9f0717b3ada2dc70705058a39ba1d561df45643b9a79d3f62c7ee4f,qwen3.8-27b-high,short-trace-final,all-arms,dynamic,Omega_hat_StateSize,6060,0
dynamic::qwen3.8-27b-high::all-arms::Omega_hat_StateSize,qwen3.8-27b-high::problem-20/inside-loop-state,problem-20,sha256:bd5bcbf1a9fbe0d7ec617f2eb09018adffc1493412d300f645de5abb9bb358e1,qwen3.8-27b-high,inside-loop-state,all-arms,dynamic,Omega_hat_StateSize,6095,0
dynamic::qwen3.8-27b-high::all-arms::Omega_hat_StateSize,qwen3.8-27b-high::problem-20/long-trace-final,problem-20,sha256:cfdd0f3fcdabe8556447869245ebb13768cf9520d32294331ed86a2fcdda934e,qwen3.8-27b-high,long-trace-final,all-arms,dynamic,Omega_hat_StateSize,6094,0
dynamic::qwen3.8-27b-high::all-arms::Omega_hat_StateSize,qwen3.8-27b-high::problem-21/inside-loop-state,problem-21,sha256:6b893d1fe6186f33bb87627c625c620c60c23d16b1eb380e5428287d7bcd173b,qwen3.8-27b-high,inside-loop-state,all-arms,dynamic,Omega_hat_StateSize,10756,0
dynamic::qwen3.8-27b-high::all-arms::Omega_hat_StateSize,qwen3.8-27b-high::problem-21/long-trace-final,problem-21,sha256:abae68d8201478b8273623d6f31c7f95f798e23c59176c1c030258097c23bc2a,qwen3.8-27b-high,long-trace-final,all-arms,dynamic,Omega_hat_StateSize,10755,0
dynamic::qwen3.8-27b-high::all-arms::Omega_hat_StateSize,qwen3.8-27b-high::problem-21/post-loop-state,problem-21,sha256:b1ba4c145bc3491180d71e43456f0de195530e4eda327d97e480319644d54468,qwen3.8-27b-high,post-loop-state,all-arms,dynamic,Omega_hat_StateSize,10755,0
dynamic::qwen3.8-27b-high::all-arms::Omega_hat_StateSize,qwen3.8-27b-high::problem-21/short-trace-final,problem-21,sha256:c08e9d12f0c628db74c80e296b9aeaa44f2ff442479546e4521c875bc621edcf,qwen3.8-27b-high,short-trace-final,all-arms,dynamic,Omega_hat_StateSize,10740,0
dynamic::qwen3.8-27b-high::all-arms::Omega_hat_StateSize,qwen3.8-27b-high::problem-22/post-loop-state,problem-22,sha256:642b405db89f31906ffda3368213a2dea48b194489eef14859eba92a495738dc,qwen3.8-27b-high,post-loop-state,all-arms,dynamic,Omega_hat_StateSize,10733,0
dynamic::qwen3.8-27b-high::all-arms::Omega_hat_StateSize,qwen3.8-27b-high::problem-22/inside-loop-state,problem-22,sha256:895a3e331a4a70e78f11ec4c30afb51f9695d33bfe2745487c604118a27dc196,qwen3.8-27b-high,inside-loop-state,all-arms,dynamic,Omega_hat_StateSize,10734,0
dynamic::qwen3.8-27b-high::all-arms::Omega_hat_StateSize,qwen3.8-27b-high::problem-22/short-trace-final,problem-22,sha256:bdfb4ea940fcc763a5c0367908bb8a2418611ecbf44f222ddd6008ab05066e5a,qwen3.8-27b-high,short-trace-final,all-arms,dynamic,Omega_hat_StateSize,10754,0
dynamic::qwen3.8-27b-high::all-arms::Omega_hat_StateSize,qwen3.8-27b-high::problem-22/long-trace-final,problem-22,sha256:d095f6706999a481b592168652c7c699ef339254946149818a5f8ab337c7f262,qwen3.8-27b-high,long-trace-final,all-arms,dynamic,Omega_hat_StateSize,10733,0
dynamic::qwen3.8-27b-high::all-arms::Omega_hat_StateSize,qwen3.8-27b-high::problem-23/long-trace-final,problem-23,sha256:1245ebbf69a81bcb8f23d1a367d4077c7ff732cf2ca37e553c4ad80d11a1687e,qwen3.8-27b-high,long-trace-final,all-arms,dynamic,Omega_hat_StateSize,10754,0
dynamic::qwen3.8-27b-high::all-arms::Omega_hat_StateSize,qwen3.8-27b-high::problem-23/short-trace-final,problem-23,sha256:78febcc2681676995da118209adc295d1c6f8449ddc2f697eff5823e74d2c92b,qwen3.8-27b-high,short-trace-final,all-arms,dynamic,Omega_hat_StateSize,10740,0
dynamic::qwen3.8-27b-high::all-arms::Omega_hat_StateSize,qwen3.8-27b-high::problem-23/inside-loop-state,problem-23,sha256:c5b04d442721c6e23d53ded804f222ca9bc2bd35cb825d975482627fa2f68eb8,qwen3.8-27b-high,inside-loop-state,all-arms,dynamic,Omega_hat_StateSize,10755,0
dynamic::qwen3.8-27b-high::all-arms::Omega_hat_StateSize,qwen3.8-27b-high::problem-23/post-loop-state,problem-23,sha256:f422207380b27c4b9c9e1403517b42b55f6342cd02514f3d18cff14a6eaf23b9,qwen3.8-27b-high,post-loop-state,all-arms,dynamic,Omega_hat_StateSize,10754,0
dynamic::qwen3.8-27b-high::all-arms::Omega_hat_StateSize,qwen3.8-27b-high::problem-24/long-trace-final,problem-24,sha256:312cb1244299d8ea29ce3be52759a05aaf6f571f4cabdb8de4cdfefc53c21127,qwen3.8-27b-high,long-trace-final,all-arms,dynamic,Omega_hat_StateSize,10750,0
dynamic::qwen3.8-27b-high::all-arms::Omega_hat_StateSize,qwen3.8-27b-high::problem-24/post-loop-state,problem-24,sha256:a9bba3e75ac97caf5a230d723fd189724ff0563bea2bef0b001eb7655cd5c948,qwen3.8-27b-high,post-loop-state,all-arms,dynamic,Omega_hat_StateSize,10750,0
dynamic::qwen3.8-27b-high::all-arms::Omega_hat_StateSize,qwen3.8-27b-high::problem-24/inside-loop-state,problem-24,sha256:c151679cf530cdccea973844a665dbb377147bfda08d781a73e4cebd8e7aa207,qwen3.8-27b-high,inside-loop-state,all-arms,dynamic,Omega_hat_StateSize,10751,0
dynamic::qwen3.8-27b-high::all-arms::Omega_hat_StateSize,qwen3.8-27b-high::problem-24/short-trace-final,problem-24,sha256:da5e2129ac6eb31efb9c60f4456bf6a53cf0c9c972c82515c6421612ad91b98c,qwen3.8-27b-high,short-trace-final,all-arms,dynamic,Omega_hat_StateSize,10731,0
dynamic::qwen3.8-27b-high::all-arms::Omega_hat_StateSize,qwen3.8-27b-high::problem-25/inside-loop-state,problem-25,sha256:5e34e564ebcb950511aeb4040311983a4e917c9f539fe9bf740740d04ff82754,qwen3.8-27b-high,inside-loop-state,all-arms,dynamic,Omega_hat_StateSize,10772,0
dynamic::qwen3.8-27b-high::all-arms::Omega_hat_StateSize,qwen3.8-27b-high::problem-25/post-loop-state,problem-25,sha256:75b110f0259dbaad71e4a3448a19097ec57bdd629d5281f6767d6860812b4c19,qwen3.8-27b-high,post-loop-state,all-arms,dynamic,Omega_hat_StateSize,10771,0
dynamic::qwen3.8-27b-high::all-arms::Omega_hat_StateSize,qwen3.8-27b-high::problem-25/short-trace-final,problem-25,sha256:a40a9795cb938fde800d3c6170d0c04fa0258cbef4e26485156c279ea570a1c9,qwen3.8-27b-high,short-trace-final,all-arms,dynamic,Omega_hat_StateSize,10738,0
dynamic::qwen3.8-27b-high::all-arms::Omega_hat_StateSize,qwen3.8-27b-high::problem-25/long-trace-final,problem-25,sha256:ea555a40d3f155ff207893e7327866c923e56b4bcc853fbea3e3ec27d9a3e419,qwen3.8-27b-high,long-trace-final,all-arms,dynamic,Omega_hat_StateSize,10771,0
dynamic::qwen3.8-27b-high::all-arms::Omega_hat_StateSize,qwen3.8-27b-high::problem-26/post-loop-state,problem-26,sha256:09ad9f965884b1ca88246bf427ed30c073b3774cda0e3f8b1ba5fcb8a52876f0,qwen3.8-27b-high,post-loop-state,all-arms,dynamic,Omega_hat_StateSize,10746,0
dynamic::qwen3.8-27b-high::all-arms::Omega_hat_StateSize,qwen3.8-27b-high::problem-26/long-trace-final,problem-26,sha256:8a0a9d72ece310a0393e6f8cd6161daa9fc85ca793d8f7a5effe7867b7b3610e,qwen3.8-27b-high,long-trace-final,all-arms,dynamic,Omega_hat_StateSize,10746,0
dynamic::qwen3.8-27b-high::all-arms::Omega_hat_StateSize,qwen3.8-27b-high::problem-26/short-trace-final,problem-26,sha256:d366caa8929075d65d1d7b7db9700b9131f161a1ac0faff603b289cf7c5bce85,qwen3.8-27b-high,short-trace-final,all-arms,dynamic,Omega_hat_StateSize,10741,0
dynamic::qwen3.8-27b-high::all-arms::Omega_hat_StateSize,qwen3.8-27b-high::problem-26/inside-loop-state,problem-26,sha256:f9a0bdb83416f8938c7ae733c1f802841b3746ef0e2c9c69f4dfcd271e42f429,qwen3.8-27b-high,inside-loop-state,all-arms,dynamic,Omega_hat_StateSize,10747,0
dynamic::qwen3.8-27b-high::all-arms::Omega_hat_StateSize,qwen3.8-27b-high::problem-27/long-trace-final,problem-27,sha256:1d4d6eaa0d724ed2eabbd6de906e694e29956478548df760cda79767a3d420aa,qwen3.8-27b-high,long-trace-final,all-arms,dynamic,Omega_hat_StateSize,10746,0
dynamic::qwen3.8-27b-high::all-arms::Omega_hat_StateSize,qwen3.8-27b-high::problem-27/short-trace-final,problem-27,sha256:ac06f4eaa7953cf90f5b0f2b52580f1e113358761701f25264564a9119eed893,qwen3.8-27b-high,short-trace-final,all-arms,dynamic,Omega_hat_StateSize,10749,0
dynamic::qwen3.8-27b-high::all-arms::Omega_hat_StateSize,qwen3.8-27b-high::problem-27/inside-loop-state,problem-27,sha256:e8a7fd6ede3a54a7a6c46ba71aa8095c7036f8a67282fd35936d92bd03911640,qwen3.8-27b-high,inside-loop-state,all-arms,dynamic,Omega_hat_StateSize,10747,0
dynamic::qwen3.8-27b-high::all-arms::Omega_hat_StateSize,qwen3.8-27b-high::problem-27/post-loop-state,problem-27,sha256:ec560b955bdd3cfdd9c93d7e5e9dec52b80d640de2b6aef03d7e59ab46ae487f,qwen3.8-27b-high,post-loop-state,all-arms,dynamic,Omega_hat_StateSize,10746,0
dynamic::qwen3.8-27b-high::all-arms::Omega_hat_StateSize,qwen3.8-27b-high::problem-28/inside-loop-state,problem-28,sha256:8e7497c27f25952db2771db8b7d65a445fec890474e0eaf363433912b4448d98,qwen3.8-27b-high,inside-loop-state,all-arms,dynamic,Omega_hat_StateSize,10756,0
dynamic::qwen3.8-27b-high::all-arms::Omega_hat_StateSize,qwen3.8-27b-high::problem-28/short-trace-final,problem-28,sha256:e48fd34b81d40474be4f17f911d0be54f3f4d0dcb7dcf485fbc4396c61acb108,qwen3.8-27b-high,short-trace-final,all-arms,dynamic,Omega_hat_StateSize,10744,0
dynamic::qwen3.8-27b-high::all-arms::Omega_hat_StateSize,qwen3.8-27b-high::problem-28/long-trace-final,problem-28,sha256:eac890193eab32fcb83a9b96b1975d2ec0850ff443479a8e9fc22322b0fef1a3,qwen3.8-27b-high,long-trace-final,all-arms,dynamic,Omega_hat_StateSize,10755,0
dynamic::qwen3.8-27b-high::all-arms::Omega_hat_StateSize,qwen3.8-27b-high::problem-28/post-loop-state,problem-28,sha256:eb32ac1b648907af496e87af77869c7d270abcf1a78e35194aff1abc7aad9814,qwen3.8-27b-high,post-loop-state,all-arms,dynamic,Omega_hat_StateSize,10755,0
dynamic::qwen3.8-27b-high::all-arms::Omega_hat_StateSize,qwen3.8-27b-high::problem-29/post-loop-state,problem-29,sha256:266a35b82d6b7b97b632edbdec2e61ad18b6191c9dc4722cceec06e6f7cf3e7b,qwen3.8-27b-high,post-loop-state,all-arms,dynamic,Omega_hat_StateSize,10743,0
dynamic::qwen3.8-27b-high::all-arms::Omega_hat_StateSize,qwen3.8-27b-high::problem-29/short-trace-final,problem-29,sha256:4ecced26b7df8a9b75c98baa33550ead17ba2313bbb605c2d1cb7baa2e29a52e,qwen3.8-27b-high,short-trace-final,all-arms,dynamic,Omega_hat_StateSize,10749,0
dynamic::qwen3.8-27b-high::all-arms::Omega_hat_StateSize,qwen3.8-27b-high::problem-29/inside-loop-state,problem-29,sha256:6055ac1e5575ce92574c3669a2a3eb367092c36fb132bfce0cca3260851140e2,qwen3.8-27b-high,inside-loop-state,all-arms,dynamic,Omega_hat_StateSize,10744,0
dynamic::qwen3.8-27b-high::all-arms::Omega_hat_StateSize,qwen3.8-27b-high::problem-29/long-trace-final,problem-29,sha256:dafab6181d512ecf0c71e74b5f580d6000813124811287d4fc852c2b145c4d20,qwen3.8-27b-high,long-trace-final,all-arms,dynamic,Omega_hat_StateSize,10743,0
dynamic::qwen3.8-27b-high::all-arms::Omega_hat_StateSize,qwen3.8-27b-high::problem-30/inside-loop-state,problem-30,sha256:4956e45be9ac9fea2c36667b16c62bb1d6f435004d42c4e4b3b34a6a2de2fa26,qwen3.8-27b-high,inside-loop-state,all-arms,dynamic,Omega_hat_StateSize,10788,0
dynamic::qwen3.8-27b-high::all-arms::Omega_hat_StateSize,qwen3.8-27b-high::problem-30/short-trace-final,problem-30,sha256:84ea88c1bf723ea51c2ae8d1c8fe25aa5d3dc5be93e0882e4f0cf0be0e4137bb,qwen3.8-27b-high,short-trace-final,all-arms,dynamic,Omega_hat_StateSize,10726,0
dynamic::qwen3.8-27b-high::all-arms::Omega_hat_StateSize,qwen3.8-27b-high::problem-30/long-trace-final,problem-30,sha256:c2098a098a924cecff89d4a804a7f8d840ecd0538821c278601a32140bcca3f8,qwen3.8-27b-high,long-trace-final,all-arms,dynamic,Omega_hat_StateSize,10787,0
dynamic::qwen3.8-27b-high::all-arms::Omega_hat_StateSize,qwen3.8-27b-high::problem-30/post-loop-state,problem-30,sha256:e69e021f535c9d0fc24b0101f47f65371d3832409890cf0484859bf2d6e98e0b,qwen3.8-27b-high,post-loop-state,all-arms,dynamic,Omega_hat_StateSize,10787,0
dynamic::qwen3.8-27b-off::all-arms::Omega_hat_NativeTrace,qwen3.8-27b-off::problem-01/inside-loop-state,problem-01,sha256:0547b42885dc201376fb93765a3c7da6c077a0338c243dcae8c262108a061af1,qwen3.8-27b-off,inside-loop-state,all-arms,dynamic,Omega_hat_NativeTrace,177482,0
dynamic::qwen3.8-27b-off::all-arms::Omega_hat_NativeTrace,qwen3.8-27b-off::problem-01/long-trace-final,problem-01,sha256:56d9affe274f136e1933852e8f797cfb86ea3bed95c016b04556b2c4ca152b2c,qwen3.8-27b-off,long-trace-final,all-arms,dynamic,Omega_hat_NativeTrace,222559,0
dynamic::qwen3.8-27b-off::all-arms::Omega_hat_NativeTrace,qwen3.8-27b-off::problem-01/short-trace-final,problem-01,sha256:73ad8aafe6d235df156f603343f220d5bf0bf095034c7c09e4647aec6b75183c,qwen3.8-27b-off,short-trace-final,all-arms,dynamic,Omega_hat_NativeTrace,90806,0
dynamic::qwen3.8-27b-off::all-arms::Omega_hat_NativeTrace,qwen3.8-27b-off::problem-01/post-loop-state,problem-01,sha256:8c394bb669c6429a6cc8371df442ba1284632f5fd03fcf20b87ec42c6b002666,qwen3.8-27b-off,post-loop-state,all-arms,dynamic,Omega_hat_NativeTrace,214164,0
dynamic::qwen3.8-27b-off::all-arms::Omega_hat_NativeTrace,qwen3.8-27b-off::problem-02/long-trace-final,problem-02,sha256:2c6c086992c204f9156a73eca1a86fe4ad8b4777c9b50ca69f44efa3a0ec804d,qwen3.8-27b-off,long-trace-final,all-arms,dynamic,Omega_hat_NativeTrace,221700,0
dynamic::qwen3.8-27b-off::all-arms::Omega_hat_NativeTrace,qwen3.8-27b-off::problem-02/inside-loop-state,problem-02,sha256:43ea44d05f37e33633d2f43ad399b115c3066c018f15acef6f477c034fdda927,qwen3.8-27b-off,inside-loop-state,all-arms,dynamic,Omega_hat_NativeTrace,177007,0
dynamic::qwen3.8-27b-off::all-arms::Omega_hat_NativeTrace,qwen3.8-27b-off::problem-02/post-loop-state,problem-02,sha256:ba7d1febfb83991899883c292120818d9f29e3dd565ec4a93b6368650d9b3d8b,qwen3.8-27b-off,post-loop-state,all-arms,dynamic,Omega_hat_NativeTrace,213305,0
dynamic::qwen3.8-27b-off::all-arms::Omega_hat_NativeTrace,qwen3.8-27b-off::problem-02/short-trace-final,problem-02,sha256:c045cedad0407af52c2d7faa26f00e6fb48605031adc73be301bb6ee469d0a00,qwen3.8-27b-off,short-trace-final,all-arms,dynamic,Omega_hat_NativeTrace,108273,0
dynamic::qwen3.8-27b-off::all-arms::Omega_hat_NativeTrace,qwen3.8-27b-off::problem-03/post-loop-state,problem-03,sha256:2acfa20a7ee16e7c373ae0cf23d876f6106fe1856336ee95352a6619b1420010,qwen3.8-27b-off,post-loop-state,all-arms,dynamic,Omega_hat_NativeTrace,209127,0
dynamic::qwen3.8-27b-off::all-arms::Omega_hat_NativeTrace,qwen3.8-27b-off::problem-03/inside-loop-state,problem-03,sha256:587d5ad47aee9baac51abb2d6ac720bc8b29f8e6c6f98e2e7066bb6d8bac30a1,qwen3.8-27b-off,inside-loop-state,all-arms,dynamic,Omega_hat_NativeTrace,178047,0
dynamic::qwen3.8-27b-off::all-arms::Omega_hat_NativeTrace,qwen3.8-27b-off::problem-03/long-trace-final,problem-03,sha256:5cd8a44109e568c902e2d582d4448650c2d4a64ee9ae4e391cf17a60348468b4,qwen3.8-27b-off,long-trace-final,all-arms,dynamic,Omega_hat_NativeTrace,217522,0
dynamic::qwen3.8-27b-off::all-arms::Omega_hat_NativeTrace,qwen3.8-27b-off::problem-03/short-trace-final,problem-03,sha256:de9b7f7e58c8ec2d2f824891cdd79a1b094a45ac4742558225294573439b316d,qwen3.8-27b-off,short-trace-final,all-arms,dynamic,Omega_hat_NativeTrace,92185,0
dynamic::qwen3.8-27b-off::all-arms::Omega_hat_NativeTrace,qwen3.8-27b-off::problem-04/short-trace-final,problem-04,sha256:05aae40bc36e0df65171215e791c8e10e79babb0960ce78b876515d48b8accae,qwen3.8-27b-off,short-trace-final,all-arms,dynamic,Omega_hat_NativeTrace,101454,0
dynamic::qwen3.8-27b-off::all-arms::Omega_hat_NativeTrace,qwen3.8-27b-off::problem-04/long-trace-final,problem-04,sha256:7ad230089b4b878cee95f70563245eea351dea877118fcf8a597be6bd90d14f5,qwen3.8-27b-off,long-trace-final,all-arms,dynamic,Omega_hat_NativeTrace,231312,0
dynamic::qwen3.8-27b-off::all-arms::Omega_hat_NativeTrace,qwen3.8-27b-off::problem-04/post-loop-state,problem-04,sha256:94ab1f7d2732d7ff5cef895f5b77e7fd081702b993a6eb7d3d5c505592cefb21,qwen3.8-27b-off,post-loop-state,all-arms,dynamic,Omega_hat_NativeTrace,222917,0
dynamic::qwen3.8-27b-off::all-arms::Omega_hat_NativeTrace,qwen3.8-27b-off::problem-04/inside-loop-state,problem-04,sha256:9aaa594325de39aafc50a9d96c539f0c1166bd50a8eff8c49c14c84270c4ff59,qwen3.8-27b-off,inside-loop-state,all-arms,dynamic,Omega_hat_NativeTrace,187012,0
dynamic::qwen3.8-27b-off::all-arms::Omega_hat_NativeTrace,qwen3.8-27b-off::problem-05/post-loop-state,problem-05,sha256:0f684ff85de199f8f7c7ffc32375f9b9e62fa5827fcecce50fb5d60bca08e280,qwen3.8-27b-off,post-loop-state,all-arms,dynamic,Omega_hat_NativeTrace,219484,0
dynamic::qwen3.8-27b-off::all-arms::Omega_hat_NativeTrace,qwen3.8-27b-off::problem-05/long-trace-final,problem-05,sha256:5a4822c8f4e084302eeecb07be76313448d56e02db866843273cfa2a79ca9b73,qwen3.8-27b-off,long-trace-final,all-arms,dynamic,Omega_hat_NativeTrace,227879,0
dynamic::qwen3.8-27b-off::all-arms::Omega_hat_NativeTrace,qwen3.8-27b-off::problem-05/short-trace-final,problem-05,sha256:9f6345f351d6266c0c09238729ff08378ce70e23ac0267c2e41f067733d6f579,qwen3.8-27b-off,short-trace-final,all-arms,dynamic,Omega_hat_NativeTrace,92213,0
dynamic::qwen3.8-27b-off::all-arms::Omega_hat_NativeTrace,qwen3.8-27b-off::problem-05/inside-loop-state,problem-05,sha256:e22303dc39b5dd7a5cac47da11bd364b0897fb8d8d9099162d7706552f9fa372,qwen3.8-27b-off,inside-loop-state,all-arms,dynamic,Omega_hat_NativeTrace,187905,0
dynamic::qwen3.8-27b-off::all-arms::Omega_hat_NativeTrace,qwen3.8-27b-off::problem-06/long-trace-final,problem-06,sha256:061a7cf51e116aa318d53740cdc4d580b6c9767f126c91061a484987b96cd0c7,qwen3.8-27b-off,long-trace-final,all-arms,dynamic,Omega_hat_NativeTrace,220520,0
dynamic::qwen3.8-27b-off::all-arms::Omega_hat_NativeTrace,qwen3.8-27b-off::problem-06/post-loop-state,problem-06,sha256:2c10823e77f28c1bd27318dfe6f1918fbe52e06174725d89f5e5d33bd0bd5510,qwen3.8-27b-off,post-loop-state,all-arms,dynamic,Omega_hat_NativeTrace,212125,0
dynamic::qwen3.8-27b-off::all-arms::Omega_hat_NativeTrace,qwen3.8-27b-off::problem-06/short-trace-final,problem-06,sha256:6a88d2c05b775fcb748a8354a26e9d76a3a40fbeb4478fdc3ede8d3a216d580f,qwen3.8-27b-off,short-trace-final,all-arms,dynamic,Omega_hat_NativeTrace,93164,0
dynamic::qwen3.8-27b-off::all-arms::Omega_hat_NativeTrace,qwen3.8-27b-off::problem-06/inside-loop-state,problem-06,sha256:cd00c1a7e81437959f3f7ae75d1cd3869cff5bb6980eec8d78e39979ad3c2a27,qwen3.8-27b-off,inside-loop-state,all-arms,dynamic,Omega_hat_NativeTrace,173832,0
dynamic::qwen3.8-27b-off::all-arms::Omega_hat_NativeTrace,qwen3.8-27b-off::problem-07/long-trace-final,problem-07,sha256:0038af217dac3eb4ec50de238581737dacd10f0887c0b2b7bf8c89208e6efac5,qwen3.8-27b-off,long-trace-final,all-arms,dynamic,Omega_hat_NativeTrace,223712,0
dynamic::qwen3.8-27b-off::all-arms::Omega_hat_NativeTrace,qwen3.8-27b-off::problem-07/inside-loop-state,problem-07,sha256:3f021ab7fd773d4b5707b65f0ddba29e4e2f31918c7ad194865bdfdb2cc2fc23,qwen3.8-27b-off,inside-loop-state,all-arms,dynamic,Omega_hat_NativeTrace,189373,0
dynamic::qwen3.8-27b-off::all-arms::Omega_hat_NativeTrace,qwen3.8-27b-off::problem-07/post-loop-state,problem-07,sha256:9e457d18bfaac327399393fdb975773303e803b2fd677d4bd2e6b7cd4ddc624c,qwen3.8-27b-off,post-loop-state,all-arms,dynamic,Omega_hat_NativeTrace,215317,0
dynamic::qwen3.8-27b-off::all-arms::Omega_hat_NativeTrace,qwen3.8-27b-off::problem-07/short-trace-final,problem-07,sha256:a804134b8daa3d73abbebef8e0e40694e39211ed7153b6ad7591756fe33cd167,qwen3.8-27b-off,short-trace-final,all-arms,dynamic,Omega_hat_NativeTrace,100948,0
dynamic::qwen3.8-27b-off::all-arms::Omega_hat_NativeTrace,qwen3.8-27b-off::problem-08/inside-loop-state,problem-08,sha256:7064354a09226b66ebb7194c3454eab73c7a5d95fb26e79e1817e12584f3f310,qwen3.8-27b-off,inside-loop-state,all-arms,dynamic,Omega_hat_NativeTrace,177328,0
dynamic::qwen3.8-27b-off::all-arms::Omega_hat_NativeTrace,qwen3.8-27b-off::problem-08/short-trace-final,problem-08,sha256:a7da9f82ea01769a6b8a112317eee4c6cc1f6de1fd6fdd14a5537d4ac9c80a0f,qwen3.8-27b-off,short-trace-final,all-arms,dynamic,Omega_hat_NativeTrace,88887,0
dynamic::qwen3.8-27b-off::all-arms::Omega_hat_NativeTrace,qwen3.8-27b-off::problem-08/post-loop-state,problem-08,sha256:e32673ca942baf21e1de8014e35df297a78a6d254c419164d155a8af936e67b4,qwen3.8-27b-off,post-loop-state,all-arms,dynamic,Omega_hat_NativeTrace,202271,0
dynamic::qwen3.8-27b-off::all-arms::Omega_hat_NativeTrace,qwen3.8-27b-off::problem-08/long-trace-final,problem-08,sha256:f4f4c04290dfd1722493e9d5e7c6c040d58b8f4f1f2ea1ffd0972f45a5893717,qwen3.8-27b-off,long-trace-final,all-arms,dynamic,Omega_hat_NativeTrace,210666,0
dynamic::qwen3.8-27b-off::all-arms::Omega_hat_NativeTrace,qwen3.8-27b-off::problem-09/short-trace-final,problem-09,sha256:1f2e9f2d169b17ceb6021bac59f884fc4c71697048d44bcde003919a30c6bc01,qwen3.8-27b-off,short-trace-final,all-arms,dynamic,Omega_hat_NativeTrace,105245,0
dynamic::qwen3.8-27b-off::all-arms::Omega_hat_NativeTrace,qwen3.8-27b-off::problem-09/inside-loop-state,problem-09,sha256:221039cb3147683b097b9a9e97cbc35a8b09ba4e290f73be9b1bca308fd93ce3,qwen3.8-27b-off,inside-loop-state,all-arms,dynamic,Omega_hat_NativeTrace,182596,0
dynamic::qwen3.8-27b-off::all-arms::Omega_hat_NativeTrace,qwen3.8-27b-off::problem-09/post-loop-state,problem-09,sha256:2c9d501dc7cc0a1d91e2d7340569ca0ba384bdb40034069641418df06a065b02,qwen3.8-27b-off,post-loop-state,all-arms,dynamic,Omega_hat_NativeTrace,227967,0
dynamic::qwen3.8-27b-off::all-arms::Omega_hat_NativeTrace,qwen3.8-27b-off::problem-09/long-trace-final,problem-09,sha256:d5594fe452f9751f9e5a7096c8f016b17a3d1be5849b3882dd8846f268197c8d,qwen3.8-27b-off,long-trace-final,all-arms,dynamic,Omega_hat_NativeTrace,236362,0
dynamic::qwen3.8-27b-off::all-arms::Omega_hat_NativeTrace,qwen3.8-27b-off::problem-10/inside-loop-state,problem-10,sha256:4bfd0a8e336edf6d47adfddd74897b9784181700d614c66dab4d21903a7797cb,qwen3.8-27b-off,inside-loop-state,all-arms,dynamic,Omega_hat_NativeTrace,179176,0
dynamic::qwen3.8-27b-off::all-arms::Omega_hat_NativeTrace,qwen3.8-27b-off::problem-10/short-trace-final,problem-10,sha256:68a7353ba44980aa7c94507c7d2506366b7e1a6d3a9840cec0ba3fd243bb86ef,qwen3.8-27b-off,short-trace-final,all-arms,dynamic,Omega_hat_NativeTrace,103733,0
dynamic::qwen3.8-27b-off::all-arms::Omega_hat_NativeTrace,qwen3.8-27b-off::problem-10/post-loop-state,problem-10,sha256:6d34f6c50beb59b579b867aa64417c1f8e212aca0c7dba85a4f8d73ad6395e15,qwen3.8-27b-off,post-loop-state,all-arms,dynamic,Omega_hat_NativeTrace,215948,0
dynamic::qwen3.8-27b-off::all-arms::Omega_hat_NativeTrace,qwen3.8-27b-off::problem-10/long-trace-final,problem-10,sha256:b9350571c682c8ce1a385a3827b09b6195b6b0de80c103fe5638970bd0396907,qwen3.8-27b-off,long-trace-final,all-arms,dynamic,Omega_hat_NativeTrace,224343,0
dynamic::qwen3.8-27b-off::all-arms::Omega_hat_NativeTrace,qwen3.8-27b-off::problem-11/short-trace-final,problem-11,sha256:26270b738997e89a812774051cc9205ec744eed12d5397ba27730fd1f3616545,qwen3.8-27b-off,short-trace-final,all-arms,dynamic,Omega_hat_NativeTrace,293189,0
dynamic::qwen3.8-27b-off::all-arms::Omega_hat_NativeTrace,qwen3.8-27b-off::problem-11/long-trace-final,problem-11,sha256:37449d8e8c91c57d5e2c5704a43fc22c0bd0599b769db5d859947f119c59900a,qwen3.8-27b-off,long-trace-final,all-arms,dynamic,Omega_hat_NativeTrace,507023,0
dynamic::qwen3.8-27b-off::all-arms::Omega_hat_NativeTrace,qwen3.8-27b-off::problem-11/post-loop-state,problem-11,sha256:89cf19a5769900427442f00c16f675ef52b8c60cb6f502a5e54dafd29cbaa7b3,qwen3.8-27b-off,post-loop-state,all-arms,dynamic,Omega_hat_NativeTrace,490939,0
dynamic::qwen3.8-27b-off::all-arms::Omega_hat_NativeTrace,qwen3.8-27b-off::problem-11/inside-loop-state,problem-11,sha256:9e616055a8b294cc727870ca9d00854bfd4625609bfaf8f7f208f2affda4e187,qwen3.8-27b-off,inside-loop-state,all-arms,dynamic,Omega_hat_NativeTrace,414516,0
dynamic::qwen3.8-27b-off::all-arms::Omega_hat_NativeTrace,qwen3.8-27b-off::problem-12/inside-loop-state,problem-12,sha256:7b5df0851254363517f3ded42cf7a385fa51a85dd64743e6e008669e0faf5b82,qwen3.8-27b-off,inside-loop-state,all-arms,dynamic,Omega_hat_NativeTrace,420712,0
dynamic::qwen3.8-27b-off::all-arms::Omega_hat_NativeTrace,qwen3.8-27b-off::problem-12/short-trace-final,problem-12,sha256:85aa9c8d83f90f5ce7ad3cbf050a51a8d8f6994499cd2159cb23a7ea82b1849e,qwen3.8-27b-off,short-trace-final,all-arms,dynamic,Omega_hat_NativeTrace,284443,0
dynamic::qwen3.8-27b-off::all-arms::Omega_hat_NativeTrace,qwen3.8-27b-off::problem-12/post-loop-state,problem-12,sha256:958460d7ecf7621b9ecf5669fda846e1d9c0a7b4b399190aeed32c7df8b0699e,qwen3.8-27b-off,post-loop-state,all-arms,dynamic,Omega_hat_NativeTrace,481453,0
dynamic::qwen3.8-27b-off::all-arms::Omega_hat_NativeTrace,qwen3.8-27b-off::problem-12/long-trace-final,problem-12,sha256:bbf72f7493684d660693adfc81bbd175088f4b46afda09d4b298512c72508c1b,qwen3.8-27b-off,long-trace-final,all-arms,dynamic,Omega_hat_NativeTrace,497537,0
dynamic::qwen3.8-27b-off::all-arms::Omega_hat_NativeTrace,qwen3.8-27b-off::problem-13/inside-loop-state,problem-13,sha256:2b247ce5916acd9195152fced59de2ae563f4cbdd37bfd795074e5f2ec115251,qwen3.8-27b-off,inside-loop-state,all-arms,dynamic,Omega_hat_NativeTrace,432012,0
dynamic::qwen3.8-27b-off::all-arms::Omega_hat_NativeTrace,qwen3.8-27b-off::problem-13/post-loop-state,problem-13,sha256:5c4433c9aa1b024d200559d67bbc7d578a21c39d10fb03ce2c6a5caae255993f,qwen3.8-27b-off,post-loop-state,all-arms,dynamic,Omega_hat_NativeTrace,544902,0
dynamic::qwen3.8-27b-off::all-arms::Omega_hat_NativeTrace,qwen3.8-27b-off::problem-13/short-trace-final,problem-13,sha256:eccc604db1d5cc06fe2c28b2456d93ecb100590e01fd6ce576ad76161a08aada,qwen3.8-27b-off,short-trace-final,all-arms,dynamic,Omega_hat_NativeTrace,278749,0
dynamic::qwen3.8-27b-off::all-arms::Omega_hat_NativeTrace,qwen3.8-27b-off::problem-13/long-trace-final,problem-13,sha256:fc03a1fd966e3a60af4264cb997a959b0d3d39ccb2cc7f6636f0659db36c1fcf,qwen3.8-27b-off,long-trace-final,all-arms,dynamic,Omega_hat_NativeTrace,560986,0
dynamic::qwen3.8-27b-off::all-arms::Omega_hat_NativeTrace,qwen3.8-27b-off::problem-14/short-trace-final,problem-14,sha256:929856d52b4d3a50a8d477f065732fc3ff381b1ec26dfd9672f1bb3e81b9112e,qwen3.8-27b-off,short-trace-final,all-arms,dynamic,Omega_hat_NativeTrace,269637,0
dynamic::qwen3.8-27b-off::all-arms::Omega_hat_NativeTrace,qwen3.8-27b-off::problem-14/post-loop-state,problem-14,sha256:a428733484eb9e4568dc0f1944310d728394aa7a5f597f21fad8a5f17c349a92,qwen3.8-27b-off,post-loop-state,all-arms,dynamic,Omega_hat_NativeTrace,506380,0
dynamic::qwen3.8-27b-off::all-arms::Omega_hat_NativeTrace,qwen3.8-27b-off::problem-14/inside-loop-state,problem-14,sha256:b92de04f170b8d7777731ffc17b0ef112672dde69764b2e2b4544f1cbbfd2775,qwen3.8-27b-off,inside-loop-state,all-arms,dynamic,Omega_hat_NativeTrace,409055,0
dynamic::qwen3.8-27b-off::all-arms::Omega_hat_NativeTrace,qwen3.8-27b-off::problem-14/long-trace-final,problem-14,sha256:e692c2f7963ddc6244570169d2564497fe9f12ef39e36f0f4f9f973b508f3616,qwen3.8-27b-off,long-trace-final,all-arms,dynamic,Omega_hat_NativeTrace,522464,0
dynamic::qwen3.8-27b-off::all-arms::Omega_hat_NativeTrace,qwen3.8-27b-off::problem-15/post-loop-state,problem-15,sha256:12301c45635de868f2a4e921222d940fcf33c2f6205d05fc21454266cfbc3061,qwen3.8-27b-off,post-loop-state,all-arms,dynamic,Omega_hat_NativeTrace,487763,0
dynamic::qwen3.8-27b-off::all-arms::Omega_hat_NativeTrace,qwen3.8-27b-off::problem-15/inside-loop-state,problem-15,sha256:50e103eb8654ee1640e95f86191fb481f0e07e0bd366e6b5ce47d20c0a200912,qwen3.8-27b-off,inside-loop-state,all-arms,dynamic,Omega_hat_NativeTrace,405070,0
dynamic::qwen3.8-27b-off::all-arms::Omega_hat_NativeTrace,qwen3.8-27b-off::problem-15/short-trace-final,problem-15,sha256:649f09230fe16bc947760c4387cd544c37fec8d49083a073371770fa5ae3e1d1,qwen3.8-27b-off,short-trace-final,all-arms,dynamic,Omega_hat_NativeTrace,264604,0
dynamic::qwen3.8-27b-off::all-arms::Omega_hat_NativeTrace,qwen3.8-27b-off::problem-15/long-trace-final,problem-15,sha256:8ab718d447d5782861bfa1a8a089a1b4a55c3c55b6ead5ff4abb068409ec1b6b,qwen3.8-27b-off,long-trace-final,all-arms,dynamic,Omega_hat_NativeTrace,503847,0
dynamic::qwen3.8-27b-off::all-arms::Omega_hat_NativeTrace,qwen3.8-27b-off::problem-16/short-trace-final,problem-16,sha256:64670fb8a7f19547ad0b0c7647c368cf26d355b1d2e0bedbf884079ff09d87fb,qwen3.8-27b-off,short-trace-final,all-arms,dynamic,Omega_hat_NativeTrace,268255,0
dynamic::qwen3.8-27b-off::all-arms::Omega_hat_NativeTrace,qwen3.8-27b-off::problem-16/post-loop-state,problem-16,sha256:8368e978d24c4b3ea18f7eb2ea99706b1e5473aa07f13c4bb3fe6fe619fee763,qwen3.8-27b-off,post-loop-state,all-arms,dynamic,Omega_hat_NativeTrace,467627,0
dynamic::qwen3.8-27b-off::all-arms::Omega_hat_NativeTrace,qwen3.8-27b-off::problem-16/long-trace-final,problem-16,sha256:a01be6f53c51de04e80ef9a1b56b33bd854ea547c3ab8fbf01dd1719b64424e2,qwen3.8-27b-off,long-trace-final,all-arms,dynamic,Omega_hat_NativeTrace,483711,0
dynamic::qwen3.8-27b-off::all-arms::Omega_hat_NativeTrace,qwen3.8-27b-off::problem-16/inside-loop-state,problem-16,sha256:e785fbb7c44714837a925d69b7a0b7764633037949cf8e2d8eee2ac7af673285,qwen3.8-27b-off,inside-loop-state,all-arms,dynamic,Omega_hat_NativeTrace,414667,0
dynamic::qwen3.8-27b-off::all-arms::Omega_hat_NativeTrace,qwen3.8-27b-off::problem-17/short-trace-final,problem-17,sha256:23bfd7217d9ba652a3156953e53db1b393d9093de1553e00151f9992835a6c12,qwen3.8-27b-off,short-trace-final,all-arms,dynamic,Omega_hat_NativeTrace,263095,0
dynamic::qwen3.8-27b-off::all-arms::Omega_hat_NativeTrace,qwen3.8-27b-off::problem-17/post-loop-state,problem-17,sha256:a71207cf0c9322ded7b4ad736d0eb7fe58ca15c45d6aad6ed8aa8f7de3eda7b2,qwen3.8-27b-off,post-loop-state,all-arms,dynamic,Omega_hat_NativeTrace,520301,0
dynamic::qwen3.8-27b-off::all-arms::Omega_hat_NativeTrace,qwen3.8-27b-off::problem-17/long-trace-final,problem-17,sha256:c1d6591d0bf5a1829058e47370a9ecca6ddf09033379e65669b82b28603cf1e2,qwen3.8-27b-off,long-trace-final,all-arms,dynamic,Omega_hat_NativeTrace,536385,0
dynamic::qwen3.8-27b-off::all-arms::Omega_hat_NativeTrace,qwen3.8-27b-off::problem-17/inside-loop-state,problem-17,sha256:ffbe22e9b9ecc46324d4d5b73a4a9fb9116281954ab9775b607d59ad2563ff75,qwen3.8-27b-off,inside-loop-state,all-arms,dynamic,Omega_hat_NativeTrace,435317,0
dynamic::qwen3.8-27b-off::all-arms::Omega_hat_NativeTrace,qwen3.8-27b-off::problem-18/long-trace-final,problem-18,sha256:3e1043702949a2334ffeb4aae795b5838059d006655a0bbf6798f0b6adeb085f,qwen3.8-27b-off,long-trace-final,all-arms,dynamic,Omega_hat_NativeTrace,492562,0
dynamic::qwen3.8-27b-off::all-arms::Omega_hat_NativeTrace,qwen3.8-27b-off::problem-18/short-trace-final,problem-18,sha256:55ce2dca47dbe112e5ff867e7e8bfbd2311a4010bf0497e1f33d5e2d3b6b309d,qwen3.8-27b-off,short-trace-final,all-arms,dynamic,Omega_hat_NativeTrace,258069,0
dynamic::qwen3.8-27b-off::all-arms::Omega_hat_NativeTrace,qwen3.8-27b-off::problem-18/inside-loop-state,problem-18,sha256:d9fde9c0b10033b45350be818f38a02f7530deefc277daf7ca51e91be628bf0d,qwen3.8-27b-off,inside-loop-state,all-arms,dynamic,Omega_hat_NativeTrace,419419,0
dynamic::qwen3.8-27b-off::all-arms::Omega_hat_NativeTrace,qwen3.8-27b-off::problem-18/post-loop-state,problem-18,sha256:ec5ffe88fa32f58a281e2a9be9970228c8f780ce294441e0d8ca083c44ab7cb9,qwen3.8-27b-off,post-loop-state,all-arms,dynamic,Omega_hat_NativeTrace,476478,0
dynamic::qwen3.8-27b-off::all-arms::Omega_hat_NativeTrace,qwen3.8-27b-off::problem-19/long-trace-final,problem-19,sha256:48814bea3c8f1e5cd1614a147556846e339503cb69e0803c858796e6f058c6eb,qwen3.8-27b-off,long-trace-final,all-arms,dynamic,Omega_hat_NativeTrace,553979,0
dynamic::qwen3.8-27b-off::all-arms::Omega_hat_NativeTrace,qwen3.8-27b-off::problem-19/post-loop-state,problem-19,sha256:67005c3e5fba330dd029ce911161dd9d7c281181ffdda26a6c04f791843ce5b0,qwen3.8-27b-off,post-loop-state,all-arms,dynamic,Omega_hat_NativeTrace,537895,0
dynamic::qwen3.8-27b-off::all-arms::Omega_hat_NativeTrace,qwen3.8-27b-off::problem-19/inside-loop-state,problem-19,sha256:7c4063bd0e506396a919ac229901d3779224482c2f0a86685fac407a77181b08,qwen3.8-27b-off,inside-loop-state,all-arms,dynamic,Omega_hat_NativeTrace,429295,0
dynamic::qwen3.8-27b-off::all-arms::Omega_hat_NativeTrace,qwen3.8-27b-off::problem-19/short-trace-final,problem-19,sha256:e573b78b30a2d6877c5e647ea6ef1ebbe778918dafdef3ce3ca1ef425adf4aae,qwen3.8-27b-off,short-trace-final,all-arms,dynamic,Omega_hat_NativeTrace,309010,0
dynamic::qwen3.8-27b-off::all-arms::Omega_hat_NativeTrace,qwen3.8-27b-off::problem-20/post-loop-state,problem-20,sha256:18ed8611483fb7761108ab3d6d83b912b08a4b16125c798ed34fc0e54d1d0305,qwen3.8-27b-off,post-loop-state,all-arms,dynamic,Omega_hat_NativeTrace,492055,0
dynamic::qwen3.8-27b-off::all-arms::Omega_hat_NativeTrace,qwen3.8-27b-off::problem-20/short-trace-final,problem-20,sha256:9e0c8296a9f0717b3ada2dc70705058a39ba1d561df45643b9a79d3f62c7ee4f,qwen3.8-27b-off,short-trace-final,all-arms,dynamic,Omega_hat_NativeTrace,267137,0
dynamic::qwen3.8-27b-off::all-arms::Omega_hat_NativeTrace,qwen3.8-27b-off::problem-20/inside-loop-state,problem-20,sha256:bd5bcbf1a9fbe0d7ec617f2eb09018adffc1493412d300f645de5abb9bb358e1,qwen3.8-27b-off,inside-loop-state,all-arms,dynamic,Omega_hat_NativeTrace,415556,0
dynamic::qwen3.8-27b-off::all-arms::Omega_hat_NativeTrace,qwen3.8-27b-off::problem-20/long-trace-final,problem-20,sha256:cfdd0f3fcdabe8556447869245ebb13768cf9520d32294331ed86a2fcdda934e,qwen3.8-27b-off,long-trace-final,all-arms,dynamic,Omega_hat_NativeTrace,508139,0
dynamic::qwen3.8-27b-off::all-arms::Omega_hat_NativeTrace,qwen3.8-27b-off::problem-21/inside-loop-state,problem-21,sha256:6b893d1fe6186f33bb87627c625c620c60c23d16b1eb380e5428287d7bcd173b,qwen3.8-27b-off,inside-loop-state,all-arms,dynamic,Omega_hat_NativeTrace,908439,0
dynamic::qwen3.8-27b-off::all-arms::Omega_hat_NativeTrace,qwen3.8-27b-off::problem-21/long-trace-final,problem-21,sha256:abae68d8201478b8273623d6f31c7f95f798e23c59176c1c030258097c23bc2a,qwen3.8-27b-off,long-trace-final,all-arms,dynamic,Omega_hat_NativeTrace,1103682,0
dynamic::qwen3.8-27b-off::all-arms::Omega_hat_NativeTrace,qwen3.8-27b-off::problem-21/post-loop-state,problem-21,sha256:b1ba4c145bc3491180d71e43456f0de195530e4eda327d97e480319644d54468,qwen3.8-27b-off,post-loop-state,all-arms,dynamic,Omega_hat_NativeTrace,1074688,0
dynamic::qwen3.8-27b-off::all-arms::Omega_hat_NativeTrace,qwen3.8-27b-off::problem-21/short-trace-final,problem-21,sha256:c08e9d12f0c628db74c80e296b9aeaa44f2ff442479546e4521c875bc621edcf,qwen3.8-27b-off,short-trace-final,all-arms,dynamic,Omega_hat_NativeTrace,676300,0
dynamic::qwen3.8-27b-off::all-arms::Omega_hat_NativeTrace,qwen3.8-27b-off::problem-22/post-loop-state,problem-22,sha256:642b405db89f31906ffda3368213a2dea48b194489eef14859eba92a495738dc,qwen3.8-27b-off,post-loop-state,all-arms,dynamic,Omega_hat_NativeTrace,1103437,0
dynamic::qwen3.8-27b-off::all-arms::Omega_hat_NativeTrace,qwen3.8-27b-off::problem-22/inside-loop-state,problem-22,sha256:895a3e331a4a70e78f11ec4c30afb51f9695d33bfe2745487c604118a27dc196,qwen3.8-27b-off,inside-loop-state,all-arms,dynamic,Omega_hat_NativeTrace,947612,0
dynamic::qwen3.8-27b-off::all-arms::Omega_hat_NativeTrace,qwen3.8-27b-off::problem-22/short-trace-final,problem-22,sha256:bdfb4ea940fcc763a5c0367908bb8a2418611ecbf44f222ddd6008ab05066e5a,qwen3.8-27b-off,short-trace-final,all-arms,dynamic,Omega_hat_NativeTrace,672322,0
dynamic::qwen3.8-27b-off::all-arms::Omega_hat_NativeTrace,qwen3.8-27b-off::problem-22/long-trace-final,problem-22,sha256:d095f6706999a481b592168652c7c699ef339254946149818a5f8ab337c7f262,qwen3.8-27b-off,long-trace-final,all-arms,dynamic,Omega_hat_NativeTrace,1132431,0
dynamic::qwen3.8-27b-off::all-arms::Omega_hat_NativeTrace,qwen3.8-27b-off::problem-23/long-trace-final,problem-23,sha256:1245ebbf69a81bcb8f23d1a367d4077c7ff732cf2ca37e553c4ad80d11a1687e,qwen3.8-27b-off,long-trace-final,all-arms,dynamic,Omega_hat_NativeTrace,1158204,0
dynamic::qwen3.8-27b-off::all-arms::Omega_hat_NativeTrace,qwen3.8-27b-off::problem-23/short-trace-final,problem-23,sha256:78febcc2681676995da118209adc295d1c6f8449ddc2f697eff5823e74d2c92b,qwen3.8-27b-off,short-trace-final,all-arms,dynamic,Omega_hat_NativeTrace,693244,0
dynamic::qwen3.8-27b-off::all-arms::Omega_hat_NativeTrace,qwen3.8-27b-off::problem-23/inside-loop-state,problem-23,sha256:c5b04d442721c6e23d53ded804f222ca9bc2bd35cb825d975482627fa2f68eb8,qwen3.8-27b-off,inside-loop-state,all-arms,dynamic,Omega_hat_NativeTrace,954487,0
dynamic::qwen3.8-27b-off::all-arms::Omega_hat_NativeTrace,qwen3.8-27b-off::problem-23/post-loop-state,problem-23,sha256:f422207380b27c4b9c9e1403517b42b55f6342cd02514f3d18cff14a6eaf23b9,qwen3.8-27b-off,post-loop-state,all-arms,dynamic,Omega_hat_NativeTrace,1129210,0
dynamic::qwen3.8-27b-off::all-arms::Omega_hat_NativeTrace,qwen3.8-27b-off::problem-24/long-trace-final,problem-24,sha256:312cb1244299d8ea29ce3be52759a05aaf6f571f4cabdb8de4cdfefc53c21127,qwen3.8-27b-off,long-trace-final,all-arms,dynamic,Omega_hat_NativeTrace,1152328,0
dynamic::qwen3.8-27b-off::all-arms::Omega_hat_NativeTrace,qwen3.8-27b-off::problem-24/post-loop-state,problem-24,sha256:a9bba3e75ac97caf5a230d723fd189724ff0563bea2bef0b001eb7655cd5c948,qwen3.8-27b-off,post-loop-state,all-arms,dynamic,Omega_hat_NativeTrace,1123334,0
dynamic::qwen3.8-27b-off::all-arms::Omega_hat_NativeTrace,qwen3.8-27b-off::problem-24/inside-loop-state,problem-24,sha256:c151679cf530cdccea973844a665dbb377147bfda08d781a73e4cebd8e7aa207,qwen3.8-27b-off,inside-loop-state,all-arms,dynamic,Omega_hat_NativeTrace,951623,0
dynamic::qwen3.8-27b-off::all-arms::Omega_hat_NativeTrace,qwen3.8-27b-off::problem-24/short-trace-final,problem-24,sha256:da5e2129ac6eb31efb9c60f4456bf6a53cf0c9c972c82515c6421612ad91b98c,qwen3.8-27b-off,short-trace-final,all-arms,dynamic,Omega_hat_NativeTrace,682729,0
dynamic::qwen3.8-27b-off::all-arms::Omega_hat_NativeTrace,qwen3.8-27b-off::problem-25/inside-loop-state,problem-25,sha256:5e34e564ebcb950511aeb4040311983a4e917c9f539fe9bf740740d04ff82754,qwen3.8-27b-off,inside-loop-state,all-arms,dynamic,Omega_hat_NativeTrace,953509,0
dynamic::qwen3.8-27b-off::all-arms::Omega_hat_NativeTrace,qwen3.8-27b-off::problem-25/post-loop-state,problem-25,sha256:75b110f0259dbaad71e4a3448a19097ec57bdd629d5281f6767d6860812b4c19,qwen3.8-27b-off,post-loop-state,all-arms,dynamic,Omega_hat_NativeTrace,1099416,0
dynamic::qwen3.8-27b-off::all-arms::Omega_hat_NativeTrace,qwen3.8-27b-off::problem-25/short-trace-final,problem-25,sha256:a40a9795cb938fde800d3c6170d0c04fa0258cbef4e26485156c279ea570a1c9,qwen3.8-27b-off,short-trace-final,all-arms,dynamic,Omega_hat_NativeTrace,682450,0
dynamic::qwen3.8-27b-off::all-arms::Omega_hat_NativeTrace,qwen3.8-27b-off::problem-25/long-trace-final,problem-25,sha256:ea555a40d3f155ff207893e7327866c923e56b4bcc853fbea3e3ec27d9a3e419,qwen3.8-27b-off,long-trace-final,all-arms,dynamic,Omega_hat_NativeTrace,1128410,0
dynamic::qwen3.8-27b-off::all-arms::Omega_hat_NativeTrace,qwen3.8-27b-off::problem-26/post-loop-state,problem-26,sha256:09ad9f965884b1ca88246bf427ed30c073b3774cda0e3f8b1ba5fcb8a52876f0,qwen3.8-27b-off,post-loop-state,all-arms,dynamic,Omega_hat_NativeTrace,1084392,0
dynamic::qwen3.8-27b-off::all-arms::Omega_hat_NativeTrace,qwen3.8-27b-off::problem-26/long-trace-final,problem-26,sha256:8a0a9d72ece310a0393e6f8cd6161daa9fc85ca793d8f7a5effe7867b7b3610e,qwen3.8-27b-off,long-trace-final,all-arms,dynamic,Omega_hat_NativeTrace,1113386,0
dynamic::qwen3.8-27b-off::all-arms::Omega_hat_NativeTrace,qwen3.8-27b-off::problem-26/short-trace-final,problem-26,sha256:d366caa8929075d65d1d7b7db9700b9131f161a1ac0faff603b289cf7c5bce85,qwen3.8-27b-off,short-trace-final,all-arms,dynamic,Omega_hat_NativeTrace,664411,0
dynamic::qwen3.8-27b-off::all-arms::Omega_hat_NativeTrace,qwen3.8-27b-off::problem-26/inside-loop-state,problem-26,sha256:f9a0bdb83416f8938c7ae733c1f802841b3746ef0e2c9c69f4dfcd271e42f429,qwen3.8-27b-off,inside-loop-state,all-arms,dynamic,Omega_hat_NativeTrace,933361,0
dynamic::qwen3.8-27b-off::all-arms::Omega_hat_NativeTrace,qwen3.8-27b-off::problem-27/long-trace-final,problem-27,sha256:1d4d6eaa0d724ed2eabbd6de906e694e29956478548df760cda79767a3d420aa,qwen3.8-27b-off,long-trace-final,all-arms,dynamic,Omega_hat_NativeTrace,1134258,0
dynamic::qwen3.8-27b-off::all-arms::Omega_hat_NativeTrace,qwen3.8-27b-off::problem-27/short-trace-final,problem-27,sha256:ac06f4eaa7953cf90f5b0f2b52580f1e113358761701f25264564a9119eed893,qwen3.8-27b-off,short-trace-final,all-arms,dynamic,Omega_hat_NativeTrace,668322,0
dynamic::qwen3.8-27b-off::all-arms::Omega_hat_NativeTrace,qwen3.8-27b-off::problem-27/inside-loop-state,problem-27,sha256:e8a7fd6ede3a54a7a6c46ba71aa8095c7036f8a67282fd35936d92bd03911640,qwen3.8-27b-off,inside-loop-state,all-arms,dynamic,Omega_hat_NativeTrace,956840,0
dynamic::qwen3.8-27b-off::all-arms::Omega_hat_NativeTrace,qwen3.8-27b-off::problem-27/post-loop-state,problem-27,sha256:ec560b955bdd3cfdd9c93d7e5e9dec52b80d640de2b6aef03d7e59ab46ae487f,qwen3.8-27b-off,post-loop-state,all-arms,dynamic,Omega_hat_NativeTrace,1105264,0
dynamic::qwen3.8-27b-off::all-arms::Omega_hat_NativeTrace,qwen3.8-27b-off::problem-28/inside-loop-state,problem-28,sha256:8e7497c27f25952db2771db8b7d65a445fec890474e0eaf363433912b4448d98,qwen3.8-27b-off,inside-loop-state,all-arms,dynamic,Omega_hat_NativeTrace,968151,0
dynamic::qwen3.8-27b-off::all-arms::Omega_hat_NativeTrace,qwen3.8-27b-off::problem-28/short-trace-final,problem-28,sha256:e48fd34b81d40474be4f17f911d0be54f3f4d0dcb7dcf485fbc4396c61acb108,qwen3.8-27b-off,short-trace-final,all-arms,dynamic,Omega_hat_NativeTrace,714229,0
dynamic::qwen3.8-27b-off::all-arms::Omega_hat_NativeTrace,qwen3.8-27b-off::problem-28/long-trace-final,problem-28,sha256:eac890193eab32fcb83a9b96b1975d2ec0850ff443479a8e9fc22322b0fef1a3,qwen3.8-27b-off,long-trace-final,all-arms,dynamic,Omega_hat_NativeTrace,1202298,0
dynamic::qwen3.8-27b-off::all-arms::Omega_hat_NativeTrace,qwen3.8-27b-off::problem-28/post-loop-state,problem-28,sha256:eb32ac1b648907af496e87af77869c7d270abcf1a78e35194aff1abc7aad9814,qwen3.8-27b-off,post-loop-state,all-arms,dynamic,Omega_hat_NativeTrace,1173304,0
dynamic::qwen3.8-27b-off::all-arms::Omega_hat_NativeTrace,qwen3.8-27b-off::problem-29/post-loop-state,problem-29,sha256:266a35b82d6b7b97b632edbdec2e61ad18b6191c9dc4722cceec06e6f7cf3e7b,qwen3.8-27b-off,post-loop-state,all-arms,dynamic,Omega_hat_NativeTrace,1154018,0
dynamic::qwen3.8-27b-off::all-arms::Omega_hat_NativeTrace,qwen3.8-27b-off::problem-29/short-trace-final,problem-29,sha256:4ecced26b7df8a9b75c98baa33550ead17ba2313bbb605c2d1cb7baa2e29a52e,qwen3.8-27b-off,short-trace-final,all-arms,dynamic,Omega_hat_NativeTrace,699583,0
dynamic::qwen3.8-27b-off::all-arms::Omega_hat_NativeTrace,qwen3.8-27b-off::problem-29/inside-loop-state,problem-29,sha256:6055ac1e5575ce92574c3669a2a3eb367092c36fb132bfce0cca3260851140e2,qwen3.8-27b-off,inside-loop-state,all-arms,dynamic,Omega_hat_NativeTrace,975089,0
dynamic::qwen3.8-27b-off::all-arms::Omega_hat_NativeTrace,qwen3.8-27b-off::problem-29/long-trace-final,problem-29,sha256:dafab6181d512ecf0c71e74b5f580d6000813124811287d4fc852c2b145c4d20,qwen3.8-27b-off,long-trace-final,all-arms,dynamic,Omega_hat_NativeTrace,1183012,0
dynamic::qwen3.8-27b-off::all-arms::Omega_hat_NativeTrace,qwen3.8-27b-off::problem-30/inside-loop-state,problem-30,sha256:4956e45be9ac9fea2c36667b16c62bb1d6f435004d42c4e4b3b34a6a2de2fa26,qwen3.8-27b-off,inside-loop-state,all-arms,dynamic,Omega_hat_NativeTrace,981391,0
dynamic::qwen3.8-27b-off::all-arms::Omega_hat_NativeTrace,qwen3.8-27b-off::problem-30/short-trace-final,problem-30,sha256:84ea88c1bf723ea51c2ae8d1c8fe25aa5d3dc5be93e0882e4f0cf0be0e4137bb,qwen3.8-27b-off,short-trace-final,all-arms,dynamic,Omega_hat_NativeTrace,635734,0
dynamic::qwen3.8-27b-off::all-arms::Omega_hat_NativeTrace,qwen3.8-27b-off::problem-30/long-trace-final,problem-30,sha256:c2098a098a924cecff89d4a804a7f8d840ecd0538821c278601a32140bcca3f8,qwen3.8-27b-off,long-trace-final,all-arms,dynamic,Omega_hat_NativeTrace,1138793,0
dynamic::qwen3.8-27b-off::all-arms::Omega_hat_NativeTrace,qwen3.8-27b-off::problem-30/post-loop-state,problem-30,sha256:e69e021f535c9d0fc24b0101f47f65371d3832409890cf0484859bf2d6e98e0b,qwen3.8-27b-off,post-loop-state,all-arms,dynamic,Omega_hat_NativeTrace,1109799,0
dynamic::qwen3.8-27b-off::all-arms::Omega_hat_StateLoad,qwen3.8-27b-off::problem-01/inside-loop-state,problem-01,sha256:0547b42885dc201376fb93765a3c7da6c077a0338c243dcae8c262108a061af1,qwen3.8-27b-off,inside-loop-state,all-arms,dynamic,Omega_hat_StateLoad,86579700,0
dynamic::qwen3.8-27b-off::all-arms::Omega_hat_StateLoad,qwen3.8-27b-off::problem-01/long-trace-final,problem-01,sha256:56d9affe274f136e1933852e8f797cfb86ea3bed95c016b04556b2c4ca152b2c,qwen3.8-27b-off,long-trace-final,all-arms,dynamic,Omega_hat_StateLoad,106548777,0
dynamic::qwen3.8-27b-off::all-arms::Omega_hat_StateLoad,qwen3.8-27b-off::problem-01/short-trace-final,problem-01,sha256:73ad8aafe6d235df156f603343f220d5bf0bf095034c7c09e4647aec6b75183c,qwen3.8-27b-off,short-trace-final,all-arms,dynamic,Omega_hat_StateLoad,41566773,0
dynamic::qwen3.8-27b-off::all-arms::Omega_hat_StateLoad,qwen3.8-27b-off::problem-01/post-loop-state,problem-01,sha256:8c394bb669c6429a6cc8371df442ba1284632f5fd03fcf20b87ec42c6b002666,qwen3.8-27b-off,post-loop-state,all-arms,dynamic,Omega_hat_StateLoad,104083011,0
dynamic::qwen3.8-27b-off::all-arms::Omega_hat_StateLoad,qwen3.8-27b-off::problem-02/long-trace-final,problem-02,sha256:2c6c086992c204f9156a73eca1a86fe4ad8b4777c9b50ca69f44efa3a0ec804d,qwen3.8-27b-off,long-trace-final,all-arms,dynamic,Omega_hat_StateLoad,106084790,0
dynamic::qwen3.8-27b-off::all-arms::Omega_hat_StateLoad,qwen3.8-27b-off::problem-02/inside-loop-state,problem-02,sha256:43ea44d05f37e33633d2f43ad399b115c3066c018f15acef6f477c034fdda927,qwen3.8-27b-off,inside-loop-state,all-arms,dynamic,Omega_hat_StateLoad,86252989,0
dynamic::qwen3.8-27b-off::all-arms::Omega_hat_StateLoad,qwen3.8-27b-off::problem-02/post-loop-state,problem-02,sha256:ba7d1febfb83991899883c292120818d9f29e3dd565ec4a93b6368650d9b3d8b,qwen3.8-27b-off,post-loop-state,all-arms,dynamic,Omega_hat_StateLoad,103617741,0
dynamic::qwen3.8-27b-off::all-arms::Omega_hat_StateLoad,qwen3.8-27b-off::problem-02/short-trace-final,problem-02,sha256:c045cedad0407af52c2d7faa26f00e6fb48605031adc73be301bb6ee469d0a00,qwen3.8-27b-off,short-trace-final,all-arms,dynamic,Omega_hat_StateLoad,49548623,0
dynamic::qwen3.8-27b-off::all-arms::Omega_hat_StateLoad,qwen3.8-27b-off::problem-03/post-loop-state,problem-03,sha256:2acfa20a7ee16e7c373ae0cf23d876f6106fe1856336ee95352a6619b1420010,qwen3.8-27b-off,post-loop-state,all-arms,dynamic,Omega_hat_StateLoad,101288087,0
dynamic::qwen3.8-27b-off::all-arms::Omega_hat_StateLoad,qwen3.8-27b-off::problem-03/inside-loop-state,problem-03,sha256:587d5ad47aee9baac51abb2d6ac720bc8b29f8e6c6f98e2e7066bb6d8bac30a1,qwen3.8-27b-off,inside-loop-state,all-arms,dynamic,Omega_hat_StateLoad,86715276,0
dynamic::qwen3.8-27b-off::all-arms::Omega_hat_StateLoad,qwen3.8-27b-off::problem-03/long-trace-final,problem-03,sha256:5cd8a44109e568c902e2d582d4448650c2d4a64ee9ae4e391cf17a60348468b4,qwen3.8-27b-off,long-trace-final,all-arms,dynamic,Omega_hat_StateLoad,103766078,0
dynamic::qwen3.8-27b-off::all-arms::Omega_hat_StateLoad,qwen3.8-27b-off::problem-03/short-trace-final,problem-03,sha256:de9b7f7e58c8ec2d2f824891cdd79a1b094a45ac4742558225294573439b316d,qwen3.8-27b-off,short-trace-final,all-arms,dynamic,Omega_hat_StateLoad,42074911,0
dynamic::qwen3.8-27b-off::all-arms::Omega_hat_StateLoad,qwen3.8-27b-off::problem-04/short-trace-final,problem-04,sha256:05aae40bc36e0df65171215e791c8e10e79babb0960ce78b876515d48b8accae,qwen3.8-27b-off,short-trace-final,all-arms,dynamic,Omega_hat_StateLoad,46566564,0
dynamic::qwen3.8-27b-off::all-arms::Omega_hat_StateLoad,qwen3.8-27b-off::problem-04/long-trace-final,problem-04,sha256:7ad230089b4b878cee95f70563245eea351dea877118fcf8a597be6bd90d14f5,qwen3.8-27b-off,long-trace-final,all-arms,dynamic,Omega_hat_StateLoad,110780630,0
dynamic::qwen3.8-27b-off::all-arms::Omega_hat_StateLoad,qwen3.8-27b-off::problem-04/post-loop-state,problem-04,sha256:94ab1f7d2732d7ff5cef895f5b77e7fd081702b993a6eb7d3d5c505592cefb21,qwen3.8-27b-off,post-loop-state,all-arms,dynamic,Omega_hat_StateLoad,108335276,0
dynamic::qwen3.8-27b-off::all-arms::Omega_hat_StateLoad,qwen3.8-27b-off::problem-04/inside-loop-state,problem-04,sha256:9aaa594325de39aafc50a9d96c539f0c1166bd50a8eff8c49c14c84270c4ff59,qwen3.8-27b-off,inside-loop-state,all-arms,dynamic,Omega_hat_StateLoad,90997601,0
dynamic::qwen3.8-27b-off::all-arms::Omega_hat_StateLoad,qwen3.8-27b-off::problem-05/post-loop-state,problem-05,sha256:0f684ff85de199f8f7c7ffc32375f9b9e62fa5827fcecce50fb5d60bca08e280,qwen3.8-27b-off,post-loop-state,all-arms,dynamic,Omega_hat_StateLoad,106867870,0
dynamic::qwen3.8-27b-off::all-arms::Omega_hat_StateLoad,qwen3.8-27b-off::problem-05/long-trace-final,problem-05,sha256:5a4822c8f4e084302eeecb07be76313448d56e02db866843273cfa2a79ca9b73,qwen3.8-27b-off,long-trace-final,all-arms,dynamic,Omega_hat_StateLoad,109339766,0
dynamic::qwen3.8-27b-off::all-arms::Omega_hat_StateLoad,qwen3.8-27b-off::problem-05/short-trace-final,problem-05,sha256:9f6345f351d6266c0c09238729ff08378ce70e23ac0267c2e41f067733d6f579,qwen3.8-27b-off,short-trace-final,all-arms,dynamic,Omega_hat_StateLoad,42108814,0
dynamic::qwen3.8-27b-off::all-arms::Omega_hat_StateLoad,qwen3.8-27b-off::problem-05/inside-loop-state,problem-05,sha256:e22303dc39b5dd7a5cac47da11bd364b0897fb8d8d9099162d7706552f9fa372,qwen3.8-27b-off,inside-loop-state,all-arms,dynamic,Omega_hat_StateLoad,91831012,0
dynamic::qwen3.8-27b-off::all-arms::Omega_hat_StateLoad,qwen3.8-27b-off::problem-06/long-trace-final,problem-06,sha256:061a7cf51e116aa318d53740cdc4d580b6c9767f126c91061a484987b96cd0c7,qwen3.8-27b-off,long-trace-final,all-arms,dynamic,Omega_hat_StateLoad,105001210,0
dynamic::qwen3.8-27b-off::all-arms::Omega_hat_StateLoad,qwen3.8-27b-off::problem-06/post-loop-state,problem-06,sha256:2c10823e77f28c1bd27318dfe6f1918fbe52e06174725d89f5e5d33bd0bd5510,qwen3.8-27b-off,post-loop-state,all-arms,dynamic,Omega_hat_StateLoad,102534063,0
dynamic::qwen3.8-27b-off::all-arms::Omega_hat_StateLoad,qwen3.8-27b-off::problem-06/short-trace-final,problem-06,sha256:6a88d2c05b775fcb748a8354a26e9d76a3a40fbeb4478fdc3ede8d3a216d580f,qwen3.8-27b-off,short-trace-final,all-arms,dynamic,Omega_hat_StateLoad,42285721,0
dynamic::qwen3.8-27b-off::all-arms::Omega_hat_StateLoad,qwen3.8-27b-off::problem-06/inside-loop-state,problem-06,sha256:cd00c1a7e81437959f3f7ae75d1cd3869cff5bb6980eec8d78e39979ad3c2a27,qwen3.8-27b-off,inside-loop-state,all-arms,dynamic,Omega_hat_StateLoad,84465390,0
dynamic::qwen3.8-27b-off::all-arms::Omega_hat_StateLoad,qwen3.8-27b-off::problem-07/long-trace-final,problem-07,sha256:0038af217dac3eb4ec50de238581737dacd10f0887c0b2b7bf8c89208e6efac5,qwen3.8-27b-off,long-trace-final,all-arms,dynamic,Omega_hat_StateLoad,107196992,0
dynamic::qwen3.8-27b-off::all-arms::Omega_hat_StateLoad,qwen3.8-27b-off::problem-07/inside-loop-state,problem-07,sha256:3f021ab7fd773d4b5707b65f0ddba29e4e2f31918c7ad194865bdfdb2cc2fc23,qwen3.8-27b-off,inside-loop-state,all-arms,dynamic,Omega_hat_StateLoad,92647385,0
dynamic::qwen3.8-27b-off::all-arms::Omega_hat_StateLoad,qwen3.8-27b-off::problem-07/post-loop-state,problem-07,sha256:9e457d18bfaac327399393fdb975773303e803b2fd677d4bd2e6b7cd4ddc624c,qwen3.8-27b-off,post-loop-state,all-arms,dynamic,Omega_hat_StateLoad,104730191,0
dynamic::qwen3.8-27b-off::all-arms::Omega_hat_StateLoad,qwen3.8-27b-off::problem-07/short-trace-final,problem-07,sha256:a804134b8daa3d73abbebef8e0e40694e39211ed7153b6ad7591756fe33cd167,qwen3.8-27b-off,short-trace-final,all-arms,dynamic,Omega_hat_StateLoad,45837857,0
dynamic::qwen3.8-27b-off::all-arms::Omega_hat_StateLoad,qwen3.8-27b-off::problem-08/inside-loop-state,problem-08,sha256:7064354a09226b66ebb7194c3454eab73c7a5d95fb26e79e1817e12584f3f310,qwen3.8-27b-off,inside-loop-state,all-arms,dynamic,Omega_hat_StateLoad,86637479,0
dynamic::qwen3.8-27b-off::all-arms::Omega_hat_StateLoad,qwen3.8-27b-off::problem-08/short-trace-final,problem-08,sha256:a7da9f82ea01769a6b8a112317eee4c6cc1f6de1fd6fdd14a5537d4ac9c80a0f,qwen3.8-27b-off,short-trace-final,all-arms,dynamic,Omega_hat_StateLoad,40757471,0
dynamic::qwen3.8-27b-off::all-arms::Omega_hat_StateLoad,qwen3.8-27b-off::problem-08/post-loop-state,problem-08,sha256:e32673ca942baf21e1de8014e35df297a78a6d254c419164d155a8af936e67b4,qwen3.8-27b-off,post-loop-state,all-arms,dynamic,Omega_hat_StateLoad,98048888,0
dynamic::qwen3.8-27b-off::all-arms::Omega_hat_StateLoad,qwen3.8-27b-off::problem-08/long-trace-final,problem-08,sha256:f4f4c04290dfd1722493e9d5e7c6c040d58b8f4f1f2ea1ffd0972f45a5893717,qwen3.8-27b-off,long-trace-final,all-arms,dynamic,Omega_hat_StateLoad,100512495,0
dynamic::qwen3.8-27b-off::all-arms::Omega_hat_StateLoad,qwen3.8-27b-off::problem-09/short-trace-final,problem-09,sha256:1f2e9f2d169b17ceb6021bac59f884fc4c71697048d44bcde003919a30c6bc01,qwen3.8-27b-off,short-trace-final,all-arms,dynamic,Omega_hat_StateLoad,47997571,0
dynamic::qwen3.8-27b-off::all-arms::Omega_hat_StateLoad,qwen3.8-27b-off::problem-09/inside-loop-state,problem-09,sha256:221039cb3147683b097b9a9e97cbc35a8b09ba4e290f73be9b1bca308fd93ce3,qwen3.8-27b-off,inside-loop-state,all-arms,dynamic,Omega_hat_StateLoad,88571383,0
dynamic::qwen3.8-27b-off::all-arms::Omega_hat_StateLoad,qwen3.8-27b-off::problem-09/post-loop-state,problem-09,sha256:2c9d501dc7cc0a1d91e2d7340569ca0ba384bdb40034069641418df06a065b02,qwen3.8-27b-off,post-loop-state,all-arms,dynamic,Omega_hat_StateLoad,109696931,0
dynamic::qwen3.8-27b-off::all-arms::Omega_hat_StateLoad,qwen3.8-27b-off::problem-09/long-trace-final,problem-09,sha256:d5594fe452f9751f9e5a7096c8f016b17a3d1be5849b3882dd8846f268197c8d,qwen3.8-27b-off,long-trace-final,all-arms,dynamic,Omega_hat_StateLoad,112165358,0
dynamic::qwen3.8-27b-off::all-arms::Omega_hat_StateLoad,qwen3.8-27b-off::problem-10/inside-loop-state,problem-10,sha256:4bfd0a8e336edf6d47adfddd74897b9784181700d614c66dab4d21903a7797cb,qwen3.8-27b-off,inside-loop-state,all-arms,dynamic,Omega_hat_StateLoad,87339701,0
dynamic::qwen3.8-27b-off::all-arms::Omega_hat_StateLoad,qwen3.8-27b-off::problem-10/short-trace-final,problem-10,sha256:68a7353ba44980aa7c94507c7d2506366b7e1a6d3a9840cec0ba3fd243bb86ef,qwen3.8-27b-off,short-trace-final,all-arms,dynamic,Omega_hat_StateLoad,47569262,0
dynamic::qwen3.8-27b-off::all-arms::Omega_hat_StateLoad,qwen3.8-27b-off::problem-10/post-loop-state,problem-10,sha256:6d34f6c50beb59b579b867aa64417c1f8e212aca0c7dba85a4f8d73ad6395e15,qwen3.8-27b-off,post-loop-state,all-arms,dynamic,Omega_hat_StateLoad,104128226,0
dynamic::qwen3.8-27b-off::all-arms::Omega_hat_StateLoad,qwen3.8-27b-off::problem-10/long-trace-final,problem-10,sha256:b9350571c682c8ce1a385a3827b09b6195b6b0de80c103fe5638970bd0396907,qwen3.8-27b-off,long-trace-final,all-arms,dynamic,Omega_hat_StateLoad,106586617,0
dynamic::qwen3.8-27b-off::all-arms::Omega_hat_StateLoad,qwen3.8-27b-off::problem-11/short-trace-final,problem-11,sha256:26270b738997e89a812774051cc9205ec744eed12d5397ba27730fd1f3616545,qwen3.8-27b-off,short-trace-final,all-arms,dynamic,Omega_hat_StateLoad,249445643,0
dynamic::qwen3.8-27b-off::all-arms::Omega_hat_StateLoad,qwen3.8-27b-off::problem-11/long-trace-final,problem-11,sha256:37449d8e8c91c57d5e2c5704a43fc22c0bd0599b769db5d859947f119c59900a,qwen3.8-27b-off,long-trace-final,all-arms,dynamic,Omega_hat_StateLoad,444084450,0
dynamic::qwen3.8-27b-off::all-arms::Omega_hat_StateLoad,qwen3.8-27b-off::problem-11/post-loop-state,problem-11,sha256:89cf19a5769900427442f00c16f675ef52b8c60cb6f502a5e54dafd29cbaa7b3,qwen3.8-27b-off,post-loop-state,all-arms,dynamic,Omega_hat_StateLoad,435321587,0
dynamic::qwen3.8-27b-off::all-arms::Omega_hat_StateLoad,qwen3.8-27b-off::problem-11/inside-loop-state,problem-11,sha256:9e616055a8b294cc727870ca9d00854bfd4625609bfaf8f7f208f2affda4e187,qwen3.8-27b-off,inside-loop-state,all-arms,dynamic,Omega_hat_StateLoad,368909967,0
dynamic::qwen3.8-27b-off::all-arms::Omega_hat_StateLoad,qwen3.8-27b-off::problem-12/inside-loop-state,problem-12,sha256:7b5df0851254363517f3ded42cf7a385fa51a85dd64743e6e008669e0faf5b82,qwen3.8-27b-off,inside-loop-state,all-arms,dynamic,Omega_hat_StateLoad,373082051,0
dynamic::qwen3.8-27b-off::all-arms::Omega_hat_StateLoad,qwen3.8-27b-off::problem-12/short-trace-final,problem-12,sha256:85aa9c8d83f90f5ce7ad3cbf050a51a8d8f6994499cd2159cb23a7ea82b1849e,qwen3.8-27b-off,short-trace-final,all-arms,dynamic,Omega_hat_StateLoad,241014984,0
dynamic::qwen3.8-27b-off::all-arms::Omega_hat_StateLoad,qwen3.8-27b-off::problem-12/post-loop-state,problem-12,sha256:958460d7ecf7621b9ecf5669fda846e1d9c0a7b4b399190aeed32c7df8b0699e,qwen3.8-27b-off,post-loop-state,all-arms,dynamic,Omega_hat_StateLoad,424195504,0
dynamic::qwen3.8-27b-off::all-arms::Omega_hat_StateLoad,qwen3.8-27b-off::problem-12/long-trace-final,problem-12,sha256:bbf72f7493684d660693adfc81bbd175088f4b46afda09d4b298512c72508c1b,qwen3.8-27b-off,long-trace-final,all-arms,dynamic,Omega_hat_StateLoad,432951324,0
dynamic::qwen3.8-27b-off::all-arms::Omega_hat_StateLoad,qwen3.8-27b-off::problem-13/inside-loop-state,problem-13,sha256:2b247ce5916acd9195152fced59de2ae563f4cbdd37bfd795074e5f2ec115251,qwen3.8-27b-off,inside-loop-state,all-arms,dynamic,Omega_hat_StateLoad,383128645,0
dynamic::qwen3.8-27b-off::all-arms::Omega_hat_StateLoad,qwen3.8-27b-off::problem-13/post-loop-state,problem-13,sha256:5c4433c9aa1b024d200559d67bbc7d578a21c39d10fb03ce2c6a5caae255993f,qwen3.8-27b-off,post-loop-state,all-arms,dynamic,Omega_hat_StateLoad,481716808,0
dynamic::qwen3.8-27b-off::all-arms::Omega_hat_StateLoad,qwen3.8-27b-off::problem-13/short-trace-final,problem-13,sha256:eccc604db1d5cc06fe2c28b2456d93ecb100590e01fd6ce576ad76161a08aada,qwen3.8-27b-off,short-trace-final,all-arms,dynamic,Omega_hat_StateLoad,235146035,0
dynamic::qwen3.8-27b-off::all-arms::Omega_hat_StateLoad,qwen3.8-27b-off::problem-13/long-trace-final,problem-13,sha256:fc03a1fd966e3a60af4264cb997a959b0d3d39ccb2cc7f6636f0659db36c1fcf,qwen3.8-27b-off,long-trace-final,all-arms,dynamic,Omega_hat_StateLoad,490517655,0
dynamic::qwen3.8-27b-off::all-arms::Omega_hat_StateLoad,qwen3.8-27b-off::problem-14/short-trace-final,problem-14,sha256:929856d52b4d3a50a8d477f065732fc3ff381b1ec26dfd9672f1bb3e81b9112e,qwen3.8-27b-off,short-trace-final,all-arms,dynamic,Omega_hat_StateLoad,229471960,0
dynamic::qwen3.8-27b-off::all-arms::Omega_hat_StateLoad,qwen3.8-27b-off::problem-14/post-loop-state,problem-14,sha256:a428733484eb9e4568dc0f1944310d728394aa7a5f597f21fad8a5f17c349a92,qwen3.8-27b-off,post-loop-state,all-arms,dynamic,Omega_hat_StateLoad,445181821,0
dynamic::qwen3.8-27b-off::all-arms::Omega_hat_StateLoad,qwen3.8-27b-off::problem-14/inside-loop-state,problem-14,sha256:b92de04f170b8d7777731ffc17b0ef112672dde69764b2e2b4544f1cbbfd2775,qwen3.8-27b-off,inside-loop-state,all-arms,dynamic,Omega_hat_StateLoad,361942611,0
dynamic::qwen3.8-27b-off::all-arms::Omega_hat_StateLoad,qwen3.8-27b-off::problem-14/long-trace-final,problem-14,sha256:e692c2f7963ddc6244570169d2564497fe9f12ef39e36f0f4f9f973b508f3616,qwen3.8-27b-off,long-trace-final,all-arms,dynamic,Omega_hat_StateLoad,453984472,0
dynamic::qwen3.8-27b-off::all-arms::Omega_hat_StateLoad,qwen3.8-27b-off::problem-15/post-loop-state,problem-15,sha256:12301c45635de868f2a4e921222d940fcf33c2f6205d05fc21454266cfbc3061,qwen3.8-27b-off,post-loop-state,all-arms,dynamic,Omega_hat_StateLoad,427703242,0
dynamic::qwen3.8-27b-off::all-arms::Omega_hat_StateLoad,qwen3.8-27b-off::problem-15/inside-loop-state,problem-15,sha256:50e103eb8654ee1640e95f86191fb481f0e07e0bd366e6b5ce47d20c0a200912,qwen3.8-27b-off,inside-loop-state,all-arms,dynamic,Omega_hat_StateLoad,356915477,0
dynamic::qwen3.8-27b-off::all-arms::Omega_hat_StateLoad,qwen3.8-27b-off::problem-15/short-trace-final,problem-15,sha256:649f09230fe16bc947760c4387cd544c37fec8d49083a073371770fa5ae3e1d1,qwen3.8-27b-off,short-trace-final,all-arms,dynamic,Omega_hat_StateLoad,223803302,0
dynamic::qwen3.8-27b-off::all-arms::Omega_hat_StateLoad,qwen3.8-27b-off::problem-15/long-trace-final,problem-15,sha256:8ab718d447d5782861bfa1a8a089a1b4a55c3c55b6ead5ff4abb068409ec1b6b,qwen3.8-27b-off,long-trace-final,all-arms,dynamic,Omega_hat_StateLoad,436441041,0
dynamic::qwen3.8-27b-off::all-arms::Omega_hat_StateLoad,qwen3.8-27b-off::problem-16/short-trace-final,problem-16,sha256:64670fb8a7f19547ad0b0c7647c368cf26d355b1d2e0bedbf884079ff09d87fb,qwen3.8-27b-off,short-trace-final,all-arms,dynamic,Omega_hat_StateLoad,228210805,0
dynamic::qwen3.8-27b-off::all-arms::Omega_hat_StateLoad,qwen3.8-27b-off::problem-16/post-loop-state,problem-16,sha256:8368e978d24c4b3ea18f7eb2ea99706b1e5473aa07f13c4bb3fe6fe619fee763,qwen3.8-27b-off,post-loop-state,all-arms,dynamic,Omega_hat_StateLoad,412755169,0
dynamic::qwen3.8-27b-off::all-arms::Omega_hat_StateLoad,qwen3.8-27b-off::problem-16/long-trace-final,problem-16,sha256:a01be6f53c51de04e80ef9a1b56b33bd854ea547c3ab8fbf01dd1719b64424e2,qwen3.8-27b-off,long-trace-final,all-arms,dynamic,Omega_hat_StateLoad,421537045,0
dynamic::qwen3.8-27b-off::all-arms::Omega_hat_StateLoad,qwen3.8-27b-off::problem-16/inside-loop-state,problem-16,sha256:e785fbb7c44714837a925d69b7a0b7764633037949cf8e2d8eee2ac7af673285,qwen3.8-27b-off,inside-loop-state,all-arms,dynamic,Omega_hat_StateLoad,368180968,0
dynamic::qwen3.8-27b-off::all-arms::Omega_hat_StateLoad,qwen3.8-27b-off::problem-17/short-trace-final,problem-17,sha256:23bfd7217d9ba652a3156953e53db1b393d9093de1553e00151f9992835a6c12,qwen3.8-27b-off,short-trace-final,all-arms,dynamic,Omega_hat_StateLoad,223229148,0
dynamic::qwen3.8-27b-off::all-arms::Omega_hat_StateLoad,qwen3.8-27b-off::problem-17/post-loop-state,problem-17,sha256:a71207cf0c9322ded7b4ad736d0eb7fe58ca15c45d6aad6ed8aa8f7de3eda7b2,qwen3.8-27b-off,post-loop-state,all-arms,dynamic,Omega_hat_StateLoad,454871889,0
dynamic::qwen3.8-27b-off::all-arms::Omega_hat_StateLoad,qwen3.8-27b-off::problem-17/long-trace-final,problem-17,sha256:c1d6591d0bf5a1829058e47370a9ecca6ddf09033379e65669b82b28603cf1e2,qwen3.8-27b-off,long-trace-final,all-arms,dynamic,Omega_hat_StateLoad,463649225,0
dynamic::qwen3.8-27b-off::all-arms::Omega_hat_StateLoad,qwen3.8-27b-off::problem-17/inside-loop-state,problem-17,sha256:ffbe22e9b9ecc46324d4d5b73a4a9fb9116281954ab9775b607d59ad2563ff75,qwen3.8-27b-off,inside-loop-state,all-arms,dynamic,Omega_hat_StateLoad,383560235,0
dynamic::qwen3.8-27b-off::all-arms::Omega_hat_StateLoad,qwen3.8-27b-off::problem-18/long-trace-final,problem-18,sha256:3e1043702949a2334ffeb4aae795b5838059d006655a0bbf6798f0b6adeb085f,qwen3.8-27b-off,long-trace-final,all-arms,dynamic,Omega_hat_StateLoad,428678521,0
dynamic::qwen3.8-27b-off::all-arms::Omega_hat_StateLoad,qwen3.8-27b-off::problem-18/short-trace-final,problem-18,sha256:55ce2dca47dbe112e5ff867e7e8bfbd2311a4010bf0497e1f33d5e2d3b6b309d,qwen3.8-27b-off,short-trace-final,all-arms,dynamic,Omega_hat_StateLoad,218821560,0
dynamic::qwen3.8-27b-off::all-arms::Omega_hat_StateLoad,qwen3.8-27b-off::problem-18/inside-loop-state,problem-18,sha256:d9fde9c0b10033b45350be818f38a02f7530deefc277daf7ca51e91be628bf0d,qwen3.8-27b-off,inside-loop-state,all-arms,dynamic,Omega_hat_StateLoad,371614735,0
dynamic::qwen3.8-27b-off::all-arms::Omega_hat_StateLoad,qwen3.8-27b-off::problem-18/post-loop-state,problem-18,sha256:ec5ffe88fa32f58a281e2a9be9970228c8f780ce294441e0d8ca083c44ab7cb9,qwen3.8-27b-off,post-loop-state,all-arms,dynamic,Omega_hat_StateLoad,419932136,0
dynamic::qwen3.8-27b-off::all-arms::Omega_hat_StateLoad,qwen3.8-27b-off::problem-19/long-trace-final,problem-19,sha256:48814bea3c8f1e5cd1614a147556846e339503cb69e0803c858796e6f058c6eb,qwen3.8-27b-off,long-trace-final,all-arms,dynamic,Omega_hat_StateLoad,479650352,0
dynamic::qwen3.8-27b-off::all-arms::Omega_hat_StateLoad,qwen3.8-27b-off::problem-19/post-loop-state,problem-19,sha256:67005c3e5fba330dd029ce911161dd9d7c281181ffdda26a6c04f791843ce5b0,qwen3.8-27b-off,post-loop-state,all-arms,dynamic,Omega_hat_StateLoad,470831132,0
dynamic::qwen3.8-27b-off::all-arms::Omega_hat_StateLoad,qwen3.8-27b-off::problem-19/inside-loop-state,problem-19,sha256:7c4063bd0e506396a919ac229901d3779224482c2f0a86685fac407a77181b08,qwen3.8-27b-off,inside-loop-state,all-arms,dynamic,Omega_hat_StateLoad,377812973,0
dynamic::qwen3.8-27b-off::all-arms::Omega_hat_StateLoad,qwen3.8-27b-off::problem-19/short-trace-final,problem-19,sha256:e573b78b30a2d6877c5e647ea6ef1ebbe778918dafdef3ce3ca1ef425adf4aae,qwen3.8-27b-off,short-trace-final,all-arms,dynamic,Omega_hat_StateLoad,264764292,0
dynamic::qwen3.8-27b-off::all-arms::Omega_hat_StateLoad,qwen3.8-27b-off::problem-20/post-loop-state,problem-20,sha256:18ed8611483fb7761108ab3d6d83b912b08a4b16125c798ed34fc0e54d1d0305,qwen3.8-27b-off,post-loop-state,all-arms,dynamic,Omega_hat_StateLoad,433057980,0
dynamic::qwen3.8-27b-off::all-arms::Omega_hat_StateLoad,qwen3.8-27b-off::problem-20/short-trace-final,problem-20,sha256:9e0c8296a9f0717b3ada2dc70705058a39ba1d561df45643b9a79d3f62c7ee4f,qwen3.8-27b-off,short-trace-final,all-arms,dynamic,Omega_hat_StateLoad,225373297,0
dynamic::qwen3.8-27b-off::all-arms::Omega_hat_StateLoad,qwen3.8-27b-off::problem-20/inside-loop-state,problem-20,sha256:bd5bcbf1a9fbe0d7ec617f2eb09018adffc1493412d300f645de5abb9bb358e1,qwen3.8-27b-off,inside-loop-state,all-arms,dynamic,Omega_hat_StateLoad,367739149,0
dynamic::qwen3.8-27b-off::all-arms::Omega_hat_StateLoad,qwen3.8-27b-off::problem-20/long-trace-final,problem-20,sha256:cfdd0f3fcdabe8556447869245ebb13768cf9520d32294331ed86a2fcdda934e,qwen3.8-27b-off,long-trace-final,all-arms,dynamic,Omega_hat_StateLoad,441795364,0
dynamic::qwen3.8-27b-off::all-arms::Omega_hat_StateLoad,qwen3.8-27b-off::problem-21/inside-loop-state,problem-21,sha256:6b893d1fe6186f33bb87627c625c620c60c23d16b1eb380e5428287d7bcd173b,qwen3.8-27b-off,inside-loop-state,all-arms,dynamic,Omega_hat_StateLoad,1387445444,0
dynamic::qwen3.8-27b-off::all-arms::Omega_hat_StateLoad,qwen3.8-27b-off::problem-21/long-trace-final,problem-21,sha256:abae68d8201478b8273623d6f31c7f95f798e23c59176c1c030258097c23bc2a,qwen3.8-27b-off,long-trace-final,all-arms,dynamic,Omega_hat_StateLoad,1658937208,0
dynamic::qwen3.8-27b-off::all-arms::Omega_hat_StateLoad,qwen3.8-27b-off::problem-21/post-loop-state,problem-21,sha256:b1ba4c145bc3491180d71e43456f0de195530e4eda327d97e480319644d54468,qwen3.8-27b-off,post-loop-state,all-arms,dynamic,Omega_hat_StateLoad,1630988145,0
dynamic::qwen3.8-27b-off::all-arms::Omega_hat_StateLoad,qwen3.8-27b-off::problem-21/short-trace-final,problem-21,sha256:c08e9d12f0c628db74c80e296b9aeaa44f2ff442479546e4521c875bc621edcf,qwen3.8-27b-off,short-trace-final,all-arms,dynamic,Omega_hat_StateLoad,1004305853,0
dynamic::qwen3.8-27b-off::all-arms::Omega_hat_StateLoad,qwen3.8-27b-off::problem-22/post-loop-state,problem-22,sha256:642b405db89f31906ffda3368213a2dea48b194489eef14859eba92a495738dc,qwen3.8-27b-off,post-loop-state,all-arms,dynamic,Omega_hat_StateLoad,1665467754,0
dynamic::qwen3.8-27b-off::all-arms::Omega_hat_StateLoad,qwen3.8-27b-off::problem-22/inside-loop-state,problem-22,sha256:895a3e331a4a70e78f11ec4c30afb51f9695d33bfe2745487c604118a27dc196,qwen3.8-27b-off,inside-loop-state,all-arms,dynamic,Omega_hat_StateLoad,1441450912,0
dynamic::qwen3.8-27b-off::all-arms::Omega_hat_StateLoad,qwen3.8-27b-off::problem-22/short-trace-final,problem-22,sha256:bdfb4ea940fcc763a5c0367908bb8a2418611ecbf44f222ddd6008ab05066e5a,qwen3.8-27b-off,short-trace-final,all-arms,dynamic,Omega_hat_StateLoad,995709142,0
dynamic::qwen3.8-27b-off::all-arms::Omega_hat_StateLoad,qwen3.8-27b-off::problem-22/long-trace-final,problem-22,sha256:d095f6706999a481b592168652c7c699ef339254946149818a5f8ab337c7f262,qwen3.8-27b-off,long-trace-final,all-arms,dynamic,Omega_hat_StateLoad,1693333624,0
dynamic::qwen3.8-27b-off::all-arms::Omega_hat_StateLoad,qwen3.8-27b-off::problem-23/long-trace-final,problem-23,sha256:1245ebbf69a81bcb8f23d1a367d4077c7ff732cf2ca37e553c4ad80d11a1687e,qwen3.8-27b-off,long-trace-final,all-arms,dynamic,Omega_hat_StateLoad,1737760921,0
dynamic::qwen3.8-27b-off::all-arms::Omega_hat_StateLoad,qwen3.8-27b-off::problem-23/short-trace-final,problem-23,sha256:78febcc2681676995da118209adc295d1c6f8449ddc2f697eff5823e74d2c92b,qwen3.8-27b-off,short-trace-final,all-arms,dynamic,Omega_hat_StateLoad,1035105717,0
dynamic::qwen3.8-27b-off::all-arms::Omega_hat_StateLoad,qwen3.8-27b-off::problem-23/inside-loop-state,problem-23,sha256:c5b04d442721c6e23d53ded804f222ca9bc2bd35cb825d975482627fa2f68eb8,qwen3.8-27b-off,inside-loop-state,all-arms,dynamic,Omega_hat_StateLoad,1455506026,0
dynamic::qwen3.8-27b-off::all-arms::Omega_hat_StateLoad,qwen3.8-27b-off::problem-23/post-loop-state,problem-23,sha256:f422207380b27c4b9c9e1403517b42b55f6342cd02514f3d18cff14a6eaf23b9,qwen3.8-27b-off,post-loop-state,all-arms,dynamic,Omega_hat_StateLoad,1709832203,0
dynamic::qwen3.8-27b-off::all-arms::Omega_hat_StateLoad,qwen3.8-27b-off::problem-24/long-trace-final,problem-24,sha256:312cb1244299d8ea29ce3be52759a05aaf6f571f4cabdb8de4cdfefc53c21127,qwen3.8-27b-off,long-trace-final,all-arms,dynamic,Omega_hat_StateLoad,1732693205,0
dynamic::qwen3.8-27b-off::all-arms::Omega_hat_StateLoad,qwen3.8-27b-off::problem-24/post-loop-state,problem-24,sha256:a9bba3e75ac97caf5a230d723fd189724ff0563bea2bef0b001eb7655cd5c948,qwen3.8-27b-off,post-loop-state,all-arms,dynamic,Omega_hat_StateLoad,1704789888,0
dynamic::qwen3.8-27b-off::all-arms::Omega_hat_StateLoad,qwen3.8-27b-off::problem-24/inside-loop-state,problem-24,sha256:c151679cf530cdccea973844a665dbb377147bfda08d781a73e4cebd8e7aa207,qwen3.8-27b-off,inside-loop-state,all-arms,dynamic,Omega_hat_StateLoad,1456710920,0
dynamic::qwen3.8-27b-off::all-arms::Omega_hat_StateLoad,qwen3.8-27b-off::problem-24/short-trace-final,problem-24,sha256:da5e2129ac6eb31efb9c60f4456bf6a53cf0c9c972c82515c6421612ad91b98c,qwen3.8-27b-off,short-trace-final,all-arms,dynamic,Omega_hat_StateLoad,1011591849,0
dynamic::qwen3.8-27b-off::all-arms::Omega_hat_StateLoad,qwen3.8-27b-off::problem-25/inside-loop-state,problem-25,sha256:5e34e564ebcb950511aeb4040311983a4e917c9f539fe9bf740740d04ff82754,qwen3.8-27b-off,inside-loop-state,all-arms,dynamic,Omega_hat_StateLoad,1450677610,0
dynamic::qwen3.8-27b-off::all-arms::Omega_hat_StateLoad,qwen3.8-27b-off::problem-25/post-loop-state,problem-25,sha256:75b110f0259dbaad71e4a3448a19097ec57bdd629d5281f6767d6860812b4c19,qwen3.8-27b-off,post-loop-state,all-arms,dynamic,Omega_hat_StateLoad,1660597011,0
dynamic::qwen3.8-27b-off::all-arms::Omega_hat_StateLoad,qwen3.8-27b-off::problem-25/short-trace-final,problem-25,sha256:a40a9795cb938fde800d3c6170d0c04fa0258cbef4e26485156c279ea570a1c9,qwen3.8-27b-off,short-trace-final,all-arms,dynamic,Omega_hat_StateLoad,1008410769,0
dynamic::qwen3.8-27b-off::all-arms::Omega_hat_StateLoad,qwen3.8-27b-off::problem-25/long-trace-final,problem-25,sha256:ea555a40d3f155ff207893e7327866c923e56b4bcc853fbea3e3ec27d9a3e419,qwen3.8-27b-off,long-trace-final,all-arms,dynamic,Omega_hat_StateLoad,1688537779,0
dynamic::qwen3.8-27b-off::all-arms::Omega_hat_StateLoad,qwen3.8-27b-off::problem-26/post-loop-state,problem-26,sha256:09ad9f965884b1ca88246bf427ed30c073b3774cda0e3f8b1ba5fcb8a52876f0,qwen3.8-27b-off,post-loop-state,all-arms,dynamic,Omega_hat_StateLoad,1637025804,0
dynamic::qwen3.8-27b-off::all-arms::Omega_hat_StateLoad,qwen3.8-27b-off::problem-26/long-trace-final,problem-26,sha256:8a0a9d72ece310a0393e6f8cd6161daa9fc85ca793d8f7a5effe7867b7b3610e,qwen3.8-27b-off,long-trace-final,all-arms,dynamic,Omega_hat_StateLoad,1664953995,0
dynamic::qwen3.8-27b-off::all-arms::Omega_hat_StateLoad,qwen3.8-27b-off::problem-26/short-trace-final,problem-26,sha256:d366caa8929075d65d1d7b7db9700b9131f161a1ac0faff603b289cf7c5bce85,qwen3.8-27b-off,short-trace-final,all-arms,dynamic,Omega_hat_StateLoad,990893735,0
dynamic::qwen3.8-27b-off::all-arms::Omega_hat_StateLoad,qwen3.8-27b-off::problem-26/inside-loop-state,problem-26,sha256:f9a0bdb83416f8938c7ae733c1f802841b3746ef0e2c9c69f4dfcd271e42f429,qwen3.8-27b-off,inside-loop-state,all-arms,dynamic,Omega_hat_StateLoad,1425493185,0
dynamic::qwen3.8-27b-off::all-arms::Omega_hat_StateLoad,qwen3.8-27b-off::problem-27/long-trace-final,problem-27,sha256:1d4d6eaa0d724ed2eabbd6de906e694e29956478548df760cda79767a3d420aa,qwen3.8-27b-off,long-trace-final,all-arms,dynamic,Omega_hat_StateLoad,1707495177,0
dynamic::qwen3.8-27b-off::all-arms::Omega_hat_StateLoad,qwen3.8-27b-off::problem-27/short-trace-final,problem-27,sha256:ac06f4eaa7953cf90f5b0f2b52580f1e113358761701f25264564a9119eed893,qwen3.8-27b-off,short-trace-final,all-arms,dynamic,Omega_hat_StateLoad,992994367,0
dynamic::qwen3.8-27b-off::all-arms::Omega_hat_StateLoad,qwen3.8-27b-off::problem-27/inside-loop-state,problem-27,sha256:e8a7fd6ede3a54a7a6c46ba71aa8095c7036f8a67282fd35936d92bd03911640,qwen3.8-27b-off,inside-loop-state,all-arms,dynamic,Omega_hat_StateLoad,1466366333,0
dynamic::qwen3.8-27b-off::all-arms::Omega_hat_StateLoad,qwen3.8-27b-off::problem-27/post-loop-state,problem-27,sha256:ec560b955bdd3cfdd9c93d7e5e9dec52b80d640de2b6aef03d7e59ab46ae487f,qwen3.8-27b-off,post-loop-state,all-arms,dynamic,Omega_hat_StateLoad,1679542193,0
dynamic::qwen3.8-27b-off::all-arms::Omega_hat_StateLoad,qwen3.8-27b-off::problem-28/inside-loop-state,problem-28,sha256:8e7497c27f25952db2771db8b7d65a445fec890474e0eaf363433912b4448d98,qwen3.8-27b-off,inside-loop-state,all-arms,dynamic,Omega_hat_StateLoad,1481491890,0
dynamic::qwen3.8-27b-off::all-arms::Omega_hat_StateLoad,qwen3.8-27b-off::problem-28/short-trace-final,problem-28,sha256:e48fd34b81d40474be4f17f911d0be54f3f4d0dcb7dcf485fbc4396c61acb108,qwen3.8-27b-off,short-trace-final,all-arms,dynamic,Omega_hat_StateLoad,1062800798,0
dynamic::qwen3.8-27b-off::all-arms::Omega_hat_StateLoad,qwen3.8-27b-off::problem-28/long-trace-final,problem-28,sha256:eac890193eab32fcb83a9b96b1975d2ec0850ff443479a8e9fc22322b0fef1a3,qwen3.8-27b-off,long-trace-final,all-arms,dynamic,Omega_hat_StateLoad,1810527588,0
dynamic::qwen3.8-27b-off::all-arms::Omega_hat_StateLoad,qwen3.8-27b-off::problem-28/post-loop-state,problem-28,sha256:eb32ac1b648907af496e87af77869c7d270abcf1a78e35194aff1abc7aad9814,qwen3.8-27b-off,post-loop-state,all-arms,dynamic,Omega_hat_StateLoad,1782536347,0
dynamic::qwen3.8-27b-off::all-arms::Omega_hat_StateLoad,qwen3.8-27b-off::problem-29/post-loop-state,problem-29,sha256:266a35b82d6b7b97b632edbdec2e61ad18b6191c9dc4722cceec06e6f7cf3e7b,qwen3.8-27b-off,post-loop-state,all-arms,dynamic,Omega_hat_StateLoad,1758180386,0
dynamic::qwen3.8-27b-off::all-arms::Omega_hat_StateLoad,qwen3.8-27b-off::problem-29/short-trace-final,problem-29,sha256:4ecced26b7df8a9b75c98baa33550ead17ba2313bbb605c2d1cb7baa2e29a52e,qwen3.8-27b-off,short-trace-final,all-arms,dynamic,Omega_hat_StateLoad,1038443888,0
dynamic::qwen3.8-27b-off::all-arms::Omega_hat_StateLoad,qwen3.8-27b-off::problem-29/inside-loop-state,problem-29,sha256:6055ac1e5575ce92574c3669a2a3eb367092c36fb132bfce0cca3260851140e2,qwen3.8-27b-off,inside-loop-state,all-arms,dynamic,Omega_hat_StateLoad,1492855257,0
dynamic::qwen3.8-27b-off::all-arms::Omega_hat_StateLoad,qwen3.8-27b-off::problem-29/long-trace-final,problem-29,sha256:dafab6181d512ecf0c71e74b5f580d6000813124811287d4fc852c2b145c4d20,qwen3.8-27b-off,long-trace-final,all-arms,dynamic,Omega_hat_StateLoad,1786079483,0
dynamic::qwen3.8-27b-off::all-arms::Omega_hat_StateLoad,qwen3.8-27b-off::problem-30/inside-loop-state,problem-30,sha256:4956e45be9ac9fea2c36667b16c62bb1d6f435004d42c4e4b3b34a6a2de2fa26,qwen3.8-27b-off,inside-loop-state,all-arms,dynamic,Omega_hat_StateLoad,1498251777,0
dynamic::qwen3.8-27b-off::all-arms::Omega_hat_StateLoad,qwen3.8-27b-off::problem-30/short-trace-final,problem-30,sha256:84ea88c1bf723ea51c2ae8d1c8fe25aa5d3dc5be93e0882e4f0cf0be0e4137bb,qwen3.8-27b-off,short-trace-final,all-arms,dynamic,Omega_hat_StateLoad,940031874,0
dynamic::qwen3.8-27b-off::all-arms::Omega_hat_StateLoad,qwen3.8-27b-off::problem-30/long-trace-final,problem-30,sha256:c2098a098a924cecff89d4a804a7f8d840ecd0538821c278601a32140bcca3f8,qwen3.8-27b-off,long-trace-final,all-arms,dynamic,Omega_hat_StateLoad,1715866385,0
dynamic::qwen3.8-27b-off::all-arms::Omega_hat_StateLoad,qwen3.8-27b-off::problem-30/post-loop-state,problem-30,sha256:e69e021f535c9d0fc24b0101f47f65371d3832409890cf0484859bf2d6e98e0b,qwen3.8-27b-off,post-loop-state,all-arms,dynamic,Omega_hat_StateLoad,1687925298,0
dynamic::qwen3.8-27b-off::all-arms::Omega_hat_StateSize,qwen3.8-27b-off::problem-01/inside-loop-state,problem-01,sha256:0547b42885dc201376fb93765a3c7da6c077a0338c243dcae8c262108a061af1,qwen3.8-27b-off,inside-loop-state,all-arms,dynamic,Omega_hat_StateSize,3288,0
dynamic::qwen3.8-27b-off::all-arms::Omega_hat_StateSize,qwen3.8-27b-off::problem-01/long-trace-final,problem-01,sha256:56d9affe274f136e1933852e8f797cfb86ea3bed95c016b04556b2c4ca152b2c,qwen3.8-27b-off,long-trace-final,all-arms,dynamic,Omega_hat_StateSize,3287,0
dynamic::qwen3.8-27b-off::all-arms::Omega_hat_StateSize,qwen3.8-27b-off::problem-01/short-trace-final,problem-01,sha256:73ad8aafe6d235df156f603343f220d5bf0bf095034c7c09e4647aec6b75183c,qwen3.8-27b-off,short-trace-final,all-arms,dynamic,Omega_hat_StateSize,3282,0
dynamic::qwen3.8-27b-off::all-arms::Omega_hat_StateSize,qwen3.8-27b-off::problem-01/post-loop-state,problem-01,sha256:8c394bb669c6429a6cc8371df442ba1284632f5fd03fcf20b87ec42c6b002666,qwen3.8-27b-off,post-loop-state,all-arms,dynamic,Omega_hat_StateSize,3287,0
dynamic::qwen3.8-27b-off::all-arms::Omega_hat_StateSize,qwen3.8-27b-off::problem-02/long-trace-final,problem-02,sha256:2c6c086992c204f9156a73eca1a86fe4ad8b4777c9b50ca69f44efa3a0ec804d,qwen3.8-27b-off,long-trace-final,all-arms,dynamic,Omega_hat_StateSize,3300,0
dynamic::qwen3.8-27b-off::all-arms::Omega_hat_StateSize,qwen3.8-27b-off::problem-02/inside-loop-state,problem-02,sha256:43ea44d05f37e33633d2f43ad399b115c3066c018f15acef6f477c034fdda927,qwen3.8-27b-off,inside-loop-state,all-arms,dynamic,Omega_hat_StateSize,3291,0
dynamic::qwen3.8-27b-off::all-arms::Omega_hat_StateSize,qwen3.8-27b-off::problem-02/post-loop-state,problem-02,sha256:ba7d1febfb83991899883c292120818d9f29e3dd565ec4a93b6368650d9b3d8b,qwen3.8-27b-off,post-loop-state,all-arms,dynamic,Omega_hat_StateSize,3300,0
dynamic::qwen3.8-27b-off::all-arms::Omega_hat_StateSize,qwen3.8-27b-off::problem-02/short-trace-final,problem-02,sha256:c045cedad0407af52c2d7faa26f00e6fb48605031adc73be301bb6ee469d0a00,qwen3.8-27b-off,short-trace-final,all-arms,dynamic,Omega_hat_StateSize,3273,0
dynamic::qwen3.8-27b-off::all-arms::Omega_hat_StateSize,qwen3.8-27b-off::problem-03/post-loop-state,problem-03,sha256:2acfa20a7ee16e7c373ae0cf23d876f6106fe1856336ee95352a6619b1420010,qwen3.8-27b-off,post-loop-state,all-arms,dynamic,Omega_hat_StateSize,3293,0
dynamic::qwen3.8-27b-off::all-arms::Omega_hat_StateSize,qwen3.8-27b-off::problem-03/inside-loop-state,problem-03,sha256:587d5ad47aee9baac51abb2d6ac720bc8b29f8e6c6f98e2e7066bb6d8bac30a1,qwen3.8-27b-off,inside-loop-state,all-arms,dynamic,Omega_hat_StateSize,3294,0
dynamic::qwen3.8-27b-off::all-arms::Omega_hat_StateSize,qwen3.8-27b-off::problem-03/long-trace-final,problem-03,sha256:5cd8a44109e568c902e2d582d4448650c2d4a64ee9ae4e391cf17a60348468b4,qwen3.8-27b-off,long-trace-final,all-arms,dynamic,Omega_hat_StateSize,3293,0
dynamic::qwen3.8-27b-off::all-arms::Omega_hat_StateSize,qwen3.8-27b-off::problem-03/short-trace-final,problem-03,sha256:de9b7f7e58c8ec2d2f824891cdd79a1b094a45ac4742558225294573439b316d,qwen3.8-27b-off,short-trace-final,all-arms,dynamic,Omega_hat_StateSize,3245,0
dynamic::qwen3.8-27b-off::all-arms::Omega_hat_StateSize,qwen3.8-27b-off::problem-04/short-trace-final,problem-04,sha256:05aae40bc36e0df65171215e791c8e10e79babb0960ce78b876515d48b8accae,qwen3.8-27b-off,short-trace-final,all-arms,dynamic,Omega_hat_StateSize,3268,0
dynamic::qwen3.8-27b-off::all-arms::Omega_hat_StateSize,qwen3.8-27b-off::problem-04/long-trace-final,problem-04,sha256:7ad230089b4b878cee95f70563245eea351dea877118fcf8a597be6bd90d14f5,qwen3.8-27b-off,long-trace-final,all-arms,dynamic,Omega_hat_StateSize,3282,0
dynamic::qwen3.8-27b-off::all-arms::Omega_hat_StateSize,qwen3.8-27b-off::problem-04/post-loop-state,problem-04,sha256:94ab1f7d2732d7ff5cef895f5b77e7fd081702b993a6eb7d3d5c505592cefb21,qwen3.8-27b-off,post-loop-state,all-arms,dynamic,Omega_hat_StateSize,3282,0
dynamic::qwen3.8-27b-off::all-arms::Omega_hat_StateSize,qwen3.8-27b-off::problem-04/inside-loop-state,problem-04,sha256:9aaa594325de39aafc50a9d96c539f0c1166bd50a8eff8c49c14c84270c4ff59,qwen3.8-27b-off,inside-loop-state,all-arms,dynamic,Omega_hat_StateSize,3283,0
dynamic::qwen3.8-27b-off::all-arms::Omega_hat_StateSize,qwen3.8-27b-off::problem-05/post-loop-state,problem-05,sha256:0f684ff85de199f8f7c7ffc32375f9b9e62fa5827fcecce50fb5d60bca08e280,qwen3.8-27b-off,post-loop-state,all-arms,dynamic,Omega_hat_StateSize,3292,0
dynamic::qwen3.8-27b-off::all-arms::Omega_hat_StateSize,qwen3.8-27b-off::problem-05/long-trace-final,problem-05,sha256:5a4822c8f4e084302eeecb07be76313448d56e02db866843273cfa2a79ca9b73,qwen3.8-27b-off,long-trace-final,all-arms,dynamic,Omega_hat_StateSize,3292,0
dynamic::qwen3.8-27b-off::all-arms::Omega_hat_StateSize,qwen3.8-27b-off::problem-05/short-trace-final,problem-05,sha256:9f6345f351d6266c0c09238729ff08378ce70e23ac0267c2e41f067733d6f579,qwen3.8-27b-off,short-trace-final,all-arms,dynamic,Omega_hat_StateSize,3261,0
dynamic::qwen3.8-27b-off::all-arms::Omega_hat_StateSize,qwen3.8-27b-off::problem-05/inside-loop-state,problem-05,sha256:e22303dc39b5dd7a5cac47da11bd364b0897fb8d8d9099162d7706552f9fa372,qwen3.8-27b-off,inside-loop-state,all-arms,dynamic,Omega_hat_StateSize,3293,0
dynamic::qwen3.8-27b-off::all-arms::Omega_hat_StateSize,qwen3.8-27b-off::problem-06/long-trace-final,problem-06,sha256:061a7cf51e116aa318d53740cdc4d580b6c9767f126c91061a484987b96cd0c7,qwen3.8-27b-off,long-trace-final,all-arms,dynamic,Omega_hat_StateSize,3288,0
dynamic::qwen3.8-27b-off::all-arms::Omega_hat_StateSize,qwen3.8-27b-off::problem-06/post-loop-state,problem-06,sha256:2c10823e77f28c1bd27318dfe6f1918fbe52e06174725d89f5e5d33bd0bd5510,qwen3.8-27b-off,post-loop-state,all-arms,dynamic,Omega_hat_StateSize,3288,0
dynamic::qwen3.8-27b-off::all-arms::Omega_hat_StateSize,qwen3.8-27b-off::problem-06/short-trace-final,problem-06,sha256:6a88d2c05b775fcb748a8354a26e9d76a3a40fbeb4478fdc3ede8d3a216d580f,qwen3.8-27b-off,short-trace-final,all-arms,dynamic,Omega_hat_StateSize,3267,0
dynamic::qwen3.8-27b-off::all-arms::Omega_hat_StateSize,qwen3.8-27b-off::problem-06/inside-loop-state,problem-06,sha256:cd00c1a7e81437959f3f7ae75d1cd3869cff5bb6980eec8d78e39979ad3c2a27,qwen3.8-27b-off,inside-loop-state,all-arms,dynamic,Omega_hat_StateSize,3289,0
dynamic::qwen3.8-27b-off::all-arms::Omega_hat_StateSize,qwen3.8-27b-off::problem-07/long-trace-final,problem-07,sha256:0038af217dac3eb4ec50de238581737dacd10f0887c0b2b7bf8c89208e6efac5,qwen3.8-27b-off,long-trace-final,all-arms,dynamic,Omega_hat_StateSize,3300,0
dynamic::qwen3.8-27b-off::all-arms::Omega_hat_StateSize,qwen3.8-27b-off::problem-07/inside-loop-state,problem-07,sha256:3f021ab7fd773d4b5707b65f0ddba29e4e2f31918c7ad194865bdfdb2cc2fc23,qwen3.8-27b-off,inside-loop-state,all-arms,dynamic,Omega_hat_StateSize,3301,0
dynamic::qwen3.8-27b-off::all-arms::Omega_hat_StateSize,qwen3.8-27b-off::problem-07/post-loop-state,problem-07,sha256:9e457d18bfaac327399393fdb975773303e803b2fd677d4bd2e6b7cd4ddc624c,qwen3.8-27b-off,post-loop-state,all-arms,dynamic,Omega_hat_StateSize,3300,0
dynamic::qwen3.8-27b-off::all-arms::Omega_hat_StateSize,qwen3.8-27b-off::problem-07/short-trace-final,problem-07,sha256:a804134b8daa3d73abbebef8e0e40694e39211ed7153b6ad7591756fe33cd167,qwen3.8-27b-off,short-trace-final,all-arms,dynamic,Omega_hat_StateSize,3281,0
dynamic::qwen3.8-27b-off::all-arms::Omega_hat_StateSize,qwen3.8-27b-off::problem-08/inside-loop-state,problem-08,sha256:7064354a09226b66ebb7194c3454eab73c7a5d95fb26e79e1817e12584f3f310,qwen3.8-27b-off,inside-loop-state,all-arms,dynamic,Omega_hat_StateSize,3284,0
dynamic::qwen3.8-27b-off::all-arms::Omega_hat_StateSize,qwen3.8-27b-off::problem-08/short-trace-final,problem-08,sha256:a7da9f82ea01769a6b8a112317eee4c6cc1f6de1fd6fdd14a5537d4ac9c80a0f,qwen3.8-27b-off,short-trace-final,all-arms,dynamic,Omega_hat_StateSize,3272,0
dynamic::qwen3.8-27b-off::all-arms::Omega_hat_StateSize,qwen3.8-27b-off::problem-08/post-loop-state,problem-08,sha256:e32673ca942baf21e1de8014e35df297a78a6d254c419164d155a8af936e67b4,qwen3.8-27b-off,post-loop-state,all-arms,dynamic,Omega_hat_StateSize,3289,0
dynamic::qwen3.8-27b-off::all-arms::Omega_hat_StateSize,qwen3.8-27b-off::problem-08/long-trace-final,problem-08,sha256:f4f4c04290dfd1722493e9d5e7c6c040d58b8f4f1f2ea1ffd0972f45a5893717,qwen3.8-27b-off,long-trace-final,all-arms,dynamic,Omega_hat_StateSize,3289,0
dynamic::qwen3.8-27b-off::all-arms::Omega_hat_StateSize,qwen3.8-27b-off::problem-09/short-trace-final,problem-09,sha256:1f2e9f2d169b17ceb6021bac59f884fc4c71697048d44bcde003919a30c6bc01,qwen3.8-27b-off,short-trace-final,all-arms,dynamic,Omega_hat_StateSize,3267,0
dynamic::qwen3.8-27b-off::all-arms::Omega_hat_StateSize,qwen3.8-27b-off::problem-09/inside-loop-state,problem-09,sha256:221039cb3147683b097b9a9e97cbc35a8b09ba4e290f73be9b1bca308fd93ce3,qwen3.8-27b-off,inside-loop-state,all-arms,dynamic,Omega_hat_StateSize,3286,0
dynamic::qwen3.8-27b-off::all-arms::Omega_hat_StateSize,qwen3.8-27b-off::problem-09/post-loop-state,problem-09,sha256:2c9d501dc7cc0a1d91e2d7340569ca0ba384bdb40034069641418df06a065b02,qwen3.8-27b-off,post-loop-state,all-arms,dynamic,Omega_hat_StateSize,3285,0
dynamic::qwen3.8-27b-off::all-arms::Omega_hat_StateSize,qwen3.8-27b-off::problem-09/long-trace-final,problem-09,sha256:d5594fe452f9751f9e5a7096c8f016b17a3d1be5849b3882dd8846f268197c8d,qwen3.8-27b-off,long-trace-final,all-arms,dynamic,Omega_hat_StateSize,3285,0
dynamic::qwen3.8-27b-off::all-arms::Omega_hat_StateSize,qwen3.8-27b-off::problem-10/inside-loop-state,problem-10,sha256:4bfd0a8e336edf6d47adfddd74897b9784181700d614c66dab4d21903a7797cb,qwen3.8-27b-off,inside-loop-state,all-arms,dynamic,Omega_hat_StateSize,3278,0
dynamic::qwen3.8-27b-off::all-arms::Omega_hat_StateSize,qwen3.8-27b-off::problem-10/short-trace-final,problem-10,sha256:68a7353ba44980aa7c94507c7d2506366b7e1a6d3a9840cec0ba3fd243bb86ef,qwen3.8-27b-off,short-trace-final,all-arms,dynamic,Omega_hat_StateSize,3276,0
dynamic::qwen3.8-27b-off::all-arms::Omega_hat_StateSize,qwen3.8-27b-off::problem-10/post-loop-state,problem-10,sha256:6d34f6c50beb59b579b867aa64417c1f8e212aca0c7dba85a4f8d73ad6395e15,qwen3.8-27b-off,post-loop-state,all-arms,dynamic,Omega_hat_StateSize,3277,0
dynamic::qwen3.8-27b-off::all-arms::Omega_hat_StateSize,qwen3.8-27b-off::problem-10/long-trace-final,problem-10,sha256:b9350571c682c8ce1a385a3827b09b6195b6b0de80c103fe5638970bd0396907,qwen3.8-27b-off,long-trace-final,all-arms,dynamic,Omega_hat_StateSize,3277,0
dynamic::qwen3.8-27b-off::all-arms::Omega_hat_StateSize,qwen3.8-27b-off::problem-11/short-trace-final,problem-11,sha256:26270b738997e89a812774051cc9205ec744eed12d5397ba27730fd1f3616545,qwen3.8-27b-off,short-trace-final,all-arms,dynamic,Omega_hat_StateSize,6085,0
dynamic::qwen3.8-27b-off::all-arms::Omega_hat_StateSize,qwen3.8-27b-off::problem-11/long-trace-final,problem-11,sha256:37449d8e8c91c57d5e2c5704a43fc22c0bd0599b769db5d859947f119c59900a,qwen3.8-27b-off,long-trace-final,all-arms,dynamic,Omega_hat_StateSize,6107,0
dynamic::qwen3.8-27b-off::all-arms::Omega_hat_StateSize,qwen3.8-27b-off::problem-11/post-loop-state,problem-11,sha256:89cf19a5769900427442f00c16f675ef52b8c60cb6f502a5e54dafd29cbaa7b3,qwen3.8-27b-off,post-loop-state,all-arms,dynamic,Omega_hat_StateSize,6107,0
dynamic::qwen3.8-27b-off::all-arms::Omega_hat_StateSize,qwen3.8-27b-off::problem-11/inside-loop-state,problem-11,sha256:9e616055a8b294cc727870ca9d00854bfd4625609bfaf8f7f208f2affda4e187,qwen3.8-27b-off,inside-loop-state,all-arms,dynamic,Omega_hat_StateSize,6108,0
dynamic::qwen3.8-27b-off::all-arms::Omega_hat_StateSize,qwen3.8-27b-off::problem-12/inside-loop-state,problem-12,sha256:7b5df0851254363517f3ded42cf7a385fa51a85dd64743e6e008669e0faf5b82,qwen3.8-27b-off,inside-loop-state,all-arms,dynamic,Omega_hat_StateSize,6111,0
dynamic::qwen3.8-27b-off::all-arms::Omega_hat_StateSize,qwen3.8-27b-off::problem-12/short-trace-final,problem-12,sha256:85aa9c8d83f90f5ce7ad3cbf050a51a8d8f6994499cd2159cb23a7ea82b1849e,qwen3.8-27b-off,short-trace-final,all-arms,dynamic,Omega_hat_StateSize,6074,0
dynamic::qwen3.8-27b-off::all-arms::Omega_hat_StateSize,qwen3.8-27b-off::problem-12/post-loop-state,problem-12,sha256:958460d7ecf7621b9ecf5669fda846e1d9c0a7b4b399190aeed32c7df8b0699e,qwen3.8-27b-off,post-loop-state,all-arms,dynamic,Omega_hat_StateSize,6110,0
dynamic::qwen3.8-27b-off::all-arms::Omega_hat_StateSize,qwen3.8-27b-off::problem-12/long-trace-final,problem-12,sha256:bbf72f7493684d660693adfc81bbd175088f4b46afda09d4b298512c72508c1b,qwen3.8-27b-off,long-trace-final,all-arms,dynamic,Omega_hat_StateSize,6110,0
dynamic::qwen3.8-27b-off::all-arms::Omega_hat_StateSize,qwen3.8-27b-off::problem-13/inside-loop-state,problem-13,sha256:2b247ce5916acd9195152fced59de2ae563f4cbdd37bfd795074e5f2ec115251,qwen3.8-27b-off,inside-loop-state,all-arms,dynamic,Omega_hat_StateSize,6110,0
dynamic::qwen3.8-27b-off::all-arms::Omega_hat_StateSize,qwen3.8-27b-off::problem-13/post-loop-state,problem-13,sha256:5c4433c9aa1b024d200559d67bbc7d578a21c39d10fb03ce2c6a5caae255993f,qwen3.8-27b-off,post-loop-state,all-arms,dynamic,Omega_hat_StateSize,6117,0
dynamic::qwen3.8-27b-off::all-arms::Omega_hat_StateSize,qwen3.8-27b-off::problem-13/short-trace-final,problem-13,sha256:eccc604db1d5cc06fe2c28b2456d93ecb100590e01fd6ce576ad76161a08aada,qwen3.8-27b-off,short-trace-final,all-arms,dynamic,Omega_hat_StateSize,6091,0
dynamic::qwen3.8-27b-off::all-arms::Omega_hat_StateSize,qwen3.8-27b-off::problem-13/long-trace-final,problem-13,sha256:fc03a1fd966e3a60af4264cb997a959b0d3d39ccb2cc7f6636f0659db36c1fcf,qwen3.8-27b-off,long-trace-final,all-arms,dynamic,Omega_hat_StateSize,6117,0
dynamic::qwen3.8-27b-off::all-arms::Omega_hat_StateSize,qwen3.8-27b-off::problem-14/short-trace-final,problem-14,sha256:929856d52b4d3a50a8d477f065732fc3ff381b1ec26dfd9672f1bb3e81b9112e,qwen3.8-27b-off,short-trace-final,all-arms,dynamic,Omega_hat_StateSize,6098,0
dynamic::qwen3.8-27b-off::all-arms::Omega_hat_StateSize,qwen3.8-27b-off::problem-14/post-loop-state,problem-14,sha256:a428733484eb9e4568dc0f1944310d728394aa7a5f597f21fad8a5f17c349a92,qwen3.8-27b-off,post-loop-state,all-arms,dynamic,Omega_hat_StateSize,6116,0
dynamic::qwen3.8-27b-off::all-arms::Omega_hat_StateSize,qwen3.8-27b-off::problem-14/inside-loop-state,problem-14,sha256:b92de04f170b8d7777731ffc17b0ef112672dde69764b2e2b4544f1cbbfd2775,qwen3.8-27b-off,inside-loop-state,all-arms,dynamic,Omega_hat_StateSize,6117,0
dynamic::qwen3.8-27b-off::all-arms::Omega_hat_StateSize,qwen3.8-27b-off::problem-14/long-trace-final,problem-14,sha256:e692c2f7963ddc6244570169d2564497fe9f12ef39e36f0f4f9f973b508f3616,qwen3.8-27b-off,long-trace-final,all-arms,dynamic,Omega_hat_StateSize,6116,0
dynamic::qwen3.8-27b-off::all-arms::Omega_hat_StateSize,qwen3.8-27b-off::problem-15/post-loop-state,problem-15,sha256:12301c45635de868f2a4e921222d940fcf33c2f6205d05fc21454266cfbc3061,qwen3.8-27b-off,post-loop-state,all-arms,dynamic,Omega_hat_StateSize,6094,0
dynamic::qwen3.8-27b-off::all-arms::Omega_hat_StateSize,qwen3.8-27b-off::problem-15/inside-loop-state,problem-15,sha256:50e103eb8654ee1640e95f86191fb481f0e07e0bd366e6b5ce47d20c0a200912,qwen3.8-27b-off,inside-loop-state,all-arms,dynamic,Omega_hat_StateSize,6089,0
dynamic::qwen3.8-27b-off::all-arms::Omega_hat_StateSize,qwen3.8-27b-off::problem-15/short-trace-final,problem-15,sha256:649f09230fe16bc947760c4387cd544c37fec8d49083a073371770fa5ae3e1d1,qwen3.8-27b-off,short-trace-final,all-arms,dynamic,Omega_hat_StateSize,6087,0
dynamic::qwen3.8-27b-off::all-arms::Omega_hat_StateSize,qwen3.8-27b-off::problem-15/long-trace-final,problem-15,sha256:8ab718d447d5782861bfa1a8a089a1b4a55c3c55b6ead5ff4abb068409ec1b6b,qwen3.8-27b-off,long-trace-final,all-arms,dynamic,Omega_hat_StateSize,6094,0
dynamic::qwen3.8-27b-off::all-arms::Omega_hat_StateSize,qwen3.8-27b-off::problem-16/short-trace-final,problem-16,sha256:64670fb8a7f19547ad0b0c7647c368cf26d355b1d2e0bedbf884079ff09d87fb,qwen3.8-27b-off,short-trace-final,all-arms,dynamic,Omega_hat_StateSize,6083,0
dynamic::qwen3.8-27b-off::all-arms::Omega_hat_StateSize,qwen3.8-27b-off::problem-16/post-loop-state,problem-16,sha256:8368e978d24c4b3ea18f7eb2ea99706b1e5473aa07f13c4bb3fe6fe619fee763,qwen3.8-27b-off,post-loop-state,all-arms,dynamic,Omega_hat_StateSize,6095,0
dynamic::qwen3.8-27b-off::all-arms::Omega_hat_StateSize,qwen3.8-27b-off::problem-16/long-trace-final,problem-16,sha256:a01be6f53c51de04e80ef9a1b56b33bd854ea547c3ab8fbf01dd1719b64424e2,qwen3.8-27b-off,long-trace-final,all-arms,dynamic,Omega_hat_StateSize,6095,0
dynamic::qwen3.8-27b-off::all-arms::Omega_hat_StateSize,qwen3.8-27b-off::problem-16/inside-loop-state,problem-16,sha256:e785fbb7c44714837a925d69b7a0b7764633037949cf8e2d8eee2ac7af673285,qwen3.8-27b-off,inside-loop-state,all-arms,dynamic,Omega_hat_StateSize,6096,0
dynamic::qwen3.8-27b-off::all-arms::Omega_hat_StateSize,qwen3.8-27b-off::problem-17/short-trace-final,problem-17,sha256:23bfd7217d9ba652a3156953e53db1b393d9093de1553e00151f9992835a6c12,qwen3.8-27b-off,short-trace-final,all-arms,dynamic,Omega_hat_StateSize,6090,0
dynamic::qwen3.8-27b-off::all-arms::Omega_hat_StateSize,qwen3.8-27b-off::problem-17/post-loop-state,problem-17,sha256:a71207cf0c9322ded7b4ad736d0eb7fe58ca15c45d6aad6ed8aa8f7de3eda7b2,qwen3.8-27b-off,post-loop-state,all-arms,dynamic,Omega_hat_StateSize,6105,0
dynamic::qwen3.8-27b-off::all-arms::Omega_hat_StateSize,qwen3.8-27b-off::problem-17/long-trace-final,problem-17,sha256:c1d6591d0bf5a1829058e47370a9ecca6ddf09033379e65669b82b28603cf1e2,qwen3.8-27b-off,long-trace-final,all-arms,dynamic,Omega_hat_StateSize,6105,0
dynamic::qwen3.8-27b-off::all-arms::Omega_hat_StateSize,qwen3.8-27b-off::problem-17/inside-loop-state,problem-17,sha256:ffbe22e9b9ecc46324d4d5b73a4a9fb9116281954ab9775b607d59ad2563ff75,qwen3.8-27b-off,inside-loop-state,all-arms,dynamic,Omega_hat_StateSize,6106,0
dynamic::qwen3.8-27b-off::all-arms::Omega_hat_StateSize,qwen3.8-27b-off::problem-18/long-trace-final,problem-18,sha256:3e1043702949a2334ffeb4aae795b5838059d006655a0bbf6798f0b6adeb085f,qwen3.8-27b-off,long-trace-final,all-arms,dynamic,Omega_hat_StateSize,6098,0
dynamic::qwen3.8-27b-off::all-arms::Omega_hat_StateSize,qwen3.8-27b-off::problem-18/short-trace-final,problem-18,sha256:55ce2dca47dbe112e5ff867e7e8bfbd2311a4010bf0497e1f33d5e2d3b6b309d,qwen3.8-27b-off,short-trace-final,all-arms,dynamic,Omega_hat_StateSize,6069,0
dynamic::qwen3.8-27b-off::all-arms::Omega_hat_StateSize,qwen3.8-27b-off::problem-18/inside-loop-state,problem-18,sha256:d9fde9c0b10033b45350be818f38a02f7530deefc277daf7ca51e91be628bf0d,qwen3.8-27b-off,inside-loop-state,all-arms,dynamic,Omega_hat_StateSize,6099,0
dynamic::qwen3.8-27b-off::all-arms::Omega_hat_StateSize,qwen3.8-27b-off::problem-18/post-loop-state,problem-18,sha256:ec5ffe88fa32f58a281e2a9be9970228c8f780ce294441e0d8ca083c44ab7cb9,qwen3.8-27b-off,post-loop-state,all-arms,dynamic,Omega_hat_StateSize,6098,0
dynamic::qwen3.8-27b-off::all-arms::Omega_hat_StateSize,qwen3.8-27b-off::problem-19/long-trace-final,problem-19,sha256:48814bea3c8f1e5cd1614a147556846e339503cb69e0803c858796e6f058c6eb,qwen3.8-27b-off,long-trace-final,all-arms,dynamic,Omega_hat_StateSize,6117,0
dynamic::qwen3.8-27b-off::all-arms::Omega_hat_StateSize,qwen3.8-27b-off::problem-19/post-loop-state,problem-19,sha256:67005c3e5fba330dd029ce911161dd9d7c281181ffdda26a6c04f791843ce5b0,qwen3.8-27b-off,post-loop-state,all-arms,dynamic,Omega_hat_StateSize,6117,0
dynamic::qwen3.8-27b-off::all-arms::Omega_hat_StateSize,qwen3.8-27b-off::problem-19/inside-loop-state,problem-19,sha256:7c4063bd0e506396a919ac229901d3779224482c2f0a86685fac407a77181b08,qwen3.8-27b-off,inside-loop-state,all-arms,dynamic,Omega_hat_StateSize,6118,0
dynamic::qwen3.8-27b-off::all-arms::Omega_hat_StateSize,qwen3.8-27b-off::problem-19/short-trace-final,problem-19,sha256:e573b78b30a2d6877c5e647ea6ef1ebbe778918dafdef3ce3ca1ef425adf4aae,qwen3.8-27b-off,short-trace-final,all-arms,dynamic,Omega_hat_StateSize,6101,0
dynamic::qwen3.8-27b-off::all-arms::Omega_hat_StateSize,qwen3.8-27b-off::problem-20/post-loop-state,problem-20,sha256:18ed8611483fb7761108ab3d6d83b912b08a4b16125c798ed34fc0e54d1d0305,qwen3.8-27b-off,post-loop-state,all-arms,dynamic,Omega_hat_StateSize,6094,0
dynamic::qwen3.8-27b-off::all-arms::Omega_hat_StateSize,qwen3.8-27b-off::problem-20/short-trace-final,problem-20,sha256:9e0c8296a9f0717b3ada2dc70705058a39ba1d561df45643b9a79d3f62c7ee4f,qwen3.8-27b-off,short-trace-final,all-arms,dynamic,Omega_hat_StateSize,6060,0
dynamic::qwen3.8-27b-off::all-arms::Omega_hat_StateSize,qwen3.8-27b-off::problem-20/inside-loop-state,problem-20,sha256:bd5bcbf1a9fbe0d7ec617f2eb09018adffc1493412d300f645de5abb9bb358e1,qwen3.8-27b-off,inside-loop-state,all-arms,dynamic,Omega_hat_StateSize,6095,0
dynamic::qwen3.8-27b-off::all-arms::Omega_hat_StateSize,qwen3.8-27b-off::problem-20/long-trace-final,problem-20,sha256:cfdd0f3fcdabe8556447869245ebb13768cf9520d32294331ed86a2fcdda934e,qwen3.8-27b-off,long-trace-final,all-arms,dynamic,Omega_hat_StateSize,6094,0
dynamic::qwen3.8-27b-off::all-arms::Omega_hat_StateSize,qwen3.8-27b-off::problem-21/inside-loop-state,problem-21,sha256:6b893d1fe6186f33bb87627c625c620c60c23d16b1eb380e5428287d7bcd173b,qwen3.8-27b-off,inside-loop-state,all-arms,dynamic,Omega_hat_StateSize,10756,0
dynamic::qwen3.8-27b-off::all-arms::Omega_hat_StateSize,qwen3.8-27b-off::problem-21/long-trace-final,problem-21,sha256:abae68d8201478b8273623d6f31c7f95f798e23c59176c1c030258097c23bc2a,qwen3.8-27b-off,long-trace-final,all-arms,dynamic,Omega_hat_StateSize,10755,0
dynamic::qwen3.8-27b-off::all-arms::Omega_hat_StateSize,qwen3.8-27b-off::problem-21/post-loop-state,problem-21,sha256:b1ba4c145bc3491180d71e43456f0de195530e4eda327d97e480319644d54468,qwen3.8-27b-off,post-loop-state,all-arms,dynamic,Omega_hat_StateSize,10755,0
dynamic::qwen3.8-27b-off::all-arms::Omega_hat_StateSize,qwen3.8-27b-off::problem-21/short-trace-final,problem-21,sha256:c08e9d12f0c628db74c80e296b9aeaa44f2ff442479546e4521c875bc621edcf,qwen3.8-27b-off,short-trace-final,all-arms,dynamic,Omega_hat_StateSize,10740,0
dynamic::qwen3.8-27b-off::all-arms::Omega_hat_StateSize,qwen3.8-27b-off::problem-22/post-loop-state,problem-22,sha256:642b405db89f31906ffda3368213a2dea48b194489eef14859eba92a495738dc,qwen3.8-27b-off,post-loop-state,all-arms,dynamic,Omega_hat_StateSize,10733,0
dynamic::qwen3.8-27b-off::all-arms::Omega_hat_StateSize,qwen3.8-27b-off::problem-22/inside-loop-state,problem-22,sha256:895a3e331a4a70e78f11ec4c30afb51f9695d33bfe2745487c604118a27dc196,qwen3.8-27b-off,inside-loop-state,all-arms,dynamic,Omega_hat_StateSize,10734,0
dynamic::qwen3.8-27b-off::all-arms::Omega_hat_StateSize,qwen3.8-27b-off::problem-22/short-trace-final,problem-22,sha256:bdfb4ea940fcc763a5c0367908bb8a2418611ecbf44f222ddd6008ab05066e5a,qwen3.8-27b-off,short-trace-final,all-arms,dynamic,Omega_hat_StateSize,10754,0
dynamic::qwen3.8-27b-off::all-arms::Omega_hat_StateSize,qwen3.8-27b-off::problem-22/long-trace-final,problem-22,sha256:d095f6706999a481b592168652c7c699ef339254946149818a5f8ab337c7f262,qwen3.8-27b-off,long-trace-final,all-arms,dynamic,Omega_hat_StateSize,10733,0
dynamic::qwen3.8-27b-off::all-arms::Omega_hat_StateSize,qwen3.8-27b-off::problem-23/long-trace-final,problem-23,sha256:1245ebbf69a81bcb8f23d1a367d4077c7ff732cf2ca37e553c4ad80d11a1687e,qwen3.8-27b-off,long-trace-final,all-arms,dynamic,Omega_hat_StateSize,10754,0
dynamic::qwen3.8-27b-off::all-arms::Omega_hat_StateSize,qwen3.8-27b-off::problem-23/short-trace-final,problem-23,sha256:78febcc2681676995da118209adc295d1c6f8449ddc2f697eff5823e74d2c92b,qwen3.8-27b-off,short-trace-final,all-arms,dynamic,Omega_hat_StateSize,10740,0
dynamic::qwen3.8-27b-off::all-arms::Omega_hat_StateSize,qwen3.8-27b-off::problem-23/inside-loop-state,problem-23,sha256:c5b04d442721c6e23d53ded804f222ca9bc2bd35cb825d975482627fa2f68eb8,qwen3.8-27b-off,inside-loop-state,all-arms,dynamic,Omega_hat_StateSize,10755,0
dynamic::qwen3.8-27b-off::all-arms::Omega_hat_StateSize,qwen3.8-27b-off::problem-23/post-loop-state,problem-23,sha256:f422207380b27c4b9c9e1403517b42b55f6342cd02514f3d18cff14a6eaf23b9,qwen3.8-27b-off,post-loop-state,all-arms,dynamic,Omega_hat_StateSize,10754,0
dynamic::qwen3.8-27b-off::all-arms::Omega_hat_StateSize,qwen3.8-27b-off::problem-24/long-trace-final,problem-24,sha256:312cb1244299d8ea29ce3be52759a05aaf6f571f4cabdb8de4cdfefc53c21127,qwen3.8-27b-off,long-trace-final,all-arms,dynamic,Omega_hat_StateSize,10750,0
dynamic::qwen3.8-27b-off::all-arms::Omega_hat_StateSize,qwen3.8-27b-off::problem-24/post-loop-state,problem-24,sha256:a9bba3e75ac97caf5a230d723fd189724ff0563bea2bef0b001eb7655cd5c948,qwen3.8-27b-off,post-loop-state,all-arms,dynamic,Omega_hat_StateSize,10750,0
dynamic::qwen3.8-27b-off::all-arms::Omega_hat_StateSize,qwen3.8-27b-off::problem-24/inside-loop-state,problem-24,sha256:c151679cf530cdccea973844a665dbb377147bfda08d781a73e4cebd8e7aa207,qwen3.8-27b-off,inside-loop-state,all-arms,dynamic,Omega_hat_StateSize,10751,0
dynamic::qwen3.8-27b-off::all-arms::Omega_hat_StateSize,qwen3.8-27b-off::problem-24/short-trace-final,problem-24,sha256:da5e2129ac6eb31efb9c60f4456bf6a53cf0c9c972c82515c6421612ad91b98c,qwen3.8-27b-off,short-trace-final,all-arms,dynamic,Omega_hat_StateSize,10731,0
dynamic::qwen3.8-27b-off::all-arms::Omega_hat_StateSize,qwen3.8-27b-off::problem-25/inside-loop-state,problem-25,sha256:5e34e564ebcb950511aeb4040311983a4e917c9f539fe9bf740740d04ff82754,qwen3.8-27b-off,inside-loop-state,all-arms,dynamic,Omega_hat_StateSize,10772,0
dynamic::qwen3.8-27b-off::all-arms::Omega_hat_StateSize,qwen3.8-27b-off::problem-25/post-loop-state,problem-25,sha256:75b110f0259dbaad71e4a3448a19097ec57bdd629d5281f6767d6860812b4c19,qwen3.8-27b-off,post-loop-state,all-arms,dynamic,Omega_hat_StateSize,10771,0
dynamic::qwen3.8-27b-off::all-arms::Omega_hat_StateSize,qwen3.8-27b-off::problem-25/short-trace-final,problem-25,sha256:a40a9795cb938fde800d3c6170d0c04fa0258cbef4e26485156c279ea570a1c9,qwen3.8-27b-off,short-trace-final,all-arms,dynamic,Omega_hat_StateSize,10738,0
dynamic::qwen3.8-27b-off::all-arms::Omega_hat_StateSize,qwen3.8-27b-off::problem-25/long-trace-final,problem-25,sha256:ea555a40d3f155ff207893e7327866c923e56b4bcc853fbea3e3ec27d9a3e419,qwen3.8-27b-off,long-trace-final,all-arms,dynamic,Omega_hat_StateSize,10771,0
dynamic::qwen3.8-27b-off::all-arms::Omega_hat_StateSize,qwen3.8-27b-off::problem-26/post-loop-state,problem-26,sha256:09ad9f965884b1ca88246bf427ed30c073b3774cda0e3f8b1ba5fcb8a52876f0,qwen3.8-27b-off,post-loop-state,all-arms,dynamic,Omega_hat_StateSize,10746,0
dynamic::qwen3.8-27b-off::all-arms::Omega_hat_StateSize,qwen3.8-27b-off::problem-26/long-trace-final,problem-26,sha256:8a0a9d72ece310a0393e6f8cd6161daa9fc85ca793d8f7a5effe7867b7b3610e,qwen3.8-27b-off,long-trace-final,all-arms,dynamic,Omega_hat_StateSize,10746,0
dynamic::qwen3.8-27b-off::all-arms::Omega_hat_StateSize,qwen3.8-27b-off::problem-26/short-trace-final,problem-26,sha256:d366caa8929075d65d1d7b7db9700b9131f161a1ac0faff603b289cf7c5bce85,qwen3.8-27b-off,short-trace-final,all-arms,dynamic,Omega_hat_StateSize,10741,0
dynamic::qwen3.8-27b-off::all-arms::Omega_hat_StateSize,qwen3.8-27b-off::problem-26/inside-loop-state,problem-26,sha256:f9a0bdb83416f8938c7ae733c1f802841b3746ef0e2c9c69f4dfcd271e42f429,qwen3.8-27b-off,inside-loop-state,all-arms,dynamic,Omega_hat_StateSize,10747,0
dynamic::qwen3.8-27b-off::all-arms::Omega_hat_StateSize,qwen3.8-27b-off::problem-27/long-trace-final,problem-27,sha256:1d4d6eaa0d724ed2eabbd6de906e694e29956478548df760cda79767a3d420aa,qwen3.8-27b-off,long-trace-final,all-arms,dynamic,Omega_hat_StateSize,10746,0
dynamic::qwen3.8-27b-off::all-arms::Omega_hat_StateSize,qwen3.8-27b-off::problem-27/short-trace-final,problem-27,sha256:ac06f4eaa7953cf90f5b0f2b52580f1e113358761701f25264564a9119eed893,qwen3.8-27b-off,short-trace-final,all-arms,dynamic,Omega_hat_StateSize,10749,0
dynamic::qwen3.8-27b-off::all-arms::Omega_hat_StateSize,qwen3.8-27b-off::problem-27/inside-loop-state,problem-27,sha256:e8a7fd6ede3a54a7a6c46ba71aa8095c7036f8a67282fd35936d92bd03911640,qwen3.8-27b-off,inside-loop-state,all-arms,dynamic,Omega_hat_StateSize,10747,0
dynamic::qwen3.8-27b-off::all-arms::Omega_hat_StateSize,qwen3.8-27b-off::problem-27/post-loop-state,problem-27,sha256:ec560b955bdd3cfdd9c93d7e5e9dec52b80d640de2b6aef03d7e59ab46ae487f,qwen3.8-27b-off,post-loop-state,all-arms,dynamic,Omega_hat_StateSize,10746,0
dynamic::qwen3.8-27b-off::all-arms::Omega_hat_StateSize,qwen3.8-27b-off::problem-28/inside-loop-state,problem-28,sha256:8e7497c27f25952db2771db8b7d65a445fec890474e0eaf363433912b4448d98,qwen3.8-27b-off,inside-loop-state,all-arms,dynamic,Omega_hat_StateSize,10756,0
dynamic::qwen3.8-27b-off::all-arms::Omega_hat_StateSize,qwen3.8-27b-off::problem-28/short-trace-final,problem-28,sha256:e48fd34b81d40474be4f17f911d0be54f3f4d0dcb7dcf485fbc4396c61acb108,qwen3.8-27b-off,short-trace-final,all-arms,dynamic,Omega_hat_StateSize,10744,0
dynamic::qwen3.8-27b-off::all-arms::Omega_hat_StateSize,qwen3.8-27b-off::problem-28/long-trace-final,problem-28,sha256:eac890193eab32fcb83a9b96b1975d2ec0850ff443479a8e9fc22322b0fef1a3,qwen3.8-27b-off,long-trace-final,all-arms,dynamic,Omega_hat_StateSize,10755,0
dynamic::qwen3.8-27b-off::all-arms::Omega_hat_StateSize,qwen3.8-27b-off::problem-28/post-loop-state,problem-28,sha256:eb32ac1b648907af496e87af77869c7d270abcf1a78e35194aff1abc7aad9814,qwen3.8-27b-off,post-loop-state,all-arms,dynamic,Omega_hat_StateSize,10755,0
dynamic::qwen3.8-27b-off::all-arms::Omega_hat_StateSize,qwen3.8-27b-off::problem-29/post-loop-state,problem-29,sha256:266a35b82d6b7b97b632edbdec2e61ad18b6191c9dc4722cceec06e6f7cf3e7b,qwen3.8-27b-off,post-loop-state,all-arms,dynamic,Omega_hat_StateSize,10743,0
dynamic::qwen3.8-27b-off::all-arms::Omega_hat_StateSize,qwen3.8-27b-off::problem-29/short-trace-final,problem-29,sha256:4ecced26b7df8a9b75c98baa33550ead17ba2313bbb605c2d1cb7baa2e29a52e,qwen3.8-27b-off,short-trace-final,all-arms,dynamic,Omega_hat_StateSize,10749,0
dynamic::qwen3.8-27b-off::all-arms::Omega_hat_StateSize,qwen3.8-27b-off::problem-29/inside-loop-state,problem-29,sha256:6055ac1e5575ce92574c3669a2a3eb367092c36fb132bfce0cca3260851140e2,qwen3.8-27b-off,inside-loop-state,all-arms,dynamic,Omega_hat_StateSize,10744,0
dynamic::qwen3.8-27b-off::all-arms::Omega_hat_StateSize,qwen3.8-27b-off::problem-29/long-trace-final,problem-29,sha256:dafab6181d512ecf0c71e74b5f580d6000813124811287d4fc852c2b145c4d20,qwen3.8-27b-off,long-trace-final,all-arms,dynamic,Omega_hat_StateSize,10743,0
dynamic::qwen3.8-27b-off::all-arms::Omega_hat_StateSize,qwen3.8-27b-off::problem-30/inside-loop-state,problem-30,sha256:4956e45be9ac9fea2c36667b16c62bb1d6f435004d42c4e4b3b34a6a2de2fa26,qwen3.8-27b-off,inside-loop-state,all-arms,dynamic,Omega_hat_StateSize,10788,0
dynamic::qwen3.8-27b-off::all-arms::Omega_hat_StateSize,qwen3.8-27b-off::problem-30/short-trace-final,problem-30,sha256:84ea88c1bf723ea51c2ae8d1c8fe25aa5d3dc5be93e0882e4f0cf0be0e4137bb,qwen3.8-27b-off,short-trace-final,all-arms,dynamic,Omega_hat_StateSize,10726,0
dynamic::qwen3.8-27b-off::all-arms::Omega_hat_StateSize,qwen3.8-27b-off::problem-30/long-trace-final,problem-30,sha256:c2098a098a924cecff89d4a804a7f8d840ecd0538821c278601a32140bcca3f8,qwen3.8-27b-off,long-trace-final,all-arms,dynamic,Omega_hat_StateSize,10787,0
dynamic::qwen3.8-27b-off::all-arms::Omega_hat_StateSize,qwen3.8-27b-off::problem-30/post-loop-state,problem-30,sha256:e69e021f535c9d0fc24b0101f47f65371d3832409890cf0484859bf2d6e98e0b,qwen3.8-27b-off,post-loop-state,all-arms,dynamic,Omega_hat_StateSize,10787,0
static::deepseek-v4-pro-0813-high::inside-loop-state::Omega_CC,deepseek-v4-pro-0813-high::problem-01/inside-loop-state,problem-01,,deepseek-v4-pro-0813-high,inside-loop-state,inside-loop-state,static,Omega_CC,89,0
static::deepseek-v4-pro-0813-high::inside-loop-state::Omega_CC,deepseek-v4-pro-0813-high::problem-02/inside-loop-state,problem-02,,deepseek-v4-pro-0813-high,inside-loop-state,inside-loop-state,static,Omega_CC,89,0
static::deepseek-v4-pro-0813-high::inside-loop-state::Omega_CC,deepseek-v4-pro-0813-high::problem-03/inside-loop-state,problem-03,,deepseek-v4-pro-0813-high,inside-loop-state,inside-loop-state,static,Omega_CC,89,0
static::deepseek-v4-pro-0813-high::inside-loop-state::Omega_CC,deepseek-v4-pro-0813-high::problem-04/inside-loop-state,problem-04,,deepseek-v4-pro-0813-high,inside-loop-state,inside-loop-state,static,Omega_CC,89,0
static::deepseek-v4-pro-0813-high::inside-loop-state::Omega_CC,deepseek-v4-pro-0813-high::problem-05/inside-loop-state,problem-05,,deepseek-v4-pro-0813-high,inside-loop-state,inside-loop-state,static,Omega_CC,89,0
static::deepseek-v4-pro-0813-high::inside-loop-state::Omega_CC,deepseek-v4-pro-0813-high::problem-06/inside-loop-state,problem-06,,deepseek-v4-pro-0813-high,inside-loop-state,inside-loop-state,static,Omega_CC,89,0
static::deepseek-v4-pro-0813-high::inside-loop-state::Omega_CC,deepseek-v4-pro-0813-high::problem-07/inside-loop-state,problem-07,,deepseek-v4-pro-0813-high,inside-loop-state,inside-loop-state,static,Omega_CC,89,0
static::deepseek-v4-pro-0813-high::inside-loop-state::Omega_CC,deepseek-v4-pro-0813-high::problem-08/inside-loop-state,problem-08,,deepseek-v4-pro-0813-high,inside-loop-state,inside-loop-state,static,Omega_CC,89,0
static::deepseek-v4-pro-0813-high::inside-loop-state::Omega_CC,deepseek-v4-pro-0813-high::problem-09/inside-loop-state,problem-09,,deepseek-v4-pro-0813-high,inside-loop-state,inside-loop-state,static,Omega_CC,89,0
static::deepseek-v4-pro-0813-high::inside-loop-state::Omega_CC,deepseek-v4-pro-0813-high::problem-10/inside-loop-state,problem-10,,deepseek-v4-pro-0813-high,inside-loop-state,inside-loop-state,static,Omega_CC,89,0
static::deepseek-v4-pro-0813-high::inside-loop-state::Omega_CC,deepseek-v4-pro-0813-high::problem-11/inside-loop-state,problem-11,,deepseek-v4-pro-0813-high,inside-loop-state,inside-loop-state,static,Omega_CC,89,0
static::deepseek-v4-pro-0813-high::inside-loop-state::Omega_CC,deepseek-v4-pro-0813-high::problem-12/inside-loop-state,problem-12,,deepseek-v4-pro-0813-high,inside-loop-state,inside-loop-state,static,Omega_CC,89,0
static::deepseek-v4-pro-0813-high::inside-loop-state::Omega_CC,deepseek-v4-pro-0813-high::problem-13/inside-loop-state,problem-13,,deepseek-v4-pro-0813-high,inside-loop-state,inside-loop-state,static,Omega_CC,89,0
static::deepseek-v4-pro-0813-high::inside-loop-state::Omega_CC,deepseek-v4-pro-0813-high::problem-14/inside-loop-state,problem-14,,deepseek-v4-pro-0813-high,inside-loop-state,inside-loop-state,static,Omega_CC,89,0
static::deepseek-v4-pro-0813-high::inside-loop-state::Omega_CC,deepseek-v4-pro-0813-high::problem-15/inside-loop-state,problem-15,,deepseek-v4-pro-0813-high,inside-loop-state,inside-loop-state,static,Omega_CC,89,0
static::deepseek-v4-pro-0813-high::inside-loop-state::Omega_CC,deepseek-v4-pro-0813-high::problem-16/inside-loop-state,problem-16,,deepseek-v4-pro-0813-high,inside-loop-state,inside-loop-state,static,Omega_CC,89,0
static::deepseek-v4-pro-0813-high::inside-loop-state::Omega_CC,deepseek-v4-pro-0813-high::problem-17/inside-loop-state,problem-17,,deepseek-v4-pro-0813-high,inside-loop-state,inside-loop-state,static,Omega_CC,89,0
static::deepseek-v4-pro-0813-high::inside-loop-state::Omega_CC,deepseek-v4-pro-0813-high::problem-18/inside-loop-state,problem-18,,deepseek-v4-pro-0813-high,inside-loop-state,inside-loop-state,static,Omega_CC,89,0
static::deepseek-v4-pro-0813-high::inside-loop-state::Omega_CC,deepseek-v4-pro-0813-high::problem-19/inside-loop-state,problem-19,,deepseek-v4-pro-0813-high,inside-loop-state,inside-loop-state,static,Omega_CC,89,0
static::deepseek-v4-pro-0813-high::inside-loop-state::Omega_CC,deepseek-v4-pro-0813-high::problem-20/inside-loop-state,problem-20,,deepseek-v4-pro-0813-high,inside-loop-state,inside-loop-state,static,Omega_CC,89,0
static::deepseek-v4-pro-0813-high::inside-loop-state::Omega_CC,deepseek-v4-pro-0813-high::problem-21/inside-loop-state,problem-21,,deepseek-v4-pro-0813-high,inside-loop-state,inside-loop-state,static,Omega_CC,89,0
static::deepseek-v4-pro-0813-high::inside-loop-state::Omega_CC,deepseek-v4-pro-0813-high::problem-22/inside-loop-state,problem-22,,deepseek-v4-pro-0813-high,inside-loop-state,inside-loop-state,static,Omega_CC,89,0
static::deepseek-v4-pro-0813-high::inside-loop-state::Omega_CC,deepseek-v4-pro-0813-high::problem-23/inside-loop-state,problem-23,,deepseek-v4-pro-0813-high,inside-loop-state,inside-loop-state,static,Omega_CC,89,0
static::deepseek-v4-pro-0813-high::inside-loop-state::Omega_CC,deepseek-v4-pro-0813-high::problem-24/inside-loop-state,problem-24,,deepseek-v4-pro-0813-high,inside-loop-state,inside-loop-state,static,Omega_CC,89,0
static::deepseek-v4-pro-0813-high::inside-loop-state::Omega_CC,deepseek-v4-pro-0813-high::problem-25/inside-loop-state,problem-25,,deepseek-v4-pro-0813-high,inside-loop-state,inside-loop-state,static,Omega_CC,89,0
static::deepseek-v4-pro-0813-high::inside-loop-state::Omega_CC,deepseek-v4-pro-0813-high::problem-26/inside-loop-state,problem-26,,deepseek-v4-pro-0813-high,inside-loop-state,inside-loop-state,static,Omega_CC,89,0
static::deepseek-v4-pro-0813-high::inside-loop-state::Omega_CC,deepseek-v4-pro-0813-high::problem-27/inside-loop-state,problem-27,,deepseek-v4-pro-0813-high,inside-loop-state,inside-loop-state,static,Omega_CC,89,0
static::deepseek-v4-pro-0813-high::inside-loop-state::Omega_CC,deepseek-v4-pro-0813-high::problem-28/inside-loop-state,problem-28,,deepseek-v4-pro-0813-high,inside-loop-state,inside-loop-state,static,Omega_CC,89,0
static::deepseek-v4-pro-0813-high::inside-loop-state::Omega_CC,deepseek-v4-pro-0813-high::problem-29/inside-loop-state,problem-29,,deepseek-v4-pro-0813-high,inside-loop-state,inside-loop-state,static,Omega_CC,89,0
static::deepseek-v4-pro-0813-high::inside-loop-state::Omega_CC,deepseek-v4-pro-0813-high::problem-30/inside-loop-state,problem-30,,deepseek-v4-pro-0813-high,inside-loop-state,inside-loop-state,static,Omega_CC,89,0
static::deepseek-v4-pro-0813-high::long-trace-final::Omega_CC,deepseek-v4-pro-0813-high::problem-01/long-trace-final,problem-01,,deepseek-v4-pro-0813-high,long-trace-final,long-trace-final,static,Omega_CC,88,0
static::deepseek-v4-pro-0813-high::long-trace-final::Omega_CC,deepseek-v4-pro-0813-high::problem-02/long-trace-final,problem-02,,deepseek-v4-pro-0813-high,long-trace-final,long-trace-final,static,Omega_CC,88,0
static::deepseek-v4-pro-0813-high::long-trace-final::Omega_CC,deepseek-v4-pro-0813-high::problem-03/long-trace-final,problem-03,,deepseek-v4-pro-0813-high,long-trace-final,long-trace-final,static,Omega_CC,88,0
static::deepseek-v4-pro-0813-high::long-trace-final::Omega_CC,deepseek-v4-pro-0813-high::problem-04/long-trace-final,problem-04,,deepseek-v4-pro-0813-high,long-trace-final,long-trace-final,static,Omega_CC,88,0
static::deepseek-v4-pro-0813-high::long-trace-final::Omega_CC,deepseek-v4-pro-0813-high::problem-05/long-trace-final,problem-05,,deepseek-v4-pro-0813-high,long-trace-final,long-trace-final,static,Omega_CC,88,0
static::deepseek-v4-pro-0813-high::long-trace-final::Omega_CC,deepseek-v4-pro-0813-high::problem-06/long-trace-final,problem-06,,deepseek-v4-pro-0813-high,long-trace-final,long-trace-final,static,Omega_CC,88,0
static::deepseek-v4-pro-0813-high::long-trace-final::Omega_CC,deepseek-v4-pro-0813-high::problem-07/long-trace-final,problem-07,,deepseek-v4-pro-0813-high,long-trace-final,long-trace-final,static,Omega_CC,88,0
static::deepseek-v4-pro-0813-high::long-trace-final::Omega_CC,deepseek-v4-pro-0813-high::problem-08/long-trace-final,problem-08,,deepseek-v4-pro-0813-high,long-trace-final,long-trace-final,static,Omega_CC,88,0
static::deepseek-v4-pro-0813-high::long-trace-final::Omega_CC,deepseek-v4-pro-0813-high::problem-09/long-trace-final,problem-09,,deepseek-v4-pro-0813-high,long-trace-final,long-trace-final,static,Omega_CC,88,0
static::deepseek-v4-pro-0813-high::long-trace-final::Omega_CC,deepseek-v4-pro-0813-high::problem-10/long-trace-final,problem-10,,deepseek-v4-pro-0813-high,long-trace-final,long-trace-final,static,Omega_CC,88,0
static::deepseek-v4-pro-0813-high::long-trace-final::Omega_CC,deepseek-v4-pro-0813-high::problem-11/long-trace-final,problem-11,,deepseek-v4-pro-0813-high,long-trace-final,long-trace-final,static,Omega_CC,88,0
static::deepseek-v4-pro-0813-high::long-trace-final::Omega_CC,deepseek-v4-pro-0813-high::problem-12/long-trace-final,problem-12,,deepseek-v4-pro-0813-high,long-trace-final,long-trace-final,static,Omega_CC,88,0
static::deepseek-v4-pro-0813-high::long-trace-final::Omega_CC,deepseek-v4-pro-0813-high::problem-13/long-trace-final,problem-13,,deepseek-v4-pro-0813-high,long-trace-final,long-trace-final,static,Omega_CC,88,0
static::deepseek-v4-pro-0813-high::long-trace-final::Omega_CC,deepseek-v4-pro-0813-high::problem-14/long-trace-final,problem-14,,deepseek-v4-pro-0813-high,long-trace-final,long-trace-final,static,Omega_CC,88,0
static::deepseek-v4-pro-0813-high::long-trace-final::Omega_CC,deepseek-v4-pro-0813-high::problem-15/long-trace-final,problem-15,,deepseek-v4-pro-0813-high,long-trace-final,long-trace-final,static,Omega_CC,88,0
static::deepseek-v4-pro-0813-high::long-trace-final::Omega_CC,deepseek-v4-pro-0813-high::problem-16/long-trace-final,problem-16,,deepseek-v4-pro-0813-high,long-trace-final,long-trace-final,static,Omega_CC,88,0
static::deepseek-v4-pro-0813-high::long-trace-final::Omega_CC,deepseek-v4-pro-0813-high::problem-17/long-trace-final,problem-17,,deepseek-v4-pro-0813-high,long-trace-final,long-trace-final,static,Omega_CC,88,0
static::deepseek-v4-pro-0813-high::long-trace-final::Omega_CC,deepseek-v4-pro-0813-high::problem-18/long-trace-final,problem-18,,deepseek-v4-pro-0813-high,long-trace-final,long-trace-final,static,Omega_CC,88,0
static::deepseek-v4-pro-0813-high::long-trace-final::Omega_CC,deepseek-v4-pro-0813-high::problem-19/long-trace-final,problem-19,,deepseek-v4-pro-0813-high,long-trace-final,long-trace-final,static,Omega_CC,88,0
static::deepseek-v4-pro-0813-high::long-trace-final::Omega_CC,deepseek-v4-pro-0813-high::problem-20/long-trace-final,problem-20,,deepseek-v4-pro-0813-high,long-trace-final,long-trace-final,static,Omega_CC,88,0
static::deepseek-v4-pro-0813-high::long-trace-final::Omega_CC,deepseek-v4-pro-0813-high::problem-21/long-trace-final,problem-21,,deepseek-v4-pro-0813-high,long-trace-final,long-trace-final,static,Omega_CC,88,0
static::deepseek-v4-pro-0813-high::long-trace-final::Omega_CC,deepseek-v4-pro-0813-high::problem-22/long-trace-final,problem-22,,deepseek-v4-pro-0813-high,long-trace-final,long-trace-final,static,Omega_CC,88,0
static::deepseek-v4-pro-0813-high::long-trace-final::Omega_CC,deepseek-v4-pro-0813-high::problem-23/long-trace-final,problem-23,,deepseek-v4-pro-0813-high,long-trace-final,long-trace-final,static,Omega_CC,88,0
static::deepseek-v4-pro-0813-high::long-trace-final::Omega_CC,deepseek-v4-pro-0813-high::problem-24/long-trace-final,problem-24,,deepseek-v4-pro-0813-high,long-trace-final,long-trace-final,static,Omega_CC,88,0
static::deepseek-v4-pro-0813-high::long-trace-final::Omega_CC,deepseek-v4-pro-0813-high::problem-25/long-trace-final,problem-25,,deepseek-v4-pro-0813-high,long-trace-final,long-trace-final,static,Omega_CC,88,0
static::deepseek-v4-pro-0813-high::long-trace-final::Omega_CC,deepseek-v4-pro-0813-high::problem-26/long-trace-final,problem-26,,deepseek-v4-pro-0813-high,long-trace-final,long-trace-final,static,Omega_CC,88,0
static::deepseek-v4-pro-0813-high::long-trace-final::Omega_CC,deepseek-v4-pro-0813-high::problem-27/long-trace-final,problem-27,,deepseek-v4-pro-0813-high,long-trace-final,long-trace-final,static,Omega_CC,88,0
static::deepseek-v4-pro-0813-high::long-trace-final::Omega_CC,deepseek-v4-pro-0813-high::problem-28/long-trace-final,problem-28,,deepseek-v4-pro-0813-high,long-trace-final,long-trace-final,static,Omega_CC,88,0
static::deepseek-v4-pro-0813-high::long-trace-final::Omega_CC,deepseek-v4-pro-0813-high::problem-29/long-trace-final,problem-29,,deepseek-v4-pro-0813-high,long-trace-final,long-trace-final,static,Omega_CC,88,0
static::deepseek-v4-pro-0813-high::long-trace-final::Omega_CC,deepseek-v4-pro-0813-high::problem-30/long-trace-final,problem-30,,deepseek-v4-pro-0813-high,long-trace-final,long-trace-final,static,Omega_CC,88,0
static::deepseek-v4-pro-0813-high::post-loop-state::Omega_CC,deepseek-v4-pro-0813-high::problem-01/post-loop-state,problem-01,,deepseek-v4-pro-0813-high,post-loop-state,post-loop-state,static,Omega_CC,88,0
static::deepseek-v4-pro-0813-high::post-loop-state::Omega_CC,deepseek-v4-pro-0813-high::problem-02/post-loop-state,problem-02,,deepseek-v4-pro-0813-high,post-loop-state,post-loop-state,static,Omega_CC,88,0
static::deepseek-v4-pro-0813-high::post-loop-state::Omega_CC,deepseek-v4-pro-0813-high::problem-03/post-loop-state,problem-03,,deepseek-v4-pro-0813-high,post-loop-state,post-loop-state,static,Omega_CC,88,0
static::deepseek-v4-pro-0813-high::post-loop-state::Omega_CC,deepseek-v4-pro-0813-high::problem-04/post-loop-state,problem-04,,deepseek-v4-pro-0813-high,post-loop-state,post-loop-state,static,Omega_CC,88,0
static::deepseek-v4-pro-0813-high::post-loop-state::Omega_CC,deepseek-v4-pro-0813-high::problem-05/post-loop-state,problem-05,,deepseek-v4-pro-0813-high,post-loop-state,post-loop-state,static,Omega_CC,88,0
static::deepseek-v4-pro-0813-high::post-loop-state::Omega_CC,deepseek-v4-pro-0813-high::problem-06/post-loop-state,problem-06,,deepseek-v4-pro-0813-high,post-loop-state,post-loop-state,static,Omega_CC,88,0
static::deepseek-v4-pro-0813-high::post-loop-state::Omega_CC,deepseek-v4-pro-0813-high::problem-07/post-loop-state,problem-07,,deepseek-v4-pro-0813-high,post-loop-state,post-loop-state,static,Omega_CC,88,0
static::deepseek-v4-pro-0813-high::post-loop-state::Omega_CC,deepseek-v4-pro-0813-high::problem-08/post-loop-state,problem-08,,deepseek-v4-pro-0813-high,post-loop-state,post-loop-state,static,Omega_CC,88,0
static::deepseek-v4-pro-0813-high::post-loop-state::Omega_CC,deepseek-v4-pro-0813-high::problem-09/post-loop-state,problem-09,,deepseek-v4-pro-0813-high,post-loop-state,post-loop-state,static,Omega_CC,88,0
static::deepseek-v4-pro-0813-high::post-loop-state::Omega_CC,deepseek-v4-pro-0813-high::problem-10/post-loop-state,problem-10,,deepseek-v4-pro-0813-high,post-loop-state,post-loop-state,static,Omega_CC,88,0
static::deepseek-v4-pro-0813-high::post-loop-state::Omega_CC,deepseek-v4-pro-0813-high::problem-11/post-loop-state,problem-11,,deepseek-v4-pro-0813-high,post-loop-state,post-loop-state,static,Omega_CC,88,0
static::deepseek-v4-pro-0813-high::post-loop-state::Omega_CC,deepseek-v4-pro-0813-high::problem-12/post-loop-state,problem-12,,deepseek-v4-pro-0813-high,post-loop-state,post-loop-state,static,Omega_CC,88,0
static::deepseek-v4-pro-0813-high::post-loop-state::Omega_CC,deepseek-v4-pro-0813-high::problem-13/post-loop-state,problem-13,,deepseek-v4-pro-0813-high,post-loop-state,post-loop-state,static,Omega_CC,88,0
static::deepseek-v4-pro-0813-high::post-loop-state::Omega_CC,deepseek-v4-pro-0813-high::problem-14/post-loop-state,problem-14,,deepseek-v4-pro-0813-high,post-loop-state,post-loop-state,static,Omega_CC,88,0
static::deepseek-v4-pro-0813-high::post-loop-state::Omega_CC,deepseek-v4-pro-0813-high::problem-15/post-loop-state,problem-15,,deepseek-v4-pro-0813-high,post-loop-state,post-loop-state,static,Omega_CC,88,0
static::deepseek-v4-pro-0813-high::post-loop-state::Omega_CC,deepseek-v4-pro-0813-high::problem-16/post-loop-state,problem-16,,deepseek-v4-pro-0813-high,post-loop-state,post-loop-state,static,Omega_CC,88,0
static::deepseek-v4-pro-0813-high::post-loop-state::Omega_CC,deepseek-v4-pro-0813-high::problem-17/post-loop-state,problem-17,,deepseek-v4-pro-0813-high,post-loop-state,post-loop-state,static,Omega_CC,88,0
static::deepseek-v4-pro-0813-high::post-loop-state::Omega_CC,deepseek-v4-pro-0813-high::problem-18/post-loop-state,problem-18,,deepseek-v4-pro-0813-high,post-loop-state,post-loop-state,static,Omega_CC,88,0
static::deepseek-v4-pro-0813-high::post-loop-state::Omega_CC,deepseek-v4-pro-0813-high::problem-19/post-loop-state,problem-19,,deepseek-v4-pro-0813-high,post-loop-state,post-loop-state,static,Omega_CC,88,0
static::deepseek-v4-pro-0813-high::post-loop-state::Omega_CC,deepseek-v4-pro-0813-high::problem-20/post-loop-state,problem-20,,deepseek-v4-pro-0813-high,post-loop-state,post-loop-state,static,Omega_CC,88,0
static::deepseek-v4-pro-0813-high::post-loop-state::Omega_CC,deepseek-v4-pro-0813-high::problem-21/post-loop-state,problem-21,,deepseek-v4-pro-0813-high,post-loop-state,post-loop-state,static,Omega_CC,88,0
static::deepseek-v4-pro-0813-high::post-loop-state::Omega_CC,deepseek-v4-pro-0813-high::problem-22/post-loop-state,problem-22,,deepseek-v4-pro-0813-high,post-loop-state,post-loop-state,static,Omega_CC,88,0
static::deepseek-v4-pro-0813-high::post-loop-state::Omega_CC,deepseek-v4-pro-0813-high::problem-23/post-loop-state,problem-23,,deepseek-v4-pro-0813-high,post-loop-state,post-loop-state,static,Omega_CC,88,0
static::deepseek-v4-pro-0813-high::post-loop-state::Omega_CC,deepseek-v4-pro-0813-high::problem-24/post-loop-state,problem-24,,deepseek-v4-pro-0813-high,post-loop-state,post-loop-state,static,Omega_CC,88,0
static::deepseek-v4-pro-0813-high::post-loop-state::Omega_CC,deepseek-v4-pro-0813-high::problem-25/post-loop-state,problem-25,,deepseek-v4-pro-0813-high,post-loop-state,post-loop-state,static,Omega_CC,88,0
static::deepseek-v4-pro-0813-high::post-loop-state::Omega_CC,deepseek-v4-pro-0813-high::problem-26/post-loop-state,problem-26,,deepseek-v4-pro-0813-high,post-loop-state,post-loop-state,static,Omega_CC,88,0
static::deepseek-v4-pro-0813-high::post-loop-state::Omega_CC,deepseek-v4-pro-0813-high::problem-27/post-loop-state,problem-27,,deepseek-v4-pro-0813-high,post-loop-state,post-loop-state,static,Omega_CC,88,0
static::deepseek-v4-pro-0813-high::post-loop-state::Omega_CC,deepseek-v4-pro-0813-high::problem-28/post-loop-state,problem-28,,deepseek-v4-pro-0813-high,post-loop-state,post-loop-state,static,Omega_CC,88,0
static::deepseek-v4-pro-0813-high::post-loop-state::Omega_CC,deepseek-v4-pro-0813-high::problem-29/post-loop-state,problem-29,,deepseek-v4-pro-0813-high,post-loop-state,post-loop-state,static,Omega_CC,88,0
static::deepseek-v4-pro-0813-high::post-loop-state::Omega_CC,deepseek-v4-pro-0813-high::problem-30/post-loop-state,problem-30,,deepseek-v4-pro-0813-high,post-loop-state,post-loop-state,static,Omega_CC,88,0
static::deepseek-v4-pro-0813-high::short-trace-final::Omega_CC,deepseek-v4-pro-0813-high::problem-01/short-trace-final,problem-01,,deepseek-v4-pro-0813-high,short-trace-final,short-trace-final,static,Omega_CC,88,0
static::deepseek-v4-pro-0813-high::short-trace-final::Omega_CC,deepseek-v4-pro-0813-high::problem-02/short-trace-final,problem-02,,deepseek-v4-pro-0813-high,short-trace-final,short-trace-final,static,Omega_CC,88,0
static::deepseek-v4-pro-0813-high::short-trace-final::Omega_CC,deepseek-v4-pro-0813-high::problem-03/short-trace-final,problem-03,,deepseek-v4-pro-0813-high,short-trace-final,short-trace-final,static,Omega_CC,88,0
static::deepseek-v4-pro-0813-high::short-trace-final::Omega_CC,deepseek-v4-pro-0813-high::problem-04/short-trace-final,problem-04,,deepseek-v4-pro-0813-high,short-trace-final,short-trace-final,static,Omega_CC,88,0
static::deepseek-v4-pro-0813-high::short-trace-final::Omega_CC,deepseek-v4-pro-0813-high::problem-05/short-trace-final,problem-05,,deepseek-v4-pro-0813-high,short-trace-final,short-trace-final,static,Omega_CC,88,0
static::deepseek-v4-pro-0813-high::short-trace-final::Omega_CC,deepseek-v4-pro-0813-high::problem-06/short-trace-final,problem-06,,deepseek-v4-pro-0813-high,short-trace-final,short-trace-final,static,Omega_CC,88,0
static::deepseek-v4-pro-0813-high::short-trace-final::Omega_CC,deepseek-v4-pro-0813-high::problem-07/short-trace-final,problem-07,,deepseek-v4-pro-0813-high,short-trace-final,short-trace-final,static,Omega_CC,88,0
static::deepseek-v4-pro-0813-high::short-trace-final::Omega_CC,deepseek-v4-pro-0813-high::problem-08/short-trace-final,problem-08,,deepseek-v4-pro-0813-high,short-trace-final,short-trace-final,static,Omega_CC,88,0
static::deepseek-v4-pro-0813-high::short-trace-final::Omega_CC,deepseek-v4-pro-0813-high::problem-09/short-trace-final,problem-09,,deepseek-v4-pro-0813-high,short-trace-final,short-trace-final,static,Omega_CC,88,0
static::deepseek-v4-pro-0813-high::short-trace-final::Omega_CC,deepseek-v4-pro-0813-high::problem-10/short-trace-final,problem-10,,deepseek-v4-pro-0813-high,short-trace-final,short-trace-final,static,Omega_CC,88,0
static::deepseek-v4-pro-0813-high::short-trace-final::Omega_CC,deepseek-v4-pro-0813-high::problem-11/short-trace-final,problem-11,,deepseek-v4-pro-0813-high,short-trace-final,short-trace-final,static,Omega_CC,88,0
static::deepseek-v4-pro-0813-high::short-trace-final::Omega_CC,deepseek-v4-pro-0813-high::problem-12/short-trace-final,problem-12,,deepseek-v4-pro-0813-high,short-trace-final,short-trace-final,static,Omega_CC,88,0
static::deepseek-v4-pro-0813-high::short-trace-final::Omega_CC,deepseek-v4-pro-0813-high::problem-13/short-trace-final,problem-13,,deepseek-v4-pro-0813-high,short-trace-final,short-trace-final,static,Omega_CC,88,0
static::deepseek-v4-pro-0813-high::short-trace-final::Omega_CC,deepseek-v4-pro-0813-high::problem-14/short-trace-final,problem-14,,deepseek-v4-pro-0813-high,short-trace-final,short-trace-final,static,Omega_CC,88,0
static::deepseek-v4-pro-0813-high::short-trace-final::Omega_CC,deepseek-v4-pro-0813-high::problem-15/short-trace-final,problem-15,,deepseek-v4-pro-0813-high,short-trace-final,short-trace-final,static,Omega_CC,88,0
static::deepseek-v4-pro-0813-high::short-trace-final::Omega_CC,deepseek-v4-pro-0813-high::problem-16/short-trace-final,problem-16,,deepseek-v4-pro-0813-high,short-trace-final,short-trace-final,static,Omega_CC,88,0
static::deepseek-v4-pro-0813-high::short-trace-final::Omega_CC,deepseek-v4-pro-0813-high::problem-17/short-trace-final,problem-17,,deepseek-v4-pro-0813-high,short-trace-final,short-trace-final,static,Omega_CC,88,0
static::deepseek-v4-pro-0813-high::short-trace-final::Omega_CC,deepseek-v4-pro-0813-high::problem-18/short-trace-final,problem-18,,deepseek-v4-pro-0813-high,short-trace-final,short-trace-final,static,Omega_CC,88,0
static::deepseek-v4-pro-0813-high::short-trace-final::Omega_CC,deepseek-v4-pro-0813-high::problem-19/short-trace-final,problem-19,,deepseek-v4-pro-0813-high,short-trace-final,short-trace-final,static,Omega_CC,88,0
static::deepseek-v4-pro-0813-high::short-trace-final::Omega_CC,deepseek-v4-pro-0813-high::problem-20/short-trace-final,problem-20,,deepseek-v4-pro-0813-high,short-trace-final,short-trace-final,static,Omega_CC,88,0
static::deepseek-v4-pro-0813-high::short-trace-final::Omega_CC,deepseek-v4-pro-0813-high::problem-21/short-trace-final,problem-21,,deepseek-v4-pro-0813-high,short-trace-final,short-trace-final,static,Omega_CC,88,0
static::deepseek-v4-pro-0813-high::short-trace-final::Omega_CC,deepseek-v4-pro-0813-high::problem-22/short-trace-final,problem-22,,deepseek-v4-pro-0813-high,short-trace-final,short-trace-final,static,Omega_CC,88,0
static::deepseek-v4-pro-0813-high::short-trace-final::Omega_CC,deepseek-v4-pro-0813-high::problem-23/short-trace-final,problem-23,,deepseek-v4-pro-0813-high,short-trace-final,short-trace-final,static,Omega_CC,88,0
static::deepseek-v4-pro-0813-high::short-trace-final::Omega_CC,deepseek-v4-pro-0813-high::problem-24/short-trace-final,problem-24,,deepseek-v4-pro-0813-high,short-trace-final,short-trace-final,static,Omega_CC,88,0
static::deepseek-v4-pro-0813-high::short-trace-final::Omega_CC,deepseek-v4-pro-0813-high::problem-25/short-trace-final,problem-25,,deepseek-v4-pro-0813-high,short-trace-final,short-trace-final,static,Omega_CC,88,0
static::deepseek-v4-pro-0813-high::short-trace-final::Omega_CC,deepseek-v4-pro-0813-high::problem-26/short-trace-final,problem-26,,deepseek-v4-pro-0813-high,short-trace-final,short-trace-final,static,Omega_CC,88,0
static::deepseek-v4-pro-0813-high::short-trace-final::Omega_CC,deepseek-v4-pro-0813-high::problem-27/short-trace-final,problem-27,,deepseek-v4-pro-0813-high,short-trace-final,short-trace-final,static,Omega_CC,88,0
static::deepseek-v4-pro-0813-high::short-trace-final::Omega_CC,deepseek-v4-pro-0813-high::problem-28/short-trace-final,problem-28,,deepseek-v4-pro-0813-high,short-trace-final,short-trace-final,static,Omega_CC,88,0
static::deepseek-v4-pro-0813-high::short-trace-final::Omega_CC,deepseek-v4-pro-0813-high::problem-29/short-trace-final,problem-29,,deepseek-v4-pro-0813-high,short-trace-final,short-trace-final,static,Omega_CC,88,0
static::deepseek-v4-pro-0813-high::short-trace-final::Omega_CC,deepseek-v4-pro-0813-high::problem-30/short-trace-final,problem-30,,deepseek-v4-pro-0813-high,short-trace-final,short-trace-final,static,Omega_CC,88,0
static::deepseek-v4-pro-0813-off::inside-loop-state::Omega_CC,deepseek-v4-pro-0813-off::problem-01/inside-loop-state,problem-01,,deepseek-v4-pro-0813-off,inside-loop-state,inside-loop-state,static,Omega_CC,89,0
static::deepseek-v4-pro-0813-off::inside-loop-state::Omega_CC,deepseek-v4-pro-0813-off::problem-02/inside-loop-state,problem-02,,deepseek-v4-pro-0813-off,inside-loop-state,inside-loop-state,static,Omega_CC,89,0
static::deepseek-v4-pro-0813-off::inside-loop-state::Omega_CC,deepseek-v4-pro-0813-off::problem-03/inside-loop-state,problem-03,,deepseek-v4-pro-0813-off,inside-loop-state,inside-loop-state,static,Omega_CC,89,0
static::deepseek-v4-pro-0813-off::inside-loop-state::Omega_CC,deepseek-v4-pro-0813-off::problem-04/inside-loop-state,problem-04,,deepseek-v4-pro-0813-off,inside-loop-state,inside-loop-state,static,Omega_CC,89,0
static::deepseek-v4-pro-0813-off::inside-loop-state::Omega_CC,deepseek-v4-pro-0813-off::problem-05/inside-loop-state,problem-05,,deepseek-v4-pro-0813-off,inside-loop-state,inside-loop-state,static,Omega_CC,89,0
static::deepseek-v4-pro-0813-off::inside-loop-state::Omega_CC,deepseek-v4-pro-0813-off::problem-06/inside-loop-state,problem-06,,deepseek-v4-pro-0813-off,inside-loop-state,inside-loop-state,static,Omega_CC,89,0
static::deepseek-v4-pro-0813-off::inside-loop-state::Omega_CC,deepseek-v4-pro-0813-off::problem-07/inside-loop-state,problem-07,,deepseek-v4-pro-0813-off,inside-loop-state,inside-loop-state,static,Omega_CC,89,0
static::deepseek-v4-pro-0813-off::inside-loop-state::Omega_CC,deepseek-v4-pro-0813-off::problem-08/inside-loop-state,problem-08,,deepseek-v4-pro-0813-off,inside-loop-state,inside-loop-state,static,Omega_CC,89,0
static::deepseek-v4-pro-0813-off::inside-loop-state::Omega_CC,deepseek-v4-pro-0813-off::problem-09/inside-loop-state,problem-09,,deepseek-v4-pro-0813-off,inside-loop-state,inside-loop-state,static,Omega_CC,89,0
static::deepseek-v4-pro-0813-off::inside-loop-state::Omega_CC,deepseek-v4-pro-0813-off::problem-10/inside-loop-state,problem-10,,deepseek-v4-pro-0813-off,inside-loop-state,inside-loop-state,static,Omega_CC,89,0
static::deepseek-v4-pro-0813-off::inside-loop-state::Omega_CC,deepseek-v4-pro-0813-off::problem-11/inside-loop-state,problem-11,,deepseek-v4-pro-0813-off,inside-loop-state,inside-loop-state,static,Omega_CC,89,0
static::deepseek-v4-pro-0813-off::inside-loop-state::Omega_CC,deepseek-v4-pro-0813-off::problem-12/inside-loop-state,problem-12,,deepseek-v4-pro-0813-off,inside-loop-state,inside-loop-state,static,Omega_CC,89,0
static::deepseek-v4-pro-0813-off::inside-loop-state::Omega_CC,deepseek-v4-pro-0813-off::problem-13/inside-loop-state,problem-13,,deepseek-v4-pro-0813-off,inside-loop-state,inside-loop-state,static,Omega_CC,89,0
static::deepseek-v4-pro-0813-off::inside-loop-state::Omega_CC,deepseek-v4-pro-0813-off::problem-14/inside-loop-state,problem-14,,deepseek-v4-pro-0813-off,inside-loop-state,inside-loop-state,static,Omega_CC,89,0
static::deepseek-v4-pro-0813-off::inside-loop-state::Omega_CC,deepseek-v4-pro-0813-off::problem-15/inside-loop-state,problem-15,,deepseek-v4-pro-0813-off,inside-loop-state,inside-loop-state,static,Omega_CC,89,0
static::deepseek-v4-pro-0813-off::inside-loop-state::Omega_CC,deepseek-v4-pro-0813-off::problem-16/inside-loop-state,problem-16,,deepseek-v4-pro-0813-off,inside-loop-state,inside-loop-state,static,Omega_CC,89,0
static::deepseek-v4-pro-0813-off::inside-loop-state::Omega_CC,deepseek-v4-pro-0813-off::problem-17/inside-loop-state,problem-17,,deepseek-v4-pro-0813-off,inside-loop-state,inside-loop-state,static,Omega_CC,89,0
static::deepseek-v4-pro-0813-off::inside-loop-state::Omega_CC,deepseek-v4-pro-0813-off::problem-18/inside-loop-state,problem-18,,deepseek-v4-pro-0813-off,inside-loop-state,inside-loop-state,static,Omega_CC,89,0
static::deepseek-v4-pro-0813-off::inside-loop-state::Omega_CC,deepseek-v4-pro-0813-off::problem-19/inside-loop-state,problem-19,,deepseek-v4-pro-0813-off,inside-loop-state,inside-loop-state,static,Omega_CC,89,0
static::deepseek-v4-pro-0813-off::inside-loop-state::Omega_CC,deepseek-v4-pro-0813-off::problem-20/inside-loop-state,problem-20,,deepseek-v4-pro-0813-off,inside-loop-state,inside-loop-state,static,Omega_CC,89,0
static::deepseek-v4-pro-0813-off::inside-loop-state::Omega_CC,deepseek-v4-pro-0813-off::problem-21/inside-loop-state,problem-21,,deepseek-v4-pro-0813-off,inside-loop-state,inside-loop-state,static,Omega_CC,89,0
static::deepseek-v4-pro-0813-off::inside-loop-state::Omega_CC,deepseek-v4-pro-0813-off::problem-22/inside-loop-state,problem-22,,deepseek-v4-pro-0813-off,inside-loop-state,inside-loop-state,static,Omega_CC,89,0
static::deepseek-v4-pro-0813-off::inside-loop-state::Omega_CC,deepseek-v4-pro-0813-off::problem-23/inside-loop-state,problem-23,,deepseek-v4-pro-0813-off,inside-loop-state,inside-loop-state,static,Omega_CC,89,0
static::deepseek-v4-pro-0813-off::inside-loop-state::Omega_CC,deepseek-v4-pro-0813-off::problem-24/inside-loop-state,problem-24,,deepseek-v4-pro-0813-off,inside-loop-state,inside-loop-state,static,Omega_CC,89,0
static::deepseek-v4-pro-0813-off::inside-loop-state::Omega_CC,deepseek-v4-pro-0813-off::problem-25/inside-loop-state,problem-25,,deepseek-v4-pro-0813-off,inside-loop-state,inside-loop-state,static,Omega_CC,89,0
static::deepseek-v4-pro-0813-off::inside-loop-state::Omega_CC,deepseek-v4-pro-0813-off::problem-26/inside-loop-state,problem-26,,deepseek-v4-pro-0813-off,inside-loop-state,inside-loop-state,static,Omega_CC,89,0
static::deepseek-v4-pro-0813-off::inside-loop-state::Omega_CC,deepseek-v4-pro-0813-off::problem-27/inside-loop-state,problem-27,,deepseek-v4-pro-0813-off,inside-loop-state,inside-loop-state,static,Omega_CC,89,0
static::deepseek-v4-pro-0813-off::inside-loop-state::Omega_CC,deepseek-v4-pro-0813-off::problem-28/inside-loop-state,problem-28,,deepseek-v4-pro-0813-off,inside-loop-state,inside-loop-state,static,Omega_CC,89,0
static::deepseek-v4-pro-0813-off::inside-loop-state::Omega_CC,deepseek-v4-pro-0813-off::problem-29/inside-loop-state,problem-29,,deepseek-v4-pro-0813-off,inside-loop-state,inside-loop-state,static,Omega_CC,89,0
static::deepseek-v4-pro-0813-off::inside-loop-state::Omega_CC,deepseek-v4-pro-0813-off::problem-30/inside-loop-state,problem-30,,deepseek-v4-pro-0813-off,inside-loop-state,inside-loop-state,static,Omega_CC,89,0
static::deepseek-v4-pro-0813-off::long-trace-final::Omega_CC,deepseek-v4-pro-0813-off::problem-01/long-trace-final,problem-01,,deepseek-v4-pro-0813-off,long-trace-final,long-trace-final,static,Omega_CC,88,0
static::deepseek-v4-pro-0813-off::long-trace-final::Omega_CC,deepseek-v4-pro-0813-off::problem-02/long-trace-final,problem-02,,deepseek-v4-pro-0813-off,long-trace-final,long-trace-final,static,Omega_CC,88,0
static::deepseek-v4-pro-0813-off::long-trace-final::Omega_CC,deepseek-v4-pro-0813-off::problem-03/long-trace-final,problem-03,,deepseek-v4-pro-0813-off,long-trace-final,long-trace-final,static,Omega_CC,88,0
static::deepseek-v4-pro-0813-off::long-trace-final::Omega_CC,deepseek-v4-pro-0813-off::problem-04/long-trace-final,problem-04,,deepseek-v4-pro-0813-off,long-trace-final,long-trace-final,static,Omega_CC,88,0
static::deepseek-v4-pro-0813-off::long-trace-final::Omega_CC,deepseek-v4-pro-0813-off::problem-05/long-trace-final,problem-05,,deepseek-v4-pro-0813-off,long-trace-final,long-trace-final,static,Omega_CC,88,0
static::deepseek-v4-pro-0813-off::long-trace-final::Omega_CC,deepseek-v4-pro-0813-off::problem-06/long-trace-final,problem-06,,deepseek-v4-pro-0813-off,long-trace-final,long-trace-final,static,Omega_CC,88,0
static::deepseek-v4-pro-0813-off::long-trace-final::Omega_CC,deepseek-v4-pro-0813-off::problem-07/long-trace-final,problem-07,,deepseek-v4-pro-0813-off,long-trace-final,long-trace-final,static,Omega_CC,88,0
static::deepseek-v4-pro-0813-off::long-trace-final::Omega_CC,deepseek-v4-pro-0813-off::problem-08/long-trace-final,problem-08,,deepseek-v4-pro-0813-off,long-trace-final,long-trace-final,static,Omega_CC,88,0
static::deepseek-v4-pro-0813-off::long-trace-final::Omega_CC,deepseek-v4-pro-0813-off::problem-09/long-trace-final,problem-09,,deepseek-v4-pro-0813-off,long-trace-final,long-trace-final,static,Omega_CC,88,0
static::deepseek-v4-pro-0813-off::long-trace-final::Omega_CC,deepseek-v4-pro-0813-off::problem-10/long-trace-final,problem-10,,deepseek-v4-pro-0813-off,long-trace-final,long-trace-final,static,Omega_CC,88,0
static::deepseek-v4-pro-0813-off::long-trace-final::Omega_CC,deepseek-v4-pro-0813-off::problem-11/long-trace-final,problem-11,,deepseek-v4-pro-0813-off,long-trace-final,long-trace-final,static,Omega_CC,88,0
static::deepseek-v4-pro-0813-off::long-trace-final::Omega_CC,deepseek-v4-pro-0813-off::problem-12/long-trace-final,problem-12,,deepseek-v4-pro-0813-off,long-trace-final,long-trace-final,static,Omega_CC,88,0
static::deepseek-v4-pro-0813-off::long-trace-final::Omega_CC,deepseek-v4-pro-0813-off::problem-13/long-trace-final,problem-13,,deepseek-v4-pro-0813-off,long-trace-final,long-trace-final,static,Omega_CC,88,0
static::deepseek-v4-pro-0813-off::long-trace-final::Omega_CC,deepseek-v4-pro-0813-off::problem-14/long-trace-final,problem-14,,deepseek-v4-pro-0813-off,long-trace-final,long-trace-final,static,Omega_CC,88,0
static::deepseek-v4-pro-0813-off::long-trace-final::Omega_CC,deepseek-v4-pro-0813-off::problem-15/long-trace-final,problem-15,,deepseek-v4-pro-0813-off,long-trace-final,long-trace-final,static,Omega_CC,88,0
static::deepseek-v4-pro-0813-off::long-trace-final::Omega_CC,deepseek-v4-pro-0813-off::problem-16/long-trace-final,problem-16,,deepseek-v4-pro-0813-off,long-trace-final,long-trace-final,static,Omega_CC,88,0
static::deepseek-v4-pro-0813-off::long-trace-final::Omega_CC,deepseek-v4-pro-0813-off::problem-17/long-trace-final,problem-17,,deepseek-v4-pro-0813-off,long-trace-final,long-trace-final,static,Omega_CC,88,0
static::deepseek-v4-pro-0813-off::long-trace-final::Omega_CC,deepseek-v4-pro-0813-off::problem-18/long-trace-final,problem-18,,deepseek-v4-pro-0813-off,long-trace-final,long-trace-final,static,Omega_CC,88,0
static::deepseek-v4-pro-0813-off::long-trace-final::Omega_CC,deepseek-v4-pro-0813-off::problem-19/long-trace-final,problem-19,,deepseek-v4-pro-0813-off,long-trace-final,long-trace-final,static,Omega_CC,88,0
static::deepseek-v4-pro-0813-off::long-trace-final::Omega_CC,deepseek-v4-pro-0813-off::problem-20/long-trace-final,problem-20,,deepseek-v4-pro-0813-off,long-trace-final,long-trace-final,static,Omega_CC,88,0
static::deepseek-v4-pro-0813-off::long-trace-final::Omega_CC,deepseek-v4-pro-0813-off::problem-21/long-trace-final,problem-21,,deepseek-v4-pro-0813-off,long-trace-final,long-trace-final,static,Omega_CC,88,0
static::deepseek-v4-pro-0813-off::long-trace-final::Omega_CC,deepseek-v4-pro-0813-off::problem-22/long-trace-final,problem-22,,deepseek-v4-pro-0813-off,long-trace-final,long-trace-final,static,Omega_CC,88,0
static::deepseek-v4-pro-0813-off::long-trace-final::Omega_CC,deepseek-v4-pro-0813-off::problem-23/long-trace-final,problem-23,,deepseek-v4-pro-0813-off,long-trace-final,long-trace-final,static,Omega_CC,88,0
static::deepseek-v4-pro-0813-off::long-trace-final::Omega_CC,deepseek-v4-pro-0813-off::problem-24/long-trace-final,problem-24,,deepseek-v4-pro-0813-off,long-trace-final,long-trace-final,static,Omega_CC,88,0
static::deepseek-v4-pro-0813-off::long-trace-final::Omega_CC,deepseek-v4-pro-0813-off::problem-25/long-trace-final,problem-25,,deepseek-v4-pro-0813-off,long-trace-final,long-trace-final,static,Omega_CC,88,0
static::deepseek-v4-pro-0813-off::long-trace-final::Omega_CC,deepseek-v4-pro-0813-off::problem-26/long-trace-final,problem-26,,deepseek-v4-pro-0813-off,long-trace-final,long-trace-final,static,Omega_CC,88,0
static::deepseek-v4-pro-0813-off::long-trace-final::Omega_CC,deepseek-v4-pro-0813-off::problem-27/long-trace-final,problem-27,,deepseek-v4-pro-0813-off,long-trace-final,long-trace-final,static,Omega_CC,88,0
static::deepseek-v4-pro-0813-off::long-trace-final::Omega_CC,deepseek-v4-pro-0813-off::problem-28/long-trace-final,problem-28,,deepseek-v4-pro-0813-off,long-trace-final,long-trace-final,static,Omega_CC,88,0
static::deepseek-v4-pro-0813-off::long-trace-final::Omega_CC,deepseek-v4-pro-0813-off::problem-29/long-trace-final,problem-29,,deepseek-v4-pro-0813-off,long-trace-final,long-trace-final,static,Omega_CC,88,0
static::deepseek-v4-pro-0813-off::long-trace-final::Omega_CC,deepseek-v4-pro-0813-off::problem-30/long-trace-final,problem-30,,deepseek-v4-pro-0813-off,long-trace-final,long-trace-final,static,Omega_CC,88,0
static::deepseek-v4-pro-0813-off::post-loop-state::Omega_CC,deepseek-v4-pro-0813-off::problem-01/post-loop-state,problem-01,,deepseek-v4-pro-0813-off,post-loop-state,post-loop-state,static,Omega_CC,88,0
static::deepseek-v4-pro-0813-off::post-loop-state::Omega_CC,deepseek-v4-pro-0813-off::problem-02/post-loop-state,problem-02,,deepseek-v4-pro-0813-off,post-loop-state,post-loop-state,static,Omega_CC,88,0
static::deepseek-v4-pro-0813-off::post-loop-state::Omega_CC,deepseek-v4-pro-0813-off::problem-03/post-loop-state,problem-03,,deepseek-v4-pro-0813-off,post-loop-state,post-loop-state,static,Omega_CC,88,0
static::deepseek-v4-pro-0813-off::post-loop-state::Omega_CC,deepseek-v4-pro-0813-off::problem-04/post-loop-state,problem-04,,deepseek-v4-pro-0813-off,post-loop-state,post-loop-state,static,Omega_CC,88,0
static::deepseek-v4-pro-0813-off::post-loop-state::Omega_CC,deepseek-v4-pro-0813-off::problem-05/post-loop-state,problem-05,,deepseek-v4-pro-0813-off,post-loop-state,post-loop-state,static,Omega_CC,88,0
static::deepseek-v4-pro-0813-off::post-loop-state::Omega_CC,deepseek-v4-pro-0813-off::problem-06/post-loop-state,problem-06,,deepseek-v4-pro-0813-off,post-loop-state,post-loop-state,static,Omega_CC,88,0
static::deepseek-v4-pro-0813-off::post-loop-state::Omega_CC,deepseek-v4-pro-0813-off::problem-07/post-loop-state,problem-07,,deepseek-v4-pro-0813-off,post-loop-state,post-loop-state,static,Omega_CC,88,0
static::deepseek-v4-pro-0813-off::post-loop-state::Omega_CC,deepseek-v4-pro-0813-off::problem-08/post-loop-state,problem-08,,deepseek-v4-pro-0813-off,post-loop-state,post-loop-state,static,Omega_CC,88,0
static::deepseek-v4-pro-0813-off::post-loop-state::Omega_CC,deepseek-v4-pro-0813-off::problem-09/post-loop-state,problem-09,,deepseek-v4-pro-0813-off,post-loop-state,post-loop-state,static,Omega_CC,88,0
static::deepseek-v4-pro-0813-off::post-loop-state::Omega_CC,deepseek-v4-pro-0813-off::problem-10/post-loop-state,problem-10,,deepseek-v4-pro-0813-off,post-loop-state,post-loop-state,static,Omega_CC,88,0
static::deepseek-v4-pro-0813-off::post-loop-state::Omega_CC,deepseek-v4-pro-0813-off::problem-11/post-loop-state,problem-11,,deepseek-v4-pro-0813-off,post-loop-state,post-loop-state,static,Omega_CC,88,0
static::deepseek-v4-pro-0813-off::post-loop-state::Omega_CC,deepseek-v4-pro-0813-off::problem-12/post-loop-state,problem-12,,deepseek-v4-pro-0813-off,post-loop-state,post-loop-state,static,Omega_CC,88,0
static::deepseek-v4-pro-0813-off::post-loop-state::Omega_CC,deepseek-v4-pro-0813-off::problem-13/post-loop-state,problem-13,,deepseek-v4-pro-0813-off,post-loop-state,post-loop-state,static,Omega_CC,88,0
static::deepseek-v4-pro-0813-off::post-loop-state::Omega_CC,deepseek-v4-pro-0813-off::problem-14/post-loop-state,problem-14,,deepseek-v4-pro-0813-off,post-loop-state,post-loop-state,static,Omega_CC,88,0
static::deepseek-v4-pro-0813-off::post-loop-state::Omega_CC,deepseek-v4-pro-0813-off::problem-15/post-loop-state,problem-15,,deepseek-v4-pro-0813-off,post-loop-state,post-loop-state,static,Omega_CC,88,0
static::deepseek-v4-pro-0813-off::post-loop-state::Omega_CC,deepseek-v4-pro-0813-off::problem-16/post-loop-state,problem-16,,deepseek-v4-pro-0813-off,post-loop-state,post-loop-state,static,Omega_CC,88,0
static::deepseek-v4-pro-0813-off::post-loop-state::Omega_CC,deepseek-v4-pro-0813-off::problem-17/post-loop-state,problem-17,,deepseek-v4-pro-0813-off,post-loop-state,post-loop-state,static,Omega_CC,88,0
static::deepseek-v4-pro-0813-off::post-loop-state::Omega_CC,deepseek-v4-pro-0813-off::problem-18/post-loop-state,problem-18,,deepseek-v4-pro-0813-off,post-loop-state,post-loop-state,static,Omega_CC,88,0
static::deepseek-v4-pro-0813-off::post-loop-state::Omega_CC,deepseek-v4-pro-0813-off::problem-19/post-loop-state,problem-19,,deepseek-v4-pro-0813-off,post-loop-state,post-loop-state,static,Omega_CC,88,0
static::deepseek-v4-pro-0813-off::post-loop-state::Omega_CC,deepseek-v4-pro-0813-off::problem-20/post-loop-state,problem-20,,deepseek-v4-pro-0813-off,post-loop-state,post-loop-state,static,Omega_CC,88,0
static::deepseek-v4-pro-0813-off::post-loop-state::Omega_CC,deepseek-v4-pro-0813-off::problem-21/post-loop-state,problem-21,,deepseek-v4-pro-0813-off,post-loop-state,post-loop-state,static,Omega_CC,88,0
static::deepseek-v4-pro-0813-off::post-loop-state::Omega_CC,deepseek-v4-pro-0813-off::problem-22/post-loop-state,problem-22,,deepseek-v4-pro-0813-off,post-loop-state,post-loop-state,static,Omega_CC,88,0
static::deepseek-v4-pro-0813-off::post-loop-state::Omega_CC,deepseek-v4-pro-0813-off::problem-23/post-loop-state,problem-23,,deepseek-v4-pro-0813-off,post-loop-state,post-loop-state,static,Omega_CC,88,0
static::deepseek-v4-pro-0813-off::post-loop-state::Omega_CC,deepseek-v4-pro-0813-off::problem-24/post-loop-state,problem-24,,deepseek-v4-pro-0813-off,post-loop-state,post-loop-state,static,Omega_CC,88,0
static::deepseek-v4-pro-0813-off::post-loop-state::Omega_CC,deepseek-v4-pro-0813-off::problem-25/post-loop-state,problem-25,,deepseek-v4-pro-0813-off,post-loop-state,post-loop-state,static,Omega_CC,88,0
static::deepseek-v4-pro-0813-off::post-loop-state::Omega_CC,deepseek-v4-pro-0813-off::problem-26/post-loop-state,problem-26,,deepseek-v4-pro-0813-off,post-loop-state,post-loop-state,static,Omega_CC,88,0
static::deepseek-v4-pro-0813-off::post-loop-state::Omega_CC,deepseek-v4-pro-0813-off::problem-27/post-loop-state,problem-27,,deepseek-v4-pro-0813-off,post-loop-state,post-loop-state,static,Omega_CC,88,0
static::deepseek-v4-pro-0813-off::post-loop-state::Omega_CC,deepseek-v4-pro-0813-off::problem-28/post-loop-state,problem-28,,deepseek-v4-pro-0813-off,post-loop-state,post-loop-state,static,Omega_CC,88,0
static::deepseek-v4-pro-0813-off::post-loop-state::Omega_CC,deepseek-v4-pro-0813-off::problem-29/post-loop-state,problem-29,,deepseek-v4-pro-0813-off,post-loop-state,post-loop-state,static,Omega_CC,88,0
static::deepseek-v4-pro-0813-off::post-loop-state::Omega_CC,deepseek-v4-pro-0813-off::problem-30/post-loop-state,problem-30,,deepseek-v4-pro-0813-off,post-loop-state,post-loop-state,static,Omega_CC,88,0
static::deepseek-v4-pro-0813-off::short-trace-final::Omega_CC,deepseek-v4-pro-0813-off::problem-01/short-trace-final,problem-01,,deepseek-v4-pro-0813-off,short-trace-final,short-trace-final,static,Omega_CC,88,0
static::deepseek-v4-pro-0813-off::short-trace-final::Omega_CC,deepseek-v4-pro-0813-off::problem-02/short-trace-final,problem-02,,deepseek-v4-pro-0813-off,short-trace-final,short-trace-final,static,Omega_CC,88,0
static::deepseek-v4-pro-0813-off::short-trace-final::Omega_CC,deepseek-v4-pro-0813-off::problem-03/short-trace-final,problem-03,,deepseek-v4-pro-0813-off,short-trace-final,short-trace-final,static,Omega_CC,88,0
static::deepseek-v4-pro-0813-off::short-trace-final::Omega_CC,deepseek-v4-pro-0813-off::problem-04/short-trace-final,problem-04,,deepseek-v4-pro-0813-off,short-trace-final,short-trace-final,static,Omega_CC,88,0
static::deepseek-v4-pro-0813-off::short-trace-final::Omega_CC,deepseek-v4-pro-0813-off::problem-05/short-trace-final,problem-05,,deepseek-v4-pro-0813-off,short-trace-final,short-trace-final,static,Omega_CC,88,0
static::deepseek-v4-pro-0813-off::short-trace-final::Omega_CC,deepseek-v4-pro-0813-off::problem-06/short-trace-final,problem-06,,deepseek-v4-pro-0813-off,short-trace-final,short-trace-final,static,Omega_CC,88,0
static::deepseek-v4-pro-0813-off::short-trace-final::Omega_CC,deepseek-v4-pro-0813-off::problem-07/short-trace-final,problem-07,,deepseek-v4-pro-0813-off,short-trace-final,short-trace-final,static,Omega_CC,88,0
static::deepseek-v4-pro-0813-off::short-trace-final::Omega_CC,deepseek-v4-pro-0813-off::problem-08/short-trace-final,problem-08,,deepseek-v4-pro-0813-off,short-trace-final,short-trace-final,static,Omega_CC,88,0
static::deepseek-v4-pro-0813-off::short-trace-final::Omega_CC,deepseek-v4-pro-0813-off::problem-09/short-trace-final,problem-09,,deepseek-v4-pro-0813-off,short-trace-final,short-trace-final,static,Omega_CC,88,0
static::deepseek-v4-pro-0813-off::short-trace-final::Omega_CC,deepseek-v4-pro-0813-off::problem-10/short-trace-final,problem-10,,deepseek-v4-pro-0813-off,short-trace-final,short-trace-final,static,Omega_CC,88,0
static::deepseek-v4-pro-0813-off::short-trace-final::Omega_CC,deepseek-v4-pro-0813-off::problem-11/short-trace-final,problem-11,,deepseek-v4-pro-0813-off,short-trace-final,short-trace-final,static,Omega_CC,88,0
static::deepseek-v4-pro-0813-off::short-trace-final::Omega_CC,deepseek-v4-pro-0813-off::problem-12/short-trace-final,problem-12,,deepseek-v4-pro-0813-off,short-trace-final,short-trace-final,static,Omega_CC,88,0
static::deepseek-v4-pro-0813-off::short-trace-final::Omega_CC,deepseek-v4-pro-0813-off::problem-13/short-trace-final,problem-13,,deepseek-v4-pro-0813-off,short-trace-final,short-trace-final,static,Omega_CC,88,0
static::deepseek-v4-pro-0813-off::short-trace-final::Omega_CC,deepseek-v4-pro-0813-off::problem-14/short-trace-final,problem-14,,deepseek-v4-pro-0813-off,short-trace-final,short-trace-final,static,Omega_CC,88,0
static::deepseek-v4-pro-0813-off::short-trace-final::Omega_CC,deepseek-v4-pro-0813-off::problem-15/short-trace-final,problem-15,,deepseek-v4-pro-0813-off,short-trace-final,short-trace-final,static,Omega_CC,88,0
static::deepseek-v4-pro-0813-off::short-trace-final::Omega_CC,deepseek-v4-pro-0813-off::problem-16/short-trace-final,problem-16,,deepseek-v4-pro-0813-off,short-trace-final,short-trace-final,static,Omega_CC,88,0
static::deepseek-v4-pro-0813-off::short-trace-final::Omega_CC,deepseek-v4-pro-0813-off::problem-17/short-trace-final,problem-17,,deepseek-v4-pro-0813-off,short-trace-final,short-trace-final,static,Omega_CC,88,0
static::deepseek-v4-pro-0813-off::short-trace-final::Omega_CC,deepseek-v4-pro-0813-off::problem-18/short-trace-final,problem-18,,deepseek-v4-pro-0813-off,short-trace-final,short-trace-final,static,Omega_CC,88,0
static::deepseek-v4-pro-0813-off::short-trace-final::Omega_CC,deepseek-v4-pro-0813-off::problem-19/short-trace-final,problem-19,,deepseek-v4-pro-0813-off,short-trace-final,short-trace-final,static,Omega_CC,88,0
static::deepseek-v4-pro-0813-off::short-trace-final::Omega_CC,deepseek-v4-pro-0813-off::problem-20/short-trace-final,problem-20,,deepseek-v4-pro-0813-off,short-trace-final,short-trace-final,static,Omega_CC,88,0
static::deepseek-v4-pro-0813-off::short-trace-final::Omega_CC,deepseek-v4-pro-0813-off::problem-21/short-trace-final,problem-21,,deepseek-v4-pro-0813-off,short-trace-final,short-trace-final,static,Omega_CC,88,0
static::deepseek-v4-pro-0813-off::short-trace-final::Omega_CC,deepseek-v4-pro-0813-off::problem-22/short-trace-final,problem-22,,deepseek-v4-pro-0813-off,short-trace-final,short-trace-final,static,Omega_CC,88,0
static::deepseek-v4-pro-0813-off::short-trace-final::Omega_CC,deepseek-v4-pro-0813-off::problem-23/short-trace-final,problem-23,,deepseek-v4-pro-0813-off,short-trace-final,short-trace-final,static,Omega_CC,88,0
static::deepseek-v4-pro-0813-off::short-trace-final::Omega_CC,deepseek-v4-pro-0813-off::problem-24/short-trace-final,problem-24,,deepseek-v4-pro-0813-off,short-trace-final,short-trace-final,static,Omega_CC,88,0
static::deepseek-v4-pro-0813-off::short-trace-final::Omega_CC,deepseek-v4-pro-0813-off::problem-25/short-trace-final,problem-25,,deepseek-v4-pro-0813-off,short-trace-final,short-trace-final,static,Omega_CC,88,0
static::deepseek-v4-pro-0813-off::short-trace-final::Omega_CC,deepseek-v4-pro-0813-off::problem-26/short-trace-final,problem-26,,deepseek-v4-pro-0813-off,short-trace-final,short-trace-final,static,Omega_CC,88,0
static::deepseek-v4-pro-0813-off::short-trace-final::Omega_CC,deepseek-v4-pro-0813-off::problem-27/short-trace-final,problem-27,,deepseek-v4-pro-0813-off,short-trace-final,short-trace-final,static,Omega_CC,88,0
static::deepseek-v4-pro-0813-off::short-trace-final::Omega_CC,deepseek-v4-pro-0813-off::problem-28/short-trace-final,problem-28,,deepseek-v4-pro-0813-off,short-trace-final,short-trace-final,static,Omega_CC,88,0
static::deepseek-v4-pro-0813-off::short-trace-final::Omega_CC,deepseek-v4-pro-0813-off::problem-29/short-trace-final,problem-29,,deepseek-v4-pro-0813-off,short-trace-final,short-trace-final,static,Omega_CC,88,0
static::deepseek-v4-pro-0813-off::short-trace-final::Omega_CC,deepseek-v4-pro-0813-off::problem-30/short-trace-final,problem-30,,deepseek-v4-pro-0813-off,short-trace-final,short-trace-final,static,Omega_CC,88,0
static::glm-5.3-high::inside-loop-state::Omega_CC,glm-5.3-high::problem-01/inside-loop-state,problem-01,,glm-5.3-high,inside-loop-state,inside-loop-state,static,Omega_CC,89,0
static::glm-5.3-high::inside-loop-state::Omega_CC,glm-5.3-high::problem-02/inside-loop-state,problem-02,,glm-5.3-high,inside-loop-state,inside-loop-state,static,Omega_CC,89,0
static::glm-5.3-high::inside-loop-state::Omega_CC,glm-5.3-high::problem-03/inside-loop-state,problem-03,,glm-5.3-high,inside-loop-state,inside-loop-state,static,Omega_CC,89,0
static::glm-5.3-high::inside-loop-state::Omega_CC,glm-5.3-high::problem-04/inside-loop-state,problem-04,,glm-5.3-high,inside-loop-state,inside-loop-state,static,Omega_CC,89,0
static::glm-5.3-high::inside-loop-state::Omega_CC,glm-5.3-high::problem-05/inside-loop-state,problem-05,,glm-5.3-high,inside-loop-state,inside-loop-state,static,Omega_CC,89,0
static::glm-5.3-high::inside-loop-state::Omega_CC,glm-5.3-high::problem-06/inside-loop-state,problem-06,,glm-5.3-high,inside-loop-state,inside-loop-state,static,Omega_CC,89,0
static::glm-5.3-high::inside-loop-state::Omega_CC,glm-5.3-high::problem-07/inside-loop-state,problem-07,,glm-5.3-high,inside-loop-state,inside-loop-state,static,Omega_CC,89,0
static::glm-5.3-high::inside-loop-state::Omega_CC,glm-5.3-high::problem-08/inside-loop-state,problem-08,,glm-5.3-high,inside-loop-state,inside-loop-state,static,Omega_CC,89,0
static::glm-5.3-high::inside-loop-state::Omega_CC,glm-5.3-high::problem-09/inside-loop-state,problem-09,,glm-5.3-high,inside-loop-state,inside-loop-state,static,Omega_CC,89,0
static::glm-5.3-high::inside-loop-state::Omega_CC,glm-5.3-high::problem-10/inside-loop-state,problem-10,,glm-5.3-high,inside-loop-state,inside-loop-state,static,Omega_CC,89,0
static::glm-5.3-high::inside-loop-state::Omega_CC,glm-5.3-high::problem-11/inside-loop-state,problem-11,,glm-5.3-high,inside-loop-state,inside-loop-state,static,Omega_CC,89,0
static::glm-5.3-high::inside-loop-state::Omega_CC,glm-5.3-high::problem-12/inside-loop-state,problem-12,,glm-5.3-high,inside-loop-state,inside-loop-state,static,Omega_CC,89,0
static::glm-5.3-high::inside-loop-state::Omega_CC,glm-5.3-high::problem-13/inside-loop-state,problem-13,,glm-5.3-high,inside-loop-state,inside-loop-state,static,Omega_CC,89,0
static::glm-5.3-high::inside-loop-state::Omega_CC,glm-5.3-high::problem-14/inside-loop-state,problem-14,,glm-5.3-high,inside-loop-state,inside-loop-state,static,Omega_CC,89,0
static::glm-5.3-high::inside-loop-state::Omega_CC,glm-5.3-high::problem-15/inside-loop-state,problem-15,,glm-5.3-high,inside-loop-state,inside-loop-state,static,Omega_CC,89,0
static::glm-5.3-high::inside-loop-state::Omega_CC,glm-5.3-high::problem-16/inside-loop-state,problem-16,,glm-5.3-high,inside-loop-state,inside-loop-state,static,Omega_CC,89,0
static::glm-5.3-high::inside-loop-state::Omega_CC,glm-5.3-high::problem-17/inside-loop-state,problem-17,,glm-5.3-high,inside-loop-state,inside-loop-state,static,Omega_CC,89,0
static::glm-5.3-high::inside-loop-state::Omega_CC,glm-5.3-high::problem-18/inside-loop-state,problem-18,,glm-5.3-high,inside-loop-state,inside-loop-state,static,Omega_CC,89,0
static::glm-5.3-high::inside-loop-state::Omega_CC,glm-5.3-high::problem-19/inside-loop-state,problem-19,,glm-5.3-high,inside-loop-state,inside-loop-state,static,Omega_CC,89,0
static::glm-5.3-high::inside-loop-state::Omega_CC,glm-5.3-high::problem-20/inside-loop-state,problem-20,,glm-5.3-high,inside-loop-state,inside-loop-state,static,Omega_CC,89,0
static::glm-5.3-high::inside-loop-state::Omega_CC,glm-5.3-high::problem-21/inside-loop-state,problem-21,,glm-5.3-high,inside-loop-state,inside-loop-state,static,Omega_CC,89,0
static::glm-5.3-high::inside-loop-state::Omega_CC,glm-5.3-high::problem-22/inside-loop-state,problem-22,,glm-5.3-high,inside-loop-state,inside-loop-state,static,Omega_CC,89,0
static::glm-5.3-high::inside-loop-state::Omega_CC,glm-5.3-high::problem-23/inside-loop-state,problem-23,,glm-5.3-high,inside-loop-state,inside-loop-state,static,Omega_CC,89,0
static::glm-5.3-high::inside-loop-state::Omega_CC,glm-5.3-high::problem-24/inside-loop-state,problem-24,,glm-5.3-high,inside-loop-state,inside-loop-state,static,Omega_CC,89,0
static::glm-5.3-high::inside-loop-state::Omega_CC,glm-5.3-high::problem-25/inside-loop-state,problem-25,,glm-5.3-high,inside-loop-state,inside-loop-state,static,Omega_CC,89,0
static::glm-5.3-high::inside-loop-state::Omega_CC,glm-5.3-high::problem-26/inside-loop-state,problem-26,,glm-5.3-high,inside-loop-state,inside-loop-state,static,Omega_CC,89,0
static::glm-5.3-high::inside-loop-state::Omega_CC,glm-5.3-high::problem-27/inside-loop-state,problem-27,,glm-5.3-high,inside-loop-state,inside-loop-state,static,Omega_CC,89,0
static::glm-5.3-high::inside-loop-state::Omega_CC,glm-5.3-high::problem-28/inside-loop-state,problem-28,,glm-5.3-high,inside-loop-state,inside-loop-state,static,Omega_CC,89,0
static::glm-5.3-high::inside-loop-state::Omega_CC,glm-5.3-high::problem-29/inside-loop-state,problem-29,,glm-5.3-high,inside-loop-state,inside-loop-state,static,Omega_CC,89,0
static::glm-5.3-high::inside-loop-state::Omega_CC,glm-5.3-high::problem-30/inside-loop-state,problem-30,,glm-5.3-high,inside-loop-state,inside-loop-state,static,Omega_CC,89,0
static::glm-5.3-high::long-trace-final::Omega_CC,glm-5.3-high::problem-01/long-trace-final,problem-01,,glm-5.3-high,long-trace-final,long-trace-final,static,Omega_CC,88,0
static::glm-5.3-high::long-trace-final::Omega_CC,glm-5.3-high::problem-02/long-trace-final,problem-02,,glm-5.3-high,long-trace-final,long-trace-final,static,Omega_CC,88,0
static::glm-5.3-high::long-trace-final::Omega_CC,glm-5.3-high::problem-03/long-trace-final,problem-03,,glm-5.3-high,long-trace-final,long-trace-final,static,Omega_CC,88,0
static::glm-5.3-high::long-trace-final::Omega_CC,glm-5.3-high::problem-04/long-trace-final,problem-04,,glm-5.3-high,long-trace-final,long-trace-final,static,Omega_CC,88,0
static::glm-5.3-high::long-trace-final::Omega_CC,glm-5.3-high::problem-05/long-trace-final,problem-05,,glm-5.3-high,long-trace-final,long-trace-final,static,Omega_CC,88,0
static::glm-5.3-high::long-trace-final::Omega_CC,glm-5.3-high::problem-06/long-trace-final,problem-06,,glm-5.3-high,long-trace-final,long-trace-final,static,Omega_CC,88,0
static::glm-5.3-high::long-trace-final::Omega_CC,glm-5.3-high::problem-07/long-trace-final,problem-07,,glm-5.3-high,long-trace-final,long-trace-final,static,Omega_CC,88,0
static::glm-5.3-high::long-trace-final::Omega_CC,glm-5.3-high::problem-08/long-trace-final,problem-08,,glm-5.3-high,long-trace-final,long-trace-final,static,Omega_CC,88,0
static::glm-5.3-high::long-trace-final::Omega_CC,glm-5.3-high::problem-09/long-trace-final,problem-09,,glm-5.3-high,long-trace-final,long-trace-final,static,Omega_CC,88,0
static::glm-5.3-high::long-trace-final::Omega_CC,glm-5.3-high::problem-10/long-trace-final,problem-10,,glm-5.3-high,long-trace-final,long-trace-final,static,Omega_CC,88,0
static::glm-5.3-high::long-trace-final::Omega_CC,glm-5.3-high::problem-11/long-trace-final,problem-11,,glm-5.3-high,long-trace-final,long-trace-final,static,Omega_CC,88,0
static::glm-5.3-high::long-trace-final::Omega_CC,glm-5.3-high::problem-12/long-trace-final,problem-12,,glm-5.3-high,long-trace-final,long-trace-final,static,Omega_CC,88,0
static::glm-5.3-high::long-trace-final::Omega_CC,glm-5.3-high::problem-13/long-trace-final,problem-13,,glm-5.3-high,long-trace-final,long-trace-final,static,Omega_CC,88,0
static::glm-5.3-high::long-trace-final::Omega_CC,glm-5.3-high::problem-14/long-trace-final,problem-14,,glm-5.3-high,long-trace-final,long-trace-final,static,Omega_CC,88,0
static::glm-5.3-high::long-trace-final::Omega_CC,glm-5.3-high::problem-15/long-trace-final,problem-15,,glm-5.3-high,long-trace-final,long-trace-final,static,Omega_CC,88,0
static::glm-5.3-high::long-trace-final::Omega_CC,glm-5.3-high::problem-16/long-trace-final,problem-16,,glm-5.3-high,long-trace-final,long-trace-final,static,Omega_CC,88,0
static::glm-5.3-high::long-trace-final::Omega_CC,glm-5.3-high::problem-17/long-trace-final,problem-17,,glm-5.3-high,long-trace-final,long-trace-final,static,Omega_CC,88,0
static::glm-5.3-high::long-trace-final::Omega_CC,glm-5.3-high::problem-18/long-trace-final,problem-18,,glm-5.3-high,long-trace-final,long-trace-final,static,Omega_CC,88,0
static::glm-5.3-high::long-trace-final::Omega_CC,glm-5.3-high::problem-19/long-trace-final,problem-19,,glm-5.3-high,long-trace-final,long-trace-final,static,Omega_CC,88,0
static::glm-5.3-high::long-trace-final::Omega_CC,glm-5.3-high::problem-20/long-trace-final,problem-20,,glm-5.3-high,long-trace-final,long-trace-final,static,Omega_CC,88,0
static::glm-5.3-high::long-trace-final::Omega_CC,glm-5.3-high::problem-21/long-trace-final,problem-21,,glm-5.3-high,long-trace-final,long-trace-final,static,Omega_CC,88,0
static::glm-5.3-high::long-trace-final::Omega_CC,glm-5.3-high::problem-22/long-trace-final,problem-22,,glm-5.3-high,long-trace-final,long-trace-final,static,Omega_CC,88,0
static::glm-5.3-high::long-trace-final::Omega_CC,glm-5.3-high::problem-23/long-trace-final,problem-23,,glm-5.3-high,long-trace-final,long-trace-final,static,Omega_CC,88,0
static::glm-5.3-high::long-trace-final::Omega_CC,glm-5.3-high::problem-24/long-trace-final,problem-24,,glm-5.3-high,long-trace-final,long-trace-final,static,Omega_CC,88,0
static::glm-5.3-high::long-trace-final::Omega_CC,glm-5.3-high::problem-25/long-trace-final,problem-25,,glm-5.3-high,long-trace-final,long-trace-final,static,Omega_CC,88,0
static::glm-5.3-high::long-trace-final::Omega_CC,glm-5.3-high::problem-26/long-trace-final,problem-26,,glm-5.3-high,long-trace-final,long-trace-final,static,Omega_CC,88,0
static::glm-5.3-high::long-trace-final::Omega_CC,glm-5.3-high::problem-27/long-trace-final,problem-27,,glm-5.3-high,long-trace-final,long-trace-final,static,Omega_CC,88,0
static::glm-5.3-high::long-trace-final::Omega_CC,glm-5.3-high::problem-28/long-trace-final,problem-28,,glm-5.3-high,long-trace-final,long-trace-final,static,Omega_CC,88,0
static::glm-5.3-high::long-trace-final::Omega_CC,glm-5.3-high::problem-29/long-trace-final,problem-29,,glm-5.3-high,long-trace-final,long-trace-final,static,Omega_CC,88,0
static::glm-5.3-high::long-trace-final::Omega_CC,glm-5.3-high::problem-30/long-trace-final,problem-30,,glm-5.3-high,long-trace-final,long-trace-final,static,Omega_CC,88,0
static::glm-5.3-high::post-loop-state::Omega_CC,glm-5.3-high::problem-01/post-loop-state,problem-01,,glm-5.3-high,post-loop-state,post-loop-state,static,Omega_CC,88,0
static::glm-5.3-high::post-loop-state::Omega_CC,glm-5.3-high::problem-02/post-loop-state,problem-02,,glm-5.3-high,post-loop-state,post-loop-state,static,Omega_CC,88,0
static::glm-5.3-high::post-loop-state::Omega_CC,glm-5.3-high::problem-03/post-loop-state,problem-03,,glm-5.3-high,post-loop-state,post-loop-state,static,Omega_CC,88,0
static::glm-5.3-high::post-loop-state::Omega_CC,glm-5.3-high::problem-04/post-loop-state,problem-04,,glm-5.3-high,post-loop-state,post-loop-state,static,Omega_CC,88,0
static::glm-5.3-high::post-loop-state::Omega_CC,glm-5.3-high::problem-05/post-loop-state,problem-05,,glm-5.3-high,post-loop-state,post-loop-state,static,Omega_CC,88,0
static::glm-5.3-high::post-loop-state::Omega_CC,glm-5.3-high::problem-06/post-loop-state,problem-06,,glm-5.3-high,post-loop-state,post-loop-state,static,Omega_CC,88,0
static::glm-5.3-high::post-loop-state::Omega_CC,glm-5.3-high::problem-07/post-loop-state,problem-07,,glm-5.3-high,post-loop-state,post-loop-state,static,Omega_CC,88,0
static::glm-5.3-high::post-loop-state::Omega_CC,glm-5.3-high::problem-08/post-loop-state,problem-08,,glm-5.3-high,post-loop-state,post-loop-state,static,Omega_CC,88,0
static::glm-5.3-high::post-loop-state::Omega_CC,glm-5.3-high::problem-09/post-loop-state,problem-09,,glm-5.3-high,post-loop-state,post-loop-state,static,Omega_CC,88,0
static::glm-5.3-high::post-loop-state::Omega_CC,glm-5.3-high::problem-10/post-loop-state,problem-10,,glm-5.3-high,post-loop-state,post-loop-state,static,Omega_CC,88,0
static::glm-5.3-high::post-loop-state::Omega_CC,glm-5.3-high::problem-11/post-loop-state,problem-11,,glm-5.3-high,post-loop-state,post-loop-state,static,Omega_CC,88,0
static::glm-5.3-high::post-loop-state::Omega_CC,glm-5.3-high::problem-12/post-loop-state,problem-12,,glm-5.3-high,post-loop-state,post-loop-state,static,Omega_CC,88,0
static::glm-5.3-high::post-loop-state::Omega_CC,glm-5.3-high::problem-13/post-loop-state,problem-13,,glm-5.3-high,post-loop-state,post-loop-state,static,Omega_CC,88,0
static::glm-5.3-high::post-loop-state::Omega_CC,glm-5.3-high::problem-14/post-loop-state,problem-14,,glm-5.3-high,post-loop-state,post-loop-state,static,Omega_CC,88,0
static::glm-5.3-high::post-loop-state::Omega_CC,glm-5.3-high::problem-15/post-loop-state,problem-15,,glm-5.3-high,post-loop-state,post-loop-state,static,Omega_CC,88,0
static::glm-5.3-high::post-loop-state::Omega_CC,glm-5.3-high::problem-16/post-loop-state,problem-16,,glm-5.3-high,post-loop-state,post-loop-state,static,Omega_CC,88,0
static::glm-5.3-high::post-loop-state::Omega_CC,glm-5.3-high::problem-17/post-loop-state,problem-17,,glm-5.3-high,post-loop-state,post-loop-state,static,Omega_CC,88,0
static::glm-5.3-high::post-loop-state::Omega_CC,glm-5.3-high::problem-18/post-loop-state,problem-18,,glm-5.3-high,post-loop-state,post-loop-state,static,Omega_CC,88,0
static::glm-5.3-high::post-loop-state::Omega_CC,glm-5.3-high::problem-19/post-loop-state,problem-19,,glm-5.3-high,post-loop-state,post-loop-state,static,Omega_CC,88,0
static::glm-5.3-high::post-loop-state::Omega_CC,glm-5.3-high::problem-20/post-loop-state,problem-20,,glm-5.3-high,post-loop-state,post-loop-state,static,Omega_CC,88,0
static::glm-5.3-high::post-loop-state::Omega_CC,glm-5.3-high::problem-21/post-loop-state,problem-21,,glm-5.3-high,post-loop-state,post-loop-state,static,Omega_CC,88,0
static::glm-5.3-high::post-loop-state::Omega_CC,glm-5.3-high::problem-22/post-loop-state,problem-22,,glm-5.3-high,post-loop-state,post-loop-state,static,Omega_CC,88,0
static::glm-5.3-high::post-loop-state::Omega_CC,glm-5.3-high::problem-23/post-loop-state,problem-23,,glm-5.3-high,post-loop-state,post-loop-state,static,Omega_CC,88,0
static::glm-5.3-high::post-loop-state::Omega_CC,glm-5.3-high::problem-24/post-loop-state,problem-24,,glm-5.3-high,post-loop-state,post-loop-state,static,Omega_CC,88,0
static::glm-5.3-high::post-loop-state::Omega_CC,glm-5.3-high::problem-25/post-loop-state,problem-25,,glm-5.3-high,post-loop-state,post-loop-state,static,Omega_CC,88,0
static::glm-5.3-high::post-loop-state::Omega_CC,glm-5.3-high::problem-26/post-loop-state,problem-26,,glm-5.3-high,post-loop-state,post-loop-state,static,Omega_CC,88,0
static::glm-5.3-high::post-loop-state::Omega_CC,glm-5.3-high::problem-27/post-loop-state,problem-27,,glm-5.3-high,post-loop-state,post-loop-state,static,Omega_CC,88,0
static::glm-5.3-high::post-loop-state::Omega_CC,glm-5.3-high::problem-28/post-loop-state,problem-28,,glm-5.3-high,post-loop-state,post-loop-state,static,Omega_CC,88,0
static::glm-5.3-high::post-loop-state::Omega_CC,glm-5.3-high::problem-29/post-loop-state,problem-29,,glm-5.3-high,post-loop-state,post-loop-state,static,Omega_CC,88,0
static::glm-5.3-high::post-loop-state::Omega_CC,glm-5.3-high::problem-30/post-loop-state,problem-30,,glm-5.3-high,post-loop-state,post-loop-state,static,Omega_CC,88,0
static::glm-5.3-high::short-trace-final::Omega_CC,glm-5.3-high::problem-01/short-trace-final,problem-01,,glm-5.3-high,short-trace-final,short-trace-final,static,Omega_CC,88,0
static::glm-5.3-high::short-trace-final::Omega_CC,glm-5.3-high::problem-02/short-trace-final,problem-02,,glm-5.3-high,short-trace-final,short-trace-final,static,Omega_CC,88,0
static::glm-5.3-high::short-trace-final::Omega_CC,glm-5.3-high::problem-03/short-trace-final,problem-03,,glm-5.3-high,short-trace-final,short-trace-final,static,Omega_CC,88,0
static::glm-5.3-high::short-trace-final::Omega_CC,glm-5.3-high::problem-04/short-trace-final,problem-04,,glm-5.3-high,short-trace-final,short-trace-final,static,Omega_CC,88,0
static::glm-5.3-high::short-trace-final::Omega_CC,glm-5.3-high::problem-05/short-trace-final,problem-05,,glm-5.3-high,short-trace-final,short-trace-final,static,Omega_CC,88,0
static::glm-5.3-high::short-trace-final::Omega_CC,glm-5.3-high::problem-06/short-trace-final,problem-06,,glm-5.3-high,short-trace-final,short-trace-final,static,Omega_CC,88,0
static::glm-5.3-high::short-trace-final::Omega_CC,glm-5.3-high::problem-07/short-trace-final,problem-07,,glm-5.3-high,short-trace-final,short-trace-final,static,Omega_CC,88,0
static::glm-5.3-high::short-trace-final::Omega_CC,glm-5.3-high::problem-08/short-trace-final,problem-08,,glm-5.3-high,short-trace-final,short-trace-final,static,Omega_CC,88,0
static::glm-5.3-high::short-trace-final::Omega_CC,glm-5.3-high::problem-09/short-trace-final,problem-09,,glm-5.3-high,short-trace-final,short-trace-final,static,Omega_CC,88,0
static::glm-5.3-high::short-trace-final::Omega_CC,glm-5.3-high::problem-10/short-trace-final,problem-10,,glm-5.3-high,short-trace-final,short-trace-final,static,Omega_CC,88,0
static::glm-5.3-high::short-trace-final::Omega_CC,glm-5.3-high::problem-11/short-trace-final,problem-11,,glm-5.3-high,short-trace-final,short-trace-final,static,Omega_CC,88,0
static::glm-5.3-high::short-trace-final::Omega_CC,glm-5.3-high::problem-12/short-trace-final,problem-12,,glm-5.3-high,short-trace-final,short-trace-final,static,Omega_CC,88,0
static::glm-5.3-high::short-trace-final::Omega_CC,glm-5.3-high::problem-13/short-trace-final,problem-13,,glm-5.3-high,short-trace-final,short-trace-final,static,Omega_CC,88,0
static::glm-5.3-high::short-trace-final::Omega_CC,glm-5.3-high::problem-14/short-trace-final,problem-14,,glm-5.3-high,short-trace-final,short-trace-final,static,Omega_CC,88,0
static::glm-5.3-high::short-trace-final::Omega_CC,glm-5.3-high::problem-15/short-trace-final,problem-15,,glm-5.3-high,short-trace-final,short-trace-final,static,Omega_CC,88,0
static::glm-5.3-high::short-trace-final::Omega_CC,glm-5.3-high::problem-16/short-trace-final,problem-16,,glm-5.3-high,short-trace-final,short-trace-final,static,Omega_CC,88,0
static::glm-5.3-high::short-trace-final::Omega_CC,glm-5.3-high::problem-17/short-trace-final,problem-17,,glm-5.3-high,short-trace-final,short-trace-final,static,Omega_CC,88,0
static::glm-5.3-high::short-trace-final::Omega_CC,glm-5.3-high::problem-18/short-trace-final,problem-18,,glm-5.3-high,short-trace-final,short-trace-final,static,Omega_CC,88,0
static::glm-5.3-high::short-trace-final::Omega_CC,glm-5.3-high::problem-19/short-trace-final,problem-19,,glm-5.3-high,short-trace-final,short-trace-final,static,Omega_CC,88,0
static::glm-5.3-high::short-trace-final::Omega_CC,glm-5.3-high::problem-20/short-trace-final,problem-20,,glm-5.3-high,short-trace-final,short-trace-final,static,Omega_CC,88,0
static::glm-5.3-high::short-trace-final::Omega_CC,glm-5.3-high::problem-21/short-trace-final,problem-21,,glm-5.3-high,short-trace-final,short-trace-final,static,Omega_CC,88,0
static::glm-5.3-high::short-trace-final::Omega_CC,glm-5.3-high::problem-22/short-trace-final,problem-22,,glm-5.3-high,short-trace-final,short-trace-final,static,Omega_CC,88,0
static::glm-5.3-high::short-trace-final::Omega_CC,glm-5.3-high::problem-23/short-trace-final,problem-23,,glm-5.3-high,short-trace-final,short-trace-final,static,Omega_CC,88,0
static::glm-5.3-high::short-trace-final::Omega_CC,glm-5.3-high::problem-24/short-trace-final,problem-24,,glm-5.3-high,short-trace-final,short-trace-final,static,Omega_CC,88,0
static::glm-5.3-high::short-trace-final::Omega_CC,glm-5.3-high::problem-25/short-trace-final,problem-25,,glm-5.3-high,short-trace-final,short-trace-final,static,Omega_CC,88,0
static::glm-5.3-high::short-trace-final::Omega_CC,glm-5.3-high::problem-26/short-trace-final,problem-26,,glm-5.3-high,short-trace-final,short-trace-final,static,Omega_CC,88,0
static::glm-5.3-high::short-trace-final::Omega_CC,glm-5.3-high::problem-27/short-trace-final,problem-27,,glm-5.3-high,short-trace-final,short-trace-final,static,Omega_CC,88,0
static::glm-5.3-high::short-trace-final::Omega_CC,glm-5.3-high::problem-28/short-trace-final,problem-28,,glm-5.3-high,short-trace-final,short-trace-final,static,Omega_CC,88,0
static::glm-5.3-high::short-trace-final::Omega_CC,glm-5.3-high::problem-29/short-trace-final,problem-29,,glm-5.3-high,short-trace-final,short-trace-final,static,Omega_CC,88,0
static::glm-5.3-high::short-trace-final::Omega_CC,glm-5.3-high::problem-30/short-trace-final,problem-30,,glm-5.3-high,short-trace-final,short-trace-final,static,Omega_CC,88,0
static::gpt-5.6-sol-high::inside-loop-state::Omega_CC,gpt-5.6-sol-high::problem-01/inside-loop-state,problem-01,,gpt-5.6-sol-high,inside-loop-state,inside-loop-state,static,Omega_CC,89,0
static::gpt-5.6-sol-high::inside-loop-state::Omega_CC,gpt-5.6-sol-high::problem-02/inside-loop-state,problem-02,,gpt-5.6-sol-high,inside-loop-state,inside-loop-state,static,Omega_CC,89,0
static::gpt-5.6-sol-high::inside-loop-state::Omega_CC,gpt-5.6-sol-high::problem-03/inside-loop-state,problem-03,,gpt-5.6-sol-high,inside-loop-state,inside-loop-state,static,Omega_CC,89,0
static::gpt-5.6-sol-high::inside-loop-state::Omega_CC,gpt-5.6-sol-high::problem-04/inside-loop-state,problem-04,,gpt-5.6-sol-high,inside-loop-state,inside-loop-state,static,Omega_CC,89,0
static::gpt-5.6-sol-high::inside-loop-state::Omega_CC,gpt-5.6-sol-high::problem-05/inside-loop-state,problem-05,,gpt-5.6-sol-high,inside-loop-state,inside-loop-state,static,Omega_CC,89,0
static::gpt-5.6-sol-high::inside-loop-state::Omega_CC,gpt-5.6-sol-high::problem-06/inside-loop-state,problem-06,,gpt-5.6-sol-high,inside-loop-state,inside-loop-state,static,Omega_CC,89,0
static::gpt-5.6-sol-high::inside-loop-state::Omega_CC,gpt-5.6-sol-high::problem-07/inside-loop-state,problem-07,,gpt-5.6-sol-high,inside-loop-state,inside-loop-state,static,Omega_CC,89,0
static::gpt-5.6-sol-high::inside-loop-state::Omega_CC,gpt-5.6-sol-high::problem-08/inside-loop-state,problem-08,,gpt-5.6-sol-high,inside-loop-state,inside-loop-state,static,Omega_CC,89,0
static::gpt-5.6-sol-high::inside-loop-state::Omega_CC,gpt-5.6-sol-high::problem-09/inside-loop-state,problem-09,,gpt-5.6-sol-high,inside-loop-state,inside-loop-state,static,Omega_CC,89,0
static::gpt-5.6-sol-high::inside-loop-state::Omega_CC,gpt-5.6-sol-high::problem-10/inside-loop-state,problem-10,,gpt-5.6-sol-high,inside-loop-state,inside-loop-state,static,Omega_CC,89,0
static::gpt-5.6-sol-high::inside-loop-state::Omega_CC,gpt-5.6-sol-high::problem-11/inside-loop-state,problem-11,,gpt-5.6-sol-high,inside-loop-state,inside-loop-state,static,Omega_CC,89,0
static::gpt-5.6-sol-high::inside-loop-state::Omega_CC,gpt-5.6-sol-high::problem-12/inside-loop-state,problem-12,,gpt-5.6-sol-high,inside-loop-state,inside-loop-state,static,Omega_CC,89,0
static::gpt-5.6-sol-high::inside-loop-state::Omega_CC,gpt-5.6-sol-high::problem-13/inside-loop-state,problem-13,,gpt-5.6-sol-high,inside-loop-state,inside-loop-state,static,Omega_CC,89,0
static::gpt-5.6-sol-high::inside-loop-state::Omega_CC,gpt-5.6-sol-high::problem-14/inside-loop-state,problem-14,,gpt-5.6-sol-high,inside-loop-state,inside-loop-state,static,Omega_CC,89,0
static::gpt-5.6-sol-high::inside-loop-state::Omega_CC,gpt-5.6-sol-high::problem-15/inside-loop-state,problem-15,,gpt-5.6-sol-high,inside-loop-state,inside-loop-state,static,Omega_CC,89,0
static::gpt-5.6-sol-high::inside-loop-state::Omega_CC,gpt-5.6-sol-high::problem-16/inside-loop-state,problem-16,,gpt-5.6-sol-high,inside-loop-state,inside-loop-state,static,Omega_CC,89,0
static::gpt-5.6-sol-high::inside-loop-state::Omega_CC,gpt-5.6-sol-high::problem-17/inside-loop-state,problem-17,,gpt-5.6-sol-high,inside-loop-state,inside-loop-state,static,Omega_CC,89,0
static::gpt-5.6-sol-high::inside-loop-state::Omega_CC,gpt-5.6-sol-high::problem-18/inside-loop-state,problem-18,,gpt-5.6-sol-high,inside-loop-state,inside-loop-state,static,Omega_CC,89,0
static::gpt-5.6-sol-high::inside-loop-state::Omega_CC,gpt-5.6-sol-high::problem-19/inside-loop-state,problem-19,,gpt-5.6-sol-high,inside-loop-state,inside-loop-state,static,Omega_CC,89,0
static::gpt-5.6-sol-high::inside-loop-state::Omega_CC,gpt-5.6-sol-high::problem-20/inside-loop-state,problem-20,,gpt-5.6-sol-high,inside-loop-state,inside-loop-state,static,Omega_CC,89,0
static::gpt-5.6-sol-high::inside-loop-state::Omega_CC,gpt-5.6-sol-high::problem-21/inside-loop-state,problem-21,,gpt-5.6-sol-high,inside-loop-state,inside-loop-state,static,Omega_CC,89,0
static::gpt-5.6-sol-high::inside-loop-state::Omega_CC,gpt-5.6-sol-high::problem-22/inside-loop-state,problem-22,,gpt-5.6-sol-high,inside-loop-state,inside-loop-state,static,Omega_CC,89,0
static::gpt-5.6-sol-high::inside-loop-state::Omega_CC,gpt-5.6-sol-high::problem-23/inside-loop-state,problem-23,,gpt-5.6-sol-high,inside-loop-state,inside-loop-state,static,Omega_CC,89,0
static::gpt-5.6-sol-high::inside-loop-state::Omega_CC,gpt-5.6-sol-high::problem-24/inside-loop-state,problem-24,,gpt-5.6-sol-high,inside-loop-state,inside-loop-state,static,Omega_CC,89,0
static::gpt-5.6-sol-high::inside-loop-state::Omega_CC,gpt-5.6-sol-high::problem-25/inside-loop-state,problem-25,,gpt-5.6-sol-high,inside-loop-state,inside-loop-state,static,Omega_CC,89,0
static::gpt-5.6-sol-high::inside-loop-state::Omega_CC,gpt-5.6-sol-high::problem-26/inside-loop-state,problem-26,,gpt-5.6-sol-high,inside-loop-state,inside-loop-state,static,Omega_CC,89,0
static::gpt-5.6-sol-high::inside-loop-state::Omega_CC,gpt-5.6-sol-high::problem-27/inside-loop-state,problem-27,,gpt-5.6-sol-high,inside-loop-state,inside-loop-state,static,Omega_CC,89,0
static::gpt-5.6-sol-high::inside-loop-state::Omega_CC,gpt-5.6-sol-high::problem-28/inside-loop-state,problem-28,,gpt-5.6-sol-high,inside-loop-state,inside-loop-state,static,Omega_CC,89,0
static::gpt-5.6-sol-high::inside-loop-state::Omega_CC,gpt-5.6-sol-high::problem-29/inside-loop-state,problem-29,,gpt-5.6-sol-high,inside-loop-state,inside-loop-state,static,Omega_CC,89,0
static::gpt-5.6-sol-high::inside-loop-state::Omega_CC,gpt-5.6-sol-high::problem-30/inside-loop-state,problem-30,,gpt-5.6-sol-high,inside-loop-state,inside-loop-state,static,Omega_CC,89,0
static::gpt-5.6-sol-high::long-trace-final::Omega_CC,gpt-5.6-sol-high::problem-01/long-trace-final,problem-01,,gpt-5.6-sol-high,long-trace-final,long-trace-final,static,Omega_CC,88,0
static::gpt-5.6-sol-high::long-trace-final::Omega_CC,gpt-5.6-sol-high::problem-02/long-trace-final,problem-02,,gpt-5.6-sol-high,long-trace-final,long-trace-final,static,Omega_CC,88,0
static::gpt-5.6-sol-high::long-trace-final::Omega_CC,gpt-5.6-sol-high::problem-03/long-trace-final,problem-03,,gpt-5.6-sol-high,long-trace-final,long-trace-final,static,Omega_CC,88,0
static::gpt-5.6-sol-high::long-trace-final::Omega_CC,gpt-5.6-sol-high::problem-04/long-trace-final,problem-04,,gpt-5.6-sol-high,long-trace-final,long-trace-final,static,Omega_CC,88,0
static::gpt-5.6-sol-high::long-trace-final::Omega_CC,gpt-5.6-sol-high::problem-05/long-trace-final,problem-05,,gpt-5.6-sol-high,long-trace-final,long-trace-final,static,Omega_CC,88,1
static::gpt-5.6-sol-high::long-trace-final::Omega_CC,gpt-5.6-sol-high::problem-06/long-trace-final,problem-06,,gpt-5.6-sol-high,long-trace-final,long-trace-final,static,Omega_CC,88,0
static::gpt-5.6-sol-high::long-trace-final::Omega_CC,gpt-5.6-sol-high::problem-07/long-trace-final,problem-07,,gpt-5.6-sol-high,long-trace-final,long-trace-final,static,Omega_CC,88,0
static::gpt-5.6-sol-high::long-trace-final::Omega_CC,gpt-5.6-sol-high::problem-08/long-trace-final,problem-08,,gpt-5.6-sol-high,long-trace-final,long-trace-final,static,Omega_CC,88,0
static::gpt-5.6-sol-high::long-trace-final::Omega_CC,gpt-5.6-sol-high::problem-09/long-trace-final,problem-09,,gpt-5.6-sol-high,long-trace-final,long-trace-final,static,Omega_CC,88,0
static::gpt-5.6-sol-high::long-trace-final::Omega_CC,gpt-5.6-sol-high::problem-10/long-trace-final,problem-10,,gpt-5.6-sol-high,long-trace-final,long-trace-final,static,Omega_CC,88,0
static::gpt-5.6-sol-high::long-trace-final::Omega_CC,gpt-5.6-sol-high::problem-11/long-trace-final,problem-11,,gpt-5.6-sol-high,long-trace-final,long-trace-final,static,Omega_CC,88,0
static::gpt-5.6-sol-high::long-trace-final::Omega_CC,gpt-5.6-sol-high::problem-12/long-trace-final,problem-12,,gpt-5.6-sol-high,long-trace-final,long-trace-final,static,Omega_CC,88,0
static::gpt-5.6-sol-high::long-trace-final::Omega_CC,gpt-5.6-sol-high::problem-13/long-trace-final,problem-13,,gpt-5.6-sol-high,long-trace-final,long-trace-final,static,Omega_CC,88,0
static::gpt-5.6-sol-high::long-trace-final::Omega_CC,gpt-5.6-sol-high::problem-14/long-trace-final,problem-14,,gpt-5.6-sol-high,long-trace-final,long-trace-final,static,Omega_CC,88,0
static::gpt-5.6-sol-high::long-trace-final::Omega_CC,gpt-5.6-sol-high::problem-15/long-trace-final,problem-15,,gpt-5.6-sol-high,long-trace-final,long-trace-final,static,Omega_CC,88,1
static::gpt-5.6-sol-high::long-trace-final::Omega_CC,gpt-5.6-sol-high::problem-16/long-trace-final,problem-16,,gpt-5.6-sol-high,long-trace-final,long-trace-final,static,Omega_CC,88,0
static::gpt-5.6-sol-high::long-trace-final::Omega_CC,gpt-5.6-sol-high::problem-17/long-trace-final,problem-17,,gpt-5.6-sol-high,long-trace-final,long-trace-final,static,Omega_CC,88,0
static::gpt-5.6-sol-high::long-trace-final::Omega_CC,gpt-5.6-sol-high::problem-18/long-trace-final,problem-18,,gpt-5.6-sol-high,long-trace-final,long-trace-final,static,Omega_CC,88,0
static::gpt-5.6-sol-high::long-trace-final::Omega_CC,gpt-5.6-sol-high::problem-19/long-trace-final,problem-19,,gpt-5.6-sol-high,long-trace-final,long-trace-final,static,Omega_CC,88,0
static::gpt-5.6-sol-high::long-trace-final::Omega_CC,gpt-5.6-sol-high::problem-20/long-trace-final,problem-20,,gpt-5.6-sol-high,long-trace-final,long-trace-final,static,Omega_CC,88,0
static::gpt-5.6-sol-high::long-trace-final::Omega_CC,gpt-5.6-sol-high::problem-21/long-trace-final,problem-21,,gpt-5.6-sol-high,long-trace-final,long-trace-final,static,Omega_CC,88,0
static::gpt-5.6-sol-high::long-trace-final::Omega_CC,gpt-5.6-sol-high::problem-22/long-trace-final,problem-22,,gpt-5.6-sol-high,long-trace-final,long-trace-final,static,Omega_CC,88,0
static::gpt-5.6-sol-high::long-trace-final::Omega_CC,gpt-5.6-sol-high::problem-23/long-trace-final,problem-23,,gpt-5.6-sol-high,long-trace-final,long-trace-final,static,Omega_CC,88,0
static::gpt-5.6-sol-high::long-trace-final::Omega_CC,gpt-5.6-sol-high::problem-24/long-trace-final,problem-24,,gpt-5.6-sol-high,long-trace-final,long-trace-final,static,Omega_CC,88,0
static::gpt-5.6-sol-high::long-trace-final::Omega_CC,gpt-5.6-sol-high::problem-25/long-trace-final,problem-25,,gpt-5.6-sol-high,long-trace-final,long-trace-final,static,Omega_CC,88,0
static::gpt-5.6-sol-high::long-trace-final::Omega_CC,gpt-5.6-sol-high::problem-26/long-trace-final,problem-26,,gpt-5.6-sol-high,long-trace-final,long-trace-final,static,Omega_CC,88,0
static::gpt-5.6-sol-high::long-trace-final::Omega_CC,gpt-5.6-sol-high::problem-27/long-trace-final,problem-27,,gpt-5.6-sol-high,long-trace-final,long-trace-final,static,Omega_CC,88,0
static::gpt-5.6-sol-high::long-trace-final::Omega_CC,gpt-5.6-sol-high::problem-28/long-trace-final,problem-28,,gpt-5.6-sol-high,long-trace-final,long-trace-final,static,Omega_CC,88,0
static::gpt-5.6-sol-high::long-trace-final::Omega_CC,gpt-5.6-sol-high::problem-29/long-trace-final,problem-29,,gpt-5.6-sol-high,long-trace-final,long-trace-final,static,Omega_CC,88,0
static::gpt-5.6-sol-high::long-trace-final::Omega_CC,gpt-5.6-sol-high::problem-30/long-trace-final,problem-30,,gpt-5.6-sol-high,long-trace-final,long-trace-final,static,Omega_CC,88,0
static::gpt-5.6-sol-high::post-loop-state::Omega_CC,gpt-5.6-sol-high::problem-01/post-loop-state,problem-01,,gpt-5.6-sol-high,post-loop-state,post-loop-state,static,Omega_CC,88,0
static::gpt-5.6-sol-high::post-loop-state::Omega_CC,gpt-5.6-sol-high::problem-02/post-loop-state,problem-02,,gpt-5.6-sol-high,post-loop-state,post-loop-state,static,Omega_CC,88,0
static::gpt-5.6-sol-high::post-loop-state::Omega_CC,gpt-5.6-sol-high::problem-03/post-loop-state,problem-03,,gpt-5.6-sol-high,post-loop-state,post-loop-state,static,Omega_CC,88,0
static::gpt-5.6-sol-high::post-loop-state::Omega_CC,gpt-5.6-sol-high::problem-04/post-loop-state,problem-04,,gpt-5.6-sol-high,post-loop-state,post-loop-state,static,Omega_CC,88,0
static::gpt-5.6-sol-high::post-loop-state::Omega_CC,gpt-5.6-sol-high::problem-05/post-loop-state,problem-05,,gpt-5.6-sol-high,post-loop-state,post-loop-state,static,Omega_CC,88,0
static::gpt-5.6-sol-high::post-loop-state::Omega_CC,gpt-5.6-sol-high::problem-06/post-loop-state,problem-06,,gpt-5.6-sol-high,post-loop-state,post-loop-state,static,Omega_CC,88,0
static::gpt-5.6-sol-high::post-loop-state::Omega_CC,gpt-5.6-sol-high::problem-07/post-loop-state,problem-07,,gpt-5.6-sol-high,post-loop-state,post-loop-state,static,Omega_CC,88,0
static::gpt-5.6-sol-high::post-loop-state::Omega_CC,gpt-5.6-sol-high::problem-08/post-loop-state,problem-08,,gpt-5.6-sol-high,post-loop-state,post-loop-state,static,Omega_CC,88,0
static::gpt-5.6-sol-high::post-loop-state::Omega_CC,gpt-5.6-sol-high::problem-09/post-loop-state,problem-09,,gpt-5.6-sol-high,post-loop-state,post-loop-state,static,Omega_CC,88,0
static::gpt-5.6-sol-high::post-loop-state::Omega_CC,gpt-5.6-sol-high::problem-10/post-loop-state,problem-10,,gpt-5.6-sol-high,post-loop-state,post-loop-state,static,Omega_CC,88,0
static::gpt-5.6-sol-high::post-loop-state::Omega_CC,gpt-5.6-sol-high::problem-11/post-loop-state,problem-11,,gpt-5.6-sol-high,post-loop-state,post-loop-state,static,Omega_CC,88,0
static::gpt-5.6-sol-high::post-loop-state::Omega_CC,gpt-5.6-sol-high::problem-12/post-loop-state,problem-12,,gpt-5.6-sol-high,post-loop-state,post-loop-state,static,Omega_CC,88,0
static::gpt-5.6-sol-high::post-loop-state::Omega_CC,gpt-5.6-sol-high::problem-13/post-loop-state,problem-13,,gpt-5.6-sol-high,post-loop-state,post-loop-state,static,Omega_CC,88,0
static::gpt-5.6-sol-high::post-loop-state::Omega_CC,gpt-5.6-sol-high::problem-14/post-loop-state,problem-14,,gpt-5.6-sol-high,post-loop-state,post-loop-state,static,Omega_CC,88,0
static::gpt-5.6-sol-high::post-loop-state::Omega_CC,gpt-5.6-sol-high::problem-15/post-loop-state,problem-15,,gpt-5.6-sol-high,post-loop-state,post-loop-state,static,Omega_CC,88,0
static::gpt-5.6-sol-high::post-loop-state::Omega_CC,gpt-5.6-sol-high::problem-16/post-loop-state,problem-16,,gpt-5.6-sol-high,post-loop-state,post-loop-state,static,Omega_CC,88,0
static::gpt-5.6-sol-high::post-loop-state::Omega_CC,gpt-5.6-sol-high::problem-17/post-loop-state,problem-17,,gpt-5.6-sol-high,post-loop-state,post-loop-state,static,Omega_CC,88,0
static::gpt-5.6-sol-high::post-loop-state::Omega_CC,gpt-5.6-sol-high::problem-18/post-loop-state,problem-18,,gpt-5.6-sol-high,post-loop-state,post-loop-state,static,Omega_CC,88,0
static::gpt-5.6-sol-high::post-loop-state::Omega_CC,gpt-5.6-sol-high::problem-19/post-loop-state,problem-19,,gpt-5.6-sol-high,post-loop-state,post-loop-state,static,Omega_CC,88,0
static::gpt-5.6-sol-high::post-loop-state::Omega_CC,gpt-5.6-sol-high::problem-20/post-loop-state,problem-20,,gpt-5.6-sol-high,post-loop-state,post-loop-state,static,Omega_CC,88,0
static::gpt-5.6-sol-high::post-loop-state::Omega_CC,gpt-5.6-sol-high::problem-21/post-loop-state,problem-21,,gpt-5.6-sol-high,post-loop-state,post-loop-state,static,Omega_CC,88,0
static::gpt-5.6-sol-high::post-loop-state::Omega_CC,gpt-5.6-sol-high::problem-22/post-loop-state,problem-22,,gpt-5.6-sol-high,post-loop-state,post-loop-state,static,Omega_CC,88,0
static::gpt-5.6-sol-high::post-loop-state::Omega_CC,gpt-5.6-sol-high::problem-23/post-loop-state,problem-23,,gpt-5.6-sol-high,post-loop-state,post-loop-state,static,Omega_CC,88,0
static::gpt-5.6-sol-high::post-loop-state::Omega_CC,gpt-5.6-sol-high::problem-24/post-loop-state,problem-24,,gpt-5.6-sol-high,post-loop-state,post-loop-state,static,Omega_CC,88,0
static::gpt-5.6-sol-high::post-loop-state::Omega_CC,gpt-5.6-sol-high::problem-25/post-loop-state,problem-25,,gpt-5.6-sol-high,post-loop-state,post-loop-state,static,Omega_CC,88,0
static::gpt-5.6-sol-high::post-loop-state::Omega_CC,gpt-5.6-sol-high::problem-26/post-loop-state,problem-26,,gpt-5.6-sol-high,post-loop-state,post-loop-state,static,Omega_CC,88,0
static::gpt-5.6-sol-high::post-loop-state::Omega_CC,gpt-5.6-sol-high::problem-27/post-loop-state,problem-27,,gpt-5.6-sol-high,post-loop-state,post-loop-state,static,Omega_CC,88,0
static::gpt-5.6-sol-high::post-loop-state::Omega_CC,gpt-5.6-sol-high::problem-28/post-loop-state,problem-28,,gpt-5.6-sol-high,post-loop-state,post-loop-state,static,Omega_CC,88,0
static::gpt-5.6-sol-high::post-loop-state::Omega_CC,gpt-5.6-sol-high::problem-29/post-loop-state,problem-29,,gpt-5.6-sol-high,post-loop-state,post-loop-state,static,Omega_CC,88,0
static::gpt-5.6-sol-high::post-loop-state::Omega_CC,gpt-5.6-sol-high::problem-30/post-loop-state,problem-30,,gpt-5.6-sol-high,post-loop-state,post-loop-state,static,Omega_CC,88,0
static::gpt-5.6-sol-high::short-trace-final::Omega_CC,gpt-5.6-sol-high::problem-01/short-trace-final,problem-01,,gpt-5.6-sol-high,short-trace-final,short-trace-final,static,Omega_CC,88,1
static::gpt-5.6-sol-high::short-trace-final::Omega_CC,gpt-5.6-sol-high::problem-02/short-trace-final,problem-02,,gpt-5.6-sol-high,short-trace-final,short-trace-final,static,Omega_CC,88,0
static::gpt-5.6-sol-high::short-trace-final::Omega_CC,gpt-5.6-sol-high::problem-03/short-trace-final,problem-03,,gpt-5.6-sol-high,short-trace-final,short-trace-final,static,Omega_CC,88,0
static::gpt-5.6-sol-high::short-trace-final::Omega_CC,gpt-5.6-sol-high::problem-04/short-trace-final,problem-04,,gpt-5.6-sol-high,short-trace-final,short-trace-final,static,Omega_CC,88,1
static::gpt-5.6-sol-high::short-trace-final::Omega_CC,gpt-5.6-sol-high::problem-05/short-trace-final,problem-05,,gpt-5.6-sol-high,short-trace-final,short-trace-final,static,Omega_CC,88,0
static::gpt-5.6-sol-high::short-trace-final::Omega_CC,gpt-5.6-sol-high::problem-06/short-trace-final,problem-06,,gpt-5.6-sol-high,short-trace-final,short-trace-final,static,Omega_CC,88,1
static::gpt-5.6-sol-high::short-trace-final::Omega_CC,gpt-5.6-sol-high::problem-07/short-trace-final,problem-07,,gpt-5.6-sol-high,short-trace-final,short-trace-final,static,Omega_CC,88,0
static::gpt-5.6-sol-high::short-trace-final::Omega_CC,gpt-5.6-sol-high::problem-08/short-trace-final,problem-08,,gpt-5.6-sol-high,short-trace-final,short-trace-final,static,Omega_CC,88,0
static::gpt-5.6-sol-high::short-trace-final::Omega_CC,gpt-5.6-sol-high::problem-09/short-trace-final,problem-09,,gpt-5.6-sol-high,short-trace-final,short-trace-final,static,Omega_CC,88,1
static::gpt-5.6-sol-high::short-trace-final::Omega_CC,gpt-5.6-sol-high::problem-10/short-trace-final,problem-10,,gpt-5.6-sol-high,short-trace-final,short-trace-final,static,Omega_CC,88,0
static::gpt-5.6-sol-high::short-trace-final::Omega_CC,gpt-5.6-sol-high::problem-11/short-trace-final,problem-11,,gpt-5.6-sol-high,short-trace-final,short-trace-final,static,Omega_CC,88,0
static::gpt-5.6-sol-high::short-trace-final::Omega_CC,gpt-5.6-sol-high::problem-12/short-trace-final,problem-12,,gpt-5.6-sol-high,short-trace-final,short-trace-final,static,Omega_CC,88,0
static::gpt-5.6-sol-high::short-trace-final::Omega_CC,gpt-5.6-sol-high::problem-13/short-trace-final,problem-13,,gpt-5.6-sol-high,short-trace-final,short-trace-final,static,Omega_CC,88,0
static::gpt-5.6-sol-high::short-trace-final::Omega_CC,gpt-5.6-sol-high::problem-14/short-trace-final,problem-14,,gpt-5.6-sol-high,short-trace-final,short-trace-final,static,Omega_CC,88,0
static::gpt-5.6-sol-high::short-trace-final::Omega_CC,gpt-5.6-sol-high::problem-15/short-trace-final,problem-15,,gpt-5.6-sol-high,short-trace-final,short-trace-final,static,Omega_CC,88,0
static::gpt-5.6-sol-high::short-trace-final::Omega_CC,gpt-5.6-sol-high::problem-16/short-trace-final,problem-16,,gpt-5.6-sol-high,short-trace-final,short-trace-final,static,Omega_CC,88,0
static::gpt-5.6-sol-high::short-trace-final::Omega_CC,gpt-5.6-sol-high::problem-17/short-trace-final,problem-17,,gpt-5.6-sol-high,short-trace-final,short-trace-final,static,Omega_CC,88,0
static::gpt-5.6-sol-high::short-trace-final::Omega_CC,gpt-5.6-sol-high::problem-18/short-trace-final,problem-18,,gpt-5.6-sol-high,short-trace-final,short-trace-final,static,Omega_CC,88,0
static::gpt-5.6-sol-high::short-trace-final::Omega_CC,gpt-5.6-sol-high::problem-19/short-trace-final,problem-19,,gpt-5.6-sol-high,short-trace-final,short-trace-final,static,Omega_CC,88,0
static::gpt-5.6-sol-high::short-trace-final::Omega_CC,gpt-5.6-sol-high::problem-20/short-trace-final,problem-20,,gpt-5.6-sol-high,short-trace-final,short-trace-final,static,Omega_CC,88,0
static::gpt-5.6-sol-high::short-trace-final::Omega_CC,gpt-5.6-sol-high::problem-21/short-trace-final,problem-21,,gpt-5.6-sol-high,short-trace-final,short-trace-final,static,Omega_CC,88,0
static::gpt-5.6-sol-high::short-trace-final::Omega_CC,gpt-5.6-sol-high::problem-22/short-trace-final,problem-22,,gpt-5.6-sol-high,short-trace-final,short-trace-final,static,Omega_CC,88,0
static::gpt-5.6-sol-high::short-trace-final::Omega_CC,gpt-5.6-sol-high::problem-23/short-trace-final,problem-23,,gpt-5.6-sol-high,short-trace-final,short-trace-final,static,Omega_CC,88,0
static::gpt-5.6-sol-high::short-trace-final::Omega_CC,gpt-5.6-sol-high::problem-24/short-trace-final,problem-24,,gpt-5.6-sol-high,short-trace-final,short-trace-final,static,Omega_CC,88,0
static::gpt-5.6-sol-high::short-trace-final::Omega_CC,gpt-5.6-sol-high::problem-25/short-trace-final,problem-25,,gpt-5.6-sol-high,short-trace-final,short-trace-final,static,Omega_CC,88,0
static::gpt-5.6-sol-high::short-trace-final::Omega_CC,gpt-5.6-sol-high::problem-26/short-trace-final,problem-26,,gpt-5.6-sol-high,short-trace-final,short-trace-final,static,Omega_CC,88,0
static::gpt-5.6-sol-high::short-trace-final::Omega_CC,gpt-5.6-sol-high::problem-27/short-trace-final,problem-27,,gpt-5.6-sol-high,short-trace-final,short-trace-final,static,Omega_CC,88,0
static::gpt-5.6-sol-high::short-trace-final::Omega_CC,gpt-5.6-sol-high::problem-28/short-trace-final,problem-28,,gpt-5.6-sol-high,short-trace-final,short-trace-final,static,Omega_CC,88,0
static::gpt-5.6-sol-high::short-trace-final::Omega_CC,gpt-5.6-sol-high::problem-29/short-trace-final,problem-29,,gpt-5.6-sol-high,short-trace-final,short-trace-final,static,Omega_CC,88,0
static::gpt-5.6-sol-high::short-trace-final::Omega_CC,gpt-5.6-sol-high::problem-30/short-trace-final,problem-30,,gpt-5.6-sol-high,short-trace-final,short-trace-final,static,Omega_CC,88,0
static::gpt-5.6-sol-off::inside-loop-state::Omega_CC,gpt-5.6-sol-off::problem-01/inside-loop-state,problem-01,,gpt-5.6-sol-off,inside-loop-state,inside-loop-state,static,Omega_CC,89,0
static::gpt-5.6-sol-off::inside-loop-state::Omega_CC,gpt-5.6-sol-off::problem-02/inside-loop-state,problem-02,,gpt-5.6-sol-off,inside-loop-state,inside-loop-state,static,Omega_CC,89,0
static::gpt-5.6-sol-off::inside-loop-state::Omega_CC,gpt-5.6-sol-off::problem-03/inside-loop-state,problem-03,,gpt-5.6-sol-off,inside-loop-state,inside-loop-state,static,Omega_CC,89,0
static::gpt-5.6-sol-off::inside-loop-state::Omega_CC,gpt-5.6-sol-off::problem-04/inside-loop-state,problem-04,,gpt-5.6-sol-off,inside-loop-state,inside-loop-state,static,Omega_CC,89,0
static::gpt-5.6-sol-off::inside-loop-state::Omega_CC,gpt-5.6-sol-off::problem-05/inside-loop-state,problem-05,,gpt-5.6-sol-off,inside-loop-state,inside-loop-state,static,Omega_CC,89,0
static::gpt-5.6-sol-off::inside-loop-state::Omega_CC,gpt-5.6-sol-off::problem-06/inside-loop-state,problem-06,,gpt-5.6-sol-off,inside-loop-state,inside-loop-state,static,Omega_CC,89,0
static::gpt-5.6-sol-off::inside-loop-state::Omega_CC,gpt-5.6-sol-off::problem-07/inside-loop-state,problem-07,,gpt-5.6-sol-off,inside-loop-state,inside-loop-state,static,Omega_CC,89,0
static::gpt-5.6-sol-off::inside-loop-state::Omega_CC,gpt-5.6-sol-off::problem-08/inside-loop-state,problem-08,,gpt-5.6-sol-off,inside-loop-state,inside-loop-state,static,Omega_CC,89,0
static::gpt-5.6-sol-off::inside-loop-state::Omega_CC,gpt-5.6-sol-off::problem-09/inside-loop-state,problem-09,,gpt-5.6-sol-off,inside-loop-state,inside-loop-state,static,Omega_CC,89,0
static::gpt-5.6-sol-off::inside-loop-state::Omega_CC,gpt-5.6-sol-off::problem-10/inside-loop-state,problem-10,,gpt-5.6-sol-off,inside-loop-state,inside-loop-state,static,Omega_CC,89,0
static::gpt-5.6-sol-off::inside-loop-state::Omega_CC,gpt-5.6-sol-off::problem-11/inside-loop-state,problem-11,,gpt-5.6-sol-off,inside-loop-state,inside-loop-state,static,Omega_CC,89,0
static::gpt-5.6-sol-off::inside-loop-state::Omega_CC,gpt-5.6-sol-off::problem-12/inside-loop-state,problem-12,,gpt-5.6-sol-off,inside-loop-state,inside-loop-state,static,Omega_CC,89,0
static::gpt-5.6-sol-off::inside-loop-state::Omega_CC,gpt-5.6-sol-off::problem-13/inside-loop-state,problem-13,,gpt-5.6-sol-off,inside-loop-state,inside-loop-state,static,Omega_CC,89,0
static::gpt-5.6-sol-off::inside-loop-state::Omega_CC,gpt-5.6-sol-off::problem-14/inside-loop-state,problem-14,,gpt-5.6-sol-off,inside-loop-state,inside-loop-state,static,Omega_CC,89,0
static::gpt-5.6-sol-off::inside-loop-state::Omega_CC,gpt-5.6-sol-off::problem-15/inside-loop-state,problem-15,,gpt-5.6-sol-off,inside-loop-state,inside-loop-state,static,Omega_CC,89,0
static::gpt-5.6-sol-off::inside-loop-state::Omega_CC,gpt-5.6-sol-off::problem-16/inside-loop-state,problem-16,,gpt-5.6-sol-off,inside-loop-state,inside-loop-state,static,Omega_CC,89,0
static::gpt-5.6-sol-off::inside-loop-state::Omega_CC,gpt-5.6-sol-off::problem-17/inside-loop-state,problem-17,,gpt-5.6-sol-off,inside-loop-state,inside-loop-state,static,Omega_CC,89,0
static::gpt-5.6-sol-off::inside-loop-state::Omega_CC,gpt-5.6-sol-off::problem-18/inside-loop-state,problem-18,,gpt-5.6-sol-off,inside-loop-state,inside-loop-state,static,Omega_CC,89,0
static::gpt-5.6-sol-off::inside-loop-state::Omega_CC,gpt-5.6-sol-off::problem-19/inside-loop-state,problem-19,,gpt-5.6-sol-off,inside-loop-state,inside-loop-state,static,Omega_CC,89,0
static::gpt-5.6-sol-off::inside-loop-state::Omega_CC,gpt-5.6-sol-off::problem-20/inside-loop-state,problem-20,,gpt-5.6-sol-off,inside-loop-state,inside-loop-state,static,Omega_CC,89,0
static::gpt-5.6-sol-off::inside-loop-state::Omega_CC,gpt-5.6-sol-off::problem-21/inside-loop-state,problem-21,,gpt-5.6-sol-off,inside-loop-state,inside-loop-state,static,Omega_CC,89,0
static::gpt-5.6-sol-off::inside-loop-state::Omega_CC,gpt-5.6-sol-off::problem-22/inside-loop-state,problem-22,,gpt-5.6-sol-off,inside-loop-state,inside-loop-state,static,Omega_CC,89,0
static::gpt-5.6-sol-off::inside-loop-state::Omega_CC,gpt-5.6-sol-off::problem-23/inside-loop-state,problem-23,,gpt-5.6-sol-off,inside-loop-state,inside-loop-state,static,Omega_CC,89,0
static::gpt-5.6-sol-off::inside-loop-state::Omega_CC,gpt-5.6-sol-off::problem-24/inside-loop-state,problem-24,,gpt-5.6-sol-off,inside-loop-state,inside-loop-state,static,Omega_CC,89,0
static::gpt-5.6-sol-off::inside-loop-state::Omega_CC,gpt-5.6-sol-off::problem-25/inside-loop-state,problem-25,,gpt-5.6-sol-off,inside-loop-state,inside-loop-state,static,Omega_CC,89,0
static::gpt-5.6-sol-off::inside-loop-state::Omega_CC,gpt-5.6-sol-off::problem-26/inside-loop-state,problem-26,,gpt-5.6-sol-off,inside-loop-state,inside-loop-state,static,Omega_CC,89,0
static::gpt-5.6-sol-off::inside-loop-state::Omega_CC,gpt-5.6-sol-off::problem-27/inside-loop-state,problem-27,,gpt-5.6-sol-off,inside-loop-state,inside-loop-state,static,Omega_CC,89,0
static::gpt-5.6-sol-off::inside-loop-state::Omega_CC,gpt-5.6-sol-off::problem-28/inside-loop-state,problem-28,,gpt-5.6-sol-off,inside-loop-state,inside-loop-state,static,Omega_CC,89,0
static::gpt-5.6-sol-off::inside-loop-state::Omega_CC,gpt-5.6-sol-off::problem-29/inside-loop-state,problem-29,,gpt-5.6-sol-off,inside-loop-state,inside-loop-state,static,Omega_CC,89,0
static::gpt-5.6-sol-off::inside-loop-state::Omega_CC,gpt-5.6-sol-off::problem-30/inside-loop-state,problem-30,,gpt-5.6-sol-off,inside-loop-state,inside-loop-state,static,Omega_CC,89,0
static::gpt-5.6-sol-off::long-trace-final::Omega_CC,gpt-5.6-sol-off::problem-01/long-trace-final,problem-01,,gpt-5.6-sol-off,long-trace-final,long-trace-final,static,Omega_CC,88,0
static::gpt-5.6-sol-off::long-trace-final::Omega_CC,gpt-5.6-sol-off::problem-02/long-trace-final,problem-02,,gpt-5.6-sol-off,long-trace-final,long-trace-final,static,Omega_CC,88,0
static::gpt-5.6-sol-off::long-trace-final::Omega_CC,gpt-5.6-sol-off::problem-03/long-trace-final,problem-03,,gpt-5.6-sol-off,long-trace-final,long-trace-final,static,Omega_CC,88,0
static::gpt-5.6-sol-off::long-trace-final::Omega_CC,gpt-5.6-sol-off::problem-04/long-trace-final,problem-04,,gpt-5.6-sol-off,long-trace-final,long-trace-final,static,Omega_CC,88,0
static::gpt-5.6-sol-off::long-trace-final::Omega_CC,gpt-5.6-sol-off::problem-05/long-trace-final,problem-05,,gpt-5.6-sol-off,long-trace-final,long-trace-final,static,Omega_CC,88,0
static::gpt-5.6-sol-off::long-trace-final::Omega_CC,gpt-5.6-sol-off::problem-06/long-trace-final,problem-06,,gpt-5.6-sol-off,long-trace-final,long-trace-final,static,Omega_CC,88,0
static::gpt-5.6-sol-off::long-trace-final::Omega_CC,gpt-5.6-sol-off::problem-07/long-trace-final,problem-07,,gpt-5.6-sol-off,long-trace-final,long-trace-final,static,Omega_CC,88,0
static::gpt-5.6-sol-off::long-trace-final::Omega_CC,gpt-5.6-sol-off::problem-08/long-trace-final,problem-08,,gpt-5.6-sol-off,long-trace-final,long-trace-final,static,Omega_CC,88,0
static::gpt-5.6-sol-off::long-trace-final::Omega_CC,gpt-5.6-sol-off::problem-09/long-trace-final,problem-09,,gpt-5.6-sol-off,long-trace-final,long-trace-final,static,Omega_CC,88,0
static::gpt-5.6-sol-off::long-trace-final::Omega_CC,gpt-5.6-sol-off::problem-10/long-trace-final,problem-10,,gpt-5.6-sol-off,long-trace-final,long-trace-final,static,Omega_CC,88,0
static::gpt-5.6-sol-off::long-trace-final::Omega_CC,gpt-5.6-sol-off::problem-11/long-trace-final,problem-11,,gpt-5.6-sol-off,long-trace-final,long-trace-final,static,Omega_CC,88,0
static::gpt-5.6-sol-off::long-trace-final::Omega_CC,gpt-5.6-sol-off::problem-12/long-trace-final,problem-12,,gpt-5.6-sol-off,long-trace-final,long-trace-final,static,Omega_CC,88,0
static::gpt-5.6-sol-off::long-trace-final::Omega_CC,gpt-5.6-sol-off::problem-13/long-trace-final,problem-13,,gpt-5.6-sol-off,long-trace-final,long-trace-final,static,Omega_CC,88,0
static::gpt-5.6-sol-off::long-trace-final::Omega_CC,gpt-5.6-sol-off::problem-14/long-trace-final,problem-14,,gpt-5.6-sol-off,long-trace-final,long-trace-final,static,Omega_CC,88,0
static::gpt-5.6-sol-off::long-trace-final::Omega_CC,gpt-5.6-sol-off::problem-15/long-trace-final,problem-15,,gpt-5.6-sol-off,long-trace-final,long-trace-final,static,Omega_CC,88,0
static::gpt-5.6-sol-off::long-trace-final::Omega_CC,gpt-5.6-sol-off::problem-16/long-trace-final,problem-16,,gpt-5.6-sol-off,long-trace-final,long-trace-final,static,Omega_CC,88,0
static::gpt-5.6-sol-off::long-trace-final::Omega_CC,gpt-5.6-sol-off::problem-17/long-trace-final,problem-17,,gpt-5.6-sol-off,long-trace-final,long-trace-final,static,Omega_CC,88,0
static::gpt-5.6-sol-off::long-trace-final::Omega_CC,gpt-5.6-sol-off::problem-18/long-trace-final,problem-18,,gpt-5.6-sol-off,long-trace-final,long-trace-final,static,Omega_CC,88,0
static::gpt-5.6-sol-off::long-trace-final::Omega_CC,gpt-5.6-sol-off::problem-19/long-trace-final,problem-19,,gpt-5.6-sol-off,long-trace-final,long-trace-final,static,Omega_CC,88,0
static::gpt-5.6-sol-off::long-trace-final::Omega_CC,gpt-5.6-sol-off::problem-20/long-trace-final,problem-20,,gpt-5.6-sol-off,long-trace-final,long-trace-final,static,Omega_CC,88,0
static::gpt-5.6-sol-off::long-trace-final::Omega_CC,gpt-5.6-sol-off::problem-21/long-trace-final,problem-21,,gpt-5.6-sol-off,long-trace-final,long-trace-final,static,Omega_CC,88,0
static::gpt-5.6-sol-off::long-trace-final::Omega_CC,gpt-5.6-sol-off::problem-22/long-trace-final,problem-22,,gpt-5.6-sol-off,long-trace-final,long-trace-final,static,Omega_CC,88,0
static::gpt-5.6-sol-off::long-trace-final::Omega_CC,gpt-5.6-sol-off::problem-23/long-trace-final,problem-23,,gpt-5.6-sol-off,long-trace-final,long-trace-final,static,Omega_CC,88,0
static::gpt-5.6-sol-off::long-trace-final::Omega_CC,gpt-5.6-sol-off::problem-24/long-trace-final,problem-24,,gpt-5.6-sol-off,long-trace-final,long-trace-final,static,Omega_CC,88,0
static::gpt-5.6-sol-off::long-trace-final::Omega_CC,gpt-5.6-sol-off::problem-25/long-trace-final,problem-25,,gpt-5.6-sol-off,long-trace-final,long-trace-final,static,Omega_CC,88,0
static::gpt-5.6-sol-off::long-trace-final::Omega_CC,gpt-5.6-sol-off::problem-26/long-trace-final,problem-26,,gpt-5.6-sol-off,long-trace-final,long-trace-final,static,Omega_CC,88,0
static::gpt-5.6-sol-off::long-trace-final::Omega_CC,gpt-5.6-sol-off::problem-27/long-trace-final,problem-27,,gpt-5.6-sol-off,long-trace-final,long-trace-final,static,Omega_CC,88,0
static::gpt-5.6-sol-off::long-trace-final::Omega_CC,gpt-5.6-sol-off::problem-28/long-trace-final,problem-28,,gpt-5.6-sol-off,long-trace-final,long-trace-final,static,Omega_CC,88,0
static::gpt-5.6-sol-off::long-trace-final::Omega_CC,gpt-5.6-sol-off::problem-29/long-trace-final,problem-29,,gpt-5.6-sol-off,long-trace-final,long-trace-final,static,Omega_CC,88,0
static::gpt-5.6-sol-off::long-trace-final::Omega_CC,gpt-5.6-sol-off::problem-30/long-trace-final,problem-30,,gpt-5.6-sol-off,long-trace-final,long-trace-final,static,Omega_CC,88,0
static::gpt-5.6-sol-off::post-loop-state::Omega_CC,gpt-5.6-sol-off::problem-01/post-loop-state,problem-01,,gpt-5.6-sol-off,post-loop-state,post-loop-state,static,Omega_CC,88,0
static::gpt-5.6-sol-off::post-loop-state::Omega_CC,gpt-5.6-sol-off::problem-02/post-loop-state,problem-02,,gpt-5.6-sol-off,post-loop-state,post-loop-state,static,Omega_CC,88,0
static::gpt-5.6-sol-off::post-loop-state::Omega_CC,gpt-5.6-sol-off::problem-03/post-loop-state,problem-03,,gpt-5.6-sol-off,post-loop-state,post-loop-state,static,Omega_CC,88,0
static::gpt-5.6-sol-off::post-loop-state::Omega_CC,gpt-5.6-sol-off::problem-04/post-loop-state,problem-04,,gpt-5.6-sol-off,post-loop-state,post-loop-state,static,Omega_CC,88,0
static::gpt-5.6-sol-off::post-loop-state::Omega_CC,gpt-5.6-sol-off::problem-05/post-loop-state,problem-05,,gpt-5.6-sol-off,post-loop-state,post-loop-state,static,Omega_CC,88,0
static::gpt-5.6-sol-off::post-loop-state::Omega_CC,gpt-5.6-sol-off::problem-06/post-loop-state,problem-06,,gpt-5.6-sol-off,post-loop-state,post-loop-state,static,Omega_CC,88,0
static::gpt-5.6-sol-off::post-loop-state::Omega_CC,gpt-5.6-sol-off::problem-07/post-loop-state,problem-07,,gpt-5.6-sol-off,post-loop-state,post-loop-state,static,Omega_CC,88,0
static::gpt-5.6-sol-off::post-loop-state::Omega_CC,gpt-5.6-sol-off::problem-08/post-loop-state,problem-08,,gpt-5.6-sol-off,post-loop-state,post-loop-state,static,Omega_CC,88,0
static::gpt-5.6-sol-off::post-loop-state::Omega_CC,gpt-5.6-sol-off::problem-09/post-loop-state,problem-09,,gpt-5.6-sol-off,post-loop-state,post-loop-state,static,Omega_CC,88,0
static::gpt-5.6-sol-off::post-loop-state::Omega_CC,gpt-5.6-sol-off::problem-10/post-loop-state,problem-10,,gpt-5.6-sol-off,post-loop-state,post-loop-state,static,Omega_CC,88,0
static::gpt-5.6-sol-off::post-loop-state::Omega_CC,gpt-5.6-sol-off::problem-11/post-loop-state,problem-11,,gpt-5.6-sol-off,post-loop-state,post-loop-state,static,Omega_CC,88,0
static::gpt-5.6-sol-off::post-loop-state::Omega_CC,gpt-5.6-sol-off::problem-12/post-loop-state,problem-12,,gpt-5.6-sol-off,post-loop-state,post-loop-state,static,Omega_CC,88,0
static::gpt-5.6-sol-off::post-loop-state::Omega_CC,gpt-5.6-sol-off::problem-13/post-loop-state,problem-13,,gpt-5.6-sol-off,post-loop-state,post-loop-state,static,Omega_CC,88,0
static::gpt-5.6-sol-off::post-loop-state::Omega_CC,gpt-5.6-sol-off::problem-14/post-loop-state,problem-14,,gpt-5.6-sol-off,post-loop-state,post-loop-state,static,Omega_CC,88,0
static::gpt-5.6-sol-off::post-loop-state::Omega_CC,gpt-5.6-sol-off::problem-15/post-loop-state,problem-15,,gpt-5.6-sol-off,post-loop-state,post-loop-state,static,Omega_CC,88,0
static::gpt-5.6-sol-off::post-loop-state::Omega_CC,gpt-5.6-sol-off::problem-16/post-loop-state,problem-16,,gpt-5.6-sol-off,post-loop-state,post-loop-state,static,Omega_CC,88,0
static::gpt-5.6-sol-off::post-loop-state::Omega_CC,gpt-5.6-sol-off::problem-17/post-loop-state,problem-17,,gpt-5.6-sol-off,post-loop-state,post-loop-state,static,Omega_CC,88,0
static::gpt-5.6-sol-off::post-loop-state::Omega_CC,gpt-5.6-sol-off::problem-18/post-loop-state,problem-18,,gpt-5.6-sol-off,post-loop-state,post-loop-state,static,Omega_CC,88,0
static::gpt-5.6-sol-off::post-loop-state::Omega_CC,gpt-5.6-sol-off::problem-19/post-loop-state,problem-19,,gpt-5.6-sol-off,post-loop-state,post-loop-state,static,Omega_CC,88,0
static::gpt-5.6-sol-off::post-loop-state::Omega_CC,gpt-5.6-sol-off::problem-20/post-loop-state,problem-20,,gpt-5.6-sol-off,post-loop-state,post-loop-state,static,Omega_CC,88,0
static::gpt-5.6-sol-off::post-loop-state::Omega_CC,gpt-5.6-sol-off::problem-21/post-loop-state,problem-21,,gpt-5.6-sol-off,post-loop-state,post-loop-state,static,Omega_CC,88,0
static::gpt-5.6-sol-off::post-loop-state::Omega_CC,gpt-5.6-sol-off::problem-22/post-loop-state,problem-22,,gpt-5.6-sol-off,post-loop-state,post-loop-state,static,Omega_CC,88,0
static::gpt-5.6-sol-off::post-loop-state::Omega_CC,gpt-5.6-sol-off::problem-23/post-loop-state,problem-23,,gpt-5.6-sol-off,post-loop-state,post-loop-state,static,Omega_CC,88,0
static::gpt-5.6-sol-off::post-loop-state::Omega_CC,gpt-5.6-sol-off::problem-24/post-loop-state,problem-24,,gpt-5.6-sol-off,post-loop-state,post-loop-state,static,Omega_CC,88,0
static::gpt-5.6-sol-off::post-loop-state::Omega_CC,gpt-5.6-sol-off::problem-25/post-loop-state,problem-25,,gpt-5.6-sol-off,post-loop-state,post-loop-state,static,Omega_CC,88,0
static::gpt-5.6-sol-off::post-loop-state::Omega_CC,gpt-5.6-sol-off::problem-26/post-loop-state,problem-26,,gpt-5.6-sol-off,post-loop-state,post-loop-state,static,Omega_CC,88,0
static::gpt-5.6-sol-off::post-loop-state::Omega_CC,gpt-5.6-sol-off::problem-27/post-loop-state,problem-27,,gpt-5.6-sol-off,post-loop-state,post-loop-state,static,Omega_CC,88,0
static::gpt-5.6-sol-off::post-loop-state::Omega_CC,gpt-5.6-sol-off::problem-28/post-loop-state,problem-28,,gpt-5.6-sol-off,post-loop-state,post-loop-state,static,Omega_CC,88,0
static::gpt-5.6-sol-off::post-loop-state::Omega_CC,gpt-5.6-sol-off::problem-29/post-loop-state,problem-29,,gpt-5.6-sol-off,post-loop-state,post-loop-state,static,Omega_CC,88,0
static::gpt-5.6-sol-off::post-loop-state::Omega_CC,gpt-5.6-sol-off::problem-30/post-loop-state,problem-30,,gpt-5.6-sol-off,post-loop-state,post-loop-state,static,Omega_CC,88,0
static::gpt-5.6-sol-off::short-trace-final::Omega_CC,gpt-5.6-sol-off::problem-01/short-trace-final,problem-01,,gpt-5.6-sol-off,short-trace-final,short-trace-final,static,Omega_CC,88,0
static::gpt-5.6-sol-off::short-trace-final::Omega_CC,gpt-5.6-sol-off::problem-02/short-trace-final,problem-02,,gpt-5.6-sol-off,short-trace-final,short-trace-final,static,Omega_CC,88,0
static::gpt-5.6-sol-off::short-trace-final::Omega_CC,gpt-5.6-sol-off::problem-03/short-trace-final,problem-03,,gpt-5.6-sol-off,short-trace-final,short-trace-final,static,Omega_CC,88,0
static::gpt-5.6-sol-off::short-trace-final::Omega_CC,gpt-5.6-sol-off::problem-04/short-trace-final,problem-04,,gpt-5.6-sol-off,short-trace-final,short-trace-final,static,Omega_CC,88,0
static::gpt-5.6-sol-off::short-trace-final::Omega_CC,gpt-5.6-sol-off::problem-05/short-trace-final,problem-05,,gpt-5.6-sol-off,short-trace-final,short-trace-final,static,Omega_CC,88,0
static::gpt-5.6-sol-off::short-trace-final::Omega_CC,gpt-5.6-sol-off::problem-06/short-trace-final,problem-06,,gpt-5.6-sol-off,short-trace-final,short-trace-final,static,Omega_CC,88,0
static::gpt-5.6-sol-off::short-trace-final::Omega_CC,gpt-5.6-sol-off::problem-07/short-trace-final,problem-07,,gpt-5.6-sol-off,short-trace-final,short-trace-final,static,Omega_CC,88,0
static::gpt-5.6-sol-off::short-trace-final::Omega_CC,gpt-5.6-sol-off::problem-08/short-trace-final,problem-08,,gpt-5.6-sol-off,short-trace-final,short-trace-final,static,Omega_CC,88,0
static::gpt-5.6-sol-off::short-trace-final::Omega_CC,gpt-5.6-sol-off::problem-09/short-trace-final,problem-09,,gpt-5.6-sol-off,short-trace-final,short-trace-final,static,Omega_CC,88,0
static::gpt-5.6-sol-off::short-trace-final::Omega_CC,gpt-5.6-sol-off::problem-10/short-trace-final,problem-10,,gpt-5.6-sol-off,short-trace-final,short-trace-final,static,Omega_CC,88,0
static::gpt-5.6-sol-off::short-trace-final::Omega_CC,gpt-5.6-sol-off::problem-11/short-trace-final,problem-11,,gpt-5.6-sol-off,short-trace-final,short-trace-final,static,Omega_CC,88,0
static::gpt-5.6-sol-off::short-trace-final::Omega_CC,gpt-5.6-sol-off::problem-12/short-trace-final,problem-12,,gpt-5.6-sol-off,short-trace-final,short-trace-final,static,Omega_CC,88,0
static::gpt-5.6-sol-off::short-trace-final::Omega_CC,gpt-5.6-sol-off::problem-13/short-trace-final,problem-13,,gpt-5.6-sol-off,short-trace-final,short-trace-final,static,Omega_CC,88,0
static::gpt-5.6-sol-off::short-trace-final::Omega_CC,gpt-5.6-sol-off::problem-14/short-trace-final,problem-14,,gpt-5.6-sol-off,short-trace-final,short-trace-final,static,Omega_CC,88,0
static::gpt-5.6-sol-off::short-trace-final::Omega_CC,gpt-5.6-sol-off::problem-15/short-trace-final,problem-15,,gpt-5.6-sol-off,short-trace-final,short-trace-final,static,Omega_CC,88,0
static::gpt-5.6-sol-off::short-trace-final::Omega_CC,gpt-5.6-sol-off::problem-16/short-trace-final,problem-16,,gpt-5.6-sol-off,short-trace-final,short-trace-final,static,Omega_CC,88,0
static::gpt-5.6-sol-off::short-trace-final::Omega_CC,gpt-5.6-sol-off::problem-17/short-trace-final,problem-17,,gpt-5.6-sol-off,short-trace-final,short-trace-final,static,Omega_CC,88,0
static::gpt-5.6-sol-off::short-trace-final::Omega_CC,gpt-5.6-sol-off::problem-18/short-trace-final,problem-18,,gpt-5.6-sol-off,short-trace-final,short-trace-final,static,Omega_CC,88,0
static::gpt-5.6-sol-off::short-trace-final::Omega_CC,gpt-5.6-sol-off::problem-19/short-trace-final,problem-19,,gpt-5.6-sol-off,short-trace-final,short-trace-final,static,Omega_CC,88,0
static::gpt-5.6-sol-off::short-trace-final::Omega_CC,gpt-5.6-sol-off::problem-20/short-trace-final,problem-20,,gpt-5.6-sol-off,short-trace-final,short-trace-final,static,Omega_CC,88,0
static::gpt-5.6-sol-off::short-trace-final::Omega_CC,gpt-5.6-sol-off::problem-21/short-trace-final,problem-21,,gpt-5.6-sol-off,short-trace-final,short-trace-final,static,Omega_CC,88,0
static::gpt-5.6-sol-off::short-trace-final::Omega_CC,gpt-5.6-sol-off::problem-22/short-trace-final,problem-22,,gpt-5.6-sol-off,short-trace-final,short-trace-final,static,Omega_CC,88,0
static::gpt-5.6-sol-off::short-trace-final::Omega_CC,gpt-5.6-sol-off::problem-23/short-trace-final,problem-23,,gpt-5.6-sol-off,short-trace-final,short-trace-final,static,Omega_CC,88,0
static::gpt-5.6-sol-off::short-trace-final::Omega_CC,gpt-5.6-sol-off::problem-24/short-trace-final,problem-24,,gpt-5.6-sol-off,short-trace-final,short-trace-final,static,Omega_CC,88,0
static::gpt-5.6-sol-off::short-trace-final::Omega_CC,gpt-5.6-sol-off::problem-25/short-trace-final,problem-25,,gpt-5.6-sol-off,short-trace-final,short-trace-final,static,Omega_CC,88,0
static::gpt-5.6-sol-off::short-trace-final::Omega_CC,gpt-5.6-sol-off::problem-26/short-trace-final,problem-26,,gpt-5.6-sol-off,short-trace-final,short-trace-final,static,Omega_CC,88,0
static::gpt-5.6-sol-off::short-trace-final::Omega_CC,gpt-5.6-sol-off::problem-27/short-trace-final,problem-27,,gpt-5.6-sol-off,short-trace-final,short-trace-final,static,Omega_CC,88,0
static::gpt-5.6-sol-off::short-trace-final::Omega_CC,gpt-5.6-sol-off::problem-28/short-trace-final,problem-28,,gpt-5.6-sol-off,short-trace-final,short-trace-final,static,Omega_CC,88,0
static::gpt-5.6-sol-off::short-trace-final::Omega_CC,gpt-5.6-sol-off::problem-29/short-trace-final,problem-29,,gpt-5.6-sol-off,short-trace-final,short-trace-final,static,Omega_CC,88,0
static::gpt-5.6-sol-off::short-trace-final::Omega_CC,gpt-5.6-sol-off::problem-30/short-trace-final,problem-30,,gpt-5.6-sol-off,short-trace-final,short-trace-final,static,Omega_CC,88,0
static::qwen3.8-27b-high::inside-loop-state::Omega_CC,qwen3.8-27b-high::problem-01/inside-loop-state,problem-01,,qwen3.8-27b-high,inside-loop-state,inside-loop-state,static,Omega_CC,89,0
static::qwen3.8-27b-high::inside-loop-state::Omega_CC,qwen3.8-27b-high::problem-02/inside-loop-state,problem-02,,qwen3.8-27b-high,inside-loop-state,inside-loop-state,static,Omega_CC,89,0
static::qwen3.8-27b-high::inside-loop-state::Omega_CC,qwen3.8-27b-high::problem-03/inside-loop-state,problem-03,,qwen3.8-27b-high,inside-loop-state,inside-loop-state,static,Omega_CC,89,0
static::qwen3.8-27b-high::inside-loop-state::Omega_CC,qwen3.8-27b-high::problem-04/inside-loop-state,problem-04,,qwen3.8-27b-high,inside-loop-state,inside-loop-state,static,Omega_CC,89,0
static::qwen3.8-27b-high::inside-loop-state::Omega_CC,qwen3.8-27b-high::problem-05/inside-loop-state,problem-05,,qwen3.8-27b-high,inside-loop-state,inside-loop-state,static,Omega_CC,89,0
static::qwen3.8-27b-high::inside-loop-state::Omega_CC,qwen3.8-27b-high::problem-06/inside-loop-state,problem-06,,qwen3.8-27b-high,inside-loop-state,inside-loop-state,static,Omega_CC,89,0
static::qwen3.8-27b-high::inside-loop-state::Omega_CC,qwen3.8-27b-high::problem-07/inside-loop-state,problem-07,,qwen3.8-27b-high,inside-loop-state,inside-loop-state,static,Omega_CC,89,0
static::qwen3.8-27b-high::inside-loop-state::Omega_CC,qwen3.8-27b-high::problem-08/inside-loop-state,problem-08,,qwen3.8-27b-high,inside-loop-state,inside-loop-state,static,Omega_CC,89,0
static::qwen3.8-27b-high::inside-loop-state::Omega_CC,qwen3.8-27b-high::problem-09/inside-loop-state,problem-09,,qwen3.8-27b-high,inside-loop-state,inside-loop-state,static,Omega_CC,89,0
static::qwen3.8-27b-high::inside-loop-state::Omega_CC,qwen3.8-27b-high::problem-10/inside-loop-state,problem-10,,qwen3.8-27b-high,inside-loop-state,inside-loop-state,static,Omega_CC,89,0
static::qwen3.8-27b-high::inside-loop-state::Omega_CC,qwen3.8-27b-high::problem-11/inside-loop-state,problem-11,,qwen3.8-27b-high,inside-loop-state,inside-loop-state,static,Omega_CC,89,0
static::qwen3.8-27b-high::inside-loop-state::Omega_CC,qwen3.8-27b-high::problem-12/inside-loop-state,problem-12,,qwen3.8-27b-high,inside-loop-state,inside-loop-state,static,Omega_CC,89,0
static::qwen3.8-27b-high::inside-loop-state::Omega_CC,qwen3.8-27b-high::problem-13/inside-loop-state,problem-13,,qwen3.8-27b-high,inside-loop-state,inside-loop-state,static,Omega_CC,89,0
static::qwen3.8-27b-high::inside-loop-state::Omega_CC,qwen3.8-27b-high::problem-14/inside-loop-state,problem-14,,qwen3.8-27b-high,inside-loop-state,inside-loop-state,static,Omega_CC,89,0
static::qwen3.8-27b-high::inside-loop-state::Omega_CC,qwen3.8-27b-high::problem-15/inside-loop-state,problem-15,,qwen3.8-27b-high,inside-loop-state,inside-loop-state,static,Omega_CC,89,0
static::qwen3.8-27b-high::inside-loop-state::Omega_CC,qwen3.8-27b-high::problem-16/inside-loop-state,problem-16,,qwen3.8-27b-high,inside-loop-state,inside-loop-state,static,Omega_CC,89,0
static::qwen3.8-27b-high::inside-loop-state::Omega_CC,qwen3.8-27b-high::problem-17/inside-loop-state,problem-17,,qwen3.8-27b-high,inside-loop-state,inside-loop-state,static,Omega_CC,89,0
static::qwen3.8-27b-high::inside-loop-state::Omega_CC,qwen3.8-27b-high::problem-18/inside-loop-state,problem-18,,qwen3.8-27b-high,inside-loop-state,inside-loop-state,static,Omega_CC,89,0
static::qwen3.8-27b-high::inside-loop-state::Omega_CC,qwen3.8-27b-high::problem-19/inside-loop-state,problem-19,,qwen3.8-27b-high,inside-loop-state,inside-loop-state,static,Omega_CC,89,0
static::qwen3.8-27b-high::inside-loop-state::Omega_CC,qwen3.8-27b-high::problem-20/inside-loop-state,problem-20,,qwen3.8-27b-high,inside-loop-state,inside-loop-state,static,Omega_CC,89,0
static::qwen3.8-27b-high::inside-loop-state::Omega_CC,qwen3.8-27b-high::problem-21/inside-loop-state,problem-21,,qwen3.8-27b-high,inside-loop-state,inside-loop-state,static,Omega_CC,89,0
static::qwen3.8-27b-high::inside-loop-state::Omega_CC,qwen3.8-27b-high::problem-22/inside-loop-state,problem-22,,qwen3.8-27b-high,inside-loop-state,inside-loop-state,static,Omega_CC,89,0
static::qwen3.8-27b-high::inside-loop-state::Omega_CC,qwen3.8-27b-high::problem-23/inside-loop-state,problem-23,,qwen3.8-27b-high,inside-loop-state,inside-loop-state,static,Omega_CC,89,0
static::qwen3.8-27b-high::inside-loop-state::Omega_CC,qwen3.8-27b-high::problem-24/inside-loop-state,problem-24,,qwen3.8-27b-high,inside-loop-state,inside-loop-state,static,Omega_CC,89,0
static::qwen3.8-27b-high::inside-loop-state::Omega_CC,qwen3.8-27b-high::problem-25/inside-loop-state,problem-25,,qwen3.8-27b-high,inside-loop-state,inside-loop-state,static,Omega_CC,89,0
static::qwen3.8-27b-high::inside-loop-state::Omega_CC,qwen3.8-27b-high::problem-26/inside-loop-state,problem-26,,qwen3.8-27b-high,inside-loop-state,inside-loop-state,static,Omega_CC,89,0
static::qwen3.8-27b-high::inside-loop-state::Omega_CC,qwen3.8-27b-high::problem-27/inside-loop-state,problem-27,,qwen3.8-27b-high,inside-loop-state,inside-loop-state,static,Omega_CC,89,0
static::qwen3.8-27b-high::inside-loop-state::Omega_CC,qwen3.8-27b-high::problem-28/inside-loop-state,problem-28,,qwen3.8-27b-high,inside-loop-state,inside-loop-state,static,Omega_CC,89,0
static::qwen3.8-27b-high::inside-loop-state::Omega_CC,qwen3.8-27b-high::problem-29/inside-loop-state,problem-29,,qwen3.8-27b-high,inside-loop-state,inside-loop-state,static,Omega_CC,89,0
static::qwen3.8-27b-high::inside-loop-state::Omega_CC,qwen3.8-27b-high::problem-30/inside-loop-state,problem-30,,qwen3.8-27b-high,inside-loop-state,inside-loop-state,static,Omega_CC,89,0
static::qwen3.8-27b-high::long-trace-final::Omega_CC,qwen3.8-27b-high::problem-01/long-trace-final,problem-01,,qwen3.8-27b-high,long-trace-final,long-trace-final,static,Omega_CC,88,0
static::qwen3.8-27b-high::long-trace-final::Omega_CC,qwen3.8-27b-high::problem-02/long-trace-final,problem-02,,qwen3.8-27b-high,long-trace-final,long-trace-final,static,Omega_CC,88,0
static::qwen3.8-27b-high::long-trace-final::Omega_CC,qwen3.8-27b-high::problem-03/long-trace-final,problem-03,,qwen3.8-27b-high,long-trace-final,long-trace-final,static,Omega_CC,88,0
static::qwen3.8-27b-high::long-trace-final::Omega_CC,qwen3.8-27b-high::problem-04/long-trace-final,problem-04,,qwen3.8-27b-high,long-trace-final,long-trace-final,static,Omega_CC,88,0
static::qwen3.8-27b-high::long-trace-final::Omega_CC,qwen3.8-27b-high::problem-05/long-trace-final,problem-05,,qwen3.8-27b-high,long-trace-final,long-trace-final,static,Omega_CC,88,0
static::qwen3.8-27b-high::long-trace-final::Omega_CC,qwen3.8-27b-high::problem-06/long-trace-final,problem-06,,qwen3.8-27b-high,long-trace-final,long-trace-final,static,Omega_CC,88,0
static::qwen3.8-27b-high::long-trace-final::Omega_CC,qwen3.8-27b-high::problem-07/long-trace-final,problem-07,,qwen3.8-27b-high,long-trace-final,long-trace-final,static,Omega_CC,88,0
static::qwen3.8-27b-high::long-trace-final::Omega_CC,qwen3.8-27b-high::problem-08/long-trace-final,problem-08,,qwen3.8-27b-high,long-trace-final,long-trace-final,static,Omega_CC,88,0
static::qwen3.8-27b-high::long-trace-final::Omega_CC,qwen3.8-27b-high::problem-09/long-trace-final,problem-09,,qwen3.8-27b-high,long-trace-final,long-trace-final,static,Omega_CC,88,0
static::qwen3.8-27b-high::long-trace-final::Omega_CC,qwen3.8-27b-high::problem-10/long-trace-final,problem-10,,qwen3.8-27b-high,long-trace-final,long-trace-final,static,Omega_CC,88,0
static::qwen3.8-27b-high::long-trace-final::Omega_CC,qwen3.8-27b-high::problem-11/long-trace-final,problem-11,,qwen3.8-27b-high,long-trace-final,long-trace-final,static,Omega_CC,88,0
static::qwen3.8-27b-high::long-trace-final::Omega_CC,qwen3.8-27b-high::problem-12/long-trace-final,problem-12,,qwen3.8-27b-high,long-trace-final,long-trace-final,static,Omega_CC,88,0
static::qwen3.8-27b-high::long-trace-final::Omega_CC,qwen3.8-27b-high::problem-13/long-trace-final,problem-13,,qwen3.8-27b-high,long-trace-final,long-trace-final,static,Omega_CC,88,0
static::qwen3.8-27b-high::long-trace-final::Omega_CC,qwen3.8-27b-high::problem-14/long-trace-final,problem-14,,qwen3.8-27b-high,long-trace-final,long-trace-final,static,Omega_CC,88,0
static::qwen3.8-27b-high::long-trace-final::Omega_CC,qwen3.8-27b-high::problem-15/long-trace-final,problem-15,,qwen3.8-27b-high,long-trace-final,long-trace-final,static,Omega_CC,88,0
static::qwen3.8-27b-high::long-trace-final::Omega_CC,qwen3.8-27b-high::problem-16/long-trace-final,problem-16,,qwen3.8-27b-high,long-trace-final,long-trace-final,static,Omega_CC,88,0
static::qwen3.8-27b-high::long-trace-final::Omega_CC,qwen3.8-27b-high::problem-17/long-trace-final,problem-17,,qwen3.8-27b-high,long-trace-final,long-trace-final,static,Omega_CC,88,0
static::qwen3.8-27b-high::long-trace-final::Omega_CC,qwen3.8-27b-high::problem-18/long-trace-final,problem-18,,qwen3.8-27b-high,long-trace-final,long-trace-final,static,Omega_CC,88,0
static::qwen3.8-27b-high::long-trace-final::Omega_CC,qwen3.8-27b-high::problem-19/long-trace-final,problem-19,,qwen3.8-27b-high,long-trace-final,long-trace-final,static,Omega_CC,88,0
static::qwen3.8-27b-high::long-trace-final::Omega_CC,qwen3.8-27b-high::problem-20/long-trace-final,problem-20,,qwen3.8-27b-high,long-trace-final,long-trace-final,static,Omega_CC,88,0
static::qwen3.8-27b-high::long-trace-final::Omega_CC,qwen3.8-27b-high::problem-21/long-trace-final,problem-21,,qwen3.8-27b-high,long-trace-final,long-trace-final,static,Omega_CC,88,0
static::qwen3.8-27b-high::long-trace-final::Omega_CC,qwen3.8-27b-high::problem-22/long-trace-final,problem-22,,qwen3.8-27b-high,long-trace-final,long-trace-final,static,Omega_CC,88,0
static::qwen3.8-27b-high::long-trace-final::Omega_CC,qwen3.8-27b-high::problem-23/long-trace-final,problem-23,,qwen3.8-27b-high,long-trace-final,long-trace-final,static,Omega_CC,88,0
static::qwen3.8-27b-high::long-trace-final::Omega_CC,qwen3.8-27b-high::problem-24/long-trace-final,problem-24,,qwen3.8-27b-high,long-trace-final,long-trace-final,static,Omega_CC,88,0
static::qwen3.8-27b-high::long-trace-final::Omega_CC,qwen3.8-27b-high::problem-25/long-trace-final,problem-25,,qwen3.8-27b-high,long-trace-final,long-trace-final,static,Omega_CC,88,0
static::qwen3.8-27b-high::long-trace-final::Omega_CC,qwen3.8-27b-high::problem-26/long-trace-final,problem-26,,qwen3.8-27b-high,long-trace-final,long-trace-final,static,Omega_CC,88,0
static::qwen3.8-27b-high::long-trace-final::Omega_CC,qwen3.8-27b-high::problem-27/long-trace-final,problem-27,,qwen3.8-27b-high,long-trace-final,long-trace-final,static,Omega_CC,88,0
static::qwen3.8-27b-high::long-trace-final::Omega_CC,qwen3.8-27b-high::problem-28/long-trace-final,problem-28,,qwen3.8-27b-high,long-trace-final,long-trace-final,static,Omega_CC,88,0
static::qwen3.8-27b-high::long-trace-final::Omega_CC,qwen3.8-27b-high::problem-29/long-trace-final,problem-29,,qwen3.8-27b-high,long-trace-final,long-trace-final,static,Omega_CC,88,0
static::qwen3.8-27b-high::long-trace-final::Omega_CC,qwen3.8-27b-high::problem-30/long-trace-final,problem-30,,qwen3.8-27b-high,long-trace-final,long-trace-final,static,Omega_CC,88,0
static::qwen3.8-27b-high::post-loop-state::Omega_CC,qwen3.8-27b-high::problem-01/post-loop-state,problem-01,,qwen3.8-27b-high,post-loop-state,post-loop-state,static,Omega_CC,88,0
static::qwen3.8-27b-high::post-loop-state::Omega_CC,qwen3.8-27b-high::problem-02/post-loop-state,problem-02,,qwen3.8-27b-high,post-loop-state,post-loop-state,static,Omega_CC,88,0
static::qwen3.8-27b-high::post-loop-state::Omega_CC,qwen3.8-27b-high::problem-03/post-loop-state,problem-03,,qwen3.8-27b-high,post-loop-state,post-loop-state,static,Omega_CC,88,0
static::qwen3.8-27b-high::post-loop-state::Omega_CC,qwen3.8-27b-high::problem-04/post-loop-state,problem-04,,qwen3.8-27b-high,post-loop-state,post-loop-state,static,Omega_CC,88,0
static::qwen3.8-27b-high::post-loop-state::Omega_CC,qwen3.8-27b-high::problem-05/post-loop-state,problem-05,,qwen3.8-27b-high,post-loop-state,post-loop-state,static,Omega_CC,88,0
static::qwen3.8-27b-high::post-loop-state::Omega_CC,qwen3.8-27b-high::problem-06/post-loop-state,problem-06,,qwen3.8-27b-high,post-loop-state,post-loop-state,static,Omega_CC,88,0
static::qwen3.8-27b-high::post-loop-state::Omega_CC,qwen3.8-27b-high::problem-07/post-loop-state,problem-07,,qwen3.8-27b-high,post-loop-state,post-loop-state,static,Omega_CC,88,0
static::qwen3.8-27b-high::post-loop-state::Omega_CC,qwen3.8-27b-high::problem-08/post-loop-state,problem-08,,qwen3.8-27b-high,post-loop-state,post-loop-state,static,Omega_CC,88,0
static::qwen3.8-27b-high::post-loop-state::Omega_CC,qwen3.8-27b-high::problem-09/post-loop-state,problem-09,,qwen3.8-27b-high,post-loop-state,post-loop-state,static,Omega_CC,88,0
static::qwen3.8-27b-high::post-loop-state::Omega_CC,qwen3.8-27b-high::problem-10/post-loop-state,problem-10,,qwen3.8-27b-high,post-loop-state,post-loop-state,static,Omega_CC,88,0
static::qwen3.8-27b-high::post-loop-state::Omega_CC,qwen3.8-27b-high::problem-11/post-loop-state,problem-11,,qwen3.8-27b-high,post-loop-state,post-loop-state,static,Omega_CC,88,0
static::qwen3.8-27b-high::post-loop-state::Omega_CC,qwen3.8-27b-high::problem-12/post-loop-state,problem-12,,qwen3.8-27b-high,post-loop-state,post-loop-state,static,Omega_CC,88,0
static::qwen3.8-27b-high::post-loop-state::Omega_CC,qwen3.8-27b-high::problem-13/post-loop-state,problem-13,,qwen3.8-27b-high,post-loop-state,post-loop-state,static,Omega_CC,88,0
static::qwen3.8-27b-high::post-loop-state::Omega_CC,qwen3.8-27b-high::problem-14/post-loop-state,problem-14,,qwen3.8-27b-high,post-loop-state,post-loop-state,static,Omega_CC,88,0
static::qwen3.8-27b-high::post-loop-state::Omega_CC,qwen3.8-27b-high::problem-15/post-loop-state,problem-15,,qwen3.8-27b-high,post-loop-state,post-loop-state,static,Omega_CC,88,0
static::qwen3.8-27b-high::post-loop-state::Omega_CC,qwen3.8-27b-high::problem-16/post-loop-state,problem-16,,qwen3.8-27b-high,post-loop-state,post-loop-state,static,Omega_CC,88,0
static::qwen3.8-27b-high::post-loop-state::Omega_CC,qwen3.8-27b-high::problem-17/post-loop-state,problem-17,,qwen3.8-27b-high,post-loop-state,post-loop-state,static,Omega_CC,88,0
static::qwen3.8-27b-high::post-loop-state::Omega_CC,qwen3.8-27b-high::problem-18/post-loop-state,problem-18,,qwen3.8-27b-high,post-loop-state,post-loop-state,static,Omega_CC,88,0
static::qwen3.8-27b-high::post-loop-state::Omega_CC,qwen3.8-27b-high::problem-19/post-loop-state,problem-19,,qwen3.8-27b-high,post-loop-state,post-loop-state,static,Omega_CC,88,0
static::qwen3.8-27b-high::post-loop-state::Omega_CC,qwen3.8-27b-high::problem-20/post-loop-state,problem-20,,qwen3.8-27b-high,post-loop-state,post-loop-state,static,Omega_CC,88,0
static::qwen3.8-27b-high::post-loop-state::Omega_CC,qwen3.8-27b-high::problem-21/post-loop-state,problem-21,,qwen3.8-27b-high,post-loop-state,post-loop-state,static,Omega_CC,88,0
static::qwen3.8-27b-high::post-loop-state::Omega_CC,qwen3.8-27b-high::problem-22/post-loop-state,problem-22,,qwen3.8-27b-high,post-loop-state,post-loop-state,static,Omega_CC,88,0
static::qwen3.8-27b-high::post-loop-state::Omega_CC,qwen3.8-27b-high::problem-23/post-loop-state,problem-23,,qwen3.8-27b-high,post-loop-state,post-loop-state,static,Omega_CC,88,0
static::qwen3.8-27b-high::post-loop-state::Omega_CC,qwen3.8-27b-high::problem-24/post-loop-state,problem-24,,qwen3.8-27b-high,post-loop-state,post-loop-state,static,Omega_CC,88,0
static::qwen3.8-27b-high::post-loop-state::Omega_CC,qwen3.8-27b-high::problem-25/post-loop-state,problem-25,,qwen3.8-27b-high,post-loop-state,post-loop-state,static,Omega_CC,88,0
static::qwen3.8-27b-high::post-loop-state::Omega_CC,qwen3.8-27b-high::problem-26/post-loop-state,problem-26,,qwen3.8-27b-high,post-loop-state,post-loop-state,static,Omega_CC,88,0
static::qwen3.8-27b-high::post-loop-state::Omega_CC,qwen3.8-27b-high::problem-27/post-loop-state,problem-27,,qwen3.8-27b-high,post-loop-state,post-loop-state,static,Omega_CC,88,0
static::qwen3.8-27b-high::post-loop-state::Omega_CC,qwen3.8-27b-high::problem-28/post-loop-state,problem-28,,qwen3.8-27b-high,post-loop-state,post-loop-state,static,Omega_CC,88,0
static::qwen3.8-27b-high::post-loop-state::Omega_CC,qwen3.8-27b-high::problem-29/post-loop-state,problem-29,,qwen3.8-27b-high,post-loop-state,post-loop-state,static,Omega_CC,88,0
static::qwen3.8-27b-high::post-loop-state::Omega_CC,qwen3.8-27b-high::problem-30/post-loop-state,problem-30,,qwen3.8-27b-high,post-loop-state,post-loop-state,static,Omega_CC,88,0
static::qwen3.8-27b-high::short-trace-final::Omega_CC,qwen3.8-27b-high::problem-01/short-trace-final,problem-01,,qwen3.8-27b-high,short-trace-final,short-trace-final,static,Omega_CC,88,0
static::qwen3.8-27b-high::short-trace-final::Omega_CC,qwen3.8-27b-high::problem-02/short-trace-final,problem-02,,qwen3.8-27b-high,short-trace-final,short-trace-final,static,Omega_CC,88,0
static::qwen3.8-27b-high::short-trace-final::Omega_CC,qwen3.8-27b-high::problem-03/short-trace-final,problem-03,,qwen3.8-27b-high,short-trace-final,short-trace-final,static,Omega_CC,88,0
static::qwen3.8-27b-high::short-trace-final::Omega_CC,qwen3.8-27b-high::problem-04/short-trace-final,problem-04,,qwen3.8-27b-high,short-trace-final,short-trace-final,static,Omega_CC,88,0
static::qwen3.8-27b-high::short-trace-final::Omega_CC,qwen3.8-27b-high::problem-05/short-trace-final,problem-05,,qwen3.8-27b-high,short-trace-final,short-trace-final,static,Omega_CC,88,0
static::qwen3.8-27b-high::short-trace-final::Omega_CC,qwen3.8-27b-high::problem-06/short-trace-final,problem-06,,qwen3.8-27b-high,short-trace-final,short-trace-final,static,Omega_CC,88,0
static::qwen3.8-27b-high::short-trace-final::Omega_CC,qwen3.8-27b-high::problem-07/short-trace-final,problem-07,,qwen3.8-27b-high,short-trace-final,short-trace-final,static,Omega_CC,88,0
static::qwen3.8-27b-high::short-trace-final::Omega_CC,qwen3.8-27b-high::problem-08/short-trace-final,problem-08,,qwen3.8-27b-high,short-trace-final,short-trace-final,static,Omega_CC,88,0
static::qwen3.8-27b-high::short-trace-final::Omega_CC,qwen3.8-27b-high::problem-09/short-trace-final,problem-09,,qwen3.8-27b-high,short-trace-final,short-trace-final,static,Omega_CC,88,0
static::qwen3.8-27b-high::short-trace-final::Omega_CC,qwen3.8-27b-high::problem-10/short-trace-final,problem-10,,qwen3.8-27b-high,short-trace-final,short-trace-final,static,Omega_CC,88,0
static::qwen3.8-27b-high::short-trace-final::Omega_CC,qwen3.8-27b-high::problem-11/short-trace-final,problem-11,,qwen3.8-27b-high,short-trace-final,short-trace-final,static,Omega_CC,88,0
static::qwen3.8-27b-high::short-trace-final::Omega_CC,qwen3.8-27b-high::problem-12/short-trace-final,problem-12,,qwen3.8-27b-high,short-trace-final,short-trace-final,static,Omega_CC,88,0
static::qwen3.8-27b-high::short-trace-final::Omega_CC,qwen3.8-27b-high::problem-13/short-trace-final,problem-13,,qwen3.8-27b-high,short-trace-final,short-trace-final,static,Omega_CC,88,0
static::qwen3.8-27b-high::short-trace-final::Omega_CC,qwen3.8-27b-high::problem-14/short-trace-final,problem-14,,qwen3.8-27b-high,short-trace-final,short-trace-final,static,Omega_CC,88,0
static::qwen3.8-27b-high::short-trace-final::Omega_CC,qwen3.8-27b-high::problem-15/short-trace-final,problem-15,,qwen3.8-27b-high,short-trace-final,short-trace-final,static,Omega_CC,88,0
static::qwen3.8-27b-high::short-trace-final::Omega_CC,qwen3.8-27b-high::problem-16/short-trace-final,problem-16,,qwen3.8-27b-high,short-trace-final,short-trace-final,static,Omega_CC,88,0
static::qwen3.8-27b-high::short-trace-final::Omega_CC,qwen3.8-27b-high::problem-17/short-trace-final,problem-17,,qwen3.8-27b-high,short-trace-final,short-trace-final,static,Omega_CC,88,0
static::qwen3.8-27b-high::short-trace-final::Omega_CC,qwen3.8-27b-high::problem-18/short-trace-final,problem-18,,qwen3.8-27b-high,short-trace-final,short-trace-final,static,Omega_CC,88,0
static::qwen3.8-27b-high::short-trace-final::Omega_CC,qwen3.8-27b-high::problem-19/short-trace-final,problem-19,,qwen3.8-27b-high,short-trace-final,short-trace-final,static,Omega_CC,88,0
static::qwen3.8-27b-high::short-trace-final::Omega_CC,qwen3.8-27b-high::problem-20/short-trace-final,problem-20,,qwen3.8-27b-high,short-trace-final,short-trace-final,static,Omega_CC,88,0
static::qwen3.8-27b-high::short-trace-final::Omega_CC,qwen3.8-27b-high::problem-21/short-trace-final,problem-21,,qwen3.8-27b-high,short-trace-final,short-trace-final,static,Omega_CC,88,0
static::qwen3.8-27b-high::short-trace-final::Omega_CC,qwen3.8-27b-high::problem-22/short-trace-final,problem-22,,qwen3.8-27b-high,short-trace-final,short-trace-final,static,Omega_CC,88,0
static::qwen3.8-27b-high::short-trace-final::Omega_CC,qwen3.8-27b-high::problem-23/short-trace-final,problem-23,,qwen3.8-27b-high,short-trace-final,short-trace-final,static,Omega_CC,88,0
static::qwen3.8-27b-high::short-trace-final::Omega_CC,qwen3.8-27b-high::problem-24/short-trace-final,problem-24,,qwen3.8-27b-high,short-trace-final,short-trace-final,static,Omega_CC,88,0
static::qwen3.8-27b-high::short-trace-final::Omega_CC,qwen3.8-27b-high::problem-25/short-trace-final,problem-25,,qwen3.8-27b-high,short-trace-final,short-trace-final,static,Omega_CC,88,0
static::qwen3.8-27b-high::short-trace-final::Omega_CC,qwen3.8-27b-high::problem-26/short-trace-final,problem-26,,qwen3.8-27b-high,short-trace-final,short-trace-final,static,Omega_CC,88,0
static::qwen3.8-27b-high::short-trace-final::Omega_CC,qwen3.8-27b-high::problem-27/short-trace-final,problem-27,,qwen3.8-27b-high,short-trace-final,short-trace-final,static,Omega_CC,88,0
static::qwen3.8-27b-high::short-trace-final::Omega_CC,qwen3.8-27b-high::problem-28/short-trace-final,problem-28,,qwen3.8-27b-high,short-trace-final,short-trace-final,static,Omega_CC,88,0
static::qwen3.8-27b-high::short-trace-final::Omega_CC,qwen3.8-27b-high::problem-29/short-trace-final,problem-29,,qwen3.8-27b-high,short-trace-final,short-trace-final,static,Omega_CC,88,0
static::qwen3.8-27b-high::short-trace-final::Omega_CC,qwen3.8-27b-high::problem-30/short-trace-final,problem-30,,qwen3.8-27b-high,short-trace-final,short-trace-final,static,Omega_CC,88,0
static::qwen3.8-27b-off::inside-loop-state::Omega_CC,qwen3.8-27b-off::problem-01/inside-loop-state,problem-01,,qwen3.8-27b-off,inside-loop-state,inside-loop-state,static,Omega_CC,89,0
static::qwen3.8-27b-off::inside-loop-state::Omega_CC,qwen3.8-27b-off::problem-02/inside-loop-state,problem-02,,qwen3.8-27b-off,inside-loop-state,inside-loop-state,static,Omega_CC,89,0
static::qwen3.8-27b-off::inside-loop-state::Omega_CC,qwen3.8-27b-off::problem-03/inside-loop-state,problem-03,,qwen3.8-27b-off,inside-loop-state,inside-loop-state,static,Omega_CC,89,0
static::qwen3.8-27b-off::inside-loop-state::Omega_CC,qwen3.8-27b-off::problem-04/inside-loop-state,problem-04,,qwen3.8-27b-off,inside-loop-state,inside-loop-state,static,Omega_CC,89,0
static::qwen3.8-27b-off::inside-loop-state::Omega_CC,qwen3.8-27b-off::problem-05/inside-loop-state,problem-05,,qwen3.8-27b-off,inside-loop-state,inside-loop-state,static,Omega_CC,89,0
static::qwen3.8-27b-off::inside-loop-state::Omega_CC,qwen3.8-27b-off::problem-06/inside-loop-state,problem-06,,qwen3.8-27b-off,inside-loop-state,inside-loop-state,static,Omega_CC,89,0
static::qwen3.8-27b-off::inside-loop-state::Omega_CC,qwen3.8-27b-off::problem-07/inside-loop-state,problem-07,,qwen3.8-27b-off,inside-loop-state,inside-loop-state,static,Omega_CC,89,0
static::qwen3.8-27b-off::inside-loop-state::Omega_CC,qwen3.8-27b-off::problem-08/inside-loop-state,problem-08,,qwen3.8-27b-off,inside-loop-state,inside-loop-state,static,Omega_CC,89,0
static::qwen3.8-27b-off::inside-loop-state::Omega_CC,qwen3.8-27b-off::problem-09/inside-loop-state,problem-09,,qwen3.8-27b-off,inside-loop-state,inside-loop-state,static,Omega_CC,89,0
static::qwen3.8-27b-off::inside-loop-state::Omega_CC,qwen3.8-27b-off::problem-10/inside-loop-state,problem-10,,qwen3.8-27b-off,inside-loop-state,inside-loop-state,static,Omega_CC,89,0
static::qwen3.8-27b-off::inside-loop-state::Omega_CC,qwen3.8-27b-off::problem-11/inside-loop-state,problem-11,,qwen3.8-27b-off,inside-loop-state,inside-loop-state,static,Omega_CC,89,0
static::qwen3.8-27b-off::inside-loop-state::Omega_CC,qwen3.8-27b-off::problem-12/inside-loop-state,problem-12,,qwen3.8-27b-off,inside-loop-state,inside-loop-state,static,Omega_CC,89,0
static::qwen3.8-27b-off::inside-loop-state::Omega_CC,qwen3.8-27b-off::problem-13/inside-loop-state,problem-13,,qwen3.8-27b-off,inside-loop-state,inside-loop-state,static,Omega_CC,89,0
static::qwen3.8-27b-off::inside-loop-state::Omega_CC,qwen3.8-27b-off::problem-14/inside-loop-state,problem-14,,qwen3.8-27b-off,inside-loop-state,inside-loop-state,static,Omega_CC,89,0
static::qwen3.8-27b-off::inside-loop-state::Omega_CC,qwen3.8-27b-off::problem-15/inside-loop-state,problem-15,,qwen3.8-27b-off,inside-loop-state,inside-loop-state,static,Omega_CC,89,0
static::qwen3.8-27b-off::inside-loop-state::Omega_CC,qwen3.8-27b-off::problem-16/inside-loop-state,problem-16,,qwen3.8-27b-off,inside-loop-state,inside-loop-state,static,Omega_CC,89,0
static::qwen3.8-27b-off::inside-loop-state::Omega_CC,qwen3.8-27b-off::problem-17/inside-loop-state,problem-17,,qwen3.8-27b-off,inside-loop-state,inside-loop-state,static,Omega_CC,89,0
static::qwen3.8-27b-off::inside-loop-state::Omega_CC,qwen3.8-27b-off::problem-18/inside-loop-state,problem-18,,qwen3.8-27b-off,inside-loop-state,inside-loop-state,static,Omega_CC,89,0
static::qwen3.8-27b-off::inside-loop-state::Omega_CC,qwen3.8-27b-off::problem-19/inside-loop-state,problem-19,,qwen3.8-27b-off,inside-loop-state,inside-loop-state,static,Omega_CC,89,0
static::qwen3.8-27b-off::inside-loop-state::Omega_CC,qwen3.8-27b-off::problem-20/inside-loop-state,problem-20,,qwen3.8-27b-off,inside-loop-state,inside-loop-state,static,Omega_CC,89,0
static::qwen3.8-27b-off::inside-loop-state::Omega_CC,qwen3.8-27b-off::problem-21/inside-loop-state,problem-21,,qwen3.8-27b-off,inside-loop-state,inside-loop-state,static,Omega_CC,89,0
static::qwen3.8-27b-off::inside-loop-state::Omega_CC,qwen3.8-27b-off::problem-22/inside-loop-state,problem-22,,qwen3.8-27b-off,inside-loop-state,inside-loop-state,static,Omega_CC,89,0
static::qwen3.8-27b-off::inside-loop-state::Omega_CC,qwen3.8-27b-off::problem-23/inside-loop-state,problem-23,,qwen3.8-27b-off,inside-loop-state,inside-loop-state,static,Omega_CC,89,0
static::qwen3.8-27b-off::inside-loop-state::Omega_CC,qwen3.8-27b-off::problem-24/inside-loop-state,problem-24,,qwen3.8-27b-off,inside-loop-state,inside-loop-state,static,Omega_CC,89,0
static::qwen3.8-27b-off::inside-loop-state::Omega_CC,qwen3.8-27b-off::problem-25/inside-loop-state,problem-25,,qwen3.8-27b-off,inside-loop-state,inside-loop-state,static,Omega_CC,89,0
static::qwen3.8-27b-off::inside-loop-state::Omega_CC,qwen3.8-27b-off::problem-26/inside-loop-state,problem-26,,qwen3.8-27b-off,inside-loop-state,inside-loop-state,static,Omega_CC,89,0
static::qwen3.8-27b-off::inside-loop-state::Omega_CC,qwen3.8-27b-off::problem-27/inside-loop-state,problem-27,,qwen3.8-27b-off,inside-loop-state,inside-loop-state,static,Omega_CC,89,0
static::qwen3.8-27b-off::inside-loop-state::Omega_CC,qwen3.8-27b-off::problem-28/inside-loop-state,problem-28,,qwen3.8-27b-off,inside-loop-state,inside-loop-state,static,Omega_CC,89,0
static::qwen3.8-27b-off::inside-loop-state::Omega_CC,qwen3.8-27b-off::problem-29/inside-loop-state,problem-29,,qwen3.8-27b-off,inside-loop-state,inside-loop-state,static,Omega_CC,89,0
static::qwen3.8-27b-off::inside-loop-state::Omega_CC,qwen3.8-27b-off::problem-30/inside-loop-state,problem-30,,qwen3.8-27b-off,inside-loop-state,inside-loop-state,static,Omega_CC,89,0
static::qwen3.8-27b-off::long-trace-final::Omega_CC,qwen3.8-27b-off::problem-01/long-trace-final,problem-01,,qwen3.8-27b-off,long-trace-final,long-trace-final,static,Omega_CC,88,0
static::qwen3.8-27b-off::long-trace-final::Omega_CC,qwen3.8-27b-off::problem-02/long-trace-final,problem-02,,qwen3.8-27b-off,long-trace-final,long-trace-final,static,Omega_CC,88,0
static::qwen3.8-27b-off::long-trace-final::Omega_CC,qwen3.8-27b-off::problem-03/long-trace-final,problem-03,,qwen3.8-27b-off,long-trace-final,long-trace-final,static,Omega_CC,88,0
static::qwen3.8-27b-off::long-trace-final::Omega_CC,qwen3.8-27b-off::problem-04/long-trace-final,problem-04,,qwen3.8-27b-off,long-trace-final,long-trace-final,static,Omega_CC,88,0
static::qwen3.8-27b-off::long-trace-final::Omega_CC,qwen3.8-27b-off::problem-05/long-trace-final,problem-05,,qwen3.8-27b-off,long-trace-final,long-trace-final,static,Omega_CC,88,0
static::qwen3.8-27b-off::long-trace-final::Omega_CC,qwen3.8-27b-off::problem-06/long-trace-final,problem-06,,qwen3.8-27b-off,long-trace-final,long-trace-final,static,Omega_CC,88,0
static::qwen3.8-27b-off::long-trace-final::Omega_CC,qwen3.8-27b-off::problem-07/long-trace-final,problem-07,,qwen3.8-27b-off,long-trace-final,long-trace-final,static,Omega_CC,88,0
static::qwen3.8-27b-off::long-trace-final::Omega_CC,qwen3.8-27b-off::problem-08/long-trace-final,problem-08,,qwen3.8-27b-off,long-trace-final,long-trace-final,static,Omega_CC,88,0
static::qwen3.8-27b-off::long-trace-final::Omega_CC,qwen3.8-27b-off::problem-09/long-trace-final,problem-09,,qwen3.8-27b-off,long-trace-final,long-trace-final,static,Omega_CC,88,0
static::qwen3.8-27b-off::long-trace-final::Omega_CC,qwen3.8-27b-off::problem-10/long-trace-final,problem-10,,qwen3.8-27b-off,long-trace-final,long-trace-final,static,Omega_CC,88,0
static::qwen3.8-27b-off::long-trace-final::Omega_CC,qwen3.8-27b-off::problem-11/long-trace-final,problem-11,,qwen3.8-27b-off,long-trace-final,long-trace-final,static,Omega_CC,88,0
static::qwen3.8-27b-off::long-trace-final::Omega_CC,qwen3.8-27b-off::problem-12/long-trace-final,problem-12,,qwen3.8-27b-off,long-trace-final,long-trace-final,static,Omega_CC,88,0
static::qwen3.8-27b-off::long-trace-final::Omega_CC,qwen3.8-27b-off::problem-13/long-trace-final,problem-13,,qwen3.8-27b-off,long-trace-final,long-trace-final,static,Omega_CC,88,0
static::qwen3.8-27b-off::long-trace-final::Omega_CC,qwen3.8-27b-off::problem-14/long-trace-final,problem-14,,qwen3.8-27b-off,long-trace-final,long-trace-final,static,Omega_CC,88,0
static::qwen3.8-27b-off::long-trace-final::Omega_CC,qwen3.8-27b-off::problem-15/long-trace-final,problem-15,,qwen3.8-27b-off,long-trace-final,long-trace-final,static,Omega_CC,88,0
static::qwen3.8-27b-off::long-trace-final::Omega_CC,qwen3.8-27b-off::problem-16/long-trace-final,problem-16,,qwen3.8-27b-off,long-trace-final,long-trace-final,static,Omega_CC,88,0
static::qwen3.8-27b-off::long-trace-final::Omega_CC,qwen3.8-27b-off::problem-17/long-trace-final,problem-17,,qwen3.8-27b-off,long-trace-final,long-trace-final,static,Omega_CC,88,0
static::qwen3.8-27b-off::long-trace-final::Omega_CC,qwen3.8-27b-off::problem-18/long-trace-final,problem-18,,qwen3.8-27b-off,long-trace-final,long-trace-final,static,Omega_CC,88,0
static::qwen3.8-27b-off::long-trace-final::Omega_CC,qwen3.8-27b-off::problem-19/long-trace-final,problem-19,,qwen3.8-27b-off,long-trace-final,long-trace-final,static,Omega_CC,88,0
static::qwen3.8-27b-off::long-trace-final::Omega_CC,qwen3.8-27b-off::problem-20/long-trace-final,problem-20,,qwen3.8-27b-off,long-trace-final,long-trace-final,static,Omega_CC,88,0
static::qwen3.8-27b-off::long-trace-final::Omega_CC,qwen3.8-27b-off::problem-21/long-trace-final,problem-21,,qwen3.8-27b-off,long-trace-final,long-trace-final,static,Omega_CC,88,0
static::qwen3.8-27b-off::long-trace-final::Omega_CC,qwen3.8-27b-off::problem-22/long-trace-final,problem-22,,qwen3.8-27b-off,long-trace-final,long-trace-final,static,Omega_CC,88,0
static::qwen3.8-27b-off::long-trace-final::Omega_CC,qwen3.8-27b-off::problem-23/long-trace-final,problem-23,,qwen3.8-27b-off,long-trace-final,long-trace-final,static,Omega_CC,88,0
static::qwen3.8-27b-off::long-trace-final::Omega_CC,qwen3.8-27b-off::problem-24/long-trace-final,problem-24,,qwen3.8-27b-off,long-trace-final,long-trace-final,static,Omega_CC,88,0
static::qwen3.8-27b-off::long-trace-final::Omega_CC,qwen3.8-27b-off::problem-25/long-trace-final,problem-25,,qwen3.8-27b-off,long-trace-final,long-trace-final,static,Omega_CC,88,0
static::qwen3.8-27b-off::long-trace-final::Omega_CC,qwen3.8-27b-off::problem-26/long-trace-final,problem-26,,qwen3.8-27b-off,long-trace-final,long-trace-final,static,Omega_CC,88,0
static::qwen3.8-27b-off::long-trace-final::Omega_CC,qwen3.8-27b-off::problem-27/long-trace-final,problem-27,,qwen3.8-27b-off,long-trace-final,long-trace-final,static,Omega_CC,88,0
static::qwen3.8-27b-off::long-trace-final::Omega_CC,qwen3.8-27b-off::problem-28/long-trace-final,problem-28,,qwen3.8-27b-off,long-trace-final,long-trace-final,static,Omega_CC,88,0
static::qwen3.8-27b-off::long-trace-final::Omega_CC,qwen3.8-27b-off::problem-29/long-trace-final,problem-29,,qwen3.8-27b-off,long-trace-final,long-trace-final,static,Omega_CC,88,0
static::qwen3.8-27b-off::long-trace-final::Omega_CC,qwen3.8-27b-off::problem-30/long-trace-final,problem-30,,qwen3.8-27b-off,long-trace-final,long-trace-final,static,Omega_CC,88,0
static::qwen3.8-27b-off::post-loop-state::Omega_CC,qwen3.8-27b-off::problem-01/post-loop-state,problem-01,,qwen3.8-27b-off,post-loop-state,post-loop-state,static,Omega_CC,88,0
static::qwen3.8-27b-off::post-loop-state::Omega_CC,qwen3.8-27b-off::problem-02/post-loop-state,problem-02,,qwen3.8-27b-off,post-loop-state,post-loop-state,static,Omega_CC,88,0
static::qwen3.8-27b-off::post-loop-state::Omega_CC,qwen3.8-27b-off::problem-03/post-loop-state,problem-03,,qwen3.8-27b-off,post-loop-state,post-loop-state,static,Omega_CC,88,0
static::qwen3.8-27b-off::post-loop-state::Omega_CC,qwen3.8-27b-off::problem-04/post-loop-state,problem-04,,qwen3.8-27b-off,post-loop-state,post-loop-state,static,Omega_CC,88,0
static::qwen3.8-27b-off::post-loop-state::Omega_CC,qwen3.8-27b-off::problem-05/post-loop-state,problem-05,,qwen3.8-27b-off,post-loop-state,post-loop-state,static,Omega_CC,88,0
static::qwen3.8-27b-off::post-loop-state::Omega_CC,qwen3.8-27b-off::problem-06/post-loop-state,problem-06,,qwen3.8-27b-off,post-loop-state,post-loop-state,static,Omega_CC,88,0
static::qwen3.8-27b-off::post-loop-state::Omega_CC,qwen3.8-27b-off::problem-07/post-loop-state,problem-07,,qwen3.8-27b-off,post-loop-state,post-loop-state,static,Omega_CC,88,0
static::qwen3.8-27b-off::post-loop-state::Omega_CC,qwen3.8-27b-off::problem-08/post-loop-state,problem-08,,qwen3.8-27b-off,post-loop-state,post-loop-state,static,Omega_CC,88,0
static::qwen3.8-27b-off::post-loop-state::Omega_CC,qwen3.8-27b-off::problem-09/post-loop-state,problem-09,,qwen3.8-27b-off,post-loop-state,post-loop-state,static,Omega_CC,88,0
static::qwen3.8-27b-off::post-loop-state::Omega_CC,qwen3.8-27b-off::problem-10/post-loop-state,problem-10,,qwen3.8-27b-off,post-loop-state,post-loop-state,static,Omega_CC,88,0
static::qwen3.8-27b-off::post-loop-state::Omega_CC,qwen3.8-27b-off::problem-11/post-loop-state,problem-11,,qwen3.8-27b-off,post-loop-state,post-loop-state,static,Omega_CC,88,0
static::qwen3.8-27b-off::post-loop-state::Omega_CC,qwen3.8-27b-off::problem-12/post-loop-state,problem-12,,qwen3.8-27b-off,post-loop-state,post-loop-state,static,Omega_CC,88,0
static::qwen3.8-27b-off::post-loop-state::Omega_CC,qwen3.8-27b-off::problem-13/post-loop-state,problem-13,,qwen3.8-27b-off,post-loop-state,post-loop-state,static,Omega_CC,88,0
static::qwen3.8-27b-off::post-loop-state::Omega_CC,qwen3.8-27b-off::problem-14/post-loop-state,problem-14,,qwen3.8-27b-off,post-loop-state,post-loop-state,static,Omega_CC,88,0
static::qwen3.8-27b-off::post-loop-state::Omega_CC,qwen3.8-27b-off::problem-15/post-loop-state,problem-15,,qwen3.8-27b-off,post-loop-state,post-loop-state,static,Omega_CC,88,0
static::qwen3.8-27b-off::post-loop-state::Omega_CC,qwen3.8-27b-off::problem-16/post-loop-state,problem-16,,qwen3.8-27b-off,post-loop-state,post-loop-state,static,Omega_CC,88,0
static::qwen3.8-27b-off::post-loop-state::Omega_CC,qwen3.8-27b-off::problem-17/post-loop-state,problem-17,,qwen3.8-27b-off,post-loop-state,post-loop-state,static,Omega_CC,88,0
static::qwen3.8-27b-off::post-loop-state::Omega_CC,qwen3.8-27b-off::problem-18/post-loop-state,problem-18,,qwen3.8-27b-off,post-loop-state,post-loop-state,static,Omega_CC,88,0
static::qwen3.8-27b-off::post-loop-state::Omega_CC,qwen3.8-27b-off::problem-19/post-loop-state,problem-19,,qwen3.8-27b-off,post-loop-state,post-loop-state,static,Omega_CC,88,0
static::qwen3.8-27b-off::post-loop-state::Omega_CC,qwen3.8-27b-off::problem-20/post-loop-state,problem-20,,qwen3.8-27b-off,post-loop-state,post-loop-state,static,Omega_CC,88,0
static::qwen3.8-27b-off::post-loop-state::Omega_CC,qwen3.8-27b-off::problem-21/post-loop-state,problem-21,,qwen3.8-27b-off,post-loop-state,post-loop-state,static,Omega_CC,88,0
static::qwen3.8-27b-off::post-loop-state::Omega_CC,qwen3.8-27b-off::problem-22/post-loop-state,problem-22,,qwen3.8-27b-off,post-loop-state,post-loop-state,static,Omega_CC,88,0
static::qwen3.8-27b-off::post-loop-state::Omega_CC,qwen3.8-27b-off::problem-23/post-loop-state,problem-23,,qwen3.8-27b-off,post-loop-state,post-loop-state,static,Omega_CC,88,0
static::qwen3.8-27b-off::post-loop-state::Omega_CC,qwen3.8-27b-off::problem-24/post-loop-state,problem-24,,qwen3.8-27b-off,post-loop-state,post-loop-state,static,Omega_CC,88,0
static::qwen3.8-27b-off::post-loop-state::Omega_CC,qwen3.8-27b-off::problem-25/post-loop-state,problem-25,,qwen3.8-27b-off,post-loop-state,post-loop-state,static,Omega_CC,88,0
static::qwen3.8-27b-off::post-loop-state::Omega_CC,qwen3.8-27b-off::problem-26/post-loop-state,problem-26,,qwen3.8-27b-off,post-loop-state,post-loop-state,static,Omega_CC,88,0
static::qwen3.8-27b-off::post-loop-state::Omega_CC,qwen3.8-27b-off::problem-27/post-loop-state,problem-27,,qwen3.8-27b-off,post-loop-state,post-loop-state,static,Omega_CC,88,0
static::qwen3.8-27b-off::post-loop-state::Omega_CC,qwen3.8-27b-off::problem-28/post-loop-state,problem-28,,qwen3.8-27b-off,post-loop-state,post-loop-state,static,Omega_CC,88,0
static::qwen3.8-27b-off::post-loop-state::Omega_CC,qwen3.8-27b-off::problem-29/post-loop-state,problem-29,,qwen3.8-27b-off,post-loop-state,post-loop-state,static,Omega_CC,88,0
static::qwen3.8-27b-off::post-loop-state::Omega_CC,qwen3.8-27b-off::problem-30/post-loop-state,problem-30,,qwen3.8-27b-off,post-loop-state,post-loop-state,static,Omega_CC,88,0
static::qwen3.8-27b-off::short-trace-final::Omega_CC,qwen3.8-27b-off::problem-01/short-trace-final,problem-01,,qwen3.8-27b-off,short-trace-final,short-trace-final,static,Omega_CC,88,0
static::qwen3.8-27b-off::short-trace-final::Omega_CC,qwen3.8-27b-off::problem-02/short-trace-final,problem-02,,qwen3.8-27b-off,short-trace-final,short-trace-final,static,Omega_CC,88,0
static::qwen3.8-27b-off::short-trace-final::Omega_CC,qwen3.8-27b-off::problem-03/short-trace-final,problem-03,,qwen3.8-27b-off,short-trace-final,short-trace-final,static,Omega_CC,88,0
static::qwen3.8-27b-off::short-trace-final::Omega_CC,qwen3.8-27b-off::problem-04/short-trace-final,problem-04,,qwen3.8-27b-off,short-trace-final,short-trace-final,static,Omega_CC,88,0
static::qwen3.8-27b-off::short-trace-final::Omega_CC,qwen3.8-27b-off::problem-05/short-trace-final,problem-05,,qwen3.8-27b-off,short-trace-final,short-trace-final,static,Omega_CC,88,0
static::qwen3.8-27b-off::short-trace-final::Omega_CC,qwen3.8-27b-off::problem-06/short-trace-final,problem-06,,qwen3.8-27b-off,short-trace-final,short-trace-final,static,Omega_CC,88,0
static::qwen3.8-27b-off::short-trace-final::Omega_CC,qwen3.8-27b-off::problem-07/short-trace-final,problem-07,,qwen3.8-27b-off,short-trace-final,short-trace-final,static,Omega_CC,88,0
static::qwen3.8-27b-off::short-trace-final::Omega_CC,qwen3.8-27b-off::problem-08/short-trace-final,problem-08,,qwen3.8-27b-off,short-trace-final,short-trace-final,static,Omega_CC,88,0
static::qwen3.8-27b-off::short-trace-final::Omega_CC,qwen3.8-27b-off::problem-09/short-trace-final,problem-09,,qwen3.8-27b-off,short-trace-final,short-trace-final,static,Omega_CC,88,0
static::qwen3.8-27b-off::short-trace-final::Omega_CC,qwen3.8-27b-off::problem-10/short-trace-final,problem-10,,qwen3.8-27b-off,short-trace-final,short-trace-final,static,Omega_CC,88,0
static::qwen3.8-27b-off::short-trace-final::Omega_CC,qwen3.8-27b-off::problem-11/short-trace-final,problem-11,,qwen3.8-27b-off,short-trace-final,short-trace-final,static,Omega_CC,88,0
static::qwen3.8-27b-off::short-trace-final::Omega_CC,qwen3.8-27b-off::problem-12/short-trace-final,problem-12,,qwen3.8-27b-off,short-trace-final,short-trace-final,static,Omega_CC,88,0
static::qwen3.8-27b-off::short-trace-final::Omega_CC,qwen3.8-27b-off::problem-13/short-trace-final,problem-13,,qwen3.8-27b-off,short-trace-final,short-trace-final,static,Omega_CC,88,0
static::qwen3.8-27b-off::short-trace-final::Omega_CC,qwen3.8-27b-off::problem-14/short-trace-final,problem-14,,qwen3.8-27b-off,short-trace-final,short-trace-final,static,Omega_CC,88,0
static::qwen3.8-27b-off::short-trace-final::Omega_CC,qwen3.8-27b-off::problem-15/short-trace-final,problem-15,,qwen3.8-27b-off,short-trace-final,short-trace-final,static,Omega_CC,88,0
static::qwen3.8-27b-off::short-trace-final::Omega_CC,qwen3.8-27b-off::problem-16/short-trace-final,problem-16,,qwen3.8-27b-off,short-trace-final,short-trace-final,static,Omega_CC,88,0
static::qwen3.8-27b-off::short-trace-final::Omega_CC,qwen3.8-27b-off::problem-17/short-trace-final,problem-17,,qwen3.8-27b-off,short-trace-final,short-trace-final,static,Omega_CC,88,0
static::qwen3.8-27b-off::short-trace-final::Omega_CC,qwen3.8-27b-off::problem-18/short-trace-final,problem-18,,qwen3.8-27b-off,short-trace-final,short-trace-final,static,Omega_CC,88,0
static::qwen3.8-27b-off::short-trace-final::Omega_CC,qwen3.8-27b-off::problem-19/short-trace-final,problem-19,,qwen3.8-27b-off,short-trace-final,short-trace-final,static,Omega_CC,88,0
static::qwen3.8-27b-off::short-trace-final::Omega_CC,qwen3.8-27b-off::problem-20/short-trace-final,problem-20,,qwen3.8-27b-off,short-trace-final,short-trace-final,static,Omega_CC,88,0
static::qwen3.8-27b-off::short-trace-final::Omega_CC,qwen3.8-27b-off::problem-21/short-trace-final,problem-21,,qwen3.8-27b-off,short-trace-final,short-trace-final,static,Omega_CC,88,0
static::qwen3.8-27b-off::short-trace-final::Omega_CC,qwen3.8-27b-off::problem-22/short-trace-final,problem-22,,qwen3.8-27b-off,short-trace-final,short-trace-final,static,Omega_CC,88,0
static::qwen3.8-27b-off::short-trace-final::Omega_CC,qwen3.8-27b-off::problem-23/short-trace-final,problem-23,,qwen3.8-27b-off,short-trace-final,short-trace-final,static,Omega_CC,88,0
static::qwen3.8-27b-off::short-trace-final::Omega_CC,qwen3.8-27b-off::problem-24/short-trace-final,problem-24,,qwen3.8-27b-off,short-trace-final,short-trace-final,static,Omega_CC,88,0
static::qwen3.8-27b-off::short-trace-final::Omega_CC,qwen3.8-27b-off::problem-25/short-trace-final,problem-25,,qwen3.8-27b-off,short-trace-final,short-trace-final,static,Omega_CC,88,0
static::qwen3.8-27b-off::short-trace-final::Omega_CC,qwen3.8-27b-off::problem-26/short-trace-final,problem-26,,qwen3.8-27b-off,short-trace-final,short-trace-final,static,Omega_CC,88,0
static::qwen3.8-27b-off::short-trace-final::Omega_CC,qwen3.8-27b-off::problem-27/short-trace-final,problem-27,,qwen3.8-27b-off,short-trace-final,short-trace-final,static,Omega_CC,88,0
static::qwen3.8-27b-off::short-trace-final::Omega_CC,qwen3.8-27b-off::problem-28/short-trace-final,problem-28,,qwen3.8-27b-off,short-trace-final,short-trace-final,static,Omega_CC,88,0
static::qwen3.8-27b-off::short-trace-final::Omega_CC,qwen3.8-27b-off::problem-29/short-trace-final,problem-29,,qwen3.8-27b-off,short-trace-final,short-trace-final,static,Omega_CC,88,0
static::qwen3.8-27b-off::short-trace-final::Omega_CC,qwen3.8-27b-off::problem-30/short-trace-final,problem-30,,qwen3.8-27b-off,short-trace-final,short-trace-final,static,Omega_CC,88,0
