schema_version,benchmark,problem,arm,language,source_sha256,input_sha256,execution_id,metric,value,value_relation,status,not_measured_reason,adapter,adapter_version,runtime,observation_convention,repetitions,source_profile
program-complexity-normalized-v2,lcb_hard_v1_cpp,atcoder/abc338_f,short-trace-final,cpp,c2b6fe623ba3b8b051bbda878339965e844af9c568582237cda63700b1f5ffc5,bd5d6711effad64110886582a231b5157fcf8e6429ea6b0b92d80acebc322d67,sha256:24af39daa1be0c93108e71fff0eb0e44a57de420767ea81fa764d25a60c79e38,Omega_CC,16,=,MEASURED,,cpp-preprocessed-control-flow-v1,cpp-preprocessed-control-flow-v1,Clang 18.1.8 Linux amd64 container,,1,experiments/lcb_hard_v1_cpp/measurements/program-complexity/short-trace-final/cpp/profiles.jsonl
program-complexity-normalized-v2,lcb_hard_v1_cpp,atcoder/abc338_f,short-trace-final,cpp,c2b6fe623ba3b8b051bbda878339965e844af9c568582237cda63700b1f5ffc5,bd5d6711effad64110886582a231b5157fcf8e6429ea6b0b92d80acebc322d67,sha256:24af39daa1be0c93108e71fff0eb0e44a57de420767ea81fa764d25a60c79e38,Omega_hat_NativeTrace,2655,=,MEASURED,,clang-18.1.8-coverage-state-load-v1,clang-18.1.8-coverage-state-load-v1,Clang 18.1.8 Linux amd64 container,clang-18.1.8-coverage-state-load-v1,3,experiments/lcb_hard_v1_cpp/measurements/program-complexity/short-trace-final/cpp/profiles.jsonl
program-complexity-normalized-v2,lcb_hard_v1_cpp,atcoder/abc338_f,short-trace-final,cpp,c2b6fe623ba3b8b051bbda878339965e844af9c568582237cda63700b1f5ffc5,bd5d6711effad64110886582a231b5157fcf8e6429ea6b0b92d80acebc322d67,sha256:24af39daa1be0c93108e71fff0eb0e44a57de420767ea81fa764d25a60c79e38,Omega_hat_StateSize,202,=,MEASURED,,clang-18.1.8-coverage-state-load-v1,clang-18.1.8-coverage-state-load-v1,Clang 18.1.8 Linux amd64 container,clang-18.1.8-coverage-state-load-v1,3,experiments/lcb_hard_v1_cpp/measurements/program-complexity/short-trace-final/cpp/profiles.jsonl
program-complexity-normalized-v2,lcb_hard_v1_cpp,atcoder/abc338_f,short-trace-final,cpp,c2b6fe623ba3b8b051bbda878339965e844af9c568582237cda63700b1f5ffc5,bd5d6711effad64110886582a231b5157fcf8e6429ea6b0b92d80acebc322d67,sha256:24af39daa1be0c93108e71fff0eb0e44a57de420767ea81fa764d25a60c79e38,Omega_hat_StateLoad,375461,=,MEASURED,,clang-18.1.8-coverage-state-load-v1,clang-18.1.8-coverage-state-load-v1,Clang 18.1.8 Linux amd64 container,clang-18.1.8-coverage-state-load-v1,3,experiments/lcb_hard_v1_cpp/measurements/program-complexity/short-trace-final/cpp/profiles.jsonl
program-complexity-normalized-v2,lcb_hard_v1_cpp,atcoder/abc338_f,long-trace-final,cpp,c2b6fe623ba3b8b051bbda878339965e844af9c568582237cda63700b1f5ffc5,530378a133b206656a4a955dc386cf1495b96624955c30a076c6989455eadc2f,sha256:23339909deda150459b38423c475ed4ef2ff72f074337c41b5c734706e1061cc,Omega_CC,16,=,MEASURED,,cpp-preprocessed-control-flow-v1,cpp-preprocessed-control-flow-v1,Clang 18.1.8 Linux amd64 container,,1,experiments/lcb_hard_v1_cpp/measurements/program-complexity/long-trace-final/cpp/profiles.jsonl
program-complexity-normalized-v2,lcb_hard_v1_cpp,atcoder/abc338_f,long-trace-final,cpp,c2b6fe623ba3b8b051bbda878339965e844af9c568582237cda63700b1f5ffc5,530378a133b206656a4a955dc386cf1495b96624955c30a076c6989455eadc2f,sha256:23339909deda150459b38423c475ed4ef2ff72f074337c41b5c734706e1061cc,Omega_hat_NativeTrace,30701,=,MEASURED,,clang-18.1.8-coverage-state-load-v1,clang-18.1.8-coverage-state-load-v1,Clang 18.1.8 Linux amd64 container,clang-18.1.8-coverage-state-load-v1,3,experiments/lcb_hard_v1_cpp/measurements/program-complexity/long-trace-final/cpp/profiles.jsonl
program-complexity-normalized-v2,lcb_hard_v1_cpp,atcoder/abc338_f,long-trace-final,cpp,c2b6fe623ba3b8b051bbda878339965e844af9c568582237cda63700b1f5ffc5,530378a133b206656a4a955dc386cf1495b96624955c30a076c6989455eadc2f,sha256:23339909deda150459b38423c475ed4ef2ff72f074337c41b5c734706e1061cc,Omega_hat_StateSize,2132,=,MEASURED,,clang-18.1.8-coverage-state-load-v1,clang-18.1.8-coverage-state-load-v1,Clang 18.1.8 Linux amd64 container,clang-18.1.8-coverage-state-load-v1,3,experiments/lcb_hard_v1_cpp/measurements/program-complexity/long-trace-final/cpp/profiles.jsonl
program-complexity-normalized-v2,lcb_hard_v1_cpp,atcoder/abc338_f,long-trace-final,cpp,c2b6fe623ba3b8b051bbda878339965e844af9c568582237cda63700b1f5ffc5,530378a133b206656a4a955dc386cf1495b96624955c30a076c6989455eadc2f,sha256:23339909deda150459b38423c475ed4ef2ff72f074337c41b5c734706e1061cc,Omega_hat_StateLoad,68792580,=,MEASURED,,clang-18.1.8-coverage-state-load-v1,clang-18.1.8-coverage-state-load-v1,Clang 18.1.8 Linux amd64 container,clang-18.1.8-coverage-state-load-v1,3,experiments/lcb_hard_v1_cpp/measurements/program-complexity/long-trace-final/cpp/profiles.jsonl
program-complexity-normalized-v2,lcb_hard_v1_cpp,atcoder/abc338_f,inside-loop-state,cpp,5bb0cdfa40149e1647dd68ae2f5dcd8e9c522899adc3b1ae916553de168dbf76,530378a133b206656a4a955dc386cf1495b96624955c30a076c6989455eadc2f,sha256:1ccae5ace4ad3d095df0ecd9064339d21785da7e3b3331ac3c1abb3a0fe9e57d,Omega_CC,30,=,MEASURED,,cpp-preprocessed-control-flow-v1,cpp-preprocessed-control-flow-v1,Clang 18.1.8 Linux amd64 container,,1,experiments/lcb_hard_v1_cpp/measurements/program-complexity/inside-loop-state/cpp/profiles.jsonl
program-complexity-normalized-v2,lcb_hard_v1_cpp,atcoder/abc338_f,inside-loop-state,cpp,5bb0cdfa40149e1647dd68ae2f5dcd8e9c522899adc3b1ae916553de168dbf76,530378a133b206656a4a955dc386cf1495b96624955c30a076c6989455eadc2f,sha256:1ccae5ace4ad3d095df0ecd9064339d21785da7e3b3331ac3c1abb3a0fe9e57d,Omega_hat_NativeTrace,8910,=,MEASURED,,clang-18.1.8-coverage-state-load-v1,clang-18.1.8-coverage-state-load-v1,Clang 18.1.8 Linux amd64 container,clang-18.1.8-coverage-state-load-v1,3,experiments/lcb_hard_v1_cpp/measurements/program-complexity/inside-loop-state/cpp/profiles.jsonl
program-complexity-normalized-v2,lcb_hard_v1_cpp,atcoder/abc338_f,inside-loop-state,cpp,5bb0cdfa40149e1647dd68ae2f5dcd8e9c522899adc3b1ae916553de168dbf76,530378a133b206656a4a955dc386cf1495b96624955c30a076c6989455eadc2f,sha256:1ccae5ace4ad3d095df0ecd9064339d21785da7e3b3331ac3c1abb3a0fe9e57d,Omega_hat_StateSize,2133,=,MEASURED,,clang-18.1.8-coverage-state-load-v1,clang-18.1.8-coverage-state-load-v1,Clang 18.1.8 Linux amd64 container,clang-18.1.8-coverage-state-load-v1,3,experiments/lcb_hard_v1_cpp/measurements/program-complexity/inside-loop-state/cpp/profiles.jsonl
program-complexity-normalized-v2,lcb_hard_v1_cpp,atcoder/abc338_f,inside-loop-state,cpp,5bb0cdfa40149e1647dd68ae2f5dcd8e9c522899adc3b1ae916553de168dbf76,530378a133b206656a4a955dc386cf1495b96624955c30a076c6989455eadc2f,sha256:1ccae5ace4ad3d095df0ecd9064339d21785da7e3b3331ac3c1abb3a0fe9e57d,Omega_hat_StateLoad,9834453,=,MEASURED,,clang-18.1.8-coverage-state-load-v1,clang-18.1.8-coverage-state-load-v1,Clang 18.1.8 Linux amd64 container,clang-18.1.8-coverage-state-load-v1,3,experiments/lcb_hard_v1_cpp/measurements/program-complexity/inside-loop-state/cpp/profiles.jsonl
program-complexity-normalized-v2,lcb_hard_v1_cpp,atcoder/abc338_f,post-loop-state,cpp,c1622cf8fcdddc48b113f0d9714f842767a2b0609941e48e1010b0e87996762d,530378a133b206656a4a955dc386cf1495b96624955c30a076c6989455eadc2f,sha256:f4a441e47af0d6dac2ae616633396f1227f0c1aca1b5f696283d531159fa9e50,Omega_CC,30,=,MEASURED,,cpp-preprocessed-control-flow-v1,cpp-preprocessed-control-flow-v1,Clang 18.1.8 Linux amd64 container,,1,experiments/lcb_hard_v1_cpp/measurements/program-complexity/post-loop-state/cpp/profiles.jsonl
program-complexity-normalized-v2,lcb_hard_v1_cpp,atcoder/abc338_f,post-loop-state,cpp,c1622cf8fcdddc48b113f0d9714f842767a2b0609941e48e1010b0e87996762d,530378a133b206656a4a955dc386cf1495b96624955c30a076c6989455eadc2f,sha256:f4a441e47af0d6dac2ae616633396f1227f0c1aca1b5f696283d531159fa9e50,Omega_hat_NativeTrace,11790,=,MEASURED,,clang-18.1.8-coverage-state-load-v1,clang-18.1.8-coverage-state-load-v1,Clang 18.1.8 Linux amd64 container,clang-18.1.8-coverage-state-load-v1,3,experiments/lcb_hard_v1_cpp/measurements/program-complexity/post-loop-state/cpp/profiles.jsonl
program-complexity-normalized-v2,lcb_hard_v1_cpp,atcoder/abc338_f,post-loop-state,cpp,c1622cf8fcdddc48b113f0d9714f842767a2b0609941e48e1010b0e87996762d,530378a133b206656a4a955dc386cf1495b96624955c30a076c6989455eadc2f,sha256:f4a441e47af0d6dac2ae616633396f1227f0c1aca1b5f696283d531159fa9e50,Omega_hat_StateSize,2133,=,MEASURED,,clang-18.1.8-coverage-state-load-v1,clang-18.1.8-coverage-state-load-v1,Clang 18.1.8 Linux amd64 container,clang-18.1.8-coverage-state-load-v1,3,experiments/lcb_hard_v1_cpp/measurements/program-complexity/post-loop-state/cpp/profiles.jsonl
program-complexity-normalized-v2,lcb_hard_v1_cpp,atcoder/abc338_f,post-loop-state,cpp,c1622cf8fcdddc48b113f0d9714f842767a2b0609941e48e1010b0e87996762d,530378a133b206656a4a955dc386cf1495b96624955c30a076c6989455eadc2f,sha256:f4a441e47af0d6dac2ae616633396f1227f0c1aca1b5f696283d531159fa9e50,Omega_hat_StateLoad,19302121,=,MEASURED,,clang-18.1.8-coverage-state-load-v1,clang-18.1.8-coverage-state-load-v1,Clang 18.1.8 Linux amd64 container,clang-18.1.8-coverage-state-load-v1,3,experiments/lcb_hard_v1_cpp/measurements/program-complexity/post-loop-state/cpp/profiles.jsonl
program-complexity-normalized-v2,lcb_hard_v1_cpp,atcoder/abc370_f,short-trace-final,cpp,390393e76b4be5d0658f06aeb6bbef6fcce8b61a70d925044b22fea42c871fb7,621be8689c5f6c9c7c2256bf30eddfbf15d91e0315e22e8b9e2162a762ffe868,sha256:14edfb6609b71b9b3da5939d2f56eeb58281ddc2ca6cb06a67bd001f9643e5b7,Omega_CC,22,=,MEASURED,,cpp-preprocessed-control-flow-v1,cpp-preprocessed-control-flow-v1,Clang 18.1.8 Linux amd64 container,,1,experiments/lcb_hard_v1_cpp/measurements/program-complexity/short-trace-final/cpp/profiles.jsonl
program-complexity-normalized-v2,lcb_hard_v1_cpp,atcoder/abc370_f,short-trace-final,cpp,390393e76b4be5d0658f06aeb6bbef6fcce8b61a70d925044b22fea42c871fb7,621be8689c5f6c9c7c2256bf30eddfbf15d91e0315e22e8b9e2162a762ffe868,sha256:14edfb6609b71b9b3da5939d2f56eeb58281ddc2ca6cb06a67bd001f9643e5b7,Omega_hat_NativeTrace,42124,=,MEASURED,,clang-18.1.8-coverage-state-load-v1,clang-18.1.8-coverage-state-load-v1,Clang 18.1.8 Linux amd64 container,clang-18.1.8-coverage-state-load-v1,3,experiments/lcb_hard_v1_cpp/measurements/program-complexity/short-trace-final/cpp/profiles.jsonl
program-complexity-normalized-v2,lcb_hard_v1_cpp,atcoder/abc370_f,short-trace-final,cpp,390393e76b4be5d0658f06aeb6bbef6fcce8b61a70d925044b22fea42c871fb7,621be8689c5f6c9c7c2256bf30eddfbf15d91e0315e22e8b9e2162a762ffe868,sha256:14edfb6609b71b9b3da5939d2f56eeb58281ddc2ca6cb06a67bd001f9643e5b7,Omega_hat_StateSize,26000721,=,MEASURED,,clang-18.1.8-coverage-state-load-v1,clang-18.1.8-coverage-state-load-v1,Clang 18.1.8 Linux amd64 container,clang-18.1.8-coverage-state-load-v1,3,experiments/lcb_hard_v1_cpp/measurements/program-complexity/short-trace-final/cpp/profiles.jsonl
program-complexity-normalized-v2,lcb_hard_v1_cpp,atcoder/abc370_f,short-trace-final,cpp,390393e76b4be5d0658f06aeb6bbef6fcce8b61a70d925044b22fea42c871fb7,621be8689c5f6c9c7c2256bf30eddfbf15d91e0315e22e8b9e2162a762ffe868,sha256:14edfb6609b71b9b3da5939d2f56eeb58281ddc2ca6cb06a67bd001f9643e5b7,Omega_hat_StateLoad,1692446920,=,MEASURED,,clang-18.1.8-coverage-state-load-v1,clang-18.1.8-coverage-state-load-v1,Clang 18.1.8 Linux amd64 container,clang-18.1.8-coverage-state-load-v1,3,experiments/lcb_hard_v1_cpp/measurements/program-complexity/short-trace-final/cpp/profiles.jsonl
program-complexity-normalized-v2,lcb_hard_v1_cpp,atcoder/abc370_f,long-trace-final,cpp,390393e76b4be5d0658f06aeb6bbef6fcce8b61a70d925044b22fea42c871fb7,8fa1ff7bbac69bc2fd1fecea53f430c4d5406c2f0f7130f54fd5a3cc4b6b4a51,sha256:043f569acabd481ead68bc6732168016dcc7ef0f9004d30e49df468bd128672e,Omega_CC,22,=,MEASURED,,cpp-preprocessed-control-flow-v1,cpp-preprocessed-control-flow-v1,Clang 18.1.8 Linux amd64 container,,1,experiments/lcb_hard_v1_cpp/measurements/program-complexity/long-trace-final/cpp/profiles.jsonl
program-complexity-normalized-v2,lcb_hard_v1_cpp,atcoder/abc370_f,long-trace-final,cpp,390393e76b4be5d0658f06aeb6bbef6fcce8b61a70d925044b22fea42c871fb7,8fa1ff7bbac69bc2fd1fecea53f430c4d5406c2f0f7130f54fd5a3cc4b6b4a51,sha256:043f569acabd481ead68bc6732168016dcc7ef0f9004d30e49df468bd128672e,Omega_hat_NativeTrace,7285388,=,MEASURED,,clang-18.1.8-coverage-state-load-v1,clang-18.1.8-coverage-state-load-v1,Clang 18.1.8 Linux amd64 container,clang-18.1.8-coverage-state-load-v1,3,experiments/lcb_hard_v1_cpp/measurements/program-complexity/long-trace-final/cpp/profiles.jsonl
program-complexity-normalized-v2,lcb_hard_v1_cpp,atcoder/abc370_f,long-trace-final,cpp,390393e76b4be5d0658f06aeb6bbef6fcce8b61a70d925044b22fea42c871fb7,8fa1ff7bbac69bc2fd1fecea53f430c4d5406c2f0f7130f54fd5a3cc4b6b4a51,sha256:043f569acabd481ead68bc6732168016dcc7ef0f9004d30e49df468bd128672e,Omega_hat_StateSize,26000721,=,MEASURED,,clang-18.1.8-coverage-state-load-v1,clang-18.1.8-coverage-state-load-v1,Clang 18.1.8 Linux amd64 container,clang-18.1.8-coverage-state-load-v1,3,experiments/lcb_hard_v1_cpp/measurements/program-complexity/long-trace-final/cpp/profiles.jsonl
program-complexity-normalized-v2,lcb_hard_v1_cpp,atcoder/abc370_f,long-trace-final,cpp,390393e76b4be5d0658f06aeb6bbef6fcce8b61a70d925044b22fea42c871fb7,8fa1ff7bbac69bc2fd1fecea53f430c4d5406c2f0f7130f54fd5a3cc4b6b4a51,sha256:043f569acabd481ead68bc6732168016dcc7ef0f9004d30e49df468bd128672e,Omega_hat_StateLoad,1692446920,=,MEASURED,,clang-18.1.8-coverage-state-load-v1,clang-18.1.8-coverage-state-load-v1,Clang 18.1.8 Linux amd64 container,clang-18.1.8-coverage-state-load-v1,3,experiments/lcb_hard_v1_cpp/measurements/program-complexity/long-trace-final/cpp/profiles.jsonl
program-complexity-normalized-v2,lcb_hard_v1_cpp,atcoder/abc370_f,inside-loop-state,cpp,0c3fb2fcae8e8b1761c4790b2e848a476c1e85f09ebc3e27fa8b6c92eddab41b,8fa1ff7bbac69bc2fd1fecea53f430c4d5406c2f0f7130f54fd5a3cc4b6b4a51,sha256:9c8d42527ae9c4ad464499399982e9007f2938bf743560525b3def1f2ae2f71d,Omega_CC,36,=,MEASURED,,cpp-preprocessed-control-flow-v1,cpp-preprocessed-control-flow-v1,Clang 18.1.8 Linux amd64 container,,1,experiments/lcb_hard_v1_cpp/measurements/program-complexity/inside-loop-state/cpp/profiles.jsonl
program-complexity-normalized-v2,lcb_hard_v1_cpp,atcoder/abc370_f,inside-loop-state,cpp,0c3fb2fcae8e8b1761c4790b2e848a476c1e85f09ebc3e27fa8b6c92eddab41b,8fa1ff7bbac69bc2fd1fecea53f430c4d5406c2f0f7130f54fd5a3cc4b6b4a51,sha256:9c8d42527ae9c4ad464499399982e9007f2938bf743560525b3def1f2ae2f71d,Omega_hat_NativeTrace,7284396,=,MEASURED,,clang-18.1.8-coverage-state-load-v1,clang-18.1.8-coverage-state-load-v1,Clang 18.1.8 Linux amd64 container,clang-18.1.8-coverage-state-load-v1,3,experiments/lcb_hard_v1_cpp/measurements/program-complexity/inside-loop-state/cpp/profiles.jsonl
program-complexity-normalized-v2,lcb_hard_v1_cpp,atcoder/abc370_f,inside-loop-state,cpp,0c3fb2fcae8e8b1761c4790b2e848a476c1e85f09ebc3e27fa8b6c92eddab41b,8fa1ff7bbac69bc2fd1fecea53f430c4d5406c2f0f7130f54fd5a3cc4b6b4a51,sha256:9c8d42527ae9c4ad464499399982e9007f2938bf743560525b3def1f2ae2f71d,Omega_hat_StateSize,26000724,=,MEASURED,,clang-18.1.8-coverage-state-load-v1,clang-18.1.8-coverage-state-load-v1,Clang 18.1.8 Linux amd64 container,clang-18.1.8-coverage-state-load-v1,3,experiments/lcb_hard_v1_cpp/measurements/program-complexity/inside-loop-state/cpp/profiles.jsonl
program-complexity-normalized-v2,lcb_hard_v1_cpp,atcoder/abc370_f,inside-loop-state,cpp,0c3fb2fcae8e8b1761c4790b2e848a476c1e85f09ebc3e27fa8b6c92eddab41b,8fa1ff7bbac69bc2fd1fecea53f430c4d5406c2f0f7130f54fd5a3cc4b6b4a51,sha256:9c8d42527ae9c4ad464499399982e9007f2938bf743560525b3def1f2ae2f71d,Omega_hat_StateLoad,2784477340,=,MEASURED,,clang-18.1.8-coverage-state-load-v1,clang-18.1.8-coverage-state-load-v1,Clang 18.1.8 Linux amd64 container,clang-18.1.8-coverage-state-load-v1,3,experiments/lcb_hard_v1_cpp/measurements/program-complexity/inside-loop-state/cpp/profiles.jsonl
program-complexity-normalized-v2,lcb_hard_v1_cpp,atcoder/abc370_f,post-loop-state,cpp,b54fb90603101aaa50e414c18fc6932912e385288830b56a422bc94cc7c1db86,8fa1ff7bbac69bc2fd1fecea53f430c4d5406c2f0f7130f54fd5a3cc4b6b4a51,sha256:b2c58656b2c858ef54db0f0eac54936057588bf7e6ab656c17ddeab4cf73177e,Omega_CC,36,=,MEASURED,,cpp-preprocessed-control-flow-v1,cpp-preprocessed-control-flow-v1,Clang 18.1.8 Linux amd64 container,,1,experiments/lcb_hard_v1_cpp/measurements/program-complexity/post-loop-state/cpp/profiles.jsonl
program-complexity-normalized-v2,lcb_hard_v1_cpp,atcoder/abc370_f,post-loop-state,cpp,b54fb90603101aaa50e414c18fc6932912e385288830b56a422bc94cc7c1db86,8fa1ff7bbac69bc2fd1fecea53f430c4d5406c2f0f7130f54fd5a3cc4b6b4a51,sha256:b2c58656b2c858ef54db0f0eac54936057588bf7e6ab656c17ddeab4cf73177e,Omega_hat_NativeTrace,7285397,=,MEASURED,,clang-18.1.8-coverage-state-load-v1,clang-18.1.8-coverage-state-load-v1,Clang 18.1.8 Linux amd64 container,clang-18.1.8-coverage-state-load-v1,3,experiments/lcb_hard_v1_cpp/measurements/program-complexity/post-loop-state/cpp/profiles.jsonl
program-complexity-normalized-v2,lcb_hard_v1_cpp,atcoder/abc370_f,post-loop-state,cpp,b54fb90603101aaa50e414c18fc6932912e385288830b56a422bc94cc7c1db86,8fa1ff7bbac69bc2fd1fecea53f430c4d5406c2f0f7130f54fd5a3cc4b6b4a51,sha256:b2c58656b2c858ef54db0f0eac54936057588bf7e6ab656c17ddeab4cf73177e,Omega_hat_StateSize,26000724,=,MEASURED,,clang-18.1.8-coverage-state-load-v1,clang-18.1.8-coverage-state-load-v1,Clang 18.1.8 Linux amd64 container,clang-18.1.8-coverage-state-load-v1,3,experiments/lcb_hard_v1_cpp/measurements/program-complexity/post-loop-state/cpp/profiles.jsonl
program-complexity-normalized-v2,lcb_hard_v1_cpp,atcoder/abc370_f,post-loop-state,cpp,b54fb90603101aaa50e414c18fc6932912e385288830b56a422bc94cc7c1db86,8fa1ff7bbac69bc2fd1fecea53f430c4d5406c2f0f7130f54fd5a3cc4b6b4a51,sha256:b2c58656b2c858ef54db0f0eac54936057588bf7e6ab656c17ddeab4cf73177e,Omega_hat_StateLoad,2784477340,=,MEASURED,,clang-18.1.8-coverage-state-load-v1,clang-18.1.8-coverage-state-load-v1,Clang 18.1.8 Linux amd64 container,clang-18.1.8-coverage-state-load-v1,3,experiments/lcb_hard_v1_cpp/measurements/program-complexity/post-loop-state/cpp/profiles.jsonl
program-complexity-normalized-v2,lcb_hard_v1_cpp,atcoder/abc370_g,short-trace-final,cpp,d584f3d6eeaa29fd5b8e07256a25fb5a4fb51c4121617615dc855237581a97b5,1ff1273ff0843500f56e865a8db4eef6b86f93e801c74545141fe0de19fff83e,sha256:8c9d3e2d722333e0febdc929bab8722e87af1a067b5a9f1e26b24a404e9128db,Omega_CC,30,=,MEASURED,,cpp-preprocessed-control-flow-v1,cpp-preprocessed-control-flow-v1,Clang 18.1.8 Linux amd64 container,,1,experiments/lcb_hard_v1_cpp/measurements/program-complexity/short-trace-final/cpp/profiles.jsonl
program-complexity-normalized-v2,lcb_hard_v1_cpp,atcoder/abc370_g,short-trace-final,cpp,d584f3d6eeaa29fd5b8e07256a25fb5a4fb51c4121617615dc855237581a97b5,1ff1273ff0843500f56e865a8db4eef6b86f93e801c74545141fe0de19fff83e,sha256:8c9d3e2d722333e0febdc929bab8722e87af1a067b5a9f1e26b24a404e9128db,Omega_hat_NativeTrace,8069,=,MEASURED,,clang-18.1.8-coverage-state-load-v1,clang-18.1.8-coverage-state-load-v1,Clang 18.1.8 Linux amd64 container,clang-18.1.8-coverage-state-load-v1,3,experiments/lcb_hard_v1_cpp/measurements/program-complexity/short-trace-final/cpp/profiles.jsonl
program-complexity-normalized-v2,lcb_hard_v1_cpp,atcoder/abc370_g,short-trace-final,cpp,d584f3d6eeaa29fd5b8e07256a25fb5a4fb51c4121617615dc855237581a97b5,1ff1273ff0843500f56e865a8db4eef6b86f93e801c74545141fe0de19fff83e,sha256:8c9d3e2d722333e0febdc929bab8722e87af1a067b5a9f1e26b24a404e9128db,Omega_hat_StateSize,1400221,=,MEASURED,,clang-18.1.8-coverage-state-load-v1,clang-18.1.8-coverage-state-load-v1,Clang 18.1.8 Linux amd64 container,clang-18.1.8-coverage-state-load-v1,3,experiments/lcb_hard_v1_cpp/measurements/program-complexity/short-trace-final/cpp/profiles.jsonl
program-complexity-normalized-v2,lcb_hard_v1_cpp,atcoder/abc370_g,short-trace-final,cpp,d584f3d6eeaa29fd5b8e07256a25fb5a4fb51c4121617615dc855237581a97b5,1ff1273ff0843500f56e865a8db4eef6b86f93e801c74545141fe0de19fff83e,sha256:8c9d3e2d722333e0febdc929bab8722e87af1a067b5a9f1e26b24a404e9128db,Omega_hat_StateLoad,437066401,=,MEASURED,,clang-18.1.8-coverage-state-load-v1,clang-18.1.8-coverage-state-load-v1,Clang 18.1.8 Linux amd64 container,clang-18.1.8-coverage-state-load-v1,3,experiments/lcb_hard_v1_cpp/measurements/program-complexity/short-trace-final/cpp/profiles.jsonl
program-complexity-normalized-v2,lcb_hard_v1_cpp,atcoder/abc370_g,long-trace-final,cpp,d584f3d6eeaa29fd5b8e07256a25fb5a4fb51c4121617615dc855237581a97b5,cc2403851ef8f6c9de167a86c6f76922bd0045697769cd1160695cb866b875d1,sha256:2bec58a929f57b45d9d7773b079c3275677a7fe2cf7d5d7458559135c58250af,Omega_CC,30,=,MEASURED,,cpp-preprocessed-control-flow-v1,cpp-preprocessed-control-flow-v1,Clang 18.1.8 Linux amd64 container,,1,experiments/lcb_hard_v1_cpp/measurements/program-complexity/long-trace-final/cpp/profiles.jsonl
program-complexity-normalized-v2,lcb_hard_v1_cpp,atcoder/abc370_g,long-trace-final,cpp,d584f3d6eeaa29fd5b8e07256a25fb5a4fb51c4121617615dc855237581a97b5,cc2403851ef8f6c9de167a86c6f76922bd0045697769cd1160695cb866b875d1,sha256:2bec58a929f57b45d9d7773b079c3275677a7fe2cf7d5d7458559135c58250af,Omega_hat_NativeTrace,378558641,=,MEASURED,,clang-18.1.8-coverage-state-load-v1,clang-18.1.8-coverage-state-load-v1,Clang 18.1.8 Linux amd64 container,clang-18.1.8-coverage-state-load-v1,3,experiments/lcb_hard_v1_cpp/measurements/program-complexity/long-trace-final/cpp/profiles.jsonl
program-complexity-normalized-v2,lcb_hard_v1_cpp,atcoder/abc370_g,long-trace-final,cpp,d584f3d6eeaa29fd5b8e07256a25fb5a4fb51c4121617615dc855237581a97b5,cc2403851ef8f6c9de167a86c6f76922bd0045697769cd1160695cb866b875d1,sha256:2bec58a929f57b45d9d7773b079c3275677a7fe2cf7d5d7458559135c58250af,Omega_hat_StateSize,1400271,=,MEASURED,,clang-18.1.8-coverage-state-load-v1,clang-18.1.8-coverage-state-load-v1,Clang 18.1.8 Linux amd64 container,clang-18.1.8-coverage-state-load-v1,3,experiments/lcb_hard_v1_cpp/measurements/program-complexity/long-trace-final/cpp/profiles.jsonl
program-complexity-normalized-v2,lcb_hard_v1_cpp,atcoder/abc370_g,long-trace-final,cpp,d584f3d6eeaa29fd5b8e07256a25fb5a4fb51c4121617615dc855237581a97b5,cc2403851ef8f6c9de167a86c6f76922bd0045697769cd1160695cb866b875d1,sha256:2bec58a929f57b45d9d7773b079c3275677a7fe2cf7d5d7458559135c58250af,Omega_hat_StateLoad,205480179366224,=,MEASURED,,clang-18.1.8-coverage-state-load-v1,clang-18.1.8-coverage-state-load-v1,Clang 18.1.8 Linux amd64 container,clang-18.1.8-coverage-state-load-v1,3,experiments/lcb_hard_v1_cpp/measurements/program-complexity/long-trace-final/cpp/profiles.jsonl
program-complexity-normalized-v2,lcb_hard_v1_cpp,atcoder/abc370_g,inside-loop-state,cpp,072a16f5dcdec11e88d1de8d29edc34fa942fe64e8ca3d0d9f9b23abdd6f425a,cc2403851ef8f6c9de167a86c6f76922bd0045697769cd1160695cb866b875d1,sha256:fb0bd9246471b8ad403d6686ff2e0149db79d63f940c8fb29b820c7c060b0bea,Omega_CC,44,=,MEASURED,,cpp-preprocessed-control-flow-v1,cpp-preprocessed-control-flow-v1,Clang 18.1.8 Linux amd64 container,,1,experiments/lcb_hard_v1_cpp/measurements/program-complexity/inside-loop-state/cpp/profiles.jsonl
program-complexity-normalized-v2,lcb_hard_v1_cpp,atcoder/abc370_g,inside-loop-state,cpp,072a16f5dcdec11e88d1de8d29edc34fa942fe64e8ca3d0d9f9b23abdd6f425a,cc2403851ef8f6c9de167a86c6f76922bd0045697769cd1160695cb866b875d1,sha256:fb0bd9246471b8ad403d6686ff2e0149db79d63f940c8fb29b820c7c060b0bea,Omega_hat_NativeTrace,358521611,=,MEASURED,,clang-18.1.8-coverage-state-load-v1,clang-18.1.8-coverage-state-load-v1,Clang 18.1.8 Linux amd64 container,clang-18.1.8-coverage-state-load-v1,3,experiments/lcb_hard_v1_cpp/measurements/program-complexity/inside-loop-state/cpp/profiles.jsonl
program-complexity-normalized-v2,lcb_hard_v1_cpp,atcoder/abc370_g,inside-loop-state,cpp,072a16f5dcdec11e88d1de8d29edc34fa942fe64e8ca3d0d9f9b23abdd6f425a,cc2403851ef8f6c9de167a86c6f76922bd0045697769cd1160695cb866b875d1,sha256:fb0bd9246471b8ad403d6686ff2e0149db79d63f940c8fb29b820c7c060b0bea,Omega_hat_StateSize,1400272,=,MEASURED,,clang-18.1.8-coverage-state-load-v1,clang-18.1.8-coverage-state-load-v1,Clang 18.1.8 Linux amd64 container,clang-18.1.8-coverage-state-load-v1,3,experiments/lcb_hard_v1_cpp/measurements/program-complexity/inside-loop-state/cpp/profiles.jsonl
program-complexity-normalized-v2,lcb_hard_v1_cpp,atcoder/abc370_g,inside-loop-state,cpp,072a16f5dcdec11e88d1de8d29edc34fa942fe64e8ca3d0d9f9b23abdd6f425a,cc2403851ef8f6c9de167a86c6f76922bd0045697769cd1160695cb866b875d1,sha256:fb0bd9246471b8ad403d6686ff2e0149db79d63f940c8fb29b820c7c060b0bea,Omega_hat_StateLoad,193514580535229,=,MEASURED,,clang-18.1.8-coverage-state-load-v1,clang-18.1.8-coverage-state-load-v1,Clang 18.1.8 Linux amd64 container,clang-18.1.8-coverage-state-load-v1,3,experiments/lcb_hard_v1_cpp/measurements/program-complexity/inside-loop-state/cpp/profiles.jsonl
program-complexity-normalized-v2,lcb_hard_v1_cpp,atcoder/abc370_g,post-loop-state,cpp,16ba1058c8f93344cab4c3e4b9317288066a30f2ac1ad378cbb4d5071ca1b388,cc2403851ef8f6c9de167a86c6f76922bd0045697769cd1160695cb866b875d1,sha256:c210a1e03e97de2a293610811f11ce58110ba8103494bdf49b69b970aa7d9a50,Omega_CC,44,=,MEASURED,,cpp-preprocessed-control-flow-v1,cpp-preprocessed-control-flow-v1,Clang 18.1.8 Linux amd64 container,,1,experiments/lcb_hard_v1_cpp/measurements/program-complexity/post-loop-state/cpp/profiles.jsonl
program-complexity-normalized-v2,lcb_hard_v1_cpp,atcoder/abc370_g,post-loop-state,cpp,16ba1058c8f93344cab4c3e4b9317288066a30f2ac1ad378cbb4d5071ca1b388,cc2403851ef8f6c9de167a86c6f76922bd0045697769cd1160695cb866b875d1,sha256:c210a1e03e97de2a293610811f11ce58110ba8103494bdf49b69b970aa7d9a50,Omega_hat_NativeTrace,358527005,=,MEASURED,,clang-18.1.8-coverage-state-load-v1,clang-18.1.8-coverage-state-load-v1,Clang 18.1.8 Linux amd64 container,clang-18.1.8-coverage-state-load-v1,3,experiments/lcb_hard_v1_cpp/measurements/program-complexity/post-loop-state/cpp/profiles.jsonl
program-complexity-normalized-v2,lcb_hard_v1_cpp,atcoder/abc370_g,post-loop-state,cpp,16ba1058c8f93344cab4c3e4b9317288066a30f2ac1ad378cbb4d5071ca1b388,cc2403851ef8f6c9de167a86c6f76922bd0045697769cd1160695cb866b875d1,sha256:c210a1e03e97de2a293610811f11ce58110ba8103494bdf49b69b970aa7d9a50,Omega_hat_StateSize,1400272,=,MEASURED,,clang-18.1.8-coverage-state-load-v1,clang-18.1.8-coverage-state-load-v1,Clang 18.1.8 Linux amd64 container,clang-18.1.8-coverage-state-load-v1,3,experiments/lcb_hard_v1_cpp/measurements/program-complexity/post-loop-state/cpp/profiles.jsonl
program-complexity-normalized-v2,lcb_hard_v1_cpp,atcoder/abc370_g,post-loop-state,cpp,16ba1058c8f93344cab4c3e4b9317288066a30f2ac1ad378cbb4d5071ca1b388,cc2403851ef8f6c9de167a86c6f76922bd0045697769cd1160695cb866b875d1,sha256:c210a1e03e97de2a293610811f11ce58110ba8103494bdf49b69b970aa7d9a50,Omega_hat_StateLoad,193518054581282,=,MEASURED,,clang-18.1.8-coverage-state-load-v1,clang-18.1.8-coverage-state-load-v1,Clang 18.1.8 Linux amd64 container,clang-18.1.8-coverage-state-load-v1,3,experiments/lcb_hard_v1_cpp/measurements/program-complexity/post-loop-state/cpp/profiles.jsonl
program-complexity-normalized-v2,lcb_hard_v1_cpp,atcoder/abc371_f,short-trace-final,cpp,3008d29ec0bb9cecb84967f652de123c58f85e8a9b79b9de1486a9649333ee52,9b72d7178f0785e35c928bd57ab6b3691fd567cc3103926f6015a1195368d1fb,sha256:87c97c3eee8614cb392f65fbf91028ff6754c58caa23c5c37f4b6a9b30967bd5,Omega_CC,24,=,MEASURED,,cpp-preprocessed-control-flow-v1,cpp-preprocessed-control-flow-v1,Clang 18.1.8 Linux amd64 container,,1,experiments/lcb_hard_v1_cpp/measurements/program-complexity/short-trace-final/cpp/profiles.jsonl
program-complexity-normalized-v2,lcb_hard_v1_cpp,atcoder/abc371_f,short-trace-final,cpp,3008d29ec0bb9cecb84967f652de123c58f85e8a9b79b9de1486a9649333ee52,9b72d7178f0785e35c928bd57ab6b3691fd567cc3103926f6015a1195368d1fb,sha256:87c97c3eee8614cb392f65fbf91028ff6754c58caa23c5c37f4b6a9b30967bd5,Omega_hat_NativeTrace,394,=,MEASURED,,clang-18.1.8-coverage-state-load-v1,clang-18.1.8-coverage-state-load-v1,Clang 18.1.8 Linux amd64 container,clang-18.1.8-coverage-state-load-v1,3,experiments/lcb_hard_v1_cpp/measurements/program-complexity/short-trace-final/cpp/profiles.jsonl
program-complexity-normalized-v2,lcb_hard_v1_cpp,atcoder/abc371_f,short-trace-final,cpp,3008d29ec0bb9cecb84967f652de123c58f85e8a9b79b9de1486a9649333ee52,9b72d7178f0785e35c928bd57ab6b3691fd567cc3103926f6015a1195368d1fb,sha256:87c97c3eee8614cb392f65fbf91028ff6754c58caa23c5c37f4b6a9b30967bd5,Omega_hat_StateSize,31,=,MEASURED,,clang-18.1.8-coverage-state-load-v1,clang-18.1.8-coverage-state-load-v1,Clang 18.1.8 Linux amd64 container,clang-18.1.8-coverage-state-load-v1,3,experiments/lcb_hard_v1_cpp/measurements/program-complexity/short-trace-final/cpp/profiles.jsonl
program-complexity-normalized-v2,lcb_hard_v1_cpp,atcoder/abc371_f,short-trace-final,cpp,3008d29ec0bb9cecb84967f652de123c58f85e8a9b79b9de1486a9649333ee52,9b72d7178f0785e35c928bd57ab6b3691fd567cc3103926f6015a1195368d1fb,sha256:87c97c3eee8614cb392f65fbf91028ff6754c58caa23c5c37f4b6a9b30967bd5,Omega_hat_StateLoad,12893,=,MEASURED,,clang-18.1.8-coverage-state-load-v1,clang-18.1.8-coverage-state-load-v1,Clang 18.1.8 Linux amd64 container,clang-18.1.8-coverage-state-load-v1,3,experiments/lcb_hard_v1_cpp/measurements/program-complexity/short-trace-final/cpp/profiles.jsonl
program-complexity-normalized-v2,lcb_hard_v1_cpp,atcoder/abc371_f,long-trace-final,cpp,3008d29ec0bb9cecb84967f652de123c58f85e8a9b79b9de1486a9649333ee52,ba4d5459d4f04105ac03f06d99d0d2bb2395f84d3686574f5d0ebdb2784dfe75,sha256:a1397dbb65148dd3969bafa006c62e6bb1b21e5e411abc64fcce64e551408931,Omega_CC,24,=,MEASURED,,cpp-preprocessed-control-flow-v1,cpp-preprocessed-control-flow-v1,Clang 18.1.8 Linux amd64 container,,1,experiments/lcb_hard_v1_cpp/measurements/program-complexity/long-trace-final/cpp/profiles.jsonl
program-complexity-normalized-v2,lcb_hard_v1_cpp,atcoder/abc371_f,long-trace-final,cpp,3008d29ec0bb9cecb84967f652de123c58f85e8a9b79b9de1486a9649333ee52,ba4d5459d4f04105ac03f06d99d0d2bb2395f84d3686574f5d0ebdb2784dfe75,sha256:a1397dbb65148dd3969bafa006c62e6bb1b21e5e411abc64fcce64e551408931,Omega_hat_NativeTrace,38166,=,MEASURED,,clang-18.1.8-coverage-state-load-v1,clang-18.1.8-coverage-state-load-v1,Clang 18.1.8 Linux amd64 container,clang-18.1.8-coverage-state-load-v1,3,experiments/lcb_hard_v1_cpp/measurements/program-complexity/long-trace-final/cpp/profiles.jsonl
program-complexity-normalized-v2,lcb_hard_v1_cpp,atcoder/abc371_f,long-trace-final,cpp,3008d29ec0bb9cecb84967f652de123c58f85e8a9b79b9de1486a9649333ee52,ba4d5459d4f04105ac03f06d99d0d2bb2395f84d3686574f5d0ebdb2784dfe75,sha256:a1397dbb65148dd3969bafa006c62e6bb1b21e5e411abc64fcce64e551408931,Omega_hat_StateSize,1028,=,MEASURED,,clang-18.1.8-coverage-state-load-v1,clang-18.1.8-coverage-state-load-v1,Clang 18.1.8 Linux amd64 container,clang-18.1.8-coverage-state-load-v1,3,experiments/lcb_hard_v1_cpp/measurements/program-complexity/long-trace-final/cpp/profiles.jsonl
program-complexity-normalized-v2,lcb_hard_v1_cpp,atcoder/abc371_f,long-trace-final,cpp,3008d29ec0bb9cecb84967f652de123c58f85e8a9b79b9de1486a9649333ee52,ba4d5459d4f04105ac03f06d99d0d2bb2395f84d3686574f5d0ebdb2784dfe75,sha256:a1397dbb65148dd3969bafa006c62e6bb1b21e5e411abc64fcce64e551408931,Omega_hat_StateLoad,51223170,=,MEASURED,,clang-18.1.8-coverage-state-load-v1,clang-18.1.8-coverage-state-load-v1,Clang 18.1.8 Linux amd64 container,clang-18.1.8-coverage-state-load-v1,3,experiments/lcb_hard_v1_cpp/measurements/program-complexity/long-trace-final/cpp/profiles.jsonl
program-complexity-normalized-v2,lcb_hard_v1_cpp,atcoder/abc371_f,inside-loop-state,cpp,3942c64d6e0082720321cff3ae28ef8e13956fd0bf1bce57aae73a64ca4ad525,ba4d5459d4f04105ac03f06d99d0d2bb2395f84d3686574f5d0ebdb2784dfe75,sha256:ac9a8e6b30dab18add1e0b75a2d38897cb1c0b0209ac710feb9b44a3f70467df,Omega_CC,38,=,MEASURED,,cpp-preprocessed-control-flow-v1,cpp-preprocessed-control-flow-v1,Clang 18.1.8 Linux amd64 container,,1,experiments/lcb_hard_v1_cpp/measurements/program-complexity/inside-loop-state/cpp/profiles.jsonl
program-complexity-normalized-v2,lcb_hard_v1_cpp,atcoder/abc371_f,inside-loop-state,cpp,3942c64d6e0082720321cff3ae28ef8e13956fd0bf1bce57aae73a64ca4ad525,ba4d5459d4f04105ac03f06d99d0d2bb2395f84d3686574f5d0ebdb2784dfe75,sha256:ac9a8e6b30dab18add1e0b75a2d38897cb1c0b0209ac710feb9b44a3f70467df,Omega_hat_NativeTrace,34145,=,MEASURED,,clang-18.1.8-coverage-state-load-v1,clang-18.1.8-coverage-state-load-v1,Clang 18.1.8 Linux amd64 container,clang-18.1.8-coverage-state-load-v1,3,experiments/lcb_hard_v1_cpp/measurements/program-complexity/inside-loop-state/cpp/profiles.jsonl
program-complexity-normalized-v2,lcb_hard_v1_cpp,atcoder/abc371_f,inside-loop-state,cpp,3942c64d6e0082720321cff3ae28ef8e13956fd0bf1bce57aae73a64ca4ad525,ba4d5459d4f04105ac03f06d99d0d2bb2395f84d3686574f5d0ebdb2784dfe75,sha256:ac9a8e6b30dab18add1e0b75a2d38897cb1c0b0209ac710feb9b44a3f70467df,Omega_hat_StateSize,1027,=,MEASURED,,clang-18.1.8-coverage-state-load-v1,clang-18.1.8-coverage-state-load-v1,Clang 18.1.8 Linux amd64 container,clang-18.1.8-coverage-state-load-v1,3,experiments/lcb_hard_v1_cpp/measurements/program-complexity/inside-loop-state/cpp/profiles.jsonl
program-complexity-normalized-v2,lcb_hard_v1_cpp,atcoder/abc371_f,inside-loop-state,cpp,3942c64d6e0082720321cff3ae28ef8e13956fd0bf1bce57aae73a64ca4ad525,ba4d5459d4f04105ac03f06d99d0d2bb2395f84d3686574f5d0ebdb2784dfe75,sha256:ac9a8e6b30dab18add1e0b75a2d38897cb1c0b0209ac710feb9b44a3f70467df,Omega_hat_StateLoad,51258886,=,MEASURED,,clang-18.1.8-coverage-state-load-v1,clang-18.1.8-coverage-state-load-v1,Clang 18.1.8 Linux amd64 container,clang-18.1.8-coverage-state-load-v1,3,experiments/lcb_hard_v1_cpp/measurements/program-complexity/inside-loop-state/cpp/profiles.jsonl
program-complexity-normalized-v2,lcb_hard_v1_cpp,atcoder/abc371_f,post-loop-state,cpp,c6ab8ac9c94200c1f95a4c0bd461f76cbe4c51bb71eea1ce0da11464881a347f,ba4d5459d4f04105ac03f06d99d0d2bb2395f84d3686574f5d0ebdb2784dfe75,sha256:5d9a345ef3a6dbc82a13f8ed8a81284c35ad3bf7b96caa883bbdff73b1bccab6,Omega_CC,38,=,MEASURED,,cpp-preprocessed-control-flow-v1,cpp-preprocessed-control-flow-v1,Clang 18.1.8 Linux amd64 container,,1,experiments/lcb_hard_v1_cpp/measurements/program-complexity/post-loop-state/cpp/profiles.jsonl
program-complexity-normalized-v2,lcb_hard_v1_cpp,atcoder/abc371_f,post-loop-state,cpp,c6ab8ac9c94200c1f95a4c0bd461f76cbe4c51bb71eea1ce0da11464881a347f,ba4d5459d4f04105ac03f06d99d0d2bb2395f84d3686574f5d0ebdb2784dfe75,sha256:5d9a345ef3a6dbc82a13f8ed8a81284c35ad3bf7b96caa883bbdff73b1bccab6,Omega_hat_NativeTrace,35146,=,MEASURED,,clang-18.1.8-coverage-state-load-v1,clang-18.1.8-coverage-state-load-v1,Clang 18.1.8 Linux amd64 container,clang-18.1.8-coverage-state-load-v1,3,experiments/lcb_hard_v1_cpp/measurements/program-complexity/post-loop-state/cpp/profiles.jsonl
program-complexity-normalized-v2,lcb_hard_v1_cpp,atcoder/abc371_f,post-loop-state,cpp,c6ab8ac9c94200c1f95a4c0bd461f76cbe4c51bb71eea1ce0da11464881a347f,ba4d5459d4f04105ac03f06d99d0d2bb2395f84d3686574f5d0ebdb2784dfe75,sha256:5d9a345ef3a6dbc82a13f8ed8a81284c35ad3bf7b96caa883bbdff73b1bccab6,Omega_hat_StateSize,1027,=,MEASURED,,clang-18.1.8-coverage-state-load-v1,clang-18.1.8-coverage-state-load-v1,Clang 18.1.8 Linux amd64 container,clang-18.1.8-coverage-state-load-v1,3,experiments/lcb_hard_v1_cpp/measurements/program-complexity/post-loop-state/cpp/profiles.jsonl
program-complexity-normalized-v2,lcb_hard_v1_cpp,atcoder/abc371_f,post-loop-state,cpp,c6ab8ac9c94200c1f95a4c0bd461f76cbe4c51bb71eea1ce0da11464881a347f,ba4d5459d4f04105ac03f06d99d0d2bb2395f84d3686574f5d0ebdb2784dfe75,sha256:5d9a345ef3a6dbc82a13f8ed8a81284c35ad3bf7b96caa883bbdff73b1bccab6,Omega_hat_StateLoad,51258886,=,MEASURED,,clang-18.1.8-coverage-state-load-v1,clang-18.1.8-coverage-state-load-v1,Clang 18.1.8 Linux amd64 container,clang-18.1.8-coverage-state-load-v1,3,experiments/lcb_hard_v1_cpp/measurements/program-complexity/post-loop-state/cpp/profiles.jsonl
program-complexity-normalized-v2,lcb_hard_v1_cpp,atcoder/abc372_g,short-trace-final,cpp,d7cffdd2b7a53cf5d088a993c4ead72b1aaa4dc639e0fca32ed584bf276df84b,908cf414eb41259fdefa276eb4ad963eac308935ce668b15d6edb177480704b3,sha256:f4f032cd91266ad06542ab0e1f12a50433e731aa3157ca85e69807667a4ff1a0,Omega_CC,18,=,MEASURED,,cpp-preprocessed-control-flow-v1,cpp-preprocessed-control-flow-v1,Clang 18.1.8 Linux amd64 container,,1,experiments/lcb_hard_v1_cpp/measurements/program-complexity/short-trace-final/cpp/profiles.jsonl
program-complexity-normalized-v2,lcb_hard_v1_cpp,atcoder/abc372_g,short-trace-final,cpp,d7cffdd2b7a53cf5d088a993c4ead72b1aaa4dc639e0fca32ed584bf276df84b,908cf414eb41259fdefa276eb4ad963eac308935ce668b15d6edb177480704b3,sha256:f4f032cd91266ad06542ab0e1f12a50433e731aa3157ca85e69807667a4ff1a0,Omega_hat_NativeTrace,186,=,MEASURED,,clang-18.1.8-coverage-state-load-v1,clang-18.1.8-coverage-state-load-v1,Clang 18.1.8 Linux amd64 container,clang-18.1.8-coverage-state-load-v1,3,experiments/lcb_hard_v1_cpp/measurements/program-complexity/short-trace-final/cpp/profiles.jsonl
program-complexity-normalized-v2,lcb_hard_v1_cpp,atcoder/abc372_g,short-trace-final,cpp,d7cffdd2b7a53cf5d088a993c4ead72b1aaa4dc639e0fca32ed584bf276df84b,908cf414eb41259fdefa276eb4ad963eac308935ce668b15d6edb177480704b3,sha256:f4f032cd91266ad06542ab0e1f12a50433e731aa3157ca85e69807667a4ff1a0,Omega_hat_StateSize,48,=,MEASURED,,clang-18.1.8-coverage-state-load-v1,clang-18.1.8-coverage-state-load-v1,Clang 18.1.8 Linux amd64 container,clang-18.1.8-coverage-state-load-v1,3,experiments/lcb_hard_v1_cpp/measurements/program-complexity/short-trace-final/cpp/profiles.jsonl
program-complexity-normalized-v2,lcb_hard_v1_cpp,atcoder/abc372_g,short-trace-final,cpp,d7cffdd2b7a53cf5d088a993c4ead72b1aaa4dc639e0fca32ed584bf276df84b,908cf414eb41259fdefa276eb4ad963eac308935ce668b15d6edb177480704b3,sha256:f4f032cd91266ad06542ab0e1f12a50433e731aa3157ca85e69807667a4ff1a0,Omega_hat_StateLoad,1970,=,MEASURED,,clang-18.1.8-coverage-state-load-v1,clang-18.1.8-coverage-state-load-v1,Clang 18.1.8 Linux amd64 container,clang-18.1.8-coverage-state-load-v1,3,experiments/lcb_hard_v1_cpp/measurements/program-complexity/short-trace-final/cpp/profiles.jsonl
program-complexity-normalized-v2,lcb_hard_v1_cpp,atcoder/abc372_g,long-trace-final,cpp,d7cffdd2b7a53cf5d088a993c4ead72b1aaa4dc639e0fca32ed584bf276df84b,db0435a53474c1463d7e183656c62c7e9685c11ff815b3e1d79e200bc9803ac1,sha256:38a07d9c7e6eb972cb42d391ac55f49900a6bc9f99be6b1c9a31f2fe207d3a7b,Omega_CC,18,=,MEASURED,,cpp-preprocessed-control-flow-v1,cpp-preprocessed-control-flow-v1,Clang 18.1.8 Linux amd64 container,,1,experiments/lcb_hard_v1_cpp/measurements/program-complexity/long-trace-final/cpp/profiles.jsonl
program-complexity-normalized-v2,lcb_hard_v1_cpp,atcoder/abc372_g,long-trace-final,cpp,d7cffdd2b7a53cf5d088a993c4ead72b1aaa4dc639e0fca32ed584bf276df84b,db0435a53474c1463d7e183656c62c7e9685c11ff815b3e1d79e200bc9803ac1,sha256:38a07d9c7e6eb972cb42d391ac55f49900a6bc9f99be6b1c9a31f2fe207d3a7b,Omega_hat_NativeTrace,54147,=,MEASURED,,clang-18.1.8-coverage-state-load-v1,clang-18.1.8-coverage-state-load-v1,Clang 18.1.8 Linux amd64 container,clang-18.1.8-coverage-state-load-v1,3,experiments/lcb_hard_v1_cpp/measurements/program-complexity/long-trace-final/cpp/profiles.jsonl
program-complexity-normalized-v2,lcb_hard_v1_cpp,atcoder/abc372_g,long-trace-final,cpp,d7cffdd2b7a53cf5d088a993c4ead72b1aaa4dc639e0fca32ed584bf276df84b,db0435a53474c1463d7e183656c62c7e9685c11ff815b3e1d79e200bc9803ac1,sha256:38a07d9c7e6eb972cb42d391ac55f49900a6bc9f99be6b1c9a31f2fe207d3a7b,Omega_hat_StateSize,4057,=,MEASURED,,clang-18.1.8-coverage-state-load-v1,clang-18.1.8-coverage-state-load-v1,Clang 18.1.8 Linux amd64 container,clang-18.1.8-coverage-state-load-v1,3,experiments/lcb_hard_v1_cpp/measurements/program-complexity/long-trace-final/cpp/profiles.jsonl
program-complexity-normalized-v2,lcb_hard_v1_cpp,atcoder/abc372_g,long-trace-final,cpp,d7cffdd2b7a53cf5d088a993c4ead72b1aaa4dc639e0fca32ed584bf276df84b,db0435a53474c1463d7e183656c62c7e9685c11ff815b3e1d79e200bc9803ac1,sha256:38a07d9c7e6eb972cb42d391ac55f49900a6bc9f99be6b1c9a31f2fe207d3a7b,Omega_hat_StateLoad,349458837,=,MEASURED,,clang-18.1.8-coverage-state-load-v1,clang-18.1.8-coverage-state-load-v1,Clang 18.1.8 Linux amd64 container,clang-18.1.8-coverage-state-load-v1,3,experiments/lcb_hard_v1_cpp/measurements/program-complexity/long-trace-final/cpp/profiles.jsonl
program-complexity-normalized-v2,lcb_hard_v1_cpp,atcoder/abc372_g,inside-loop-state,cpp,07a3ab9240ac94c5191d3ffa900fe87b8a1485bba0ff4dfbda49403790f2f510,db0435a53474c1463d7e183656c62c7e9685c11ff815b3e1d79e200bc9803ac1,sha256:27bead680f32de424bb4a9c52d5bf5f306a28ec054083de8e1e43d829ce398c3,Omega_CC,32,=,MEASURED,,cpp-preprocessed-control-flow-v1,cpp-preprocessed-control-flow-v1,Clang 18.1.8 Linux amd64 container,,1,experiments/lcb_hard_v1_cpp/measurements/program-complexity/inside-loop-state/cpp/profiles.jsonl
program-complexity-normalized-v2,lcb_hard_v1_cpp,atcoder/abc372_g,inside-loop-state,cpp,07a3ab9240ac94c5191d3ffa900fe87b8a1485bba0ff4dfbda49403790f2f510,db0435a53474c1463d7e183656c62c7e9685c11ff815b3e1d79e200bc9803ac1,sha256:27bead680f32de424bb4a9c52d5bf5f306a28ec054083de8e1e43d829ce398c3,Omega_hat_NativeTrace,43562,=,MEASURED,,clang-18.1.8-coverage-state-load-v1,clang-18.1.8-coverage-state-load-v1,Clang 18.1.8 Linux amd64 container,clang-18.1.8-coverage-state-load-v1,3,experiments/lcb_hard_v1_cpp/measurements/program-complexity/inside-loop-state/cpp/profiles.jsonl
program-complexity-normalized-v2,lcb_hard_v1_cpp,atcoder/abc372_g,inside-loop-state,cpp,07a3ab9240ac94c5191d3ffa900fe87b8a1485bba0ff4dfbda49403790f2f510,db0435a53474c1463d7e183656c62c7e9685c11ff815b3e1d79e200bc9803ac1,sha256:27bead680f32de424bb4a9c52d5bf5f306a28ec054083de8e1e43d829ce398c3,Omega_hat_StateSize,4048,=,MEASURED,,clang-18.1.8-coverage-state-load-v1,clang-18.1.8-coverage-state-load-v1,Clang 18.1.8 Linux amd64 container,clang-18.1.8-coverage-state-load-v1,3,experiments/lcb_hard_v1_cpp/measurements/program-complexity/inside-loop-state/cpp/profiles.jsonl
program-complexity-normalized-v2,lcb_hard_v1_cpp,atcoder/abc372_g,inside-loop-state,cpp,07a3ab9240ac94c5191d3ffa900fe87b8a1485bba0ff4dfbda49403790f2f510,db0435a53474c1463d7e183656c62c7e9685c11ff815b3e1d79e200bc9803ac1,sha256:27bead680f32de424bb4a9c52d5bf5f306a28ec054083de8e1e43d829ce398c3,Omega_hat_StateLoad,299023365,=,MEASURED,,clang-18.1.8-coverage-state-load-v1,clang-18.1.8-coverage-state-load-v1,Clang 18.1.8 Linux amd64 container,clang-18.1.8-coverage-state-load-v1,3,experiments/lcb_hard_v1_cpp/measurements/program-complexity/inside-loop-state/cpp/profiles.jsonl
program-complexity-normalized-v2,lcb_hard_v1_cpp,atcoder/abc372_g,post-loop-state,cpp,f2870ca4597366aaed422fd7c2934a5d69feadbc54311bf1e38a5fd1c2b5f001,db0435a53474c1463d7e183656c62c7e9685c11ff815b3e1d79e200bc9803ac1,sha256:589bbf1a7964ee87a8afa2113e3d5b3e3985d9a9406f3be0016be652fbcee86a,Omega_CC,32,=,MEASURED,,cpp-preprocessed-control-flow-v1,cpp-preprocessed-control-flow-v1,Clang 18.1.8 Linux amd64 container,,1,experiments/lcb_hard_v1_cpp/measurements/program-complexity/post-loop-state/cpp/profiles.jsonl
program-complexity-normalized-v2,lcb_hard_v1_cpp,atcoder/abc372_g,post-loop-state,cpp,f2870ca4597366aaed422fd7c2934a5d69feadbc54311bf1e38a5fd1c2b5f001,db0435a53474c1463d7e183656c62c7e9685c11ff815b3e1d79e200bc9803ac1,sha256:589bbf1a7964ee87a8afa2113e3d5b3e3985d9a9406f3be0016be652fbcee86a,Omega_hat_NativeTrace,47862,=,MEASURED,,clang-18.1.8-coverage-state-load-v1,clang-18.1.8-coverage-state-load-v1,Clang 18.1.8 Linux amd64 container,clang-18.1.8-coverage-state-load-v1,3,experiments/lcb_hard_v1_cpp/measurements/program-complexity/post-loop-state/cpp/profiles.jsonl
program-complexity-normalized-v2,lcb_hard_v1_cpp,atcoder/abc372_g,post-loop-state,cpp,f2870ca4597366aaed422fd7c2934a5d69feadbc54311bf1e38a5fd1c2b5f001,db0435a53474c1463d7e183656c62c7e9685c11ff815b3e1d79e200bc9803ac1,sha256:589bbf1a7964ee87a8afa2113e3d5b3e3985d9a9406f3be0016be652fbcee86a,Omega_hat_StateSize,4053,=,MEASURED,,clang-18.1.8-coverage-state-load-v1,clang-18.1.8-coverage-state-load-v1,Clang 18.1.8 Linux amd64 container,clang-18.1.8-coverage-state-load-v1,3,experiments/lcb_hard_v1_cpp/measurements/program-complexity/post-loop-state/cpp/profiles.jsonl
program-complexity-normalized-v2,lcb_hard_v1_cpp,atcoder/abc372_g,post-loop-state,cpp,f2870ca4597366aaed422fd7c2934a5d69feadbc54311bf1e38a5fd1c2b5f001,db0435a53474c1463d7e183656c62c7e9685c11ff815b3e1d79e200bc9803ac1,sha256:589bbf1a7964ee87a8afa2113e3d5b3e3985d9a9406f3be0016be652fbcee86a,Omega_hat_StateLoad,318166418,=,MEASURED,,clang-18.1.8-coverage-state-load-v1,clang-18.1.8-coverage-state-load-v1,Clang 18.1.8 Linux amd64 container,clang-18.1.8-coverage-state-load-v1,3,experiments/lcb_hard_v1_cpp/measurements/program-complexity/post-loop-state/cpp/profiles.jsonl
program-complexity-normalized-v2,lcb_hard_v1_cpp,atcoder/abc373_g,short-trace-final,cpp,27add0cc29f8494b6b133c51444916494314390deb3ec51790e6bc8937b7cfe3,3d6464982c973452236032685981e73039652247779a3b0b0faef74594631c3b,sha256:ff714ae6991e6b6416b0e8b647d3a629c2ae8321574d4caa9c94d89fbc73d8df,Omega_CC,41,=,MEASURED,,cpp-preprocessed-control-flow-v1,cpp-preprocessed-control-flow-v1,Clang 18.1.8 Linux amd64 container,,1,experiments/lcb_hard_v1_cpp/measurements/program-complexity/short-trace-final/cpp/profiles.jsonl
program-complexity-normalized-v2,lcb_hard_v1_cpp,atcoder/abc373_g,short-trace-final,cpp,27add0cc29f8494b6b133c51444916494314390deb3ec51790e6bc8937b7cfe3,3d6464982c973452236032685981e73039652247779a3b0b0faef74594631c3b,sha256:ff714ae6991e6b6416b0e8b647d3a629c2ae8321574d4caa9c94d89fbc73d8df,Omega_hat_NativeTrace,1425,=,MEASURED,,clang-18.1.8-coverage-state-load-v1,clang-18.1.8-coverage-state-load-v1,Clang 18.1.8 Linux amd64 container,clang-18.1.8-coverage-state-load-v1,3,experiments/lcb_hard_v1_cpp/measurements/program-complexity/short-trace-final/cpp/profiles.jsonl
program-complexity-normalized-v2,lcb_hard_v1_cpp,atcoder/abc373_g,short-trace-final,cpp,27add0cc29f8494b6b133c51444916494314390deb3ec51790e6bc8937b7cfe3,3d6464982c973452236032685981e73039652247779a3b0b0faef74594631c3b,sha256:ff714ae6991e6b6416b0e8b647d3a629c2ae8321574d4caa9c94d89fbc73d8df,Omega_hat_StateSize,289,=,MEASURED,,clang-18.1.8-coverage-state-load-v1,clang-18.1.8-coverage-state-load-v1,Clang 18.1.8 Linux amd64 container,clang-18.1.8-coverage-state-load-v1,3,experiments/lcb_hard_v1_cpp/measurements/program-complexity/short-trace-final/cpp/profiles.jsonl
program-complexity-normalized-v2,lcb_hard_v1_cpp,atcoder/abc373_g,short-trace-final,cpp,27add0cc29f8494b6b133c51444916494314390deb3ec51790e6bc8937b7cfe3,3d6464982c973452236032685981e73039652247779a3b0b0faef74594631c3b,sha256:ff714ae6991e6b6416b0e8b647d3a629c2ae8321574d4caa9c94d89fbc73d8df,Omega_hat_StateLoad,732876,=,MEASURED,,clang-18.1.8-coverage-state-load-v1,clang-18.1.8-coverage-state-load-v1,Clang 18.1.8 Linux amd64 container,clang-18.1.8-coverage-state-load-v1,3,experiments/lcb_hard_v1_cpp/measurements/program-complexity/short-trace-final/cpp/profiles.jsonl
program-complexity-normalized-v2,lcb_hard_v1_cpp,atcoder/abc373_g,long-trace-final,cpp,27add0cc29f8494b6b133c51444916494314390deb3ec51790e6bc8937b7cfe3,79f85e785ead3fd31295a4f3065ec4eff60baaece4a118f17b93e89696eb349e,sha256:5a326374edce6eeee855d9a38aa477458909d09b66a694b2c814576d3abf8a95,Omega_CC,41,=,MEASURED,,cpp-preprocessed-control-flow-v1,cpp-preprocessed-control-flow-v1,Clang 18.1.8 Linux amd64 container,,1,experiments/lcb_hard_v1_cpp/measurements/program-complexity/long-trace-final/cpp/profiles.jsonl
program-complexity-normalized-v2,lcb_hard_v1_cpp,atcoder/abc373_g,long-trace-final,cpp,27add0cc29f8494b6b133c51444916494314390deb3ec51790e6bc8937b7cfe3,79f85e785ead3fd31295a4f3065ec4eff60baaece4a118f17b93e89696eb349e,sha256:5a326374edce6eeee855d9a38aa477458909d09b66a694b2c814576d3abf8a95,Omega_hat_NativeTrace,230690,=,MEASURED,,clang-18.1.8-coverage-state-load-v1,clang-18.1.8-coverage-state-load-v1,Clang 18.1.8 Linux amd64 container,clang-18.1.8-coverage-state-load-v1,3,experiments/lcb_hard_v1_cpp/measurements/program-complexity/long-trace-final/cpp/profiles.jsonl
program-complexity-normalized-v2,lcb_hard_v1_cpp,atcoder/abc373_g,long-trace-final,cpp,27add0cc29f8494b6b133c51444916494314390deb3ec51790e6bc8937b7cfe3,79f85e785ead3fd31295a4f3065ec4eff60baaece4a118f17b93e89696eb349e,sha256:5a326374edce6eeee855d9a38aa477458909d09b66a694b2c814576d3abf8a95,Omega_hat_StateSize,15630,=,MEASURED,,clang-18.1.8-coverage-state-load-v1,clang-18.1.8-coverage-state-load-v1,Clang 18.1.8 Linux amd64 container,clang-18.1.8-coverage-state-load-v1,3,experiments/lcb_hard_v1_cpp/measurements/program-complexity/long-trace-final/cpp/profiles.jsonl
program-complexity-normalized-v2,lcb_hard_v1_cpp,atcoder/abc373_g,long-trace-final,cpp,27add0cc29f8494b6b133c51444916494314390deb3ec51790e6bc8937b7cfe3,79f85e785ead3fd31295a4f3065ec4eff60baaece4a118f17b93e89696eb349e,sha256:5a326374edce6eeee855d9a38aa477458909d09b66a694b2c814576d3abf8a95,Omega_hat_StateLoad,3977981366,=,MEASURED,,clang-18.1.8-coverage-state-load-v1,clang-18.1.8-coverage-state-load-v1,Clang 18.1.8 Linux amd64 container,clang-18.1.8-coverage-state-load-v1,3,experiments/lcb_hard_v1_cpp/measurements/program-complexity/long-trace-final/cpp/profiles.jsonl
program-complexity-normalized-v2,lcb_hard_v1_cpp,atcoder/abc373_g,inside-loop-state,cpp,113beb564097818cd80e903ba101318b57aa4b952819a92752c3d19bef054dc9,79f85e785ead3fd31295a4f3065ec4eff60baaece4a118f17b93e89696eb349e,sha256:85bbf806a36456e57402ad41b46fd9f99824466f47b769e8a661869aba5175d5,Omega_CC,55,=,MEASURED,,cpp-preprocessed-control-flow-v1,cpp-preprocessed-control-flow-v1,Clang 18.1.8 Linux amd64 container,,1,experiments/lcb_hard_v1_cpp/measurements/program-complexity/inside-loop-state/cpp/profiles.jsonl
program-complexity-normalized-v2,lcb_hard_v1_cpp,atcoder/abc373_g,inside-loop-state,cpp,113beb564097818cd80e903ba101318b57aa4b952819a92752c3d19bef054dc9,79f85e785ead3fd31295a4f3065ec4eff60baaece4a118f17b93e89696eb349e,sha256:85bbf806a36456e57402ad41b46fd9f99824466f47b769e8a661869aba5175d5,Omega_hat_NativeTrace,229474,=,MEASURED,,clang-18.1.8-coverage-state-load-v1,clang-18.1.8-coverage-state-load-v1,Clang 18.1.8 Linux amd64 container,clang-18.1.8-coverage-state-load-v1,3,experiments/lcb_hard_v1_cpp/measurements/program-complexity/inside-loop-state/cpp/profiles.jsonl
program-complexity-normalized-v2,lcb_hard_v1_cpp,atcoder/abc373_g,inside-loop-state,cpp,113beb564097818cd80e903ba101318b57aa4b952819a92752c3d19bef054dc9,79f85e785ead3fd31295a4f3065ec4eff60baaece4a118f17b93e89696eb349e,sha256:85bbf806a36456e57402ad41b46fd9f99824466f47b769e8a661869aba5175d5,Omega_hat_StateSize,15631,=,MEASURED,,clang-18.1.8-coverage-state-load-v1,clang-18.1.8-coverage-state-load-v1,Clang 18.1.8 Linux amd64 container,clang-18.1.8-coverage-state-load-v1,3,experiments/lcb_hard_v1_cpp/measurements/program-complexity/inside-loop-state/cpp/profiles.jsonl
program-complexity-normalized-v2,lcb_hard_v1_cpp,atcoder/abc373_g,inside-loop-state,cpp,113beb564097818cd80e903ba101318b57aa4b952819a92752c3d19bef054dc9,79f85e785ead3fd31295a4f3065ec4eff60baaece4a118f17b93e89696eb349e,sha256:85bbf806a36456e57402ad41b46fd9f99824466f47b769e8a661869aba5175d5,Omega_hat_StateLoad,3966189890,=,MEASURED,,clang-18.1.8-coverage-state-load-v1,clang-18.1.8-coverage-state-load-v1,Clang 18.1.8 Linux amd64 container,clang-18.1.8-coverage-state-load-v1,3,experiments/lcb_hard_v1_cpp/measurements/program-complexity/inside-loop-state/cpp/profiles.jsonl
program-complexity-normalized-v2,lcb_hard_v1_cpp,atcoder/abc373_g,post-loop-state,cpp,52af20bb74ab9a57730be29f9f4519cd72bb4a27aff90bd8b58c0bec54de69a1,79f85e785ead3fd31295a4f3065ec4eff60baaece4a118f17b93e89696eb349e,sha256:f8cbd7029cf6b54fc2668e419a7c80768a2e9b397cd8c200f80ec81c67d9483d,Omega_CC,55,=,MEASURED,,cpp-preprocessed-control-flow-v1,cpp-preprocessed-control-flow-v1,Clang 18.1.8 Linux amd64 container,,1,experiments/lcb_hard_v1_cpp/measurements/program-complexity/post-loop-state/cpp/profiles.jsonl
program-complexity-normalized-v2,lcb_hard_v1_cpp,atcoder/abc373_g,post-loop-state,cpp,52af20bb74ab9a57730be29f9f4519cd72bb4a27aff90bd8b58c0bec54de69a1,79f85e785ead3fd31295a4f3065ec4eff60baaece4a118f17b93e89696eb349e,sha256:f8cbd7029cf6b54fc2668e419a7c80768a2e9b397cd8c200f80ec81c67d9483d,Omega_hat_NativeTrace,230690,=,MEASURED,,clang-18.1.8-coverage-state-load-v1,clang-18.1.8-coverage-state-load-v1,Clang 18.1.8 Linux amd64 container,clang-18.1.8-coverage-state-load-v1,3,experiments/lcb_hard_v1_cpp/measurements/program-complexity/post-loop-state/cpp/profiles.jsonl
program-complexity-normalized-v2,lcb_hard_v1_cpp,atcoder/abc373_g,post-loop-state,cpp,52af20bb74ab9a57730be29f9f4519cd72bb4a27aff90bd8b58c0bec54de69a1,79f85e785ead3fd31295a4f3065ec4eff60baaece4a118f17b93e89696eb349e,sha256:f8cbd7029cf6b54fc2668e419a7c80768a2e9b397cd8c200f80ec81c67d9483d,Omega_hat_StateSize,15631,=,MEASURED,,clang-18.1.8-coverage-state-load-v1,clang-18.1.8-coverage-state-load-v1,Clang 18.1.8 Linux amd64 container,clang-18.1.8-coverage-state-load-v1,3,experiments/lcb_hard_v1_cpp/measurements/program-complexity/post-loop-state/cpp/profiles.jsonl
program-complexity-normalized-v2,lcb_hard_v1_cpp,atcoder/abc373_g,post-loop-state,cpp,52af20bb74ab9a57730be29f9f4519cd72bb4a27aff90bd8b58c0bec54de69a1,79f85e785ead3fd31295a4f3065ec4eff60baaece4a118f17b93e89696eb349e,sha256:f8cbd7029cf6b54fc2668e419a7c80768a2e9b397cd8c200f80ec81c67d9483d,Omega_hat_StateLoad,3979023490,=,MEASURED,,clang-18.1.8-coverage-state-load-v1,clang-18.1.8-coverage-state-load-v1,Clang 18.1.8 Linux amd64 container,clang-18.1.8-coverage-state-load-v1,3,experiments/lcb_hard_v1_cpp/measurements/program-complexity/post-loop-state/cpp/profiles.jsonl
program-complexity-normalized-v2,lcb_hard_v1_cpp,atcoder/abc376_g,short-trace-final,cpp,a5a2caaffe9d625317bfb490f670e4e72a9c6eba5fbfdeb96c5e04037a430396,43ddcf3921b12ce3c990ce1f684ef850f23ba80cfacfbc5869e49b540ee5529f,sha256:f7cd9bbac845dd15aa684df30688c73d2390b74315592af20bf0da1ce7cdb1be,Omega_CC,11,=,MEASURED,,cpp-preprocessed-control-flow-v1,cpp-preprocessed-control-flow-v1,Clang 18.1.8 Linux amd64 container,,1,experiments/lcb_hard_v1_cpp/measurements/program-complexity/short-trace-final/cpp/profiles.jsonl
program-complexity-normalized-v2,lcb_hard_v1_cpp,atcoder/abc376_g,short-trace-final,cpp,a5a2caaffe9d625317bfb490f670e4e72a9c6eba5fbfdeb96c5e04037a430396,43ddcf3921b12ce3c990ce1f684ef850f23ba80cfacfbc5869e49b540ee5529f,sha256:f7cd9bbac845dd15aa684df30688c73d2390b74315592af20bf0da1ce7cdb1be,Omega_hat_NativeTrace,969,=,MEASURED,,clang-18.1.8-coverage-state-load-v1,clang-18.1.8-coverage-state-load-v1,Clang 18.1.8 Linux amd64 container,clang-18.1.8-coverage-state-load-v1,3,experiments/lcb_hard_v1_cpp/measurements/program-complexity/short-trace-final/cpp/profiles.jsonl
program-complexity-normalized-v2,lcb_hard_v1_cpp,atcoder/abc376_g,short-trace-final,cpp,a5a2caaffe9d625317bfb490f670e4e72a9c6eba5fbfdeb96c5e04037a430396,43ddcf3921b12ce3c990ce1f684ef850f23ba80cfacfbc5869e49b540ee5529f,sha256:f7cd9bbac845dd15aa684df30688c73d2390b74315592af20bf0da1ce7cdb1be,Omega_hat_StateSize,1400130,=,MEASURED,,clang-18.1.8-coverage-state-load-v1,clang-18.1.8-coverage-state-load-v1,Clang 18.1.8 Linux amd64 container,clang-18.1.8-coverage-state-load-v1,3,experiments/lcb_hard_v1_cpp/measurements/program-complexity/short-trace-final/cpp/profiles.jsonl
program-complexity-normalized-v2,lcb_hard_v1_cpp,atcoder/abc376_g,short-trace-final,cpp,a5a2caaffe9d625317bfb490f670e4e72a9c6eba5fbfdeb96c5e04037a430396,43ddcf3921b12ce3c990ce1f684ef850f23ba80cfacfbc5869e49b540ee5529f,sha256:f7cd9bbac845dd15aa684df30688c73d2390b74315592af20bf0da1ce7cdb1be,Omega_hat_StateLoad,829061654,=,MEASURED,,clang-18.1.8-coverage-state-load-v1,clang-18.1.8-coverage-state-load-v1,Clang 18.1.8 Linux amd64 container,clang-18.1.8-coverage-state-load-v1,3,experiments/lcb_hard_v1_cpp/measurements/program-complexity/short-trace-final/cpp/profiles.jsonl
program-complexity-normalized-v2,lcb_hard_v1_cpp,atcoder/abc376_g,long-trace-final,cpp,a5a2caaffe9d625317bfb490f670e4e72a9c6eba5fbfdeb96c5e04037a430396,e771241b56114eb53ff611f7bf8d8165db5e7ea694e3d0d176e8fdac059d5afa,sha256:199b45fb1ac8906219b35413b44246e43f983a27e2cee912c737d1d61e2b06ab,Omega_CC,11,=,MEASURED,,cpp-preprocessed-control-flow-v1,cpp-preprocessed-control-flow-v1,Clang 18.1.8 Linux amd64 container,,1,experiments/lcb_hard_v1_cpp/measurements/program-complexity/long-trace-final/cpp/profiles.jsonl
program-complexity-normalized-v2,lcb_hard_v1_cpp,atcoder/abc376_g,long-trace-final,cpp,a5a2caaffe9d625317bfb490f670e4e72a9c6eba5fbfdeb96c5e04037a430396,e771241b56114eb53ff611f7bf8d8165db5e7ea694e3d0d176e8fdac059d5afa,sha256:199b45fb1ac8906219b35413b44246e43f983a27e2cee912c737d1d61e2b06ab,Omega_hat_NativeTrace,51808,=,MEASURED,,clang-18.1.8-coverage-state-load-v1,clang-18.1.8-coverage-state-load-v1,Clang 18.1.8 Linux amd64 container,clang-18.1.8-coverage-state-load-v1,3,experiments/lcb_hard_v1_cpp/measurements/program-complexity/long-trace-final/cpp/profiles.jsonl
program-complexity-normalized-v2,lcb_hard_v1_cpp,atcoder/abc376_g,long-trace-final,cpp,a5a2caaffe9d625317bfb490f670e4e72a9c6eba5fbfdeb96c5e04037a430396,e771241b56114eb53ff611f7bf8d8165db5e7ea694e3d0d176e8fdac059d5afa,sha256:199b45fb1ac8906219b35413b44246e43f983a27e2cee912c737d1d61e2b06ab,Omega_hat_StateSize,1404098,=,MEASURED,,clang-18.1.8-coverage-state-load-v1,clang-18.1.8-coverage-state-load-v1,Clang 18.1.8 Linux amd64 container,clang-18.1.8-coverage-state-load-v1,3,experiments/lcb_hard_v1_cpp/measurements/program-complexity/long-trace-final/cpp/profiles.jsonl
program-complexity-normalized-v2,lcb_hard_v1_cpp,atcoder/abc376_g,long-trace-final,cpp,a5a2caaffe9d625317bfb490f670e4e72a9c6eba5fbfdeb96c5e04037a430396,e771241b56114eb53ff611f7bf8d8165db5e7ea694e3d0d176e8fdac059d5afa,sha256:199b45fb1ac8906219b35413b44246e43f983a27e2cee912c737d1d61e2b06ab,Omega_hat_StateLoad,94584047438,=,MEASURED,,clang-18.1.8-coverage-state-load-v1,clang-18.1.8-coverage-state-load-v1,Clang 18.1.8 Linux amd64 container,clang-18.1.8-coverage-state-load-v1,3,experiments/lcb_hard_v1_cpp/measurements/program-complexity/long-trace-final/cpp/profiles.jsonl
program-complexity-normalized-v2,lcb_hard_v1_cpp,atcoder/abc376_g,inside-loop-state,cpp,a067cfc22cfbafa8129d300e090a6d89c63f0a2e81c7b1ea6a613ae7f0b4be28,e771241b56114eb53ff611f7bf8d8165db5e7ea694e3d0d176e8fdac059d5afa,sha256:7c1c065e57e63fdce7030a4c8e7fd73085b16f8aaf30c95138d93d292a90b223,Omega_CC,25,=,MEASURED,,cpp-preprocessed-control-flow-v1,cpp-preprocessed-control-flow-v1,Clang 18.1.8 Linux amd64 container,,1,experiments/lcb_hard_v1_cpp/measurements/program-complexity/inside-loop-state/cpp/profiles.jsonl
program-complexity-normalized-v2,lcb_hard_v1_cpp,atcoder/abc376_g,inside-loop-state,cpp,a067cfc22cfbafa8129d300e090a6d89c63f0a2e81c7b1ea6a613ae7f0b4be28,e771241b56114eb53ff611f7bf8d8165db5e7ea694e3d0d176e8fdac059d5afa,sha256:7c1c065e57e63fdce7030a4c8e7fd73085b16f8aaf30c95138d93d292a90b223,Omega_hat_NativeTrace,23038,=,MEASURED,,clang-18.1.8-coverage-state-load-v1,clang-18.1.8-coverage-state-load-v1,Clang 18.1.8 Linux amd64 container,clang-18.1.8-coverage-state-load-v1,3,experiments/lcb_hard_v1_cpp/measurements/program-complexity/inside-loop-state/cpp/profiles.jsonl
program-complexity-normalized-v2,lcb_hard_v1_cpp,atcoder/abc376_g,inside-loop-state,cpp,a067cfc22cfbafa8129d300e090a6d89c63f0a2e81c7b1ea6a613ae7f0b4be28,e771241b56114eb53ff611f7bf8d8165db5e7ea694e3d0d176e8fdac059d5afa,sha256:7c1c065e57e63fdce7030a4c8e7fd73085b16f8aaf30c95138d93d292a90b223,Omega_hat_StateSize,1404099,=,MEASURED,,clang-18.1.8-coverage-state-load-v1,clang-18.1.8-coverage-state-load-v1,Clang 18.1.8 Linux amd64 container,clang-18.1.8-coverage-state-load-v1,3,experiments/lcb_hard_v1_cpp/measurements/program-complexity/inside-loop-state/cpp/profiles.jsonl
program-complexity-normalized-v2,lcb_hard_v1_cpp,atcoder/abc376_g,inside-loop-state,cpp,a067cfc22cfbafa8129d300e090a6d89c63f0a2e81c7b1ea6a613ae7f0b4be28,e771241b56114eb53ff611f7bf8d8165db5e7ea694e3d0d176e8fdac059d5afa,sha256:7c1c065e57e63fdce7030a4c8e7fd73085b16f8aaf30c95138d93d292a90b223,Omega_hat_StateLoad,32537213265,=,MEASURED,,clang-18.1.8-coverage-state-load-v1,clang-18.1.8-coverage-state-load-v1,Clang 18.1.8 Linux amd64 container,clang-18.1.8-coverage-state-load-v1,3,experiments/lcb_hard_v1_cpp/measurements/program-complexity/inside-loop-state/cpp/profiles.jsonl
program-complexity-normalized-v2,lcb_hard_v1_cpp,atcoder/abc376_g,post-loop-state,cpp,ee8ab188dcf160224430797f69e4b8ac7431dc089761d8a33bac642fcbac05e6,e771241b56114eb53ff611f7bf8d8165db5e7ea694e3d0d176e8fdac059d5afa,sha256:3d989df32a013f793f0661cb5277ae11042ae32fd5f2a654036f41b7af69e2a2,Omega_CC,25,=,MEASURED,,cpp-preprocessed-control-flow-v1,cpp-preprocessed-control-flow-v1,Clang 18.1.8 Linux amd64 container,,1,experiments/lcb_hard_v1_cpp/measurements/program-complexity/post-loop-state/cpp/profiles.jsonl
program-complexity-normalized-v2,lcb_hard_v1_cpp,atcoder/abc376_g,post-loop-state,cpp,ee8ab188dcf160224430797f69e4b8ac7431dc089761d8a33bac642fcbac05e6,e771241b56114eb53ff611f7bf8d8165db5e7ea694e3d0d176e8fdac059d5afa,sha256:3d989df32a013f793f0661cb5277ae11042ae32fd5f2a654036f41b7af69e2a2,Omega_hat_NativeTrace,51692,=,MEASURED,,clang-18.1.8-coverage-state-load-v1,clang-18.1.8-coverage-state-load-v1,Clang 18.1.8 Linux amd64 container,clang-18.1.8-coverage-state-load-v1,3,experiments/lcb_hard_v1_cpp/measurements/program-complexity/post-loop-state/cpp/profiles.jsonl
program-complexity-normalized-v2,lcb_hard_v1_cpp,atcoder/abc376_g,post-loop-state,cpp,ee8ab188dcf160224430797f69e4b8ac7431dc089761d8a33bac642fcbac05e6,e771241b56114eb53ff611f7bf8d8165db5e7ea694e3d0d176e8fdac059d5afa,sha256:3d989df32a013f793f0661cb5277ae11042ae32fd5f2a654036f41b7af69e2a2,Omega_hat_StateSize,1404099,=,MEASURED,,clang-18.1.8-coverage-state-load-v1,clang-18.1.8-coverage-state-load-v1,Clang 18.1.8 Linux amd64 container,clang-18.1.8-coverage-state-load-v1,3,experiments/lcb_hard_v1_cpp/measurements/program-complexity/post-loop-state/cpp/profiles.jsonl
program-complexity-normalized-v2,lcb_hard_v1_cpp,atcoder/abc376_g,post-loop-state,cpp,ee8ab188dcf160224430797f69e4b8ac7431dc089761d8a33bac642fcbac05e6,e771241b56114eb53ff611f7bf8d8165db5e7ea694e3d0d176e8fdac059d5afa,sha256:3d989df32a013f793f0661cb5277ae11042ae32fd5f2a654036f41b7af69e2a2,Omega_hat_StateLoad,94599515806,=,MEASURED,,clang-18.1.8-coverage-state-load-v1,clang-18.1.8-coverage-state-load-v1,Clang 18.1.8 Linux amd64 container,clang-18.1.8-coverage-state-load-v1,3,experiments/lcb_hard_v1_cpp/measurements/program-complexity/post-loop-state/cpp/profiles.jsonl
program-complexity-normalized-v2,lcb_hard_v1_cpp,atcoder/abc378_g,short-trace-final,cpp,c051658c5e730cba3428946bc35dd053acaf7ed59786a2e1677d97031665a4de,3a33d6c4c7c25c7b6e36f24ad58c15b129804e9fac8d28b82002491983c62ebb,sha256:9a04042b76c3047bcc8ae81ef7d6b9b10bb1d4d489e7a74da0891d0812c94471,Omega_CC,20,=,MEASURED,,cpp-preprocessed-control-flow-v1,cpp-preprocessed-control-flow-v1,Clang 18.1.8 Linux amd64 container,,1,experiments/lcb_hard_v1_cpp/measurements/program-complexity/short-trace-final/cpp/profiles.jsonl
program-complexity-normalized-v2,lcb_hard_v1_cpp,atcoder/abc378_g,short-trace-final,cpp,c051658c5e730cba3428946bc35dd053acaf7ed59786a2e1677d97031665a4de,3a33d6c4c7c25c7b6e36f24ad58c15b129804e9fac8d28b82002491983c62ebb,sha256:9a04042b76c3047bcc8ae81ef7d6b9b10bb1d4d489e7a74da0891d0812c94471,Omega_hat_NativeTrace,601,=,MEASURED,,clang-18.1.8-coverage-state-load-v1,clang-18.1.8-coverage-state-load-v1,Clang 18.1.8 Linux amd64 container,clang-18.1.8-coverage-state-load-v1,3,experiments/lcb_hard_v1_cpp/measurements/program-complexity/short-trace-final/cpp/profiles.jsonl
program-complexity-normalized-v2,lcb_hard_v1_cpp,atcoder/abc378_g,short-trace-final,cpp,c051658c5e730cba3428946bc35dd053acaf7ed59786a2e1677d97031665a4de,3a33d6c4c7c25c7b6e36f24ad58c15b129804e9fac8d28b82002491983c62ebb,sha256:9a04042b76c3047bcc8ae81ef7d6b9b10bb1d4d489e7a74da0891d0812c94471,Omega_hat_StateSize,152,=,MEASURED,,clang-18.1.8-coverage-state-load-v1,clang-18.1.8-coverage-state-load-v1,Clang 18.1.8 Linux amd64 container,clang-18.1.8-coverage-state-load-v1,3,experiments/lcb_hard_v1_cpp/measurements/program-complexity/short-trace-final/cpp/profiles.jsonl
program-complexity-normalized-v2,lcb_hard_v1_cpp,atcoder/abc378_g,short-trace-final,cpp,c051658c5e730cba3428946bc35dd053acaf7ed59786a2e1677d97031665a4de,3a33d6c4c7c25c7b6e36f24ad58c15b129804e9fac8d28b82002491983c62ebb,sha256:9a04042b76c3047bcc8ae81ef7d6b9b10bb1d4d489e7a74da0891d0812c94471,Omega_hat_StateLoad,22331,=,MEASURED,,clang-18.1.8-coverage-state-load-v1,clang-18.1.8-coverage-state-load-v1,Clang 18.1.8 Linux amd64 container,clang-18.1.8-coverage-state-load-v1,3,experiments/lcb_hard_v1_cpp/measurements/program-complexity/short-trace-final/cpp/profiles.jsonl
program-complexity-normalized-v2,lcb_hard_v1_cpp,atcoder/abc378_g,long-trace-final,cpp,c051658c5e730cba3428946bc35dd053acaf7ed59786a2e1677d97031665a4de,a794487168e09fc73815bed115ee89286b4c3852ff9c8f6f41b4fe79844e7772,sha256:5e8c6134fe8a9db00a29b0c0bdeef38711cfa5465405e2c436b2320c5e3d9336,Omega_CC,20,=,MEASURED,,cpp-preprocessed-control-flow-v1,cpp-preprocessed-control-flow-v1,Clang 18.1.8 Linux amd64 container,,1,experiments/lcb_hard_v1_cpp/measurements/program-complexity/long-trace-final/cpp/profiles.jsonl
program-complexity-normalized-v2,lcb_hard_v1_cpp,atcoder/abc378_g,long-trace-final,cpp,c051658c5e730cba3428946bc35dd053acaf7ed59786a2e1677d97031665a4de,a794487168e09fc73815bed115ee89286b4c3852ff9c8f6f41b4fe79844e7772,sha256:5e8c6134fe8a9db00a29b0c0bdeef38711cfa5465405e2c436b2320c5e3d9336,Omega_hat_NativeTrace,2776647,=,MEASURED,,clang-18.1.8-coverage-state-load-v1,clang-18.1.8-coverage-state-load-v1,Clang 18.1.8 Linux amd64 container,clang-18.1.8-coverage-state-load-v1,3,experiments/lcb_hard_v1_cpp/measurements/program-complexity/long-trace-final/cpp/profiles.jsonl
program-complexity-normalized-v2,lcb_hard_v1_cpp,atcoder/abc378_g,long-trace-final,cpp,c051658c5e730cba3428946bc35dd053acaf7ed59786a2e1677d97031665a4de,a794487168e09fc73815bed115ee89286b4c3852ff9c8f6f41b4fe79844e7772,sha256:5e8c6134fe8a9db00a29b0c0bdeef38711cfa5465405e2c436b2320c5e3d9336,Omega_hat_StateSize,7010,=,MEASURED,,clang-18.1.8-coverage-state-load-v1,clang-18.1.8-coverage-state-load-v1,Clang 18.1.8 Linux amd64 container,clang-18.1.8-coverage-state-load-v1,3,experiments/lcb_hard_v1_cpp/measurements/program-complexity/long-trace-final/cpp/profiles.jsonl
program-complexity-normalized-v2,lcb_hard_v1_cpp,atcoder/abc378_g,long-trace-final,cpp,c051658c5e730cba3428946bc35dd053acaf7ed59786a2e1677d97031665a4de,a794487168e09fc73815bed115ee89286b4c3852ff9c8f6f41b4fe79844e7772,sha256:5e8c6134fe8a9db00a29b0c0bdeef38711cfa5465405e2c436b2320c5e3d9336,Omega_hat_StateLoad,735973335,=,MEASURED,,clang-18.1.8-coverage-state-load-v1,clang-18.1.8-coverage-state-load-v1,Clang 18.1.8 Linux amd64 container,clang-18.1.8-coverage-state-load-v1,3,experiments/lcb_hard_v1_cpp/measurements/program-complexity/long-trace-final/cpp/profiles.jsonl
program-complexity-normalized-v2,lcb_hard_v1_cpp,atcoder/abc378_g,inside-loop-state,cpp,0b5aa32985a481f5211c38cd1bf5b81a3d5ea37dbd70eabe883dc1fe1eea2f40,a794487168e09fc73815bed115ee89286b4c3852ff9c8f6f41b4fe79844e7772,sha256:7071e5961f7af92e8ffb24206762bcc04c97342befd071cac26f52f211d56733,Omega_CC,34,=,MEASURED,,cpp-preprocessed-control-flow-v1,cpp-preprocessed-control-flow-v1,Clang 18.1.8 Linux amd64 container,,1,experiments/lcb_hard_v1_cpp/measurements/program-complexity/inside-loop-state/cpp/profiles.jsonl
program-complexity-normalized-v2,lcb_hard_v1_cpp,atcoder/abc378_g,inside-loop-state,cpp,0b5aa32985a481f5211c38cd1bf5b81a3d5ea37dbd70eabe883dc1fe1eea2f40,a794487168e09fc73815bed115ee89286b4c3852ff9c8f6f41b4fe79844e7772,sha256:7071e5961f7af92e8ffb24206762bcc04c97342befd071cac26f52f211d56733,Omega_hat_NativeTrace,60279,=,MEASURED,,clang-18.1.8-coverage-state-load-v1,clang-18.1.8-coverage-state-load-v1,Clang 18.1.8 Linux amd64 container,clang-18.1.8-coverage-state-load-v1,3,experiments/lcb_hard_v1_cpp/measurements/program-complexity/inside-loop-state/cpp/profiles.jsonl
program-complexity-normalized-v2,lcb_hard_v1_cpp,atcoder/abc378_g,inside-loop-state,cpp,0b5aa32985a481f5211c38cd1bf5b81a3d5ea37dbd70eabe883dc1fe1eea2f40,a794487168e09fc73815bed115ee89286b4c3852ff9c8f6f41b4fe79844e7772,sha256:7071e5961f7af92e8ffb24206762bcc04c97342befd071cac26f52f211d56733,Omega_hat_StateSize,808,=,MEASURED,,clang-18.1.8-coverage-state-load-v1,clang-18.1.8-coverage-state-load-v1,Clang 18.1.8 Linux amd64 container,clang-18.1.8-coverage-state-load-v1,3,experiments/lcb_hard_v1_cpp/measurements/program-complexity/inside-loop-state/cpp/profiles.jsonl
program-complexity-normalized-v2,lcb_hard_v1_cpp,atcoder/abc378_g,inside-loop-state,cpp,0b5aa32985a481f5211c38cd1bf5b81a3d5ea37dbd70eabe883dc1fe1eea2f40,a794487168e09fc73815bed115ee89286b4c3852ff9c8f6f41b4fe79844e7772,sha256:7071e5961f7af92e8ffb24206762bcc04c97342befd071cac26f52f211d56733,Omega_hat_StateLoad,2578049,=,MEASURED,,clang-18.1.8-coverage-state-load-v1,clang-18.1.8-coverage-state-load-v1,Clang 18.1.8 Linux amd64 container,clang-18.1.8-coverage-state-load-v1,3,experiments/lcb_hard_v1_cpp/measurements/program-complexity/inside-loop-state/cpp/profiles.jsonl
program-complexity-normalized-v2,lcb_hard_v1_cpp,atcoder/abc378_g,post-loop-state,cpp,ce2d05620e3dfa27cf28d196acd37098359fddcc60cb6eca8eb84ba3a376d168,a794487168e09fc73815bed115ee89286b4c3852ff9c8f6f41b4fe79844e7772,sha256:035dd6431be4fbc846b64c7893bd2a29c9c250422b3cb8baed2a0aae3fb10c72,Omega_CC,34,=,MEASURED,,cpp-preprocessed-control-flow-v1,cpp-preprocessed-control-flow-v1,Clang 18.1.8 Linux amd64 container,,1,experiments/lcb_hard_v1_cpp/measurements/program-complexity/post-loop-state/cpp/profiles.jsonl
program-complexity-normalized-v2,lcb_hard_v1_cpp,atcoder/abc378_g,post-loop-state,cpp,ce2d05620e3dfa27cf28d196acd37098359fddcc60cb6eca8eb84ba3a376d168,a794487168e09fc73815bed115ee89286b4c3852ff9c8f6f41b4fe79844e7772,sha256:035dd6431be4fbc846b64c7893bd2a29c9c250422b3cb8baed2a0aae3fb10c72,Omega_hat_NativeTrace,1543614,=,MEASURED,,clang-18.1.8-coverage-state-load-v1,clang-18.1.8-coverage-state-load-v1,Clang 18.1.8 Linux amd64 container,clang-18.1.8-coverage-state-load-v1,3,experiments/lcb_hard_v1_cpp/measurements/program-complexity/post-loop-state/cpp/profiles.jsonl
program-complexity-normalized-v2,lcb_hard_v1_cpp,atcoder/abc378_g,post-loop-state,cpp,ce2d05620e3dfa27cf28d196acd37098359fddcc60cb6eca8eb84ba3a376d168,a794487168e09fc73815bed115ee89286b4c3852ff9c8f6f41b4fe79844e7772,sha256:035dd6431be4fbc846b64c7893bd2a29c9c250422b3cb8baed2a0aae3fb10c72,Omega_hat_StateSize,7011,=,MEASURED,,clang-18.1.8-coverage-state-load-v1,clang-18.1.8-coverage-state-load-v1,Clang 18.1.8 Linux amd64 container,clang-18.1.8-coverage-state-load-v1,3,experiments/lcb_hard_v1_cpp/measurements/program-complexity/post-loop-state/cpp/profiles.jsonl
program-complexity-normalized-v2,lcb_hard_v1_cpp,atcoder/abc378_g,post-loop-state,cpp,ce2d05620e3dfa27cf28d196acd37098359fddcc60cb6eca8eb84ba3a376d168,a794487168e09fc73815bed115ee89286b4c3852ff9c8f6f41b4fe79844e7772,sha256:035dd6431be4fbc846b64c7893bd2a29c9c250422b3cb8baed2a0aae3fb10c72,Omega_hat_StateLoad,479969121,=,MEASURED,,clang-18.1.8-coverage-state-load-v1,clang-18.1.8-coverage-state-load-v1,Clang 18.1.8 Linux amd64 container,clang-18.1.8-coverage-state-load-v1,3,experiments/lcb_hard_v1_cpp/measurements/program-complexity/post-loop-state/cpp/profiles.jsonl
program-complexity-normalized-v2,lcb_hard_v1_cpp,atcoder/abc389_g,short-trace-final,cpp,820049802ac471c5db9559bbeed89bf74b3a8ef4e1f0a97cf95d8d71a24429fd,59ab75acce314f9214818f5d5de59a313cf6bd2f21ea9b1ab05f183f75897ec8,sha256:9adb4268bc88cca43bb54ee4a1583943c0add3cb8b0e3d46724891ec6ce67c22,Omega_CC,35,=,MEASURED,,cpp-preprocessed-control-flow-v1,cpp-preprocessed-control-flow-v1,Clang 18.1.8 Linux amd64 container,,1,experiments/lcb_hard_v1_cpp/measurements/program-complexity/short-trace-final/cpp/profiles.jsonl
program-complexity-normalized-v2,lcb_hard_v1_cpp,atcoder/abc389_g,short-trace-final,cpp,820049802ac471c5db9559bbeed89bf74b3a8ef4e1f0a97cf95d8d71a24429fd,59ab75acce314f9214818f5d5de59a313cf6bd2f21ea9b1ab05f183f75897ec8,sha256:9adb4268bc88cca43bb54ee4a1583943c0add3cb8b0e3d46724891ec6ce67c22,Omega_hat_NativeTrace,1597083,=,MEASURED,,clang-18.1.8-coverage-state-load-v1,clang-18.1.8-coverage-state-load-v1,Clang 18.1.8 Linux amd64 container,clang-18.1.8-coverage-state-load-v1,3,experiments/lcb_hard_v1_cpp/measurements/program-complexity/short-trace-final/cpp/profiles.jsonl
program-complexity-normalized-v2,lcb_hard_v1_cpp,atcoder/abc389_g,short-trace-final,cpp,820049802ac471c5db9559bbeed89bf74b3a8ef4e1f0a97cf95d8d71a24429fd,59ab75acce314f9214818f5d5de59a313cf6bd2f21ea9b1ab05f183f75897ec8,sha256:9adb4268bc88cca43bb54ee4a1583943c0add3cb8b0e3d46724891ec6ce67c22,Omega_hat_StateSize,30447695,=,MEASURED,,clang-18.1.8-coverage-state-load-v1,clang-18.1.8-coverage-state-load-v1,Clang 18.1.8 Linux amd64 container,clang-18.1.8-coverage-state-load-v1,3,experiments/lcb_hard_v1_cpp/measurements/program-complexity/short-trace-final/cpp/profiles.jsonl
program-complexity-normalized-v2,lcb_hard_v1_cpp,atcoder/abc389_g,short-trace-final,cpp,820049802ac471c5db9559bbeed89bf74b3a8ef4e1f0a97cf95d8d71a24429fd,59ab75acce314f9214818f5d5de59a313cf6bd2f21ea9b1ab05f183f75897ec8,sha256:9adb4268bc88cca43bb54ee4a1583943c0add3cb8b0e3d46724891ec6ce67c22,Omega_hat_StateLoad,16653041788,=,MEASURED,,clang-18.1.8-coverage-state-load-v1,clang-18.1.8-coverage-state-load-v1,Clang 18.1.8 Linux amd64 container,clang-18.1.8-coverage-state-load-v1,3,experiments/lcb_hard_v1_cpp/measurements/program-complexity/short-trace-final/cpp/profiles.jsonl
program-complexity-normalized-v2,lcb_hard_v1_cpp,atcoder/abc389_g,long-trace-final,cpp,820049802ac471c5db9559bbeed89bf74b3a8ef4e1f0a97cf95d8d71a24429fd,2120a75589670250eaa51dfef882cea553946a953e606bc6f0d0e9f2ef7dccc1,sha256:b68422e7669797dad7c4efc2fd5fb510ced9021831a158d27b63dbb9b2a73022,Omega_CC,35,=,MEASURED,,cpp-preprocessed-control-flow-v1,cpp-preprocessed-control-flow-v1,Clang 18.1.8 Linux amd64 container,,1,experiments/lcb_hard_v1_cpp/measurements/program-complexity/long-trace-final/cpp/profiles.jsonl
program-complexity-normalized-v2,lcb_hard_v1_cpp,atcoder/abc389_g,long-trace-final,cpp,820049802ac471c5db9559bbeed89bf74b3a8ef4e1f0a97cf95d8d71a24429fd,2120a75589670250eaa51dfef882cea553946a953e606bc6f0d0e9f2ef7dccc1,sha256:b68422e7669797dad7c4efc2fd5fb510ced9021831a158d27b63dbb9b2a73022,Omega_hat_NativeTrace,3143305,=,MEASURED,,clang-18.1.8-coverage-state-load-v1,clang-18.1.8-coverage-state-load-v1,Clang 18.1.8 Linux amd64 container,clang-18.1.8-coverage-state-load-v1,3,experiments/lcb_hard_v1_cpp/measurements/program-complexity/long-trace-final/cpp/profiles.jsonl
program-complexity-normalized-v2,lcb_hard_v1_cpp,atcoder/abc389_g,long-trace-final,cpp,820049802ac471c5db9559bbeed89bf74b3a8ef4e1f0a97cf95d8d71a24429fd,2120a75589670250eaa51dfef882cea553946a953e606bc6f0d0e9f2ef7dccc1,sha256:b68422e7669797dad7c4efc2fd5fb510ced9021831a158d27b63dbb9b2a73022,Omega_hat_StateSize,30447695,=,MEASURED,,clang-18.1.8-coverage-state-load-v1,clang-18.1.8-coverage-state-load-v1,Clang 18.1.8 Linux amd64 container,clang-18.1.8-coverage-state-load-v1,3,experiments/lcb_hard_v1_cpp/measurements/program-complexity/long-trace-final/cpp/profiles.jsonl
program-complexity-normalized-v2,lcb_hard_v1_cpp,atcoder/abc389_g,long-trace-final,cpp,820049802ac471c5db9559bbeed89bf74b3a8ef4e1f0a97cf95d8d71a24429fd,2120a75589670250eaa51dfef882cea553946a953e606bc6f0d0e9f2ef7dccc1,sha256:b68422e7669797dad7c4efc2fd5fb510ced9021831a158d27b63dbb9b2a73022,Omega_hat_StateLoad,1658331683668,=,MEASURED,,clang-18.1.8-coverage-state-load-v1,clang-18.1.8-coverage-state-load-v1,Clang 18.1.8 Linux amd64 container,clang-18.1.8-coverage-state-load-v1,3,experiments/lcb_hard_v1_cpp/measurements/program-complexity/long-trace-final/cpp/profiles.jsonl
program-complexity-normalized-v2,lcb_hard_v1_cpp,atcoder/abc389_g,inside-loop-state,cpp,2a87ecebdc31d0d7ea69b5489319cedcfcfa1b915142e79ab8026252a65cd647,2120a75589670250eaa51dfef882cea553946a953e606bc6f0d0e9f2ef7dccc1,sha256:32d962e40abac89c2922c665b0f9654702e13627d2dc301f43bb787cd1c4f726,Omega_CC,49,=,MEASURED,,cpp-preprocessed-control-flow-v1,cpp-preprocessed-control-flow-v1,Clang 18.1.8 Linux amd64 container,,1,experiments/lcb_hard_v1_cpp/measurements/program-complexity/inside-loop-state/cpp/profiles.jsonl
program-complexity-normalized-v2,lcb_hard_v1_cpp,atcoder/abc389_g,inside-loop-state,cpp,2a87ecebdc31d0d7ea69b5489319cedcfcfa1b915142e79ab8026252a65cd647,2120a75589670250eaa51dfef882cea553946a953e606bc6f0d0e9f2ef7dccc1,sha256:32d962e40abac89c2922c665b0f9654702e13627d2dc301f43bb787cd1c4f726,Omega_hat_NativeTrace,2374343,=,MEASURED,,clang-18.1.8-coverage-state-load-v1,clang-18.1.8-coverage-state-load-v1,Clang 18.1.8 Linux amd64 container,clang-18.1.8-coverage-state-load-v1,3,experiments/lcb_hard_v1_cpp/measurements/program-complexity/inside-loop-state/cpp/profiles.jsonl
program-complexity-normalized-v2,lcb_hard_v1_cpp,atcoder/abc389_g,inside-loop-state,cpp,2a87ecebdc31d0d7ea69b5489319cedcfcfa1b915142e79ab8026252a65cd647,2120a75589670250eaa51dfef882cea553946a953e606bc6f0d0e9f2ef7dccc1,sha256:32d962e40abac89c2922c665b0f9654702e13627d2dc301f43bb787cd1c4f726,Omega_hat_StateSize,30447697,=,MEASURED,,clang-18.1.8-coverage-state-load-v1,clang-18.1.8-coverage-state-load-v1,Clang 18.1.8 Linux amd64 container,clang-18.1.8-coverage-state-load-v1,3,experiments/lcb_hard_v1_cpp/measurements/program-complexity/inside-loop-state/cpp/profiles.jsonl
program-complexity-normalized-v2,lcb_hard_v1_cpp,atcoder/abc389_g,inside-loop-state,cpp,2a87ecebdc31d0d7ea69b5489319cedcfcfa1b915142e79ab8026252a65cd647,2120a75589670250eaa51dfef882cea553946a953e606bc6f0d0e9f2ef7dccc1,sha256:32d962e40abac89c2922c665b0f9654702e13627d2dc301f43bb787cd1c4f726,Omega_hat_StateLoad,1169676689369,=,MEASURED,,clang-18.1.8-coverage-state-load-v1,clang-18.1.8-coverage-state-load-v1,Clang 18.1.8 Linux amd64 container,clang-18.1.8-coverage-state-load-v1,3,experiments/lcb_hard_v1_cpp/measurements/program-complexity/inside-loop-state/cpp/profiles.jsonl
program-complexity-normalized-v2,lcb_hard_v1_cpp,atcoder/abc389_g,post-loop-state,cpp,023c50cbf28bd11272d6db7a5865e31d177607c0d023b246ab95058035e5c7c3,2120a75589670250eaa51dfef882cea553946a953e606bc6f0d0e9f2ef7dccc1,sha256:d3f47f34fbf7e79076b6c21ee861229888f96a72aceb61bc140a8c7aeed735eb,Omega_CC,49,=,MEASURED,,cpp-preprocessed-control-flow-v1,cpp-preprocessed-control-flow-v1,Clang 18.1.8 Linux amd64 container,,1,experiments/lcb_hard_v1_cpp/measurements/program-complexity/post-loop-state/cpp/profiles.jsonl
program-complexity-normalized-v2,lcb_hard_v1_cpp,atcoder/abc389_g,post-loop-state,cpp,023c50cbf28bd11272d6db7a5865e31d177607c0d023b246ab95058035e5c7c3,2120a75589670250eaa51dfef882cea553946a953e606bc6f0d0e9f2ef7dccc1,sha256:d3f47f34fbf7e79076b6c21ee861229888f96a72aceb61bc140a8c7aeed735eb,Omega_hat_NativeTrace,2654449,=,MEASURED,,clang-18.1.8-coverage-state-load-v1,clang-18.1.8-coverage-state-load-v1,Clang 18.1.8 Linux amd64 container,clang-18.1.8-coverage-state-load-v1,3,experiments/lcb_hard_v1_cpp/measurements/program-complexity/post-loop-state/cpp/profiles.jsonl
program-complexity-normalized-v2,lcb_hard_v1_cpp,atcoder/abc389_g,post-loop-state,cpp,023c50cbf28bd11272d6db7a5865e31d177607c0d023b246ab95058035e5c7c3,2120a75589670250eaa51dfef882cea553946a953e606bc6f0d0e9f2ef7dccc1,sha256:d3f47f34fbf7e79076b6c21ee861229888f96a72aceb61bc140a8c7aeed735eb,Omega_hat_StateSize,30447696,=,MEASURED,,clang-18.1.8-coverage-state-load-v1,clang-18.1.8-coverage-state-load-v1,Clang 18.1.8 Linux amd64 container,clang-18.1.8-coverage-state-load-v1,3,experiments/lcb_hard_v1_cpp/measurements/program-complexity/post-loop-state/cpp/profiles.jsonl
program-complexity-normalized-v2,lcb_hard_v1_cpp,atcoder/abc389_g,post-loop-state,cpp,023c50cbf28bd11272d6db7a5865e31d177607c0d023b246ab95058035e5c7c3,2120a75589670250eaa51dfef882cea553946a953e606bc6f0d0e9f2ef7dccc1,sha256:d3f47f34fbf7e79076b6c21ee861229888f96a72aceb61bc140a8c7aeed735eb,Omega_hat_StateLoad,1360979554335,=,MEASURED,,clang-18.1.8-coverage-state-load-v1,clang-18.1.8-coverage-state-load-v1,Clang 18.1.8 Linux amd64 container,clang-18.1.8-coverage-state-load-v1,3,experiments/lcb_hard_v1_cpp/measurements/program-complexity/post-loop-state/cpp/profiles.jsonl
program-complexity-normalized-v2,lcb_hard_v1_cpp,atcoder/abc390_g,short-trace-final,cpp,427cb60eceb1d4b9ae3fa100680ad7cc87de3bcb3738336fa3442fd18b949c5a,4e07408562bedb8b60ce05c1decfe3ad16b72230967de01f640b7e4729b49fce,sha256:eb0093eff54964970dbb61ff8db6b6e1ff95cbac1637788baf6db9e6f543323f,Omega_CC,32,=,MEASURED,,cpp-preprocessed-control-flow-v1,cpp-preprocessed-control-flow-v1,Clang 18.1.8 Linux amd64 container,,1,experiments/lcb_hard_v1_cpp/measurements/program-complexity/short-trace-final/cpp/profiles.jsonl
program-complexity-normalized-v2,lcb_hard_v1_cpp,atcoder/abc390_g,short-trace-final,cpp,427cb60eceb1d4b9ae3fa100680ad7cc87de3bcb3738336fa3442fd18b949c5a,4e07408562bedb8b60ce05c1decfe3ad16b72230967de01f640b7e4729b49fce,sha256:eb0093eff54964970dbb61ff8db6b6e1ff95cbac1637788baf6db9e6f543323f,Omega_hat_NativeTrace,7224082,=,MEASURED,,clang-18.1.8-coverage-state-load-v1,clang-18.1.8-coverage-state-load-v1,Clang 18.1.8 Linux amd64 container,clang-18.1.8-coverage-state-load-v1,3,experiments/lcb_hard_v1_cpp/measurements/program-complexity/short-trace-final/cpp/profiles.jsonl
program-complexity-normalized-v2,lcb_hard_v1_cpp,atcoder/abc390_g,short-trace-final,cpp,427cb60eceb1d4b9ae3fa100680ad7cc87de3bcb3738336fa3442fd18b949c5a,4e07408562bedb8b60ce05c1decfe3ad16b72230967de01f640b7e4729b49fce,sha256:eb0093eff54964970dbb61ff8db6b6e1ff95cbac1637788baf6db9e6f543323f,Omega_hat_StateSize,2600127,=,MEASURED,,clang-18.1.8-coverage-state-load-v1,clang-18.1.8-coverage-state-load-v1,Clang 18.1.8 Linux amd64 container,clang-18.1.8-coverage-state-load-v1,3,experiments/lcb_hard_v1_cpp/measurements/program-complexity/short-trace-final/cpp/profiles.jsonl
program-complexity-normalized-v2,lcb_hard_v1_cpp,atcoder/abc390_g,short-trace-final,cpp,427cb60eceb1d4b9ae3fa100680ad7cc87de3bcb3738336fa3442fd18b949c5a,4e07408562bedb8b60ce05c1decfe3ad16b72230967de01f640b7e4729b49fce,sha256:eb0093eff54964970dbb61ff8db6b6e1ff95cbac1637788baf6db9e6f543323f,Omega_hat_StateLoad,9984639643,=,MEASURED,,clang-18.1.8-coverage-state-load-v1,clang-18.1.8-coverage-state-load-v1,Clang 18.1.8 Linux amd64 container,clang-18.1.8-coverage-state-load-v1,3,experiments/lcb_hard_v1_cpp/measurements/program-complexity/short-trace-final/cpp/profiles.jsonl
program-complexity-normalized-v2,lcb_hard_v1_cpp,atcoder/abc390_g,long-trace-final,cpp,427cb60eceb1d4b9ae3fa100680ad7cc87de3bcb3738336fa3442fd18b949c5a,c11e3f4837efde2441e23a7b9da02131f53bf59fddeb7147c4ab81afe400460f,sha256:863d3bfd4258099c3e7381cc5da351cce4d1c3e61b9bca29c66c24db329d6735,Omega_CC,32,=,MEASURED,,cpp-preprocessed-control-flow-v1,cpp-preprocessed-control-flow-v1,Clang 18.1.8 Linux amd64 container,,1,experiments/lcb_hard_v1_cpp/measurements/program-complexity/long-trace-final/cpp/profiles.jsonl
program-complexity-normalized-v2,lcb_hard_v1_cpp,atcoder/abc390_g,long-trace-final,cpp,427cb60eceb1d4b9ae3fa100680ad7cc87de3bcb3738336fa3442fd18b949c5a,c11e3f4837efde2441e23a7b9da02131f53bf59fddeb7147c4ab81afe400460f,sha256:863d3bfd4258099c3e7381cc5da351cce4d1c3e61b9bca29c66c24db329d6735,Omega_hat_NativeTrace,7989051,=,MEASURED,,clang-18.1.8-coverage-state-load-v1,clang-18.1.8-coverage-state-load-v1,Clang 18.1.8 Linux amd64 container,clang-18.1.8-coverage-state-load-v1,3,experiments/lcb_hard_v1_cpp/measurements/program-complexity/long-trace-final/cpp/profiles.jsonl
program-complexity-normalized-v2,lcb_hard_v1_cpp,atcoder/abc390_g,long-trace-final,cpp,427cb60eceb1d4b9ae3fa100680ad7cc87de3bcb3738336fa3442fd18b949c5a,c11e3f4837efde2441e23a7b9da02131f53bf59fddeb7147c4ab81afe400460f,sha256:863d3bfd4258099c3e7381cc5da351cce4d1c3e61b9bca29c66c24db329d6735,Omega_hat_StateSize,2601108,=,MEASURED,,clang-18.1.8-coverage-state-load-v1,clang-18.1.8-coverage-state-load-v1,Clang 18.1.8 Linux amd64 container,clang-18.1.8-coverage-state-load-v1,3,experiments/lcb_hard_v1_cpp/measurements/program-complexity/long-trace-final/cpp/profiles.jsonl
program-complexity-normalized-v2,lcb_hard_v1_cpp,atcoder/abc390_g,long-trace-final,cpp,427cb60eceb1d4b9ae3fa100680ad7cc87de3bcb3738336fa3442fd18b949c5a,c11e3f4837efde2441e23a7b9da02131f53bf59fddeb7147c4ab81afe400460f,sha256:863d3bfd4258099c3e7381cc5da351cce4d1c3e61b9bca29c66c24db329d6735,Omega_hat_StateLoad,438584818290,=,MEASURED,,clang-18.1.8-coverage-state-load-v1,clang-18.1.8-coverage-state-load-v1,Clang 18.1.8 Linux amd64 container,clang-18.1.8-coverage-state-load-v1,3,experiments/lcb_hard_v1_cpp/measurements/program-complexity/long-trace-final/cpp/profiles.jsonl
program-complexity-normalized-v2,lcb_hard_v1_cpp,atcoder/abc390_g,inside-loop-state,cpp,af69753edf44185530f29ad377fc58dd360d68d16407dd8a342044c0088340c4,c11e3f4837efde2441e23a7b9da02131f53bf59fddeb7147c4ab81afe400460f,sha256:95f44e61ec6aa9eaeac3e7d3ff4ebd0a95e3d480e196eebc12e356c6db34c167,Omega_CC,46,=,MEASURED,,cpp-preprocessed-control-flow-v1,cpp-preprocessed-control-flow-v1,Clang 18.1.8 Linux amd64 container,,1,experiments/lcb_hard_v1_cpp/measurements/program-complexity/inside-loop-state/cpp/profiles.jsonl
program-complexity-normalized-v2,lcb_hard_v1_cpp,atcoder/abc390_g,inside-loop-state,cpp,af69753edf44185530f29ad377fc58dd360d68d16407dd8a342044c0088340c4,c11e3f4837efde2441e23a7b9da02131f53bf59fddeb7147c4ab81afe400460f,sha256:95f44e61ec6aa9eaeac3e7d3ff4ebd0a95e3d480e196eebc12e356c6db34c167,Omega_hat_NativeTrace,7596256,=,MEASURED,,clang-18.1.8-coverage-state-load-v1,clang-18.1.8-coverage-state-load-v1,Clang 18.1.8 Linux amd64 container,clang-18.1.8-coverage-state-load-v1,3,experiments/lcb_hard_v1_cpp/measurements/program-complexity/inside-loop-state/cpp/profiles.jsonl
program-complexity-normalized-v2,lcb_hard_v1_cpp,atcoder/abc390_g,inside-loop-state,cpp,af69753edf44185530f29ad377fc58dd360d68d16407dd8a342044c0088340c4,c11e3f4837efde2441e23a7b9da02131f53bf59fddeb7147c4ab81afe400460f,sha256:95f44e61ec6aa9eaeac3e7d3ff4ebd0a95e3d480e196eebc12e356c6db34c167,Omega_hat_StateSize,2601107,=,MEASURED,,clang-18.1.8-coverage-state-load-v1,clang-18.1.8-coverage-state-load-v1,Clang 18.1.8 Linux amd64 container,clang-18.1.8-coverage-state-load-v1,3,experiments/lcb_hard_v1_cpp/measurements/program-complexity/inside-loop-state/cpp/profiles.jsonl
program-complexity-normalized-v2,lcb_hard_v1_cpp,atcoder/abc390_g,inside-loop-state,cpp,af69753edf44185530f29ad377fc58dd360d68d16407dd8a342044c0088340c4,c11e3f4837efde2441e23a7b9da02131f53bf59fddeb7147c4ab81afe400460f,sha256:95f44e61ec6aa9eaeac3e7d3ff4ebd0a95e3d480e196eebc12e356c6db34c167,Omega_hat_StateLoad,219568175904,=,MEASURED,,clang-18.1.8-coverage-state-load-v1,clang-18.1.8-coverage-state-load-v1,Clang 18.1.8 Linux amd64 container,clang-18.1.8-coverage-state-load-v1,3,experiments/lcb_hard_v1_cpp/measurements/program-complexity/inside-loop-state/cpp/profiles.jsonl
program-complexity-normalized-v2,lcb_hard_v1_cpp,atcoder/abc390_g,post-loop-state,cpp,048408ce9277cfdece728579a3901b0561d5c88b313c9e9f2c73957dd66bc1db,c11e3f4837efde2441e23a7b9da02131f53bf59fddeb7147c4ab81afe400460f,sha256:22539a525b59fb7c0c99c6ca081f4dd5bd4caf85499b18d1e816ada4f42dc3be,Omega_CC,46,=,MEASURED,,cpp-preprocessed-control-flow-v1,cpp-preprocessed-control-flow-v1,Clang 18.1.8 Linux amd64 container,,1,experiments/lcb_hard_v1_cpp/measurements/program-complexity/post-loop-state/cpp/profiles.jsonl
program-complexity-normalized-v2,lcb_hard_v1_cpp,atcoder/abc390_g,post-loop-state,cpp,048408ce9277cfdece728579a3901b0561d5c88b313c9e9f2c73957dd66bc1db,c11e3f4837efde2441e23a7b9da02131f53bf59fddeb7147c4ab81afe400460f,sha256:22539a525b59fb7c0c99c6ca081f4dd5bd4caf85499b18d1e816ada4f42dc3be,Omega_hat_NativeTrace,7857892,=,MEASURED,,clang-18.1.8-coverage-state-load-v1,clang-18.1.8-coverage-state-load-v1,Clang 18.1.8 Linux amd64 container,clang-18.1.8-coverage-state-load-v1,3,experiments/lcb_hard_v1_cpp/measurements/program-complexity/post-loop-state/cpp/profiles.jsonl
program-complexity-normalized-v2,lcb_hard_v1_cpp,atcoder/abc390_g,post-loop-state,cpp,048408ce9277cfdece728579a3901b0561d5c88b313c9e9f2c73957dd66bc1db,c11e3f4837efde2441e23a7b9da02131f53bf59fddeb7147c4ab81afe400460f,sha256:22539a525b59fb7c0c99c6ca081f4dd5bd4caf85499b18d1e816ada4f42dc3be,Omega_hat_StateSize,2601109,=,MEASURED,,clang-18.1.8-coverage-state-load-v1,clang-18.1.8-coverage-state-load-v1,Clang 18.1.8 Linux amd64 container,clang-18.1.8-coverage-state-load-v1,3,experiments/lcb_hard_v1_cpp/measurements/program-complexity/post-loop-state/cpp/profiles.jsonl
program-complexity-normalized-v2,lcb_hard_v1_cpp,atcoder/abc390_g,post-loop-state,cpp,048408ce9277cfdece728579a3901b0561d5c88b313c9e9f2c73957dd66bc1db,c11e3f4837efde2441e23a7b9da02131f53bf59fddeb7147c4ab81afe400460f,sha256:22539a525b59fb7c0c99c6ca081f4dd5bd4caf85499b18d1e816ada4f42dc3be,Omega_hat_StateLoad,365672995551,=,MEASURED,,clang-18.1.8-coverage-state-load-v1,clang-18.1.8-coverage-state-load-v1,Clang 18.1.8 Linux amd64 container,clang-18.1.8-coverage-state-load-v1,3,experiments/lcb_hard_v1_cpp/measurements/program-complexity/post-loop-state/cpp/profiles.jsonl
program-complexity-normalized-v2,lcb_hard_v1_cpp,atcoder/arc184_c,short-trace-final,cpp,806766ccdf463ea6f768abf49f0cde8b4bc39f536ca0e19e1bec5a6f2c4e3408,1939ac02b3e3a4200d2e58caa21f8b8c90a90c4e77b6dc86f95c8b39a97d84ba,sha256:4bb5adebffb49e7ee069eb0a2f8083bf765c92341bcf8932ca3ce34ca958624d,Omega_CC,9,=,MEASURED,,cpp-preprocessed-control-flow-v1,cpp-preprocessed-control-flow-v1,Clang 18.1.8 Linux amd64 container,,1,experiments/lcb_hard_v1_cpp/measurements/program-complexity/short-trace-final/cpp/profiles.jsonl
program-complexity-normalized-v2,lcb_hard_v1_cpp,atcoder/arc184_c,short-trace-final,cpp,806766ccdf463ea6f768abf49f0cde8b4bc39f536ca0e19e1bec5a6f2c4e3408,1939ac02b3e3a4200d2e58caa21f8b8c90a90c4e77b6dc86f95c8b39a97d84ba,sha256:4bb5adebffb49e7ee069eb0a2f8083bf765c92341bcf8932ca3ce34ca958624d,Omega_hat_NativeTrace,22453,=,MEASURED,,clang-18.1.8-coverage-state-load-v1,clang-18.1.8-coverage-state-load-v1,Clang 18.1.8 Linux amd64 container,clang-18.1.8-coverage-state-load-v1,3,experiments/lcb_hard_v1_cpp/measurements/program-complexity/short-trace-final/cpp/profiles.jsonl
program-complexity-normalized-v2,lcb_hard_v1_cpp,atcoder/arc184_c,short-trace-final,cpp,806766ccdf463ea6f768abf49f0cde8b4bc39f536ca0e19e1bec5a6f2c4e3408,1939ac02b3e3a4200d2e58caa21f8b8c90a90c4e77b6dc86f95c8b39a97d84ba,sha256:4bb5adebffb49e7ee069eb0a2f8083bf765c92341bcf8932ca3ce34ca958624d,Omega_hat_StateSize,275,=,MEASURED,,clang-18.1.8-coverage-state-load-v1,clang-18.1.8-coverage-state-load-v1,Clang 18.1.8 Linux amd64 container,clang-18.1.8-coverage-state-load-v1,3,experiments/lcb_hard_v1_cpp/measurements/program-complexity/short-trace-final/cpp/profiles.jsonl
program-complexity-normalized-v2,lcb_hard_v1_cpp,atcoder/arc184_c,short-trace-final,cpp,806766ccdf463ea6f768abf49f0cde8b4bc39f536ca0e19e1bec5a6f2c4e3408,1939ac02b3e3a4200d2e58caa21f8b8c90a90c4e77b6dc86f95c8b39a97d84ba,sha256:4bb5adebffb49e7ee069eb0a2f8083bf765c92341bcf8932ca3ce34ca958624d,Omega_hat_StateLoad,1761117,=,MEASURED,,clang-18.1.8-coverage-state-load-v1,clang-18.1.8-coverage-state-load-v1,Clang 18.1.8 Linux amd64 container,clang-18.1.8-coverage-state-load-v1,3,experiments/lcb_hard_v1_cpp/measurements/program-complexity/short-trace-final/cpp/profiles.jsonl
program-complexity-normalized-v2,lcb_hard_v1_cpp,atcoder/arc184_c,long-trace-final,cpp,806766ccdf463ea6f768abf49f0cde8b4bc39f536ca0e19e1bec5a6f2c4e3408,47deeb9d8f284da3abced61a26635f02a6c35af527dd0b28eca6c2ef614976fe,sha256:eec7f6c653045729c98229dd130cd4b05d83cd57d7d4c59c3defa16b4a4412e4,Omega_CC,9,=,MEASURED,,cpp-preprocessed-control-flow-v1,cpp-preprocessed-control-flow-v1,Clang 18.1.8 Linux amd64 container,,1,experiments/lcb_hard_v1_cpp/measurements/program-complexity/long-trace-final/cpp/profiles.jsonl
program-complexity-normalized-v2,lcb_hard_v1_cpp,atcoder/arc184_c,long-trace-final,cpp,806766ccdf463ea6f768abf49f0cde8b4bc39f536ca0e19e1bec5a6f2c4e3408,47deeb9d8f284da3abced61a26635f02a6c35af527dd0b28eca6c2ef614976fe,sha256:eec7f6c653045729c98229dd130cd4b05d83cd57d7d4c59c3defa16b4a4412e4,Omega_hat_NativeTrace,206145,=,MEASURED,,clang-18.1.8-coverage-state-load-v1,clang-18.1.8-coverage-state-load-v1,Clang 18.1.8 Linux amd64 container,clang-18.1.8-coverage-state-load-v1,3,experiments/lcb_hard_v1_cpp/measurements/program-complexity/long-trace-final/cpp/profiles.jsonl
program-complexity-normalized-v2,lcb_hard_v1_cpp,atcoder/arc184_c,long-trace-final,cpp,806766ccdf463ea6f768abf49f0cde8b4bc39f536ca0e19e1bec5a6f2c4e3408,47deeb9d8f284da3abced61a26635f02a6c35af527dd0b28eca6c2ef614976fe,sha256:eec7f6c653045729c98229dd130cd4b05d83cd57d7d4c59c3defa16b4a4412e4,Omega_hat_StateSize,1347,=,MEASURED,,clang-18.1.8-coverage-state-load-v1,clang-18.1.8-coverage-state-load-v1,Clang 18.1.8 Linux amd64 container,clang-18.1.8-coverage-state-load-v1,3,experiments/lcb_hard_v1_cpp/measurements/program-complexity/long-trace-final/cpp/profiles.jsonl
program-complexity-normalized-v2,lcb_hard_v1_cpp,atcoder/arc184_c,long-trace-final,cpp,806766ccdf463ea6f768abf49f0cde8b4bc39f536ca0e19e1bec5a6f2c4e3408,47deeb9d8f284da3abced61a26635f02a6c35af527dd0b28eca6c2ef614976fe,sha256:eec7f6c653045729c98229dd130cd4b05d83cd57d7d4c59c3defa16b4a4412e4,Omega_hat_StateLoad,141720453,=,MEASURED,,clang-18.1.8-coverage-state-load-v1,clang-18.1.8-coverage-state-load-v1,Clang 18.1.8 Linux amd64 container,clang-18.1.8-coverage-state-load-v1,3,experiments/lcb_hard_v1_cpp/measurements/program-complexity/long-trace-final/cpp/profiles.jsonl
program-complexity-normalized-v2,lcb_hard_v1_cpp,atcoder/arc184_c,inside-loop-state,cpp,5237d1a0049687ff1d0cdaaa9cd7238d2a3783f495923062e563e1fc209d9575,47deeb9d8f284da3abced61a26635f02a6c35af527dd0b28eca6c2ef614976fe,sha256:50c7a479e2b57deb199674cb8065a3ad784078d1303adb9e0c3e4bd6940f2ab0,Omega_CC,23,=,MEASURED,,cpp-preprocessed-control-flow-v1,cpp-preprocessed-control-flow-v1,Clang 18.1.8 Linux amd64 container,,1,experiments/lcb_hard_v1_cpp/measurements/program-complexity/inside-loop-state/cpp/profiles.jsonl
program-complexity-normalized-v2,lcb_hard_v1_cpp,atcoder/arc184_c,inside-loop-state,cpp,5237d1a0049687ff1d0cdaaa9cd7238d2a3783f495923062e563e1fc209d9575,47deeb9d8f284da3abced61a26635f02a6c35af527dd0b28eca6c2ef614976fe,sha256:50c7a479e2b57deb199674cb8065a3ad784078d1303adb9e0c3e4bd6940f2ab0,Omega_hat_NativeTrace,10464,=,MEASURED,,clang-18.1.8-coverage-state-load-v1,clang-18.1.8-coverage-state-load-v1,Clang 18.1.8 Linux amd64 container,clang-18.1.8-coverage-state-load-v1,3,experiments/lcb_hard_v1_cpp/measurements/program-complexity/inside-loop-state/cpp/profiles.jsonl
program-complexity-normalized-v2,lcb_hard_v1_cpp,atcoder/arc184_c,inside-loop-state,cpp,5237d1a0049687ff1d0cdaaa9cd7238d2a3783f495923062e563e1fc209d9575,47deeb9d8f284da3abced61a26635f02a6c35af527dd0b28eca6c2ef614976fe,sha256:50c7a479e2b57deb199674cb8065a3ad784078d1303adb9e0c3e4bd6940f2ab0,Omega_hat_StateSize,1348,=,MEASURED,,clang-18.1.8-coverage-state-load-v1,clang-18.1.8-coverage-state-load-v1,Clang 18.1.8 Linux amd64 container,clang-18.1.8-coverage-state-load-v1,3,experiments/lcb_hard_v1_cpp/measurements/program-complexity/inside-loop-state/cpp/profiles.jsonl
program-complexity-normalized-v2,lcb_hard_v1_cpp,atcoder/arc184_c,inside-loop-state,cpp,5237d1a0049687ff1d0cdaaa9cd7238d2a3783f495923062e563e1fc209d9575,47deeb9d8f284da3abced61a26635f02a6c35af527dd0b28eca6c2ef614976fe,sha256:50c7a479e2b57deb199674cb8065a3ad784078d1303adb9e0c3e4bd6940f2ab0,Omega_hat_StateLoad,10901986,=,MEASURED,,clang-18.1.8-coverage-state-load-v1,clang-18.1.8-coverage-state-load-v1,Clang 18.1.8 Linux amd64 container,clang-18.1.8-coverage-state-load-v1,3,experiments/lcb_hard_v1_cpp/measurements/program-complexity/inside-loop-state/cpp/profiles.jsonl
program-complexity-normalized-v2,lcb_hard_v1_cpp,atcoder/arc184_c,post-loop-state,cpp,47b23212f343652414c9c05cf53529a6b43a1ab4ecafc86a4a8dd399b9ec94a9,47deeb9d8f284da3abced61a26635f02a6c35af527dd0b28eca6c2ef614976fe,sha256:3f3f01856b381b17a7583600c54cf7f22703db739f93dc84b7cb347bff0cccbf,Omega_CC,23,=,MEASURED,,cpp-preprocessed-control-flow-v1,cpp-preprocessed-control-flow-v1,Clang 18.1.8 Linux amd64 container,,1,experiments/lcb_hard_v1_cpp/measurements/program-complexity/post-loop-state/cpp/profiles.jsonl
program-complexity-normalized-v2,lcb_hard_v1_cpp,atcoder/arc184_c,post-loop-state,cpp,47b23212f343652414c9c05cf53529a6b43a1ab4ecafc86a4a8dd399b9ec94a9,47deeb9d8f284da3abced61a26635f02a6c35af527dd0b28eca6c2ef614976fe,sha256:3f3f01856b381b17a7583600c54cf7f22703db739f93dc84b7cb347bff0cccbf,Omega_hat_NativeTrace,12194,=,MEASURED,,clang-18.1.8-coverage-state-load-v1,clang-18.1.8-coverage-state-load-v1,Clang 18.1.8 Linux amd64 container,clang-18.1.8-coverage-state-load-v1,3,experiments/lcb_hard_v1_cpp/measurements/program-complexity/post-loop-state/cpp/profiles.jsonl
program-complexity-normalized-v2,lcb_hard_v1_cpp,atcoder/arc184_c,post-loop-state,cpp,47b23212f343652414c9c05cf53529a6b43a1ab4ecafc86a4a8dd399b9ec94a9,47deeb9d8f284da3abced61a26635f02a6c35af527dd0b28eca6c2ef614976fe,sha256:3f3f01856b381b17a7583600c54cf7f22703db739f93dc84b7cb347bff0cccbf,Omega_hat_StateSize,1348,=,MEASURED,,clang-18.1.8-coverage-state-load-v1,clang-18.1.8-coverage-state-load-v1,Clang 18.1.8 Linux amd64 container,clang-18.1.8-coverage-state-load-v1,3,experiments/lcb_hard_v1_cpp/measurements/program-complexity/post-loop-state/cpp/profiles.jsonl
program-complexity-normalized-v2,lcb_hard_v1_cpp,atcoder/arc184_c,post-loop-state,cpp,47b23212f343652414c9c05cf53529a6b43a1ab4ecafc86a4a8dd399b9ec94a9,47deeb9d8f284da3abced61a26635f02a6c35af527dd0b28eca6c2ef614976fe,sha256:3f3f01856b381b17a7583600c54cf7f22703db739f93dc84b7cb347bff0cccbf,Omega_hat_StateLoad,13674886,=,MEASURED,,clang-18.1.8-coverage-state-load-v1,clang-18.1.8-coverage-state-load-v1,Clang 18.1.8 Linux amd64 container,clang-18.1.8-coverage-state-load-v1,3,experiments/lcb_hard_v1_cpp/measurements/program-complexity/post-loop-state/cpp/profiles.jsonl
program-complexity-normalized-v2,lcb_hard_v1_cpp,atcoder/arc184_d,short-trace-final,cpp,cb7fff94cb5da5aba585afe21d3704564699029cee2ef66f2090596379511933,54c17ad2a81c048ff529c3ba5186c940be71deadd3cfdaff0be679778002b38c,sha256:f6ba92d9d4603bc2ee6d4077a8fb67e00b0beca94666f34b0d8fe0ccb930fa4b,Omega_CC,17,=,MEASURED,,cpp-preprocessed-control-flow-v1,cpp-preprocessed-control-flow-v1,Clang 18.1.8 Linux amd64 container,,1,experiments/lcb_hard_v1_cpp/measurements/program-complexity/short-trace-final/cpp/profiles.jsonl
program-complexity-normalized-v2,lcb_hard_v1_cpp,atcoder/arc184_d,short-trace-final,cpp,cb7fff94cb5da5aba585afe21d3704564699029cee2ef66f2090596379511933,54c17ad2a81c048ff529c3ba5186c940be71deadd3cfdaff0be679778002b38c,sha256:f6ba92d9d4603bc2ee6d4077a8fb67e00b0beca94666f34b0d8fe0ccb930fa4b,Omega_hat_NativeTrace,314,=,MEASURED,,clang-18.1.8-coverage-state-load-v1,clang-18.1.8-coverage-state-load-v1,Clang 18.1.8 Linux amd64 container,clang-18.1.8-coverage-state-load-v1,3,experiments/lcb_hard_v1_cpp/measurements/program-complexity/short-trace-final/cpp/profiles.jsonl
program-complexity-normalized-v2,lcb_hard_v1_cpp,atcoder/arc184_d,short-trace-final,cpp,cb7fff94cb5da5aba585afe21d3704564699029cee2ef66f2090596379511933,54c17ad2a81c048ff529c3ba5186c940be71deadd3cfdaff0be679778002b38c,sha256:f6ba92d9d4603bc2ee6d4077a8fb67e00b0beca94666f34b0d8fe0ccb930fa4b,Omega_hat_StateSize,55,=,MEASURED,,clang-18.1.8-coverage-state-load-v1,clang-18.1.8-coverage-state-load-v1,Clang 18.1.8 Linux amd64 container,clang-18.1.8-coverage-state-load-v1,3,experiments/lcb_hard_v1_cpp/measurements/program-complexity/short-trace-final/cpp/profiles.jsonl
program-complexity-normalized-v2,lcb_hard_v1_cpp,atcoder/arc184_d,short-trace-final,cpp,cb7fff94cb5da5aba585afe21d3704564699029cee2ef66f2090596379511933,54c17ad2a81c048ff529c3ba5186c940be71deadd3cfdaff0be679778002b38c,sha256:f6ba92d9d4603bc2ee6d4077a8fb67e00b0beca94666f34b0d8fe0ccb930fa4b,Omega_hat_StateLoad,15811,=,MEASURED,,clang-18.1.8-coverage-state-load-v1,clang-18.1.8-coverage-state-load-v1,Clang 18.1.8 Linux amd64 container,clang-18.1.8-coverage-state-load-v1,3,experiments/lcb_hard_v1_cpp/measurements/program-complexity/short-trace-final/cpp/profiles.jsonl
program-complexity-normalized-v2,lcb_hard_v1_cpp,atcoder/arc184_d,long-trace-final,cpp,cb7fff94cb5da5aba585afe21d3704564699029cee2ef66f2090596379511933,ce703e64e3eb3f83d0eb3fb1638d23503bce9eb23447c1573dbb36a71759c4c5,sha256:89d39e27a9f49645a5f6580ee5eb63e59f6ec24fb05564de9ea5a135ee1fa793,Omega_CC,17,=,MEASURED,,cpp-preprocessed-control-flow-v1,cpp-preprocessed-control-flow-v1,Clang 18.1.8 Linux amd64 container,,1,experiments/lcb_hard_v1_cpp/measurements/program-complexity/long-trace-final/cpp/profiles.jsonl
program-complexity-normalized-v2,lcb_hard_v1_cpp,atcoder/arc184_d,long-trace-final,cpp,cb7fff94cb5da5aba585afe21d3704564699029cee2ef66f2090596379511933,ce703e64e3eb3f83d0eb3fb1638d23503bce9eb23447c1573dbb36a71759c4c5,sha256:89d39e27a9f49645a5f6580ee5eb63e59f6ec24fb05564de9ea5a135ee1fa793,Omega_hat_NativeTrace,326507,=,MEASURED,,clang-18.1.8-coverage-state-load-v1,clang-18.1.8-coverage-state-load-v1,Clang 18.1.8 Linux amd64 container,clang-18.1.8-coverage-state-load-v1,3,experiments/lcb_hard_v1_cpp/measurements/program-complexity/long-trace-final/cpp/profiles.jsonl
program-complexity-normalized-v2,lcb_hard_v1_cpp,atcoder/arc184_d,long-trace-final,cpp,cb7fff94cb5da5aba585afe21d3704564699029cee2ef66f2090596379511933,ce703e64e3eb3f83d0eb3fb1638d23503bce9eb23447c1573dbb36a71759c4c5,sha256:89d39e27a9f49645a5f6580ee5eb63e59f6ec24fb05564de9ea5a135ee1fa793,Omega_hat_StateSize,356,=,MEASURED,,clang-18.1.8-coverage-state-load-v1,clang-18.1.8-coverage-state-load-v1,Clang 18.1.8 Linux amd64 container,clang-18.1.8-coverage-state-load-v1,3,experiments/lcb_hard_v1_cpp/measurements/program-complexity/long-trace-final/cpp/profiles.jsonl
program-complexity-normalized-v2,lcb_hard_v1_cpp,atcoder/arc184_d,long-trace-final,cpp,cb7fff94cb5da5aba585afe21d3704564699029cee2ef66f2090596379511933,ce703e64e3eb3f83d0eb3fb1638d23503bce9eb23447c1573dbb36a71759c4c5,sha256:89d39e27a9f49645a5f6580ee5eb63e59f6ec24fb05564de9ea5a135ee1fa793,Omega_hat_StateLoad,116226690,=,MEASURED,,clang-18.1.8-coverage-state-load-v1,clang-18.1.8-coverage-state-load-v1,Clang 18.1.8 Linux amd64 container,clang-18.1.8-coverage-state-load-v1,3,experiments/lcb_hard_v1_cpp/measurements/program-complexity/long-trace-final/cpp/profiles.jsonl
program-complexity-normalized-v2,lcb_hard_v1_cpp,atcoder/arc184_d,inside-loop-state,cpp,55a3c3d1c563a628a19bb25fec299870ecd9ca705e14068ac0c476ced911a403,ce703e64e3eb3f83d0eb3fb1638d23503bce9eb23447c1573dbb36a71759c4c5,sha256:595ebdcf2672f7d5dcfce808cfef66c88aef35c0839601e954e2cc25c808ba3c,Omega_CC,31,=,MEASURED,,cpp-preprocessed-control-flow-v1,cpp-preprocessed-control-flow-v1,Clang 18.1.8 Linux amd64 container,,1,experiments/lcb_hard_v1_cpp/measurements/program-complexity/inside-loop-state/cpp/profiles.jsonl
program-complexity-normalized-v2,lcb_hard_v1_cpp,atcoder/arc184_d,inside-loop-state,cpp,55a3c3d1c563a628a19bb25fec299870ecd9ca705e14068ac0c476ced911a403,ce703e64e3eb3f83d0eb3fb1638d23503bce9eb23447c1573dbb36a71759c4c5,sha256:595ebdcf2672f7d5dcfce808cfef66c88aef35c0839601e954e2cc25c808ba3c,Omega_hat_NativeTrace,100569,=,MEASURED,,clang-18.1.8-coverage-state-load-v1,clang-18.1.8-coverage-state-load-v1,Clang 18.1.8 Linux amd64 container,clang-18.1.8-coverage-state-load-v1,3,experiments/lcb_hard_v1_cpp/measurements/program-complexity/inside-loop-state/cpp/profiles.jsonl
program-complexity-normalized-v2,lcb_hard_v1_cpp,atcoder/arc184_d,inside-loop-state,cpp,55a3c3d1c563a628a19bb25fec299870ecd9ca705e14068ac0c476ced911a403,ce703e64e3eb3f83d0eb3fb1638d23503bce9eb23447c1573dbb36a71759c4c5,sha256:595ebdcf2672f7d5dcfce808cfef66c88aef35c0839601e954e2cc25c808ba3c,Omega_hat_StateSize,327,=,MEASURED,,clang-18.1.8-coverage-state-load-v1,clang-18.1.8-coverage-state-load-v1,Clang 18.1.8 Linux amd64 container,clang-18.1.8-coverage-state-load-v1,3,experiments/lcb_hard_v1_cpp/measurements/program-complexity/inside-loop-state/cpp/profiles.jsonl
program-complexity-normalized-v2,lcb_hard_v1_cpp,atcoder/arc184_d,inside-loop-state,cpp,55a3c3d1c563a628a19bb25fec299870ecd9ca705e14068ac0c476ced911a403,ce703e64e3eb3f83d0eb3fb1638d23503bce9eb23447c1573dbb36a71759c4c5,sha256:595ebdcf2672f7d5dcfce808cfef66c88aef35c0839601e954e2cc25c808ba3c,Omega_hat_StateLoad,34799797,=,MEASURED,,clang-18.1.8-coverage-state-load-v1,clang-18.1.8-coverage-state-load-v1,Clang 18.1.8 Linux amd64 container,clang-18.1.8-coverage-state-load-v1,3,experiments/lcb_hard_v1_cpp/measurements/program-complexity/inside-loop-state/cpp/profiles.jsonl
program-complexity-normalized-v2,lcb_hard_v1_cpp,atcoder/arc184_d,post-loop-state,cpp,8bebc28c3ba0e2bc2c4ba32104c8a177ad342b5692c2239f1ca54d15357cf031,ce703e64e3eb3f83d0eb3fb1638d23503bce9eb23447c1573dbb36a71759c4c5,sha256:19f5b487b998fa0c3b987580b3497ec46c08bdaba295720af23e9b4718b47ac6,Omega_CC,31,=,MEASURED,,cpp-preprocessed-control-flow-v1,cpp-preprocessed-control-flow-v1,Clang 18.1.8 Linux amd64 container,,1,experiments/lcb_hard_v1_cpp/measurements/program-complexity/post-loop-state/cpp/profiles.jsonl
program-complexity-normalized-v2,lcb_hard_v1_cpp,atcoder/arc184_d,post-loop-state,cpp,8bebc28c3ba0e2bc2c4ba32104c8a177ad342b5692c2239f1ca54d15357cf031,ce703e64e3eb3f83d0eb3fb1638d23503bce9eb23447c1573dbb36a71759c4c5,sha256:19f5b487b998fa0c3b987580b3497ec46c08bdaba295720af23e9b4718b47ac6,Omega_hat_NativeTrace,287926,=,MEASURED,,clang-18.1.8-coverage-state-load-v1,clang-18.1.8-coverage-state-load-v1,Clang 18.1.8 Linux amd64 container,clang-18.1.8-coverage-state-load-v1,3,experiments/lcb_hard_v1_cpp/measurements/program-complexity/post-loop-state/cpp/profiles.jsonl
program-complexity-normalized-v2,lcb_hard_v1_cpp,atcoder/arc184_d,post-loop-state,cpp,8bebc28c3ba0e2bc2c4ba32104c8a177ad342b5692c2239f1ca54d15357cf031,ce703e64e3eb3f83d0eb3fb1638d23503bce9eb23447c1573dbb36a71759c4c5,sha256:19f5b487b998fa0c3b987580b3497ec46c08bdaba295720af23e9b4718b47ac6,Omega_hat_StateSize,353,=,MEASURED,,clang-18.1.8-coverage-state-load-v1,clang-18.1.8-coverage-state-load-v1,Clang 18.1.8 Linux amd64 container,clang-18.1.8-coverage-state-load-v1,3,experiments/lcb_hard_v1_cpp/measurements/program-complexity/post-loop-state/cpp/profiles.jsonl
program-complexity-normalized-v2,lcb_hard_v1_cpp,atcoder/arc184_d,post-loop-state,cpp,8bebc28c3ba0e2bc2c4ba32104c8a177ad342b5692c2239f1ca54d15357cf031,ce703e64e3eb3f83d0eb3fb1638d23503bce9eb23447c1573dbb36a71759c4c5,sha256:19f5b487b998fa0c3b987580b3497ec46c08bdaba295720af23e9b4718b47ac6,Omega_hat_StateLoad,102760403,=,MEASURED,,clang-18.1.8-coverage-state-load-v1,clang-18.1.8-coverage-state-load-v1,Clang 18.1.8 Linux amd64 container,clang-18.1.8-coverage-state-load-v1,3,experiments/lcb_hard_v1_cpp/measurements/program-complexity/post-loop-state/cpp/profiles.jsonl
program-complexity-normalized-v2,lcb_hard_v1_cpp,atcoder/arc185_c,short-trace-final,cpp,60b8b7d35e88ca162ba87743d3d71e3904e733e673232c8cec1131c69bc1cf6f,be0a1fb85cc6ffff6e9ef429b23a175cdbfffa5505efd8ae51b2852e92a6891d,sha256:fe4bfa738f867c36f5044a0a49b9842c58b81b0cee00a350a9af0439faffb05c,Omega_CC,29,=,MEASURED,,cpp-preprocessed-control-flow-v1,cpp-preprocessed-control-flow-v1,Clang 18.1.8 Linux amd64 container,,1,experiments/lcb_hard_v1_cpp/measurements/program-complexity/short-trace-final/cpp/profiles.jsonl
program-complexity-normalized-v2,lcb_hard_v1_cpp,atcoder/arc185_c,short-trace-final,cpp,60b8b7d35e88ca162ba87743d3d71e3904e733e673232c8cec1131c69bc1cf6f,be0a1fb85cc6ffff6e9ef429b23a175cdbfffa5505efd8ae51b2852e92a6891d,sha256:fe4bfa738f867c36f5044a0a49b9842c58b81b0cee00a350a9af0439faffb05c,Omega_hat_NativeTrace,3805,=,MEASURED,,clang-18.1.8-coverage-state-load-v1,clang-18.1.8-coverage-state-load-v1,Clang 18.1.8 Linux amd64 container,clang-18.1.8-coverage-state-load-v1,3,experiments/lcb_hard_v1_cpp/measurements/program-complexity/short-trace-final/cpp/profiles.jsonl
program-complexity-normalized-v2,lcb_hard_v1_cpp,atcoder/arc185_c,short-trace-final,cpp,60b8b7d35e88ca162ba87743d3d71e3904e733e673232c8cec1131c69bc1cf6f,be0a1fb85cc6ffff6e9ef429b23a175cdbfffa5505efd8ae51b2852e92a6891d,sha256:fe4bfa738f867c36f5044a0a49b9842c58b81b0cee00a350a9af0439faffb05c,Omega_hat_StateSize,409,=,MEASURED,,clang-18.1.8-coverage-state-load-v1,clang-18.1.8-coverage-state-load-v1,Clang 18.1.8 Linux amd64 container,clang-18.1.8-coverage-state-load-v1,3,experiments/lcb_hard_v1_cpp/measurements/program-complexity/short-trace-final/cpp/profiles.jsonl
program-complexity-normalized-v2,lcb_hard_v1_cpp,atcoder/arc185_c,short-trace-final,cpp,60b8b7d35e88ca162ba87743d3d71e3904e733e673232c8cec1131c69bc1cf6f,be0a1fb85cc6ffff6e9ef429b23a175cdbfffa5505efd8ae51b2852e92a6891d,sha256:fe4bfa738f867c36f5044a0a49b9842c58b81b0cee00a350a9af0439faffb05c,Omega_hat_StateLoad,964891,=,MEASURED,,clang-18.1.8-coverage-state-load-v1,clang-18.1.8-coverage-state-load-v1,Clang 18.1.8 Linux amd64 container,clang-18.1.8-coverage-state-load-v1,3,experiments/lcb_hard_v1_cpp/measurements/program-complexity/short-trace-final/cpp/profiles.jsonl
program-complexity-normalized-v2,lcb_hard_v1_cpp,atcoder/arc185_c,long-trace-final,cpp,60b8b7d35e88ca162ba87743d3d71e3904e733e673232c8cec1131c69bc1cf6f,0f465c3e4648ee9c0845d3cb59abab59aa8b6adf76477bcdd4b42ccfaf0b3422,sha256:320f016a5f023b6cc8a86a12e2f814d065d4f54b4845a42d7d9a33e35660c594,Omega_CC,29,=,MEASURED,,cpp-preprocessed-control-flow-v1,cpp-preprocessed-control-flow-v1,Clang 18.1.8 Linux amd64 container,,1,experiments/lcb_hard_v1_cpp/measurements/program-complexity/long-trace-final/cpp/profiles.jsonl
program-complexity-normalized-v2,lcb_hard_v1_cpp,atcoder/arc185_c,long-trace-final,cpp,60b8b7d35e88ca162ba87743d3d71e3904e733e673232c8cec1131c69bc1cf6f,0f465c3e4648ee9c0845d3cb59abab59aa8b6adf76477bcdd4b42ccfaf0b3422,sha256:320f016a5f023b6cc8a86a12e2f814d065d4f54b4845a42d7d9a33e35660c594,Omega_hat_NativeTrace,159897,=,MEASURED,,clang-18.1.8-coverage-state-load-v1,clang-18.1.8-coverage-state-load-v1,Clang 18.1.8 Linux amd64 container,clang-18.1.8-coverage-state-load-v1,3,experiments/lcb_hard_v1_cpp/measurements/program-complexity/long-trace-final/cpp/profiles.jsonl
program-complexity-normalized-v2,lcb_hard_v1_cpp,atcoder/arc185_c,long-trace-final,cpp,60b8b7d35e88ca162ba87743d3d71e3904e733e673232c8cec1131c69bc1cf6f,0f465c3e4648ee9c0845d3cb59abab59aa8b6adf76477bcdd4b42ccfaf0b3422,sha256:320f016a5f023b6cc8a86a12e2f814d065d4f54b4845a42d7d9a33e35660c594,Omega_hat_StateSize,15271,=,MEASURED,,clang-18.1.8-coverage-state-load-v1,clang-18.1.8-coverage-state-load-v1,Clang 18.1.8 Linux amd64 container,clang-18.1.8-coverage-state-load-v1,3,experiments/lcb_hard_v1_cpp/measurements/program-complexity/long-trace-final/cpp/profiles.jsonl
program-complexity-normalized-v2,lcb_hard_v1_cpp,atcoder/arc185_c,long-trace-final,cpp,60b8b7d35e88ca162ba87743d3d71e3904e733e673232c8cec1131c69bc1cf6f,0f465c3e4648ee9c0845d3cb59abab59aa8b6adf76477bcdd4b42ccfaf0b3422,sha256:320f016a5f023b6cc8a86a12e2f814d065d4f54b4845a42d7d9a33e35660c594,Omega_hat_StateLoad,2080201030,=,MEASURED,,clang-18.1.8-coverage-state-load-v1,clang-18.1.8-coverage-state-load-v1,Clang 18.1.8 Linux amd64 container,clang-18.1.8-coverage-state-load-v1,3,experiments/lcb_hard_v1_cpp/measurements/program-complexity/long-trace-final/cpp/profiles.jsonl
program-complexity-normalized-v2,lcb_hard_v1_cpp,atcoder/arc185_c,inside-loop-state,cpp,8d27cc5b56d3b0696124843cdb3609f8ce066f28a0b71fa35b6e9d05b8252be8,0f465c3e4648ee9c0845d3cb59abab59aa8b6adf76477bcdd4b42ccfaf0b3422,sha256:34a3d95e6751d1ecd0139bea4f7fcb95ebd69bcbf4a7cf24b0b795da5076d477,Omega_CC,43,=,MEASURED,,cpp-preprocessed-control-flow-v1,cpp-preprocessed-control-flow-v1,Clang 18.1.8 Linux amd64 container,,1,experiments/lcb_hard_v1_cpp/measurements/program-complexity/inside-loop-state/cpp/profiles.jsonl
program-complexity-normalized-v2,lcb_hard_v1_cpp,atcoder/arc185_c,inside-loop-state,cpp,8d27cc5b56d3b0696124843cdb3609f8ce066f28a0b71fa35b6e9d05b8252be8,0f465c3e4648ee9c0845d3cb59abab59aa8b6adf76477bcdd4b42ccfaf0b3422,sha256:34a3d95e6751d1ecd0139bea4f7fcb95ebd69bcbf4a7cf24b0b795da5076d477,Omega_hat_NativeTrace,77235,=,MEASURED,,clang-18.1.8-coverage-state-load-v1,clang-18.1.8-coverage-state-load-v1,Clang 18.1.8 Linux amd64 container,clang-18.1.8-coverage-state-load-v1,3,experiments/lcb_hard_v1_cpp/measurements/program-complexity/inside-loop-state/cpp/profiles.jsonl
program-complexity-normalized-v2,lcb_hard_v1_cpp,atcoder/arc185_c,inside-loop-state,cpp,8d27cc5b56d3b0696124843cdb3609f8ce066f28a0b71fa35b6e9d05b8252be8,0f465c3e4648ee9c0845d3cb59abab59aa8b6adf76477bcdd4b42ccfaf0b3422,sha256:34a3d95e6751d1ecd0139bea4f7fcb95ebd69bcbf4a7cf24b0b795da5076d477,Omega_hat_StateSize,15272,=,MEASURED,,clang-18.1.8-coverage-state-load-v1,clang-18.1.8-coverage-state-load-v1,Clang 18.1.8 Linux amd64 container,clang-18.1.8-coverage-state-load-v1,3,experiments/lcb_hard_v1_cpp/measurements/program-complexity/inside-loop-state/cpp/profiles.jsonl
program-complexity-normalized-v2,lcb_hard_v1_cpp,atcoder/arc185_c,inside-loop-state,cpp,8d27cc5b56d3b0696124843cdb3609f8ce066f28a0b71fa35b6e9d05b8252be8,0f465c3e4648ee9c0845d3cb59abab59aa8b6adf76477bcdd4b42ccfaf0b3422,sha256:34a3d95e6751d1ecd0139bea4f7fcb95ebd69bcbf4a7cf24b0b795da5076d477,Omega_hat_StateLoad,1055521456,=,MEASURED,,clang-18.1.8-coverage-state-load-v1,clang-18.1.8-coverage-state-load-v1,Clang 18.1.8 Linux amd64 container,clang-18.1.8-coverage-state-load-v1,3,experiments/lcb_hard_v1_cpp/measurements/program-complexity/inside-loop-state/cpp/profiles.jsonl
program-complexity-normalized-v2,lcb_hard_v1_cpp,atcoder/arc185_c,post-loop-state,cpp,8f5824a203f3edcb6dcad7c1bb68bc178b5e873f1ced852b364318133f55b056,0f465c3e4648ee9c0845d3cb59abab59aa8b6adf76477bcdd4b42ccfaf0b3422,sha256:4d1d3094350eaa9de1c0cbdc04075892e232fa7d47e0dea71f8cd58a80ea7953,Omega_CC,43,=,MEASURED,,cpp-preprocessed-control-flow-v1,cpp-preprocessed-control-flow-v1,Clang 18.1.8 Linux amd64 container,,1,experiments/lcb_hard_v1_cpp/measurements/program-complexity/post-loop-state/cpp/profiles.jsonl
program-complexity-normalized-v2,lcb_hard_v1_cpp,atcoder/arc185_c,post-loop-state,cpp,8f5824a203f3edcb6dcad7c1bb68bc178b5e873f1ced852b364318133f55b056,0f465c3e4648ee9c0845d3cb59abab59aa8b6adf76477bcdd4b42ccfaf0b3422,sha256:4d1d3094350eaa9de1c0cbdc04075892e232fa7d47e0dea71f8cd58a80ea7953,Omega_hat_NativeTrace,77779,=,MEASURED,,clang-18.1.8-coverage-state-load-v1,clang-18.1.8-coverage-state-load-v1,Clang 18.1.8 Linux amd64 container,clang-18.1.8-coverage-state-load-v1,3,experiments/lcb_hard_v1_cpp/measurements/program-complexity/post-loop-state/cpp/profiles.jsonl
program-complexity-normalized-v2,lcb_hard_v1_cpp,atcoder/arc185_c,post-loop-state,cpp,8f5824a203f3edcb6dcad7c1bb68bc178b5e873f1ced852b364318133f55b056,0f465c3e4648ee9c0845d3cb59abab59aa8b6adf76477bcdd4b42ccfaf0b3422,sha256:4d1d3094350eaa9de1c0cbdc04075892e232fa7d47e0dea71f8cd58a80ea7953,Omega_hat_StateSize,15272,=,MEASURED,,clang-18.1.8-coverage-state-load-v1,clang-18.1.8-coverage-state-load-v1,Clang 18.1.8 Linux amd64 container,clang-18.1.8-coverage-state-load-v1,3,experiments/lcb_hard_v1_cpp/measurements/program-complexity/post-loop-state/cpp/profiles.jsonl
program-complexity-normalized-v2,lcb_hard_v1_cpp,atcoder/arc185_c,post-loop-state,cpp,8f5824a203f3edcb6dcad7c1bb68bc178b5e873f1ced852b364318133f55b056,0f465c3e4648ee9c0845d3cb59abab59aa8b6adf76477bcdd4b42ccfaf0b3422,sha256:4d1d3094350eaa9de1c0cbdc04075892e232fa7d47e0dea71f8cd58a80ea7953,Omega_hat_StateLoad,1096401637,=,MEASURED,,clang-18.1.8-coverage-state-load-v1,clang-18.1.8-coverage-state-load-v1,Clang 18.1.8 Linux amd64 container,clang-18.1.8-coverage-state-load-v1,3,experiments/lcb_hard_v1_cpp/measurements/program-complexity/post-loop-state/cpp/profiles.jsonl
program-complexity-normalized-v2,lcb_hard_v1_cpp,atcoder/arc185_d,short-trace-final,cpp,7918b66dd232d42fb290bfafda19ced42f26d8299866627119019dbbba1ec3eb,04412575067f0bdb6722e31a7ee45744cc1ecf2dfacec4cfbfa70cfd364bb7e2,sha256:5806a23544fa8e5201780bb9a35a91e07de52c58e999140bde2f83a6581732cb,Omega_CC,7,=,MEASURED,,cpp-preprocessed-control-flow-v1,cpp-preprocessed-control-flow-v1,Clang 18.1.8 Linux amd64 container,,1,experiments/lcb_hard_v1_cpp/measurements/program-complexity/short-trace-final/cpp/profiles.jsonl
program-complexity-normalized-v2,lcb_hard_v1_cpp,atcoder/arc185_d,short-trace-final,cpp,7918b66dd232d42fb290bfafda19ced42f26d8299866627119019dbbba1ec3eb,04412575067f0bdb6722e31a7ee45744cc1ecf2dfacec4cfbfa70cfd364bb7e2,sha256:5806a23544fa8e5201780bb9a35a91e07de52c58e999140bde2f83a6581732cb,Omega_hat_NativeTrace,12,=,MEASURED,,clang-18.1.8-coverage-state-load-v1,clang-18.1.8-coverage-state-load-v1,Clang 18.1.8 Linux amd64 container,clang-18.1.8-coverage-state-load-v1,3,experiments/lcb_hard_v1_cpp/measurements/program-complexity/short-trace-final/cpp/profiles.jsonl
program-complexity-normalized-v2,lcb_hard_v1_cpp,atcoder/arc185_d,short-trace-final,cpp,7918b66dd232d42fb290bfafda19ced42f26d8299866627119019dbbba1ec3eb,04412575067f0bdb6722e31a7ee45744cc1ecf2dfacec4cfbfa70cfd364bb7e2,sha256:5806a23544fa8e5201780bb9a35a91e07de52c58e999140bde2f83a6581732cb,Omega_hat_StateSize,5,=,MEASURED,,clang-18.1.8-coverage-state-load-v1,clang-18.1.8-coverage-state-load-v1,Clang 18.1.8 Linux amd64 container,clang-18.1.8-coverage-state-load-v1,3,experiments/lcb_hard_v1_cpp/measurements/program-complexity/short-trace-final/cpp/profiles.jsonl
program-complexity-normalized-v2,lcb_hard_v1_cpp,atcoder/arc185_d,short-trace-final,cpp,7918b66dd232d42fb290bfafda19ced42f26d8299866627119019dbbba1ec3eb,04412575067f0bdb6722e31a7ee45744cc1ecf2dfacec4cfbfa70cfd364bb7e2,sha256:5806a23544fa8e5201780bb9a35a91e07de52c58e999140bde2f83a6581732cb,Omega_hat_StateLoad,25,=,MEASURED,,clang-18.1.8-coverage-state-load-v1,clang-18.1.8-coverage-state-load-v1,Clang 18.1.8 Linux amd64 container,clang-18.1.8-coverage-state-load-v1,3,experiments/lcb_hard_v1_cpp/measurements/program-complexity/short-trace-final/cpp/profiles.jsonl
program-complexity-normalized-v2,lcb_hard_v1_cpp,atcoder/arc185_d,long-trace-final,cpp,7918b66dd232d42fb290bfafda19ced42f26d8299866627119019dbbba1ec3eb,ba141ab2786306576876b9d6fa7abc86bfe45e568b3b40b698c693e61591080c,sha256:83291078380085bf52f6385b532549eaaeb56281edadbc5bfbd5dea4ae35bd4d,Omega_CC,7,=,MEASURED,,cpp-preprocessed-control-flow-v1,cpp-preprocessed-control-flow-v1,Clang 18.1.8 Linux amd64 container,,1,experiments/lcb_hard_v1_cpp/measurements/program-complexity/long-trace-final/cpp/profiles.jsonl
program-complexity-normalized-v2,lcb_hard_v1_cpp,atcoder/arc185_d,long-trace-final,cpp,7918b66dd232d42fb290bfafda19ced42f26d8299866627119019dbbba1ec3eb,ba141ab2786306576876b9d6fa7abc86bfe45e568b3b40b698c693e61591080c,sha256:83291078380085bf52f6385b532549eaaeb56281edadbc5bfbd5dea4ae35bd4d,Omega_hat_NativeTrace,3012,=,MEASURED,,clang-18.1.8-coverage-state-load-v1,clang-18.1.8-coverage-state-load-v1,Clang 18.1.8 Linux amd64 container,clang-18.1.8-coverage-state-load-v1,3,experiments/lcb_hard_v1_cpp/measurements/program-complexity/long-trace-final/cpp/profiles.jsonl
program-complexity-normalized-v2,lcb_hard_v1_cpp,atcoder/arc185_d,long-trace-final,cpp,7918b66dd232d42fb290bfafda19ced42f26d8299866627119019dbbba1ec3eb,ba141ab2786306576876b9d6fa7abc86bfe45e568b3b40b698c693e61591080c,sha256:83291078380085bf52f6385b532549eaaeb56281edadbc5bfbd5dea4ae35bd4d,Omega_hat_StateSize,5,=,MEASURED,,clang-18.1.8-coverage-state-load-v1,clang-18.1.8-coverage-state-load-v1,Clang 18.1.8 Linux amd64 container,clang-18.1.8-coverage-state-load-v1,3,experiments/lcb_hard_v1_cpp/measurements/program-complexity/long-trace-final/cpp/profiles.jsonl
program-complexity-normalized-v2,lcb_hard_v1_cpp,atcoder/arc185_d,long-trace-final,cpp,7918b66dd232d42fb290bfafda19ced42f26d8299866627119019dbbba1ec3eb,ba141ab2786306576876b9d6fa7abc86bfe45e568b3b40b698c693e61591080c,sha256:83291078380085bf52f6385b532549eaaeb56281edadbc5bfbd5dea4ae35bd4d,Omega_hat_StateLoad,25,=,MEASURED,,clang-18.1.8-coverage-state-load-v1,clang-18.1.8-coverage-state-load-v1,Clang 18.1.8 Linux amd64 container,clang-18.1.8-coverage-state-load-v1,3,experiments/lcb_hard_v1_cpp/measurements/program-complexity/long-trace-final/cpp/profiles.jsonl
program-complexity-normalized-v2,lcb_hard_v1_cpp,atcoder/arc185_d,inside-loop-state,cpp,b83314753ee1bc2b210d6562ef434af996e3031618db6a000212380d661bcd66,ba141ab2786306576876b9d6fa7abc86bfe45e568b3b40b698c693e61591080c,sha256:4e9ffabb6a15abde03c66b3e0174c6fa4432989979c10dd4ed1f5787fa1f057e,Omega_CC,21,=,MEASURED,,cpp-preprocessed-control-flow-v1,cpp-preprocessed-control-flow-v1,Clang 18.1.8 Linux amd64 container,,1,experiments/lcb_hard_v1_cpp/measurements/program-complexity/inside-loop-state/cpp/profiles.jsonl
program-complexity-normalized-v2,lcb_hard_v1_cpp,atcoder/arc185_d,inside-loop-state,cpp,b83314753ee1bc2b210d6562ef434af996e3031618db6a000212380d661bcd66,ba141ab2786306576876b9d6fa7abc86bfe45e568b3b40b698c693e61591080c,sha256:4e9ffabb6a15abde03c66b3e0174c6fa4432989979c10dd4ed1f5787fa1f057e,Omega_hat_NativeTrace,2517,=,MEASURED,,clang-18.1.8-coverage-state-load-v1,clang-18.1.8-coverage-state-load-v1,Clang 18.1.8 Linux amd64 container,clang-18.1.8-coverage-state-load-v1,3,experiments/lcb_hard_v1_cpp/measurements/program-complexity/inside-loop-state/cpp/profiles.jsonl
program-complexity-normalized-v2,lcb_hard_v1_cpp,atcoder/arc185_d,inside-loop-state,cpp,b83314753ee1bc2b210d6562ef434af996e3031618db6a000212380d661bcd66,ba141ab2786306576876b9d6fa7abc86bfe45e568b3b40b698c693e61591080c,sha256:4e9ffabb6a15abde03c66b3e0174c6fa4432989979c10dd4ed1f5787fa1f057e,Omega_hat_StateSize,9,=,MEASURED,,clang-18.1.8-coverage-state-load-v1,clang-18.1.8-coverage-state-load-v1,Clang 18.1.8 Linux amd64 container,clang-18.1.8-coverage-state-load-v1,3,experiments/lcb_hard_v1_cpp/measurements/program-complexity/inside-loop-state/cpp/profiles.jsonl
program-complexity-normalized-v2,lcb_hard_v1_cpp,atcoder/arc185_d,inside-loop-state,cpp,b83314753ee1bc2b210d6562ef434af996e3031618db6a000212380d661bcd66,ba141ab2786306576876b9d6fa7abc86bfe45e568b3b40b698c693e61591080c,sha256:4e9ffabb6a15abde03c66b3e0174c6fa4432989979c10dd4ed1f5787fa1f057e,Omega_hat_StateLoad,6655,=,MEASURED,,clang-18.1.8-coverage-state-load-v1,clang-18.1.8-coverage-state-load-v1,Clang 18.1.8 Linux amd64 container,clang-18.1.8-coverage-state-load-v1,3,experiments/lcb_hard_v1_cpp/measurements/program-complexity/inside-loop-state/cpp/profiles.jsonl
program-complexity-normalized-v2,lcb_hard_v1_cpp,atcoder/arc185_d,post-loop-state,cpp,d9cd4fe81890629c7af01115d36397100b62fcce8604240f9c5d33ad6eeb5020,ba141ab2786306576876b9d6fa7abc86bfe45e568b3b40b698c693e61591080c,sha256:dcecefe21b8025aa28dd7480650806b173bee749ad375d7f75f56c720c9b8a90,Omega_CC,21,=,MEASURED,,cpp-preprocessed-control-flow-v1,cpp-preprocessed-control-flow-v1,Clang 18.1.8 Linux amd64 container,,1,experiments/lcb_hard_v1_cpp/measurements/program-complexity/post-loop-state/cpp/profiles.jsonl
program-complexity-normalized-v2,lcb_hard_v1_cpp,atcoder/arc185_d,post-loop-state,cpp,d9cd4fe81890629c7af01115d36397100b62fcce8604240f9c5d33ad6eeb5020,ba141ab2786306576876b9d6fa7abc86bfe45e568b3b40b698c693e61591080c,sha256:dcecefe21b8025aa28dd7480650806b173bee749ad375d7f75f56c720c9b8a90,Omega_hat_NativeTrace,3017,=,MEASURED,,clang-18.1.8-coverage-state-load-v1,clang-18.1.8-coverage-state-load-v1,Clang 18.1.8 Linux amd64 container,clang-18.1.8-coverage-state-load-v1,3,experiments/lcb_hard_v1_cpp/measurements/program-complexity/post-loop-state/cpp/profiles.jsonl
program-complexity-normalized-v2,lcb_hard_v1_cpp,atcoder/arc185_d,post-loop-state,cpp,d9cd4fe81890629c7af01115d36397100b62fcce8604240f9c5d33ad6eeb5020,ba141ab2786306576876b9d6fa7abc86bfe45e568b3b40b698c693e61591080c,sha256:dcecefe21b8025aa28dd7480650806b173bee749ad375d7f75f56c720c9b8a90,Omega_hat_StateSize,8,=,MEASURED,,clang-18.1.8-coverage-state-load-v1,clang-18.1.8-coverage-state-load-v1,Clang 18.1.8 Linux amd64 container,clang-18.1.8-coverage-state-load-v1,3,experiments/lcb_hard_v1_cpp/measurements/program-complexity/post-loop-state/cpp/profiles.jsonl
program-complexity-normalized-v2,lcb_hard_v1_cpp,atcoder/arc185_d,post-loop-state,cpp,d9cd4fe81890629c7af01115d36397100b62fcce8604240f9c5d33ad6eeb5020,ba141ab2786306576876b9d6fa7abc86bfe45e568b3b40b698c693e61591080c,sha256:dcecefe21b8025aa28dd7480650806b173bee749ad375d7f75f56c720c9b8a90,Omega_hat_StateLoad,13145,=,MEASURED,,clang-18.1.8-coverage-state-load-v1,clang-18.1.8-coverage-state-load-v1,Clang 18.1.8 Linux amd64 container,clang-18.1.8-coverage-state-load-v1,3,experiments/lcb_hard_v1_cpp/measurements/program-complexity/post-loop-state/cpp/profiles.jsonl
program-complexity-normalized-v2,lcb_hard_v1_cpp,atcoder/arc186_a,short-trace-final,cpp,3e596a1560bcc5be3dbf648f57dfafb7904f727b93b8b0c6531ee33a30a4555e,165cbe81fabd4dbb7fd7f794181f0ead8392fec2989dc84eede01801b235d75b,sha256:749fc93fc85b2e913e72f0b8fcd9258e17228f655a74cfa920102a5915be9288,Omega_CC,9,=,MEASURED,,cpp-preprocessed-control-flow-v1,cpp-preprocessed-control-flow-v1,Clang 18.1.8 Linux amd64 container,,1,experiments/lcb_hard_v1_cpp/measurements/program-complexity/short-trace-final/cpp/profiles.jsonl
program-complexity-normalized-v2,lcb_hard_v1_cpp,atcoder/arc186_a,short-trace-final,cpp,3e596a1560bcc5be3dbf648f57dfafb7904f727b93b8b0c6531ee33a30a4555e,165cbe81fabd4dbb7fd7f794181f0ead8392fec2989dc84eede01801b235d75b,sha256:749fc93fc85b2e913e72f0b8fcd9258e17228f655a74cfa920102a5915be9288,Omega_hat_NativeTrace,228,=,MEASURED,,clang-18.1.8-coverage-state-load-v1,clang-18.1.8-coverage-state-load-v1,Clang 18.1.8 Linux amd64 container,clang-18.1.8-coverage-state-load-v1,3,experiments/lcb_hard_v1_cpp/measurements/program-complexity/short-trace-final/cpp/profiles.jsonl
program-complexity-normalized-v2,lcb_hard_v1_cpp,atcoder/arc186_a,short-trace-final,cpp,3e596a1560bcc5be3dbf648f57dfafb7904f727b93b8b0c6531ee33a30a4555e,165cbe81fabd4dbb7fd7f794181f0ead8392fec2989dc84eede01801b235d75b,sha256:749fc93fc85b2e913e72f0b8fcd9258e17228f655a74cfa920102a5915be9288,Omega_hat_StateSize,1049640,=,MEASURED,,clang-18.1.8-coverage-state-load-v1,clang-18.1.8-coverage-state-load-v1,Clang 18.1.8 Linux amd64 container,clang-18.1.8-coverage-state-load-v1,3,experiments/lcb_hard_v1_cpp/measurements/program-complexity/short-trace-final/cpp/profiles.jsonl
program-complexity-normalized-v2,lcb_hard_v1_cpp,atcoder/arc186_a,short-trace-final,cpp,3e596a1560bcc5be3dbf648f57dfafb7904f727b93b8b0c6531ee33a30a4555e,165cbe81fabd4dbb7fd7f794181f0ead8392fec2989dc84eede01801b235d75b,sha256:749fc93fc85b2e913e72f0b8fcd9258e17228f655a74cfa920102a5915be9288,Omega_hat_StateLoad,93417784,=,MEASURED,,clang-18.1.8-coverage-state-load-v1,clang-18.1.8-coverage-state-load-v1,Clang 18.1.8 Linux amd64 container,clang-18.1.8-coverage-state-load-v1,3,experiments/lcb_hard_v1_cpp/measurements/program-complexity/short-trace-final/cpp/profiles.jsonl
program-complexity-normalized-v2,lcb_hard_v1_cpp,atcoder/arc186_a,long-trace-final,cpp,3e596a1560bcc5be3dbf648f57dfafb7904f727b93b8b0c6531ee33a30a4555e,bee2b7794c6f42ae7ac4c37ff948257a66d9d32cdbe0c73fc425863fb75c9140,sha256:0011772fd53a1f07a939726c91a710c680233f50f9fb89f311a8736fbb2d7ee9,Omega_CC,9,=,MEASURED,,cpp-preprocessed-control-flow-v1,cpp-preprocessed-control-flow-v1,Clang 18.1.8 Linux amd64 container,,1,experiments/lcb_hard_v1_cpp/measurements/program-complexity/long-trace-final/cpp/profiles.jsonl
program-complexity-normalized-v2,lcb_hard_v1_cpp,atcoder/arc186_a,long-trace-final,cpp,3e596a1560bcc5be3dbf648f57dfafb7904f727b93b8b0c6531ee33a30a4555e,bee2b7794c6f42ae7ac4c37ff948257a66d9d32cdbe0c73fc425863fb75c9140,sha256:0011772fd53a1f07a939726c91a710c680233f50f9fb89f311a8736fbb2d7ee9,Omega_hat_NativeTrace,84054,=,MEASURED,,clang-18.1.8-coverage-state-load-v1,clang-18.1.8-coverage-state-load-v1,Clang 18.1.8 Linux amd64 container,clang-18.1.8-coverage-state-load-v1,3,experiments/lcb_hard_v1_cpp/measurements/program-complexity/long-trace-final/cpp/profiles.jsonl
program-complexity-normalized-v2,lcb_hard_v1_cpp,atcoder/arc186_a,long-trace-final,cpp,3e596a1560bcc5be3dbf648f57dfafb7904f727b93b8b0c6531ee33a30a4555e,bee2b7794c6f42ae7ac4c37ff948257a66d9d32cdbe0c73fc425863fb75c9140,sha256:0011772fd53a1f07a939726c91a710c680233f50f9fb89f311a8736fbb2d7ee9,Omega_hat_StateSize,1049640,=,MEASURED,,clang-18.1.8-coverage-state-load-v1,clang-18.1.8-coverage-state-load-v1,Clang 18.1.8 Linux amd64 container,clang-18.1.8-coverage-state-load-v1,3,experiments/lcb_hard_v1_cpp/measurements/program-complexity/long-trace-final/cpp/profiles.jsonl
program-complexity-normalized-v2,lcb_hard_v1_cpp,atcoder/arc186_a,long-trace-final,cpp,3e596a1560bcc5be3dbf648f57dfafb7904f727b93b8b0c6531ee33a30a4555e,bee2b7794c6f42ae7ac4c37ff948257a66d9d32cdbe0c73fc425863fb75c9140,sha256:0011772fd53a1f07a939726c91a710c680233f50f9fb89f311a8736fbb2d7ee9,Omega_hat_StateLoad,5570435279,=,MEASURED,,clang-18.1.8-coverage-state-load-v1,clang-18.1.8-coverage-state-load-v1,Clang 18.1.8 Linux amd64 container,clang-18.1.8-coverage-state-load-v1,3,experiments/lcb_hard_v1_cpp/measurements/program-complexity/long-trace-final/cpp/profiles.jsonl
program-complexity-normalized-v2,lcb_hard_v1_cpp,atcoder/arc186_a,inside-loop-state,cpp,ad536b26120cb43767ab9d8be9c89f57695addee91d336a7561b42fff26929f3,bee2b7794c6f42ae7ac4c37ff948257a66d9d32cdbe0c73fc425863fb75c9140,sha256:3d45f02265ff01ce4d32645350d36dcb490a75849cddf9e66763ea9b1f982fc5,Omega_CC,23,=,MEASURED,,cpp-preprocessed-control-flow-v1,cpp-preprocessed-control-flow-v1,Clang 18.1.8 Linux amd64 container,,1,experiments/lcb_hard_v1_cpp/measurements/program-complexity/inside-loop-state/cpp/profiles.jsonl
program-complexity-normalized-v2,lcb_hard_v1_cpp,atcoder/arc186_a,inside-loop-state,cpp,ad536b26120cb43767ab9d8be9c89f57695addee91d336a7561b42fff26929f3,bee2b7794c6f42ae7ac4c37ff948257a66d9d32cdbe0c73fc425863fb75c9140,sha256:3d45f02265ff01ce4d32645350d36dcb490a75849cddf9e66763ea9b1f982fc5,Omega_hat_NativeTrace,12000,=,MEASURED,,clang-18.1.8-coverage-state-load-v1,clang-18.1.8-coverage-state-load-v1,Clang 18.1.8 Linux amd64 container,clang-18.1.8-coverage-state-load-v1,3,experiments/lcb_hard_v1_cpp/measurements/program-complexity/inside-loop-state/cpp/profiles.jsonl
program-complexity-normalized-v2,lcb_hard_v1_cpp,atcoder/arc186_a,inside-loop-state,cpp,ad536b26120cb43767ab9d8be9c89f57695addee91d336a7561b42fff26929f3,bee2b7794c6f42ae7ac4c37ff948257a66d9d32cdbe0c73fc425863fb75c9140,sha256:3d45f02265ff01ce4d32645350d36dcb490a75849cddf9e66763ea9b1f982fc5,Omega_hat_StateSize,1049643,=,MEASURED,,clang-18.1.8-coverage-state-load-v1,clang-18.1.8-coverage-state-load-v1,Clang 18.1.8 Linux amd64 container,clang-18.1.8-coverage-state-load-v1,3,experiments/lcb_hard_v1_cpp/measurements/program-complexity/inside-loop-state/cpp/profiles.jsonl
program-complexity-normalized-v2,lcb_hard_v1_cpp,atcoder/arc186_a,inside-loop-state,cpp,ad536b26120cb43767ab9d8be9c89f57695addee91d336a7561b42fff26929f3,bee2b7794c6f42ae7ac4c37ff948257a66d9d32cdbe0c73fc425863fb75c9140,sha256:3d45f02265ff01ce4d32645350d36dcb490a75849cddf9e66763ea9b1f982fc5,Omega_hat_StateLoad,1535623488,=,MEASURED,,clang-18.1.8-coverage-state-load-v1,clang-18.1.8-coverage-state-load-v1,Clang 18.1.8 Linux amd64 container,clang-18.1.8-coverage-state-load-v1,3,experiments/lcb_hard_v1_cpp/measurements/program-complexity/inside-loop-state/cpp/profiles.jsonl
program-complexity-normalized-v2,lcb_hard_v1_cpp,atcoder/arc186_a,post-loop-state,cpp,5f781d88d9e4ade3f32d506099a46b31506653f6f9cf8317301380359aa2ed01,bee2b7794c6f42ae7ac4c37ff948257a66d9d32cdbe0c73fc425863fb75c9140,sha256:25b03b03f375b166f912b38b576628f862014f618db37463757eab79d81cc460,Omega_CC,23,=,MEASURED,,cpp-preprocessed-control-flow-v1,cpp-preprocessed-control-flow-v1,Clang 18.1.8 Linux amd64 container,,1,experiments/lcb_hard_v1_cpp/measurements/program-complexity/post-loop-state/cpp/profiles.jsonl
program-complexity-normalized-v2,lcb_hard_v1_cpp,atcoder/arc186_a,post-loop-state,cpp,5f781d88d9e4ade3f32d506099a46b31506653f6f9cf8317301380359aa2ed01,bee2b7794c6f42ae7ac4c37ff948257a66d9d32cdbe0c73fc425863fb75c9140,sha256:25b03b03f375b166f912b38b576628f862014f618db37463757eab79d81cc460,Omega_hat_NativeTrace,29823,=,MEASURED,,clang-18.1.8-coverage-state-load-v1,clang-18.1.8-coverage-state-load-v1,Clang 18.1.8 Linux amd64 container,clang-18.1.8-coverage-state-load-v1,3,experiments/lcb_hard_v1_cpp/measurements/program-complexity/post-loop-state/cpp/profiles.jsonl
program-complexity-normalized-v2,lcb_hard_v1_cpp,atcoder/arc186_a,post-loop-state,cpp,5f781d88d9e4ade3f32d506099a46b31506653f6f9cf8317301380359aa2ed01,bee2b7794c6f42ae7ac4c37ff948257a66d9d32cdbe0c73fc425863fb75c9140,sha256:25b03b03f375b166f912b38b576628f862014f618db37463757eab79d81cc460,Omega_hat_StateSize,1049642,=,MEASURED,,clang-18.1.8-coverage-state-load-v1,clang-18.1.8-coverage-state-load-v1,Clang 18.1.8 Linux amd64 container,clang-18.1.8-coverage-state-load-v1,3,experiments/lcb_hard_v1_cpp/measurements/program-complexity/post-loop-state/cpp/profiles.jsonl
program-complexity-normalized-v2,lcb_hard_v1_cpp,atcoder/arc186_a,post-loop-state,cpp,5f781d88d9e4ade3f32d506099a46b31506653f6f9cf8317301380359aa2ed01,bee2b7794c6f42ae7ac4c37ff948257a66d9d32cdbe0c73fc425863fb75c9140,sha256:25b03b03f375b166f912b38b576628f862014f618db37463757eab79d81cc460,Omega_hat_StateLoad,2907503244,=,MEASURED,,clang-18.1.8-coverage-state-load-v1,clang-18.1.8-coverage-state-load-v1,Clang 18.1.8 Linux amd64 container,clang-18.1.8-coverage-state-load-v1,3,experiments/lcb_hard_v1_cpp/measurements/program-complexity/post-loop-state/cpp/profiles.jsonl
program-complexity-normalized-v2,lcb_hard_v1_cpp,atcoder/arc186_c,short-trace-final,cpp,401ee2d30ba241667024c7b00bbec9880b4839d862ba6a6d263c5a874c3727cb,757c0a27a11e86f7dbcbc92be7d284082682e71b0906ed1f88846e4502adbf36,sha256:b90589f9e4fc5316069615430b971e6e02185e820058f4080034a7cd7c3d658e,Omega_CC,17,=,MEASURED,,cpp-preprocessed-control-flow-v1,cpp-preprocessed-control-flow-v1,Clang 18.1.8 Linux amd64 container,,1,experiments/lcb_hard_v1_cpp/measurements/program-complexity/short-trace-final/cpp/profiles.jsonl
program-complexity-normalized-v2,lcb_hard_v1_cpp,atcoder/arc186_c,short-trace-final,cpp,401ee2d30ba241667024c7b00bbec9880b4839d862ba6a6d263c5a874c3727cb,757c0a27a11e86f7dbcbc92be7d284082682e71b0906ed1f88846e4502adbf36,sha256:b90589f9e4fc5316069615430b971e6e02185e820058f4080034a7cd7c3d658e,Omega_hat_NativeTrace,213,=,MEASURED,,clang-18.1.8-coverage-state-load-v1,clang-18.1.8-coverage-state-load-v1,Clang 18.1.8 Linux amd64 container,clang-18.1.8-coverage-state-load-v1,3,experiments/lcb_hard_v1_cpp/measurements/program-complexity/short-trace-final/cpp/profiles.jsonl
program-complexity-normalized-v2,lcb_hard_v1_cpp,atcoder/arc186_c,short-trace-final,cpp,401ee2d30ba241667024c7b00bbec9880b4839d862ba6a6d263c5a874c3727cb,757c0a27a11e86f7dbcbc92be7d284082682e71b0906ed1f88846e4502adbf36,sha256:b90589f9e4fc5316069615430b971e6e02185e820058f4080034a7cd7c3d658e,Omega_hat_StateSize,1212133,=,MEASURED,,clang-18.1.8-coverage-state-load-v1,clang-18.1.8-coverage-state-load-v1,Clang 18.1.8 Linux amd64 container,clang-18.1.8-coverage-state-load-v1,3,experiments/lcb_hard_v1_cpp/measurements/program-complexity/short-trace-final/cpp/profiles.jsonl
program-complexity-normalized-v2,lcb_hard_v1_cpp,atcoder/arc186_c,short-trace-final,cpp,401ee2d30ba241667024c7b00bbec9880b4839d862ba6a6d263c5a874c3727cb,757c0a27a11e86f7dbcbc92be7d284082682e71b0906ed1f88846e4502adbf36,sha256:b90589f9e4fc5316069615430b971e6e02185e820058f4080034a7cd7c3d658e,Omega_hat_StateLoad,51515550,=,MEASURED,,clang-18.1.8-coverage-state-load-v1,clang-18.1.8-coverage-state-load-v1,Clang 18.1.8 Linux amd64 container,clang-18.1.8-coverage-state-load-v1,3,experiments/lcb_hard_v1_cpp/measurements/program-complexity/short-trace-final/cpp/profiles.jsonl
program-complexity-normalized-v2,lcb_hard_v1_cpp,atcoder/arc186_c,long-trace-final,cpp,401ee2d30ba241667024c7b00bbec9880b4839d862ba6a6d263c5a874c3727cb,37574d8c4ef276134bce3e29fc028a145f392026cdece980a3c897e1ee0c8d6a,sha256:879cfc5aa5e74ff2a177e934bf397e3461cc33c453353a3b6cf09c6f7e1474e1,Omega_CC,17,=,MEASURED,,cpp-preprocessed-control-flow-v1,cpp-preprocessed-control-flow-v1,Clang 18.1.8 Linux amd64 container,,1,experiments/lcb_hard_v1_cpp/measurements/program-complexity/long-trace-final/cpp/profiles.jsonl
program-complexity-normalized-v2,lcb_hard_v1_cpp,atcoder/arc186_c,long-trace-final,cpp,401ee2d30ba241667024c7b00bbec9880b4839d862ba6a6d263c5a874c3727cb,37574d8c4ef276134bce3e29fc028a145f392026cdece980a3c897e1ee0c8d6a,sha256:879cfc5aa5e74ff2a177e934bf397e3461cc33c453353a3b6cf09c6f7e1474e1,Omega_hat_NativeTrace,15052,=,MEASURED,,clang-18.1.8-coverage-state-load-v1,clang-18.1.8-coverage-state-load-v1,Clang 18.1.8 Linux amd64 container,clang-18.1.8-coverage-state-load-v1,3,experiments/lcb_hard_v1_cpp/measurements/program-complexity/long-trace-final/cpp/profiles.jsonl
program-complexity-normalized-v2,lcb_hard_v1_cpp,atcoder/arc186_c,long-trace-final,cpp,401ee2d30ba241667024c7b00bbec9880b4839d862ba6a6d263c5a874c3727cb,37574d8c4ef276134bce3e29fc028a145f392026cdece980a3c897e1ee0c8d6a,sha256:879cfc5aa5e74ff2a177e934bf397e3461cc33c453353a3b6cf09c6f7e1474e1,Omega_hat_StateSize,1212133,=,MEASURED,,clang-18.1.8-coverage-state-load-v1,clang-18.1.8-coverage-state-load-v1,Clang 18.1.8 Linux amd64 container,clang-18.1.8-coverage-state-load-v1,3,experiments/lcb_hard_v1_cpp/measurements/program-complexity/long-trace-final/cpp/profiles.jsonl
program-complexity-normalized-v2,lcb_hard_v1_cpp,atcoder/arc186_c,long-trace-final,cpp,401ee2d30ba241667024c7b00bbec9880b4839d862ba6a6d263c5a874c3727cb,37574d8c4ef276134bce3e29fc028a145f392026cdece980a3c897e1ee0c8d6a,sha256:879cfc5aa5e74ff2a177e934bf397e3461cc33c453353a3b6cf09c6f7e1474e1,Omega_hat_StateLoad,2451537912,=,MEASURED,,clang-18.1.8-coverage-state-load-v1,clang-18.1.8-coverage-state-load-v1,Clang 18.1.8 Linux amd64 container,clang-18.1.8-coverage-state-load-v1,3,experiments/lcb_hard_v1_cpp/measurements/program-complexity/long-trace-final/cpp/profiles.jsonl
program-complexity-normalized-v2,lcb_hard_v1_cpp,atcoder/arc186_c,inside-loop-state,cpp,7f1b8d4fb797964c42ffb3882d28a1088325831efe1f7360d9439170a5d47b1f,37574d8c4ef276134bce3e29fc028a145f392026cdece980a3c897e1ee0c8d6a,sha256:e34ad3e0c2261db4cd919121862c4ae5d6f37bb1af4f4ca4a45a3ec6a8170964,Omega_CC,31,=,MEASURED,,cpp-preprocessed-control-flow-v1,cpp-preprocessed-control-flow-v1,Clang 18.1.8 Linux amd64 container,,1,experiments/lcb_hard_v1_cpp/measurements/program-complexity/inside-loop-state/cpp/profiles.jsonl
program-complexity-normalized-v2,lcb_hard_v1_cpp,atcoder/arc186_c,inside-loop-state,cpp,7f1b8d4fb797964c42ffb3882d28a1088325831efe1f7360d9439170a5d47b1f,37574d8c4ef276134bce3e29fc028a145f392026cdece980a3c897e1ee0c8d6a,sha256:e34ad3e0c2261db4cd919121862c4ae5d6f37bb1af4f4ca4a45a3ec6a8170964,Omega_hat_NativeTrace,12054,=,MEASURED,,clang-18.1.8-coverage-state-load-v1,clang-18.1.8-coverage-state-load-v1,Clang 18.1.8 Linux amd64 container,clang-18.1.8-coverage-state-load-v1,3,experiments/lcb_hard_v1_cpp/measurements/program-complexity/inside-loop-state/cpp/profiles.jsonl
program-complexity-normalized-v2,lcb_hard_v1_cpp,atcoder/arc186_c,inside-loop-state,cpp,7f1b8d4fb797964c42ffb3882d28a1088325831efe1f7360d9439170a5d47b1f,37574d8c4ef276134bce3e29fc028a145f392026cdece980a3c897e1ee0c8d6a,sha256:e34ad3e0c2261db4cd919121862c4ae5d6f37bb1af4f4ca4a45a3ec6a8170964,Omega_hat_StateSize,1212137,=,MEASURED,,clang-18.1.8-coverage-state-load-v1,clang-18.1.8-coverage-state-load-v1,Clang 18.1.8 Linux amd64 container,clang-18.1.8-coverage-state-load-v1,3,experiments/lcb_hard_v1_cpp/measurements/program-complexity/inside-loop-state/cpp/profiles.jsonl
program-complexity-normalized-v2,lcb_hard_v1_cpp,atcoder/arc186_c,inside-loop-state,cpp,7f1b8d4fb797964c42ffb3882d28a1088325831efe1f7360d9439170a5d47b1f,37574d8c4ef276134bce3e29fc028a145f392026cdece980a3c897e1ee0c8d6a,sha256:e34ad3e0c2261db4cd919121862c4ae5d6f37bb1af4f4ca4a45a3ec6a8170964,Omega_hat_StateLoad,1285467654,=,MEASURED,,clang-18.1.8-coverage-state-load-v1,clang-18.1.8-coverage-state-load-v1,Clang 18.1.8 Linux amd64 container,clang-18.1.8-coverage-state-load-v1,3,experiments/lcb_hard_v1_cpp/measurements/program-complexity/inside-loop-state/cpp/profiles.jsonl
program-complexity-normalized-v2,lcb_hard_v1_cpp,atcoder/arc186_c,post-loop-state,cpp,a08f5996fb48d040864d6e9a0a3a73109cb2d86e570dad5932befce93915253e,37574d8c4ef276134bce3e29fc028a145f392026cdece980a3c897e1ee0c8d6a,sha256:b2a780e98d5aef90157361f9901b4f13df2c8d362e3f5480c44e9268f5df7c3d,Omega_CC,31,=,MEASURED,,cpp-preprocessed-control-flow-v1,cpp-preprocessed-control-flow-v1,Clang 18.1.8 Linux amd64 container,,1,experiments/lcb_hard_v1_cpp/measurements/program-complexity/post-loop-state/cpp/profiles.jsonl
program-complexity-normalized-v2,lcb_hard_v1_cpp,atcoder/arc186_c,post-loop-state,cpp,a08f5996fb48d040864d6e9a0a3a73109cb2d86e570dad5932befce93915253e,37574d8c4ef276134bce3e29fc028a145f392026cdece980a3c897e1ee0c8d6a,sha256:b2a780e98d5aef90157361f9901b4f13df2c8d362e3f5480c44e9268f5df7c3d,Omega_hat_NativeTrace,15059,=,MEASURED,,clang-18.1.8-coverage-state-load-v1,clang-18.1.8-coverage-state-load-v1,Clang 18.1.8 Linux amd64 container,clang-18.1.8-coverage-state-load-v1,3,experiments/lcb_hard_v1_cpp/measurements/program-complexity/post-loop-state/cpp/profiles.jsonl
program-complexity-normalized-v2,lcb_hard_v1_cpp,atcoder/arc186_c,post-loop-state,cpp,a08f5996fb48d040864d6e9a0a3a73109cb2d86e570dad5932befce93915253e,37574d8c4ef276134bce3e29fc028a145f392026cdece980a3c897e1ee0c8d6a,sha256:b2a780e98d5aef90157361f9901b4f13df2c8d362e3f5480c44e9268f5df7c3d,Omega_hat_StateSize,1212137,=,MEASURED,,clang-18.1.8-coverage-state-load-v1,clang-18.1.8-coverage-state-load-v1,Clang 18.1.8 Linux amd64 container,clang-18.1.8-coverage-state-load-v1,3,experiments/lcb_hard_v1_cpp/measurements/program-complexity/post-loop-state/cpp/profiles.jsonl
program-complexity-normalized-v2,lcb_hard_v1_cpp,atcoder/arc186_c,post-loop-state,cpp,a08f5996fb48d040864d6e9a0a3a73109cb2d86e570dad5932befce93915253e,37574d8c4ef276134bce3e29fc028a145f392026cdece980a3c897e1ee0c8d6a,sha256:b2a780e98d5aef90157361f9901b4f13df2c8d362e3f5480c44e9268f5df7c3d,Omega_hat_StateLoad,2500025421,=,MEASURED,,clang-18.1.8-coverage-state-load-v1,clang-18.1.8-coverage-state-load-v1,Clang 18.1.8 Linux amd64 container,clang-18.1.8-coverage-state-load-v1,3,experiments/lcb_hard_v1_cpp/measurements/program-complexity/post-loop-state/cpp/profiles.jsonl
program-complexity-normalized-v2,lcb_hard_v1_cpp,atcoder/arc186_e,short-trace-final,cpp,4b2359071809694d4ff557dce6406d5d8246dda6d1114d32dc7ecfb22d678b24,6a25b5fae9e5e1f3575122964426d2a4dcf7c7b601c6072c60c72d692d5f34f4,sha256:153be127665359b396946059547c30b995e960703c17ae824a7d4b0da8214c50,Omega_CC,23,=,MEASURED,,cpp-preprocessed-control-flow-v1,cpp-preprocessed-control-flow-v1,Clang 18.1.8 Linux amd64 container,,1,experiments/lcb_hard_v1_cpp/measurements/program-complexity/short-trace-final/cpp/profiles.jsonl
program-complexity-normalized-v2,lcb_hard_v1_cpp,atcoder/arc186_e,short-trace-final,cpp,4b2359071809694d4ff557dce6406d5d8246dda6d1114d32dc7ecfb22d678b24,6a25b5fae9e5e1f3575122964426d2a4dcf7c7b601c6072c60c72d692d5f34f4,sha256:153be127665359b396946059547c30b995e960703c17ae824a7d4b0da8214c50,Omega_hat_NativeTrace,12487202,=,MEASURED,,clang-18.1.8-coverage-state-load-v1,clang-18.1.8-coverage-state-load-v1,Clang 18.1.8 Linux amd64 container,clang-18.1.8-coverage-state-load-v1,3,experiments/lcb_hard_v1_cpp/measurements/program-complexity/short-trace-final/cpp/profiles.jsonl
program-complexity-normalized-v2,lcb_hard_v1_cpp,atcoder/arc186_e,short-trace-final,cpp,4b2359071809694d4ff557dce6406d5d8246dda6d1114d32dc7ecfb22d678b24,6a25b5fae9e5e1f3575122964426d2a4dcf7c7b601c6072c60c72d692d5f34f4,sha256:153be127665359b396946059547c30b995e960703c17ae824a7d4b0da8214c50,Omega_hat_StateSize,6328484,=,MEASURED,,clang-18.1.8-coverage-state-load-v1,clang-18.1.8-coverage-state-load-v1,Clang 18.1.8 Linux amd64 container,clang-18.1.8-coverage-state-load-v1,3,experiments/lcb_hard_v1_cpp/measurements/program-complexity/short-trace-final/cpp/profiles.jsonl
program-complexity-normalized-v2,lcb_hard_v1_cpp,atcoder/arc186_e,short-trace-final,cpp,4b2359071809694d4ff557dce6406d5d8246dda6d1114d32dc7ecfb22d678b24,6a25b5fae9e5e1f3575122964426d2a4dcf7c7b601c6072c60c72d692d5f34f4,sha256:153be127665359b396946059547c30b995e960703c17ae824a7d4b0da8214c50,Omega_hat_StateLoad,578837092,=,MEASURED,,clang-18.1.8-coverage-state-load-v1,clang-18.1.8-coverage-state-load-v1,Clang 18.1.8 Linux amd64 container,clang-18.1.8-coverage-state-load-v1,3,experiments/lcb_hard_v1_cpp/measurements/program-complexity/short-trace-final/cpp/profiles.jsonl
program-complexity-normalized-v2,lcb_hard_v1_cpp,atcoder/arc186_e,long-trace-final,cpp,4b2359071809694d4ff557dce6406d5d8246dda6d1114d32dc7ecfb22d678b24,80adcd95c62cd4f69f81f73effa812a49ad8ff06ae5f42431ed03544ee54abbe,sha256:281a816d92d1c01df280931d95e43bef3b21362e826d09a4aeb53c1ad7c533ed,Omega_CC,23,=,MEASURED,,cpp-preprocessed-control-flow-v1,cpp-preprocessed-control-flow-v1,Clang 18.1.8 Linux amd64 container,,1,experiments/lcb_hard_v1_cpp/measurements/program-complexity/long-trace-final/cpp/profiles.jsonl
program-complexity-normalized-v2,lcb_hard_v1_cpp,atcoder/arc186_e,long-trace-final,cpp,4b2359071809694d4ff557dce6406d5d8246dda6d1114d32dc7ecfb22d678b24,80adcd95c62cd4f69f81f73effa812a49ad8ff06ae5f42431ed03544ee54abbe,sha256:281a816d92d1c01df280931d95e43bef3b21362e826d09a4aeb53c1ad7c533ed,Omega_hat_NativeTrace,12547594,=,MEASURED,,clang-18.1.8-coverage-state-load-v1,clang-18.1.8-coverage-state-load-v1,Clang 18.1.8 Linux amd64 container,clang-18.1.8-coverage-state-load-v1,3,experiments/lcb_hard_v1_cpp/measurements/program-complexity/long-trace-final/cpp/profiles.jsonl
program-complexity-normalized-v2,lcb_hard_v1_cpp,atcoder/arc186_e,long-trace-final,cpp,4b2359071809694d4ff557dce6406d5d8246dda6d1114d32dc7ecfb22d678b24,80adcd95c62cd4f69f81f73effa812a49ad8ff06ae5f42431ed03544ee54abbe,sha256:281a816d92d1c01df280931d95e43bef3b21362e826d09a4aeb53c1ad7c533ed,Omega_hat_StateSize,6328484,=,MEASURED,,clang-18.1.8-coverage-state-load-v1,clang-18.1.8-coverage-state-load-v1,Clang 18.1.8 Linux amd64 container,clang-18.1.8-coverage-state-load-v1,3,experiments/lcb_hard_v1_cpp/measurements/program-complexity/long-trace-final/cpp/profiles.jsonl
program-complexity-normalized-v2,lcb_hard_v1_cpp,atcoder/arc186_e,long-trace-final,cpp,4b2359071809694d4ff557dce6406d5d8246dda6d1114d32dc7ecfb22d678b24,80adcd95c62cd4f69f81f73effa812a49ad8ff06ae5f42431ed03544ee54abbe,sha256:281a816d92d1c01df280931d95e43bef3b21362e826d09a4aeb53c1ad7c533ed,Omega_hat_StateLoad,33613517047,=,MEASURED,,clang-18.1.8-coverage-state-load-v1,clang-18.1.8-coverage-state-load-v1,Clang 18.1.8 Linux amd64 container,clang-18.1.8-coverage-state-load-v1,3,experiments/lcb_hard_v1_cpp/measurements/program-complexity/long-trace-final/cpp/profiles.jsonl
program-complexity-normalized-v2,lcb_hard_v1_cpp,atcoder/arc186_e,inside-loop-state,cpp,fc1d9c330e87b1a6d9d7d6c54ac387e686024b4341f5717cae32ec16eb3d7638,80adcd95c62cd4f69f81f73effa812a49ad8ff06ae5f42431ed03544ee54abbe,sha256:770ebf0db73054fc79e2a0bbf8b6a7fadc9402d044e3b180a701a121b90eebbe,Omega_CC,37,=,MEASURED,,cpp-preprocessed-control-flow-v1,cpp-preprocessed-control-flow-v1,Clang 18.1.8 Linux amd64 container,,1,experiments/lcb_hard_v1_cpp/measurements/program-complexity/inside-loop-state/cpp/profiles.jsonl
program-complexity-normalized-v2,lcb_hard_v1_cpp,atcoder/arc186_e,inside-loop-state,cpp,fc1d9c330e87b1a6d9d7d6c54ac387e686024b4341f5717cae32ec16eb3d7638,80adcd95c62cd4f69f81f73effa812a49ad8ff06ae5f42431ed03544ee54abbe,sha256:770ebf0db73054fc79e2a0bbf8b6a7fadc9402d044e3b180a701a121b90eebbe,Omega_hat_NativeTrace,12525561,=,MEASURED,,clang-18.1.8-coverage-state-load-v1,clang-18.1.8-coverage-state-load-v1,Clang 18.1.8 Linux amd64 container,clang-18.1.8-coverage-state-load-v1,3,experiments/lcb_hard_v1_cpp/measurements/program-complexity/inside-loop-state/cpp/profiles.jsonl
program-complexity-normalized-v2,lcb_hard_v1_cpp,atcoder/arc186_e,inside-loop-state,cpp,fc1d9c330e87b1a6d9d7d6c54ac387e686024b4341f5717cae32ec16eb3d7638,80adcd95c62cd4f69f81f73effa812a49ad8ff06ae5f42431ed03544ee54abbe,sha256:770ebf0db73054fc79e2a0bbf8b6a7fadc9402d044e3b180a701a121b90eebbe,Omega_hat_StateSize,6328485,=,MEASURED,,clang-18.1.8-coverage-state-load-v1,clang-18.1.8-coverage-state-load-v1,Clang 18.1.8 Linux amd64 container,clang-18.1.8-coverage-state-load-v1,3,experiments/lcb_hard_v1_cpp/measurements/program-complexity/inside-loop-state/cpp/profiles.jsonl
program-complexity-normalized-v2,lcb_hard_v1_cpp,atcoder/arc186_e,inside-loop-state,cpp,fc1d9c330e87b1a6d9d7d6c54ac387e686024b4341f5717cae32ec16eb3d7638,80adcd95c62cd4f69f81f73effa812a49ad8ff06ae5f42431ed03544ee54abbe,sha256:770ebf0db73054fc79e2a0bbf8b6a7fadc9402d044e3b180a701a121b90eebbe,Omega_hat_StateLoad,33759077534,=,MEASURED,,clang-18.1.8-coverage-state-load-v1,clang-18.1.8-coverage-state-load-v1,Clang 18.1.8 Linux amd64 container,clang-18.1.8-coverage-state-load-v1,3,experiments/lcb_hard_v1_cpp/measurements/program-complexity/inside-loop-state/cpp/profiles.jsonl
program-complexity-normalized-v2,lcb_hard_v1_cpp,atcoder/arc186_e,post-loop-state,cpp,274224157ad8285aaf8b63d2090bef159172e329719484da9a86a686133c1c8d,80adcd95c62cd4f69f81f73effa812a49ad8ff06ae5f42431ed03544ee54abbe,sha256:77987608e78d849280c0ea59d73f344dd728c5f148e8cd869cba714bfacdbdb3,Omega_CC,37,=,MEASURED,,cpp-preprocessed-control-flow-v1,cpp-preprocessed-control-flow-v1,Clang 18.1.8 Linux amd64 container,,1,experiments/lcb_hard_v1_cpp/measurements/program-complexity/post-loop-state/cpp/profiles.jsonl
program-complexity-normalized-v2,lcb_hard_v1_cpp,atcoder/arc186_e,post-loop-state,cpp,274224157ad8285aaf8b63d2090bef159172e329719484da9a86a686133c1c8d,80adcd95c62cd4f69f81f73effa812a49ad8ff06ae5f42431ed03544ee54abbe,sha256:77987608e78d849280c0ea59d73f344dd728c5f148e8cd869cba714bfacdbdb3,Omega_hat_NativeTrace,12526313,=,MEASURED,,clang-18.1.8-coverage-state-load-v1,clang-18.1.8-coverage-state-load-v1,Clang 18.1.8 Linux amd64 container,clang-18.1.8-coverage-state-load-v1,3,experiments/lcb_hard_v1_cpp/measurements/program-complexity/post-loop-state/cpp/profiles.jsonl
program-complexity-normalized-v2,lcb_hard_v1_cpp,atcoder/arc186_e,post-loop-state,cpp,274224157ad8285aaf8b63d2090bef159172e329719484da9a86a686133c1c8d,80adcd95c62cd4f69f81f73effa812a49ad8ff06ae5f42431ed03544ee54abbe,sha256:77987608e78d849280c0ea59d73f344dd728c5f148e8cd869cba714bfacdbdb3,Omega_hat_StateSize,6328485,=,MEASURED,,clang-18.1.8-coverage-state-load-v1,clang-18.1.8-coverage-state-load-v1,Clang 18.1.8 Linux amd64 container,clang-18.1.8-coverage-state-load-v1,3,experiments/lcb_hard_v1_cpp/measurements/program-complexity/post-loop-state/cpp/profiles.jsonl
program-complexity-normalized-v2,lcb_hard_v1_cpp,atcoder/arc186_e,post-loop-state,cpp,274224157ad8285aaf8b63d2090bef159172e329719484da9a86a686133c1c8d,80adcd95c62cd4f69f81f73effa812a49ad8ff06ae5f42431ed03544ee54abbe,sha256:77987608e78d849280c0ea59d73f344dd728c5f148e8cd869cba714bfacdbdb3,Omega_hat_StateLoad,33759077534,=,MEASURED,,clang-18.1.8-coverage-state-load-v1,clang-18.1.8-coverage-state-load-v1,Clang 18.1.8 Linux amd64 container,clang-18.1.8-coverage-state-load-v1,3,experiments/lcb_hard_v1_cpp/measurements/program-complexity/post-loop-state/cpp/profiles.jsonl
program-complexity-normalized-v2,lcb_hard_v1_cpp,atcoder/arc187_b,short-trace-final,cpp,402a7f7270d851bb6658998ac99c93a34e235abe83c0a974541d40c2563c92f7,f2f56a242fd03345156447553d95b0dc108b409d9fca2687ea5d8622ddc56d35,sha256:a53471ea87d03c8c7c2bfd1572b8a992a4c6deb3168820f3026ae7d5a02dfa40,Omega_CC,16,=,MEASURED,,cpp-preprocessed-control-flow-v1,cpp-preprocessed-control-flow-v1,Clang 18.1.8 Linux amd64 container,,1,experiments/lcb_hard_v1_cpp/measurements/program-complexity/short-trace-final/cpp/profiles.jsonl
program-complexity-normalized-v2,lcb_hard_v1_cpp,atcoder/arc187_b,short-trace-final,cpp,402a7f7270d851bb6658998ac99c93a34e235abe83c0a974541d40c2563c92f7,f2f56a242fd03345156447553d95b0dc108b409d9fca2687ea5d8622ddc56d35,sha256:a53471ea87d03c8c7c2bfd1572b8a992a4c6deb3168820f3026ae7d5a02dfa40,Omega_hat_NativeTrace,116,=,MEASURED,,clang-18.1.8-coverage-state-load-v1,clang-18.1.8-coverage-state-load-v1,Clang 18.1.8 Linux amd64 container,clang-18.1.8-coverage-state-load-v1,3,experiments/lcb_hard_v1_cpp/measurements/program-complexity/short-trace-final/cpp/profiles.jsonl
program-complexity-normalized-v2,lcb_hard_v1_cpp,atcoder/arc187_b,short-trace-final,cpp,402a7f7270d851bb6658998ac99c93a34e235abe83c0a974541d40c2563c92f7,f2f56a242fd03345156447553d95b0dc108b409d9fca2687ea5d8622ddc56d35,sha256:a53471ea87d03c8c7c2bfd1572b8a992a4c6deb3168820f3026ae7d5a02dfa40,Omega_hat_StateSize,24,=,MEASURED,,clang-18.1.8-coverage-state-load-v1,clang-18.1.8-coverage-state-load-v1,Clang 18.1.8 Linux amd64 container,clang-18.1.8-coverage-state-load-v1,3,experiments/lcb_hard_v1_cpp/measurements/program-complexity/short-trace-final/cpp/profiles.jsonl
program-complexity-normalized-v2,lcb_hard_v1_cpp,atcoder/arc187_b,short-trace-final,cpp,402a7f7270d851bb6658998ac99c93a34e235abe83c0a974541d40c2563c92f7,f2f56a242fd03345156447553d95b0dc108b409d9fca2687ea5d8622ddc56d35,sha256:a53471ea87d03c8c7c2bfd1572b8a992a4c6deb3168820f3026ae7d5a02dfa40,Omega_hat_StateLoad,1529,=,MEASURED,,clang-18.1.8-coverage-state-load-v1,clang-18.1.8-coverage-state-load-v1,Clang 18.1.8 Linux amd64 container,clang-18.1.8-coverage-state-load-v1,3,experiments/lcb_hard_v1_cpp/measurements/program-complexity/short-trace-final/cpp/profiles.jsonl
program-complexity-normalized-v2,lcb_hard_v1_cpp,atcoder/arc187_b,long-trace-final,cpp,402a7f7270d851bb6658998ac99c93a34e235abe83c0a974541d40c2563c92f7,d9f30303d55635d006d3a4440e216f1f0e0c6275c72ce1a54ae851e84afa81e5,sha256:22e9165acf31821d72003e86369821b8b18462630c0122c2bdba87907e22f073,Omega_CC,16,=,MEASURED,,cpp-preprocessed-control-flow-v1,cpp-preprocessed-control-flow-v1,Clang 18.1.8 Linux amd64 container,,1,experiments/lcb_hard_v1_cpp/measurements/program-complexity/long-trace-final/cpp/profiles.jsonl
program-complexity-normalized-v2,lcb_hard_v1_cpp,atcoder/arc187_b,long-trace-final,cpp,402a7f7270d851bb6658998ac99c93a34e235abe83c0a974541d40c2563c92f7,d9f30303d55635d006d3a4440e216f1f0e0c6275c72ce1a54ae851e84afa81e5,sha256:22e9165acf31821d72003e86369821b8b18462630c0122c2bdba87907e22f073,Omega_hat_NativeTrace,154604,=,MEASURED,,clang-18.1.8-coverage-state-load-v1,clang-18.1.8-coverage-state-load-v1,Clang 18.1.8 Linux amd64 container,clang-18.1.8-coverage-state-load-v1,3,experiments/lcb_hard_v1_cpp/measurements/program-complexity/long-trace-final/cpp/profiles.jsonl
program-complexity-normalized-v2,lcb_hard_v1_cpp,atcoder/arc187_b,long-trace-final,cpp,402a7f7270d851bb6658998ac99c93a34e235abe83c0a974541d40c2563c92f7,d9f30303d55635d006d3a4440e216f1f0e0c6275c72ce1a54ae851e84afa81e5,sha256:22e9165acf31821d72003e86369821b8b18462630c0122c2bdba87907e22f073,Omega_hat_StateSize,67,=,MEASURED,,clang-18.1.8-coverage-state-load-v1,clang-18.1.8-coverage-state-load-v1,Clang 18.1.8 Linux amd64 container,clang-18.1.8-coverage-state-load-v1,3,experiments/lcb_hard_v1_cpp/measurements/program-complexity/long-trace-final/cpp/profiles.jsonl
program-complexity-normalized-v2,lcb_hard_v1_cpp,atcoder/arc187_b,long-trace-final,cpp,402a7f7270d851bb6658998ac99c93a34e235abe83c0a974541d40c2563c92f7,d9f30303d55635d006d3a4440e216f1f0e0c6275c72ce1a54ae851e84afa81e5,sha256:22e9165acf31821d72003e86369821b8b18462630c0122c2bdba87907e22f073,Omega_hat_StateLoad,4163483,=,MEASURED,,clang-18.1.8-coverage-state-load-v1,clang-18.1.8-coverage-state-load-v1,Clang 18.1.8 Linux amd64 container,clang-18.1.8-coverage-state-load-v1,3,experiments/lcb_hard_v1_cpp/measurements/program-complexity/long-trace-final/cpp/profiles.jsonl
program-complexity-normalized-v2,lcb_hard_v1_cpp,atcoder/arc187_b,inside-loop-state,cpp,1475bd2c9719591a75a9578acba591fc52fc6af5e4c9e57f8f780bbeab4878c0,d9f30303d55635d006d3a4440e216f1f0e0c6275c72ce1a54ae851e84afa81e5,sha256:b5e46734eae5675cf6d80bc3931d3ffe7ca4136cc5f1aa7d9605e905a81ab074,Omega_CC,30,=,MEASURED,,cpp-preprocessed-control-flow-v1,cpp-preprocessed-control-flow-v1,Clang 18.1.8 Linux amd64 container,,1,experiments/lcb_hard_v1_cpp/measurements/program-complexity/inside-loop-state/cpp/profiles.jsonl
program-complexity-normalized-v2,lcb_hard_v1_cpp,atcoder/arc187_b,inside-loop-state,cpp,1475bd2c9719591a75a9578acba591fc52fc6af5e4c9e57f8f780bbeab4878c0,d9f30303d55635d006d3a4440e216f1f0e0c6275c72ce1a54ae851e84afa81e5,sha256:b5e46734eae5675cf6d80bc3931d3ffe7ca4136cc5f1aa7d9605e905a81ab074,Omega_hat_NativeTrace,32485,=,MEASURED,,clang-18.1.8-coverage-state-load-v1,clang-18.1.8-coverage-state-load-v1,Clang 18.1.8 Linux amd64 container,clang-18.1.8-coverage-state-load-v1,3,experiments/lcb_hard_v1_cpp/measurements/program-complexity/inside-loop-state/cpp/profiles.jsonl
program-complexity-normalized-v2,lcb_hard_v1_cpp,atcoder/arc187_b,inside-loop-state,cpp,1475bd2c9719591a75a9578acba591fc52fc6af5e4c9e57f8f780bbeab4878c0,d9f30303d55635d006d3a4440e216f1f0e0c6275c72ce1a54ae851e84afa81e5,sha256:b5e46734eae5675cf6d80bc3931d3ffe7ca4136cc5f1aa7d9605e905a81ab074,Omega_hat_StateSize,68,=,MEASURED,,clang-18.1.8-coverage-state-load-v1,clang-18.1.8-coverage-state-load-v1,Clang 18.1.8 Linux amd64 container,clang-18.1.8-coverage-state-load-v1,3,experiments/lcb_hard_v1_cpp/measurements/program-complexity/inside-loop-state/cpp/profiles.jsonl
program-complexity-normalized-v2,lcb_hard_v1_cpp,atcoder/arc187_b,inside-loop-state,cpp,1475bd2c9719591a75a9578acba591fc52fc6af5e4c9e57f8f780bbeab4878c0,d9f30303d55635d006d3a4440e216f1f0e0c6275c72ce1a54ae851e84afa81e5,sha256:b5e46734eae5675cf6d80bc3931d3ffe7ca4136cc5f1aa7d9605e905a81ab074,Omega_hat_StateLoad,991256,=,MEASURED,,clang-18.1.8-coverage-state-load-v1,clang-18.1.8-coverage-state-load-v1,Clang 18.1.8 Linux amd64 container,clang-18.1.8-coverage-state-load-v1,3,experiments/lcb_hard_v1_cpp/measurements/program-complexity/inside-loop-state/cpp/profiles.jsonl
program-complexity-normalized-v2,lcb_hard_v1_cpp,atcoder/arc187_b,post-loop-state,cpp,598a880181cd7f25fc75a53ba8aab8d72c96056e1f9c08866ae1ee2998158602,d9f30303d55635d006d3a4440e216f1f0e0c6275c72ce1a54ae851e84afa81e5,sha256:6347d59f79d80638bb7a260417b4750c1e3a46cdbccbd22a1fdd70851b34ad33,Omega_CC,30,=,MEASURED,,cpp-preprocessed-control-flow-v1,cpp-preprocessed-control-flow-v1,Clang 18.1.8 Linux amd64 container,,1,experiments/lcb_hard_v1_cpp/measurements/program-complexity/post-loop-state/cpp/profiles.jsonl
program-complexity-normalized-v2,lcb_hard_v1_cpp,atcoder/arc187_b,post-loop-state,cpp,598a880181cd7f25fc75a53ba8aab8d72c96056e1f9c08866ae1ee2998158602,d9f30303d55635d006d3a4440e216f1f0e0c6275c72ce1a54ae851e84afa81e5,sha256:6347d59f79d80638bb7a260417b4750c1e3a46cdbccbd22a1fdd70851b34ad33,Omega_hat_NativeTrace,68851,=,MEASURED,,clang-18.1.8-coverage-state-load-v1,clang-18.1.8-coverage-state-load-v1,Clang 18.1.8 Linux amd64 container,clang-18.1.8-coverage-state-load-v1,3,experiments/lcb_hard_v1_cpp/measurements/program-complexity/post-loop-state/cpp/profiles.jsonl
program-complexity-normalized-v2,lcb_hard_v1_cpp,atcoder/arc187_b,post-loop-state,cpp,598a880181cd7f25fc75a53ba8aab8d72c96056e1f9c08866ae1ee2998158602,d9f30303d55635d006d3a4440e216f1f0e0c6275c72ce1a54ae851e84afa81e5,sha256:6347d59f79d80638bb7a260417b4750c1e3a46cdbccbd22a1fdd70851b34ad33,Omega_hat_StateSize,68,=,MEASURED,,clang-18.1.8-coverage-state-load-v1,clang-18.1.8-coverage-state-load-v1,Clang 18.1.8 Linux amd64 container,clang-18.1.8-coverage-state-load-v1,3,experiments/lcb_hard_v1_cpp/measurements/program-complexity/post-loop-state/cpp/profiles.jsonl
program-complexity-normalized-v2,lcb_hard_v1_cpp,atcoder/arc187_b,post-loop-state,cpp,598a880181cd7f25fc75a53ba8aab8d72c96056e1f9c08866ae1ee2998158602,d9f30303d55635d006d3a4440e216f1f0e0c6275c72ce1a54ae851e84afa81e5,sha256:6347d59f79d80638bb7a260417b4750c1e3a46cdbccbd22a1fdd70851b34ad33,Omega_hat_StateLoad,1999256,=,MEASURED,,clang-18.1.8-coverage-state-load-v1,clang-18.1.8-coverage-state-load-v1,Clang 18.1.8 Linux amd64 container,clang-18.1.8-coverage-state-load-v1,3,experiments/lcb_hard_v1_cpp/measurements/program-complexity/post-loop-state/cpp/profiles.jsonl
program-complexity-normalized-v2,lcb_hard_v1_cpp,atcoder/arc188_a,short-trace-final,cpp,df5a1cc5a51e369f40ff540994028cf0b0b7db04952922054a55118bf195c1f2,ffe0326cd1156b8dfd4243aad2cd28c27104489112806af6ccf309943f2458b6,sha256:bffc541f56b428dc2a7790ddfeadd4bae5f6029b7a04d7c3b60f82e91fa05ba0,Omega_CC,15,=,MEASURED,,cpp-preprocessed-control-flow-v1,cpp-preprocessed-control-flow-v1,Clang 18.1.8 Linux amd64 container,,1,experiments/lcb_hard_v1_cpp/measurements/program-complexity/short-trace-final/cpp/profiles.jsonl
program-complexity-normalized-v2,lcb_hard_v1_cpp,atcoder/arc188_a,short-trace-final,cpp,df5a1cc5a51e369f40ff540994028cf0b0b7db04952922054a55118bf195c1f2,ffe0326cd1156b8dfd4243aad2cd28c27104489112806af6ccf309943f2458b6,sha256:bffc541f56b428dc2a7790ddfeadd4bae5f6029b7a04d7c3b60f82e91fa05ba0,Omega_hat_NativeTrace,3622,=,MEASURED,,clang-18.1.8-coverage-state-load-v1,clang-18.1.8-coverage-state-load-v1,Clang 18.1.8 Linux amd64 container,clang-18.1.8-coverage-state-load-v1,3,experiments/lcb_hard_v1_cpp/measurements/program-complexity/short-trace-final/cpp/profiles.jsonl
program-complexity-normalized-v2,lcb_hard_v1_cpp,atcoder/arc188_a,short-trace-final,cpp,df5a1cc5a51e369f40ff540994028cf0b0b7db04952922054a55118bf195c1f2,ffe0326cd1156b8dfd4243aad2cd28c27104489112806af6ccf309943f2458b6,sha256:bffc541f56b428dc2a7790ddfeadd4bae5f6029b7a04d7c3b60f82e91fa05ba0,Omega_hat_StateSize,1170,=,MEASURED,,clang-18.1.8-coverage-state-load-v1,clang-18.1.8-coverage-state-load-v1,Clang 18.1.8 Linux amd64 container,clang-18.1.8-coverage-state-load-v1,3,experiments/lcb_hard_v1_cpp/measurements/program-complexity/short-trace-final/cpp/profiles.jsonl
program-complexity-normalized-v2,lcb_hard_v1_cpp,atcoder/arc188_a,short-trace-final,cpp,df5a1cc5a51e369f40ff540994028cf0b0b7db04952922054a55118bf195c1f2,ffe0326cd1156b8dfd4243aad2cd28c27104489112806af6ccf309943f2458b6,sha256:bffc541f56b428dc2a7790ddfeadd4bae5f6029b7a04d7c3b60f82e91fa05ba0,Omega_hat_StateLoad,3825246,=,MEASURED,,clang-18.1.8-coverage-state-load-v1,clang-18.1.8-coverage-state-load-v1,Clang 18.1.8 Linux amd64 container,clang-18.1.8-coverage-state-load-v1,3,experiments/lcb_hard_v1_cpp/measurements/program-complexity/short-trace-final/cpp/profiles.jsonl
program-complexity-normalized-v2,lcb_hard_v1_cpp,atcoder/arc188_a,long-trace-final,cpp,df5a1cc5a51e369f40ff540994028cf0b0b7db04952922054a55118bf195c1f2,74a9086f99ebd852bf65f6a73c8db9a332cae9ffef2da4ca94f04bee6dde57d8,sha256:f8c8562b6d01a12d3d6d0f76dd76cf32711cdae83b4e37c1b28efe865d00203f,Omega_CC,15,=,MEASURED,,cpp-preprocessed-control-flow-v1,cpp-preprocessed-control-flow-v1,Clang 18.1.8 Linux amd64 container,,1,experiments/lcb_hard_v1_cpp/measurements/program-complexity/long-trace-final/cpp/profiles.jsonl
program-complexity-normalized-v2,lcb_hard_v1_cpp,atcoder/arc188_a,long-trace-final,cpp,df5a1cc5a51e369f40ff540994028cf0b0b7db04952922054a55118bf195c1f2,74a9086f99ebd852bf65f6a73c8db9a332cae9ffef2da4ca94f04bee6dde57d8,sha256:f8c8562b6d01a12d3d6d0f76dd76cf32711cdae83b4e37c1b28efe865d00203f,Omega_hat_NativeTrace,605264,=,MEASURED,,clang-18.1.8-coverage-state-load-v1,clang-18.1.8-coverage-state-load-v1,Clang 18.1.8 Linux amd64 container,clang-18.1.8-coverage-state-load-v1,3,experiments/lcb_hard_v1_cpp/measurements/program-complexity/long-trace-final/cpp/profiles.jsonl
program-complexity-normalized-v2,lcb_hard_v1_cpp,atcoder/arc188_a,long-trace-final,cpp,df5a1cc5a51e369f40ff540994028cf0b0b7db04952922054a55118bf195c1f2,74a9086f99ebd852bf65f6a73c8db9a332cae9ffef2da4ca94f04bee6dde57d8,sha256:f8c8562b6d01a12d3d6d0f76dd76cf32711cdae83b4e37c1b28efe865d00203f,Omega_hat_StateSize,36623,=,MEASURED,,clang-18.1.8-coverage-state-load-v1,clang-18.1.8-coverage-state-load-v1,Clang 18.1.8 Linux amd64 container,clang-18.1.8-coverage-state-load-v1,3,experiments/lcb_hard_v1_cpp/measurements/program-complexity/long-trace-final/cpp/profiles.jsonl
program-complexity-normalized-v2,lcb_hard_v1_cpp,atcoder/arc188_a,long-trace-final,cpp,df5a1cc5a51e369f40ff540994028cf0b0b7db04952922054a55118bf195c1f2,74a9086f99ebd852bf65f6a73c8db9a332cae9ffef2da4ca94f04bee6dde57d8,sha256:f8c8562b6d01a12d3d6d0f76dd76cf32711cdae83b4e37c1b28efe865d00203f,Omega_hat_StateLoad,16649359450,=,MEASURED,,clang-18.1.8-coverage-state-load-v1,clang-18.1.8-coverage-state-load-v1,Clang 18.1.8 Linux amd64 container,clang-18.1.8-coverage-state-load-v1,3,experiments/lcb_hard_v1_cpp/measurements/program-complexity/long-trace-final/cpp/profiles.jsonl
program-complexity-normalized-v2,lcb_hard_v1_cpp,atcoder/arc188_a,inside-loop-state,cpp,a44d0f94845b077303bf1647107f2eec2d5bda1eb0571f93f15b97bbb6bea715,74a9086f99ebd852bf65f6a73c8db9a332cae9ffef2da4ca94f04bee6dde57d8,sha256:106705852f95175712b920cd048abd7d72c4ec124ef5d132cfab5a89b7d45b68,Omega_CC,29,=,MEASURED,,cpp-preprocessed-control-flow-v1,cpp-preprocessed-control-flow-v1,Clang 18.1.8 Linux amd64 container,,1,experiments/lcb_hard_v1_cpp/measurements/program-complexity/inside-loop-state/cpp/profiles.jsonl
program-complexity-normalized-v2,lcb_hard_v1_cpp,atcoder/arc188_a,inside-loop-state,cpp,a44d0f94845b077303bf1647107f2eec2d5bda1eb0571f93f15b97bbb6bea715,74a9086f99ebd852bf65f6a73c8db9a332cae9ffef2da4ca94f04bee6dde57d8,sha256:106705852f95175712b920cd048abd7d72c4ec124ef5d132cfab5a89b7d45b68,Omega_hat_NativeTrace,572963,=,MEASURED,,clang-18.1.8-coverage-state-load-v1,clang-18.1.8-coverage-state-load-v1,Clang 18.1.8 Linux amd64 container,clang-18.1.8-coverage-state-load-v1,3,experiments/lcb_hard_v1_cpp/measurements/program-complexity/inside-loop-state/cpp/profiles.jsonl
program-complexity-normalized-v2,lcb_hard_v1_cpp,atcoder/arc188_a,inside-loop-state,cpp,a44d0f94845b077303bf1647107f2eec2d5bda1eb0571f93f15b97bbb6bea715,74a9086f99ebd852bf65f6a73c8db9a332cae9ffef2da4ca94f04bee6dde57d8,sha256:106705852f95175712b920cd048abd7d72c4ec124ef5d132cfab5a89b7d45b68,Omega_hat_StateSize,36624,=,MEASURED,,clang-18.1.8-coverage-state-load-v1,clang-18.1.8-coverage-state-load-v1,Clang 18.1.8 Linux amd64 container,clang-18.1.8-coverage-state-load-v1,3,experiments/lcb_hard_v1_cpp/measurements/program-complexity/inside-loop-state/cpp/profiles.jsonl
program-complexity-normalized-v2,lcb_hard_v1_cpp,atcoder/arc188_a,inside-loop-state,cpp,a44d0f94845b077303bf1647107f2eec2d5bda1eb0571f93f15b97bbb6bea715,74a9086f99ebd852bf65f6a73c8db9a332cae9ffef2da4ca94f04bee6dde57d8,sha256:106705852f95175712b920cd048abd7d72c4ec124ef5d132cfab5a89b7d45b68,Omega_hat_StateLoad,15373942199,=,MEASURED,,clang-18.1.8-coverage-state-load-v1,clang-18.1.8-coverage-state-load-v1,Clang 18.1.8 Linux amd64 container,clang-18.1.8-coverage-state-load-v1,3,experiments/lcb_hard_v1_cpp/measurements/program-complexity/inside-loop-state/cpp/profiles.jsonl
program-complexity-normalized-v2,lcb_hard_v1_cpp,atcoder/arc188_a,post-loop-state,cpp,e6156e3cf5ca1ad3ab701a8fff3eb0ba2567a72e96d99758360b6f6ea6d6cd19,74a9086f99ebd852bf65f6a73c8db9a332cae9ffef2da4ca94f04bee6dde57d8,sha256:563f70b4ddaf8ecc7e4ba58e3b4c60d47fd497c1ed0637b8e1fdebe7f577f0d6,Omega_CC,29,=,MEASURED,,cpp-preprocessed-control-flow-v1,cpp-preprocessed-control-flow-v1,Clang 18.1.8 Linux amd64 container,,1,experiments/lcb_hard_v1_cpp/measurements/program-complexity/post-loop-state/cpp/profiles.jsonl
program-complexity-normalized-v2,lcb_hard_v1_cpp,atcoder/arc188_a,post-loop-state,cpp,e6156e3cf5ca1ad3ab701a8fff3eb0ba2567a72e96d99758360b6f6ea6d6cd19,74a9086f99ebd852bf65f6a73c8db9a332cae9ffef2da4ca94f04bee6dde57d8,sha256:563f70b4ddaf8ecc7e4ba58e3b4c60d47fd497c1ed0637b8e1fdebe7f577f0d6,Omega_hat_NativeTrace,576717,=,MEASURED,,clang-18.1.8-coverage-state-load-v1,clang-18.1.8-coverage-state-load-v1,Clang 18.1.8 Linux amd64 container,clang-18.1.8-coverage-state-load-v1,3,experiments/lcb_hard_v1_cpp/measurements/program-complexity/post-loop-state/cpp/profiles.jsonl
program-complexity-normalized-v2,lcb_hard_v1_cpp,atcoder/arc188_a,post-loop-state,cpp,e6156e3cf5ca1ad3ab701a8fff3eb0ba2567a72e96d99758360b6f6ea6d6cd19,74a9086f99ebd852bf65f6a73c8db9a332cae9ffef2da4ca94f04bee6dde57d8,sha256:563f70b4ddaf8ecc7e4ba58e3b4c60d47fd497c1ed0637b8e1fdebe7f577f0d6,Omega_hat_StateSize,36624,=,MEASURED,,clang-18.1.8-coverage-state-load-v1,clang-18.1.8-coverage-state-load-v1,Clang 18.1.8 Linux amd64 container,clang-18.1.8-coverage-state-load-v1,3,experiments/lcb_hard_v1_cpp/measurements/program-complexity/post-loop-state/cpp/profiles.jsonl
program-complexity-normalized-v2,lcb_hard_v1_cpp,atcoder/arc188_a,post-loop-state,cpp,e6156e3cf5ca1ad3ab701a8fff3eb0ba2567a72e96d99758360b6f6ea6d6cd19,74a9086f99ebd852bf65f6a73c8db9a332cae9ffef2da4ca94f04bee6dde57d8,sha256:563f70b4ddaf8ecc7e4ba58e3b4c60d47fd497c1ed0637b8e1fdebe7f577f0d6,Omega_hat_StateLoad,15552588517,=,MEASURED,,clang-18.1.8-coverage-state-load-v1,clang-18.1.8-coverage-state-load-v1,Clang 18.1.8 Linux amd64 container,clang-18.1.8-coverage-state-load-v1,3,experiments/lcb_hard_v1_cpp/measurements/program-complexity/post-loop-state/cpp/profiles.jsonl
program-complexity-normalized-v2,lcb_hard_v1_cpp,atcoder/arc188_c,short-trace-final,cpp,3100d793388a96f09828f380678d417bd036ec9764bc474451354dc5aa03ea34,54ab534b1deec5a7c1a9445ad6c94ece8692fc6f7f8e750c0f7b5cf6d36069f2,sha256:0f87173a2dff77dadb8d9096e668cb6e335ab57e634561f03ee8fbe1a743403a,Omega_CC,16,=,MEASURED,,cpp-preprocessed-control-flow-v1,cpp-preprocessed-control-flow-v1,Clang 18.1.8 Linux amd64 container,,1,experiments/lcb_hard_v1_cpp/measurements/program-complexity/short-trace-final/cpp/profiles.jsonl
program-complexity-normalized-v2,lcb_hard_v1_cpp,atcoder/arc188_c,short-trace-final,cpp,3100d793388a96f09828f380678d417bd036ec9764bc474451354dc5aa03ea34,54ab534b1deec5a7c1a9445ad6c94ece8692fc6f7f8e750c0f7b5cf6d36069f2,sha256:0f87173a2dff77dadb8d9096e668cb6e335ab57e634561f03ee8fbe1a743403a,Omega_hat_NativeTrace,441,=,MEASURED,,clang-18.1.8-coverage-state-load-v1,clang-18.1.8-coverage-state-load-v1,Clang 18.1.8 Linux amd64 container,clang-18.1.8-coverage-state-load-v1,3,experiments/lcb_hard_v1_cpp/measurements/program-complexity/short-trace-final/cpp/profiles.jsonl
program-complexity-normalized-v2,lcb_hard_v1_cpp,atcoder/arc188_c,short-trace-final,cpp,3100d793388a96f09828f380678d417bd036ec9764bc474451354dc5aa03ea34,54ab534b1deec5a7c1a9445ad6c94ece8692fc6f7f8e750c0f7b5cf6d36069f2,sha256:0f87173a2dff77dadb8d9096e668cb6e335ab57e634561f03ee8fbe1a743403a,Omega_hat_StateSize,800052,=,MEASURED,,clang-18.1.8-coverage-state-load-v1,clang-18.1.8-coverage-state-load-v1,Clang 18.1.8 Linux amd64 container,clang-18.1.8-coverage-state-load-v1,3,experiments/lcb_hard_v1_cpp/measurements/program-complexity/short-trace-final/cpp/profiles.jsonl
program-complexity-normalized-v2,lcb_hard_v1_cpp,atcoder/arc188_c,short-trace-final,cpp,3100d793388a96f09828f380678d417bd036ec9764bc474451354dc5aa03ea34,54ab534b1deec5a7c1a9445ad6c94ece8692fc6f7f8e750c0f7b5cf6d36069f2,sha256:0f87173a2dff77dadb8d9096e668cb6e335ab57e634561f03ee8fbe1a743403a,Omega_hat_StateLoad,162409795,=,MEASURED,,clang-18.1.8-coverage-state-load-v1,clang-18.1.8-coverage-state-load-v1,Clang 18.1.8 Linux amd64 container,clang-18.1.8-coverage-state-load-v1,3,experiments/lcb_hard_v1_cpp/measurements/program-complexity/short-trace-final/cpp/profiles.jsonl
program-complexity-normalized-v2,lcb_hard_v1_cpp,atcoder/arc188_c,long-trace-final,cpp,3100d793388a96f09828f380678d417bd036ec9764bc474451354dc5aa03ea34,590e8d437874b1e52e04709d2f195b42a441baffb98583d8300bfe0d7698f255,sha256:1115b7f0b4500ea82dc23d9199225d9f2c07c0d5c1836225d01e6607808f4eda,Omega_CC,16,=,MEASURED,,cpp-preprocessed-control-flow-v1,cpp-preprocessed-control-flow-v1,Clang 18.1.8 Linux amd64 container,,1,experiments/lcb_hard_v1_cpp/measurements/program-complexity/long-trace-final/cpp/profiles.jsonl
program-complexity-normalized-v2,lcb_hard_v1_cpp,atcoder/arc188_c,long-trace-final,cpp,3100d793388a96f09828f380678d417bd036ec9764bc474451354dc5aa03ea34,590e8d437874b1e52e04709d2f195b42a441baffb98583d8300bfe0d7698f255,sha256:1115b7f0b4500ea82dc23d9199225d9f2c07c0d5c1836225d01e6607808f4eda,Omega_hat_NativeTrace,63174,=,MEASURED,,clang-18.1.8-coverage-state-load-v1,clang-18.1.8-coverage-state-load-v1,Clang 18.1.8 Linux amd64 container,clang-18.1.8-coverage-state-load-v1,3,experiments/lcb_hard_v1_cpp/measurements/program-complexity/long-trace-final/cpp/profiles.jsonl
program-complexity-normalized-v2,lcb_hard_v1_cpp,atcoder/arc188_c,long-trace-final,cpp,3100d793388a96f09828f380678d417bd036ec9764bc474451354dc5aa03ea34,590e8d437874b1e52e04709d2f195b42a441baffb98583d8300bfe0d7698f255,sha256:1115b7f0b4500ea82dc23d9199225d9f2c07c0d5c1836225d01e6607808f4eda,Omega_hat_StateSize,800049,=,MEASURED,,clang-18.1.8-coverage-state-load-v1,clang-18.1.8-coverage-state-load-v1,Clang 18.1.8 Linux amd64 container,clang-18.1.8-coverage-state-load-v1,3,experiments/lcb_hard_v1_cpp/measurements/program-complexity/long-trace-final/cpp/profiles.jsonl
program-complexity-normalized-v2,lcb_hard_v1_cpp,atcoder/arc188_c,long-trace-final,cpp,3100d793388a96f09828f380678d417bd036ec9764bc474451354dc5aa03ea34,590e8d437874b1e52e04709d2f195b42a441baffb98583d8300bfe0d7698f255,sha256:1115b7f0b4500ea82dc23d9199225d9f2c07c0d5c1836225d01e6607808f4eda,Omega_hat_StateLoad,20851627982,=,MEASURED,,clang-18.1.8-coverage-state-load-v1,clang-18.1.8-coverage-state-load-v1,Clang 18.1.8 Linux amd64 container,clang-18.1.8-coverage-state-load-v1,3,experiments/lcb_hard_v1_cpp/measurements/program-complexity/long-trace-final/cpp/profiles.jsonl
program-complexity-normalized-v2,lcb_hard_v1_cpp,atcoder/arc188_c,inside-loop-state,cpp,d972d99bb3d4cbba64623dbb82b61d06435290059aa96c493dedabe0774a142a,590e8d437874b1e52e04709d2f195b42a441baffb98583d8300bfe0d7698f255,sha256:0fd94ea12f7b2bf7d00bdf2031ba81388c99b743ae20eea2ba42d7366fa2fb1c,Omega_CC,30,=,MEASURED,,cpp-preprocessed-control-flow-v1,cpp-preprocessed-control-flow-v1,Clang 18.1.8 Linux amd64 container,,1,experiments/lcb_hard_v1_cpp/measurements/program-complexity/inside-loop-state/cpp/profiles.jsonl
program-complexity-normalized-v2,lcb_hard_v1_cpp,atcoder/arc188_c,inside-loop-state,cpp,d972d99bb3d4cbba64623dbb82b61d06435290059aa96c493dedabe0774a142a,590e8d437874b1e52e04709d2f195b42a441baffb98583d8300bfe0d7698f255,sha256:0fd94ea12f7b2bf7d00bdf2031ba81388c99b743ae20eea2ba42d7366fa2fb1c,Omega_hat_NativeTrace,18584,=,MEASURED,,clang-18.1.8-coverage-state-load-v1,clang-18.1.8-coverage-state-load-v1,Clang 18.1.8 Linux amd64 container,clang-18.1.8-coverage-state-load-v1,3,experiments/lcb_hard_v1_cpp/measurements/program-complexity/inside-loop-state/cpp/profiles.jsonl
program-complexity-normalized-v2,lcb_hard_v1_cpp,atcoder/arc188_c,inside-loop-state,cpp,d972d99bb3d4cbba64623dbb82b61d06435290059aa96c493dedabe0774a142a,590e8d437874b1e52e04709d2f195b42a441baffb98583d8300bfe0d7698f255,sha256:0fd94ea12f7b2bf7d00bdf2031ba81388c99b743ae20eea2ba42d7366fa2fb1c,Omega_hat_StateSize,804061,=,MEASURED,,clang-18.1.8-coverage-state-load-v1,clang-18.1.8-coverage-state-load-v1,Clang 18.1.8 Linux amd64 container,clang-18.1.8-coverage-state-load-v1,3,experiments/lcb_hard_v1_cpp/measurements/program-complexity/inside-loop-state/cpp/profiles.jsonl
program-complexity-normalized-v2,lcb_hard_v1_cpp,atcoder/arc188_c,inside-loop-state,cpp,d972d99bb3d4cbba64623dbb82b61d06435290059aa96c493dedabe0774a142a,590e8d437874b1e52e04709d2f195b42a441baffb98583d8300bfe0d7698f255,sha256:0fd94ea12f7b2bf7d00bdf2031ba81388c99b743ae20eea2ba42d7366fa2fb1c,Omega_hat_StateLoad,26610265193,=,MEASURED,,clang-18.1.8-coverage-state-load-v1,clang-18.1.8-coverage-state-load-v1,Clang 18.1.8 Linux amd64 container,clang-18.1.8-coverage-state-load-v1,3,experiments/lcb_hard_v1_cpp/measurements/program-complexity/inside-loop-state/cpp/profiles.jsonl
program-complexity-normalized-v2,lcb_hard_v1_cpp,atcoder/arc188_c,post-loop-state,cpp,4d5d86ab591ea84fc0f85347222d42c095c15c0f0577db1c84429df72f1b82db,590e8d437874b1e52e04709d2f195b42a441baffb98583d8300bfe0d7698f255,sha256:3df2e655dbdda10db8775c3bee25f91377206b80abc925c04d84d4127cc76196,Omega_CC,30,=,MEASURED,,cpp-preprocessed-control-flow-v1,cpp-preprocessed-control-flow-v1,Clang 18.1.8 Linux amd64 container,,1,experiments/lcb_hard_v1_cpp/measurements/program-complexity/post-loop-state/cpp/profiles.jsonl
program-complexity-normalized-v2,lcb_hard_v1_cpp,atcoder/arc188_c,post-loop-state,cpp,4d5d86ab591ea84fc0f85347222d42c095c15c0f0577db1c84429df72f1b82db,590e8d437874b1e52e04709d2f195b42a441baffb98583d8300bfe0d7698f255,sha256:3df2e655dbdda10db8775c3bee25f91377206b80abc925c04d84d4127cc76196,Omega_hat_NativeTrace,28102,=,MEASURED,,clang-18.1.8-coverage-state-load-v1,clang-18.1.8-coverage-state-load-v1,Clang 18.1.8 Linux amd64 container,clang-18.1.8-coverage-state-load-v1,3,experiments/lcb_hard_v1_cpp/measurements/program-complexity/post-loop-state/cpp/profiles.jsonl
program-complexity-normalized-v2,lcb_hard_v1_cpp,atcoder/arc188_c,post-loop-state,cpp,4d5d86ab591ea84fc0f85347222d42c095c15c0f0577db1c84429df72f1b82db,590e8d437874b1e52e04709d2f195b42a441baffb98583d8300bfe0d7698f255,sha256:3df2e655dbdda10db8775c3bee25f91377206b80abc925c04d84d4127cc76196,Omega_hat_StateSize,804060,=,MEASURED,,clang-18.1.8-coverage-state-load-v1,clang-18.1.8-coverage-state-load-v1,Clang 18.1.8 Linux amd64 container,clang-18.1.8-coverage-state-load-v1,3,experiments/lcb_hard_v1_cpp/measurements/program-complexity/post-loop-state/cpp/profiles.jsonl
program-complexity-normalized-v2,lcb_hard_v1_cpp,atcoder/arc188_c,post-loop-state,cpp,4d5d86ab591ea84fc0f85347222d42c095c15c0f0577db1c84429df72f1b82db,590e8d437874b1e52e04709d2f195b42a441baffb98583d8300bfe0d7698f255,sha256:3df2e655dbdda10db8775c3bee25f91377206b80abc925c04d84d4127cc76196,Omega_hat_StateLoad,32220966218,=,MEASURED,,clang-18.1.8-coverage-state-load-v1,clang-18.1.8-coverage-state-load-v1,Clang 18.1.8 Linux amd64 container,clang-18.1.8-coverage-state-load-v1,3,experiments/lcb_hard_v1_cpp/measurements/program-complexity/post-loop-state/cpp/profiles.jsonl
program-complexity-normalized-v2,lcb_hard_v1_cpp,atcoder/arc189_c,short-trace-final,cpp,c9431f5da5d22e00ef65b092176f97a7c28d35bd414218675789fc67dd0aedef,6c3326ddeee8b30a41acd20190bbe02b6cf9ff3ee016db0d233dbeb1dea97b9c,sha256:c897ca3d241cc021f9f29c61288990de11361917ba047619230836f6e3abe4ad,Omega_CC,24,=,MEASURED,,cpp-preprocessed-control-flow-v1,cpp-preprocessed-control-flow-v1,Clang 18.1.8 Linux amd64 container,,1,experiments/lcb_hard_v1_cpp/measurements/program-complexity/short-trace-final/cpp/profiles.jsonl
program-complexity-normalized-v2,lcb_hard_v1_cpp,atcoder/arc189_c,short-trace-final,cpp,c9431f5da5d22e00ef65b092176f97a7c28d35bd414218675789fc67dd0aedef,6c3326ddeee8b30a41acd20190bbe02b6cf9ff3ee016db0d233dbeb1dea97b9c,sha256:c897ca3d241cc021f9f29c61288990de11361917ba047619230836f6e3abe4ad,Omega_hat_NativeTrace,165,=,MEASURED,,clang-18.1.8-coverage-state-load-v1,clang-18.1.8-coverage-state-load-v1,Clang 18.1.8 Linux amd64 container,clang-18.1.8-coverage-state-load-v1,3,experiments/lcb_hard_v1_cpp/measurements/program-complexity/short-trace-final/cpp/profiles.jsonl
program-complexity-normalized-v2,lcb_hard_v1_cpp,atcoder/arc189_c,short-trace-final,cpp,c9431f5da5d22e00ef65b092176f97a7c28d35bd414218675789fc67dd0aedef,6c3326ddeee8b30a41acd20190bbe02b6cf9ff3ee016db0d233dbeb1dea97b9c,sha256:c897ca3d241cc021f9f29c61288990de11361917ba047619230836f6e3abe4ad,Omega_hat_StateSize,1800111,=,MEASURED,,clang-18.1.8-coverage-state-load-v1,clang-18.1.8-coverage-state-load-v1,Clang 18.1.8 Linux amd64 container,clang-18.1.8-coverage-state-load-v1,3,experiments/lcb_hard_v1_cpp/measurements/program-complexity/short-trace-final/cpp/profiles.jsonl
program-complexity-normalized-v2,lcb_hard_v1_cpp,atcoder/arc189_c,short-trace-final,cpp,c9431f5da5d22e00ef65b092176f97a7c28d35bd414218675789fc67dd0aedef,6c3326ddeee8b30a41acd20190bbe02b6cf9ff3ee016db0d233dbeb1dea97b9c,sha256:c897ca3d241cc021f9f29c61288990de11361917ba047619230836f6e3abe4ad,Omega_hat_StateLoad,95605476,=,MEASURED,,clang-18.1.8-coverage-state-load-v1,clang-18.1.8-coverage-state-load-v1,Clang 18.1.8 Linux amd64 container,clang-18.1.8-coverage-state-load-v1,3,experiments/lcb_hard_v1_cpp/measurements/program-complexity/short-trace-final/cpp/profiles.jsonl
program-complexity-normalized-v2,lcb_hard_v1_cpp,atcoder/arc189_c,long-trace-final,cpp,c9431f5da5d22e00ef65b092176f97a7c28d35bd414218675789fc67dd0aedef,4bfd2f77c1fe75da6fc3a531c62c8cc010fa5732019b901d3419abb3029b0f75,sha256:3e6928ee70f5287fae8d551313637bb67be189eccb5abed88c292e7eafe9d3d9,Omega_CC,24,=,MEASURED,,cpp-preprocessed-control-flow-v1,cpp-preprocessed-control-flow-v1,Clang 18.1.8 Linux amd64 container,,1,experiments/lcb_hard_v1_cpp/measurements/program-complexity/long-trace-final/cpp/profiles.jsonl
program-complexity-normalized-v2,lcb_hard_v1_cpp,atcoder/arc189_c,long-trace-final,cpp,c9431f5da5d22e00ef65b092176f97a7c28d35bd414218675789fc67dd0aedef,4bfd2f77c1fe75da6fc3a531c62c8cc010fa5732019b901d3419abb3029b0f75,sha256:3e6928ee70f5287fae8d551313637bb67be189eccb5abed88c292e7eafe9d3d9,Omega_hat_NativeTrace,43122,=,MEASURED,,clang-18.1.8-coverage-state-load-v1,clang-18.1.8-coverage-state-load-v1,Clang 18.1.8 Linux amd64 container,clang-18.1.8-coverage-state-load-v1,3,experiments/lcb_hard_v1_cpp/measurements/program-complexity/long-trace-final/cpp/profiles.jsonl
program-complexity-normalized-v2,lcb_hard_v1_cpp,atcoder/arc189_c,long-trace-final,cpp,c9431f5da5d22e00ef65b092176f97a7c28d35bd414218675789fc67dd0aedef,4bfd2f77c1fe75da6fc3a531c62c8cc010fa5732019b901d3419abb3029b0f75,sha256:3e6928ee70f5287fae8d551313637bb67be189eccb5abed88c292e7eafe9d3d9,Omega_hat_StateSize,1805113,=,MEASURED,,clang-18.1.8-coverage-state-load-v1,clang-18.1.8-coverage-state-load-v1,Clang 18.1.8 Linux amd64 container,clang-18.1.8-coverage-state-load-v1,3,experiments/lcb_hard_v1_cpp/measurements/program-complexity/long-trace-final/cpp/profiles.jsonl
program-complexity-normalized-v2,lcb_hard_v1_cpp,atcoder/arc189_c,long-trace-final,cpp,c9431f5da5d22e00ef65b092176f97a7c28d35bd414218675789fc67dd0aedef,4bfd2f77c1fe75da6fc3a531c62c8cc010fa5732019b901d3419abb3029b0f75,sha256:3e6928ee70f5287fae8d551313637bb67be189eccb5abed88c292e7eafe9d3d9,Omega_hat_StateLoad,21726601203,=,MEASURED,,clang-18.1.8-coverage-state-load-v1,clang-18.1.8-coverage-state-load-v1,Clang 18.1.8 Linux amd64 container,clang-18.1.8-coverage-state-load-v1,3,experiments/lcb_hard_v1_cpp/measurements/program-complexity/long-trace-final/cpp/profiles.jsonl
program-complexity-normalized-v2,lcb_hard_v1_cpp,atcoder/arc189_c,inside-loop-state,cpp,3f8650d3f2ba40d1cdf7e8b0ba50cf42eae50e7ce5f1d984fb43caa3f08c9558,4bfd2f77c1fe75da6fc3a531c62c8cc010fa5732019b901d3419abb3029b0f75,sha256:3f2d08b4ae1fba386f45fe8fb095284d2ed1a770320a422f3a050e237ee11376,Omega_CC,38,=,MEASURED,,cpp-preprocessed-control-flow-v1,cpp-preprocessed-control-flow-v1,Clang 18.1.8 Linux amd64 container,,1,experiments/lcb_hard_v1_cpp/measurements/program-complexity/inside-loop-state/cpp/profiles.jsonl
program-complexity-normalized-v2,lcb_hard_v1_cpp,atcoder/arc189_c,inside-loop-state,cpp,3f8650d3f2ba40d1cdf7e8b0ba50cf42eae50e7ce5f1d984fb43caa3f08c9558,4bfd2f77c1fe75da6fc3a531c62c8cc010fa5732019b901d3419abb3029b0f75,sha256:3f2d08b4ae1fba386f45fe8fb095284d2ed1a770320a422f3a050e237ee11376,Omega_hat_NativeTrace,49641,=,MEASURED,,clang-18.1.8-coverage-state-load-v1,clang-18.1.8-coverage-state-load-v1,Clang 18.1.8 Linux amd64 container,clang-18.1.8-coverage-state-load-v1,3,experiments/lcb_hard_v1_cpp/measurements/program-complexity/inside-loop-state/cpp/profiles.jsonl
program-complexity-normalized-v2,lcb_hard_v1_cpp,atcoder/arc189_c,inside-loop-state,cpp,3f8650d3f2ba40d1cdf7e8b0ba50cf42eae50e7ce5f1d984fb43caa3f08c9558,4bfd2f77c1fe75da6fc3a531c62c8cc010fa5732019b901d3419abb3029b0f75,sha256:3f2d08b4ae1fba386f45fe8fb095284d2ed1a770320a422f3a050e237ee11376,Omega_hat_StateSize,1802610,=,MEASURED,,clang-18.1.8-coverage-state-load-v1,clang-18.1.8-coverage-state-load-v1,Clang 18.1.8 Linux amd64 container,clang-18.1.8-coverage-state-load-v1,3,experiments/lcb_hard_v1_cpp/measurements/program-complexity/inside-loop-state/cpp/profiles.jsonl
program-complexity-normalized-v2,lcb_hard_v1_cpp,atcoder/arc189_c,inside-loop-state,cpp,3f8650d3f2ba40d1cdf7e8b0ba50cf42eae50e7ce5f1d984fb43caa3f08c9558,4bfd2f77c1fe75da6fc3a531c62c8cc010fa5732019b901d3419abb3029b0f75,sha256:3f2d08b4ae1fba386f45fe8fb095284d2ed1a770320a422f3a050e237ee11376,Omega_hat_StateLoad,49761182766,=,MEASURED,,clang-18.1.8-coverage-state-load-v1,clang-18.1.8-coverage-state-load-v1,Clang 18.1.8 Linux amd64 container,clang-18.1.8-coverage-state-load-v1,3,experiments/lcb_hard_v1_cpp/measurements/program-complexity/inside-loop-state/cpp/profiles.jsonl
program-complexity-normalized-v2,lcb_hard_v1_cpp,atcoder/arc189_c,post-loop-state,cpp,64b1bbc7ef9156dd56dfbbc9b5d55d3149e7d47215ec56b26f71604f5ae233a4,4bfd2f77c1fe75da6fc3a531c62c8cc010fa5732019b901d3419abb3029b0f75,sha256:725008e4ab5e8168e421998de9eb034e0d5a2cc5b3acfd6a671d7770e4037c35,Omega_CC,38,=,MEASURED,,cpp-preprocessed-control-flow-v1,cpp-preprocessed-control-flow-v1,Clang 18.1.8 Linux amd64 container,,1,experiments/lcb_hard_v1_cpp/measurements/program-complexity/post-loop-state/cpp/profiles.jsonl
program-complexity-normalized-v2,lcb_hard_v1_cpp,atcoder/arc189_c,post-loop-state,cpp,64b1bbc7ef9156dd56dfbbc9b5d55d3149e7d47215ec56b26f71604f5ae233a4,4bfd2f77c1fe75da6fc3a531c62c8cc010fa5732019b901d3419abb3029b0f75,sha256:725008e4ab5e8168e421998de9eb034e0d5a2cc5b3acfd6a671d7770e4037c35,Omega_hat_NativeTrace,52145,=,MEASURED,,clang-18.1.8-coverage-state-load-v1,clang-18.1.8-coverage-state-load-v1,Clang 18.1.8 Linux amd64 container,clang-18.1.8-coverage-state-load-v1,3,experiments/lcb_hard_v1_cpp/measurements/program-complexity/post-loop-state/cpp/profiles.jsonl
program-complexity-normalized-v2,lcb_hard_v1_cpp,atcoder/arc189_c,post-loop-state,cpp,64b1bbc7ef9156dd56dfbbc9b5d55d3149e7d47215ec56b26f71604f5ae233a4,4bfd2f77c1fe75da6fc3a531c62c8cc010fa5732019b901d3419abb3029b0f75,sha256:725008e4ab5e8168e421998de9eb034e0d5a2cc5b3acfd6a671d7770e4037c35,Omega_hat_StateSize,1803110,=,MEASURED,,clang-18.1.8-coverage-state-load-v1,clang-18.1.8-coverage-state-load-v1,Clang 18.1.8 Linux amd64 container,clang-18.1.8-coverage-state-load-v1,3,experiments/lcb_hard_v1_cpp/measurements/program-complexity/post-loop-state/cpp/profiles.jsonl
program-complexity-normalized-v2,lcb_hard_v1_cpp,atcoder/arc189_c,post-loop-state,cpp,64b1bbc7ef9156dd56dfbbc9b5d55d3149e7d47215ec56b26f71604f5ae233a4,4bfd2f77c1fe75da6fc3a531c62c8cc010fa5732019b901d3419abb3029b0f75,sha256:725008e4ab5e8168e421998de9eb034e0d5a2cc5b3acfd6a671d7770e4037c35,Omega_hat_StateLoad,59705974097,=,MEASURED,,clang-18.1.8-coverage-state-load-v1,clang-18.1.8-coverage-state-load-v1,Clang 18.1.8 Linux amd64 container,clang-18.1.8-coverage-state-load-v1,3,experiments/lcb_hard_v1_cpp/measurements/program-complexity/post-loop-state/cpp/profiles.jsonl
program-complexity-normalized-v2,lcb_hard_v1_cpp,atcoder/arc189_d,short-trace-final,cpp,77963b2d53bb7d34c2c1eaddd4895fc0e2fbcb1c7cd6069f37e85604c5497a54,68ca32762a073a0a4c2479f9d07455f1b5e3ba8b8834ca1af09af6bcff5a51ea,sha256:43091df125bd115cbfd7b48025445ffe55d100ad3edb0aeb4eeb32506fa8c409,Omega_CC,95,=,MEASURED,,cpp-preprocessed-control-flow-v1,cpp-preprocessed-control-flow-v1,Clang 18.1.8 Linux amd64 container,,1,experiments/lcb_hard_v1_cpp/measurements/program-complexity/short-trace-final/cpp/profiles.jsonl
program-complexity-normalized-v2,lcb_hard_v1_cpp,atcoder/arc189_d,short-trace-final,cpp,77963b2d53bb7d34c2c1eaddd4895fc0e2fbcb1c7cd6069f37e85604c5497a54,68ca32762a073a0a4c2479f9d07455f1b5e3ba8b8834ca1af09af6bcff5a51ea,sha256:43091df125bd115cbfd7b48025445ffe55d100ad3edb0aeb4eeb32506fa8c409,Omega_hat_NativeTrace,952,=,MEASURED,,clang-18.1.8-coverage-state-load-v1,clang-18.1.8-coverage-state-load-v1,Clang 18.1.8 Linux amd64 container,clang-18.1.8-coverage-state-load-v1,3,experiments/lcb_hard_v1_cpp/measurements/program-complexity/short-trace-final/cpp/profiles.jsonl
program-complexity-normalized-v2,lcb_hard_v1_cpp,atcoder/arc189_d,short-trace-final,cpp,77963b2d53bb7d34c2c1eaddd4895fc0e2fbcb1c7cd6069f37e85604c5497a54,68ca32762a073a0a4c2479f9d07455f1b5e3ba8b8834ca1af09af6bcff5a51ea,sha256:43091df125bd115cbfd7b48025445ffe55d100ad3edb0aeb4eeb32506fa8c409,Omega_hat_StateSize,262325,=,MEASURED,,clang-18.1.8-coverage-state-load-v1,clang-18.1.8-coverage-state-load-v1,Clang 18.1.8 Linux amd64 container,clang-18.1.8-coverage-state-load-v1,3,experiments/lcb_hard_v1_cpp/measurements/program-complexity/short-trace-final/cpp/profiles.jsonl
program-complexity-normalized-v2,lcb_hard_v1_cpp,atcoder/arc189_d,short-trace-final,cpp,77963b2d53bb7d34c2c1eaddd4895fc0e2fbcb1c7cd6069f37e85604c5497a54,68ca32762a073a0a4c2479f9d07455f1b5e3ba8b8834ca1af09af6bcff5a51ea,sha256:43091df125bd115cbfd7b48025445ffe55d100ad3edb0aeb4eeb32506fa8c409,Omega_hat_StateLoad,343088766,=,MEASURED,,clang-18.1.8-coverage-state-load-v1,clang-18.1.8-coverage-state-load-v1,Clang 18.1.8 Linux amd64 container,clang-18.1.8-coverage-state-load-v1,3,experiments/lcb_hard_v1_cpp/measurements/program-complexity/short-trace-final/cpp/profiles.jsonl
program-complexity-normalized-v2,lcb_hard_v1_cpp,atcoder/arc189_d,long-trace-final,cpp,77963b2d53bb7d34c2c1eaddd4895fc0e2fbcb1c7cd6069f37e85604c5497a54,4d83268ebea980c1230f964c05205ce93e5e29092ffb54a6a12f8204342e89cb,sha256:542285741b5e9618fcd8c1f01d10242761a22f0d9820a44b1f288f15f8a14663,Omega_CC,95,=,MEASURED,,cpp-preprocessed-control-flow-v1,cpp-preprocessed-control-flow-v1,Clang 18.1.8 Linux amd64 container,,1,experiments/lcb_hard_v1_cpp/measurements/program-complexity/long-trace-final/cpp/profiles.jsonl
program-complexity-normalized-v2,lcb_hard_v1_cpp,atcoder/arc189_d,long-trace-final,cpp,77963b2d53bb7d34c2c1eaddd4895fc0e2fbcb1c7cd6069f37e85604c5497a54,4d83268ebea980c1230f964c05205ce93e5e29092ffb54a6a12f8204342e89cb,sha256:542285741b5e9618fcd8c1f01d10242761a22f0d9820a44b1f288f15f8a14663,Omega_hat_NativeTrace,327502,=,MEASURED,,clang-18.1.8-coverage-state-load-v1,clang-18.1.8-coverage-state-load-v1,Clang 18.1.8 Linux amd64 container,clang-18.1.8-coverage-state-load-v1,3,experiments/lcb_hard_v1_cpp/measurements/program-complexity/long-trace-final/cpp/profiles.jsonl
program-complexity-normalized-v2,lcb_hard_v1_cpp,atcoder/arc189_d,long-trace-final,cpp,77963b2d53bb7d34c2c1eaddd4895fc0e2fbcb1c7cd6069f37e85604c5497a54,4d83268ebea980c1230f964c05205ce93e5e29092ffb54a6a12f8204342e89cb,sha256:542285741b5e9618fcd8c1f01d10242761a22f0d9820a44b1f288f15f8a14663,Omega_hat_StateSize,275302,=,MEASURED,,clang-18.1.8-coverage-state-load-v1,clang-18.1.8-coverage-state-load-v1,Clang 18.1.8 Linux amd64 container,clang-18.1.8-coverage-state-load-v1,3,experiments/lcb_hard_v1_cpp/measurements/program-complexity/long-trace-final/cpp/profiles.jsonl
program-complexity-normalized-v2,lcb_hard_v1_cpp,atcoder/arc189_d,long-trace-final,cpp,77963b2d53bb7d34c2c1eaddd4895fc0e2fbcb1c7cd6069f37e85604c5497a54,4d83268ebea980c1230f964c05205ce93e5e29092ffb54a6a12f8204342e89cb,sha256:542285741b5e9618fcd8c1f01d10242761a22f0d9820a44b1f288f15f8a14663,Omega_hat_StateLoad,114223305982,=,MEASURED,,clang-18.1.8-coverage-state-load-v1,clang-18.1.8-coverage-state-load-v1,Clang 18.1.8 Linux amd64 container,clang-18.1.8-coverage-state-load-v1,3,experiments/lcb_hard_v1_cpp/measurements/program-complexity/long-trace-final/cpp/profiles.jsonl
program-complexity-normalized-v2,lcb_hard_v1_cpp,atcoder/arc189_d,inside-loop-state,cpp,2064552f1b6dca616f2370d79683146274c7dbcec735e0c4577f2eb5ad78fd02,4d83268ebea980c1230f964c05205ce93e5e29092ffb54a6a12f8204342e89cb,sha256:e46e531478990a5a7c000191b433834dc5bc50c4941ee0554f6723d20db32cda,Omega_CC,109,=,MEASURED,,cpp-preprocessed-control-flow-v1,cpp-preprocessed-control-flow-v1,Clang 18.1.8 Linux amd64 container,,1,experiments/lcb_hard_v1_cpp/measurements/program-complexity/inside-loop-state/cpp/profiles.jsonl
program-complexity-normalized-v2,lcb_hard_v1_cpp,atcoder/arc189_d,inside-loop-state,cpp,2064552f1b6dca616f2370d79683146274c7dbcec735e0c4577f2eb5ad78fd02,4d83268ebea980c1230f964c05205ce93e5e29092ffb54a6a12f8204342e89cb,sha256:e46e531478990a5a7c000191b433834dc5bc50c4941ee0554f6723d20db32cda,Omega_hat_NativeTrace,194413,=,MEASURED,,clang-18.1.8-coverage-state-load-v1,clang-18.1.8-coverage-state-load-v1,Clang 18.1.8 Linux amd64 container,clang-18.1.8-coverage-state-load-v1,3,experiments/lcb_hard_v1_cpp/measurements/program-complexity/inside-loop-state/cpp/profiles.jsonl
program-complexity-normalized-v2,lcb_hard_v1_cpp,atcoder/arc189_d,inside-loop-state,cpp,2064552f1b6dca616f2370d79683146274c7dbcec735e0c4577f2eb5ad78fd02,4d83268ebea980c1230f964c05205ce93e5e29092ffb54a6a12f8204342e89cb,sha256:e46e531478990a5a7c000191b433834dc5bc50c4941ee0554f6723d20db32cda,Omega_hat_StateSize,274313,=,MEASURED,,clang-18.1.8-coverage-state-load-v1,clang-18.1.8-coverage-state-load-v1,Clang 18.1.8 Linux amd64 container,clang-18.1.8-coverage-state-load-v1,3,experiments/lcb_hard_v1_cpp/measurements/program-complexity/inside-loop-state/cpp/profiles.jsonl
program-complexity-normalized-v2,lcb_hard_v1_cpp,atcoder/arc189_d,inside-loop-state,cpp,2064552f1b6dca616f2370d79683146274c7dbcec735e0c4577f2eb5ad78fd02,4d83268ebea980c1230f964c05205ce93e5e29092ffb54a6a12f8204342e89cb,sha256:e46e531478990a5a7c000191b433834dc5bc50c4941ee0554f6723d20db32cda,Omega_hat_StateLoad,73048521438,=,MEASURED,,clang-18.1.8-coverage-state-load-v1,clang-18.1.8-coverage-state-load-v1,Clang 18.1.8 Linux amd64 container,clang-18.1.8-coverage-state-load-v1,3,experiments/lcb_hard_v1_cpp/measurements/program-complexity/inside-loop-state/cpp/profiles.jsonl
program-complexity-normalized-v2,lcb_hard_v1_cpp,atcoder/arc189_d,post-loop-state,cpp,67657aa9bfb55cafbfea77b065a2393cf4d2aad86ef65a29af206bb3febbae25,4d83268ebea980c1230f964c05205ce93e5e29092ffb54a6a12f8204342e89cb,sha256:1c3895621d86d7b7e1f160194fec97d9d3625b488d52cd5a66b13c5ff5ac6ad5,Omega_CC,109,=,MEASURED,,cpp-preprocessed-control-flow-v1,cpp-preprocessed-control-flow-v1,Clang 18.1.8 Linux amd64 container,,1,experiments/lcb_hard_v1_cpp/measurements/program-complexity/post-loop-state/cpp/profiles.jsonl
program-complexity-normalized-v2,lcb_hard_v1_cpp,atcoder/arc189_d,post-loop-state,cpp,67657aa9bfb55cafbfea77b065a2393cf4d2aad86ef65a29af206bb3febbae25,4d83268ebea980c1230f964c05205ce93e5e29092ffb54a6a12f8204342e89cb,sha256:1c3895621d86d7b7e1f160194fec97d9d3625b488d52cd5a66b13c5ff5ac6ad5,Omega_hat_NativeTrace,323335,=,MEASURED,,clang-18.1.8-coverage-state-load-v1,clang-18.1.8-coverage-state-load-v1,Clang 18.1.8 Linux amd64 container,clang-18.1.8-coverage-state-load-v1,3,experiments/lcb_hard_v1_cpp/measurements/program-complexity/post-loop-state/cpp/profiles.jsonl
program-complexity-normalized-v2,lcb_hard_v1_cpp,atcoder/arc189_d,post-loop-state,cpp,67657aa9bfb55cafbfea77b065a2393cf4d2aad86ef65a29af206bb3febbae25,4d83268ebea980c1230f964c05205ce93e5e29092ffb54a6a12f8204342e89cb,sha256:1c3895621d86d7b7e1f160194fec97d9d3625b488d52cd5a66b13c5ff5ac6ad5,Omega_hat_StateSize,274313,=,MEASURED,,clang-18.1.8-coverage-state-load-v1,clang-18.1.8-coverage-state-load-v1,Clang 18.1.8 Linux amd64 container,clang-18.1.8-coverage-state-load-v1,3,experiments/lcb_hard_v1_cpp/measurements/program-complexity/post-loop-state/cpp/profiles.jsonl
program-complexity-normalized-v2,lcb_hard_v1_cpp,atcoder/arc189_d,post-loop-state,cpp,67657aa9bfb55cafbfea77b065a2393cf4d2aad86ef65a29af206bb3febbae25,4d83268ebea980c1230f964c05205ce93e5e29092ffb54a6a12f8204342e89cb,sha256:1c3895621d86d7b7e1f160194fec97d9d3625b488d52cd5a66b13c5ff5ac6ad5,Omega_hat_StateLoad,118008431675,=,MEASURED,,clang-18.1.8-coverage-state-load-v1,clang-18.1.8-coverage-state-load-v1,Clang 18.1.8 Linux amd64 container,clang-18.1.8-coverage-state-load-v1,3,experiments/lcb_hard_v1_cpp/measurements/program-complexity/post-loop-state/cpp/profiles.jsonl
program-complexity-normalized-v2,lcb_hard_v1_cpp,atcoder/arc190_a,short-trace-final,cpp,a2d50a746dd31da0ce55fcbda7388e80ab46aab1b7ea29476d3b90af7ba60e4b,74bbbdc71dbd5a1245ff2ec37c208dff49e10dad9705fe35378ee7a1bb89800d,sha256:66802dedfd874a9fbb9eabbc92b4c3dfbacfb2c9458fdad2f3ecc5ebaa1db68a,Omega_CC,51,=,MEASURED,,cpp-preprocessed-control-flow-v1,cpp-preprocessed-control-flow-v1,Clang 18.1.8 Linux amd64 container,,1,experiments/lcb_hard_v1_cpp/measurements/program-complexity/short-trace-final/cpp/profiles.jsonl
program-complexity-normalized-v2,lcb_hard_v1_cpp,atcoder/arc190_a,short-trace-final,cpp,a2d50a746dd31da0ce55fcbda7388e80ab46aab1b7ea29476d3b90af7ba60e4b,74bbbdc71dbd5a1245ff2ec37c208dff49e10dad9705fe35378ee7a1bb89800d,sha256:66802dedfd874a9fbb9eabbc92b4c3dfbacfb2c9458fdad2f3ecc5ebaa1db68a,Omega_hat_NativeTrace,130,=,MEASURED,,clang-18.1.8-coverage-state-load-v1,clang-18.1.8-coverage-state-load-v1,Clang 18.1.8 Linux amd64 container,clang-18.1.8-coverage-state-load-v1,3,experiments/lcb_hard_v1_cpp/measurements/program-complexity/short-trace-final/cpp/profiles.jsonl
program-complexity-normalized-v2,lcb_hard_v1_cpp,atcoder/arc190_a,short-trace-final,cpp,a2d50a746dd31da0ce55fcbda7388e80ab46aab1b7ea29476d3b90af7ba60e4b,74bbbdc71dbd5a1245ff2ec37c208dff49e10dad9705fe35378ee7a1bb89800d,sha256:66802dedfd874a9fbb9eabbc92b4c3dfbacfb2c9458fdad2f3ecc5ebaa1db68a,Omega_hat_StateSize,31,=,MEASURED,,clang-18.1.8-coverage-state-load-v1,clang-18.1.8-coverage-state-load-v1,Clang 18.1.8 Linux amd64 container,clang-18.1.8-coverage-state-load-v1,3,experiments/lcb_hard_v1_cpp/measurements/program-complexity/short-trace-final/cpp/profiles.jsonl
program-complexity-normalized-v2,lcb_hard_v1_cpp,atcoder/arc190_a,short-trace-final,cpp,a2d50a746dd31da0ce55fcbda7388e80ab46aab1b7ea29476d3b90af7ba60e4b,74bbbdc71dbd5a1245ff2ec37c208dff49e10dad9705fe35378ee7a1bb89800d,sha256:66802dedfd874a9fbb9eabbc92b4c3dfbacfb2c9458fdad2f3ecc5ebaa1db68a,Omega_hat_StateLoad,1635,=,MEASURED,,clang-18.1.8-coverage-state-load-v1,clang-18.1.8-coverage-state-load-v1,Clang 18.1.8 Linux amd64 container,clang-18.1.8-coverage-state-load-v1,3,experiments/lcb_hard_v1_cpp/measurements/program-complexity/short-trace-final/cpp/profiles.jsonl
program-complexity-normalized-v2,lcb_hard_v1_cpp,atcoder/arc190_a,long-trace-final,cpp,a2d50a746dd31da0ce55fcbda7388e80ab46aab1b7ea29476d3b90af7ba60e4b,cf02cab2bd2238d30028b03ac8a88c3e63239caa090d531e0f5c216bcd5207ec,sha256:aa6a2c441a34a90747d7598d82b7956c3d9bf98910d23221e0f05e17790c7787,Omega_CC,51,=,MEASURED,,cpp-preprocessed-control-flow-v1,cpp-preprocessed-control-flow-v1,Clang 18.1.8 Linux amd64 container,,1,experiments/lcb_hard_v1_cpp/measurements/program-complexity/long-trace-final/cpp/profiles.jsonl
program-complexity-normalized-v2,lcb_hard_v1_cpp,atcoder/arc190_a,long-trace-final,cpp,a2d50a746dd31da0ce55fcbda7388e80ab46aab1b7ea29476d3b90af7ba60e4b,cf02cab2bd2238d30028b03ac8a88c3e63239caa090d531e0f5c216bcd5207ec,sha256:aa6a2c441a34a90747d7598d82b7956c3d9bf98910d23221e0f05e17790c7787,Omega_hat_NativeTrace,78087,=,MEASURED,,clang-18.1.8-coverage-state-load-v1,clang-18.1.8-coverage-state-load-v1,Clang 18.1.8 Linux amd64 container,clang-18.1.8-coverage-state-load-v1,3,experiments/lcb_hard_v1_cpp/measurements/program-complexity/long-trace-final/cpp/profiles.jsonl
program-complexity-normalized-v2,lcb_hard_v1_cpp,atcoder/arc190_a,long-trace-final,cpp,a2d50a746dd31da0ce55fcbda7388e80ab46aab1b7ea29476d3b90af7ba60e4b,cf02cab2bd2238d30028b03ac8a88c3e63239caa090d531e0f5c216bcd5207ec,sha256:aa6a2c441a34a90747d7598d82b7956c3d9bf98910d23221e0f05e17790c7787,Omega_hat_StateSize,4023,=,MEASURED,,clang-18.1.8-coverage-state-load-v1,clang-18.1.8-coverage-state-load-v1,Clang 18.1.8 Linux amd64 container,clang-18.1.8-coverage-state-load-v1,3,experiments/lcb_hard_v1_cpp/measurements/program-complexity/long-trace-final/cpp/profiles.jsonl
program-complexity-normalized-v2,lcb_hard_v1_cpp,atcoder/arc190_a,long-trace-final,cpp,a2d50a746dd31da0ce55fcbda7388e80ab46aab1b7ea29476d3b90af7ba60e4b,cf02cab2bd2238d30028b03ac8a88c3e63239caa090d531e0f5c216bcd5207ec,sha256:aa6a2c441a34a90747d7598d82b7956c3d9bf98910d23221e0f05e17790c7787,Omega_hat_StateLoad,111903608,=,MEASURED,,clang-18.1.8-coverage-state-load-v1,clang-18.1.8-coverage-state-load-v1,Clang 18.1.8 Linux amd64 container,clang-18.1.8-coverage-state-load-v1,3,experiments/lcb_hard_v1_cpp/measurements/program-complexity/long-trace-final/cpp/profiles.jsonl
program-complexity-normalized-v2,lcb_hard_v1_cpp,atcoder/arc190_a,inside-loop-state,cpp,f4cdf9e00fff5fd6327f6ad642c11ac16f7350d994a5500a7160b9a69bde2941,cf02cab2bd2238d30028b03ac8a88c3e63239caa090d531e0f5c216bcd5207ec,sha256:2a7dfb701f2a9034d084937f448a7e25972f471678f4b95b60eb9f409f7896e5,Omega_CC,65,=,MEASURED,,cpp-preprocessed-control-flow-v1,cpp-preprocessed-control-flow-v1,Clang 18.1.8 Linux amd64 container,,1,experiments/lcb_hard_v1_cpp/measurements/program-complexity/inside-loop-state/cpp/profiles.jsonl
program-complexity-normalized-v2,lcb_hard_v1_cpp,atcoder/arc190_a,inside-loop-state,cpp,f4cdf9e00fff5fd6327f6ad642c11ac16f7350d994a5500a7160b9a69bde2941,cf02cab2bd2238d30028b03ac8a88c3e63239caa090d531e0f5c216bcd5207ec,sha256:2a7dfb701f2a9034d084937f448a7e25972f471678f4b95b60eb9f409f7896e5,Omega_hat_NativeTrace,60017,=,MEASURED,,clang-18.1.8-coverage-state-load-v1,clang-18.1.8-coverage-state-load-v1,Clang 18.1.8 Linux amd64 container,clang-18.1.8-coverage-state-load-v1,3,experiments/lcb_hard_v1_cpp/measurements/program-complexity/inside-loop-state/cpp/profiles.jsonl
program-complexity-normalized-v2,lcb_hard_v1_cpp,atcoder/arc190_a,inside-loop-state,cpp,f4cdf9e00fff5fd6327f6ad642c11ac16f7350d994a5500a7160b9a69bde2941,cf02cab2bd2238d30028b03ac8a88c3e63239caa090d531e0f5c216bcd5207ec,sha256:2a7dfb701f2a9034d084937f448a7e25972f471678f4b95b60eb9f409f7896e5,Omega_hat_StateSize,4028,=,MEASURED,,clang-18.1.8-coverage-state-load-v1,clang-18.1.8-coverage-state-load-v1,Clang 18.1.8 Linux amd64 container,clang-18.1.8-coverage-state-load-v1,3,experiments/lcb_hard_v1_cpp/measurements/program-complexity/inside-loop-state/cpp/profiles.jsonl
program-complexity-normalized-v2,lcb_hard_v1_cpp,atcoder/arc190_a,inside-loop-state,cpp,f4cdf9e00fff5fd6327f6ad642c11ac16f7350d994a5500a7160b9a69bde2941,cf02cab2bd2238d30028b03ac8a88c3e63239caa090d531e0f5c216bcd5207ec,sha256:2a7dfb701f2a9034d084937f448a7e25972f471678f4b95b60eb9f409f7896e5,Omega_hat_StateLoad,192759299,=,MEASURED,,clang-18.1.8-coverage-state-load-v1,clang-18.1.8-coverage-state-load-v1,Clang 18.1.8 Linux amd64 container,clang-18.1.8-coverage-state-load-v1,3,experiments/lcb_hard_v1_cpp/measurements/program-complexity/inside-loop-state/cpp/profiles.jsonl
program-complexity-normalized-v2,lcb_hard_v1_cpp,atcoder/arc190_a,post-loop-state,cpp,374546db46e422a218adb9d04731291cf39326ffa0a8d94016c32d45ca34f15e,cf02cab2bd2238d30028b03ac8a88c3e63239caa090d531e0f5c216bcd5207ec,sha256:7b2328afea316dab10c723b9aee08a708aab707b8ca0785ab5ed1d766e8a6891,Omega_CC,65,=,MEASURED,,cpp-preprocessed-control-flow-v1,cpp-preprocessed-control-flow-v1,Clang 18.1.8 Linux amd64 container,,1,experiments/lcb_hard_v1_cpp/measurements/program-complexity/post-loop-state/cpp/profiles.jsonl
program-complexity-normalized-v2,lcb_hard_v1_cpp,atcoder/arc190_a,post-loop-state,cpp,374546db46e422a218adb9d04731291cf39326ffa0a8d94016c32d45ca34f15e,cf02cab2bd2238d30028b03ac8a88c3e63239caa090d531e0f5c216bcd5207ec,sha256:7b2328afea316dab10c723b9aee08a708aab707b8ca0785ab5ed1d766e8a6891,Omega_hat_NativeTrace,66028,=,MEASURED,,clang-18.1.8-coverage-state-load-v1,clang-18.1.8-coverage-state-load-v1,Clang 18.1.8 Linux amd64 container,clang-18.1.8-coverage-state-load-v1,3,experiments/lcb_hard_v1_cpp/measurements/program-complexity/post-loop-state/cpp/profiles.jsonl
program-complexity-normalized-v2,lcb_hard_v1_cpp,atcoder/arc190_a,post-loop-state,cpp,374546db46e422a218adb9d04731291cf39326ffa0a8d94016c32d45ca34f15e,cf02cab2bd2238d30028b03ac8a88c3e63239caa090d531e0f5c216bcd5207ec,sha256:7b2328afea316dab10c723b9aee08a708aab707b8ca0785ab5ed1d766e8a6891,Omega_hat_StateSize,4027,=,MEASURED,,clang-18.1.8-coverage-state-load-v1,clang-18.1.8-coverage-state-load-v1,Clang 18.1.8 Linux amd64 container,clang-18.1.8-coverage-state-load-v1,3,experiments/lcb_hard_v1_cpp/measurements/program-complexity/post-loop-state/cpp/profiles.jsonl
program-complexity-normalized-v2,lcb_hard_v1_cpp,atcoder/arc190_a,post-loop-state,cpp,374546db46e422a218adb9d04731291cf39326ffa0a8d94016c32d45ca34f15e,cf02cab2bd2238d30028b03ac8a88c3e63239caa090d531e0f5c216bcd5207ec,sha256:7b2328afea316dab10c723b9aee08a708aab707b8ca0785ab5ed1d766e8a6891,Omega_hat_StateLoad,196762714,=,MEASURED,,clang-18.1.8-coverage-state-load-v1,clang-18.1.8-coverage-state-load-v1,Clang 18.1.8 Linux amd64 container,clang-18.1.8-coverage-state-load-v1,3,experiments/lcb_hard_v1_cpp/measurements/program-complexity/post-loop-state/cpp/profiles.jsonl
program-complexity-normalized-v2,lcb_hard_v1_cpp,atcoder/arc190_c,short-trace-final,cpp,7a68f293bad209113a319f94f0fa7883645661fba74e154b420f5c7dc98717df,82460a42708f80a74a8c5f6da1762ac7ef699afddd3249744d91a9dd913ca8da,sha256:507eaacdb48623c5b26b6a1df1f99d86f740b52d771dc4d21d2e813adb656887,Omega_CC,40,=,MEASURED,,cpp-preprocessed-control-flow-v1,cpp-preprocessed-control-flow-v1,Clang 18.1.8 Linux amd64 container,,1,experiments/lcb_hard_v1_cpp/measurements/program-complexity/short-trace-final/cpp/profiles.jsonl
program-complexity-normalized-v2,lcb_hard_v1_cpp,atcoder/arc190_c,short-trace-final,cpp,7a68f293bad209113a319f94f0fa7883645661fba74e154b420f5c7dc98717df,82460a42708f80a74a8c5f6da1762ac7ef699afddd3249744d91a9dd913ca8da,sha256:507eaacdb48623c5b26b6a1df1f99d86f740b52d771dc4d21d2e813adb656887,Omega_hat_NativeTrace,471,=,MEASURED,,clang-18.1.8-coverage-state-load-v1,clang-18.1.8-coverage-state-load-v1,Clang 18.1.8 Linux amd64 container,clang-18.1.8-coverage-state-load-v1,3,experiments/lcb_hard_v1_cpp/measurements/program-complexity/short-trace-final/cpp/profiles.jsonl
program-complexity-normalized-v2,lcb_hard_v1_cpp,atcoder/arc190_c,short-trace-final,cpp,7a68f293bad209113a319f94f0fa7883645661fba74e154b420f5c7dc98717df,82460a42708f80a74a8c5f6da1762ac7ef699afddd3249744d91a9dd913ca8da,sha256:507eaacdb48623c5b26b6a1df1f99d86f740b52d771dc4d21d2e813adb656887,Omega_hat_StateSize,90,=,MEASURED,,clang-18.1.8-coverage-state-load-v1,clang-18.1.8-coverage-state-load-v1,Clang 18.1.8 Linux amd64 container,clang-18.1.8-coverage-state-load-v1,3,experiments/lcb_hard_v1_cpp/measurements/program-complexity/short-trace-final/cpp/profiles.jsonl
program-complexity-normalized-v2,lcb_hard_v1_cpp,atcoder/arc190_c,short-trace-final,cpp,7a68f293bad209113a319f94f0fa7883645661fba74e154b420f5c7dc98717df,82460a42708f80a74a8c5f6da1762ac7ef699afddd3249744d91a9dd913ca8da,sha256:507eaacdb48623c5b26b6a1df1f99d86f740b52d771dc4d21d2e813adb656887,Omega_hat_StateLoad,7800,=,MEASURED,,clang-18.1.8-coverage-state-load-v1,clang-18.1.8-coverage-state-load-v1,Clang 18.1.8 Linux amd64 container,clang-18.1.8-coverage-state-load-v1,3,experiments/lcb_hard_v1_cpp/measurements/program-complexity/short-trace-final/cpp/profiles.jsonl
program-complexity-normalized-v2,lcb_hard_v1_cpp,atcoder/arc190_c,long-trace-final,cpp,7a68f293bad209113a319f94f0fa7883645661fba74e154b420f5c7dc98717df,f10f8fd552c89280eb2b2535d43dc718a8f3589402b29715b20d979302613191,sha256:ef80dbea257002133d7d59965553c54b07ef6ae40dcdc912acdbe7b2e77ea07f,Omega_CC,40,=,MEASURED,,cpp-preprocessed-control-flow-v1,cpp-preprocessed-control-flow-v1,Clang 18.1.8 Linux amd64 container,,1,experiments/lcb_hard_v1_cpp/measurements/program-complexity/long-trace-final/cpp/profiles.jsonl
program-complexity-normalized-v2,lcb_hard_v1_cpp,atcoder/arc190_c,long-trace-final,cpp,7a68f293bad209113a319f94f0fa7883645661fba74e154b420f5c7dc98717df,f10f8fd552c89280eb2b2535d43dc718a8f3589402b29715b20d979302613191,sha256:ef80dbea257002133d7d59965553c54b07ef6ae40dcdc912acdbe7b2e77ea07f,Omega_hat_NativeTrace,25232,=,MEASURED,,clang-18.1.8-coverage-state-load-v1,clang-18.1.8-coverage-state-load-v1,Clang 18.1.8 Linux amd64 container,clang-18.1.8-coverage-state-load-v1,3,experiments/lcb_hard_v1_cpp/measurements/program-complexity/long-trace-final/cpp/profiles.jsonl
program-complexity-normalized-v2,lcb_hard_v1_cpp,atcoder/arc190_c,long-trace-final,cpp,7a68f293bad209113a319f94f0fa7883645661fba74e154b420f5c7dc98717df,f10f8fd552c89280eb2b2535d43dc718a8f3589402b29715b20d979302613191,sha256:ef80dbea257002133d7d59965553c54b07ef6ae40dcdc912acdbe7b2e77ea07f,Omega_hat_StateSize,3828,=,MEASURED,,clang-18.1.8-coverage-state-load-v1,clang-18.1.8-coverage-state-load-v1,Clang 18.1.8 Linux amd64 container,clang-18.1.8-coverage-state-load-v1,3,experiments/lcb_hard_v1_cpp/measurements/program-complexity/long-trace-final/cpp/profiles.jsonl
program-complexity-normalized-v2,lcb_hard_v1_cpp,atcoder/arc190_c,long-trace-final,cpp,7a68f293bad209113a319f94f0fa7883645661fba74e154b420f5c7dc98717df,f10f8fd552c89280eb2b2535d43dc718a8f3589402b29715b20d979302613191,sha256:ef80dbea257002133d7d59965553c54b07ef6ae40dcdc912acdbe7b2e77ea07f,Omega_hat_StateLoad,17786418,=,MEASURED,,clang-18.1.8-coverage-state-load-v1,clang-18.1.8-coverage-state-load-v1,Clang 18.1.8 Linux amd64 container,clang-18.1.8-coverage-state-load-v1,3,experiments/lcb_hard_v1_cpp/measurements/program-complexity/long-trace-final/cpp/profiles.jsonl
program-complexity-normalized-v2,lcb_hard_v1_cpp,atcoder/arc190_c,inside-loop-state,cpp,f96e4dac7cff32ca0cfbbdd09aada704571072ac769eee074927ba26239a6319,f10f8fd552c89280eb2b2535d43dc718a8f3589402b29715b20d979302613191,sha256:ede64a1df159a0f98db262967f83b7a64663ff25ca4b4b8658ed3f6509f8f83e,Omega_CC,54,=,MEASURED,,cpp-preprocessed-control-flow-v1,cpp-preprocessed-control-flow-v1,Clang 18.1.8 Linux amd64 container,,1,experiments/lcb_hard_v1_cpp/measurements/program-complexity/inside-loop-state/cpp/profiles.jsonl
program-complexity-normalized-v2,lcb_hard_v1_cpp,atcoder/arc190_c,inside-loop-state,cpp,f96e4dac7cff32ca0cfbbdd09aada704571072ac769eee074927ba26239a6319,f10f8fd552c89280eb2b2535d43dc718a8f3589402b29715b20d979302613191,sha256:ede64a1df159a0f98db262967f83b7a64663ff25ca4b4b8658ed3f6509f8f83e,Omega_hat_NativeTrace,23157,=,MEASURED,,clang-18.1.8-coverage-state-load-v1,clang-18.1.8-coverage-state-load-v1,Clang 18.1.8 Linux amd64 container,clang-18.1.8-coverage-state-load-v1,3,experiments/lcb_hard_v1_cpp/measurements/program-complexity/inside-loop-state/cpp/profiles.jsonl
program-complexity-normalized-v2,lcb_hard_v1_cpp,atcoder/arc190_c,inside-loop-state,cpp,f96e4dac7cff32ca0cfbbdd09aada704571072ac769eee074927ba26239a6319,f10f8fd552c89280eb2b2535d43dc718a8f3589402b29715b20d979302613191,sha256:ede64a1df159a0f98db262967f83b7a64663ff25ca4b4b8658ed3f6509f8f83e,Omega_hat_StateSize,3829,=,MEASURED,,clang-18.1.8-coverage-state-load-v1,clang-18.1.8-coverage-state-load-v1,Clang 18.1.8 Linux amd64 container,clang-18.1.8-coverage-state-load-v1,3,experiments/lcb_hard_v1_cpp/measurements/program-complexity/inside-loop-state/cpp/profiles.jsonl
program-complexity-normalized-v2,lcb_hard_v1_cpp,atcoder/arc190_c,inside-loop-state,cpp,f96e4dac7cff32ca0cfbbdd09aada704571072ac769eee074927ba26239a6319,f10f8fd552c89280eb2b2535d43dc718a8f3589402b29715b20d979302613191,sha256:ede64a1df159a0f98db262967f83b7a64663ff25ca4b4b8658ed3f6509f8f83e,Omega_hat_StateLoad,21251412,=,MEASURED,,clang-18.1.8-coverage-state-load-v1,clang-18.1.8-coverage-state-load-v1,Clang 18.1.8 Linux amd64 container,clang-18.1.8-coverage-state-load-v1,3,experiments/lcb_hard_v1_cpp/measurements/program-complexity/inside-loop-state/cpp/profiles.jsonl
program-complexity-normalized-v2,lcb_hard_v1_cpp,atcoder/arc190_c,post-loop-state,cpp,3cf297780aa02ef72178cab14116d29e9a5ee082add15beb8a0f0a95bbe93935,f10f8fd552c89280eb2b2535d43dc718a8f3589402b29715b20d979302613191,sha256:f36dbb3e689592bf3406287c59fbd13ed3c4296fdacb46fd201b71dc8fece05c,Omega_CC,54,=,MEASURED,,cpp-preprocessed-control-flow-v1,cpp-preprocessed-control-flow-v1,Clang 18.1.8 Linux amd64 container,,1,experiments/lcb_hard_v1_cpp/measurements/program-complexity/post-loop-state/cpp/profiles.jsonl
program-complexity-normalized-v2,lcb_hard_v1_cpp,atcoder/arc190_c,post-loop-state,cpp,3cf297780aa02ef72178cab14116d29e9a5ee082add15beb8a0f0a95bbe93935,f10f8fd552c89280eb2b2535d43dc718a8f3589402b29715b20d979302613191,sha256:f36dbb3e689592bf3406287c59fbd13ed3c4296fdacb46fd201b71dc8fece05c,Omega_hat_NativeTrace,24373,=,MEASURED,,clang-18.1.8-coverage-state-load-v1,clang-18.1.8-coverage-state-load-v1,Clang 18.1.8 Linux amd64 container,clang-18.1.8-coverage-state-load-v1,3,experiments/lcb_hard_v1_cpp/measurements/program-complexity/post-loop-state/cpp/profiles.jsonl
program-complexity-normalized-v2,lcb_hard_v1_cpp,atcoder/arc190_c,post-loop-state,cpp,3cf297780aa02ef72178cab14116d29e9a5ee082add15beb8a0f0a95bbe93935,f10f8fd552c89280eb2b2535d43dc718a8f3589402b29715b20d979302613191,sha256:f36dbb3e689592bf3406287c59fbd13ed3c4296fdacb46fd201b71dc8fece05c,Omega_hat_StateSize,3829,=,MEASURED,,clang-18.1.8-coverage-state-load-v1,clang-18.1.8-coverage-state-load-v1,Clang 18.1.8 Linux amd64 container,clang-18.1.8-coverage-state-load-v1,3,experiments/lcb_hard_v1_cpp/measurements/program-complexity/post-loop-state/cpp/profiles.jsonl
program-complexity-normalized-v2,lcb_hard_v1_cpp,atcoder/arc190_c,post-loop-state,cpp,3cf297780aa02ef72178cab14116d29e9a5ee082add15beb8a0f0a95bbe93935,f10f8fd552c89280eb2b2535d43dc718a8f3589402b29715b20d979302613191,sha256:f36dbb3e689592bf3406287c59fbd13ed3c4296fdacb46fd201b71dc8fece05c,Omega_hat_StateLoad,25315274,=,MEASURED,,clang-18.1.8-coverage-state-load-v1,clang-18.1.8-coverage-state-load-v1,Clang 18.1.8 Linux amd64 container,clang-18.1.8-coverage-state-load-v1,3,experiments/lcb_hard_v1_cpp/measurements/program-complexity/post-loop-state/cpp/profiles.jsonl
program-complexity-normalized-v2,lcb_hard_v1_cpp,atcoder/arc190_d,short-trace-final,cpp,e179b7e3f2d805db572b4f442bad7255bfd52362ff02ad5e93dddec3fa723a99,9dc3a1129fc0be46346b31af2ea694183eb27b45812a88864444c83a27a81bff,sha256:cd10f739b62080d945b3d0cb90ae91ba11e7fde9c29ffce07e7e2d22a6db9d4c,Omega_CC,37,=,MEASURED,,cpp-preprocessed-control-flow-v1,cpp-preprocessed-control-flow-v1,Clang 18.1.8 Linux amd64 container,,1,experiments/lcb_hard_v1_cpp/measurements/program-complexity/short-trace-final/cpp/profiles.jsonl
program-complexity-normalized-v2,lcb_hard_v1_cpp,atcoder/arc190_d,short-trace-final,cpp,e179b7e3f2d805db572b4f442bad7255bfd52362ff02ad5e93dddec3fa723a99,9dc3a1129fc0be46346b31af2ea694183eb27b45812a88864444c83a27a81bff,sha256:cd10f739b62080d945b3d0cb90ae91ba11e7fde9c29ffce07e7e2d22a6db9d4c,Omega_hat_NativeTrace,491,=,MEASURED,,clang-18.1.8-coverage-state-load-v1,clang-18.1.8-coverage-state-load-v1,Clang 18.1.8 Linux amd64 container,clang-18.1.8-coverage-state-load-v1,3,experiments/lcb_hard_v1_cpp/measurements/program-complexity/short-trace-final/cpp/profiles.jsonl
program-complexity-normalized-v2,lcb_hard_v1_cpp,atcoder/arc190_d,short-trace-final,cpp,e179b7e3f2d805db572b4f442bad7255bfd52362ff02ad5e93dddec3fa723a99,9dc3a1129fc0be46346b31af2ea694183eb27b45812a88864444c83a27a81bff,sha256:cd10f739b62080d945b3d0cb90ae91ba11e7fde9c29ffce07e7e2d22a6db9d4c,Omega_hat_StateSize,73280,=,MEASURED,,clang-18.1.8-coverage-state-load-v1,clang-18.1.8-coverage-state-load-v1,Clang 18.1.8 Linux amd64 container,clang-18.1.8-coverage-state-load-v1,3,experiments/lcb_hard_v1_cpp/measurements/program-complexity/short-trace-final/cpp/profiles.jsonl
program-complexity-normalized-v2,lcb_hard_v1_cpp,atcoder/arc190_d,short-trace-final,cpp,e179b7e3f2d805db572b4f442bad7255bfd52362ff02ad5e93dddec3fa723a99,9dc3a1129fc0be46346b31af2ea694183eb27b45812a88864444c83a27a81bff,sha256:cd10f739b62080d945b3d0cb90ae91ba11e7fde9c29ffce07e7e2d22a6db9d4c,Omega_hat_StateLoad,6766272,=,MEASURED,,clang-18.1.8-coverage-state-load-v1,clang-18.1.8-coverage-state-load-v1,Clang 18.1.8 Linux amd64 container,clang-18.1.8-coverage-state-load-v1,3,experiments/lcb_hard_v1_cpp/measurements/program-complexity/short-trace-final/cpp/profiles.jsonl
program-complexity-normalized-v2,lcb_hard_v1_cpp,atcoder/arc190_d,long-trace-final,cpp,e179b7e3f2d805db572b4f442bad7255bfd52362ff02ad5e93dddec3fa723a99,5583540a7b265e17f43541eb93ac6893f700103a15c1a4b5fd0cc14a9a70d8db,sha256:fac25cce6426f862b4c956cf777f4554b29e7874ac5c8aff8ce52829dd9a2bc4,Omega_CC,37,=,MEASURED,,cpp-preprocessed-control-flow-v1,cpp-preprocessed-control-flow-v1,Clang 18.1.8 Linux amd64 container,,1,experiments/lcb_hard_v1_cpp/measurements/program-complexity/long-trace-final/cpp/profiles.jsonl
program-complexity-normalized-v2,lcb_hard_v1_cpp,atcoder/arc190_d,long-trace-final,cpp,e179b7e3f2d805db572b4f442bad7255bfd52362ff02ad5e93dddec3fa723a99,5583540a7b265e17f43541eb93ac6893f700103a15c1a4b5fd0cc14a9a70d8db,sha256:fac25cce6426f862b4c956cf777f4554b29e7874ac5c8aff8ce52829dd9a2bc4,Omega_hat_NativeTrace,593127,=,MEASURED,,clang-18.1.8-coverage-state-load-v1,clang-18.1.8-coverage-state-load-v1,Clang 18.1.8 Linux amd64 container,clang-18.1.8-coverage-state-load-v1,3,experiments/lcb_hard_v1_cpp/measurements/program-complexity/long-trace-final/cpp/profiles.jsonl
program-complexity-normalized-v2,lcb_hard_v1_cpp,atcoder/arc190_d,long-trace-final,cpp,e179b7e3f2d805db572b4f442bad7255bfd52362ff02ad5e93dddec3fa723a99,5583540a7b265e17f43541eb93ac6893f700103a15c1a4b5fd0cc14a9a70d8db,sha256:fac25cce6426f862b4c956cf777f4554b29e7874ac5c8aff8ce52829dd9a2bc4,Omega_hat_StateSize,73280,=,MEASURED,,clang-18.1.8-coverage-state-load-v1,clang-18.1.8-coverage-state-load-v1,Clang 18.1.8 Linux amd64 container,clang-18.1.8-coverage-state-load-v1,3,experiments/lcb_hard_v1_cpp/measurements/program-complexity/long-trace-final/cpp/profiles.jsonl
program-complexity-normalized-v2,lcb_hard_v1_cpp,atcoder/arc190_d,long-trace-final,cpp,e179b7e3f2d805db572b4f442bad7255bfd52362ff02ad5e93dddec3fa723a99,5583540a7b265e17f43541eb93ac6893f700103a15c1a4b5fd0cc14a9a70d8db,sha256:fac25cce6426f862b4c956cf777f4554b29e7874ac5c8aff8ce52829dd9a2bc4,Omega_hat_StateLoad,993528843,=,MEASURED,,clang-18.1.8-coverage-state-load-v1,clang-18.1.8-coverage-state-load-v1,Clang 18.1.8 Linux amd64 container,clang-18.1.8-coverage-state-load-v1,3,experiments/lcb_hard_v1_cpp/measurements/program-complexity/long-trace-final/cpp/profiles.jsonl
program-complexity-normalized-v2,lcb_hard_v1_cpp,atcoder/arc190_d,inside-loop-state,cpp,141a1f46100654da6ca3f0b710625cff8f1aa3cdbe3ce00ba0cb75f3d1e2c90d,5583540a7b265e17f43541eb93ac6893f700103a15c1a4b5fd0cc14a9a70d8db,sha256:a09ac17e10aa9235379506ce8f5525cd44aa6bba753b0d1e05f35d20c5a22a4c,Omega_CC,51,=,MEASURED,,cpp-preprocessed-control-flow-v1,cpp-preprocessed-control-flow-v1,Clang 18.1.8 Linux amd64 container,,1,experiments/lcb_hard_v1_cpp/measurements/program-complexity/inside-loop-state/cpp/profiles.jsonl
program-complexity-normalized-v2,lcb_hard_v1_cpp,atcoder/arc190_d,inside-loop-state,cpp,141a1f46100654da6ca3f0b710625cff8f1aa3cdbe3ce00ba0cb75f3d1e2c90d,5583540a7b265e17f43541eb93ac6893f700103a15c1a4b5fd0cc14a9a70d8db,sha256:a09ac17e10aa9235379506ce8f5525cd44aa6bba753b0d1e05f35d20c5a22a4c,Omega_hat_NativeTrace,588851,=,MEASURED,,clang-18.1.8-coverage-state-load-v1,clang-18.1.8-coverage-state-load-v1,Clang 18.1.8 Linux amd64 container,clang-18.1.8-coverage-state-load-v1,3,experiments/lcb_hard_v1_cpp/measurements/program-complexity/inside-loop-state/cpp/profiles.jsonl
program-complexity-normalized-v2,lcb_hard_v1_cpp,atcoder/arc190_d,inside-loop-state,cpp,141a1f46100654da6ca3f0b710625cff8f1aa3cdbe3ce00ba0cb75f3d1e2c90d,5583540a7b265e17f43541eb93ac6893f700103a15c1a4b5fd0cc14a9a70d8db,sha256:a09ac17e10aa9235379506ce8f5525cd44aa6bba753b0d1e05f35d20c5a22a4c,Omega_hat_StateSize,73281,=,MEASURED,,clang-18.1.8-coverage-state-load-v1,clang-18.1.8-coverage-state-load-v1,Clang 18.1.8 Linux amd64 container,clang-18.1.8-coverage-state-load-v1,3,experiments/lcb_hard_v1_cpp/measurements/program-complexity/inside-loop-state/cpp/profiles.jsonl
program-complexity-normalized-v2,lcb_hard_v1_cpp,atcoder/arc190_d,inside-loop-state,cpp,141a1f46100654da6ca3f0b710625cff8f1aa3cdbe3ce00ba0cb75f3d1e2c90d,5583540a7b265e17f43541eb93ac6893f700103a15c1a4b5fd0cc14a9a70d8db,sha256:a09ac17e10aa9235379506ce8f5525cd44aa6bba753b0d1e05f35d20c5a22a4c,Omega_hat_StateLoad,1027183603,=,MEASURED,,clang-18.1.8-coverage-state-load-v1,clang-18.1.8-coverage-state-load-v1,Clang 18.1.8 Linux amd64 container,clang-18.1.8-coverage-state-load-v1,3,experiments/lcb_hard_v1_cpp/measurements/program-complexity/inside-loop-state/cpp/profiles.jsonl
program-complexity-normalized-v2,lcb_hard_v1_cpp,atcoder/arc190_d,post-loop-state,cpp,7265d1dfae76479c8eb1f9c4c58c10cf53e1d06c6c772906de4c5f5903a21a9e,5583540a7b265e17f43541eb93ac6893f700103a15c1a4b5fd0cc14a9a70d8db,sha256:ba4e351cedeae33202d9ca866799a711823011e38ca936892fd7ec034c4b821a,Omega_CC,51,=,MEASURED,,cpp-preprocessed-control-flow-v1,cpp-preprocessed-control-flow-v1,Clang 18.1.8 Linux amd64 container,,1,experiments/lcb_hard_v1_cpp/measurements/program-complexity/post-loop-state/cpp/profiles.jsonl
program-complexity-normalized-v2,lcb_hard_v1_cpp,atcoder/arc190_d,post-loop-state,cpp,7265d1dfae76479c8eb1f9c4c58c10cf53e1d06c6c772906de4c5f5903a21a9e,5583540a7b265e17f43541eb93ac6893f700103a15c1a4b5fd0cc14a9a70d8db,sha256:ba4e351cedeae33202d9ca866799a711823011e38ca936892fd7ec034c4b821a,Omega_hat_NativeTrace,589519,=,MEASURED,,clang-18.1.8-coverage-state-load-v1,clang-18.1.8-coverage-state-load-v1,Clang 18.1.8 Linux amd64 container,clang-18.1.8-coverage-state-load-v1,3,experiments/lcb_hard_v1_cpp/measurements/program-complexity/post-loop-state/cpp/profiles.jsonl
program-complexity-normalized-v2,lcb_hard_v1_cpp,atcoder/arc190_d,post-loop-state,cpp,7265d1dfae76479c8eb1f9c4c58c10cf53e1d06c6c772906de4c5f5903a21a9e,5583540a7b265e17f43541eb93ac6893f700103a15c1a4b5fd0cc14a9a70d8db,sha256:ba4e351cedeae33202d9ca866799a711823011e38ca936892fd7ec034c4b821a,Omega_hat_StateSize,73281,=,MEASURED,,clang-18.1.8-coverage-state-load-v1,clang-18.1.8-coverage-state-load-v1,Clang 18.1.8 Linux amd64 container,clang-18.1.8-coverage-state-load-v1,3,experiments/lcb_hard_v1_cpp/measurements/program-complexity/post-loop-state/cpp/profiles.jsonl
program-complexity-normalized-v2,lcb_hard_v1_cpp,atcoder/arc190_d,post-loop-state,cpp,7265d1dfae76479c8eb1f9c4c58c10cf53e1d06c6c772906de4c5f5903a21a9e,5583540a7b265e17f43541eb93ac6893f700103a15c1a4b5fd0cc14a9a70d8db,sha256:ba4e351cedeae33202d9ca866799a711823011e38ca936892fd7ec034c4b821a,Omega_hat_StateLoad,1066502025,=,MEASURED,,clang-18.1.8-coverage-state-load-v1,clang-18.1.8-coverage-state-load-v1,Clang 18.1.8 Linux amd64 container,clang-18.1.8-coverage-state-load-v1,3,experiments/lcb_hard_v1_cpp/measurements/program-complexity/post-loop-state/cpp/profiles.jsonl
program-complexity-normalized-v2,lcb_hard_v1_cpp,atcoder/arc191_d,short-trace-final,cpp,1e57a5c572a64b2be97b9c1f6c3be39b56dec1edbb79b86ef9bd181db5bbee6c,735cff6fa24305e5ca39c287366d3da27d0bb5aeeb27b20419b364fb69f7c9b9,sha256:5d7301c7d1e0b8a81f9126ada7ae0114623b3421ae0c7e0889a74cf0952eb998,Omega_CC,27,=,MEASURED,,cpp-preprocessed-control-flow-v1,cpp-preprocessed-control-flow-v1,Clang 18.1.8 Linux amd64 container,,1,experiments/lcb_hard_v1_cpp/measurements/program-complexity/short-trace-final/cpp/profiles.jsonl
program-complexity-normalized-v2,lcb_hard_v1_cpp,atcoder/arc191_d,short-trace-final,cpp,1e57a5c572a64b2be97b9c1f6c3be39b56dec1edbb79b86ef9bd181db5bbee6c,735cff6fa24305e5ca39c287366d3da27d0bb5aeeb27b20419b364fb69f7c9b9,sha256:5d7301c7d1e0b8a81f9126ada7ae0114623b3421ae0c7e0889a74cf0952eb998,Omega_hat_NativeTrace,139,=,MEASURED,,clang-18.1.8-coverage-state-load-v1,clang-18.1.8-coverage-state-load-v1,Clang 18.1.8 Linux amd64 container,clang-18.1.8-coverage-state-load-v1,3,experiments/lcb_hard_v1_cpp/measurements/program-complexity/short-trace-final/cpp/profiles.jsonl
program-complexity-normalized-v2,lcb_hard_v1_cpp,atcoder/arc191_d,short-trace-final,cpp,1e57a5c572a64b2be97b9c1f6c3be39b56dec1edbb79b86ef9bd181db5bbee6c,735cff6fa24305e5ca39c287366d3da27d0bb5aeeb27b20419b364fb69f7c9b9,sha256:5d7301c7d1e0b8a81f9126ada7ae0114623b3421ae0c7e0889a74cf0952eb998,Omega_hat_StateSize,62,=,MEASURED,,clang-18.1.8-coverage-state-load-v1,clang-18.1.8-coverage-state-load-v1,Clang 18.1.8 Linux amd64 container,clang-18.1.8-coverage-state-load-v1,3,experiments/lcb_hard_v1_cpp/measurements/program-complexity/short-trace-final/cpp/profiles.jsonl
program-complexity-normalized-v2,lcb_hard_v1_cpp,atcoder/arc191_d,short-trace-final,cpp,1e57a5c572a64b2be97b9c1f6c3be39b56dec1edbb79b86ef9bd181db5bbee6c,735cff6fa24305e5ca39c287366d3da27d0bb5aeeb27b20419b364fb69f7c9b9,sha256:5d7301c7d1e0b8a81f9126ada7ae0114623b3421ae0c7e0889a74cf0952eb998,Omega_hat_StateLoad,6562,=,MEASURED,,clang-18.1.8-coverage-state-load-v1,clang-18.1.8-coverage-state-load-v1,Clang 18.1.8 Linux amd64 container,clang-18.1.8-coverage-state-load-v1,3,experiments/lcb_hard_v1_cpp/measurements/program-complexity/short-trace-final/cpp/profiles.jsonl
program-complexity-normalized-v2,lcb_hard_v1_cpp,atcoder/arc191_d,long-trace-final,cpp,1e57a5c572a64b2be97b9c1f6c3be39b56dec1edbb79b86ef9bd181db5bbee6c,e878611a723cf240008a4206b459bc4f9fb8b478070095f6a520bff333c89b0c,sha256:02a2485dae62f1d1c0cbabfb7d4d2823537c51e327961bb404ccb66ba2ae6c4b,Omega_CC,27,=,MEASURED,,cpp-preprocessed-control-flow-v1,cpp-preprocessed-control-flow-v1,Clang 18.1.8 Linux amd64 container,,1,experiments/lcb_hard_v1_cpp/measurements/program-complexity/long-trace-final/cpp/profiles.jsonl
program-complexity-normalized-v2,lcb_hard_v1_cpp,atcoder/arc191_d,long-trace-final,cpp,1e57a5c572a64b2be97b9c1f6c3be39b56dec1edbb79b86ef9bd181db5bbee6c,e878611a723cf240008a4206b459bc4f9fb8b478070095f6a520bff333c89b0c,sha256:02a2485dae62f1d1c0cbabfb7d4d2823537c51e327961bb404ccb66ba2ae6c4b,Omega_hat_NativeTrace,34103,=,MEASURED,,clang-18.1.8-coverage-state-load-v1,clang-18.1.8-coverage-state-load-v1,Clang 18.1.8 Linux amd64 container,clang-18.1.8-coverage-state-load-v1,3,experiments/lcb_hard_v1_cpp/measurements/program-complexity/long-trace-final/cpp/profiles.jsonl
program-complexity-normalized-v2,lcb_hard_v1_cpp,atcoder/arc191_d,long-trace-final,cpp,1e57a5c572a64b2be97b9c1f6c3be39b56dec1edbb79b86ef9bd181db5bbee6c,e878611a723cf240008a4206b459bc4f9fb8b478070095f6a520bff333c89b0c,sha256:02a2485dae62f1d1c0cbabfb7d4d2823537c51e327961bb404ccb66ba2ae6c4b,Omega_hat_StateSize,14060,=,MEASURED,,clang-18.1.8-coverage-state-load-v1,clang-18.1.8-coverage-state-load-v1,Clang 18.1.8 Linux amd64 container,clang-18.1.8-coverage-state-load-v1,3,experiments/lcb_hard_v1_cpp/measurements/program-complexity/long-trace-final/cpp/profiles.jsonl
program-complexity-normalized-v2,lcb_hard_v1_cpp,atcoder/arc191_d,long-trace-final,cpp,1e57a5c572a64b2be97b9c1f6c3be39b56dec1edbb79b86ef9bd181db5bbee6c,e878611a723cf240008a4206b459bc4f9fb8b478070095f6a520bff333c89b0c,sha256:02a2485dae62f1d1c0cbabfb7d4d2823537c51e327961bb404ccb66ba2ae6c4b,Omega_hat_StateLoad,284612843,=,MEASURED,,clang-18.1.8-coverage-state-load-v1,clang-18.1.8-coverage-state-load-v1,Clang 18.1.8 Linux amd64 container,clang-18.1.8-coverage-state-load-v1,3,experiments/lcb_hard_v1_cpp/measurements/program-complexity/long-trace-final/cpp/profiles.jsonl
program-complexity-normalized-v2,lcb_hard_v1_cpp,atcoder/arc191_d,inside-loop-state,cpp,c38e4dc2e59da422e6b71c68727c26c84d7babb3f29c1dce18173fbf7ee77bcb,e878611a723cf240008a4206b459bc4f9fb8b478070095f6a520bff333c89b0c,sha256:abf3eb7d71047d068be47cbe7c93adf460752bd28da8394f6d604836d0f5a0b3,Omega_CC,41,=,MEASURED,,cpp-preprocessed-control-flow-v1,cpp-preprocessed-control-flow-v1,Clang 18.1.8 Linux amd64 container,,1,experiments/lcb_hard_v1_cpp/measurements/program-complexity/inside-loop-state/cpp/profiles.jsonl
program-complexity-normalized-v2,lcb_hard_v1_cpp,atcoder/arc191_d,inside-loop-state,cpp,c38e4dc2e59da422e6b71c68727c26c84d7babb3f29c1dce18173fbf7ee77bcb,e878611a723cf240008a4206b459bc4f9fb8b478070095f6a520bff333c89b0c,sha256:abf3eb7d71047d068be47cbe7c93adf460752bd28da8394f6d604836d0f5a0b3,Omega_hat_NativeTrace,26080,=,MEASURED,,clang-18.1.8-coverage-state-load-v1,clang-18.1.8-coverage-state-load-v1,Clang 18.1.8 Linux amd64 container,clang-18.1.8-coverage-state-load-v1,3,experiments/lcb_hard_v1_cpp/measurements/program-complexity/inside-loop-state/cpp/profiles.jsonl
program-complexity-normalized-v2,lcb_hard_v1_cpp,atcoder/arc191_d,inside-loop-state,cpp,c38e4dc2e59da422e6b71c68727c26c84d7babb3f29c1dce18173fbf7ee77bcb,e878611a723cf240008a4206b459bc4f9fb8b478070095f6a520bff333c89b0c,sha256:abf3eb7d71047d068be47cbe7c93adf460752bd28da8394f6d604836d0f5a0b3,Omega_hat_StateSize,13051,=,MEASURED,,clang-18.1.8-coverage-state-load-v1,clang-18.1.8-coverage-state-load-v1,Clang 18.1.8 Linux amd64 container,clang-18.1.8-coverage-state-load-v1,3,experiments/lcb_hard_v1_cpp/measurements/program-complexity/inside-loop-state/cpp/profiles.jsonl
program-complexity-normalized-v2,lcb_hard_v1_cpp,atcoder/arc191_d,inside-loop-state,cpp,c38e4dc2e59da422e6b71c68727c26c84d7babb3f29c1dce18173fbf7ee77bcb,e878611a723cf240008a4206b459bc4f9fb8b478070095f6a520bff333c89b0c,sha256:abf3eb7d71047d068be47cbe7c93adf460752bd28da8394f6d604836d0f5a0b3,Omega_hat_StateLoad,278044787,=,MEASURED,,clang-18.1.8-coverage-state-load-v1,clang-18.1.8-coverage-state-load-v1,Clang 18.1.8 Linux amd64 container,clang-18.1.8-coverage-state-load-v1,3,experiments/lcb_hard_v1_cpp/measurements/program-complexity/inside-loop-state/cpp/profiles.jsonl
program-complexity-normalized-v2,lcb_hard_v1_cpp,atcoder/arc191_d,post-loop-state,cpp,9ac93c867434d13069e69e468a036213195af0c8cec5fd1d618fbfe1bbb61311,e878611a723cf240008a4206b459bc4f9fb8b478070095f6a520bff333c89b0c,sha256:38a79b7d4690cecee5628bef1194bacb74a335423293b6a5da1e2ff014507a35,Omega_CC,41,=,MEASURED,,cpp-preprocessed-control-flow-v1,cpp-preprocessed-control-flow-v1,Clang 18.1.8 Linux amd64 container,,1,experiments/lcb_hard_v1_cpp/measurements/program-complexity/post-loop-state/cpp/profiles.jsonl
program-complexity-normalized-v2,lcb_hard_v1_cpp,atcoder/arc191_d,post-loop-state,cpp,9ac93c867434d13069e69e468a036213195af0c8cec5fd1d618fbfe1bbb61311,e878611a723cf240008a4206b459bc4f9fb8b478070095f6a520bff333c89b0c,sha256:38a79b7d4690cecee5628bef1194bacb74a335423293b6a5da1e2ff014507a35,Omega_hat_NativeTrace,28575,=,MEASURED,,clang-18.1.8-coverage-state-load-v1,clang-18.1.8-coverage-state-load-v1,Clang 18.1.8 Linux amd64 container,clang-18.1.8-coverage-state-load-v1,3,experiments/lcb_hard_v1_cpp/measurements/program-complexity/post-loop-state/cpp/profiles.jsonl
program-complexity-normalized-v2,lcb_hard_v1_cpp,atcoder/arc191_d,post-loop-state,cpp,9ac93c867434d13069e69e468a036213195af0c8cec5fd1d618fbfe1bbb61311,e878611a723cf240008a4206b459bc4f9fb8b478070095f6a520bff333c89b0c,sha256:38a79b7d4690cecee5628bef1194bacb74a335423293b6a5da1e2ff014507a35,Omega_hat_StateSize,13053,=,MEASURED,,clang-18.1.8-coverage-state-load-v1,clang-18.1.8-coverage-state-load-v1,Clang 18.1.8 Linux amd64 container,clang-18.1.8-coverage-state-load-v1,3,experiments/lcb_hard_v1_cpp/measurements/program-complexity/post-loop-state/cpp/profiles.jsonl
program-complexity-normalized-v2,lcb_hard_v1_cpp,atcoder/arc191_d,post-loop-state,cpp,9ac93c867434d13069e69e468a036213195af0c8cec5fd1d618fbfe1bbb61311,e878611a723cf240008a4206b459bc4f9fb8b478070095f6a520bff333c89b0c,sha256:38a79b7d4690cecee5628bef1194bacb74a335423293b6a5da1e2ff014507a35,Omega_hat_StateLoad,310656092,=,MEASURED,,clang-18.1.8-coverage-state-load-v1,clang-18.1.8-coverage-state-load-v1,Clang 18.1.8 Linux amd64 container,clang-18.1.8-coverage-state-load-v1,3,experiments/lcb_hard_v1_cpp/measurements/program-complexity/post-loop-state/cpp/profiles.jsonl
program-complexity-normalized-v2,lcb_hard_v1_cpp,atcoder/arc192_b,short-trace-final,cpp,87bcc05fef4aa742e90992849abaa4534d861a18fb686edbe6917a96c35f5d03,6add986dad64a039ad94f6fa375668f2c495fd9265aae9a1b0392e986410365a,sha256:460cbabd72149664615177da3611c29314298b07af7a635f062346e01bfe02d3,Omega_CC,6,=,MEASURED,,cpp-preprocessed-control-flow-v1,cpp-preprocessed-control-flow-v1,Clang 18.1.8 Linux amd64 container,,1,experiments/lcb_hard_v1_cpp/measurements/program-complexity/short-trace-final/cpp/profiles.jsonl
program-complexity-normalized-v2,lcb_hard_v1_cpp,atcoder/arc192_b,short-trace-final,cpp,87bcc05fef4aa742e90992849abaa4534d861a18fb686edbe6917a96c35f5d03,6add986dad64a039ad94f6fa375668f2c495fd9265aae9a1b0392e986410365a,sha256:460cbabd72149664615177da3611c29314298b07af7a635f062346e01bfe02d3,Omega_hat_NativeTrace,16,=,MEASURED,,clang-18.1.8-coverage-state-load-v1,clang-18.1.8-coverage-state-load-v1,Clang 18.1.8 Linux amd64 container,clang-18.1.8-coverage-state-load-v1,3,experiments/lcb_hard_v1_cpp/measurements/program-complexity/short-trace-final/cpp/profiles.jsonl
program-complexity-normalized-v2,lcb_hard_v1_cpp,atcoder/arc192_b,short-trace-final,cpp,87bcc05fef4aa742e90992849abaa4534d861a18fb686edbe6917a96c35f5d03,6add986dad64a039ad94f6fa375668f2c495fd9265aae9a1b0392e986410365a,sha256:460cbabd72149664615177da3611c29314298b07af7a635f062346e01bfe02d3,Omega_hat_StateSize,9,=,MEASURED,,clang-18.1.8-coverage-state-load-v1,clang-18.1.8-coverage-state-load-v1,Clang 18.1.8 Linux amd64 container,clang-18.1.8-coverage-state-load-v1,3,experiments/lcb_hard_v1_cpp/measurements/program-complexity/short-trace-final/cpp/profiles.jsonl
program-complexity-normalized-v2,lcb_hard_v1_cpp,atcoder/arc192_b,short-trace-final,cpp,87bcc05fef4aa742e90992849abaa4534d861a18fb686edbe6917a96c35f5d03,6add986dad64a039ad94f6fa375668f2c495fd9265aae9a1b0392e986410365a,sha256:460cbabd72149664615177da3611c29314298b07af7a635f062346e01bfe02d3,Omega_hat_StateLoad,75,=,MEASURED,,clang-18.1.8-coverage-state-load-v1,clang-18.1.8-coverage-state-load-v1,Clang 18.1.8 Linux amd64 container,clang-18.1.8-coverage-state-load-v1,3,experiments/lcb_hard_v1_cpp/measurements/program-complexity/short-trace-final/cpp/profiles.jsonl
program-complexity-normalized-v2,lcb_hard_v1_cpp,atcoder/arc192_b,long-trace-final,cpp,87bcc05fef4aa742e90992849abaa4534d861a18fb686edbe6917a96c35f5d03,ad1eb247b4088a9ec032d70983dabf98b41410a043d6afe9b1a022526e6fb110,sha256:d292f0cf34a37b62a8ada026c7a6dfb2ac0d128fd38a5670403b1550832c4e3e,Omega_CC,6,=,MEASURED,,cpp-preprocessed-control-flow-v1,cpp-preprocessed-control-flow-v1,Clang 18.1.8 Linux amd64 container,,1,experiments/lcb_hard_v1_cpp/measurements/program-complexity/long-trace-final/cpp/profiles.jsonl
program-complexity-normalized-v2,lcb_hard_v1_cpp,atcoder/arc192_b,long-trace-final,cpp,87bcc05fef4aa742e90992849abaa4534d861a18fb686edbe6917a96c35f5d03,ad1eb247b4088a9ec032d70983dabf98b41410a043d6afe9b1a022526e6fb110,sha256:d292f0cf34a37b62a8ada026c7a6dfb2ac0d128fd38a5670403b1550832c4e3e,Omega_hat_NativeTrace,2011,=,MEASURED,,clang-18.1.8-coverage-state-load-v1,clang-18.1.8-coverage-state-load-v1,Clang 18.1.8 Linux amd64 container,clang-18.1.8-coverage-state-load-v1,3,experiments/lcb_hard_v1_cpp/measurements/program-complexity/long-trace-final/cpp/profiles.jsonl
program-complexity-normalized-v2,lcb_hard_v1_cpp,atcoder/arc192_b,long-trace-final,cpp,87bcc05fef4aa742e90992849abaa4534d861a18fb686edbe6917a96c35f5d03,ad1eb247b4088a9ec032d70983dabf98b41410a043d6afe9b1a022526e6fb110,sha256:d292f0cf34a37b62a8ada026c7a6dfb2ac0d128fd38a5670403b1550832c4e3e,Omega_hat_StateSize,1008,=,MEASURED,,clang-18.1.8-coverage-state-load-v1,clang-18.1.8-coverage-state-load-v1,Clang 18.1.8 Linux amd64 container,clang-18.1.8-coverage-state-load-v1,3,experiments/lcb_hard_v1_cpp/measurements/program-complexity/long-trace-final/cpp/profiles.jsonl
program-complexity-normalized-v2,lcb_hard_v1_cpp,atcoder/arc192_b,long-trace-final,cpp,87bcc05fef4aa742e90992849abaa4534d861a18fb686edbe6917a96c35f5d03,ad1eb247b4088a9ec032d70983dabf98b41410a043d6afe9b1a022526e6fb110,sha256:d292f0cf34a37b62a8ada026c7a6dfb2ac0d128fd38a5670403b1550832c4e3e,Omega_hat_StateLoad,2024049,=,MEASURED,,clang-18.1.8-coverage-state-load-v1,clang-18.1.8-coverage-state-load-v1,Clang 18.1.8 Linux amd64 container,clang-18.1.8-coverage-state-load-v1,3,experiments/lcb_hard_v1_cpp/measurements/program-complexity/long-trace-final/cpp/profiles.jsonl
program-complexity-normalized-v2,lcb_hard_v1_cpp,atcoder/arc192_b,inside-loop-state,cpp,1facf5eefba28988df5ad08e301e484cec595f8e4ecc096f91aa67ce85b7c033,ad1eb247b4088a9ec032d70983dabf98b41410a043d6afe9b1a022526e6fb110,sha256:fe75b6535cdf08ff51be161e354525f9b24228fcf9afc7b1368173a2c0a8d320,Omega_CC,20,=,MEASURED,,cpp-preprocessed-control-flow-v1,cpp-preprocessed-control-flow-v1,Clang 18.1.8 Linux amd64 container,,1,experiments/lcb_hard_v1_cpp/measurements/program-complexity/inside-loop-state/cpp/profiles.jsonl
program-complexity-normalized-v2,lcb_hard_v1_cpp,atcoder/arc192_b,inside-loop-state,cpp,1facf5eefba28988df5ad08e301e484cec595f8e4ecc096f91aa67ce85b7c033,ad1eb247b4088a9ec032d70983dabf98b41410a043d6afe9b1a022526e6fb110,sha256:fe75b6535cdf08ff51be161e354525f9b24228fcf9afc7b1368173a2c0a8d320,Omega_hat_NativeTrace,6522,=,MEASURED,,clang-18.1.8-coverage-state-load-v1,clang-18.1.8-coverage-state-load-v1,Clang 18.1.8 Linux amd64 container,clang-18.1.8-coverage-state-load-v1,3,experiments/lcb_hard_v1_cpp/measurements/program-complexity/inside-loop-state/cpp/profiles.jsonl
program-complexity-normalized-v2,lcb_hard_v1_cpp,atcoder/arc192_b,inside-loop-state,cpp,1facf5eefba28988df5ad08e301e484cec595f8e4ecc096f91aa67ce85b7c033,ad1eb247b4088a9ec032d70983dabf98b41410a043d6afe9b1a022526e6fb110,sha256:fe75b6535cdf08ff51be161e354525f9b24228fcf9afc7b1368173a2c0a8d320,Omega_hat_StateSize,1013,=,MEASURED,,clang-18.1.8-coverage-state-load-v1,clang-18.1.8-coverage-state-load-v1,Clang 18.1.8 Linux amd64 container,clang-18.1.8-coverage-state-load-v1,3,experiments/lcb_hard_v1_cpp/measurements/program-complexity/inside-loop-state/cpp/profiles.jsonl
program-complexity-normalized-v2,lcb_hard_v1_cpp,atcoder/arc192_b,inside-loop-state,cpp,1facf5eefba28988df5ad08e301e484cec595f8e4ecc096f91aa67ce85b7c033,ad1eb247b4088a9ec032d70983dabf98b41410a043d6afe9b1a022526e6fb110,sha256:fe75b6535cdf08ff51be161e354525f9b24228fcf9afc7b1368173a2c0a8d320,Omega_hat_StateLoad,9152007,=,MEASURED,,clang-18.1.8-coverage-state-load-v1,clang-18.1.8-coverage-state-load-v1,Clang 18.1.8 Linux amd64 container,clang-18.1.8-coverage-state-load-v1,3,experiments/lcb_hard_v1_cpp/measurements/program-complexity/inside-loop-state/cpp/profiles.jsonl
program-complexity-normalized-v2,lcb_hard_v1_cpp,atcoder/arc192_b,post-loop-state,cpp,dd5d96a7bd529dd6270f514dd89532dc1dba848d222cdefdd5e8e8dc38f15d9d,ad1eb247b4088a9ec032d70983dabf98b41410a043d6afe9b1a022526e6fb110,sha256:007365c4bc7924071b585c6103d439e37844b825e23bb1ca6069af9f1b2c435b,Omega_CC,20,=,MEASURED,,cpp-preprocessed-control-flow-v1,cpp-preprocessed-control-flow-v1,Clang 18.1.8 Linux amd64 container,,1,experiments/lcb_hard_v1_cpp/measurements/program-complexity/post-loop-state/cpp/profiles.jsonl
program-complexity-normalized-v2,lcb_hard_v1_cpp,atcoder/arc192_b,post-loop-state,cpp,dd5d96a7bd529dd6270f514dd89532dc1dba848d222cdefdd5e8e8dc38f15d9d,ad1eb247b4088a9ec032d70983dabf98b41410a043d6afe9b1a022526e6fb110,sha256:007365c4bc7924071b585c6103d439e37844b825e23bb1ca6069af9f1b2c435b,Omega_hat_NativeTrace,6020,=,MEASURED,,clang-18.1.8-coverage-state-load-v1,clang-18.1.8-coverage-state-load-v1,Clang 18.1.8 Linux amd64 container,clang-18.1.8-coverage-state-load-v1,3,experiments/lcb_hard_v1_cpp/measurements/program-complexity/post-loop-state/cpp/profiles.jsonl
program-complexity-normalized-v2,lcb_hard_v1_cpp,atcoder/arc192_b,post-loop-state,cpp,dd5d96a7bd529dd6270f514dd89532dc1dba848d222cdefdd5e8e8dc38f15d9d,ad1eb247b4088a9ec032d70983dabf98b41410a043d6afe9b1a022526e6fb110,sha256:007365c4bc7924071b585c6103d439e37844b825e23bb1ca6069af9f1b2c435b,Omega_hat_StateSize,1012,=,MEASURED,,clang-18.1.8-coverage-state-load-v1,clang-18.1.8-coverage-state-load-v1,Clang 18.1.8 Linux amd64 container,clang-18.1.8-coverage-state-load-v1,3,experiments/lcb_hard_v1_cpp/measurements/program-complexity/post-loop-state/cpp/profiles.jsonl
program-complexity-normalized-v2,lcb_hard_v1_cpp,atcoder/arc192_b,post-loop-state,cpp,dd5d96a7bd529dd6270f514dd89532dc1dba848d222cdefdd5e8e8dc38f15d9d,ad1eb247b4088a9ec032d70983dabf98b41410a043d6afe9b1a022526e6fb110,sha256:007365c4bc7924071b585c6103d439e37844b825e23bb1ca6069af9f1b2c435b,Omega_hat_StateLoad,10153470,=,MEASURED,,clang-18.1.8-coverage-state-load-v1,clang-18.1.8-coverage-state-load-v1,Clang 18.1.8 Linux amd64 container,clang-18.1.8-coverage-state-load-v1,3,experiments/lcb_hard_v1_cpp/measurements/program-complexity/post-loop-state/cpp/profiles.jsonl
program-complexity-normalized-v2,lcb_hard_v1_cpp,atcoder/arc192_e,short-trace-final,cpp,c54417785ac04707346a9c6ed7faf680b86f5fc816d059c50d7b071836cb119f,747692344dca2a9e1598d70c4c68fbf2c78a263b3404cb331db48484ea969217,sha256:7a0bd01aea8199aa29b7e630535aae88eda57dcdf9eca494848c314191fad7d0,Omega_CC,15,=,MEASURED,,cpp-preprocessed-control-flow-v1,cpp-preprocessed-control-flow-v1,Clang 18.1.8 Linux amd64 container,,1,experiments/lcb_hard_v1_cpp/measurements/program-complexity/short-trace-final/cpp/profiles.jsonl
program-complexity-normalized-v2,lcb_hard_v1_cpp,atcoder/arc192_e,short-trace-final,cpp,c54417785ac04707346a9c6ed7faf680b86f5fc816d059c50d7b071836cb119f,747692344dca2a9e1598d70c4c68fbf2c78a263b3404cb331db48484ea969217,sha256:7a0bd01aea8199aa29b7e630535aae88eda57dcdf9eca494848c314191fad7d0,Omega_hat_NativeTrace,14400168,=,MEASURED,,clang-18.1.8-coverage-state-load-v1,clang-18.1.8-coverage-state-load-v1,Clang 18.1.8 Linux amd64 container,clang-18.1.8-coverage-state-load-v1,3,experiments/lcb_hard_v1_cpp/measurements/program-complexity/short-trace-final/cpp/profiles.jsonl
program-complexity-normalized-v2,lcb_hard_v1_cpp,atcoder/arc192_e,short-trace-final,cpp,c54417785ac04707346a9c6ed7faf680b86f5fc816d059c50d7b071836cb119f,747692344dca2a9e1598d70c4c68fbf2c78a263b3404cb331db48484ea969217,sha256:7a0bd01aea8199aa29b7e630535aae88eda57dcdf9eca494848c314191fad7d0,Omega_hat_StateSize,17,=,MEASURED,,clang-18.1.8-coverage-state-load-v1,clang-18.1.8-coverage-state-load-v1,Clang 18.1.8 Linux amd64 container,clang-18.1.8-coverage-state-load-v1,3,experiments/lcb_hard_v1_cpp/measurements/program-complexity/short-trace-final/cpp/profiles.jsonl
program-complexity-normalized-v2,lcb_hard_v1_cpp,atcoder/arc192_e,short-trace-final,cpp,c54417785ac04707346a9c6ed7faf680b86f5fc816d059c50d7b071836cb119f,747692344dca2a9e1598d70c4c68fbf2c78a263b3404cb331db48484ea969217,sha256:7a0bd01aea8199aa29b7e630535aae88eda57dcdf9eca494848c314191fad7d0,Omega_hat_StateLoad,1736,=,MEASURED,,clang-18.1.8-coverage-state-load-v1,clang-18.1.8-coverage-state-load-v1,Clang 18.1.8 Linux amd64 container,clang-18.1.8-coverage-state-load-v1,3,experiments/lcb_hard_v1_cpp/measurements/program-complexity/short-trace-final/cpp/profiles.jsonl
program-complexity-normalized-v2,lcb_hard_v1_cpp,atcoder/arc192_e,long-trace-final,cpp,c54417785ac04707346a9c6ed7faf680b86f5fc816d059c50d7b071836cb119f,e054345c42405a9394bc1a0ac9a4b6d47c3523215114ddb83eb0226666c9811c,sha256:6765a37439e6865fe214996b20c482271b783af0567d52b6428382202fda6632,Omega_CC,15,=,MEASURED,,cpp-preprocessed-control-flow-v1,cpp-preprocessed-control-flow-v1,Clang 18.1.8 Linux amd64 container,,1,experiments/lcb_hard_v1_cpp/measurements/program-complexity/long-trace-final/cpp/profiles.jsonl
program-complexity-normalized-v2,lcb_hard_v1_cpp,atcoder/arc192_e,long-trace-final,cpp,c54417785ac04707346a9c6ed7faf680b86f5fc816d059c50d7b071836cb119f,e054345c42405a9394bc1a0ac9a4b6d47c3523215114ddb83eb0226666c9811c,sha256:6765a37439e6865fe214996b20c482271b783af0567d52b6428382202fda6632,Omega_hat_NativeTrace,14468168,=,MEASURED,,clang-18.1.8-coverage-state-load-v1,clang-18.1.8-coverage-state-load-v1,Clang 18.1.8 Linux amd64 container,clang-18.1.8-coverage-state-load-v1,3,experiments/lcb_hard_v1_cpp/measurements/program-complexity/long-trace-final/cpp/profiles.jsonl
program-complexity-normalized-v2,lcb_hard_v1_cpp,atcoder/arc192_e,long-trace-final,cpp,c54417785ac04707346a9c6ed7faf680b86f5fc816d059c50d7b071836cb119f,e054345c42405a9394bc1a0ac9a4b6d47c3523215114ddb83eb0226666c9811c,sha256:6765a37439e6865fe214996b20c482271b783af0567d52b6428382202fda6632,Omega_hat_StateSize,17,=,MEASURED,,clang-18.1.8-coverage-state-load-v1,clang-18.1.8-coverage-state-load-v1,Clang 18.1.8 Linux amd64 container,clang-18.1.8-coverage-state-load-v1,3,experiments/lcb_hard_v1_cpp/measurements/program-complexity/long-trace-final/cpp/profiles.jsonl
program-complexity-normalized-v2,lcb_hard_v1_cpp,atcoder/arc192_e,long-trace-final,cpp,c54417785ac04707346a9c6ed7faf680b86f5fc816d059c50d7b071836cb119f,e054345c42405a9394bc1a0ac9a4b6d47c3523215114ddb83eb0226666c9811c,sha256:6765a37439e6865fe214996b20c482271b783af0567d52b6428382202fda6632,Omega_hat_StateLoad,713736,=,MEASURED,,clang-18.1.8-coverage-state-load-v1,clang-18.1.8-coverage-state-load-v1,Clang 18.1.8 Linux amd64 container,clang-18.1.8-coverage-state-load-v1,3,experiments/lcb_hard_v1_cpp/measurements/program-complexity/long-trace-final/cpp/profiles.jsonl
program-complexity-normalized-v2,lcb_hard_v1_cpp,atcoder/arc192_e,inside-loop-state,cpp,28383751660d2b764e8087012616de16a1a0b1f32843fd0ffa5e89aba224cbee,e054345c42405a9394bc1a0ac9a4b6d47c3523215114ddb83eb0226666c9811c,sha256:78869729497eb73165e8c0b5a1a9ee10f2bdad5cb1fd6489a391c6c420a9e431,Omega_CC,29,=,MEASURED,,cpp-preprocessed-control-flow-v1,cpp-preprocessed-control-flow-v1,Clang 18.1.8 Linux amd64 container,,1,experiments/lcb_hard_v1_cpp/measurements/program-complexity/inside-loop-state/cpp/profiles.jsonl
program-complexity-normalized-v2,lcb_hard_v1_cpp,atcoder/arc192_e,inside-loop-state,cpp,28383751660d2b764e8087012616de16a1a0b1f32843fd0ffa5e89aba224cbee,e054345c42405a9394bc1a0ac9a4b6d47c3523215114ddb83eb0226666c9811c,sha256:78869729497eb73165e8c0b5a1a9ee10f2bdad5cb1fd6489a391c6c420a9e431,Omega_hat_NativeTrace,14460664,=,MEASURED,,clang-18.1.8-coverage-state-load-v1,clang-18.1.8-coverage-state-load-v1,Clang 18.1.8 Linux amd64 container,clang-18.1.8-coverage-state-load-v1,3,experiments/lcb_hard_v1_cpp/measurements/program-complexity/inside-loop-state/cpp/profiles.jsonl
program-complexity-normalized-v2,lcb_hard_v1_cpp,atcoder/arc192_e,inside-loop-state,cpp,28383751660d2b764e8087012616de16a1a0b1f32843fd0ffa5e89aba224cbee,e054345c42405a9394bc1a0ac9a4b6d47c3523215114ddb83eb0226666c9811c,sha256:78869729497eb73165e8c0b5a1a9ee10f2bdad5cb1fd6489a391c6c420a9e431,Omega_hat_StateSize,18,=,MEASURED,,clang-18.1.8-coverage-state-load-v1,clang-18.1.8-coverage-state-load-v1,Clang 18.1.8 Linux amd64 container,clang-18.1.8-coverage-state-load-v1,3,experiments/lcb_hard_v1_cpp/measurements/program-complexity/inside-loop-state/cpp/profiles.jsonl
program-complexity-normalized-v2,lcb_hard_v1_cpp,atcoder/arc192_e,inside-loop-state,cpp,28383751660d2b764e8087012616de16a1a0b1f32843fd0ffa5e89aba224cbee,e054345c42405a9394bc1a0ac9a4b6d47c3523215114ddb83eb0226666c9811c,sha256:78869729497eb73165e8c0b5a1a9ee10f2bdad5cb1fd6489a391c6c420a9e431,Omega_hat_StateLoad,667318,=,MEASURED,,clang-18.1.8-coverage-state-load-v1,clang-18.1.8-coverage-state-load-v1,Clang 18.1.8 Linux amd64 container,clang-18.1.8-coverage-state-load-v1,3,experiments/lcb_hard_v1_cpp/measurements/program-complexity/inside-loop-state/cpp/profiles.jsonl
program-complexity-normalized-v2,lcb_hard_v1_cpp,atcoder/arc192_e,post-loop-state,cpp,cf0062ae4d65e27c48ec8807069d78d1fc5dcf1b933a89b56b156d242a47d864,e054345c42405a9394bc1a0ac9a4b6d47c3523215114ddb83eb0226666c9811c,sha256:247e87d341fb6a0f9a991a344be194c427a6789066a2dcd8eaa7b9f92eaf0fa2,Omega_CC,29,=,MEASURED,,cpp-preprocessed-control-flow-v1,cpp-preprocessed-control-flow-v1,Clang 18.1.8 Linux amd64 container,,1,experiments/lcb_hard_v1_cpp/measurements/program-complexity/post-loop-state/cpp/profiles.jsonl
program-complexity-normalized-v2,lcb_hard_v1_cpp,atcoder/arc192_e,post-loop-state,cpp,cf0062ae4d65e27c48ec8807069d78d1fc5dcf1b933a89b56b156d242a47d864,e054345c42405a9394bc1a0ac9a4b6d47c3523215114ddb83eb0226666c9811c,sha256:247e87d341fb6a0f9a991a344be194c427a6789066a2dcd8eaa7b9f92eaf0fa2,Omega_hat_NativeTrace,14468178,=,MEASURED,,clang-18.1.8-coverage-state-load-v1,clang-18.1.8-coverage-state-load-v1,Clang 18.1.8 Linux amd64 container,clang-18.1.8-coverage-state-load-v1,3,experiments/lcb_hard_v1_cpp/measurements/program-complexity/post-loop-state/cpp/profiles.jsonl
program-complexity-normalized-v2,lcb_hard_v1_cpp,atcoder/arc192_e,post-loop-state,cpp,cf0062ae4d65e27c48ec8807069d78d1fc5dcf1b933a89b56b156d242a47d864,e054345c42405a9394bc1a0ac9a4b6d47c3523215114ddb83eb0226666c9811c,sha256:247e87d341fb6a0f9a991a344be194c427a6789066a2dcd8eaa7b9f92eaf0fa2,Omega_hat_StateSize,18,=,MEASURED,,clang-18.1.8-coverage-state-load-v1,clang-18.1.8-coverage-state-load-v1,Clang 18.1.8 Linux amd64 container,clang-18.1.8-coverage-state-load-v1,3,experiments/lcb_hard_v1_cpp/measurements/program-complexity/post-loop-state/cpp/profiles.jsonl
program-complexity-normalized-v2,lcb_hard_v1_cpp,atcoder/arc192_e,post-loop-state,cpp,cf0062ae4d65e27c48ec8807069d78d1fc5dcf1b933a89b56b156d242a47d864,e054345c42405a9394bc1a0ac9a4b6d47c3523215114ddb83eb0226666c9811c,sha256:247e87d341fb6a0f9a991a344be194c427a6789066a2dcd8eaa7b9f92eaf0fa2,Omega_hat_StateLoad,762508,=,MEASURED,,clang-18.1.8-coverage-state-load-v1,clang-18.1.8-coverage-state-load-v1,Clang 18.1.8 Linux amd64 container,clang-18.1.8-coverage-state-load-v1,3,experiments/lcb_hard_v1_cpp/measurements/program-complexity/post-loop-state/cpp/profiles.jsonl
program-complexity-normalized-v2,lcb_hard_v1_cpp,atcoder/arc193_b,short-trace-final,cpp,a2527e29e335ae86f297a38b883099e65ad2af33b77a5c3c5b525a2a67db26eb,a917a3fd38c4f26e45dd94406bec0103d8516922f999054cd4d694a30ce4a865,sha256:b3a699b28c0d1cc89b18932ca5aeeb4b3bc004d115d80e392981d14f74a281ad,Omega_CC,29,=,MEASURED,,cpp-preprocessed-control-flow-v1,cpp-preprocessed-control-flow-v1,Clang 18.1.8 Linux amd64 container,,1,experiments/lcb_hard_v1_cpp/measurements/program-complexity/short-trace-final/cpp/profiles.jsonl
program-complexity-normalized-v2,lcb_hard_v1_cpp,atcoder/arc193_b,short-trace-final,cpp,a2527e29e335ae86f297a38b883099e65ad2af33b77a5c3c5b525a2a67db26eb,a917a3fd38c4f26e45dd94406bec0103d8516922f999054cd4d694a30ce4a865,sha256:b3a699b28c0d1cc89b18932ca5aeeb4b3bc004d115d80e392981d14f74a281ad,Omega_hat_NativeTrace,1181,=,MEASURED,,clang-18.1.8-coverage-state-load-v1,clang-18.1.8-coverage-state-load-v1,Clang 18.1.8 Linux amd64 container,clang-18.1.8-coverage-state-load-v1,3,experiments/lcb_hard_v1_cpp/measurements/program-complexity/short-trace-final/cpp/profiles.jsonl
program-complexity-normalized-v2,lcb_hard_v1_cpp,atcoder/arc193_b,short-trace-final,cpp,a2527e29e335ae86f297a38b883099e65ad2af33b77a5c3c5b525a2a67db26eb,a917a3fd38c4f26e45dd94406bec0103d8516922f999054cd4d694a30ce4a865,sha256:b3a699b28c0d1cc89b18932ca5aeeb4b3bc004d115d80e392981d14f74a281ad,Omega_hat_StateSize,18000204,=,MEASURED,,clang-18.1.8-coverage-state-load-v1,clang-18.1.8-coverage-state-load-v1,Clang 18.1.8 Linux amd64 container,clang-18.1.8-coverage-state-load-v1,3,experiments/lcb_hard_v1_cpp/measurements/program-complexity/short-trace-final/cpp/profiles.jsonl
program-complexity-normalized-v2,lcb_hard_v1_cpp,atcoder/arc193_b,short-trace-final,cpp,a2527e29e335ae86f297a38b883099e65ad2af33b77a5c3c5b525a2a67db26eb,a917a3fd38c4f26e45dd94406bec0103d8516922f999054cd4d694a30ce4a865,sha256:b3a699b28c0d1cc89b18932ca5aeeb4b3bc004d115d80e392981d14f74a281ad,Omega_hat_StateLoad,8154091518,=,MEASURED,,clang-18.1.8-coverage-state-load-v1,clang-18.1.8-coverage-state-load-v1,Clang 18.1.8 Linux amd64 container,clang-18.1.8-coverage-state-load-v1,3,experiments/lcb_hard_v1_cpp/measurements/program-complexity/short-trace-final/cpp/profiles.jsonl
program-complexity-normalized-v2,lcb_hard_v1_cpp,atcoder/arc193_b,long-trace-final,cpp,a2527e29e335ae86f297a38b883099e65ad2af33b77a5c3c5b525a2a67db26eb,4ee33bcf017f8c8caf06ccba63f27e0f3e9bc66b00582e50b751343621202b0e,sha256:287a047a92aefe08f7345e9f9a66c813d1df2d04d75e11441fe12a665bfeb9fa,Omega_CC,29,=,MEASURED,,cpp-preprocessed-control-flow-v1,cpp-preprocessed-control-flow-v1,Clang 18.1.8 Linux amd64 container,,1,experiments/lcb_hard_v1_cpp/measurements/program-complexity/long-trace-final/cpp/profiles.jsonl
program-complexity-normalized-v2,lcb_hard_v1_cpp,atcoder/arc193_b,long-trace-final,cpp,a2527e29e335ae86f297a38b883099e65ad2af33b77a5c3c5b525a2a67db26eb,4ee33bcf017f8c8caf06ccba63f27e0f3e9bc66b00582e50b751343621202b0e,sha256:287a047a92aefe08f7345e9f9a66c813d1df2d04d75e11441fe12a665bfeb9fa,Omega_hat_NativeTrace,390761,=,MEASURED,,clang-18.1.8-coverage-state-load-v1,clang-18.1.8-coverage-state-load-v1,Clang 18.1.8 Linux amd64 container,clang-18.1.8-coverage-state-load-v1,3,experiments/lcb_hard_v1_cpp/measurements/program-complexity/long-trace-final/cpp/profiles.jsonl
program-complexity-normalized-v2,lcb_hard_v1_cpp,atcoder/arc193_b,long-trace-final,cpp,a2527e29e335ae86f297a38b883099e65ad2af33b77a5c3c5b525a2a67db26eb,4ee33bcf017f8c8caf06ccba63f27e0f3e9bc66b00582e50b751343621202b0e,sha256:287a047a92aefe08f7345e9f9a66c813d1df2d04d75e11441fe12a665bfeb9fa,Omega_hat_StateSize,18000204,=,MEASURED,,clang-18.1.8-coverage-state-load-v1,clang-18.1.8-coverage-state-load-v1,Clang 18.1.8 Linux amd64 container,clang-18.1.8-coverage-state-load-v1,3,experiments/lcb_hard_v1_cpp/measurements/program-complexity/long-trace-final/cpp/profiles.jsonl
program-complexity-normalized-v2,lcb_hard_v1_cpp,atcoder/arc193_b,long-trace-final,cpp,a2527e29e335ae86f297a38b883099e65ad2af33b77a5c3c5b525a2a67db26eb,4ee33bcf017f8c8caf06ccba63f27e0f3e9bc66b00582e50b751343621202b0e,sha256:287a047a92aefe08f7345e9f9a66c813d1df2d04d75e11441fe12a665bfeb9fa,Omega_hat_StateLoad,3278754819429,=,MEASURED,,clang-18.1.8-coverage-state-load-v1,clang-18.1.8-coverage-state-load-v1,Clang 18.1.8 Linux amd64 container,clang-18.1.8-coverage-state-load-v1,3,experiments/lcb_hard_v1_cpp/measurements/program-complexity/long-trace-final/cpp/profiles.jsonl
program-complexity-normalized-v2,lcb_hard_v1_cpp,atcoder/arc193_b,inside-loop-state,cpp,012673ad54ecf33bf9e6e98f68a72d4b82401286f260f175e43b562fa98b858a,4ee33bcf017f8c8caf06ccba63f27e0f3e9bc66b00582e50b751343621202b0e,sha256:a73c7e5a1a978ed80e92111b273069c83ff659f2ae8ab1c00b15470a60dcf64c,Omega_CC,43,=,MEASURED,,cpp-preprocessed-control-flow-v1,cpp-preprocessed-control-flow-v1,Clang 18.1.8 Linux amd64 container,,1,experiments/lcb_hard_v1_cpp/measurements/program-complexity/inside-loop-state/cpp/profiles.jsonl
program-complexity-normalized-v2,lcb_hard_v1_cpp,atcoder/arc193_b,inside-loop-state,cpp,012673ad54ecf33bf9e6e98f68a72d4b82401286f260f175e43b562fa98b858a,4ee33bcf017f8c8caf06ccba63f27e0f3e9bc66b00582e50b751343621202b0e,sha256:a73c7e5a1a978ed80e92111b273069c83ff659f2ae8ab1c00b15470a60dcf64c,Omega_hat_NativeTrace,10728,=,MEASURED,,clang-18.1.8-coverage-state-load-v1,clang-18.1.8-coverage-state-load-v1,Clang 18.1.8 Linux amd64 container,clang-18.1.8-coverage-state-load-v1,3,experiments/lcb_hard_v1_cpp/measurements/program-complexity/inside-loop-state/cpp/profiles.jsonl
program-complexity-normalized-v2,lcb_hard_v1_cpp,atcoder/arc193_b,inside-loop-state,cpp,012673ad54ecf33bf9e6e98f68a72d4b82401286f260f175e43b562fa98b858a,4ee33bcf017f8c8caf06ccba63f27e0f3e9bc66b00582e50b751343621202b0e,sha256:a73c7e5a1a978ed80e92111b273069c83ff659f2ae8ab1c00b15470a60dcf64c,Omega_hat_StateSize,18000206,=,MEASURED,,clang-18.1.8-coverage-state-load-v1,clang-18.1.8-coverage-state-load-v1,Clang 18.1.8 Linux amd64 container,clang-18.1.8-coverage-state-load-v1,3,experiments/lcb_hard_v1_cpp/measurements/program-complexity/inside-loop-state/cpp/profiles.jsonl
program-complexity-normalized-v2,lcb_hard_v1_cpp,atcoder/arc193_b,inside-loop-state,cpp,012673ad54ecf33bf9e6e98f68a72d4b82401286f260f175e43b562fa98b858a,4ee33bcf017f8c8caf06ccba63f27e0f3e9bc66b00582e50b751343621202b0e,sha256:a73c7e5a1a978ed80e92111b273069c83ff659f2ae8ab1c00b15470a60dcf64c,Omega_hat_StateLoad,55458625893,=,MEASURED,,clang-18.1.8-coverage-state-load-v1,clang-18.1.8-coverage-state-load-v1,Clang 18.1.8 Linux amd64 container,clang-18.1.8-coverage-state-load-v1,3,experiments/lcb_hard_v1_cpp/measurements/program-complexity/inside-loop-state/cpp/profiles.jsonl
program-complexity-normalized-v2,lcb_hard_v1_cpp,atcoder/arc193_b,post-loop-state,cpp,0740dfa8770938f4b8026f41dac585b4f8fcddcc78f3d3843566b568c41d39f6,4ee33bcf017f8c8caf06ccba63f27e0f3e9bc66b00582e50b751343621202b0e,sha256:438db82317198a7940a01af913086cc6692dcab36496f5eb5708c5379462b047,Omega_CC,43,=,MEASURED,,cpp-preprocessed-control-flow-v1,cpp-preprocessed-control-flow-v1,Clang 18.1.8 Linux amd64 container,,1,experiments/lcb_hard_v1_cpp/measurements/program-complexity/post-loop-state/cpp/profiles.jsonl
program-complexity-normalized-v2,lcb_hard_v1_cpp,atcoder/arc193_b,post-loop-state,cpp,0740dfa8770938f4b8026f41dac585b4f8fcddcc78f3d3843566b568c41d39f6,4ee33bcf017f8c8caf06ccba63f27e0f3e9bc66b00582e50b751343621202b0e,sha256:438db82317198a7940a01af913086cc6692dcab36496f5eb5708c5379462b047,Omega_hat_NativeTrace,16864,=,MEASURED,,clang-18.1.8-coverage-state-load-v1,clang-18.1.8-coverage-state-load-v1,Clang 18.1.8 Linux amd64 container,clang-18.1.8-coverage-state-load-v1,3,experiments/lcb_hard_v1_cpp/measurements/program-complexity/post-loop-state/cpp/profiles.jsonl
program-complexity-normalized-v2,lcb_hard_v1_cpp,atcoder/arc193_b,post-loop-state,cpp,0740dfa8770938f4b8026f41dac585b4f8fcddcc78f3d3843566b568c41d39f6,4ee33bcf017f8c8caf06ccba63f27e0f3e9bc66b00582e50b751343621202b0e,sha256:438db82317198a7940a01af913086cc6692dcab36496f5eb5708c5379462b047,Omega_hat_StateSize,18000205,=,MEASURED,,clang-18.1.8-coverage-state-load-v1,clang-18.1.8-coverage-state-load-v1,Clang 18.1.8 Linux amd64 container,clang-18.1.8-coverage-state-load-v1,3,experiments/lcb_hard_v1_cpp/measurements/program-complexity/post-loop-state/cpp/profiles.jsonl
program-complexity-normalized-v2,lcb_hard_v1_cpp,atcoder/arc193_b,post-loop-state,cpp,0740dfa8770938f4b8026f41dac585b4f8fcddcc78f3d3843566b568c41d39f6,4ee33bcf017f8c8caf06ccba63f27e0f3e9bc66b00582e50b751343621202b0e,sha256:438db82317198a7940a01af913086cc6692dcab36496f5eb5708c5379462b047,Omega_hat_StateLoad,109873239964,=,MEASURED,,clang-18.1.8-coverage-state-load-v1,clang-18.1.8-coverage-state-load-v1,Clang 18.1.8 Linux amd64 container,clang-18.1.8-coverage-state-load-v1,3,experiments/lcb_hard_v1_cpp/measurements/program-complexity/post-loop-state/cpp/profiles.jsonl
program-complexity-normalized-v2,lcb_hard_v1_cpp,atcoder/arc194_c,short-trace-final,cpp,4565a85f56be8b3b89cabe6f92d3a236433a473ab707e81f6ab9ab9dd90fa69b,55d42e20e8bd2d37a35110126a777b2c32ed4d76dff45eaea1511e3173661839,sha256:32c35c069860cad695fe7095df6abf77ff888669b93a597dbf23dab8a20f3aff,Omega_CC,15,=,MEASURED,,cpp-preprocessed-control-flow-v1,cpp-preprocessed-control-flow-v1,Clang 18.1.8 Linux amd64 container,,1,experiments/lcb_hard_v1_cpp/measurements/program-complexity/short-trace-final/cpp/profiles.jsonl
program-complexity-normalized-v2,lcb_hard_v1_cpp,atcoder/arc194_c,short-trace-final,cpp,4565a85f56be8b3b89cabe6f92d3a236433a473ab707e81f6ab9ab9dd90fa69b,55d42e20e8bd2d37a35110126a777b2c32ed4d76dff45eaea1511e3173661839,sha256:32c35c069860cad695fe7095df6abf77ff888669b93a597dbf23dab8a20f3aff,Omega_hat_NativeTrace,135,=,MEASURED,,clang-18.1.8-coverage-state-load-v1,clang-18.1.8-coverage-state-load-v1,Clang 18.1.8 Linux amd64 container,clang-18.1.8-coverage-state-load-v1,3,experiments/lcb_hard_v1_cpp/measurements/program-complexity/short-trace-final/cpp/profiles.jsonl
program-complexity-normalized-v2,lcb_hard_v1_cpp,atcoder/arc194_c,short-trace-final,cpp,4565a85f56be8b3b89cabe6f92d3a236433a473ab707e81f6ab9ab9dd90fa69b,55d42e20e8bd2d37a35110126a777b2c32ed4d76dff45eaea1511e3173661839,sha256:32c35c069860cad695fe7095df6abf77ff888669b93a597dbf23dab8a20f3aff,Omega_hat_StateSize,39,=,MEASURED,,clang-18.1.8-coverage-state-load-v1,clang-18.1.8-coverage-state-load-v1,Clang 18.1.8 Linux amd64 container,clang-18.1.8-coverage-state-load-v1,3,experiments/lcb_hard_v1_cpp/measurements/program-complexity/short-trace-final/cpp/profiles.jsonl
program-complexity-normalized-v2,lcb_hard_v1_cpp,atcoder/arc194_c,short-trace-final,cpp,4565a85f56be8b3b89cabe6f92d3a236433a473ab707e81f6ab9ab9dd90fa69b,55d42e20e8bd2d37a35110126a777b2c32ed4d76dff45eaea1511e3173661839,sha256:32c35c069860cad695fe7095df6abf77ff888669b93a597dbf23dab8a20f3aff,Omega_hat_StateLoad,2078,=,MEASURED,,clang-18.1.8-coverage-state-load-v1,clang-18.1.8-coverage-state-load-v1,Clang 18.1.8 Linux amd64 container,clang-18.1.8-coverage-state-load-v1,3,experiments/lcb_hard_v1_cpp/measurements/program-complexity/short-trace-final/cpp/profiles.jsonl
program-complexity-normalized-v2,lcb_hard_v1_cpp,atcoder/arc194_c,long-trace-final,cpp,4565a85f56be8b3b89cabe6f92d3a236433a473ab707e81f6ab9ab9dd90fa69b,a43317563e841a002ed8891132603aa4c3f955ba74f3f4de9995632670a980f5,sha256:0b94015c25192bdcba3b07bff40cbcdaa3e5a6575f6f95ff5907bc10a5009562,Omega_CC,15,=,MEASURED,,cpp-preprocessed-control-flow-v1,cpp-preprocessed-control-flow-v1,Clang 18.1.8 Linux amd64 container,,1,experiments/lcb_hard_v1_cpp/measurements/program-complexity/long-trace-final/cpp/profiles.jsonl
program-complexity-normalized-v2,lcb_hard_v1_cpp,atcoder/arc194_c,long-trace-final,cpp,4565a85f56be8b3b89cabe6f92d3a236433a473ab707e81f6ab9ab9dd90fa69b,a43317563e841a002ed8891132603aa4c3f955ba74f3f4de9995632670a980f5,sha256:0b94015c25192bdcba3b07bff40cbcdaa3e5a6575f6f95ff5907bc10a5009562,Omega_hat_NativeTrace,34726,=,MEASURED,,clang-18.1.8-coverage-state-load-v1,clang-18.1.8-coverage-state-load-v1,Clang 18.1.8 Linux amd64 container,clang-18.1.8-coverage-state-load-v1,3,experiments/lcb_hard_v1_cpp/measurements/program-complexity/long-trace-final/cpp/profiles.jsonl
program-complexity-normalized-v2,lcb_hard_v1_cpp,atcoder/arc194_c,long-trace-final,cpp,4565a85f56be8b3b89cabe6f92d3a236433a473ab707e81f6ab9ab9dd90fa69b,a43317563e841a002ed8891132603aa4c3f955ba74f3f4de9995632670a980f5,sha256:0b94015c25192bdcba3b07bff40cbcdaa3e5a6575f6f95ff5907bc10a5009562,Omega_hat_StateSize,6025,=,MEASURED,,clang-18.1.8-coverage-state-load-v1,clang-18.1.8-coverage-state-load-v1,Clang 18.1.8 Linux amd64 container,clang-18.1.8-coverage-state-load-v1,3,experiments/lcb_hard_v1_cpp/measurements/program-complexity/long-trace-final/cpp/profiles.jsonl
program-complexity-normalized-v2,lcb_hard_v1_cpp,atcoder/arc194_c,long-trace-final,cpp,4565a85f56be8b3b89cabe6f92d3a236433a473ab707e81f6ab9ab9dd90fa69b,a43317563e841a002ed8891132603aa4c3f955ba74f3f4de9995632670a980f5,sha256:0b94015c25192bdcba3b07bff40cbcdaa3e5a6575f6f95ff5907bc10a5009562,Omega_hat_StateLoad,175279306,=,MEASURED,,clang-18.1.8-coverage-state-load-v1,clang-18.1.8-coverage-state-load-v1,Clang 18.1.8 Linux amd64 container,clang-18.1.8-coverage-state-load-v1,3,experiments/lcb_hard_v1_cpp/measurements/program-complexity/long-trace-final/cpp/profiles.jsonl
program-complexity-normalized-v2,lcb_hard_v1_cpp,atcoder/arc194_c,inside-loop-state,cpp,f19a0f6e5c4f21d7134e54a0f8a201c450bcb8fcf9afdcd7ef3dd891e9f44a12,a43317563e841a002ed8891132603aa4c3f955ba74f3f4de9995632670a980f5,sha256:9dd34b829f3faf91f09c732721fdb518189aa3dc322c9e589c54c47d58486179,Omega_CC,29,=,MEASURED,,cpp-preprocessed-control-flow-v1,cpp-preprocessed-control-flow-v1,Clang 18.1.8 Linux amd64 container,,1,experiments/lcb_hard_v1_cpp/measurements/program-complexity/inside-loop-state/cpp/profiles.jsonl
program-complexity-normalized-v2,lcb_hard_v1_cpp,atcoder/arc194_c,inside-loop-state,cpp,f19a0f6e5c4f21d7134e54a0f8a201c450bcb8fcf9afdcd7ef3dd891e9f44a12,a43317563e841a002ed8891132603aa4c3f955ba74f3f4de9995632670a980f5,sha256:9dd34b829f3faf91f09c732721fdb518189aa3dc322c9e589c54c47d58486179,Omega_hat_NativeTrace,15540,=,MEASURED,,clang-18.1.8-coverage-state-load-v1,clang-18.1.8-coverage-state-load-v1,Clang 18.1.8 Linux amd64 container,clang-18.1.8-coverage-state-load-v1,3,experiments/lcb_hard_v1_cpp/measurements/program-complexity/inside-loop-state/cpp/profiles.jsonl
program-complexity-normalized-v2,lcb_hard_v1_cpp,atcoder/arc194_c,inside-loop-state,cpp,f19a0f6e5c4f21d7134e54a0f8a201c450bcb8fcf9afdcd7ef3dd891e9f44a12,a43317563e841a002ed8891132603aa4c3f955ba74f3f4de9995632670a980f5,sha256:9dd34b829f3faf91f09c732721fdb518189aa3dc322c9e589c54c47d58486179,Omega_hat_StateSize,3014,=,MEASURED,,clang-18.1.8-coverage-state-load-v1,clang-18.1.8-coverage-state-load-v1,Clang 18.1.8 Linux amd64 container,clang-18.1.8-coverage-state-load-v1,3,experiments/lcb_hard_v1_cpp/measurements/program-complexity/inside-loop-state/cpp/profiles.jsonl
program-complexity-normalized-v2,lcb_hard_v1_cpp,atcoder/arc194_c,inside-loop-state,cpp,f19a0f6e5c4f21d7134e54a0f8a201c450bcb8fcf9afdcd7ef3dd891e9f44a12,a43317563e841a002ed8891132603aa4c3f955ba74f3f4de9995632670a980f5,sha256:9dd34b829f3faf91f09c732721fdb518189aa3dc322c9e589c54c47d58486179,Omega_hat_StateLoad,75599098,=,MEASURED,,clang-18.1.8-coverage-state-load-v1,clang-18.1.8-coverage-state-load-v1,Clang 18.1.8 Linux amd64 container,clang-18.1.8-coverage-state-load-v1,3,experiments/lcb_hard_v1_cpp/measurements/program-complexity/inside-loop-state/cpp/profiles.jsonl
program-complexity-normalized-v2,lcb_hard_v1_cpp,atcoder/arc194_c,post-loop-state,cpp,d8ce21d7cab917b39d64ea5e0cd03cea905d5bcf0864292d0997cab5a90da7c5,a43317563e841a002ed8891132603aa4c3f955ba74f3f4de9995632670a980f5,sha256:bf324fa91913287fd836213570c4663254a64bd189a36e9a93b7e81b6d0ee9fb,Omega_CC,29,=,MEASURED,,cpp-preprocessed-control-flow-v1,cpp-preprocessed-control-flow-v1,Clang 18.1.8 Linux amd64 container,,1,experiments/lcb_hard_v1_cpp/measurements/program-complexity/post-loop-state/cpp/profiles.jsonl
program-complexity-normalized-v2,lcb_hard_v1_cpp,atcoder/arc194_c,post-loop-state,cpp,d8ce21d7cab917b39d64ea5e0cd03cea905d5bcf0864292d0997cab5a90da7c5,a43317563e841a002ed8891132603aa4c3f955ba74f3f4de9995632670a980f5,sha256:bf324fa91913287fd836213570c4663254a64bd189a36e9a93b7e81b6d0ee9fb,Omega_hat_NativeTrace,15038,=,MEASURED,,clang-18.1.8-coverage-state-load-v1,clang-18.1.8-coverage-state-load-v1,Clang 18.1.8 Linux amd64 container,clang-18.1.8-coverage-state-load-v1,3,experiments/lcb_hard_v1_cpp/measurements/program-complexity/post-loop-state/cpp/profiles.jsonl
program-complexity-normalized-v2,lcb_hard_v1_cpp,atcoder/arc194_c,post-loop-state,cpp,d8ce21d7cab917b39d64ea5e0cd03cea905d5bcf0864292d0997cab5a90da7c5,a43317563e841a002ed8891132603aa4c3f955ba74f3f4de9995632670a980f5,sha256:bf324fa91913287fd836213570c4663254a64bd189a36e9a93b7e81b6d0ee9fb,Omega_hat_StateSize,3014,=,MEASURED,,clang-18.1.8-coverage-state-load-v1,clang-18.1.8-coverage-state-load-v1,Clang 18.1.8 Linux amd64 container,clang-18.1.8-coverage-state-load-v1,3,experiments/lcb_hard_v1_cpp/measurements/program-complexity/post-loop-state/cpp/profiles.jsonl
program-complexity-normalized-v2,lcb_hard_v1_cpp,atcoder/arc194_c,post-loop-state,cpp,d8ce21d7cab917b39d64ea5e0cd03cea905d5bcf0864292d0997cab5a90da7c5,a43317563e841a002ed8891132603aa4c3f955ba74f3f4de9995632670a980f5,sha256:bf324fa91913287fd836213570c4663254a64bd189a36e9a93b7e81b6d0ee9fb,Omega_hat_StateLoad,78612108,=,MEASURED,,clang-18.1.8-coverage-state-load-v1,clang-18.1.8-coverage-state-load-v1,Clang 18.1.8 Linux amd64 container,clang-18.1.8-coverage-state-load-v1,3,experiments/lcb_hard_v1_cpp/measurements/program-complexity/post-loop-state/cpp/profiles.jsonl
program-complexity-normalized-v2,lcb_hard_v1_cpp,atcoder/arc195_d,short-trace-final,cpp,aa08868f903c10e97be8a478364f025fdd1e1e979c1f72c887e9b43b394b1ef4,40cc1d3eac180b5d664470886fb832dbea5d6c444f0a1686c9c24dfe2b77626d,sha256:d6f129bc1ecc11080c87d024166895bf1149daa67207ab75b2e6422180b1a820,Omega_CC,7,=,MEASURED,,cpp-preprocessed-control-flow-v1,cpp-preprocessed-control-flow-v1,Clang 18.1.8 Linux amd64 container,,1,experiments/lcb_hard_v1_cpp/measurements/program-complexity/short-trace-final/cpp/profiles.jsonl
program-complexity-normalized-v2,lcb_hard_v1_cpp,atcoder/arc195_d,short-trace-final,cpp,aa08868f903c10e97be8a478364f025fdd1e1e979c1f72c887e9b43b394b1ef4,40cc1d3eac180b5d664470886fb832dbea5d6c444f0a1686c9c24dfe2b77626d,sha256:d6f129bc1ecc11080c87d024166895bf1149daa67207ab75b2e6422180b1a820,Omega_hat_NativeTrace,245,=,MEASURED,,clang-18.1.8-coverage-state-load-v1,clang-18.1.8-coverage-state-load-v1,Clang 18.1.8 Linux amd64 container,clang-18.1.8-coverage-state-load-v1,3,experiments/lcb_hard_v1_cpp/measurements/program-complexity/short-trace-final/cpp/profiles.jsonl
program-complexity-normalized-v2,lcb_hard_v1_cpp,atcoder/arc195_d,short-trace-final,cpp,aa08868f903c10e97be8a478364f025fdd1e1e979c1f72c887e9b43b394b1ef4,40cc1d3eac180b5d664470886fb832dbea5d6c444f0a1686c9c24dfe2b77626d,sha256:d6f129bc1ecc11080c87d024166895bf1149daa67207ab75b2e6422180b1a820,Omega_hat_StateSize,800041,=,MEASURED,,clang-18.1.8-coverage-state-load-v1,clang-18.1.8-coverage-state-load-v1,Clang 18.1.8 Linux amd64 container,clang-18.1.8-coverage-state-load-v1,3,experiments/lcb_hard_v1_cpp/measurements/program-complexity/short-trace-final/cpp/profiles.jsonl
program-complexity-normalized-v2,lcb_hard_v1_cpp,atcoder/arc195_d,short-trace-final,cpp,aa08868f903c10e97be8a478364f025fdd1e1e979c1f72c887e9b43b394b1ef4,40cc1d3eac180b5d664470886fb832dbea5d6c444f0a1686c9c24dfe2b77626d,sha256:d6f129bc1ecc11080c87d024166895bf1149daa67207ab75b2e6422180b1a820,Omega_hat_StateLoad,32801662,=,MEASURED,,clang-18.1.8-coverage-state-load-v1,clang-18.1.8-coverage-state-load-v1,Clang 18.1.8 Linux amd64 container,clang-18.1.8-coverage-state-load-v1,3,experiments/lcb_hard_v1_cpp/measurements/program-complexity/short-trace-final/cpp/profiles.jsonl
program-complexity-normalized-v2,lcb_hard_v1_cpp,atcoder/arc195_d,long-trace-final,cpp,aa08868f903c10e97be8a478364f025fdd1e1e979c1f72c887e9b43b394b1ef4,f9a13d09e0c3c9fe2b0ba21988a000d05d0be1b223ec48c751afcbd236e6ec3b,sha256:a09af260d60e1dc114878a985ef7d534bd6189faf1bbbe23748681afbcd74b47,Omega_CC,7,=,MEASURED,,cpp-preprocessed-control-flow-v1,cpp-preprocessed-control-flow-v1,Clang 18.1.8 Linux amd64 container,,1,experiments/lcb_hard_v1_cpp/measurements/program-complexity/long-trace-final/cpp/profiles.jsonl
program-complexity-normalized-v2,lcb_hard_v1_cpp,atcoder/arc195_d,long-trace-final,cpp,aa08868f903c10e97be8a478364f025fdd1e1e979c1f72c887e9b43b394b1ef4,f9a13d09e0c3c9fe2b0ba21988a000d05d0be1b223ec48c751afcbd236e6ec3b,sha256:a09af260d60e1dc114878a985ef7d534bd6189faf1bbbe23748681afbcd74b47,Omega_hat_NativeTrace,12027,=,MEASURED,,clang-18.1.8-coverage-state-load-v1,clang-18.1.8-coverage-state-load-v1,Clang 18.1.8 Linux amd64 container,clang-18.1.8-coverage-state-load-v1,3,experiments/lcb_hard_v1_cpp/measurements/program-complexity/long-trace-final/cpp/profiles.jsonl
program-complexity-normalized-v2,lcb_hard_v1_cpp,atcoder/arc195_d,long-trace-final,cpp,aa08868f903c10e97be8a478364f025fdd1e1e979c1f72c887e9b43b394b1ef4,f9a13d09e0c3c9fe2b0ba21988a000d05d0be1b223ec48c751afcbd236e6ec3b,sha256:a09af260d60e1dc114878a985ef7d534bd6189faf1bbbe23748681afbcd74b47,Omega_hat_StateSize,800041,=,MEASURED,,clang-18.1.8-coverage-state-load-v1,clang-18.1.8-coverage-state-load-v1,Clang 18.1.8 Linux amd64 container,clang-18.1.8-coverage-state-load-v1,3,experiments/lcb_hard_v1_cpp/measurements/program-complexity/long-trace-final/cpp/profiles.jsonl
program-complexity-normalized-v2,lcb_hard_v1_cpp,atcoder/arc195_d,long-trace-final,cpp,aa08868f903c10e97be8a478364f025fdd1e1e979c1f72c887e9b43b394b1ef4,f9a13d09e0c3c9fe2b0ba21988a000d05d0be1b223ec48c751afcbd236e6ec3b,sha256:a09af260d60e1dc114878a985ef7d534bd6189faf1bbbe23748681afbcd74b47,Omega_hat_StateLoad,1604081204,=,MEASURED,,clang-18.1.8-coverage-state-load-v1,clang-18.1.8-coverage-state-load-v1,Clang 18.1.8 Linux amd64 container,clang-18.1.8-coverage-state-load-v1,3,experiments/lcb_hard_v1_cpp/measurements/program-complexity/long-trace-final/cpp/profiles.jsonl
program-complexity-normalized-v2,lcb_hard_v1_cpp,atcoder/arc195_d,inside-loop-state,cpp,6d646a6f7320196ec9f1e351f290d7bae9c2255ba9510345510b68604213379b,f9a13d09e0c3c9fe2b0ba21988a000d05d0be1b223ec48c751afcbd236e6ec3b,sha256:af7ed2b6333e5be3f73bba0c3ab63537457ccecd3561ff88b2829765b36f6da2,Omega_CC,21,=,MEASURED,,cpp-preprocessed-control-flow-v1,cpp-preprocessed-control-flow-v1,Clang 18.1.8 Linux amd64 container,,1,experiments/lcb_hard_v1_cpp/measurements/program-complexity/inside-loop-state/cpp/profiles.jsonl
program-complexity-normalized-v2,lcb_hard_v1_cpp,atcoder/arc195_d,inside-loop-state,cpp,6d646a6f7320196ec9f1e351f290d7bae9c2255ba9510345510b68604213379b,f9a13d09e0c3c9fe2b0ba21988a000d05d0be1b223ec48c751afcbd236e6ec3b,sha256:af7ed2b6333e5be3f73bba0c3ab63537457ccecd3561ff88b2829765b36f6da2,Omega_hat_NativeTrace,8528,=,MEASURED,,clang-18.1.8-coverage-state-load-v1,clang-18.1.8-coverage-state-load-v1,Clang 18.1.8 Linux amd64 container,clang-18.1.8-coverage-state-load-v1,3,experiments/lcb_hard_v1_cpp/measurements/program-complexity/inside-loop-state/cpp/profiles.jsonl
program-complexity-normalized-v2,lcb_hard_v1_cpp,atcoder/arc195_d,inside-loop-state,cpp,6d646a6f7320196ec9f1e351f290d7bae9c2255ba9510345510b68604213379b,f9a13d09e0c3c9fe2b0ba21988a000d05d0be1b223ec48c751afcbd236e6ec3b,sha256:af7ed2b6333e5be3f73bba0c3ab63537457ccecd3561ff88b2829765b36f6da2,Omega_hat_StateSize,800044,=,MEASURED,,clang-18.1.8-coverage-state-load-v1,clang-18.1.8-coverage-state-load-v1,Clang 18.1.8 Linux amd64 container,clang-18.1.8-coverage-state-load-v1,3,experiments/lcb_hard_v1_cpp/measurements/program-complexity/inside-loop-state/cpp/profiles.jsonl
program-complexity-normalized-v2,lcb_hard_v1_cpp,atcoder/arc195_d,inside-loop-state,cpp,6d646a6f7320196ec9f1e351f290d7bae9c2255ba9510345510b68604213379b,f9a13d09e0c3c9fe2b0ba21988a000d05d0be1b223ec48c751afcbd236e6ec3b,sha256:af7ed2b6333e5be3f73bba0c3ab63537457ccecd3561ff88b2829765b36f6da2,Omega_hat_StateLoad,825642879,=,MEASURED,,clang-18.1.8-coverage-state-load-v1,clang-18.1.8-coverage-state-load-v1,Clang 18.1.8 Linux amd64 container,clang-18.1.8-coverage-state-load-v1,3,experiments/lcb_hard_v1_cpp/measurements/program-complexity/inside-loop-state/cpp/profiles.jsonl
program-complexity-normalized-v2,lcb_hard_v1_cpp,atcoder/arc195_d,post-loop-state,cpp,2b1e95eb11280e21bb109f8a6ca56339c45408d7066d14fc56111d1543e167fc,f9a13d09e0c3c9fe2b0ba21988a000d05d0be1b223ec48c751afcbd236e6ec3b,sha256:831f1a0d0da7d56dd9be63c53a79d3785bf7ffa8d8da0dc39edfdf24949a171b,Omega_CC,21,=,MEASURED,,cpp-preprocessed-control-flow-v1,cpp-preprocessed-control-flow-v1,Clang 18.1.8 Linux amd64 container,,1,experiments/lcb_hard_v1_cpp/measurements/program-complexity/post-loop-state/cpp/profiles.jsonl
program-complexity-normalized-v2,lcb_hard_v1_cpp,atcoder/arc195_d,post-loop-state,cpp,2b1e95eb11280e21bb109f8a6ca56339c45408d7066d14fc56111d1543e167fc,f9a13d09e0c3c9fe2b0ba21988a000d05d0be1b223ec48c751afcbd236e6ec3b,sha256:831f1a0d0da7d56dd9be63c53a79d3785bf7ffa8d8da0dc39edfdf24949a171b,Omega_hat_NativeTrace,12034,=,MEASURED,,clang-18.1.8-coverage-state-load-v1,clang-18.1.8-coverage-state-load-v1,Clang 18.1.8 Linux amd64 container,clang-18.1.8-coverage-state-load-v1,3,experiments/lcb_hard_v1_cpp/measurements/program-complexity/post-loop-state/cpp/profiles.jsonl
program-complexity-normalized-v2,lcb_hard_v1_cpp,atcoder/arc195_d,post-loop-state,cpp,2b1e95eb11280e21bb109f8a6ca56339c45408d7066d14fc56111d1543e167fc,f9a13d09e0c3c9fe2b0ba21988a000d05d0be1b223ec48c751afcbd236e6ec3b,sha256:831f1a0d0da7d56dd9be63c53a79d3785bf7ffa8d8da0dc39edfdf24949a171b,Omega_hat_StateSize,800043,=,MEASURED,,clang-18.1.8-coverage-state-load-v1,clang-18.1.8-coverage-state-load-v1,Clang 18.1.8 Linux amd64 container,clang-18.1.8-coverage-state-load-v1,3,experiments/lcb_hard_v1_cpp/measurements/program-complexity/post-loop-state/cpp/profiles.jsonl
program-complexity-normalized-v2,lcb_hard_v1_cpp,atcoder/arc195_d,post-loop-state,cpp,2b1e95eb11280e21bb109f8a6ca56339c45408d7066d14fc56111d1543e167fc,f9a13d09e0c3c9fe2b0ba21988a000d05d0be1b223ec48c751afcbd236e6ec3b,sha256:831f1a0d0da7d56dd9be63c53a79d3785bf7ffa8d8da0dc39edfdf24949a171b,Omega_hat_StateLoad,1626484389,=,MEASURED,,clang-18.1.8-coverage-state-load-v1,clang-18.1.8-coverage-state-load-v1,Clang 18.1.8 Linux amd64 container,clang-18.1.8-coverage-state-load-v1,3,experiments/lcb_hard_v1_cpp/measurements/program-complexity/post-loop-state/cpp/profiles.jsonl
program-complexity-normalized-v2,lcb_hard_v1_cpp,atcoder/arc195_e,short-trace-final,cpp,1fd2b24851399db5542d0307011fe015793773136c542f3b7562ece29bdcd29b,e9e3b9d04ba709f6695caf0539bb3ca0d8e9bc15f0d365d07475bd3d494c43c3,sha256:6446b519cc7898f44df4ee66bbbe94e40d77f9b34c57f488e91ce0a8662180f8,Omega_CC,10,=,MEASURED,,cpp-preprocessed-control-flow-v1,cpp-preprocessed-control-flow-v1,Clang 18.1.8 Linux amd64 container,,1,experiments/lcb_hard_v1_cpp/measurements/program-complexity/short-trace-final/cpp/profiles.jsonl
program-complexity-normalized-v2,lcb_hard_v1_cpp,atcoder/arc195_e,short-trace-final,cpp,1fd2b24851399db5542d0307011fe015793773136c542f3b7562ece29bdcd29b,e9e3b9d04ba709f6695caf0539bb3ca0d8e9bc15f0d365d07475bd3d494c43c3,sha256:6446b519cc7898f44df4ee66bbbe94e40d77f9b34c57f488e91ce0a8662180f8,Omega_hat_NativeTrace,508,=,MEASURED,,clang-18.1.8-coverage-state-load-v1,clang-18.1.8-coverage-state-load-v1,Clang 18.1.8 Linux amd64 container,clang-18.1.8-coverage-state-load-v1,3,experiments/lcb_hard_v1_cpp/measurements/program-complexity/short-trace-final/cpp/profiles.jsonl
program-complexity-normalized-v2,lcb_hard_v1_cpp,atcoder/arc195_e,short-trace-final,cpp,1fd2b24851399db5542d0307011fe015793773136c542f3b7562ece29bdcd29b,e9e3b9d04ba709f6695caf0539bb3ca0d8e9bc15f0d365d07475bd3d494c43c3,sha256:6446b519cc7898f44df4ee66bbbe94e40d77f9b34c57f488e91ce0a8662180f8,Omega_hat_StateSize,606076,=,MEASURED,,clang-18.1.8-coverage-state-load-v1,clang-18.1.8-coverage-state-load-v1,Clang 18.1.8 Linux amd64 container,clang-18.1.8-coverage-state-load-v1,3,experiments/lcb_hard_v1_cpp/measurements/program-complexity/short-trace-final/cpp/profiles.jsonl
program-complexity-normalized-v2,lcb_hard_v1_cpp,atcoder/arc195_e,short-trace-final,cpp,1fd2b24851399db5542d0307011fe015793773136c542f3b7562ece29bdcd29b,e9e3b9d04ba709f6695caf0539bb3ca0d8e9bc15f0d365d07475bd3d494c43c3,sha256:6446b519cc7898f44df4ee66bbbe94e40d77f9b34c57f488e91ce0a8662180f8,Omega_hat_StateLoad,23636799,=,MEASURED,,clang-18.1.8-coverage-state-load-v1,clang-18.1.8-coverage-state-load-v1,Clang 18.1.8 Linux amd64 container,clang-18.1.8-coverage-state-load-v1,3,experiments/lcb_hard_v1_cpp/measurements/program-complexity/short-trace-final/cpp/profiles.jsonl
program-complexity-normalized-v2,lcb_hard_v1_cpp,atcoder/arc195_e,long-trace-final,cpp,1fd2b24851399db5542d0307011fe015793773136c542f3b7562ece29bdcd29b,a14cb6541cb0c5656b0c183c0a9364f6cb18562b91f80ba5070d1c3294e2c636,sha256:63323d645d0557427608c63a07cd460477f0b91561d63348e07a85bc423fcd85,Omega_CC,10,=,MEASURED,,cpp-preprocessed-control-flow-v1,cpp-preprocessed-control-flow-v1,Clang 18.1.8 Linux amd64 container,,1,experiments/lcb_hard_v1_cpp/measurements/program-complexity/long-trace-final/cpp/profiles.jsonl
program-complexity-normalized-v2,lcb_hard_v1_cpp,atcoder/arc195_e,long-trace-final,cpp,1fd2b24851399db5542d0307011fe015793773136c542f3b7562ece29bdcd29b,a14cb6541cb0c5656b0c183c0a9364f6cb18562b91f80ba5070d1c3294e2c636,sha256:63323d645d0557427608c63a07cd460477f0b91561d63348e07a85bc423fcd85,Omega_hat_NativeTrace,247506,=,MEASURED,,clang-18.1.8-coverage-state-load-v1,clang-18.1.8-coverage-state-load-v1,Clang 18.1.8 Linux amd64 container,clang-18.1.8-coverage-state-load-v1,3,experiments/lcb_hard_v1_cpp/measurements/program-complexity/long-trace-final/cpp/profiles.jsonl
program-complexity-normalized-v2,lcb_hard_v1_cpp,atcoder/arc195_e,long-trace-final,cpp,1fd2b24851399db5542d0307011fe015793773136c542f3b7562ece29bdcd29b,a14cb6541cb0c5656b0c183c0a9364f6cb18562b91f80ba5070d1c3294e2c636,sha256:63323d645d0557427608c63a07cd460477f0b91561d63348e07a85bc423fcd85,Omega_hat_StateSize,606076,=,MEASURED,,clang-18.1.8-coverage-state-load-v1,clang-18.1.8-coverage-state-load-v1,Clang 18.1.8 Linux amd64 container,clang-18.1.8-coverage-state-load-v1,3,experiments/lcb_hard_v1_cpp/measurements/program-complexity/long-trace-final/cpp/profiles.jsonl
program-complexity-normalized-v2,lcb_hard_v1_cpp,atcoder/arc195_e,long-trace-final,cpp,1fd2b24851399db5542d0307011fe015793773136c542f3b7562ece29bdcd29b,a14cb6541cb0c5656b0c183c0a9364f6cb18562b91f80ba5070d1c3294e2c636,sha256:63323d645d0557427608c63a07cd460477f0b91561d63348e07a85bc423fcd85,Omega_hat_StateLoad,4871022652,=,MEASURED,,clang-18.1.8-coverage-state-load-v1,clang-18.1.8-coverage-state-load-v1,Clang 18.1.8 Linux amd64 container,clang-18.1.8-coverage-state-load-v1,3,experiments/lcb_hard_v1_cpp/measurements/program-complexity/long-trace-final/cpp/profiles.jsonl
program-complexity-normalized-v2,lcb_hard_v1_cpp,atcoder/arc195_e,inside-loop-state,cpp,b3137f4760a5d54f7e26506ee5c58439ce2b447d788575c1be662092f9e375f7,a14cb6541cb0c5656b0c183c0a9364f6cb18562b91f80ba5070d1c3294e2c636,sha256:74274203de29e12557d4951b1f5ff592696fad50ad002062a0f2e8a475be3706,Omega_CC,24,=,MEASURED,,cpp-preprocessed-control-flow-v1,cpp-preprocessed-control-flow-v1,Clang 18.1.8 Linux amd64 container,,1,experiments/lcb_hard_v1_cpp/measurements/program-complexity/inside-loop-state/cpp/profiles.jsonl
program-complexity-normalized-v2,lcb_hard_v1_cpp,atcoder/arc195_e,inside-loop-state,cpp,b3137f4760a5d54f7e26506ee5c58439ce2b447d788575c1be662092f9e375f7,a14cb6541cb0c5656b0c183c0a9364f6cb18562b91f80ba5070d1c3294e2c636,sha256:74274203de29e12557d4951b1f5ff592696fad50ad002062a0f2e8a475be3706,Omega_hat_NativeTrace,124767,=,MEASURED,,clang-18.1.8-coverage-state-load-v1,clang-18.1.8-coverage-state-load-v1,Clang 18.1.8 Linux amd64 container,clang-18.1.8-coverage-state-load-v1,3,experiments/lcb_hard_v1_cpp/measurements/program-complexity/inside-loop-state/cpp/profiles.jsonl
program-complexity-normalized-v2,lcb_hard_v1_cpp,atcoder/arc195_e,inside-loop-state,cpp,b3137f4760a5d54f7e26506ee5c58439ce2b447d788575c1be662092f9e375f7,a14cb6541cb0c5656b0c183c0a9364f6cb18562b91f80ba5070d1c3294e2c636,sha256:74274203de29e12557d4951b1f5ff592696fad50ad002062a0f2e8a475be3706,Omega_hat_StateSize,606077,=,MEASURED,,clang-18.1.8-coverage-state-load-v1,clang-18.1.8-coverage-state-load-v1,Clang 18.1.8 Linux amd64 container,clang-18.1.8-coverage-state-load-v1,3,experiments/lcb_hard_v1_cpp/measurements/program-complexity/inside-loop-state/cpp/profiles.jsonl
program-complexity-normalized-v2,lcb_hard_v1_cpp,atcoder/arc195_e,inside-loop-state,cpp,b3137f4760a5d54f7e26506ee5c58439ce2b447d788575c1be662092f9e375f7,a14cb6541cb0c5656b0c183c0a9364f6cb18562b91f80ba5070d1c3294e2c636,sha256:74274203de29e12557d4951b1f5ff592696fad50ad002062a0f2e8a475be3706,Omega_hat_StateLoad,2458243209,=,MEASURED,,clang-18.1.8-coverage-state-load-v1,clang-18.1.8-coverage-state-load-v1,Clang 18.1.8 Linux amd64 container,clang-18.1.8-coverage-state-load-v1,3,experiments/lcb_hard_v1_cpp/measurements/program-complexity/inside-loop-state/cpp/profiles.jsonl
program-complexity-normalized-v2,lcb_hard_v1_cpp,atcoder/arc195_e,post-loop-state,cpp,f5e8a6fb72f917e340da7cf99e6b9b7f1ea6ea121845e2e9f00a81c25034898b,a14cb6541cb0c5656b0c183c0a9364f6cb18562b91f80ba5070d1c3294e2c636,sha256:888d07b0824855674f8b59363de9fa5e0475c516ba614618d88817d8abc2fdf9,Omega_CC,24,=,MEASURED,,cpp-preprocessed-control-flow-v1,cpp-preprocessed-control-flow-v1,Clang 18.1.8 Linux amd64 container,,1,experiments/lcb_hard_v1_cpp/measurements/program-complexity/post-loop-state/cpp/profiles.jsonl
program-complexity-normalized-v2,lcb_hard_v1_cpp,atcoder/arc195_e,post-loop-state,cpp,f5e8a6fb72f917e340da7cf99e6b9b7f1ea6ea121845e2e9f00a81c25034898b,a14cb6541cb0c5656b0c183c0a9364f6cb18562b91f80ba5070d1c3294e2c636,sha256:888d07b0824855674f8b59363de9fa5e0475c516ba614618d88817d8abc2fdf9,Omega_hat_NativeTrace,247511,=,MEASURED,,clang-18.1.8-coverage-state-load-v1,clang-18.1.8-coverage-state-load-v1,Clang 18.1.8 Linux amd64 container,clang-18.1.8-coverage-state-load-v1,3,experiments/lcb_hard_v1_cpp/measurements/program-complexity/post-loop-state/cpp/profiles.jsonl
program-complexity-normalized-v2,lcb_hard_v1_cpp,atcoder/arc195_e,post-loop-state,cpp,f5e8a6fb72f917e340da7cf99e6b9b7f1ea6ea121845e2e9f00a81c25034898b,a14cb6541cb0c5656b0c183c0a9364f6cb18562b91f80ba5070d1c3294e2c636,sha256:888d07b0824855674f8b59363de9fa5e0475c516ba614618d88817d8abc2fdf9,Omega_hat_StateSize,606077,=,MEASURED,,clang-18.1.8-coverage-state-load-v1,clang-18.1.8-coverage-state-load-v1,Clang 18.1.8 Linux amd64 container,clang-18.1.8-coverage-state-load-v1,3,experiments/lcb_hard_v1_cpp/measurements/program-complexity/post-loop-state/cpp/profiles.jsonl
program-complexity-normalized-v2,lcb_hard_v1_cpp,atcoder/arc195_e,post-loop-state,cpp,f5e8a6fb72f917e340da7cf99e6b9b7f1ea6ea121845e2e9f00a81c25034898b,a14cb6541cb0c5656b0c183c0a9364f6cb18562b91f80ba5070d1c3294e2c636,sha256:888d07b0824855674f8b59363de9fa5e0475c516ba614618d88817d8abc2fdf9,Omega_hat_StateLoad,4887394815,=,MEASURED,,clang-18.1.8-coverage-state-load-v1,clang-18.1.8-coverage-state-load-v1,Clang 18.1.8 Linux amd64 container,clang-18.1.8-coverage-state-load-v1,3,experiments/lcb_hard_v1_cpp/measurements/program-complexity/post-loop-state/cpp/profiles.jsonl
program-complexity-normalized-v2,lcb_hard_v1_cpp,atcoder/arc196_a,short-trace-final,cpp,f03b182d925717ca1f96d1c7305faebab7a6bbf43ffc1b90c60569bcddb0a950,269b4a12a9f8545af9a8925a29dbb3168d478e7ae8cd5cebad1e5a9cf1e90bd9,sha256:384d3c9f8ac9857a79334fae264844ca45f265e5cbeb3dc8a164a57457e13c09,Omega_CC,13,=,MEASURED,,cpp-preprocessed-control-flow-v1,cpp-preprocessed-control-flow-v1,Clang 18.1.8 Linux amd64 container,,1,experiments/lcb_hard_v1_cpp/measurements/program-complexity/short-trace-final/cpp/profiles.jsonl
program-complexity-normalized-v2,lcb_hard_v1_cpp,atcoder/arc196_a,short-trace-final,cpp,f03b182d925717ca1f96d1c7305faebab7a6bbf43ffc1b90c60569bcddb0a950,269b4a12a9f8545af9a8925a29dbb3168d478e7ae8cd5cebad1e5a9cf1e90bd9,sha256:384d3c9f8ac9857a79334fae264844ca45f265e5cbeb3dc8a164a57457e13c09,Omega_hat_NativeTrace,30,=,MEASURED,,clang-18.1.8-coverage-state-load-v1,clang-18.1.8-coverage-state-load-v1,Clang 18.1.8 Linux amd64 container,clang-18.1.8-coverage-state-load-v1,3,experiments/lcb_hard_v1_cpp/measurements/program-complexity/short-trace-final/cpp/profiles.jsonl
program-complexity-normalized-v2,lcb_hard_v1_cpp,atcoder/arc196_a,short-trace-final,cpp,f03b182d925717ca1f96d1c7305faebab7a6bbf43ffc1b90c60569bcddb0a950,269b4a12a9f8545af9a8925a29dbb3168d478e7ae8cd5cebad1e5a9cf1e90bd9,sha256:384d3c9f8ac9857a79334fae264844ca45f265e5cbeb3dc8a164a57457e13c09,Omega_hat_StateSize,600020,=,MEASURED,,clang-18.1.8-coverage-state-load-v1,clang-18.1.8-coverage-state-load-v1,Clang 18.1.8 Linux amd64 container,clang-18.1.8-coverage-state-load-v1,3,experiments/lcb_hard_v1_cpp/measurements/program-complexity/short-trace-final/cpp/profiles.jsonl
program-complexity-normalized-v2,lcb_hard_v1_cpp,atcoder/arc196_a,short-trace-final,cpp,f03b182d925717ca1f96d1c7305faebab7a6bbf43ffc1b90c60569bcddb0a950,269b4a12a9f8545af9a8925a29dbb3168d478e7ae8cd5cebad1e5a9cf1e90bd9,sha256:384d3c9f8ac9857a79334fae264844ca45f265e5cbeb3dc8a164a57457e13c09,Omega_hat_StateLoad,12600393,=,MEASURED,,clang-18.1.8-coverage-state-load-v1,clang-18.1.8-coverage-state-load-v1,Clang 18.1.8 Linux amd64 container,clang-18.1.8-coverage-state-load-v1,3,experiments/lcb_hard_v1_cpp/measurements/program-complexity/short-trace-final/cpp/profiles.jsonl
program-complexity-normalized-v2,lcb_hard_v1_cpp,atcoder/arc196_a,long-trace-final,cpp,f03b182d925717ca1f96d1c7305faebab7a6bbf43ffc1b90c60569bcddb0a950,743f528a2d1dbd9c7268cb172967941c74bf66663b1dc03e2287ed8faa2b6b18,sha256:b45f1f6e094db9c8336489f6ca4633d0656b4828ec77c4776aa92ba0ed097a44,Omega_CC,13,=,MEASURED,,cpp-preprocessed-control-flow-v1,cpp-preprocessed-control-flow-v1,Clang 18.1.8 Linux amd64 container,,1,experiments/lcb_hard_v1_cpp/measurements/program-complexity/long-trace-final/cpp/profiles.jsonl
program-complexity-normalized-v2,lcb_hard_v1_cpp,atcoder/arc196_a,long-trace-final,cpp,f03b182d925717ca1f96d1c7305faebab7a6bbf43ffc1b90c60569bcddb0a950,743f528a2d1dbd9c7268cb172967941c74bf66663b1dc03e2287ed8faa2b6b18,sha256:b45f1f6e094db9c8336489f6ca4633d0656b4828ec77c4776aa92ba0ed097a44,Omega_hat_NativeTrace,23056,=,MEASURED,,clang-18.1.8-coverage-state-load-v1,clang-18.1.8-coverage-state-load-v1,Clang 18.1.8 Linux amd64 container,clang-18.1.8-coverage-state-load-v1,3,experiments/lcb_hard_v1_cpp/measurements/program-complexity/long-trace-final/cpp/profiles.jsonl
program-complexity-normalized-v2,lcb_hard_v1_cpp,atcoder/arc196_a,long-trace-final,cpp,f03b182d925717ca1f96d1c7305faebab7a6bbf43ffc1b90c60569bcddb0a950,743f528a2d1dbd9c7268cb172967941c74bf66663b1dc03e2287ed8faa2b6b18,sha256:b45f1f6e094db9c8336489f6ca4633d0656b4828ec77c4776aa92ba0ed097a44,Omega_hat_StateSize,600026,=,MEASURED,,clang-18.1.8-coverage-state-load-v1,clang-18.1.8-coverage-state-load-v1,Clang 18.1.8 Linux amd64 container,clang-18.1.8-coverage-state-load-v1,3,experiments/lcb_hard_v1_cpp/measurements/program-complexity/long-trace-final/cpp/profiles.jsonl
program-complexity-normalized-v2,lcb_hard_v1_cpp,atcoder/arc196_a,long-trace-final,cpp,f03b182d925717ca1f96d1c7305faebab7a6bbf43ffc1b90c60569bcddb0a950,743f528a2d1dbd9c7268cb172967941c74bf66663b1dc03e2287ed8faa2b6b18,sha256:b45f1f6e094db9c8336489f6ca4633d0656b4828ec77c4776aa92ba0ed097a44,Omega_hat_StateLoad,14434737227,=,MEASURED,,clang-18.1.8-coverage-state-load-v1,clang-18.1.8-coverage-state-load-v1,Clang 18.1.8 Linux amd64 container,clang-18.1.8-coverage-state-load-v1,3,experiments/lcb_hard_v1_cpp/measurements/program-complexity/long-trace-final/cpp/profiles.jsonl
program-complexity-normalized-v2,lcb_hard_v1_cpp,atcoder/arc196_a,inside-loop-state,cpp,17d2ced74f5ccbbfd9d63af854316700dad0de71a5749be7828c6c4635e6fe78,743f528a2d1dbd9c7268cb172967941c74bf66663b1dc03e2287ed8faa2b6b18,sha256:512198351168ab8be2b2a2614596d96d92761cf723725648b68e045bac36579d,Omega_CC,27,=,MEASURED,,cpp-preprocessed-control-flow-v1,cpp-preprocessed-control-flow-v1,Clang 18.1.8 Linux amd64 container,,1,experiments/lcb_hard_v1_cpp/measurements/program-complexity/inside-loop-state/cpp/profiles.jsonl
program-complexity-normalized-v2,lcb_hard_v1_cpp,atcoder/arc196_a,inside-loop-state,cpp,17d2ced74f5ccbbfd9d63af854316700dad0de71a5749be7828c6c4635e6fe78,743f528a2d1dbd9c7268cb172967941c74bf66663b1dc03e2287ed8faa2b6b18,sha256:512198351168ab8be2b2a2614596d96d92761cf723725648b68e045bac36579d,Omega_hat_NativeTrace,18556,=,MEASURED,,clang-18.1.8-coverage-state-load-v1,clang-18.1.8-coverage-state-load-v1,Clang 18.1.8 Linux amd64 container,clang-18.1.8-coverage-state-load-v1,3,experiments/lcb_hard_v1_cpp/measurements/program-complexity/inside-loop-state/cpp/profiles.jsonl
program-complexity-normalized-v2,lcb_hard_v1_cpp,atcoder/arc196_a,inside-loop-state,cpp,17d2ced74f5ccbbfd9d63af854316700dad0de71a5749be7828c6c4635e6fe78,743f528a2d1dbd9c7268cb172967941c74bf66663b1dc03e2287ed8faa2b6b18,sha256:512198351168ab8be2b2a2614596d96d92761cf723725648b68e045bac36579d,Omega_hat_StateSize,600027,=,MEASURED,,clang-18.1.8-coverage-state-load-v1,clang-18.1.8-coverage-state-load-v1,Clang 18.1.8 Linux amd64 container,clang-18.1.8-coverage-state-load-v1,3,experiments/lcb_hard_v1_cpp/measurements/program-complexity/inside-loop-state/cpp/profiles.jsonl
program-complexity-normalized-v2,lcb_hard_v1_cpp,atcoder/arc196_a,inside-loop-state,cpp,17d2ced74f5ccbbfd9d63af854316700dad0de71a5749be7828c6c4635e6fe78,743f528a2d1dbd9c7268cb172967941c74bf66663b1dc03e2287ed8faa2b6b18,sha256:512198351168ab8be2b2a2614596d96d92761cf723725648b68e045bac36579d,Omega_hat_StateLoad,9650767968,=,MEASURED,,clang-18.1.8-coverage-state-load-v1,clang-18.1.8-coverage-state-load-v1,Clang 18.1.8 Linux amd64 container,clang-18.1.8-coverage-state-load-v1,3,experiments/lcb_hard_v1_cpp/measurements/program-complexity/inside-loop-state/cpp/profiles.jsonl
program-complexity-normalized-v2,lcb_hard_v1_cpp,atcoder/arc196_a,post-loop-state,cpp,d0c385262ebe317b1fa8f90056fa9c73c04548786cb67d0cbf004b332f4b5b37,743f528a2d1dbd9c7268cb172967941c74bf66663b1dc03e2287ed8faa2b6b18,sha256:f8cbe6f8a4a125d73a05816a5e9e3776d2d9c5f2af99243c71fd9cba5e7c0ff4,Omega_CC,27,=,MEASURED,,cpp-preprocessed-control-flow-v1,cpp-preprocessed-control-flow-v1,Clang 18.1.8 Linux amd64 container,,1,experiments/lcb_hard_v1_cpp/measurements/program-complexity/post-loop-state/cpp/profiles.jsonl
program-complexity-normalized-v2,lcb_hard_v1_cpp,atcoder/arc196_a,post-loop-state,cpp,d0c385262ebe317b1fa8f90056fa9c73c04548786cb67d0cbf004b332f4b5b37,743f528a2d1dbd9c7268cb172967941c74bf66663b1dc03e2287ed8faa2b6b18,sha256:f8cbe6f8a4a125d73a05816a5e9e3776d2d9c5f2af99243c71fd9cba5e7c0ff4,Omega_hat_NativeTrace,23065,=,MEASURED,,clang-18.1.8-coverage-state-load-v1,clang-18.1.8-coverage-state-load-v1,Clang 18.1.8 Linux amd64 container,clang-18.1.8-coverage-state-load-v1,3,experiments/lcb_hard_v1_cpp/measurements/program-complexity/post-loop-state/cpp/profiles.jsonl
program-complexity-normalized-v2,lcb_hard_v1_cpp,atcoder/arc196_a,post-loop-state,cpp,d0c385262ebe317b1fa8f90056fa9c73c04548786cb67d0cbf004b332f4b5b37,743f528a2d1dbd9c7268cb172967941c74bf66663b1dc03e2287ed8faa2b6b18,sha256:f8cbe6f8a4a125d73a05816a5e9e3776d2d9c5f2af99243c71fd9cba5e7c0ff4,Omega_hat_StateSize,600027,=,MEASURED,,clang-18.1.8-coverage-state-load-v1,clang-18.1.8-coverage-state-load-v1,Clang 18.1.8 Linux amd64 container,clang-18.1.8-coverage-state-load-v1,3,experiments/lcb_hard_v1_cpp/measurements/program-complexity/post-loop-state/cpp/profiles.jsonl
program-complexity-normalized-v2,lcb_hard_v1_cpp,atcoder/arc196_a,post-loop-state,cpp,d0c385262ebe317b1fa8f90056fa9c73c04548786cb67d0cbf004b332f4b5b37,743f528a2d1dbd9c7268cb172967941c74bf66663b1dc03e2287ed8faa2b6b18,sha256:f8cbe6f8a4a125d73a05816a5e9e3776d2d9c5f2af99243c71fd9cba5e7c0ff4,Omega_hat_StateLoad,14458762240,=,MEASURED,,clang-18.1.8-coverage-state-load-v1,clang-18.1.8-coverage-state-load-v1,Clang 18.1.8 Linux amd64 container,clang-18.1.8-coverage-state-load-v1,3,experiments/lcb_hard_v1_cpp/measurements/program-complexity/post-loop-state/cpp/profiles.jsonl
program-complexity-normalized-v2,lcb_hard_v1_cpp,atcoder/arc196_c,short-trace-final,cpp,283a3d96ba5e7c352b7324f52fb512c29bb350574cf262f0fa49809870613893,516f3f61a4da506a8363f8b56ed40029a4adbf9f746297331f868703701fa0b1,sha256:d2779b3358440c4eb85de92c9903c1eeb49ef5edcda94521cd5878385d7910f7,Omega_CC,36,=,MEASURED,,cpp-preprocessed-control-flow-v1,cpp-preprocessed-control-flow-v1,Clang 18.1.8 Linux amd64 container,,1,experiments/lcb_hard_v1_cpp/measurements/program-complexity/short-trace-final/cpp/profiles.jsonl
program-complexity-normalized-v2,lcb_hard_v1_cpp,atcoder/arc196_c,short-trace-final,cpp,283a3d96ba5e7c352b7324f52fb512c29bb350574cf262f0fa49809870613893,516f3f61a4da506a8363f8b56ed40029a4adbf9f746297331f868703701fa0b1,sha256:d2779b3358440c4eb85de92c9903c1eeb49ef5edcda94521cd5878385d7910f7,Omega_hat_NativeTrace,712,=,MEASURED,,clang-18.1.8-coverage-state-load-v1,clang-18.1.8-coverage-state-load-v1,Clang 18.1.8 Linux amd64 container,clang-18.1.8-coverage-state-load-v1,3,experiments/lcb_hard_v1_cpp/measurements/program-complexity/short-trace-final/cpp/profiles.jsonl
program-complexity-normalized-v2,lcb_hard_v1_cpp,atcoder/arc196_c,short-trace-final,cpp,283a3d96ba5e7c352b7324f52fb512c29bb350574cf262f0fa49809870613893,516f3f61a4da506a8363f8b56ed40029a4adbf9f746297331f868703701fa0b1,sha256:d2779b3358440c4eb85de92c9903c1eeb49ef5edcda94521cd5878385d7910f7,Omega_hat_StateSize,2800175,=,MEASURED,,clang-18.1.8-coverage-state-load-v1,clang-18.1.8-coverage-state-load-v1,Clang 18.1.8 Linux amd64 container,clang-18.1.8-coverage-state-load-v1,3,experiments/lcb_hard_v1_cpp/measurements/program-complexity/short-trace-final/cpp/profiles.jsonl
program-complexity-normalized-v2,lcb_hard_v1_cpp,atcoder/arc196_c,short-trace-final,cpp,283a3d96ba5e7c352b7324f52fb512c29bb350574cf262f0fa49809870613893,516f3f61a4da506a8363f8b56ed40029a4adbf9f746297331f868703701fa0b1,sha256:d2779b3358440c4eb85de92c9903c1eeb49ef5edcda94521cd5878385d7910f7,Omega_hat_StateLoad,194411328,=,MEASURED,,clang-18.1.8-coverage-state-load-v1,clang-18.1.8-coverage-state-load-v1,Clang 18.1.8 Linux amd64 container,clang-18.1.8-coverage-state-load-v1,3,experiments/lcb_hard_v1_cpp/measurements/program-complexity/short-trace-final/cpp/profiles.jsonl
program-complexity-normalized-v2,lcb_hard_v1_cpp,atcoder/arc196_c,long-trace-final,cpp,283a3d96ba5e7c352b7324f52fb512c29bb350574cf262f0fa49809870613893,fb06b43e981c1188f2f5b39805669421c1468d108594a783b2e7e42dee15ad8f,sha256:ef76779ab9b9717f44e4182eba070ce9c57294a649e6780b7636d56a8890f3c5,Omega_CC,36,=,MEASURED,,cpp-preprocessed-control-flow-v1,cpp-preprocessed-control-flow-v1,Clang 18.1.8 Linux amd64 container,,1,experiments/lcb_hard_v1_cpp/measurements/program-complexity/long-trace-final/cpp/profiles.jsonl
program-complexity-normalized-v2,lcb_hard_v1_cpp,atcoder/arc196_c,long-trace-final,cpp,283a3d96ba5e7c352b7324f52fb512c29bb350574cf262f0fa49809870613893,fb06b43e981c1188f2f5b39805669421c1468d108594a783b2e7e42dee15ad8f,sha256:ef76779ab9b9717f44e4182eba070ce9c57294a649e6780b7636d56a8890f3c5,Omega_hat_NativeTrace,317717,=,MEASURED,,clang-18.1.8-coverage-state-load-v1,clang-18.1.8-coverage-state-load-v1,Clang 18.1.8 Linux amd64 container,clang-18.1.8-coverage-state-load-v1,3,experiments/lcb_hard_v1_cpp/measurements/program-complexity/long-trace-final/cpp/profiles.jsonl
program-complexity-normalized-v2,lcb_hard_v1_cpp,atcoder/arc196_c,long-trace-final,cpp,283a3d96ba5e7c352b7324f52fb512c29bb350574cf262f0fa49809870613893,fb06b43e981c1188f2f5b39805669421c1468d108594a783b2e7e42dee15ad8f,sha256:ef76779ab9b9717f44e4182eba070ce9c57294a649e6780b7636d56a8890f3c5,Omega_hat_StateSize,2800282,=,MEASURED,,clang-18.1.8-coverage-state-load-v1,clang-18.1.8-coverage-state-load-v1,Clang 18.1.8 Linux amd64 container,clang-18.1.8-coverage-state-load-v1,3,experiments/lcb_hard_v1_cpp/measurements/program-complexity/long-trace-final/cpp/profiles.jsonl
program-complexity-normalized-v2,lcb_hard_v1_cpp,atcoder/arc196_c,long-trace-final,cpp,283a3d96ba5e7c352b7324f52fb512c29bb350574cf262f0fa49809870613893,fb06b43e981c1188f2f5b39805669421c1468d108594a783b2e7e42dee15ad8f,sha256:ef76779ab9b9717f44e4182eba070ce9c57294a649e6780b7636d56a8890f3c5,Omega_hat_StateLoad,131799635336,=,MEASURED,,clang-18.1.8-coverage-state-load-v1,clang-18.1.8-coverage-state-load-v1,Clang 18.1.8 Linux amd64 container,clang-18.1.8-coverage-state-load-v1,3,experiments/lcb_hard_v1_cpp/measurements/program-complexity/long-trace-final/cpp/profiles.jsonl
program-complexity-normalized-v2,lcb_hard_v1_cpp,atcoder/arc196_c,inside-loop-state,cpp,f1beb76ba0f5d1706c07b7c1b41d72c3e8c9ffa07563440c9d3e648eab2394bd,fb06b43e981c1188f2f5b39805669421c1468d108594a783b2e7e42dee15ad8f,sha256:6845b062a78ab8122d0dee092b8ce4d62154a5ebc9dc36a444d29942c891ff36,Omega_CC,50,=,MEASURED,,cpp-preprocessed-control-flow-v1,cpp-preprocessed-control-flow-v1,Clang 18.1.8 Linux amd64 container,,1,experiments/lcb_hard_v1_cpp/measurements/program-complexity/inside-loop-state/cpp/profiles.jsonl
program-complexity-normalized-v2,lcb_hard_v1_cpp,atcoder/arc196_c,inside-loop-state,cpp,f1beb76ba0f5d1706c07b7c1b41d72c3e8c9ffa07563440c9d3e648eab2394bd,fb06b43e981c1188f2f5b39805669421c1468d108594a783b2e7e42dee15ad8f,sha256:6845b062a78ab8122d0dee092b8ce4d62154a5ebc9dc36a444d29942c891ff36,Omega_hat_NativeTrace,19446,=,MEASURED,,clang-18.1.8-coverage-state-load-v1,clang-18.1.8-coverage-state-load-v1,Clang 18.1.8 Linux amd64 container,clang-18.1.8-coverage-state-load-v1,3,experiments/lcb_hard_v1_cpp/measurements/program-complexity/inside-loop-state/cpp/profiles.jsonl
program-complexity-normalized-v2,lcb_hard_v1_cpp,atcoder/arc196_c,inside-loop-state,cpp,f1beb76ba0f5d1706c07b7c1b41d72c3e8c9ffa07563440c9d3e648eab2394bd,fb06b43e981c1188f2f5b39805669421c1468d108594a783b2e7e42dee15ad8f,sha256:6845b062a78ab8122d0dee092b8ce4d62154a5ebc9dc36a444d29942c891ff36,Omega_hat_StateSize,2800156,=,MEASURED,,clang-18.1.8-coverage-state-load-v1,clang-18.1.8-coverage-state-load-v1,Clang 18.1.8 Linux amd64 container,clang-18.1.8-coverage-state-load-v1,3,experiments/lcb_hard_v1_cpp/measurements/program-complexity/inside-loop-state/cpp/profiles.jsonl
program-complexity-normalized-v2,lcb_hard_v1_cpp,atcoder/arc196_c,inside-loop-state,cpp,f1beb76ba0f5d1706c07b7c1b41d72c3e8c9ffa07563440c9d3e648eab2394bd,fb06b43e981c1188f2f5b39805669421c1468d108594a783b2e7e42dee15ad8f,sha256:6845b062a78ab8122d0dee092b8ce4d62154a5ebc9dc36a444d29942c891ff36,Omega_hat_StateLoad,2921760249,=,MEASURED,,clang-18.1.8-coverage-state-load-v1,clang-18.1.8-coverage-state-load-v1,Clang 18.1.8 Linux amd64 container,clang-18.1.8-coverage-state-load-v1,3,experiments/lcb_hard_v1_cpp/measurements/program-complexity/inside-loop-state/cpp/profiles.jsonl
program-complexity-normalized-v2,lcb_hard_v1_cpp,atcoder/arc196_c,post-loop-state,cpp,0529cf0753957348c3668dfa68dcc1af9d74d5df8d1d102fe4a1dc97c61131e1,fb06b43e981c1188f2f5b39805669421c1468d108594a783b2e7e42dee15ad8f,sha256:64c38ab89bbc49428b025ceba0ef25468bea43cdc060c6c73fe2234dcd281c37,Omega_CC,50,=,MEASURED,,cpp-preprocessed-control-flow-v1,cpp-preprocessed-control-flow-v1,Clang 18.1.8 Linux amd64 container,,1,experiments/lcb_hard_v1_cpp/measurements/program-complexity/post-loop-state/cpp/profiles.jsonl
program-complexity-normalized-v2,lcb_hard_v1_cpp,atcoder/arc196_c,post-loop-state,cpp,0529cf0753957348c3668dfa68dcc1af9d74d5df8d1d102fe4a1dc97c61131e1,fb06b43e981c1188f2f5b39805669421c1468d108594a783b2e7e42dee15ad8f,sha256:64c38ab89bbc49428b025ceba0ef25468bea43cdc060c6c73fe2234dcd281c37,Omega_hat_NativeTrace,20447,=,MEASURED,,clang-18.1.8-coverage-state-load-v1,clang-18.1.8-coverage-state-load-v1,Clang 18.1.8 Linux amd64 container,clang-18.1.8-coverage-state-load-v1,3,experiments/lcb_hard_v1_cpp/measurements/program-complexity/post-loop-state/cpp/profiles.jsonl
program-complexity-normalized-v2,lcb_hard_v1_cpp,atcoder/arc196_c,post-loop-state,cpp,0529cf0753957348c3668dfa68dcc1af9d74d5df8d1d102fe4a1dc97c61131e1,fb06b43e981c1188f2f5b39805669421c1468d108594a783b2e7e42dee15ad8f,sha256:64c38ab89bbc49428b025ceba0ef25468bea43cdc060c6c73fe2234dcd281c37,Omega_hat_StateSize,2800156,=,MEASURED,,clang-18.1.8-coverage-state-load-v1,clang-18.1.8-coverage-state-load-v1,Clang 18.1.8 Linux amd64 container,clang-18.1.8-coverage-state-load-v1,3,experiments/lcb_hard_v1_cpp/measurements/program-complexity/post-loop-state/cpp/profiles.jsonl
program-complexity-normalized-v2,lcb_hard_v1_cpp,atcoder/arc196_c,post-loop-state,cpp,0529cf0753957348c3668dfa68dcc1af9d74d5df8d1d102fe4a1dc97c61131e1,fb06b43e981c1188f2f5b39805669421c1468d108594a783b2e7e42dee15ad8f,sha256:64c38ab89bbc49428b025ceba0ef25468bea43cdc060c6c73fe2234dcd281c37,Omega_hat_StateLoad,5724713868,=,MEASURED,,clang-18.1.8-coverage-state-load-v1,clang-18.1.8-coverage-state-load-v1,Clang 18.1.8 Linux amd64 container,clang-18.1.8-coverage-state-load-v1,3,experiments/lcb_hard_v1_cpp/measurements/program-complexity/post-loop-state/cpp/profiles.jsonl
program-complexity-normalized-v2,lcb_hard_v1_cpp,atcoder/arc196_d,short-trace-final,cpp,e2df80fb49aff00461f755fa470879f9e7c7df8fc2570216acf294233fafed2c,6e20a49ba84b6ab1628691577b58a91ea0e8226a4bfd095d68166f1f5e129dd9,sha256:5bfbf1159347a950398e09cbc42b4f77cfe93ffd7d5f544cffabd326398f1fd6,Omega_CC,20,=,MEASURED,,cpp-preprocessed-control-flow-v1,cpp-preprocessed-control-flow-v1,Clang 18.1.8 Linux amd64 container,,1,experiments/lcb_hard_v1_cpp/measurements/program-complexity/short-trace-final/cpp/profiles.jsonl
program-complexity-normalized-v2,lcb_hard_v1_cpp,atcoder/arc196_d,short-trace-final,cpp,e2df80fb49aff00461f755fa470879f9e7c7df8fc2570216acf294233fafed2c,6e20a49ba84b6ab1628691577b58a91ea0e8226a4bfd095d68166f1f5e129dd9,sha256:5bfbf1159347a950398e09cbc42b4f77cfe93ffd7d5f544cffabd326398f1fd6,Omega_hat_NativeTrace,873,=,MEASURED,,clang-18.1.8-coverage-state-load-v1,clang-18.1.8-coverage-state-load-v1,Clang 18.1.8 Linux amd64 container,clang-18.1.8-coverage-state-load-v1,3,experiments/lcb_hard_v1_cpp/measurements/program-complexity/short-trace-final/cpp/profiles.jsonl
program-complexity-normalized-v2,lcb_hard_v1_cpp,atcoder/arc196_d,short-trace-final,cpp,e2df80fb49aff00461f755fa470879f9e7c7df8fc2570216acf294233fafed2c,6e20a49ba84b6ab1628691577b58a91ea0e8226a4bfd095d68166f1f5e129dd9,sha256:5bfbf1159347a950398e09cbc42b4f77cfe93ffd7d5f544cffabd326398f1fd6,Omega_hat_StateSize,5430328,=,MEASURED,,clang-18.1.8-coverage-state-load-v1,clang-18.1.8-coverage-state-load-v1,Clang 18.1.8 Linux amd64 container,clang-18.1.8-coverage-state-load-v1,3,experiments/lcb_hard_v1_cpp/measurements/program-complexity/short-trace-final/cpp/profiles.jsonl
program-complexity-normalized-v2,lcb_hard_v1_cpp,atcoder/arc196_d,short-trace-final,cpp,e2df80fb49aff00461f755fa470879f9e7c7df8fc2570216acf294233fafed2c,6e20a49ba84b6ab1628691577b58a91ea0e8226a4bfd095d68166f1f5e129dd9,sha256:5bfbf1159347a950398e09cbc42b4f77cfe93ffd7d5f544cffabd326398f1fd6,Omega_hat_StateLoad,1000585908,=,MEASURED,,clang-18.1.8-coverage-state-load-v1,clang-18.1.8-coverage-state-load-v1,Clang 18.1.8 Linux amd64 container,clang-18.1.8-coverage-state-load-v1,3,experiments/lcb_hard_v1_cpp/measurements/program-complexity/short-trace-final/cpp/profiles.jsonl
program-complexity-normalized-v2,lcb_hard_v1_cpp,atcoder/arc196_d,long-trace-final,cpp,e2df80fb49aff00461f755fa470879f9e7c7df8fc2570216acf294233fafed2c,2a4cc42d4a76d5f3dbf2f21515fa0e516a8f02b0651acd48989c1cc9be488e7b,sha256:b20ad2dc8235330a73e739215e4de6577577add0915bb4886c7bd04e157f0d33,Omega_CC,20,=,MEASURED,,cpp-preprocessed-control-flow-v1,cpp-preprocessed-control-flow-v1,Clang 18.1.8 Linux amd64 container,,1,experiments/lcb_hard_v1_cpp/measurements/program-complexity/long-trace-final/cpp/profiles.jsonl
program-complexity-normalized-v2,lcb_hard_v1_cpp,atcoder/arc196_d,long-trace-final,cpp,e2df80fb49aff00461f755fa470879f9e7c7df8fc2570216acf294233fafed2c,2a4cc42d4a76d5f3dbf2f21515fa0e516a8f02b0651acd48989c1cc9be488e7b,sha256:b20ad2dc8235330a73e739215e4de6577577add0915bb4886c7bd04e157f0d33,Omega_hat_NativeTrace,224453,=,MEASURED,,clang-18.1.8-coverage-state-load-v1,clang-18.1.8-coverage-state-load-v1,Clang 18.1.8 Linux amd64 container,clang-18.1.8-coverage-state-load-v1,3,experiments/lcb_hard_v1_cpp/measurements/program-complexity/long-trace-final/cpp/profiles.jsonl
program-complexity-normalized-v2,lcb_hard_v1_cpp,atcoder/arc196_d,long-trace-final,cpp,e2df80fb49aff00461f755fa470879f9e7c7df8fc2570216acf294233fafed2c,2a4cc42d4a76d5f3dbf2f21515fa0e516a8f02b0651acd48989c1cc9be488e7b,sha256:b20ad2dc8235330a73e739215e4de6577577add0915bb4886c7bd04e157f0d33,Omega_hat_StateSize,5430328,=,MEASURED,,clang-18.1.8-coverage-state-load-v1,clang-18.1.8-coverage-state-load-v1,Clang 18.1.8 Linux amd64 container,clang-18.1.8-coverage-state-load-v1,3,experiments/lcb_hard_v1_cpp/measurements/program-complexity/long-trace-final/cpp/profiles.jsonl
program-complexity-normalized-v2,lcb_hard_v1_cpp,atcoder/arc196_d,long-trace-final,cpp,e2df80fb49aff00461f755fa470879f9e7c7df8fc2570216acf294233fafed2c,2a4cc42d4a76d5f3dbf2f21515fa0e516a8f02b0651acd48989c1cc9be488e7b,sha256:b20ad2dc8235330a73e739215e4de6577577add0915bb4886c7bd04e157f0d33,Omega_hat_StateLoad,272060732536,=,MEASURED,,clang-18.1.8-coverage-state-load-v1,clang-18.1.8-coverage-state-load-v1,Clang 18.1.8 Linux amd64 container,clang-18.1.8-coverage-state-load-v1,3,experiments/lcb_hard_v1_cpp/measurements/program-complexity/long-trace-final/cpp/profiles.jsonl
program-complexity-normalized-v2,lcb_hard_v1_cpp,atcoder/arc196_d,inside-loop-state,cpp,672eb0feb4559c27ba9cf41483a0a1e22907856d46eff72b742b94fe9fbcaef5,2a4cc42d4a76d5f3dbf2f21515fa0e516a8f02b0651acd48989c1cc9be488e7b,sha256:a2635111cd703c5fd32b5da4e7c5c8820a69cb554d4698907d69d9fbe3a1dce3,Omega_CC,34,=,MEASURED,,cpp-preprocessed-control-flow-v1,cpp-preprocessed-control-flow-v1,Clang 18.1.8 Linux amd64 container,,1,experiments/lcb_hard_v1_cpp/measurements/program-complexity/inside-loop-state/cpp/profiles.jsonl
program-complexity-normalized-v2,lcb_hard_v1_cpp,atcoder/arc196_d,inside-loop-state,cpp,672eb0feb4559c27ba9cf41483a0a1e22907856d46eff72b742b94fe9fbcaef5,2a4cc42d4a76d5f3dbf2f21515fa0e516a8f02b0651acd48989c1cc9be488e7b,sha256:a2635111cd703c5fd32b5da4e7c5c8820a69cb554d4698907d69d9fbe3a1dce3,Omega_hat_NativeTrace,61170,=,MEASURED,,clang-18.1.8-coverage-state-load-v1,clang-18.1.8-coverage-state-load-v1,Clang 18.1.8 Linux amd64 container,clang-18.1.8-coverage-state-load-v1,3,experiments/lcb_hard_v1_cpp/measurements/program-complexity/inside-loop-state/cpp/profiles.jsonl
program-complexity-normalized-v2,lcb_hard_v1_cpp,atcoder/arc196_d,inside-loop-state,cpp,672eb0feb4559c27ba9cf41483a0a1e22907856d46eff72b742b94fe9fbcaef5,2a4cc42d4a76d5f3dbf2f21515fa0e516a8f02b0651acd48989c1cc9be488e7b,sha256:a2635111cd703c5fd32b5da4e7c5c8820a69cb554d4698907d69d9fbe3a1dce3,Omega_hat_StateSize,5430329,=,MEASURED,,clang-18.1.8-coverage-state-load-v1,clang-18.1.8-coverage-state-load-v1,Clang 18.1.8 Linux amd64 container,clang-18.1.8-coverage-state-load-v1,3,experiments/lcb_hard_v1_cpp/measurements/program-complexity/inside-loop-state/cpp/profiles.jsonl
program-complexity-normalized-v2,lcb_hard_v1_cpp,atcoder/arc196_d,inside-loop-state,cpp,672eb0feb4559c27ba9cf41483a0a1e22907856d46eff72b742b94fe9fbcaef5,2a4cc42d4a76d5f3dbf2f21515fa0e516a8f02b0651acd48989c1cc9be488e7b,sha256:a2635111cd703c5fd32b5da4e7c5c8820a69cb554d4698907d69d9fbe3a1dce3,Omega_hat_StateLoad,68206311619,=,MEASURED,,clang-18.1.8-coverage-state-load-v1,clang-18.1.8-coverage-state-load-v1,Clang 18.1.8 Linux amd64 container,clang-18.1.8-coverage-state-load-v1,3,experiments/lcb_hard_v1_cpp/measurements/program-complexity/inside-loop-state/cpp/profiles.jsonl
program-complexity-normalized-v2,lcb_hard_v1_cpp,atcoder/arc196_d,post-loop-state,cpp,03fc561804d1aa6a438879ccafe8e9b629bcd2ec8a00378937eaedc6702735fc,2a4cc42d4a76d5f3dbf2f21515fa0e516a8f02b0651acd48989c1cc9be488e7b,sha256:542e86e9696fd5608aff4f8c333997be455fbb07a724e50d96c2ebef3bdb0743,Omega_CC,34,=,MEASURED,,cpp-preprocessed-control-flow-v1,cpp-preprocessed-control-flow-v1,Clang 18.1.8 Linux amd64 container,,1,experiments/lcb_hard_v1_cpp/measurements/program-complexity/post-loop-state/cpp/profiles.jsonl
program-complexity-normalized-v2,lcb_hard_v1_cpp,atcoder/arc196_d,post-loop-state,cpp,03fc561804d1aa6a438879ccafe8e9b629bcd2ec8a00378937eaedc6702735fc,2a4cc42d4a76d5f3dbf2f21515fa0e516a8f02b0651acd48989c1cc9be488e7b,sha256:542e86e9696fd5608aff4f8c333997be455fbb07a724e50d96c2ebef3bdb0743,Omega_hat_NativeTrace,115724,=,MEASURED,,clang-18.1.8-coverage-state-load-v1,clang-18.1.8-coverage-state-load-v1,Clang 18.1.8 Linux amd64 container,clang-18.1.8-coverage-state-load-v1,3,experiments/lcb_hard_v1_cpp/measurements/program-complexity/post-loop-state/cpp/profiles.jsonl
program-complexity-normalized-v2,lcb_hard_v1_cpp,atcoder/arc196_d,post-loop-state,cpp,03fc561804d1aa6a438879ccafe8e9b629bcd2ec8a00378937eaedc6702735fc,2a4cc42d4a76d5f3dbf2f21515fa0e516a8f02b0651acd48989c1cc9be488e7b,sha256:542e86e9696fd5608aff4f8c333997be455fbb07a724e50d96c2ebef3bdb0743,Omega_hat_StateSize,5430329,=,MEASURED,,clang-18.1.8-coverage-state-load-v1,clang-18.1.8-coverage-state-load-v1,Clang 18.1.8 Linux amd64 container,clang-18.1.8-coverage-state-load-v1,3,experiments/lcb_hard_v1_cpp/measurements/program-complexity/post-loop-state/cpp/profiles.jsonl
program-complexity-normalized-v2,lcb_hard_v1_cpp,atcoder/arc196_d,post-loop-state,cpp,03fc561804d1aa6a438879ccafe8e9b629bcd2ec8a00378937eaedc6702735fc,2a4cc42d4a76d5f3dbf2f21515fa0e516a8f02b0651acd48989c1cc9be488e7b,sha256:542e86e9696fd5608aff4f8c333997be455fbb07a724e50d96c2ebef3bdb0743,Omega_hat_StateLoad,136172282851,=,MEASURED,,clang-18.1.8-coverage-state-load-v1,clang-18.1.8-coverage-state-load-v1,Clang 18.1.8 Linux amd64 container,clang-18.1.8-coverage-state-load-v1,3,experiments/lcb_hard_v1_cpp/measurements/program-complexity/post-loop-state/cpp/profiles.jsonl
