schema_version,benchmark,problem,arm,language,source_sha256,input_sha256,execution_id,metric,value,value_relation,status,not_measured_reason,adapter,adapter_version,runtime,observation_convention,repetitions,source_profile
program-complexity-normalized-v2,codecontests_reasoning_state_prediction,codecontests-test-1580b,short-trace-final,cpp,e49cc24f56c43dda6796ffbf38185eb1f4f689c19e9ec2b7010717fbd33f09cd,4badc34556ceafd1c2c4699ce5b2a3bc32594a4b7e29c24a4068f61563022cdc,sha256:0104e25e35d7fa2b4182b76549557aafe78650ce04eebd166e45be5bd57ce9b2,Omega_CC,21,=,MEASURED,,cpp-preprocessed-control-flow-v1,cpp-preprocessed-control-flow-v1,Debian clang version 18.1.8 (++20240731024826+3b5b5c1ec4a3-1~exp1~20240731144843.145),,1,experiments/codecontests_reasoning_state_prediction/measurements/program-complexity/profiles.json
program-complexity-normalized-v2,codecontests_reasoning_state_prediction,codecontests-test-1580b,short-trace-final,cpp,e49cc24f56c43dda6796ffbf38185eb1f4f689c19e9ec2b7010717fbd33f09cd,4badc34556ceafd1c2c4699ce5b2a3bc32594a4b7e29c24a4068f61563022cdc,sha256:0104e25e35d7fa2b4182b76549557aafe78650ce04eebd166e45be5bd57ce9b2,Omega_hat_NativeTrace,2095,=,MEASURED,,clang-18.1.8-coverage-state-load-v1,clang-18.1.8-coverage-state-load-v1,Debian clang version 18.1.8 (++20240731024826+3b5b5c1ec4a3-1~exp1~20240731144843.145),clang-18.1.8-coverage-state-load-v1,3,experiments/codecontests_reasoning_state_prediction/measurements/program-complexity/profiles.json
program-complexity-normalized-v2,codecontests_reasoning_state_prediction,codecontests-test-1580b,short-trace-final,cpp,e49cc24f56c43dda6796ffbf38185eb1f4f689c19e9ec2b7010717fbd33f09cd,4badc34556ceafd1c2c4699ce5b2a3bc32594a4b7e29c24a4068f61563022cdc,sha256:0104e25e35d7fa2b4182b76549557aafe78650ce04eebd166e45be5bd57ce9b2,Omega_hat_StateSize,1082351,=,MEASURED,,clang-18.1.8-coverage-state-load-v1,clang-18.1.8-coverage-state-load-v1,Debian clang version 18.1.8 (++20240731024826+3b5b5c1ec4a3-1~exp1~20240731144843.145),incremental observation after binding or supported-container state changes,3,experiments/codecontests_reasoning_state_prediction/measurements/program-complexity/profiles.json
program-complexity-normalized-v2,codecontests_reasoning_state_prediction,codecontests-test-1580b,short-trace-final,cpp,e49cc24f56c43dda6796ffbf38185eb1f4f689c19e9ec2b7010717fbd33f09cd,4badc34556ceafd1c2c4699ce5b2a3bc32594a4b7e29c24a4068f61563022cdc,sha256:0104e25e35d7fa2b4182b76549557aafe78650ce04eebd166e45be5bd57ce9b2,Omega_hat_StateLoad,1334498244,=,MEASURED,,clang-18.1.8-coverage-state-load-v1,clang-18.1.8-coverage-state-load-v1,Debian clang version 18.1.8 (++20240731024826+3b5b5c1ec4a3-1~exp1~20240731144843.145),incremental observation after binding or supported-container state changes,3,experiments/codecontests_reasoning_state_prediction/measurements/program-complexity/profiles.json
program-complexity-normalized-v2,codecontests_reasoning_state_prediction,codecontests-test-1580b,long-trace-final,cpp,e49cc24f56c43dda6796ffbf38185eb1f4f689c19e9ec2b7010717fbd33f09cd,01bf10bc19e4055efc275e06e8439f42cb308446a927457954f085b1c36f701a,sha256:d7d31ed51ee9c5a1dfb7a4d532debe0ef41ad0c50f0e20c4a4577973225f5c80,Omega_CC,21,=,MEASURED,,cpp-preprocessed-control-flow-v1,cpp-preprocessed-control-flow-v1,Debian clang version 18.1.8 (++20240731024826+3b5b5c1ec4a3-1~exp1~20240731144843.145),,1,experiments/codecontests_reasoning_state_prediction/measurements/program-complexity/profiles.json
program-complexity-normalized-v2,codecontests_reasoning_state_prediction,codecontests-test-1580b,long-trace-final,cpp,e49cc24f56c43dda6796ffbf38185eb1f4f689c19e9ec2b7010717fbd33f09cd,01bf10bc19e4055efc275e06e8439f42cb308446a927457954f085b1c36f701a,sha256:d7d31ed51ee9c5a1dfb7a4d532debe0ef41ad0c50f0e20c4a4577973225f5c80,Omega_hat_NativeTrace,164275450,=,MEASURED,,clang-18.1.8-coverage-state-load-v1,clang-18.1.8-coverage-state-load-v1,Debian clang version 18.1.8 (++20240731024826+3b5b5c1ec4a3-1~exp1~20240731144843.145),clang-18.1.8-coverage-state-load-v1,3,experiments/codecontests_reasoning_state_prediction/measurements/program-complexity/profiles.json
program-complexity-normalized-v2,codecontests_reasoning_state_prediction,codecontests-test-1580b,long-trace-final,cpp,e49cc24f56c43dda6796ffbf38185eb1f4f689c19e9ec2b7010717fbd33f09cd,01bf10bc19e4055efc275e06e8439f42cb308446a927457954f085b1c36f701a,sha256:d7d31ed51ee9c5a1dfb7a4d532debe0ef41ad0c50f0e20c4a4577973225f5c80,Omega_hat_StateSize,1082455,=,MEASURED,,clang-18.1.8-coverage-state-load-v1,clang-18.1.8-coverage-state-load-v1,Debian clang version 18.1.8 (++20240731024826+3b5b5c1ec4a3-1~exp1~20240731144843.145),incremental observation after binding or supported-container state changes,3,experiments/codecontests_reasoning_state_prediction/measurements/program-complexity/profiles.json
program-complexity-normalized-v2,codecontests_reasoning_state_prediction,codecontests-test-1580b,long-trace-final,cpp,e49cc24f56c43dda6796ffbf38185eb1f4f689c19e9ec2b7010717fbd33f09cd,01bf10bc19e4055efc275e06e8439f42cb308446a927457954f085b1c36f701a,sha256:d7d31ed51ee9c5a1dfb7a4d532debe0ef41ad0c50f0e20c4a4577973225f5c80,Omega_hat_StateLoad,123221869874820,=,MEASURED,,clang-18.1.8-coverage-state-load-v1,clang-18.1.8-coverage-state-load-v1,Debian clang version 18.1.8 (++20240731024826+3b5b5c1ec4a3-1~exp1~20240731144843.145),incremental observation after binding or supported-container state changes,3,experiments/codecontests_reasoning_state_prediction/measurements/program-complexity/profiles.json
program-complexity-normalized-v2,codecontests_reasoning_state_prediction,codecontests-test-1580b,inside-loop-state,cpp,de821758d705b3efd9657c5b7021e5d724533788eed2c97f5213f6ee05a90127,01bf10bc19e4055efc275e06e8439f42cb308446a927457954f085b1c36f701a,sha256:d1e1510d70e1449ed057f7dbe908d7968df64ab788f33e8f383e184ee540ecea,Omega_CC,29,=,MEASURED,,cpp-preprocessed-control-flow-v1,cpp-preprocessed-control-flow-v1,Debian clang version 18.1.8 (++20240731024826+3b5b5c1ec4a3-1~exp1~20240731144843.145),,1,experiments/codecontests_reasoning_state_prediction/measurements/program-complexity/profiles.json
program-complexity-normalized-v2,codecontests_reasoning_state_prediction,codecontests-test-1580b,inside-loop-state,cpp,de821758d705b3efd9657c5b7021e5d724533788eed2c97f5213f6ee05a90127,01bf10bc19e4055efc275e06e8439f42cb308446a927457954f085b1c36f701a,sha256:d1e1510d70e1449ed057f7dbe908d7968df64ab788f33e8f383e184ee540ecea,Omega_hat_NativeTrace,839,=,MEASURED,,clang-18.1.8-coverage-state-load-v1,clang-18.1.8-coverage-state-load-v1,Debian clang version 18.1.8 (++20240731024826+3b5b5c1ec4a3-1~exp1~20240731144843.145),clang-18.1.8-coverage-state-load-v1,3,experiments/codecontests_reasoning_state_prediction/measurements/program-complexity/profiles.json
program-complexity-normalized-v2,codecontests_reasoning_state_prediction,codecontests-test-1580b,inside-loop-state,cpp,de821758d705b3efd9657c5b7021e5d724533788eed2c97f5213f6ee05a90127,01bf10bc19e4055efc275e06e8439f42cb308446a927457954f085b1c36f701a,sha256:d1e1510d70e1449ed057f7dbe908d7968df64ab788f33e8f383e184ee540ecea,Omega_hat_StateSize,1082353,=,MEASURED,,clang-18.1.8-coverage-state-load-v1,clang-18.1.8-coverage-state-load-v1,Debian clang version 18.1.8 (++20240731024826+3b5b5c1ec4a3-1~exp1~20240731144843.145),incremental observation after binding or supported-container state changes,3,experiments/codecontests_reasoning_state_prediction/measurements/program-complexity/profiles.json
program-complexity-normalized-v2,codecontests_reasoning_state_prediction,codecontests-test-1580b,inside-loop-state,cpp,de821758d705b3efd9657c5b7021e5d724533788eed2c97f5213f6ee05a90127,01bf10bc19e4055efc275e06e8439f42cb308446a927457954f085b1c36f701a,sha256:d1e1510d70e1449ed057f7dbe908d7968df64ab788f33e8f383e184ee540ecea,Omega_hat_StateLoad,624486447,=,MEASURED,,clang-18.1.8-coverage-state-load-v1,clang-18.1.8-coverage-state-load-v1,Debian clang version 18.1.8 (++20240731024826+3b5b5c1ec4a3-1~exp1~20240731144843.145),incremental observation after binding or supported-container state changes,3,experiments/codecontests_reasoning_state_prediction/measurements/program-complexity/profiles.json
program-complexity-normalized-v2,codecontests_reasoning_state_prediction,codecontests-test-1580b,post-loop-state,cpp,651daa060f41dcbf742f65839b776fde4796201d3b99d00773278bba61645417,01bf10bc19e4055efc275e06e8439f42cb308446a927457954f085b1c36f701a,sha256:90c19cf0af200b107b71e647a19e547491291e9b0617b6f6bdf1882596e81061,Omega_CC,29,=,MEASURED,,cpp-preprocessed-control-flow-v1,cpp-preprocessed-control-flow-v1,Debian clang version 18.1.8 (++20240731024826+3b5b5c1ec4a3-1~exp1~20240731144843.145),,1,experiments/codecontests_reasoning_state_prediction/measurements/program-complexity/profiles.json
program-complexity-normalized-v2,codecontests_reasoning_state_prediction,codecontests-test-1580b,post-loop-state,cpp,651daa060f41dcbf742f65839b776fde4796201d3b99d00773278bba61645417,01bf10bc19e4055efc275e06e8439f42cb308446a927457954f085b1c36f701a,sha256:90c19cf0af200b107b71e647a19e547491291e9b0617b6f6bdf1882596e81061,Omega_hat_NativeTrace,753,=,MEASURED,,clang-18.1.8-coverage-state-load-v1,clang-18.1.8-coverage-state-load-v1,Debian clang version 18.1.8 (++20240731024826+3b5b5c1ec4a3-1~exp1~20240731144843.145),clang-18.1.8-coverage-state-load-v1,3,experiments/codecontests_reasoning_state_prediction/measurements/program-complexity/profiles.json
program-complexity-normalized-v2,codecontests_reasoning_state_prediction,codecontests-test-1580b,post-loop-state,cpp,651daa060f41dcbf742f65839b776fde4796201d3b99d00773278bba61645417,01bf10bc19e4055efc275e06e8439f42cb308446a927457954f085b1c36f701a,sha256:90c19cf0af200b107b71e647a19e547491291e9b0617b6f6bdf1882596e81061,Omega_hat_StateSize,1082352,=,MEASURED,,clang-18.1.8-coverage-state-load-v1,clang-18.1.8-coverage-state-load-v1,Debian clang version 18.1.8 (++20240731024826+3b5b5c1ec4a3-1~exp1~20240731144843.145),incremental observation after binding or supported-container state changes,3,experiments/codecontests_reasoning_state_prediction/measurements/program-complexity/profiles.json
program-complexity-normalized-v2,codecontests_reasoning_state_prediction,codecontests-test-1580b,post-loop-state,cpp,651daa060f41dcbf742f65839b776fde4796201d3b99d00773278bba61645417,01bf10bc19e4055efc275e06e8439f42cb308446a927457954f085b1c36f701a,sha256:90c19cf0af200b107b71e647a19e547491291e9b0617b6f6bdf1882596e81061,Omega_hat_StateLoad,634227280,=,MEASURED,,clang-18.1.8-coverage-state-load-v1,clang-18.1.8-coverage-state-load-v1,Debian clang version 18.1.8 (++20240731024826+3b5b5c1ec4a3-1~exp1~20240731144843.145),incremental observation after binding or supported-container state changes,3,experiments/codecontests_reasoning_state_prediction/measurements/program-complexity/profiles.json
program-complexity-normalized-v2,codecontests_reasoning_state_prediction,codecontests-test-1580f,short-trace-final,cpp,14ddc455906166c8cc9ba66260dd1ee85ca6354b865eda03f0f3871dae33ae17,66cad223eb4b52b45ee49a6f14a923756f9c308fb0a2f62f02808d1d2491969e,sha256:8a71f37d48507da126d73ae2f9476af2663a77632435f700181da3720d4f58e1,Omega_CC,42,=,MEASURED,,cpp-preprocessed-control-flow-v1,cpp-preprocessed-control-flow-v1,Debian clang version 18.1.8 (++20240731024826+3b5b5c1ec4a3-1~exp1~20240731144843.145),,1,experiments/codecontests_reasoning_state_prediction/measurements/program-complexity/profiles.json
program-complexity-normalized-v2,codecontests_reasoning_state_prediction,codecontests-test-1580f,short-trace-final,cpp,14ddc455906166c8cc9ba66260dd1ee85ca6354b865eda03f0f3871dae33ae17,66cad223eb4b52b45ee49a6f14a923756f9c308fb0a2f62f02808d1d2491969e,sha256:8a71f37d48507da126d73ae2f9476af2663a77632435f700181da3720d4f58e1,Omega_hat_NativeTrace,58249376,=,MEASURED,,clang-18.1.8-coverage-state-load-v1,clang-18.1.8-coverage-state-load-v1,Debian clang version 18.1.8 (++20240731024826+3b5b5c1ec4a3-1~exp1~20240731144843.145),clang-18.1.8-coverage-state-load-v1,3,experiments/codecontests_reasoning_state_prediction/measurements/program-complexity/profiles.json
program-complexity-normalized-v2,codecontests_reasoning_state_prediction,codecontests-test-1580f,short-trace-final,cpp,14ddc455906166c8cc9ba66260dd1ee85ca6354b865eda03f0f3871dae33ae17,66cad223eb4b52b45ee49a6f14a923756f9c308fb0a2f62f02808d1d2491969e,sha256:8a71f37d48507da126d73ae2f9476af2663a77632435f700181da3720d4f58e1,Omega_hat_StateSize,840185,=,MEASURED,,clang-18.1.8-coverage-state-load-v1,clang-18.1.8-coverage-state-load-v1,Debian clang version 18.1.8 (++20240731024826+3b5b5c1ec4a3-1~exp1~20240731144843.145),incremental observation after binding or supported-container state changes,3,experiments/codecontests_reasoning_state_prediction/measurements/program-complexity/profiles.json
program-complexity-normalized-v2,codecontests_reasoning_state_prediction,codecontests-test-1580f,short-trace-final,cpp,14ddc455906166c8cc9ba66260dd1ee85ca6354b865eda03f0f3871dae33ae17,66cad223eb4b52b45ee49a6f14a923756f9c308fb0a2f62f02808d1d2491969e,sha256:8a71f37d48507da126d73ae2f9476af2663a77632435f700181da3720d4f58e1,Omega_hat_StateLoad,41166621651798,=,MEASURED,,clang-18.1.8-coverage-state-load-v1,clang-18.1.8-coverage-state-load-v1,Debian clang version 18.1.8 (++20240731024826+3b5b5c1ec4a3-1~exp1~20240731144843.145),incremental observation after binding or supported-container state changes,3,experiments/codecontests_reasoning_state_prediction/measurements/program-complexity/profiles.json
program-complexity-normalized-v2,codecontests_reasoning_state_prediction,codecontests-test-1580f,long-trace-final,cpp,14ddc455906166c8cc9ba66260dd1ee85ca6354b865eda03f0f3871dae33ae17,d72b57384d564b166e605cb1fe15b30202227d8df8021b4e67f0275e92852971,sha256:786b98662dc1bd42e4d891c36b7d41dac8935c335b87303568cf8705305709bf,Omega_CC,42,=,MEASURED,,cpp-preprocessed-control-flow-v1,cpp-preprocessed-control-flow-v1,Debian clang version 18.1.8 (++20240731024826+3b5b5c1ec4a3-1~exp1~20240731144843.145),,1,experiments/codecontests_reasoning_state_prediction/measurements/program-complexity/profiles.json
program-complexity-normalized-v2,codecontests_reasoning_state_prediction,codecontests-test-1580f,long-trace-final,cpp,14ddc455906166c8cc9ba66260dd1ee85ca6354b865eda03f0f3871dae33ae17,d72b57384d564b166e605cb1fe15b30202227d8df8021b4e67f0275e92852971,sha256:786b98662dc1bd42e4d891c36b7d41dac8935c335b87303568cf8705305709bf,Omega_hat_NativeTrace,58258370,=,MEASURED,,clang-18.1.8-coverage-state-load-v1,clang-18.1.8-coverage-state-load-v1,Debian clang version 18.1.8 (++20240731024826+3b5b5c1ec4a3-1~exp1~20240731144843.145),clang-18.1.8-coverage-state-load-v1,3,experiments/codecontests_reasoning_state_prediction/measurements/program-complexity/profiles.json
program-complexity-normalized-v2,codecontests_reasoning_state_prediction,codecontests-test-1580f,long-trace-final,cpp,14ddc455906166c8cc9ba66260dd1ee85ca6354b865eda03f0f3871dae33ae17,d72b57384d564b166e605cb1fe15b30202227d8df8021b4e67f0275e92852971,sha256:786b98662dc1bd42e4d891c36b7d41dac8935c335b87303568cf8705305709bf,Omega_hat_StateSize,840619,=,MEASURED,,clang-18.1.8-coverage-state-load-v1,clang-18.1.8-coverage-state-load-v1,Debian clang version 18.1.8 (++20240731024826+3b5b5c1ec4a3-1~exp1~20240731144843.145),incremental observation after binding or supported-container state changes,3,experiments/codecontests_reasoning_state_prediction/measurements/program-complexity/profiles.json
program-complexity-normalized-v2,codecontests_reasoning_state_prediction,codecontests-test-1580f,long-trace-final,cpp,14ddc455906166c8cc9ba66260dd1ee85ca6354b865eda03f0f3871dae33ae17,d72b57384d564b166e605cb1fe15b30202227d8df8021b4e67f0275e92852971,sha256:786b98662dc1bd42e4d891c36b7d41dac8935c335b87303568cf8705305709bf,Omega_hat_StateLoad,41173337298488,=,MEASURED,,clang-18.1.8-coverage-state-load-v1,clang-18.1.8-coverage-state-load-v1,Debian clang version 18.1.8 (++20240731024826+3b5b5c1ec4a3-1~exp1~20240731144843.145),incremental observation after binding or supported-container state changes,3,experiments/codecontests_reasoning_state_prediction/measurements/program-complexity/profiles.json
program-complexity-normalized-v2,codecontests_reasoning_state_prediction,codecontests-test-1580f,inside-loop-state,cpp,bfcc98152560bffe5dfc4d96ac7ad6087d8a47a1cf596714f45a7366a323508a,d72b57384d564b166e605cb1fe15b30202227d8df8021b4e67f0275e92852971,sha256:fcae21cb10fffa4c504c67ea26e3c141c7f7cbaa9deeb22826f62b4dede7f91c,Omega_CC,50,=,MEASURED,,cpp-preprocessed-control-flow-v1,cpp-preprocessed-control-flow-v1,Debian clang version 18.1.8 (++20240731024826+3b5b5c1ec4a3-1~exp1~20240731144843.145),,1,experiments/codecontests_reasoning_state_prediction/measurements/program-complexity/profiles.json
program-complexity-normalized-v2,codecontests_reasoning_state_prediction,codecontests-test-1580f,inside-loop-state,cpp,bfcc98152560bffe5dfc4d96ac7ad6087d8a47a1cf596714f45a7366a323508a,d72b57384d564b166e605cb1fe15b30202227d8df8021b4e67f0275e92852971,sha256:fcae21cb10fffa4c504c67ea26e3c141c7f7cbaa9deeb22826f62b4dede7f91c,Omega_hat_NativeTrace,58233084,=,MEASURED,,clang-18.1.8-coverage-state-load-v1,clang-18.1.8-coverage-state-load-v1,Debian clang version 18.1.8 (++20240731024826+3b5b5c1ec4a3-1~exp1~20240731144843.145),clang-18.1.8-coverage-state-load-v1,3,experiments/codecontests_reasoning_state_prediction/measurements/program-complexity/profiles.json
program-complexity-normalized-v2,codecontests_reasoning_state_prediction,codecontests-test-1580f,inside-loop-state,cpp,bfcc98152560bffe5dfc4d96ac7ad6087d8a47a1cf596714f45a7366a323508a,d72b57384d564b166e605cb1fe15b30202227d8df8021b4e67f0275e92852971,sha256:fcae21cb10fffa4c504c67ea26e3c141c7f7cbaa9deeb22826f62b4dede7f91c,Omega_hat_StateSize,840524,=,MEASURED,,clang-18.1.8-coverage-state-load-v1,clang-18.1.8-coverage-state-load-v1,Debian clang version 18.1.8 (++20240731024826+3b5b5c1ec4a3-1~exp1~20240731144843.145),incremental observation after binding or supported-container state changes,3,experiments/codecontests_reasoning_state_prediction/measurements/program-complexity/profiles.json
program-complexity-normalized-v2,codecontests_reasoning_state_prediction,codecontests-test-1580f,inside-loop-state,cpp,bfcc98152560bffe5dfc4d96ac7ad6087d8a47a1cf596714f45a7366a323508a,d72b57384d564b166e605cb1fe15b30202227d8df8021b4e67f0275e92852971,sha256:fcae21cb10fffa4c504c67ea26e3c141c7f7cbaa9deeb22826f62b4dede7f91c,Omega_hat_StateLoad,41157227775110,=,MEASURED,,clang-18.1.8-coverage-state-load-v1,clang-18.1.8-coverage-state-load-v1,Debian clang version 18.1.8 (++20240731024826+3b5b5c1ec4a3-1~exp1~20240731144843.145),incremental observation after binding or supported-container state changes,3,experiments/codecontests_reasoning_state_prediction/measurements/program-complexity/profiles.json
program-complexity-normalized-v2,codecontests_reasoning_state_prediction,codecontests-test-1580f,post-loop-state,cpp,8526c634fe8de6d447557c0456ea3013ff50b851688579983204c869ac4dcb57,d72b57384d564b166e605cb1fe15b30202227d8df8021b4e67f0275e92852971,sha256:8f0ee1847c369e45cd127901988fa724fcd20c309fd00c2513a50af330408246,Omega_CC,50,=,MEASURED,,cpp-preprocessed-control-flow-v1,cpp-preprocessed-control-flow-v1,Debian clang version 18.1.8 (++20240731024826+3b5b5c1ec4a3-1~exp1~20240731144843.145),,1,experiments/codecontests_reasoning_state_prediction/measurements/program-complexity/profiles.json
program-complexity-normalized-v2,codecontests_reasoning_state_prediction,codecontests-test-1580f,post-loop-state,cpp,8526c634fe8de6d447557c0456ea3013ff50b851688579983204c869ac4dcb57,d72b57384d564b166e605cb1fe15b30202227d8df8021b4e67f0275e92852971,sha256:8f0ee1847c369e45cd127901988fa724fcd20c309fd00c2513a50af330408246,Omega_hat_NativeTrace,58233011,=,MEASURED,,clang-18.1.8-coverage-state-load-v1,clang-18.1.8-coverage-state-load-v1,Debian clang version 18.1.8 (++20240731024826+3b5b5c1ec4a3-1~exp1~20240731144843.145),clang-18.1.8-coverage-state-load-v1,3,experiments/codecontests_reasoning_state_prediction/measurements/program-complexity/profiles.json
program-complexity-normalized-v2,codecontests_reasoning_state_prediction,codecontests-test-1580f,post-loop-state,cpp,8526c634fe8de6d447557c0456ea3013ff50b851688579983204c869ac4dcb57,d72b57384d564b166e605cb1fe15b30202227d8df8021b4e67f0275e92852971,sha256:8f0ee1847c369e45cd127901988fa724fcd20c309fd00c2513a50af330408246,Omega_hat_StateSize,840524,=,MEASURED,,clang-18.1.8-coverage-state-load-v1,clang-18.1.8-coverage-state-load-v1,Debian clang version 18.1.8 (++20240731024826+3b5b5c1ec4a3-1~exp1~20240731144843.145),incremental observation after binding or supported-container state changes,3,experiments/codecontests_reasoning_state_prediction/measurements/program-complexity/profiles.json
program-complexity-normalized-v2,codecontests_reasoning_state_prediction,codecontests-test-1580f,post-loop-state,cpp,8526c634fe8de6d447557c0456ea3013ff50b851688579983204c869ac4dcb57,d72b57384d564b166e605cb1fe15b30202227d8df8021b4e67f0275e92852971,sha256:8f0ee1847c369e45cd127901988fa724fcd20c309fd00c2513a50af330408246,Omega_hat_StateLoad,41157233657412,=,MEASURED,,clang-18.1.8-coverage-state-load-v1,clang-18.1.8-coverage-state-load-v1,Debian clang version 18.1.8 (++20240731024826+3b5b5c1ec4a3-1~exp1~20240731144843.145),incremental observation after binding or supported-container state changes,3,experiments/codecontests_reasoning_state_prediction/measurements/program-complexity/profiles.json
program-complexity-normalized-v2,codecontests_reasoning_state_prediction,codecontests-test-1586f,short-trace-final,cpp,50fa6366595a53ba7e82bd4bc65563c718c29a2a4b9c1b4e6f80fab5bdeabd90,ece3d232c1ca9ef8a80b6fdb1585b8f5cf653b9dd023b0521c8da64db859ffac,sha256:684d9a07e73569d40adcb396fc04e2cdb036bceec0709ef3398a4ff1773e6b83,Omega_CC,13,=,MEASURED,,cpp-preprocessed-control-flow-v1,cpp-preprocessed-control-flow-v1,Debian clang version 18.1.8 (++20240731024826+3b5b5c1ec4a3-1~exp1~20240731144843.145),,1,experiments/codecontests_reasoning_state_prediction/measurements/program-complexity/profiles.json
program-complexity-normalized-v2,codecontests_reasoning_state_prediction,codecontests-test-1586f,short-trace-final,cpp,50fa6366595a53ba7e82bd4bc65563c718c29a2a4b9c1b4e6f80fab5bdeabd90,ece3d232c1ca9ef8a80b6fdb1585b8f5cf653b9dd023b0521c8da64db859ffac,sha256:684d9a07e73569d40adcb396fc04e2cdb036bceec0709ef3398a4ff1773e6b83,Omega_hat_NativeTrace,110,=,MEASURED,,clang-18.1.8-coverage-state-load-v1,clang-18.1.8-coverage-state-load-v1,Debian clang version 18.1.8 (++20240731024826+3b5b5c1ec4a3-1~exp1~20240731144843.145),clang-18.1.8-coverage-state-load-v1,3,experiments/codecontests_reasoning_state_prediction/measurements/program-complexity/profiles.json
program-complexity-normalized-v2,codecontests_reasoning_state_prediction,codecontests-test-1586f,short-trace-final,cpp,50fa6366595a53ba7e82bd4bc65563c718c29a2a4b9c1b4e6f80fab5bdeabd90,ece3d232c1ca9ef8a80b6fdb1585b8f5cf653b9dd023b0521c8da64db859ffac,sha256:684d9a07e73569d40adcb396fc04e2cdb036bceec0709ef3398a4ff1773e6b83,Omega_hat_StateSize,1011054,=,MEASURED,,clang-18.1.8-coverage-state-load-v1,clang-18.1.8-coverage-state-load-v1,Debian clang version 18.1.8 (++20240731024826+3b5b5c1ec4a3-1~exp1~20240731144843.145),incremental observation after binding or supported-container state changes,3,experiments/codecontests_reasoning_state_prediction/measurements/program-complexity/profiles.json
program-complexity-normalized-v2,codecontests_reasoning_state_prediction,codecontests-test-1586f,short-trace-final,cpp,50fa6366595a53ba7e82bd4bc65563c718c29a2a4b9c1b4e6f80fab5bdeabd90,ece3d232c1ca9ef8a80b6fdb1585b8f5cf653b9dd023b0521c8da64db859ffac,sha256:684d9a07e73569d40adcb396fc04e2cdb036bceec0709ef3398a4ff1773e6b83,Omega_hat_StateLoad,145590447,=,MEASURED,,clang-18.1.8-coverage-state-load-v1,clang-18.1.8-coverage-state-load-v1,Debian clang version 18.1.8 (++20240731024826+3b5b5c1ec4a3-1~exp1~20240731144843.145),incremental observation after binding or supported-container state changes,3,experiments/codecontests_reasoning_state_prediction/measurements/program-complexity/profiles.json
program-complexity-normalized-v2,codecontests_reasoning_state_prediction,codecontests-test-1586f,long-trace-final,cpp,50fa6366595a53ba7e82bd4bc65563c718c29a2a4b9c1b4e6f80fab5bdeabd90,e7a0a218331b68b73ad7ba079fd54be2a7cd8090a6e96eba3f4ee3001dc1d2dc,sha256:5a811629b72a3ac15df327bcfcecc96e6947f98a724f45c4fdec4a24342f1488,Omega_CC,13,=,MEASURED,,cpp-preprocessed-control-flow-v1,cpp-preprocessed-control-flow-v1,Debian clang version 18.1.8 (++20240731024826+3b5b5c1ec4a3-1~exp1~20240731144843.145),,1,experiments/codecontests_reasoning_state_prediction/measurements/program-complexity/profiles.json
program-complexity-normalized-v2,codecontests_reasoning_state_prediction,codecontests-test-1586f,long-trace-final,cpp,50fa6366595a53ba7e82bd4bc65563c718c29a2a4b9c1b4e6f80fab5bdeabd90,e7a0a218331b68b73ad7ba079fd54be2a7cd8090a6e96eba3f4ee3001dc1d2dc,sha256:5a811629b72a3ac15df327bcfcecc96e6947f98a724f45c4fdec4a24342f1488,Omega_hat_NativeTrace,41386,=,MEASURED,,clang-18.1.8-coverage-state-load-v1,clang-18.1.8-coverage-state-load-v1,Debian clang version 18.1.8 (++20240731024826+3b5b5c1ec4a3-1~exp1~20240731144843.145),clang-18.1.8-coverage-state-load-v1,3,experiments/codecontests_reasoning_state_prediction/measurements/program-complexity/profiles.json
program-complexity-normalized-v2,codecontests_reasoning_state_prediction,codecontests-test-1586f,long-trace-final,cpp,50fa6366595a53ba7e82bd4bc65563c718c29a2a4b9c1b4e6f80fab5bdeabd90,e7a0a218331b68b73ad7ba079fd54be2a7cd8090a6e96eba3f4ee3001dc1d2dc,sha256:5a811629b72a3ac15df327bcfcecc96e6947f98a724f45c4fdec4a24342f1488,Omega_hat_StateSize,1011696,=,MEASURED,,clang-18.1.8-coverage-state-load-v1,clang-18.1.8-coverage-state-load-v1,Debian clang version 18.1.8 (++20240731024826+3b5b5c1ec4a3-1~exp1~20240731144843.145),incremental observation after binding or supported-container state changes,3,experiments/codecontests_reasoning_state_prediction/measurements/program-complexity/profiles.json
program-complexity-normalized-v2,codecontests_reasoning_state_prediction,codecontests-test-1586f,long-trace-final,cpp,50fa6366595a53ba7e82bd4bc65563c718c29a2a4b9c1b4e6f80fab5bdeabd90,e7a0a218331b68b73ad7ba079fd54be2a7cd8090a6e96eba3f4ee3001dc1d2dc,sha256:5a811629b72a3ac15df327bcfcecc96e6947f98a724f45c4fdec4a24342f1488,Omega_hat_StateLoad,44184529715,=,MEASURED,,clang-18.1.8-coverage-state-load-v1,clang-18.1.8-coverage-state-load-v1,Debian clang version 18.1.8 (++20240731024826+3b5b5c1ec4a3-1~exp1~20240731144843.145),incremental observation after binding or supported-container state changes,3,experiments/codecontests_reasoning_state_prediction/measurements/program-complexity/profiles.json
program-complexity-normalized-v2,codecontests_reasoning_state_prediction,codecontests-test-1586f,inside-loop-state,cpp,c2fff1ad8c28452ca3e75e2efc59934a22d91572d3cde13bc7c743de6d34b147,e7a0a218331b68b73ad7ba079fd54be2a7cd8090a6e96eba3f4ee3001dc1d2dc,sha256:9a66ade61fb93ee8d99b1c35c275cc7c841069d297c680a7ae9e63eeb20bcfac,Omega_CC,21,=,MEASURED,,cpp-preprocessed-control-flow-v1,cpp-preprocessed-control-flow-v1,Debian clang version 18.1.8 (++20240731024826+3b5b5c1ec4a3-1~exp1~20240731144843.145),,1,experiments/codecontests_reasoning_state_prediction/measurements/program-complexity/profiles.json
program-complexity-normalized-v2,codecontests_reasoning_state_prediction,codecontests-test-1586f,inside-loop-state,cpp,c2fff1ad8c28452ca3e75e2efc59934a22d91572d3cde13bc7c743de6d34b147,e7a0a218331b68b73ad7ba079fd54be2a7cd8090a6e96eba3f4ee3001dc1d2dc,sha256:9a66ade61fb93ee8d99b1c35c275cc7c841069d297c680a7ae9e63eeb20bcfac,Omega_hat_NativeTrace,2866,=,MEASURED,,clang-18.1.8-coverage-state-load-v1,clang-18.1.8-coverage-state-load-v1,Debian clang version 18.1.8 (++20240731024826+3b5b5c1ec4a3-1~exp1~20240731144843.145),clang-18.1.8-coverage-state-load-v1,3,experiments/codecontests_reasoning_state_prediction/measurements/program-complexity/profiles.json
program-complexity-normalized-v2,codecontests_reasoning_state_prediction,codecontests-test-1586f,inside-loop-state,cpp,c2fff1ad8c28452ca3e75e2efc59934a22d91572d3cde13bc7c743de6d34b147,e7a0a218331b68b73ad7ba079fd54be2a7cd8090a6e96eba3f4ee3001dc1d2dc,sha256:9a66ade61fb93ee8d99b1c35c275cc7c841069d297c680a7ae9e63eeb20bcfac,Omega_hat_StateSize,1011696,=,MEASURED,,clang-18.1.8-coverage-state-load-v1,clang-18.1.8-coverage-state-load-v1,Debian clang version 18.1.8 (++20240731024826+3b5b5c1ec4a3-1~exp1~20240731144843.145),incremental observation after binding or supported-container state changes,3,experiments/codecontests_reasoning_state_prediction/measurements/program-complexity/profiles.json
program-complexity-normalized-v2,codecontests_reasoning_state_prediction,codecontests-test-1586f,inside-loop-state,cpp,c2fff1ad8c28452ca3e75e2efc59934a22d91572d3cde13bc7c743de6d34b147,e7a0a218331b68b73ad7ba079fd54be2a7cd8090a6e96eba3f4ee3001dc1d2dc,sha256:9a66ade61fb93ee8d99b1c35c275cc7c841069d297c680a7ae9e63eeb20bcfac,Omega_hat_StateLoad,4453997983,=,MEASURED,,clang-18.1.8-coverage-state-load-v1,clang-18.1.8-coverage-state-load-v1,Debian clang version 18.1.8 (++20240731024826+3b5b5c1ec4a3-1~exp1~20240731144843.145),incremental observation after binding or supported-container state changes,3,experiments/codecontests_reasoning_state_prediction/measurements/program-complexity/profiles.json
program-complexity-normalized-v2,codecontests_reasoning_state_prediction,codecontests-test-1586f,post-loop-state,cpp,cf6f023469c0bb5ffbb00877e5468516893961999aa07f0ecb8ade5ed40b2096,e7a0a218331b68b73ad7ba079fd54be2a7cd8090a6e96eba3f4ee3001dc1d2dc,sha256:430ac21942fe2403ee9d49e623c637596012219f9662c14736fff806898004e8,Omega_CC,21,=,MEASURED,,cpp-preprocessed-control-flow-v1,cpp-preprocessed-control-flow-v1,Debian clang version 18.1.8 (++20240731024826+3b5b5c1ec4a3-1~exp1~20240731144843.145),,1,experiments/codecontests_reasoning_state_prediction/measurements/program-complexity/profiles.json
program-complexity-normalized-v2,codecontests_reasoning_state_prediction,codecontests-test-1586f,post-loop-state,cpp,cf6f023469c0bb5ffbb00877e5468516893961999aa07f0ecb8ade5ed40b2096,e7a0a218331b68b73ad7ba079fd54be2a7cd8090a6e96eba3f4ee3001dc1d2dc,sha256:430ac21942fe2403ee9d49e623c637596012219f9662c14736fff806898004e8,Omega_hat_NativeTrace,2768,=,MEASURED,,clang-18.1.8-coverage-state-load-v1,clang-18.1.8-coverage-state-load-v1,Debian clang version 18.1.8 (++20240731024826+3b5b5c1ec4a3-1~exp1~20240731144843.145),clang-18.1.8-coverage-state-load-v1,3,experiments/codecontests_reasoning_state_prediction/measurements/program-complexity/profiles.json
program-complexity-normalized-v2,codecontests_reasoning_state_prediction,codecontests-test-1586f,post-loop-state,cpp,cf6f023469c0bb5ffbb00877e5468516893961999aa07f0ecb8ade5ed40b2096,e7a0a218331b68b73ad7ba079fd54be2a7cd8090a6e96eba3f4ee3001dc1d2dc,sha256:430ac21942fe2403ee9d49e623c637596012219f9662c14736fff806898004e8,Omega_hat_StateSize,1011696,=,MEASURED,,clang-18.1.8-coverage-state-load-v1,clang-18.1.8-coverage-state-load-v1,Debian clang version 18.1.8 (++20240731024826+3b5b5c1ec4a3-1~exp1~20240731144843.145),incremental observation after binding or supported-container state changes,3,experiments/codecontests_reasoning_state_prediction/measurements/program-complexity/profiles.json
program-complexity-normalized-v2,codecontests_reasoning_state_prediction,codecontests-test-1586f,post-loop-state,cpp,cf6f023469c0bb5ffbb00877e5468516893961999aa07f0ecb8ade5ed40b2096,e7a0a218331b68b73ad7ba079fd54be2a7cd8090a6e96eba3f4ee3001dc1d2dc,sha256:430ac21942fe2403ee9d49e623c637596012219f9662c14736fff806898004e8,Omega_hat_StateLoad,4459054592,=,MEASURED,,clang-18.1.8-coverage-state-load-v1,clang-18.1.8-coverage-state-load-v1,Debian clang version 18.1.8 (++20240731024826+3b5b5c1ec4a3-1~exp1~20240731144843.145),incremental observation after binding or supported-container state changes,3,experiments/codecontests_reasoning_state_prediction/measurements/program-complexity/profiles.json
program-complexity-normalized-v2,codecontests_reasoning_state_prediction,codecontests-test-1598f,short-trace-final,cpp,c86397161467c48a05a8a1c3b9d9cdc968122973e7759a52edbfee55607a0c48,0c302e793e9db86915c6163fbabb9d0a9976859eb54448cb12f96c3a4ff52328,sha256:27b7404d8cf28c636302fb4f483c1a63070c885260cde863fcde5492897a1214,Omega_CC,13,=,MEASURED,,cpp-preprocessed-control-flow-v1,cpp-preprocessed-control-flow-v1,Debian clang version 18.1.8 (++20240731024826+3b5b5c1ec4a3-1~exp1~20240731144843.145),,1,experiments/codecontests_reasoning_state_prediction/measurements/program-complexity/profiles.json
program-complexity-normalized-v2,codecontests_reasoning_state_prediction,codecontests-test-1598f,short-trace-final,cpp,c86397161467c48a05a8a1c3b9d9cdc968122973e7759a52edbfee55607a0c48,0c302e793e9db86915c6163fbabb9d0a9976859eb54448cb12f96c3a4ff52328,sha256:27b7404d8cf28c636302fb4f483c1a63070c885260cde863fcde5492897a1214,Omega_hat_NativeTrace,59,=,MEASURED,,clang-18.1.8-coverage-state-load-v1,clang-18.1.8-coverage-state-load-v1,Debian clang version 18.1.8 (++20240731024826+3b5b5c1ec4a3-1~exp1~20240731144843.145),clang-18.1.8-coverage-state-load-v1,3,experiments/codecontests_reasoning_state_prediction/measurements/program-complexity/profiles.json
program-complexity-normalized-v2,codecontests_reasoning_state_prediction,codecontests-test-1598f,short-trace-final,cpp,c86397161467c48a05a8a1c3b9d9cdc968122973e7759a52edbfee55607a0c48,0c302e793e9db86915c6163fbabb9d0a9976859eb54448cb12f96c3a4ff52328,sha256:27b7404d8cf28c636302fb4f483c1a63070c885260cde863fcde5492897a1214,Omega_hat_StateSize,20,=,MEASURED,,clang-18.1.8-coverage-state-load-v1,clang-18.1.8-coverage-state-load-v1,Debian clang version 18.1.8 (++20240731024826+3b5b5c1ec4a3-1~exp1~20240731144843.145),incremental observation after binding or supported-container state changes,3,experiments/codecontests_reasoning_state_prediction/measurements/program-complexity/profiles.json
program-complexity-normalized-v2,codecontests_reasoning_state_prediction,codecontests-test-1598f,short-trace-final,cpp,c86397161467c48a05a8a1c3b9d9cdc968122973e7759a52edbfee55607a0c48,0c302e793e9db86915c6163fbabb9d0a9976859eb54448cb12f96c3a4ff52328,sha256:27b7404d8cf28c636302fb4f483c1a63070c885260cde863fcde5492897a1214,Omega_hat_StateLoad,896,=,MEASURED,,clang-18.1.8-coverage-state-load-v1,clang-18.1.8-coverage-state-load-v1,Debian clang version 18.1.8 (++20240731024826+3b5b5c1ec4a3-1~exp1~20240731144843.145),incremental observation after binding or supported-container state changes,3,experiments/codecontests_reasoning_state_prediction/measurements/program-complexity/profiles.json
program-complexity-normalized-v2,codecontests_reasoning_state_prediction,codecontests-test-1598f,long-trace-final,cpp,c86397161467c48a05a8a1c3b9d9cdc968122973e7759a52edbfee55607a0c48,7035767df0d876ec6a211af258eda3b340f5ba719f1d3c8f30d890596458ed17,sha256:ed839917ab0e6d455ac6ca7a3ec0778f3f4e14a2a44eb16fc0709e7f17a6c7b6,Omega_CC,13,=,MEASURED,,cpp-preprocessed-control-flow-v1,cpp-preprocessed-control-flow-v1,Debian clang version 18.1.8 (++20240731024826+3b5b5c1ec4a3-1~exp1~20240731144843.145),,1,experiments/codecontests_reasoning_state_prediction/measurements/program-complexity/profiles.json
program-complexity-normalized-v2,codecontests_reasoning_state_prediction,codecontests-test-1598f,long-trace-final,cpp,c86397161467c48a05a8a1c3b9d9cdc968122973e7759a52edbfee55607a0c48,7035767df0d876ec6a211af258eda3b340f5ba719f1d3c8f30d890596458ed17,sha256:ed839917ab0e6d455ac6ca7a3ec0778f3f4e14a2a44eb16fc0709e7f17a6c7b6,Omega_hat_NativeTrace,112813,=,MEASURED,,clang-18.1.8-coverage-state-load-v1,clang-18.1.8-coverage-state-load-v1,Debian clang version 18.1.8 (++20240731024826+3b5b5c1ec4a3-1~exp1~20240731144843.145),clang-18.1.8-coverage-state-load-v1,3,experiments/codecontests_reasoning_state_prediction/measurements/program-complexity/profiles.json
program-complexity-normalized-v2,codecontests_reasoning_state_prediction,codecontests-test-1598f,long-trace-final,cpp,c86397161467c48a05a8a1c3b9d9cdc968122973e7759a52edbfee55607a0c48,7035767df0d876ec6a211af258eda3b340f5ba719f1d3c8f30d890596458ed17,sha256:ed839917ab0e6d455ac6ca7a3ec0778f3f4e14a2a44eb16fc0709e7f17a6c7b6,Omega_hat_StateSize,1483,=,MEASURED,,clang-18.1.8-coverage-state-load-v1,clang-18.1.8-coverage-state-load-v1,Debian clang version 18.1.8 (++20240731024826+3b5b5c1ec4a3-1~exp1~20240731144843.145),incremental observation after binding or supported-container state changes,3,experiments/codecontests_reasoning_state_prediction/measurements/program-complexity/profiles.json
program-complexity-normalized-v2,codecontests_reasoning_state_prediction,codecontests-test-1598f,long-trace-final,cpp,c86397161467c48a05a8a1c3b9d9cdc968122973e7759a52edbfee55607a0c48,7035767df0d876ec6a211af258eda3b340f5ba719f1d3c8f30d890596458ed17,sha256:ed839917ab0e6d455ac6ca7a3ec0778f3f4e14a2a44eb16fc0709e7f17a6c7b6,Omega_hat_StateLoad,98536591,=,MEASURED,,clang-18.1.8-coverage-state-load-v1,clang-18.1.8-coverage-state-load-v1,Debian clang version 18.1.8 (++20240731024826+3b5b5c1ec4a3-1~exp1~20240731144843.145),incremental observation after binding or supported-container state changes,3,experiments/codecontests_reasoning_state_prediction/measurements/program-complexity/profiles.json
program-complexity-normalized-v2,codecontests_reasoning_state_prediction,codecontests-test-1598f,inside-loop-state,cpp,f41875fa3f7692eefec1a62e67928717fb5e40acf042c603e3120e581750a59b,7035767df0d876ec6a211af258eda3b340f5ba719f1d3c8f30d890596458ed17,sha256:648b91ba33320052d19827f09d1001139e26eb3368d3b86afbc7ecb1beabc8c3,Omega_CC,21,=,MEASURED,,cpp-preprocessed-control-flow-v1,cpp-preprocessed-control-flow-v1,Debian clang version 18.1.8 (++20240731024826+3b5b5c1ec4a3-1~exp1~20240731144843.145),,1,experiments/codecontests_reasoning_state_prediction/measurements/program-complexity/profiles.json
program-complexity-normalized-v2,codecontests_reasoning_state_prediction,codecontests-test-1598f,inside-loop-state,cpp,f41875fa3f7692eefec1a62e67928717fb5e40acf042c603e3120e581750a59b,7035767df0d876ec6a211af258eda3b340f5ba719f1d3c8f30d890596458ed17,sha256:648b91ba33320052d19827f09d1001139e26eb3368d3b86afbc7ecb1beabc8c3,Omega_hat_NativeTrace,1491,=,MEASURED,,clang-18.1.8-coverage-state-load-v1,clang-18.1.8-coverage-state-load-v1,Debian clang version 18.1.8 (++20240731024826+3b5b5c1ec4a3-1~exp1~20240731144843.145),clang-18.1.8-coverage-state-load-v1,3,experiments/codecontests_reasoning_state_prediction/measurements/program-complexity/profiles.json
program-complexity-normalized-v2,codecontests_reasoning_state_prediction,codecontests-test-1598f,inside-loop-state,cpp,f41875fa3f7692eefec1a62e67928717fb5e40acf042c603e3120e581750a59b,7035767df0d876ec6a211af258eda3b340f5ba719f1d3c8f30d890596458ed17,sha256:648b91ba33320052d19827f09d1001139e26eb3368d3b86afbc7ecb1beabc8c3,Omega_hat_StateSize,1199,=,MEASURED,,clang-18.1.8-coverage-state-load-v1,clang-18.1.8-coverage-state-load-v1,Debian clang version 18.1.8 (++20240731024826+3b5b5c1ec4a3-1~exp1~20240731144843.145),incremental observation after binding or supported-container state changes,3,experiments/codecontests_reasoning_state_prediction/measurements/program-complexity/profiles.json
program-complexity-normalized-v2,codecontests_reasoning_state_prediction,codecontests-test-1598f,inside-loop-state,cpp,f41875fa3f7692eefec1a62e67928717fb5e40acf042c603e3120e581750a59b,7035767df0d876ec6a211af258eda3b340f5ba719f1d3c8f30d890596458ed17,sha256:648b91ba33320052d19827f09d1001139e26eb3368d3b86afbc7ecb1beabc8c3,Omega_hat_StateLoad,1298913,=,MEASURED,,clang-18.1.8-coverage-state-load-v1,clang-18.1.8-coverage-state-load-v1,Debian clang version 18.1.8 (++20240731024826+3b5b5c1ec4a3-1~exp1~20240731144843.145),incremental observation after binding or supported-container state changes,3,experiments/codecontests_reasoning_state_prediction/measurements/program-complexity/profiles.json
program-complexity-normalized-v2,codecontests_reasoning_state_prediction,codecontests-test-1598f,post-loop-state,cpp,cb278e842ab865add5e5b08afeae6d96c07cdcbf64ca0a38de643e3879f68585,7035767df0d876ec6a211af258eda3b340f5ba719f1d3c8f30d890596458ed17,sha256:1dd295c4cc0fef497340df78e05fb5cb2602f2f737f79adb05e61f98299606e6,Omega_CC,21,=,MEASURED,,cpp-preprocessed-control-flow-v1,cpp-preprocessed-control-flow-v1,Debian clang version 18.1.8 (++20240731024826+3b5b5c1ec4a3-1~exp1~20240731144843.145),,1,experiments/codecontests_reasoning_state_prediction/measurements/program-complexity/profiles.json
program-complexity-normalized-v2,codecontests_reasoning_state_prediction,codecontests-test-1598f,post-loop-state,cpp,cb278e842ab865add5e5b08afeae6d96c07cdcbf64ca0a38de643e3879f68585,7035767df0d876ec6a211af258eda3b340f5ba719f1d3c8f30d890596458ed17,sha256:1dd295c4cc0fef497340df78e05fb5cb2602f2f737f79adb05e61f98299606e6,Omega_hat_NativeTrace,1432,=,MEASURED,,clang-18.1.8-coverage-state-load-v1,clang-18.1.8-coverage-state-load-v1,Debian clang version 18.1.8 (++20240731024826+3b5b5c1ec4a3-1~exp1~20240731144843.145),clang-18.1.8-coverage-state-load-v1,3,experiments/codecontests_reasoning_state_prediction/measurements/program-complexity/profiles.json
program-complexity-normalized-v2,codecontests_reasoning_state_prediction,codecontests-test-1598f,post-loop-state,cpp,cb278e842ab865add5e5b08afeae6d96c07cdcbf64ca0a38de643e3879f68585,7035767df0d876ec6a211af258eda3b340f5ba719f1d3c8f30d890596458ed17,sha256:1dd295c4cc0fef497340df78e05fb5cb2602f2f737f79adb05e61f98299606e6,Omega_hat_StateSize,1199,=,MEASURED,,clang-18.1.8-coverage-state-load-v1,clang-18.1.8-coverage-state-load-v1,Debian clang version 18.1.8 (++20240731024826+3b5b5c1ec4a3-1~exp1~20240731144843.145),incremental observation after binding or supported-container state changes,3,experiments/codecontests_reasoning_state_prediction/measurements/program-complexity/profiles.json
program-complexity-normalized-v2,codecontests_reasoning_state_prediction,codecontests-test-1598f,post-loop-state,cpp,cb278e842ab865add5e5b08afeae6d96c07cdcbf64ca0a38de643e3879f68585,7035767df0d876ec6a211af258eda3b340f5ba719f1d3c8f30d890596458ed17,sha256:1dd295c4cc0fef497340df78e05fb5cb2602f2f737f79adb05e61f98299606e6,Omega_hat_StateLoad,1321625,=,MEASURED,,clang-18.1.8-coverage-state-load-v1,clang-18.1.8-coverage-state-load-v1,Debian clang version 18.1.8 (++20240731024826+3b5b5c1ec4a3-1~exp1~20240731144843.145),incremental observation after binding or supported-container state changes,3,experiments/codecontests_reasoning_state_prediction/measurements/program-complexity/profiles.json
program-complexity-normalized-v2,codecontests_reasoning_state_prediction,codecontests-test-1599d,short-trace-final,cpp,933b32aa65d3b25d1afa06e801f5b72dff619eaf7fc4ac6a4a0270e85d49214c,665093871dbe3de8e75d8a816a8378ca11e9e560947ddf4d94207a1e2173820b,sha256:ed132d38070d985d12f4ffcc0dae0c3a30177540ef64e78c01c3d2b84ec0dba5,Omega_CC,86,=,MEASURED,,cpp-preprocessed-control-flow-v1,cpp-preprocessed-control-flow-v1,Debian clang version 18.1.8 (++20240731024826+3b5b5c1ec4a3-1~exp1~20240731144843.145),,1,experiments/codecontests_reasoning_state_prediction/measurements/program-complexity/profiles.json
program-complexity-normalized-v2,codecontests_reasoning_state_prediction,codecontests-test-1599d,short-trace-final,cpp,933b32aa65d3b25d1afa06e801f5b72dff619eaf7fc4ac6a4a0270e85d49214c,665093871dbe3de8e75d8a816a8378ca11e9e560947ddf4d94207a1e2173820b,sha256:ed132d38070d985d12f4ffcc0dae0c3a30177540ef64e78c01c3d2b84ec0dba5,Omega_hat_NativeTrace,101190,=,MEASURED,,clang-18.1.8-coverage-state-load-v1,clang-18.1.8-coverage-state-load-v1,Debian clang version 18.1.8 (++20240731024826+3b5b5c1ec4a3-1~exp1~20240731144843.145),clang-18.1.8-coverage-state-load-v1,3,experiments/codecontests_reasoning_state_prediction/measurements/program-complexity/profiles.json
program-complexity-normalized-v2,codecontests_reasoning_state_prediction,codecontests-test-1599d,short-trace-final,cpp,933b32aa65d3b25d1afa06e801f5b72dff619eaf7fc4ac6a4a0270e85d49214c,665093871dbe3de8e75d8a816a8378ca11e9e560947ddf4d94207a1e2173820b,sha256:ed132d38070d985d12f4ffcc0dae0c3a30177540ef64e78c01c3d2b84ec0dba5,Omega_hat_StateSize,4002117,=,MEASURED,,clang-18.1.8-coverage-state-load-v1,clang-18.1.8-coverage-state-load-v1,Debian clang version 18.1.8 (++20240731024826+3b5b5c1ec4a3-1~exp1~20240731144843.145),incremental observation after binding or supported-container state changes,3,experiments/codecontests_reasoning_state_prediction/measurements/program-complexity/profiles.json
program-complexity-normalized-v2,codecontests_reasoning_state_prediction,codecontests-test-1599d,short-trace-final,cpp,933b32aa65d3b25d1afa06e801f5b72dff619eaf7fc4ac6a4a0270e85d49214c,665093871dbe3de8e75d8a816a8378ca11e9e560947ddf4d94207a1e2173820b,sha256:ed132d38070d985d12f4ffcc0dae0c3a30177540ef64e78c01c3d2b84ec0dba5,Omega_hat_StateLoad,2823867851,=,MEASURED,,clang-18.1.8-coverage-state-load-v1,clang-18.1.8-coverage-state-load-v1,Debian clang version 18.1.8 (++20240731024826+3b5b5c1ec4a3-1~exp1~20240731144843.145),incremental observation after binding or supported-container state changes,3,experiments/codecontests_reasoning_state_prediction/measurements/program-complexity/profiles.json
program-complexity-normalized-v2,codecontests_reasoning_state_prediction,codecontests-test-1599d,long-trace-final,cpp,933b32aa65d3b25d1afa06e801f5b72dff619eaf7fc4ac6a4a0270e85d49214c,e4a285c493f93a570627f5a05671eae6a4363f4464831e0f98d5ba3690d0ee67,sha256:3d9d1af2dbe8af243713cfd327a1af74cb674fb8548e5a8b4e384a7c25314371,Omega_CC,86,=,MEASURED,,cpp-preprocessed-control-flow-v1,cpp-preprocessed-control-flow-v1,Debian clang version 18.1.8 (++20240731024826+3b5b5c1ec4a3-1~exp1~20240731144843.145),,1,experiments/codecontests_reasoning_state_prediction/measurements/program-complexity/profiles.json
program-complexity-normalized-v2,codecontests_reasoning_state_prediction,codecontests-test-1599d,long-trace-final,cpp,933b32aa65d3b25d1afa06e801f5b72dff619eaf7fc4ac6a4a0270e85d49214c,e4a285c493f93a570627f5a05671eae6a4363f4464831e0f98d5ba3690d0ee67,sha256:3d9d1af2dbe8af243713cfd327a1af74cb674fb8548e5a8b4e384a7c25314371,Omega_hat_NativeTrace,105223,=,MEASURED,,clang-18.1.8-coverage-state-load-v1,clang-18.1.8-coverage-state-load-v1,Debian clang version 18.1.8 (++20240731024826+3b5b5c1ec4a3-1~exp1~20240731144843.145),clang-18.1.8-coverage-state-load-v1,3,experiments/codecontests_reasoning_state_prediction/measurements/program-complexity/profiles.json
program-complexity-normalized-v2,codecontests_reasoning_state_prediction,codecontests-test-1599d,long-trace-final,cpp,933b32aa65d3b25d1afa06e801f5b72dff619eaf7fc4ac6a4a0270e85d49214c,e4a285c493f93a570627f5a05671eae6a4363f4464831e0f98d5ba3690d0ee67,sha256:3d9d1af2dbe8af243713cfd327a1af74cb674fb8548e5a8b4e384a7c25314371,Omega_hat_StateSize,4002178,=,MEASURED,,clang-18.1.8-coverage-state-load-v1,clang-18.1.8-coverage-state-load-v1,Debian clang version 18.1.8 (++20240731024826+3b5b5c1ec4a3-1~exp1~20240731144843.145),incremental observation after binding or supported-container state changes,3,experiments/codecontests_reasoning_state_prediction/measurements/program-complexity/profiles.json
program-complexity-normalized-v2,codecontests_reasoning_state_prediction,codecontests-test-1599d,long-trace-final,cpp,933b32aa65d3b25d1afa06e801f5b72dff619eaf7fc4ac6a4a0270e85d49214c,e4a285c493f93a570627f5a05671eae6a4363f4464831e0f98d5ba3690d0ee67,sha256:3d9d1af2dbe8af243713cfd327a1af74cb674fb8548e5a8b4e384a7c25314371,Omega_hat_StateLoad,12567049367,=,MEASURED,,clang-18.1.8-coverage-state-load-v1,clang-18.1.8-coverage-state-load-v1,Debian clang version 18.1.8 (++20240731024826+3b5b5c1ec4a3-1~exp1~20240731144843.145),incremental observation after binding or supported-container state changes,3,experiments/codecontests_reasoning_state_prediction/measurements/program-complexity/profiles.json
program-complexity-normalized-v2,codecontests_reasoning_state_prediction,codecontests-test-1599d,inside-loop-state,cpp,0a2dad56c9e815f7f708d26c2a62b89ce07f5ea76c71a50f36d86924cf05b943,e4a285c493f93a570627f5a05671eae6a4363f4464831e0f98d5ba3690d0ee67,sha256:7ca6b324e9ced8b9d558c4d9ebd451645b661fb90fef0e77503b56bf37a90e89,Omega_CC,94,=,MEASURED,,cpp-preprocessed-control-flow-v1,cpp-preprocessed-control-flow-v1,Debian clang version 18.1.8 (++20240731024826+3b5b5c1ec4a3-1~exp1~20240731144843.145),,1,experiments/codecontests_reasoning_state_prediction/measurements/program-complexity/profiles.json
program-complexity-normalized-v2,codecontests_reasoning_state_prediction,codecontests-test-1599d,inside-loop-state,cpp,0a2dad56c9e815f7f708d26c2a62b89ce07f5ea76c71a50f36d86924cf05b943,e4a285c493f93a570627f5a05671eae6a4363f4464831e0f98d5ba3690d0ee67,sha256:7ca6b324e9ced8b9d558c4d9ebd451645b661fb90fef0e77503b56bf37a90e89,Omega_hat_NativeTrace,104008,=,MEASURED,,clang-18.1.8-coverage-state-load-v1,clang-18.1.8-coverage-state-load-v1,Debian clang version 18.1.8 (++20240731024826+3b5b5c1ec4a3-1~exp1~20240731144843.145),clang-18.1.8-coverage-state-load-v1,3,experiments/codecontests_reasoning_state_prediction/measurements/program-complexity/profiles.json
program-complexity-normalized-v2,codecontests_reasoning_state_prediction,codecontests-test-1599d,inside-loop-state,cpp,0a2dad56c9e815f7f708d26c2a62b89ce07f5ea76c71a50f36d86924cf05b943,e4a285c493f93a570627f5a05671eae6a4363f4464831e0f98d5ba3690d0ee67,sha256:7ca6b324e9ced8b9d558c4d9ebd451645b661fb90fef0e77503b56bf37a90e89,Omega_hat_StateSize,4002178,=,MEASURED,,clang-18.1.8-coverage-state-load-v1,clang-18.1.8-coverage-state-load-v1,Debian clang version 18.1.8 (++20240731024826+3b5b5c1ec4a3-1~exp1~20240731144843.145),incremental observation after binding or supported-container state changes,3,experiments/codecontests_reasoning_state_prediction/measurements/program-complexity/profiles.json
program-complexity-normalized-v2,codecontests_reasoning_state_prediction,codecontests-test-1599d,inside-loop-state,cpp,0a2dad56c9e815f7f708d26c2a62b89ce07f5ea76c71a50f36d86924cf05b943,e4a285c493f93a570627f5a05671eae6a4363f4464831e0f98d5ba3690d0ee67,sha256:7ca6b324e9ced8b9d558c4d9ebd451645b661fb90fef0e77503b56bf37a90e89,Omega_hat_StateLoad,11758615723,=,MEASURED,,clang-18.1.8-coverage-state-load-v1,clang-18.1.8-coverage-state-load-v1,Debian clang version 18.1.8 (++20240731024826+3b5b5c1ec4a3-1~exp1~20240731144843.145),incremental observation after binding or supported-container state changes,3,experiments/codecontests_reasoning_state_prediction/measurements/program-complexity/profiles.json
program-complexity-normalized-v2,codecontests_reasoning_state_prediction,codecontests-test-1599d,post-loop-state,cpp,aa9020619d95e0c11306c231f42dc16fbedc1b8833557cfba9a3855ceab5d625,e4a285c493f93a570627f5a05671eae6a4363f4464831e0f98d5ba3690d0ee67,sha256:1e8a88caad2b6f82fe477b73136c43adb7466d6c4df785bff4d5a5770b46bb9e,Omega_CC,94,=,MEASURED,,cpp-preprocessed-control-flow-v1,cpp-preprocessed-control-flow-v1,Debian clang version 18.1.8 (++20240731024826+3b5b5c1ec4a3-1~exp1~20240731144843.145),,1,experiments/codecontests_reasoning_state_prediction/measurements/program-complexity/profiles.json
program-complexity-normalized-v2,codecontests_reasoning_state_prediction,codecontests-test-1599d,post-loop-state,cpp,aa9020619d95e0c11306c231f42dc16fbedc1b8833557cfba9a3855ceab5d625,e4a285c493f93a570627f5a05671eae6a4363f4464831e0f98d5ba3690d0ee67,sha256:1e8a88caad2b6f82fe477b73136c43adb7466d6c4df785bff4d5a5770b46bb9e,Omega_hat_NativeTrace,103972,=,MEASURED,,clang-18.1.8-coverage-state-load-v1,clang-18.1.8-coverage-state-load-v1,Debian clang version 18.1.8 (++20240731024826+3b5b5c1ec4a3-1~exp1~20240731144843.145),clang-18.1.8-coverage-state-load-v1,3,experiments/codecontests_reasoning_state_prediction/measurements/program-complexity/profiles.json
program-complexity-normalized-v2,codecontests_reasoning_state_prediction,codecontests-test-1599d,post-loop-state,cpp,aa9020619d95e0c11306c231f42dc16fbedc1b8833557cfba9a3855ceab5d625,e4a285c493f93a570627f5a05671eae6a4363f4464831e0f98d5ba3690d0ee67,sha256:1e8a88caad2b6f82fe477b73136c43adb7466d6c4df785bff4d5a5770b46bb9e,Omega_hat_StateSize,4002178,=,MEASURED,,clang-18.1.8-coverage-state-load-v1,clang-18.1.8-coverage-state-load-v1,Debian clang version 18.1.8 (++20240731024826+3b5b5c1ec4a3-1~exp1~20240731144843.145),incremental observation after binding or supported-container state changes,3,experiments/codecontests_reasoning_state_prediction/measurements/program-complexity/profiles.json
program-complexity-normalized-v2,codecontests_reasoning_state_prediction,codecontests-test-1599d,post-loop-state,cpp,aa9020619d95e0c11306c231f42dc16fbedc1b8833557cfba9a3855ceab5d625,e4a285c493f93a570627f5a05671eae6a4363f4464831e0f98d5ba3690d0ee67,sha256:1e8a88caad2b6f82fe477b73136c43adb7466d6c4df785bff4d5a5770b46bb9e,Omega_hat_StateLoad,11898690449,=,MEASURED,,clang-18.1.8-coverage-state-load-v1,clang-18.1.8-coverage-state-load-v1,Debian clang version 18.1.8 (++20240731024826+3b5b5c1ec4a3-1~exp1~20240731144843.145),incremental observation after binding or supported-container state changes,3,experiments/codecontests_reasoning_state_prediction/measurements/program-complexity/profiles.json
program-complexity-normalized-v2,codecontests_reasoning_state_prediction,codecontests-test-1599j,short-trace-final,cpp,ab4e36e90fc02ef9ec4e2ca7dec9cf4caee8e6aaeed78b0ea3ac83c28ac8147c,15a15c047478f3e0e3cab6ed3f632a29e89952fba136b5a78394d1c0ad79c6e5,sha256:4e93dd6f75ee0ab1c7055f6c14d663c96012deaa253139446243235af52dd3a5,Omega_CC,55,=,MEASURED,,cpp-preprocessed-control-flow-v1,cpp-preprocessed-control-flow-v1,Debian clang version 18.1.8 (++20240731024826+3b5b5c1ec4a3-1~exp1~20240731144843.145),,1,experiments/codecontests_reasoning_state_prediction/measurements/program-complexity/profiles.json
program-complexity-normalized-v2,codecontests_reasoning_state_prediction,codecontests-test-1599j,short-trace-final,cpp,ab4e36e90fc02ef9ec4e2ca7dec9cf4caee8e6aaeed78b0ea3ac83c28ac8147c,15a15c047478f3e0e3cab6ed3f632a29e89952fba136b5a78394d1c0ad79c6e5,sha256:4e93dd6f75ee0ab1c7055f6c14d663c96012deaa253139446243235af52dd3a5,Omega_hat_NativeTrace,341,=,MEASURED,,clang-18.1.8-coverage-state-load-v1,clang-18.1.8-coverage-state-load-v1,Debian clang version 18.1.8 (++20240731024826+3b5b5c1ec4a3-1~exp1~20240731144843.145),clang-18.1.8-coverage-state-load-v1,3,experiments/codecontests_reasoning_state_prediction/measurements/program-complexity/profiles.json
program-complexity-normalized-v2,codecontests_reasoning_state_prediction,codecontests-test-1599j,short-trace-final,cpp,ab4e36e90fc02ef9ec4e2ca7dec9cf4caee8e6aaeed78b0ea3ac83c28ac8147c,15a15c047478f3e0e3cab6ed3f632a29e89952fba136b5a78394d1c0ad79c6e5,sha256:4e93dd6f75ee0ab1c7055f6c14d663c96012deaa253139446243235af52dd3a5,Omega_hat_StateSize,70,=,MEASURED,,clang-18.1.8-coverage-state-load-v1,clang-18.1.8-coverage-state-load-v1,Debian clang version 18.1.8 (++20240731024826+3b5b5c1ec4a3-1~exp1~20240731144843.145),incremental observation after binding or supported-container state changes,3,experiments/codecontests_reasoning_state_prediction/measurements/program-complexity/profiles.json
program-complexity-normalized-v2,codecontests_reasoning_state_prediction,codecontests-test-1599j,short-trace-final,cpp,ab4e36e90fc02ef9ec4e2ca7dec9cf4caee8e6aaeed78b0ea3ac83c28ac8147c,15a15c047478f3e0e3cab6ed3f632a29e89952fba136b5a78394d1c0ad79c6e5,sha256:4e93dd6f75ee0ab1c7055f6c14d663c96012deaa253139446243235af52dd3a5,Omega_hat_StateLoad,9170,=,MEASURED,,clang-18.1.8-coverage-state-load-v1,clang-18.1.8-coverage-state-load-v1,Debian clang version 18.1.8 (++20240731024826+3b5b5c1ec4a3-1~exp1~20240731144843.145),incremental observation after binding or supported-container state changes,3,experiments/codecontests_reasoning_state_prediction/measurements/program-complexity/profiles.json
program-complexity-normalized-v2,codecontests_reasoning_state_prediction,codecontests-test-1599j,long-trace-final,cpp,ab4e36e90fc02ef9ec4e2ca7dec9cf4caee8e6aaeed78b0ea3ac83c28ac8147c,cf6d365ac492de069f119d50091851656ea5679fa08c558d3f071a383b4e0df0,sha256:bf4851d534fa111a60f624bce1a099a455da754bf75be8ab8399ef09db094ce8,Omega_CC,55,=,MEASURED,,cpp-preprocessed-control-flow-v1,cpp-preprocessed-control-flow-v1,Debian clang version 18.1.8 (++20240731024826+3b5b5c1ec4a3-1~exp1~20240731144843.145),,1,experiments/codecontests_reasoning_state_prediction/measurements/program-complexity/profiles.json
program-complexity-normalized-v2,codecontests_reasoning_state_prediction,codecontests-test-1599j,long-trace-final,cpp,ab4e36e90fc02ef9ec4e2ca7dec9cf4caee8e6aaeed78b0ea3ac83c28ac8147c,cf6d365ac492de069f119d50091851656ea5679fa08c558d3f071a383b4e0df0,sha256:bf4851d534fa111a60f624bce1a099a455da754bf75be8ab8399ef09db094ce8,Omega_hat_NativeTrace,45221,=,MEASURED,,clang-18.1.8-coverage-state-load-v1,clang-18.1.8-coverage-state-load-v1,Debian clang version 18.1.8 (++20240731024826+3b5b5c1ec4a3-1~exp1~20240731144843.145),clang-18.1.8-coverage-state-load-v1,3,experiments/codecontests_reasoning_state_prediction/measurements/program-complexity/profiles.json
program-complexity-normalized-v2,codecontests_reasoning_state_prediction,codecontests-test-1599j,long-trace-final,cpp,ab4e36e90fc02ef9ec4e2ca7dec9cf4caee8e6aaeed78b0ea3ac83c28ac8147c,cf6d365ac492de069f119d50091851656ea5679fa08c558d3f071a383b4e0df0,sha256:bf4851d534fa111a60f624bce1a099a455da754bf75be8ab8399ef09db094ce8,Omega_hat_StateSize,930,=,MEASURED,,clang-18.1.8-coverage-state-load-v1,clang-18.1.8-coverage-state-load-v1,Debian clang version 18.1.8 (++20240731024826+3b5b5c1ec4a3-1~exp1~20240731144843.145),incremental observation after binding or supported-container state changes,3,experiments/codecontests_reasoning_state_prediction/measurements/program-complexity/profiles.json
program-complexity-normalized-v2,codecontests_reasoning_state_prediction,codecontests-test-1599j,long-trace-final,cpp,ab4e36e90fc02ef9ec4e2ca7dec9cf4caee8e6aaeed78b0ea3ac83c28ac8147c,cf6d365ac492de069f119d50091851656ea5679fa08c558d3f071a383b4e0df0,sha256:bf4851d534fa111a60f624bce1a099a455da754bf75be8ab8399ef09db094ce8,Omega_hat_StateLoad,12322184,=,MEASURED,,clang-18.1.8-coverage-state-load-v1,clang-18.1.8-coverage-state-load-v1,Debian clang version 18.1.8 (++20240731024826+3b5b5c1ec4a3-1~exp1~20240731144843.145),incremental observation after binding or supported-container state changes,3,experiments/codecontests_reasoning_state_prediction/measurements/program-complexity/profiles.json
program-complexity-normalized-v2,codecontests_reasoning_state_prediction,codecontests-test-1599j,inside-loop-state,cpp,b327432c0b51f79599142f457651ed07c753892f7bc8fc32eae261455a14a8df,cf6d365ac492de069f119d50091851656ea5679fa08c558d3f071a383b4e0df0,sha256:1e764770acfd4b12d35e790a0fee5a0708c129a87d3123ec54167807bd643091,Omega_CC,63,=,MEASURED,,cpp-preprocessed-control-flow-v1,cpp-preprocessed-control-flow-v1,Debian clang version 18.1.8 (++20240731024826+3b5b5c1ec4a3-1~exp1~20240731144843.145),,1,experiments/codecontests_reasoning_state_prediction/measurements/program-complexity/profiles.json
program-complexity-normalized-v2,codecontests_reasoning_state_prediction,codecontests-test-1599j,inside-loop-state,cpp,b327432c0b51f79599142f457651ed07c753892f7bc8fc32eae261455a14a8df,cf6d365ac492de069f119d50091851656ea5679fa08c558d3f071a383b4e0df0,sha256:1e764770acfd4b12d35e790a0fee5a0708c129a87d3123ec54167807bd643091,Omega_hat_NativeTrace,4562,=,MEASURED,,clang-18.1.8-coverage-state-load-v1,clang-18.1.8-coverage-state-load-v1,Debian clang version 18.1.8 (++20240731024826+3b5b5c1ec4a3-1~exp1~20240731144843.145),clang-18.1.8-coverage-state-load-v1,3,experiments/codecontests_reasoning_state_prediction/measurements/program-complexity/profiles.json
program-complexity-normalized-v2,codecontests_reasoning_state_prediction,codecontests-test-1599j,inside-loop-state,cpp,b327432c0b51f79599142f457651ed07c753892f7bc8fc32eae261455a14a8df,cf6d365ac492de069f119d50091851656ea5679fa08c558d3f071a383b4e0df0,sha256:1e764770acfd4b12d35e790a0fee5a0708c129a87d3123ec54167807bd643091,Omega_hat_StateSize,479,=,MEASURED,,clang-18.1.8-coverage-state-load-v1,clang-18.1.8-coverage-state-load-v1,Debian clang version 18.1.8 (++20240731024826+3b5b5c1ec4a3-1~exp1~20240731144843.145),incremental observation after binding or supported-container state changes,3,experiments/codecontests_reasoning_state_prediction/measurements/program-complexity/profiles.json
program-complexity-normalized-v2,codecontests_reasoning_state_prediction,codecontests-test-1599j,inside-loop-state,cpp,b327432c0b51f79599142f457651ed07c753892f7bc8fc32eae261455a14a8df,cf6d365ac492de069f119d50091851656ea5679fa08c558d3f071a383b4e0df0,sha256:1e764770acfd4b12d35e790a0fee5a0708c129a87d3123ec54167807bd643091,Omega_hat_StateLoad,475722,=,MEASURED,,clang-18.1.8-coverage-state-load-v1,clang-18.1.8-coverage-state-load-v1,Debian clang version 18.1.8 (++20240731024826+3b5b5c1ec4a3-1~exp1~20240731144843.145),incremental observation after binding or supported-container state changes,3,experiments/codecontests_reasoning_state_prediction/measurements/program-complexity/profiles.json
program-complexity-normalized-v2,codecontests_reasoning_state_prediction,codecontests-test-1599j,post-loop-state,cpp,3435dafe215df6aaa0d67c6cfc947efc0a0e44650fe50967a6ba0b248d4b7fe6,cf6d365ac492de069f119d50091851656ea5679fa08c558d3f071a383b4e0df0,sha256:5f0727f8d1bc70927eef5c01df5e063fe91972fe03d7ea900ee6987efc2111b1,Omega_CC,63,=,MEASURED,,cpp-preprocessed-control-flow-v1,cpp-preprocessed-control-flow-v1,Debian clang version 18.1.8 (++20240731024826+3b5b5c1ec4a3-1~exp1~20240731144843.145),,1,experiments/codecontests_reasoning_state_prediction/measurements/program-complexity/profiles.json
program-complexity-normalized-v2,codecontests_reasoning_state_prediction,codecontests-test-1599j,post-loop-state,cpp,3435dafe215df6aaa0d67c6cfc947efc0a0e44650fe50967a6ba0b248d4b7fe6,cf6d365ac492de069f119d50091851656ea5679fa08c558d3f071a383b4e0df0,sha256:5f0727f8d1bc70927eef5c01df5e063fe91972fe03d7ea900ee6987efc2111b1,Omega_hat_NativeTrace,4930,=,MEASURED,,clang-18.1.8-coverage-state-load-v1,clang-18.1.8-coverage-state-load-v1,Debian clang version 18.1.8 (++20240731024826+3b5b5c1ec4a3-1~exp1~20240731144843.145),clang-18.1.8-coverage-state-load-v1,3,experiments/codecontests_reasoning_state_prediction/measurements/program-complexity/profiles.json
program-complexity-normalized-v2,codecontests_reasoning_state_prediction,codecontests-test-1599j,post-loop-state,cpp,3435dafe215df6aaa0d67c6cfc947efc0a0e44650fe50967a6ba0b248d4b7fe6,cf6d365ac492de069f119d50091851656ea5679fa08c558d3f071a383b4e0df0,sha256:5f0727f8d1bc70927eef5c01df5e063fe91972fe03d7ea900ee6987efc2111b1,Omega_hat_StateSize,522,=,MEASURED,,clang-18.1.8-coverage-state-load-v1,clang-18.1.8-coverage-state-load-v1,Debian clang version 18.1.8 (++20240731024826+3b5b5c1ec4a3-1~exp1~20240731144843.145),incremental observation after binding or supported-container state changes,3,experiments/codecontests_reasoning_state_prediction/measurements/program-complexity/profiles.json
program-complexity-normalized-v2,codecontests_reasoning_state_prediction,codecontests-test-1599j,post-loop-state,cpp,3435dafe215df6aaa0d67c6cfc947efc0a0e44650fe50967a6ba0b248d4b7fe6,cf6d365ac492de069f119d50091851656ea5679fa08c558d3f071a383b4e0df0,sha256:5f0727f8d1bc70927eef5c01df5e063fe91972fe03d7ea900ee6987efc2111b1,Omega_hat_StateLoad,564916,=,MEASURED,,clang-18.1.8-coverage-state-load-v1,clang-18.1.8-coverage-state-load-v1,Debian clang version 18.1.8 (++20240731024826+3b5b5c1ec4a3-1~exp1~20240731144843.145),incremental observation after binding or supported-container state changes,3,experiments/codecontests_reasoning_state_prediction/measurements/program-complexity/profiles.json
program-complexity-normalized-v2,codecontests_reasoning_state_prediction,codecontests-test-1603e,short-trace-final,cpp,d7fe25a19d626e555247a54b1650138c821111d60e20cca5c73ec3112ca1e525,56128c78d54bd858b1f0a7710cc6ed6c0ee23efbe9034d42dc8ce6339a26f6bf,sha256:779c89d97fc25f7310e62a6525001f2f5629c5cd5d98c72246a74471e76f3302,Omega_CC,24,=,MEASURED,,cpp-preprocessed-control-flow-v1,cpp-preprocessed-control-flow-v1,Debian clang version 18.1.8 (++20240731024826+3b5b5c1ec4a3-1~exp1~20240731144843.145),,1,experiments/codecontests_reasoning_state_prediction/measurements/program-complexity/profiles.json
program-complexity-normalized-v2,codecontests_reasoning_state_prediction,codecontests-test-1603e,short-trace-final,cpp,d7fe25a19d626e555247a54b1650138c821111d60e20cca5c73ec3112ca1e525,56128c78d54bd858b1f0a7710cc6ed6c0ee23efbe9034d42dc8ce6339a26f6bf,sha256:779c89d97fc25f7310e62a6525001f2f5629c5cd5d98c72246a74471e76f3302,Omega_hat_NativeTrace,2469,=,MEASURED,,clang-18.1.8-coverage-state-load-v1,clang-18.1.8-coverage-state-load-v1,Debian clang version 18.1.8 (++20240731024826+3b5b5c1ec4a3-1~exp1~20240731144843.145),clang-18.1.8-coverage-state-load-v1,3,experiments/codecontests_reasoning_state_prediction/measurements/program-complexity/profiles.json
program-complexity-normalized-v2,codecontests_reasoning_state_prediction,codecontests-test-1603e,short-trace-final,cpp,d7fe25a19d626e555247a54b1650138c821111d60e20cca5c73ec3112ca1e525,56128c78d54bd858b1f0a7710cc6ed6c0ee23efbe9034d42dc8ce6339a26f6bf,sha256:779c89d97fc25f7310e62a6525001f2f5629c5cd5d98c72246a74471e76f3302,Omega_hat_StateSize,1478716,=,MEASURED,,clang-18.1.8-coverage-state-load-v1,clang-18.1.8-coverage-state-load-v1,Debian clang version 18.1.8 (++20240731024826+3b5b5c1ec4a3-1~exp1~20240731144843.145),incremental observation after binding or supported-container state changes,3,experiments/codecontests_reasoning_state_prediction/measurements/program-complexity/profiles.json
program-complexity-normalized-v2,codecontests_reasoning_state_prediction,codecontests-test-1603e,short-trace-final,cpp,d7fe25a19d626e555247a54b1650138c821111d60e20cca5c73ec3112ca1e525,56128c78d54bd858b1f0a7710cc6ed6c0ee23efbe9034d42dc8ce6339a26f6bf,sha256:779c89d97fc25f7310e62a6525001f2f5629c5cd5d98c72246a74471e76f3302,Omega_hat_StateLoad,909408818,=,MEASURED,,clang-18.1.8-coverage-state-load-v1,clang-18.1.8-coverage-state-load-v1,Debian clang version 18.1.8 (++20240731024826+3b5b5c1ec4a3-1~exp1~20240731144843.145),incremental observation after binding or supported-container state changes,3,experiments/codecontests_reasoning_state_prediction/measurements/program-complexity/profiles.json
program-complexity-normalized-v2,codecontests_reasoning_state_prediction,codecontests-test-1603e,long-trace-final,cpp,d7fe25a19d626e555247a54b1650138c821111d60e20cca5c73ec3112ca1e525,16115f14b1d3589d0841b36fa922b477b58347dad5e3d021df0ae33ab64fa7a6,sha256:d0aebc37e561306657ba6177c0ad41eb7dda370f5ac75ea10c1b669d24e0c70f,Omega_CC,24,=,MEASURED,,cpp-preprocessed-control-flow-v1,cpp-preprocessed-control-flow-v1,Debian clang version 18.1.8 (++20240731024826+3b5b5c1ec4a3-1~exp1~20240731144843.145),,1,experiments/codecontests_reasoning_state_prediction/measurements/program-complexity/profiles.json
program-complexity-normalized-v2,codecontests_reasoning_state_prediction,codecontests-test-1603e,long-trace-final,cpp,d7fe25a19d626e555247a54b1650138c821111d60e20cca5c73ec3112ca1e525,16115f14b1d3589d0841b36fa922b477b58347dad5e3d021df0ae33ab64fa7a6,sha256:d0aebc37e561306657ba6177c0ad41eb7dda370f5ac75ea10c1b669d24e0c70f,Omega_hat_NativeTrace,20737394,=,MEASURED,,clang-18.1.8-coverage-state-load-v1,clang-18.1.8-coverage-state-load-v1,Debian clang version 18.1.8 (++20240731024826+3b5b5c1ec4a3-1~exp1~20240731144843.145),clang-18.1.8-coverage-state-load-v1,3,experiments/codecontests_reasoning_state_prediction/measurements/program-complexity/profiles.json
program-complexity-normalized-v2,codecontests_reasoning_state_prediction,codecontests-test-1603e,long-trace-final,cpp,d7fe25a19d626e555247a54b1650138c821111d60e20cca5c73ec3112ca1e525,16115f14b1d3589d0841b36fa922b477b58347dad5e3d021df0ae33ab64fa7a6,sha256:d0aebc37e561306657ba6177c0ad41eb7dda370f5ac75ea10c1b669d24e0c70f,Omega_hat_StateSize,1478716,=,MEASURED,,clang-18.1.8-coverage-state-load-v1,clang-18.1.8-coverage-state-load-v1,Debian clang version 18.1.8 (++20240731024826+3b5b5c1ec4a3-1~exp1~20240731144843.145),incremental observation after binding or supported-container state changes,3,experiments/codecontests_reasoning_state_prediction/measurements/program-complexity/profiles.json
program-complexity-normalized-v2,codecontests_reasoning_state_prediction,codecontests-test-1603e,long-trace-final,cpp,d7fe25a19d626e555247a54b1650138c821111d60e20cca5c73ec3112ca1e525,16115f14b1d3589d0841b36fa922b477b58347dad5e3d021df0ae33ab64fa7a6,sha256:d0aebc37e561306657ba6177c0ad41eb7dda370f5ac75ea10c1b669d24e0c70f,Omega_hat_StateLoad,4501797683908,=,MEASURED,,clang-18.1.8-coverage-state-load-v1,clang-18.1.8-coverage-state-load-v1,Debian clang version 18.1.8 (++20240731024826+3b5b5c1ec4a3-1~exp1~20240731144843.145),incremental observation after binding or supported-container state changes,3,experiments/codecontests_reasoning_state_prediction/measurements/program-complexity/profiles.json
program-complexity-normalized-v2,codecontests_reasoning_state_prediction,codecontests-test-1603e,inside-loop-state,cpp,f3186b205da6d6dcc9ea29d1c2d2e8b3e694f96a5c55cf87108c065fb309d17d,16115f14b1d3589d0841b36fa922b477b58347dad5e3d021df0ae33ab64fa7a6,sha256:e0c844d96f716df82229c0b809eed628de2bdaf66aa6d33a6653a15abf694eb0,Omega_CC,32,=,MEASURED,,cpp-preprocessed-control-flow-v1,cpp-preprocessed-control-flow-v1,Debian clang version 18.1.8 (++20240731024826+3b5b5c1ec4a3-1~exp1~20240731144843.145),,1,experiments/codecontests_reasoning_state_prediction/measurements/program-complexity/profiles.json
program-complexity-normalized-v2,codecontests_reasoning_state_prediction,codecontests-test-1603e,inside-loop-state,cpp,f3186b205da6d6dcc9ea29d1c2d2e8b3e694f96a5c55cf87108c065fb309d17d,16115f14b1d3589d0841b36fa922b477b58347dad5e3d021df0ae33ab64fa7a6,sha256:e0c844d96f716df82229c0b809eed628de2bdaf66aa6d33a6653a15abf694eb0,Omega_hat_NativeTrace,3687795,=,MEASURED,,clang-18.1.8-coverage-state-load-v1,clang-18.1.8-coverage-state-load-v1,Debian clang version 18.1.8 (++20240731024826+3b5b5c1ec4a3-1~exp1~20240731144843.145),clang-18.1.8-coverage-state-load-v1,3,experiments/codecontests_reasoning_state_prediction/measurements/program-complexity/profiles.json
program-complexity-normalized-v2,codecontests_reasoning_state_prediction,codecontests-test-1603e,inside-loop-state,cpp,f3186b205da6d6dcc9ea29d1c2d2e8b3e694f96a5c55cf87108c065fb309d17d,16115f14b1d3589d0841b36fa922b477b58347dad5e3d021df0ae33ab64fa7a6,sha256:e0c844d96f716df82229c0b809eed628de2bdaf66aa6d33a6653a15abf694eb0,Omega_hat_StateSize,1478716,=,MEASURED,,clang-18.1.8-coverage-state-load-v1,clang-18.1.8-coverage-state-load-v1,Debian clang version 18.1.8 (++20240731024826+3b5b5c1ec4a3-1~exp1~20240731144843.145),incremental observation after binding or supported-container state changes,3,experiments/codecontests_reasoning_state_prediction/measurements/program-complexity/profiles.json
program-complexity-normalized-v2,codecontests_reasoning_state_prediction,codecontests-test-1603e,inside-loop-state,cpp,f3186b205da6d6dcc9ea29d1c2d2e8b3e694f96a5c55cf87108c065fb309d17d,16115f14b1d3589d0841b36fa922b477b58347dad5e3d021df0ae33ab64fa7a6,sha256:e0c844d96f716df82229c0b809eed628de2bdaf66aa6d33a6653a15abf694eb0,Omega_hat_StateLoad,189201355791,=,MEASURED,,clang-18.1.8-coverage-state-load-v1,clang-18.1.8-coverage-state-load-v1,Debian clang version 18.1.8 (++20240731024826+3b5b5c1ec4a3-1~exp1~20240731144843.145),incremental observation after binding or supported-container state changes,3,experiments/codecontests_reasoning_state_prediction/measurements/program-complexity/profiles.json
program-complexity-normalized-v2,codecontests_reasoning_state_prediction,codecontests-test-1603e,post-loop-state,cpp,f412e755c350f9ce1c88cfff52e57c62ae92474f822504d6558ee65de9e4ed4d,16115f14b1d3589d0841b36fa922b477b58347dad5e3d021df0ae33ab64fa7a6,sha256:e297419f66992ba5cd7b050e872aaf1b9152534ac701b8d7b8983fa907e440a4,Omega_CC,32,=,MEASURED,,cpp-preprocessed-control-flow-v1,cpp-preprocessed-control-flow-v1,Debian clang version 18.1.8 (++20240731024826+3b5b5c1ec4a3-1~exp1~20240731144843.145),,1,experiments/codecontests_reasoning_state_prediction/measurements/program-complexity/profiles.json
program-complexity-normalized-v2,codecontests_reasoning_state_prediction,codecontests-test-1603e,post-loop-state,cpp,f412e755c350f9ce1c88cfff52e57c62ae92474f822504d6558ee65de9e4ed4d,16115f14b1d3589d0841b36fa922b477b58347dad5e3d021df0ae33ab64fa7a6,sha256:e297419f66992ba5cd7b050e872aaf1b9152534ac701b8d7b8983fa907e440a4,Omega_hat_NativeTrace,4331747,=,MEASURED,,clang-18.1.8-coverage-state-load-v1,clang-18.1.8-coverage-state-load-v1,Debian clang version 18.1.8 (++20240731024826+3b5b5c1ec4a3-1~exp1~20240731144843.145),clang-18.1.8-coverage-state-load-v1,3,experiments/codecontests_reasoning_state_prediction/measurements/program-complexity/profiles.json
program-complexity-normalized-v2,codecontests_reasoning_state_prediction,codecontests-test-1603e,post-loop-state,cpp,f412e755c350f9ce1c88cfff52e57c62ae92474f822504d6558ee65de9e4ed4d,16115f14b1d3589d0841b36fa922b477b58347dad5e3d021df0ae33ab64fa7a6,sha256:e297419f66992ba5cd7b050e872aaf1b9152534ac701b8d7b8983fa907e440a4,Omega_hat_StateSize,1478716,=,MEASURED,,clang-18.1.8-coverage-state-load-v1,clang-18.1.8-coverage-state-load-v1,Debian clang version 18.1.8 (++20240731024826+3b5b5c1ec4a3-1~exp1~20240731144843.145),incremental observation after binding or supported-container state changes,3,experiments/codecontests_reasoning_state_prediction/measurements/program-complexity/profiles.json
program-complexity-normalized-v2,codecontests_reasoning_state_prediction,codecontests-test-1603e,post-loop-state,cpp,f412e755c350f9ce1c88cfff52e57c62ae92474f822504d6558ee65de9e4ed4d,16115f14b1d3589d0841b36fa922b477b58347dad5e3d021df0ae33ab64fa7a6,sha256:e297419f66992ba5cd7b050e872aaf1b9152534ac701b8d7b8983fa907e440a4,Omega_hat_StateLoad,194205315507,=,MEASURED,,clang-18.1.8-coverage-state-load-v1,clang-18.1.8-coverage-state-load-v1,Debian clang version 18.1.8 (++20240731024826+3b5b5c1ec4a3-1~exp1~20240731144843.145),incremental observation after binding or supported-container state changes,3,experiments/codecontests_reasoning_state_prediction/measurements/program-complexity/profiles.json
program-complexity-normalized-v2,codecontests_reasoning_state_prediction,codecontests-test-1608e,short-trace-final,cpp,646dbc65fdea7bc8e3170908e4578902800b470e97d05e2454f0d26884e92df7,a2f5b5c4b5f17740e75fa5913cbf0bcde3191c7cb615765a3dfa89ab90e0e728,sha256:2ad7a5bc83f4399417abff5673e76326447e193174c9a6165aef87a8f8bab27d,Omega_CC,76,=,MEASURED,,cpp-preprocessed-control-flow-v1,cpp-preprocessed-control-flow-v1,Debian clang version 18.1.8 (++20240731024826+3b5b5c1ec4a3-1~exp1~20240731144843.145),,1,experiments/codecontests_reasoning_state_prediction/measurements/program-complexity/profiles.json
program-complexity-normalized-v2,codecontests_reasoning_state_prediction,codecontests-test-1608e,short-trace-final,cpp,646dbc65fdea7bc8e3170908e4578902800b470e97d05e2454f0d26884e92df7,a2f5b5c4b5f17740e75fa5913cbf0bcde3191c7cb615765a3dfa89ab90e0e728,sha256:2ad7a5bc83f4399417abff5673e76326447e193174c9a6165aef87a8f8bab27d,Omega_hat_NativeTrace,3627,=,MEASURED,,clang-18.1.8-coverage-state-load-v1,clang-18.1.8-coverage-state-load-v1,Debian clang version 18.1.8 (++20240731024826+3b5b5c1ec4a3-1~exp1~20240731144843.145),clang-18.1.8-coverage-state-load-v1,3,experiments/codecontests_reasoning_state_prediction/measurements/program-complexity/profiles.json
program-complexity-normalized-v2,codecontests_reasoning_state_prediction,codecontests-test-1608e,short-trace-final,cpp,646dbc65fdea7bc8e3170908e4578902800b470e97d05e2454f0d26884e92df7,a2f5b5c4b5f17740e75fa5913cbf0bcde3191c7cb615765a3dfa89ab90e0e728,sha256:2ad7a5bc83f4399417abff5673e76326447e193174c9a6165aef87a8f8bab27d,Omega_hat_StateSize,25200111,=,MEASURED,,clang-18.1.8-coverage-state-load-v1,clang-18.1.8-coverage-state-load-v1,Debian clang version 18.1.8 (++20240731024826+3b5b5c1ec4a3-1~exp1~20240731144843.145),incremental observation after binding or supported-container state changes,3,experiments/codecontests_reasoning_state_prediction/measurements/program-complexity/profiles.json
program-complexity-normalized-v2,codecontests_reasoning_state_prediction,codecontests-test-1608e,short-trace-final,cpp,646dbc65fdea7bc8e3170908e4578902800b470e97d05e2454f0d26884e92df7,a2f5b5c4b5f17740e75fa5913cbf0bcde3191c7cb615765a3dfa89ab90e0e728,sha256:2ad7a5bc83f4399417abff5673e76326447e193174c9a6165aef87a8f8bab27d,Omega_hat_StateLoad,62438640242,=,MEASURED,,clang-18.1.8-coverage-state-load-v1,clang-18.1.8-coverage-state-load-v1,Debian clang version 18.1.8 (++20240731024826+3b5b5c1ec4a3-1~exp1~20240731144843.145),incremental observation after binding or supported-container state changes,3,experiments/codecontests_reasoning_state_prediction/measurements/program-complexity/profiles.json
program-complexity-normalized-v2,codecontests_reasoning_state_prediction,codecontests-test-1608e,long-trace-final,cpp,646dbc65fdea7bc8e3170908e4578902800b470e97d05e2454f0d26884e92df7,f55be964bd2cc68afe5b9ad8f942604e10918169e7160750406727f80984c504,sha256:8ebace14190bd980ed0346ef1cf28783aaa6afc63d8ad86115f47c0dd2723338,Omega_CC,76,=,MEASURED,,cpp-preprocessed-control-flow-v1,cpp-preprocessed-control-flow-v1,Debian clang version 18.1.8 (++20240731024826+3b5b5c1ec4a3-1~exp1~20240731144843.145),,1,experiments/codecontests_reasoning_state_prediction/measurements/program-complexity/profiles.json
program-complexity-normalized-v2,codecontests_reasoning_state_prediction,codecontests-test-1608e,long-trace-final,cpp,646dbc65fdea7bc8e3170908e4578902800b470e97d05e2454f0d26884e92df7,f55be964bd2cc68afe5b9ad8f942604e10918169e7160750406727f80984c504,sha256:8ebace14190bd980ed0346ef1cf28783aaa6afc63d8ad86115f47c0dd2723338,Omega_hat_NativeTrace,17917,=,MEASURED,,clang-18.1.8-coverage-state-load-v1,clang-18.1.8-coverage-state-load-v1,Debian clang version 18.1.8 (++20240731024826+3b5b5c1ec4a3-1~exp1~20240731144843.145),clang-18.1.8-coverage-state-load-v1,3,experiments/codecontests_reasoning_state_prediction/measurements/program-complexity/profiles.json
program-complexity-normalized-v2,codecontests_reasoning_state_prediction,codecontests-test-1608e,long-trace-final,cpp,646dbc65fdea7bc8e3170908e4578902800b470e97d05e2454f0d26884e92df7,f55be964bd2cc68afe5b9ad8f942604e10918169e7160750406727f80984c504,sha256:8ebace14190bd980ed0346ef1cf28783aaa6afc63d8ad86115f47c0dd2723338,Omega_hat_StateSize,25200169,=,MEASURED,,clang-18.1.8-coverage-state-load-v1,clang-18.1.8-coverage-state-load-v1,Debian clang version 18.1.8 (++20240731024826+3b5b5c1ec4a3-1~exp1~20240731144843.145),incremental observation after binding or supported-container state changes,3,experiments/codecontests_reasoning_state_prediction/measurements/program-complexity/profiles.json
program-complexity-normalized-v2,codecontests_reasoning_state_prediction,codecontests-test-1608e,long-trace-final,cpp,646dbc65fdea7bc8e3170908e4578902800b470e97d05e2454f0d26884e92df7,f55be964bd2cc68afe5b9ad8f942604e10918169e7160750406727f80984c504,sha256:8ebace14190bd980ed0346ef1cf28783aaa6afc63d8ad86115f47c0dd2723338,Omega_hat_StateLoad,405236280252,=,MEASURED,,clang-18.1.8-coverage-state-load-v1,clang-18.1.8-coverage-state-load-v1,Debian clang version 18.1.8 (++20240731024826+3b5b5c1ec4a3-1~exp1~20240731144843.145),incremental observation after binding or supported-container state changes,3,experiments/codecontests_reasoning_state_prediction/measurements/program-complexity/profiles.json
program-complexity-normalized-v2,codecontests_reasoning_state_prediction,codecontests-test-1608e,inside-loop-state,cpp,667c28dbcfd364ae586ae9cd21bf6fd959db38f0147f2a6cb6289ec447eb9a22,f55be964bd2cc68afe5b9ad8f942604e10918169e7160750406727f80984c504,sha256:6949fc238183520b795ac992f3a08c9a5fb2502e4783d7c57b2e1b9dc72f67d0,Omega_CC,84,=,MEASURED,,cpp-preprocessed-control-flow-v1,cpp-preprocessed-control-flow-v1,Debian clang version 18.1.8 (++20240731024826+3b5b5c1ec4a3-1~exp1~20240731144843.145),,1,experiments/codecontests_reasoning_state_prediction/measurements/program-complexity/profiles.json
program-complexity-normalized-v2,codecontests_reasoning_state_prediction,codecontests-test-1608e,inside-loop-state,cpp,667c28dbcfd364ae586ae9cd21bf6fd959db38f0147f2a6cb6289ec447eb9a22,f55be964bd2cc68afe5b9ad8f942604e10918169e7160750406727f80984c504,sha256:6949fc238183520b795ac992f3a08c9a5fb2502e4783d7c57b2e1b9dc72f67d0,Omega_hat_NativeTrace,7468,=,MEASURED,,clang-18.1.8-coverage-state-load-v1,clang-18.1.8-coverage-state-load-v1,Debian clang version 18.1.8 (++20240731024826+3b5b5c1ec4a3-1~exp1~20240731144843.145),clang-18.1.8-coverage-state-load-v1,3,experiments/codecontests_reasoning_state_prediction/measurements/program-complexity/profiles.json
program-complexity-normalized-v2,codecontests_reasoning_state_prediction,codecontests-test-1608e,inside-loop-state,cpp,667c28dbcfd364ae586ae9cd21bf6fd959db38f0147f2a6cb6289ec447eb9a22,f55be964bd2cc68afe5b9ad8f942604e10918169e7160750406727f80984c504,sha256:6949fc238183520b795ac992f3a08c9a5fb2502e4783d7c57b2e1b9dc72f67d0,Omega_hat_StateSize,25200162,=,MEASURED,,clang-18.1.8-coverage-state-load-v1,clang-18.1.8-coverage-state-load-v1,Debian clang version 18.1.8 (++20240731024826+3b5b5c1ec4a3-1~exp1~20240731144843.145),incremental observation after binding or supported-container state changes,3,experiments/codecontests_reasoning_state_prediction/measurements/program-complexity/profiles.json
program-complexity-normalized-v2,codecontests_reasoning_state_prediction,codecontests-test-1608e,inside-loop-state,cpp,667c28dbcfd364ae586ae9cd21bf6fd959db38f0147f2a6cb6289ec447eb9a22,f55be964bd2cc68afe5b9ad8f942604e10918169e7160750406727f80984c504,sha256:6949fc238183520b795ac992f3a08c9a5fb2502e4783d7c57b2e1b9dc72f67d0,Omega_hat_StateLoad,175461364750,=,MEASURED,,clang-18.1.8-coverage-state-load-v1,clang-18.1.8-coverage-state-load-v1,Debian clang version 18.1.8 (++20240731024826+3b5b5c1ec4a3-1~exp1~20240731144843.145),incremental observation after binding or supported-container state changes,3,experiments/codecontests_reasoning_state_prediction/measurements/program-complexity/profiles.json
program-complexity-normalized-v2,codecontests_reasoning_state_prediction,codecontests-test-1608e,post-loop-state,cpp,b3c2da25bedf53cb9761b05fae26f46e4cf88607b5e31132dd26180b52bbaf2b,f55be964bd2cc68afe5b9ad8f942604e10918169e7160750406727f80984c504,sha256:cc4c9cced76aa097ea42e59405ef0d53c17945b28047044adc42f6b251005d2c,Omega_CC,84,=,MEASURED,,cpp-preprocessed-control-flow-v1,cpp-preprocessed-control-flow-v1,Debian clang version 18.1.8 (++20240731024826+3b5b5c1ec4a3-1~exp1~20240731144843.145),,1,experiments/codecontests_reasoning_state_prediction/measurements/program-complexity/profiles.json
program-complexity-normalized-v2,codecontests_reasoning_state_prediction,codecontests-test-1608e,post-loop-state,cpp,b3c2da25bedf53cb9761b05fae26f46e4cf88607b5e31132dd26180b52bbaf2b,f55be964bd2cc68afe5b9ad8f942604e10918169e7160750406727f80984c504,sha256:cc4c9cced76aa097ea42e59405ef0d53c17945b28047044adc42f6b251005d2c,Omega_hat_NativeTrace,7931,=,MEASURED,,clang-18.1.8-coverage-state-load-v1,clang-18.1.8-coverage-state-load-v1,Debian clang version 18.1.8 (++20240731024826+3b5b5c1ec4a3-1~exp1~20240731144843.145),clang-18.1.8-coverage-state-load-v1,3,experiments/codecontests_reasoning_state_prediction/measurements/program-complexity/profiles.json
program-complexity-normalized-v2,codecontests_reasoning_state_prediction,codecontests-test-1608e,post-loop-state,cpp,b3c2da25bedf53cb9761b05fae26f46e4cf88607b5e31132dd26180b52bbaf2b,f55be964bd2cc68afe5b9ad8f942604e10918169e7160750406727f80984c504,sha256:cc4c9cced76aa097ea42e59405ef0d53c17945b28047044adc42f6b251005d2c,Omega_hat_StateSize,25200162,=,MEASURED,,clang-18.1.8-coverage-state-load-v1,clang-18.1.8-coverage-state-load-v1,Debian clang version 18.1.8 (++20240731024826+3b5b5c1ec4a3-1~exp1~20240731144843.145),incremental observation after binding or supported-container state changes,3,experiments/codecontests_reasoning_state_prediction/measurements/program-complexity/profiles.json
program-complexity-normalized-v2,codecontests_reasoning_state_prediction,codecontests-test-1608e,post-loop-state,cpp,b3c2da25bedf53cb9761b05fae26f46e4cf88607b5e31132dd26180b52bbaf2b,f55be964bd2cc68afe5b9ad8f942604e10918169e7160750406727f80984c504,sha256:cc4c9cced76aa097ea42e59405ef0d53c17945b28047044adc42f6b251005d2c,Omega_hat_StateLoad,189044239492,=,MEASURED,,clang-18.1.8-coverage-state-load-v1,clang-18.1.8-coverage-state-load-v1,Debian clang version 18.1.8 (++20240731024826+3b5b5c1ec4a3-1~exp1~20240731144843.145),incremental observation after binding or supported-container state changes,3,experiments/codecontests_reasoning_state_prediction/measurements/program-complexity/profiles.json
program-complexity-normalized-v2,codecontests_reasoning_state_prediction,codecontests-test-1608f,short-trace-final,cpp,3b1188cf9f4294e77fd38eb7d8098dfcfb19fbdd0ef6e9a3fe8d63adfeb2abbf,8ad616db4fe9bd467b7ab16879f97c77503d2b22431ce9705293bfe707f20a7f,sha256:d48d9b5044f5e17095a2ec86dbb638df354a23d2ef42fbbe0188cde9bb9903db,Omega_CC,25,=,MEASURED,,cpp-preprocessed-control-flow-v1,cpp-preprocessed-control-flow-v1,Debian clang version 18.1.8 (++20240731024826+3b5b5c1ec4a3-1~exp1~20240731144843.145),,1,experiments/codecontests_reasoning_state_prediction/measurements/program-complexity/profiles.json
program-complexity-normalized-v2,codecontests_reasoning_state_prediction,codecontests-test-1608f,short-trace-final,cpp,3b1188cf9f4294e77fd38eb7d8098dfcfb19fbdd0ef6e9a3fe8d63adfeb2abbf,8ad616db4fe9bd467b7ab16879f97c77503d2b22431ce9705293bfe707f20a7f,sha256:d48d9b5044f5e17095a2ec86dbb638df354a23d2ef42fbbe0188cde9bb9903db,Omega_hat_NativeTrace,1337,=,MEASURED,,clang-18.1.8-coverage-state-load-v1,clang-18.1.8-coverage-state-load-v1,Debian clang version 18.1.8 (++20240731024826+3b5b5c1ec4a3-1~exp1~20240731144843.145),clang-18.1.8-coverage-state-load-v1,3,experiments/codecontests_reasoning_state_prediction/measurements/program-complexity/profiles.json
program-complexity-normalized-v2,codecontests_reasoning_state_prediction,codecontests-test-1608f,short-trace-final,cpp,3b1188cf9f4294e77fd38eb7d8098dfcfb19fbdd0ef6e9a3fe8d63adfeb2abbf,8ad616db4fe9bd467b7ab16879f97c77503d2b22431ce9705293bfe707f20a7f,sha256:d48d9b5044f5e17095a2ec86dbb638df354a23d2ef42fbbe0188cde9bb9903db,Omega_hat_StateSize,457776,=,MEASURED,,clang-18.1.8-coverage-state-load-v1,clang-18.1.8-coverage-state-load-v1,Debian clang version 18.1.8 (++20240731024826+3b5b5c1ec4a3-1~exp1~20240731144843.145),incremental observation after binding or supported-container state changes,3,experiments/codecontests_reasoning_state_prediction/measurements/program-complexity/profiles.json
program-complexity-normalized-v2,codecontests_reasoning_state_prediction,codecontests-test-1608f,short-trace-final,cpp,3b1188cf9f4294e77fd38eb7d8098dfcfb19fbdd0ef6e9a3fe8d63adfeb2abbf,8ad616db4fe9bd467b7ab16879f97c77503d2b22431ce9705293bfe707f20a7f,sha256:d48d9b5044f5e17095a2ec86dbb638df354a23d2ef42fbbe0188cde9bb9903db,Omega_hat_StateLoad,151484570,=,MEASURED,,clang-18.1.8-coverage-state-load-v1,clang-18.1.8-coverage-state-load-v1,Debian clang version 18.1.8 (++20240731024826+3b5b5c1ec4a3-1~exp1~20240731144843.145),incremental observation after binding or supported-container state changes,3,experiments/codecontests_reasoning_state_prediction/measurements/program-complexity/profiles.json
program-complexity-normalized-v2,codecontests_reasoning_state_prediction,codecontests-test-1608f,long-trace-final,cpp,3b1188cf9f4294e77fd38eb7d8098dfcfb19fbdd0ef6e9a3fe8d63adfeb2abbf,b3e5d9410e92ec6feb64678dbc4fc691cb4660d89a83baf0e0a219123c05b450,sha256:9064606963a97e2da476143f5bf5c60bb7a6f464a1693fb12a8b42f481f2e683,Omega_CC,25,=,MEASURED,,cpp-preprocessed-control-flow-v1,cpp-preprocessed-control-flow-v1,Debian clang version 18.1.8 (++20240731024826+3b5b5c1ec4a3-1~exp1~20240731144843.145),,1,experiments/codecontests_reasoning_state_prediction/measurements/program-complexity/profiles.json
program-complexity-normalized-v2,codecontests_reasoning_state_prediction,codecontests-test-1608f,long-trace-final,cpp,3b1188cf9f4294e77fd38eb7d8098dfcfb19fbdd0ef6e9a3fe8d63adfeb2abbf,b3e5d9410e92ec6feb64678dbc4fc691cb4660d89a83baf0e0a219123c05b450,sha256:9064606963a97e2da476143f5bf5c60bb7a6f464a1693fb12a8b42f481f2e683,Omega_hat_NativeTrace,607758,=,MEASURED,,clang-18.1.8-coverage-state-load-v1,clang-18.1.8-coverage-state-load-v1,Debian clang version 18.1.8 (++20240731024826+3b5b5c1ec4a3-1~exp1~20240731144843.145),clang-18.1.8-coverage-state-load-v1,3,experiments/codecontests_reasoning_state_prediction/measurements/program-complexity/profiles.json
program-complexity-normalized-v2,codecontests_reasoning_state_prediction,codecontests-test-1608f,long-trace-final,cpp,3b1188cf9f4294e77fd38eb7d8098dfcfb19fbdd0ef6e9a3fe8d63adfeb2abbf,b3e5d9410e92ec6feb64678dbc4fc691cb4660d89a83baf0e0a219123c05b450,sha256:9064606963a97e2da476143f5bf5c60bb7a6f464a1693fb12a8b42f481f2e683,Omega_hat_StateSize,457776,=,MEASURED,,clang-18.1.8-coverage-state-load-v1,clang-18.1.8-coverage-state-load-v1,Debian clang version 18.1.8 (++20240731024826+3b5b5c1ec4a3-1~exp1~20240731144843.145),incremental observation after binding or supported-container state changes,3,experiments/codecontests_reasoning_state_prediction/measurements/program-complexity/profiles.json
program-complexity-normalized-v2,codecontests_reasoning_state_prediction,codecontests-test-1608f,long-trace-final,cpp,3b1188cf9f4294e77fd38eb7d8098dfcfb19fbdd0ef6e9a3fe8d63adfeb2abbf,b3e5d9410e92ec6feb64678dbc4fc691cb4660d89a83baf0e0a219123c05b450,sha256:9064606963a97e2da476143f5bf5c60bb7a6f464a1693fb12a8b42f481f2e683,Omega_hat_StateLoad,54207437289,=,MEASURED,,clang-18.1.8-coverage-state-load-v1,clang-18.1.8-coverage-state-load-v1,Debian clang version 18.1.8 (++20240731024826+3b5b5c1ec4a3-1~exp1~20240731144843.145),incremental observation after binding or supported-container state changes,3,experiments/codecontests_reasoning_state_prediction/measurements/program-complexity/profiles.json
program-complexity-normalized-v2,codecontests_reasoning_state_prediction,codecontests-test-1608f,inside-loop-state,cpp,9864fd100347bbad0e115c788da3250c68253007614da622a5ee02799527370f,b3e5d9410e92ec6feb64678dbc4fc691cb4660d89a83baf0e0a219123c05b450,sha256:2e88688fdf052f3b7060b5e0bac5bd74c359e42cc2a78eff1c07b29a06f48c71,Omega_CC,33,=,MEASURED,,cpp-preprocessed-control-flow-v1,cpp-preprocessed-control-flow-v1,Debian clang version 18.1.8 (++20240731024826+3b5b5c1ec4a3-1~exp1~20240731144843.145),,1,experiments/codecontests_reasoning_state_prediction/measurements/program-complexity/profiles.json
program-complexity-normalized-v2,codecontests_reasoning_state_prediction,codecontests-test-1608f,inside-loop-state,cpp,9864fd100347bbad0e115c788da3250c68253007614da622a5ee02799527370f,b3e5d9410e92ec6feb64678dbc4fc691cb4660d89a83baf0e0a219123c05b450,sha256:2e88688fdf052f3b7060b5e0bac5bd74c359e42cc2a78eff1c07b29a06f48c71,Omega_hat_NativeTrace,36748,=,MEASURED,,clang-18.1.8-coverage-state-load-v1,clang-18.1.8-coverage-state-load-v1,Debian clang version 18.1.8 (++20240731024826+3b5b5c1ec4a3-1~exp1~20240731144843.145),clang-18.1.8-coverage-state-load-v1,3,experiments/codecontests_reasoning_state_prediction/measurements/program-complexity/profiles.json
program-complexity-normalized-v2,codecontests_reasoning_state_prediction,codecontests-test-1608f,inside-loop-state,cpp,9864fd100347bbad0e115c788da3250c68253007614da622a5ee02799527370f,b3e5d9410e92ec6feb64678dbc4fc691cb4660d89a83baf0e0a219123c05b450,sha256:2e88688fdf052f3b7060b5e0bac5bd74c359e42cc2a78eff1c07b29a06f48c71,Omega_hat_StateSize,463089,=,MEASURED,,clang-18.1.8-coverage-state-load-v1,clang-18.1.8-coverage-state-load-v1,Debian clang version 18.1.8 (++20240731024826+3b5b5c1ec4a3-1~exp1~20240731144843.145),incremental observation after binding or supported-container state changes,3,experiments/codecontests_reasoning_state_prediction/measurements/program-complexity/profiles.json
program-complexity-normalized-v2,codecontests_reasoning_state_prediction,codecontests-test-1608f,inside-loop-state,cpp,9864fd100347bbad0e115c788da3250c68253007614da622a5ee02799527370f,b3e5d9410e92ec6feb64678dbc4fc691cb4660d89a83baf0e0a219123c05b450,sha256:2e88688fdf052f3b7060b5e0bac5bd74c359e42cc2a78eff1c07b29a06f48c71,Omega_hat_StateLoad,20733502691,=,MEASURED,,clang-18.1.8-coverage-state-load-v1,clang-18.1.8-coverage-state-load-v1,Debian clang version 18.1.8 (++20240731024826+3b5b5c1ec4a3-1~exp1~20240731144843.145),incremental observation after binding or supported-container state changes,3,experiments/codecontests_reasoning_state_prediction/measurements/program-complexity/profiles.json
program-complexity-normalized-v2,codecontests_reasoning_state_prediction,codecontests-test-1608f,post-loop-state,cpp,ef77878c7f3b869738b3ff6a4965c679f33909d0914e136f66f6c522b7b20c01,b3e5d9410e92ec6feb64678dbc4fc691cb4660d89a83baf0e0a219123c05b450,sha256:6600b91ad25969bbda3e7b00960e031dc573e2cf8319c2eead37614c45662624,Omega_CC,33,=,MEASURED,,cpp-preprocessed-control-flow-v1,cpp-preprocessed-control-flow-v1,Debian clang version 18.1.8 (++20240731024826+3b5b5c1ec4a3-1~exp1~20240731144843.145),,1,experiments/codecontests_reasoning_state_prediction/measurements/program-complexity/profiles.json
program-complexity-normalized-v2,codecontests_reasoning_state_prediction,codecontests-test-1608f,post-loop-state,cpp,ef77878c7f3b869738b3ff6a4965c679f33909d0914e136f66f6c522b7b20c01,b3e5d9410e92ec6feb64678dbc4fc691cb4660d89a83baf0e0a219123c05b450,sha256:6600b91ad25969bbda3e7b00960e031dc573e2cf8319c2eead37614c45662624,Omega_hat_NativeTrace,36955,=,MEASURED,,clang-18.1.8-coverage-state-load-v1,clang-18.1.8-coverage-state-load-v1,Debian clang version 18.1.8 (++20240731024826+3b5b5c1ec4a3-1~exp1~20240731144843.145),clang-18.1.8-coverage-state-load-v1,3,experiments/codecontests_reasoning_state_prediction/measurements/program-complexity/profiles.json
program-complexity-normalized-v2,codecontests_reasoning_state_prediction,codecontests-test-1608f,post-loop-state,cpp,ef77878c7f3b869738b3ff6a4965c679f33909d0914e136f66f6c522b7b20c01,b3e5d9410e92ec6feb64678dbc4fc691cb4660d89a83baf0e0a219123c05b450,sha256:6600b91ad25969bbda3e7b00960e031dc573e2cf8319c2eead37614c45662624,Omega_hat_StateSize,463088,=,MEASURED,,clang-18.1.8-coverage-state-load-v1,clang-18.1.8-coverage-state-load-v1,Debian clang version 18.1.8 (++20240731024826+3b5b5c1ec4a3-1~exp1~20240731144843.145),incremental observation after binding or supported-container state changes,3,experiments/codecontests_reasoning_state_prediction/measurements/program-complexity/profiles.json
program-complexity-normalized-v2,codecontests_reasoning_state_prediction,codecontests-test-1608f,post-loop-state,cpp,ef77878c7f3b869738b3ff6a4965c679f33909d0914e136f66f6c522b7b20c01,b3e5d9410e92ec6feb64678dbc4fc691cb4660d89a83baf0e0a219123c05b450,sha256:6600b91ad25969bbda3e7b00960e031dc573e2cf8319c2eead37614c45662624,Omega_hat_StateLoad,20758637829,=,MEASURED,,clang-18.1.8-coverage-state-load-v1,clang-18.1.8-coverage-state-load-v1,Debian clang version 18.1.8 (++20240731024826+3b5b5c1ec4a3-1~exp1~20240731144843.145),incremental observation after binding or supported-container state changes,3,experiments/codecontests_reasoning_state_prediction/measurements/program-complexity/profiles.json
program-complexity-normalized-v2,codecontests_reasoning_state_prediction,codecontests-test-1615g,short-trace-final,cpp,ad373333e07dc4e3b058568facb985af09bac3ef8991907c430b33236999f394,8b8d92f6cd116121a9e352a9d6bbbeea5f82cc1c848aaea202eee9901fb39d86,sha256:075bdcb1a9d283dc2a06d2462f1286ce513353a9aa80af2017230f8fd6d25609,Omega_CC,84,=,MEASURED,,cpp-preprocessed-control-flow-v1,cpp-preprocessed-control-flow-v1,Debian clang version 18.1.8 (++20240731024826+3b5b5c1ec4a3-1~exp1~20240731144843.145),,1,experiments/codecontests_reasoning_state_prediction/measurements/program-complexity/profiles.json
program-complexity-normalized-v2,codecontests_reasoning_state_prediction,codecontests-test-1615g,short-trace-final,cpp,ad373333e07dc4e3b058568facb985af09bac3ef8991907c430b33236999f394,8b8d92f6cd116121a9e352a9d6bbbeea5f82cc1c848aaea202eee9901fb39d86,sha256:075bdcb1a9d283dc2a06d2462f1286ce513353a9aa80af2017230f8fd6d25609,Omega_hat_NativeTrace,194,=,MEASURED,,clang-18.1.8-coverage-state-load-v1,clang-18.1.8-coverage-state-load-v1,Debian clang version 18.1.8 (++20240731024826+3b5b5c1ec4a3-1~exp1~20240731144843.145),clang-18.1.8-coverage-state-load-v1,3,experiments/codecontests_reasoning_state_prediction/measurements/program-complexity/profiles.json
program-complexity-normalized-v2,codecontests_reasoning_state_prediction,codecontests-test-1615g,short-trace-final,cpp,ad373333e07dc4e3b058568facb985af09bac3ef8991907c430b33236999f394,8b8d92f6cd116121a9e352a9d6bbbeea5f82cc1c848aaea202eee9901fb39d86,sha256:075bdcb1a9d283dc2a06d2462f1286ce513353a9aa80af2017230f8fd6d25609,Omega_hat_StateSize,70,=,MEASURED,,clang-18.1.8-coverage-state-load-v1,clang-18.1.8-coverage-state-load-v1,Debian clang version 18.1.8 (++20240731024826+3b5b5c1ec4a3-1~exp1~20240731144843.145),incremental observation after binding or supported-container state changes,3,experiments/codecontests_reasoning_state_prediction/measurements/program-complexity/profiles.json
program-complexity-normalized-v2,codecontests_reasoning_state_prediction,codecontests-test-1615g,short-trace-final,cpp,ad373333e07dc4e3b058568facb985af09bac3ef8991907c430b33236999f394,8b8d92f6cd116121a9e352a9d6bbbeea5f82cc1c848aaea202eee9901fb39d86,sha256:075bdcb1a9d283dc2a06d2462f1286ce513353a9aa80af2017230f8fd6d25609,Omega_hat_StateLoad,6874,=,MEASURED,,clang-18.1.8-coverage-state-load-v1,clang-18.1.8-coverage-state-load-v1,Debian clang version 18.1.8 (++20240731024826+3b5b5c1ec4a3-1~exp1~20240731144843.145),incremental observation after binding or supported-container state changes,3,experiments/codecontests_reasoning_state_prediction/measurements/program-complexity/profiles.json
program-complexity-normalized-v2,codecontests_reasoning_state_prediction,codecontests-test-1615g,long-trace-final,cpp,ad373333e07dc4e3b058568facb985af09bac3ef8991907c430b33236999f394,73a6420953313f0860ecac8f963f63bd594f27eacb54f75047c6e7f224445982,sha256:1a85277e9cafbd06fa04a8b99da235d5efe27926cac2083e0f5d69013b18b74c,Omega_CC,84,=,MEASURED,,cpp-preprocessed-control-flow-v1,cpp-preprocessed-control-flow-v1,Debian clang version 18.1.8 (++20240731024826+3b5b5c1ec4a3-1~exp1~20240731144843.145),,1,experiments/codecontests_reasoning_state_prediction/measurements/program-complexity/profiles.json
program-complexity-normalized-v2,codecontests_reasoning_state_prediction,codecontests-test-1615g,long-trace-final,cpp,ad373333e07dc4e3b058568facb985af09bac3ef8991907c430b33236999f394,73a6420953313f0860ecac8f963f63bd594f27eacb54f75047c6e7f224445982,sha256:1a85277e9cafbd06fa04a8b99da235d5efe27926cac2083e0f5d69013b18b74c,Omega_hat_NativeTrace,5325,=,MEASURED,,clang-18.1.8-coverage-state-load-v1,clang-18.1.8-coverage-state-load-v1,Debian clang version 18.1.8 (++20240731024826+3b5b5c1ec4a3-1~exp1~20240731144843.145),clang-18.1.8-coverage-state-load-v1,3,experiments/codecontests_reasoning_state_prediction/measurements/program-complexity/profiles.json
program-complexity-normalized-v2,codecontests_reasoning_state_prediction,codecontests-test-1615g,long-trace-final,cpp,ad373333e07dc4e3b058568facb985af09bac3ef8991907c430b33236999f394,73a6420953313f0860ecac8f963f63bd594f27eacb54f75047c6e7f224445982,sha256:1a85277e9cafbd06fa04a8b99da235d5efe27926cac2083e0f5d69013b18b74c,Omega_hat_StateSize,1108,=,MEASURED,,clang-18.1.8-coverage-state-load-v1,clang-18.1.8-coverage-state-load-v1,Debian clang version 18.1.8 (++20240731024826+3b5b5c1ec4a3-1~exp1~20240731144843.145),incremental observation after binding or supported-container state changes,3,experiments/codecontests_reasoning_state_prediction/measurements/program-complexity/profiles.json
program-complexity-normalized-v2,codecontests_reasoning_state_prediction,codecontests-test-1615g,long-trace-final,cpp,ad373333e07dc4e3b058568facb985af09bac3ef8991907c430b33236999f394,73a6420953313f0860ecac8f963f63bd594f27eacb54f75047c6e7f224445982,sha256:1a85277e9cafbd06fa04a8b99da235d5efe27926cac2083e0f5d69013b18b74c,Omega_hat_StateLoad,2793543,=,MEASURED,,clang-18.1.8-coverage-state-load-v1,clang-18.1.8-coverage-state-load-v1,Debian clang version 18.1.8 (++20240731024826+3b5b5c1ec4a3-1~exp1~20240731144843.145),incremental observation after binding or supported-container state changes,3,experiments/codecontests_reasoning_state_prediction/measurements/program-complexity/profiles.json
program-complexity-normalized-v2,codecontests_reasoning_state_prediction,codecontests-test-1615g,inside-loop-state,cpp,acc1b2cc8cfb5ad702c4fd69f49f49e609d604888c2fc3c44a8fa83a57d3de81,73a6420953313f0860ecac8f963f63bd594f27eacb54f75047c6e7f224445982,sha256:fe82b4afbcc1129cedb26cf57284c2a4d208bde1f728de8c73750be2d4317471,Omega_CC,92,=,MEASURED,,cpp-preprocessed-control-flow-v1,cpp-preprocessed-control-flow-v1,Debian clang version 18.1.8 (++20240731024826+3b5b5c1ec4a3-1~exp1~20240731144843.145),,1,experiments/codecontests_reasoning_state_prediction/measurements/program-complexity/profiles.json
program-complexity-normalized-v2,codecontests_reasoning_state_prediction,codecontests-test-1615g,inside-loop-state,cpp,acc1b2cc8cfb5ad702c4fd69f49f49e609d604888c2fc3c44a8fa83a57d3de81,73a6420953313f0860ecac8f963f63bd594f27eacb54f75047c6e7f224445982,sha256:fe82b4afbcc1129cedb26cf57284c2a4d208bde1f728de8c73750be2d4317471,Omega_hat_NativeTrace,6517,=,MEASURED,,clang-18.1.8-coverage-state-load-v1,clang-18.1.8-coverage-state-load-v1,Debian clang version 18.1.8 (++20240731024826+3b5b5c1ec4a3-1~exp1~20240731144843.145),clang-18.1.8-coverage-state-load-v1,3,experiments/codecontests_reasoning_state_prediction/measurements/program-complexity/profiles.json
program-complexity-normalized-v2,codecontests_reasoning_state_prediction,codecontests-test-1615g,inside-loop-state,cpp,acc1b2cc8cfb5ad702c4fd69f49f49e609d604888c2fc3c44a8fa83a57d3de81,73a6420953313f0860ecac8f963f63bd594f27eacb54f75047c6e7f224445982,sha256:fe82b4afbcc1129cedb26cf57284c2a4d208bde1f728de8c73750be2d4317471,Omega_hat_StateSize,1108,=,MEASURED,,clang-18.1.8-coverage-state-load-v1,clang-18.1.8-coverage-state-load-v1,Debian clang version 18.1.8 (++20240731024826+3b5b5c1ec4a3-1~exp1~20240731144843.145),incremental observation after binding or supported-container state changes,3,experiments/codecontests_reasoning_state_prediction/measurements/program-complexity/profiles.json
program-complexity-normalized-v2,codecontests_reasoning_state_prediction,codecontests-test-1615g,inside-loop-state,cpp,acc1b2cc8cfb5ad702c4fd69f49f49e609d604888c2fc3c44a8fa83a57d3de81,73a6420953313f0860ecac8f963f63bd594f27eacb54f75047c6e7f224445982,sha256:fe82b4afbcc1129cedb26cf57284c2a4d208bde1f728de8c73750be2d4317471,Omega_hat_StateLoad,6401288,=,MEASURED,,clang-18.1.8-coverage-state-load-v1,clang-18.1.8-coverage-state-load-v1,Debian clang version 18.1.8 (++20240731024826+3b5b5c1ec4a3-1~exp1~20240731144843.145),incremental observation after binding or supported-container state changes,3,experiments/codecontests_reasoning_state_prediction/measurements/program-complexity/profiles.json
program-complexity-normalized-v2,codecontests_reasoning_state_prediction,codecontests-test-1615g,post-loop-state,cpp,0933389f16bc0f8f1a15f83914fd800b2881de1ed6b02e9104c48207b1cde312,73a6420953313f0860ecac8f963f63bd594f27eacb54f75047c6e7f224445982,sha256:1b93b5e3d467eb0daaeec49d00549e634787cf308b67ed90c07fcec223caae2a,Omega_CC,92,=,MEASURED,,cpp-preprocessed-control-flow-v1,cpp-preprocessed-control-flow-v1,Debian clang version 18.1.8 (++20240731024826+3b5b5c1ec4a3-1~exp1~20240731144843.145),,1,experiments/codecontests_reasoning_state_prediction/measurements/program-complexity/profiles.json
program-complexity-normalized-v2,codecontests_reasoning_state_prediction,codecontests-test-1615g,post-loop-state,cpp,0933389f16bc0f8f1a15f83914fd800b2881de1ed6b02e9104c48207b1cde312,73a6420953313f0860ecac8f963f63bd594f27eacb54f75047c6e7f224445982,sha256:1b93b5e3d467eb0daaeec49d00549e634787cf308b67ed90c07fcec223caae2a,Omega_hat_NativeTrace,6693,=,MEASURED,,clang-18.1.8-coverage-state-load-v1,clang-18.1.8-coverage-state-load-v1,Debian clang version 18.1.8 (++20240731024826+3b5b5c1ec4a3-1~exp1~20240731144843.145),clang-18.1.8-coverage-state-load-v1,3,experiments/codecontests_reasoning_state_prediction/measurements/program-complexity/profiles.json
program-complexity-normalized-v2,codecontests_reasoning_state_prediction,codecontests-test-1615g,post-loop-state,cpp,0933389f16bc0f8f1a15f83914fd800b2881de1ed6b02e9104c48207b1cde312,73a6420953313f0860ecac8f963f63bd594f27eacb54f75047c6e7f224445982,sha256:1b93b5e3d467eb0daaeec49d00549e634787cf308b67ed90c07fcec223caae2a,Omega_hat_StateSize,1108,=,MEASURED,,clang-18.1.8-coverage-state-load-v1,clang-18.1.8-coverage-state-load-v1,Debian clang version 18.1.8 (++20240731024826+3b5b5c1ec4a3-1~exp1~20240731144843.145),incremental observation after binding or supported-container state changes,3,experiments/codecontests_reasoning_state_prediction/measurements/program-complexity/profiles.json
program-complexity-normalized-v2,codecontests_reasoning_state_prediction,codecontests-test-1615g,post-loop-state,cpp,0933389f16bc0f8f1a15f83914fd800b2881de1ed6b02e9104c48207b1cde312,73a6420953313f0860ecac8f963f63bd594f27eacb54f75047c6e7f224445982,sha256:1b93b5e3d467eb0daaeec49d00549e634787cf308b67ed90c07fcec223caae2a,Omega_hat_StateLoad,6582454,=,MEASURED,,clang-18.1.8-coverage-state-load-v1,clang-18.1.8-coverage-state-load-v1,Debian clang version 18.1.8 (++20240731024826+3b5b5c1ec4a3-1~exp1~20240731144843.145),incremental observation after binding or supported-container state changes,3,experiments/codecontests_reasoning_state_prediction/measurements/program-complexity/profiles.json
program-complexity-normalized-v2,codecontests_reasoning_state_prediction,codecontests-test-1615h,short-trace-final,cpp,a71a99b21177af38ad289c00ff979be40a690e727f285153ed3faee690b3a321,7f143eea0a3c840bf12e8184b4972d492f981fbb9a266339cd86299dae1d4413,sha256:3dea6bc56c665cff378b42e0bb98a298b72768951753d8b5dd6eff1ce141c949,Omega_CC,37,=,MEASURED,,cpp-preprocessed-control-flow-v1,cpp-preprocessed-control-flow-v1,Debian clang version 18.1.8 (++20240731024826+3b5b5c1ec4a3-1~exp1~20240731144843.145),,1,experiments/codecontests_reasoning_state_prediction/measurements/program-complexity/profiles.json
program-complexity-normalized-v2,codecontests_reasoning_state_prediction,codecontests-test-1615h,short-trace-final,cpp,a71a99b21177af38ad289c00ff979be40a690e727f285153ed3faee690b3a321,7f143eea0a3c840bf12e8184b4972d492f981fbb9a266339cd86299dae1d4413,sha256:3dea6bc56c665cff378b42e0bb98a298b72768951753d8b5dd6eff1ce141c949,Omega_hat_NativeTrace,5714,=,MEASURED,,clang-18.1.8-coverage-state-load-v1,clang-18.1.8-coverage-state-load-v1,Debian clang version 18.1.8 (++20240731024826+3b5b5c1ec4a3-1~exp1~20240731144843.145),clang-18.1.8-coverage-state-load-v1,3,experiments/codecontests_reasoning_state_prediction/measurements/program-complexity/profiles.json
program-complexity-normalized-v2,codecontests_reasoning_state_prediction,codecontests-test-1615h,short-trace-final,cpp,a71a99b21177af38ad289c00ff979be40a690e727f285153ed3faee690b3a321,7f143eea0a3c840bf12e8184b4972d492f981fbb9a266339cd86299dae1d4413,sha256:3dea6bc56c665cff378b42e0bb98a298b72768951753d8b5dd6eff1ce141c949,Omega_hat_StateSize,32724,=,MEASURED,,clang-18.1.8-coverage-state-load-v1,clang-18.1.8-coverage-state-load-v1,Debian clang version 18.1.8 (++20240731024826+3b5b5c1ec4a3-1~exp1~20240731144843.145),incremental observation after binding or supported-container state changes,3,experiments/codecontests_reasoning_state_prediction/measurements/program-complexity/profiles.json
program-complexity-normalized-v2,codecontests_reasoning_state_prediction,codecontests-test-1615h,short-trace-final,cpp,a71a99b21177af38ad289c00ff979be40a690e727f285153ed3faee690b3a321,7f143eea0a3c840bf12e8184b4972d492f981fbb9a266339cd86299dae1d4413,sha256:3dea6bc56c665cff378b42e0bb98a298b72768951753d8b5dd6eff1ce141c949,Omega_hat_StateLoad,168597991,=,MEASURED,,clang-18.1.8-coverage-state-load-v1,clang-18.1.8-coverage-state-load-v1,Debian clang version 18.1.8 (++20240731024826+3b5b5c1ec4a3-1~exp1~20240731144843.145),incremental observation after binding or supported-container state changes,3,experiments/codecontests_reasoning_state_prediction/measurements/program-complexity/profiles.json
program-complexity-normalized-v2,codecontests_reasoning_state_prediction,codecontests-test-1615h,long-trace-final,cpp,a71a99b21177af38ad289c00ff979be40a690e727f285153ed3faee690b3a321,76e3b7b1ea299988012bab23cbfde0d8790d1c57e7f0994947beee3f546bc9a5,sha256:c54e1eeb28b54da58d5d507987d9409322e1d78cb6697bd81add3fe71e0ee40e,Omega_CC,37,=,MEASURED,,cpp-preprocessed-control-flow-v1,cpp-preprocessed-control-flow-v1,Debian clang version 18.1.8 (++20240731024826+3b5b5c1ec4a3-1~exp1~20240731144843.145),,1,experiments/codecontests_reasoning_state_prediction/measurements/program-complexity/profiles.json
program-complexity-normalized-v2,codecontests_reasoning_state_prediction,codecontests-test-1615h,long-trace-final,cpp,a71a99b21177af38ad289c00ff979be40a690e727f285153ed3faee690b3a321,76e3b7b1ea299988012bab23cbfde0d8790d1c57e7f0994947beee3f546bc9a5,sha256:c54e1eeb28b54da58d5d507987d9409322e1d78cb6697bd81add3fe71e0ee40e,Omega_hat_NativeTrace,15049,=,MEASURED,,clang-18.1.8-coverage-state-load-v1,clang-18.1.8-coverage-state-load-v1,Debian clang version 18.1.8 (++20240731024826+3b5b5c1ec4a3-1~exp1~20240731144843.145),clang-18.1.8-coverage-state-load-v1,3,experiments/codecontests_reasoning_state_prediction/measurements/program-complexity/profiles.json
program-complexity-normalized-v2,codecontests_reasoning_state_prediction,codecontests-test-1615h,long-trace-final,cpp,a71a99b21177af38ad289c00ff979be40a690e727f285153ed3faee690b3a321,76e3b7b1ea299988012bab23cbfde0d8790d1c57e7f0994947beee3f546bc9a5,sha256:c54e1eeb28b54da58d5d507987d9409322e1d78cb6697bd81add3fe71e0ee40e,Omega_hat_StateSize,32835,=,MEASURED,,clang-18.1.8-coverage-state-load-v1,clang-18.1.8-coverage-state-load-v1,Debian clang version 18.1.8 (++20240731024826+3b5b5c1ec4a3-1~exp1~20240731144843.145),incremental observation after binding or supported-container state changes,3,experiments/codecontests_reasoning_state_prediction/measurements/program-complexity/profiles.json
program-complexity-normalized-v2,codecontests_reasoning_state_prediction,codecontests-test-1615h,long-trace-final,cpp,a71a99b21177af38ad289c00ff979be40a690e727f285153ed3faee690b3a321,76e3b7b1ea299988012bab23cbfde0d8790d1c57e7f0994947beee3f546bc9a5,sha256:c54e1eeb28b54da58d5d507987d9409322e1d78cb6697bd81add3fe71e0ee40e,Omega_hat_StateLoad,316956724,=,MEASURED,,clang-18.1.8-coverage-state-load-v1,clang-18.1.8-coverage-state-load-v1,Debian clang version 18.1.8 (++20240731024826+3b5b5c1ec4a3-1~exp1~20240731144843.145),incremental observation after binding or supported-container state changes,3,experiments/codecontests_reasoning_state_prediction/measurements/program-complexity/profiles.json
program-complexity-normalized-v2,codecontests_reasoning_state_prediction,codecontests-test-1615h,inside-loop-state,cpp,bb1f2ab66b584a159dee436bfee61e9740c864d881dce54d93f0220164d96c1a,76e3b7b1ea299988012bab23cbfde0d8790d1c57e7f0994947beee3f546bc9a5,sha256:d9565f656f86cc4d62aa3da2067f26a01c77b11fdcc4949147b2edc5f3e74237,Omega_CC,45,=,MEASURED,,cpp-preprocessed-control-flow-v1,cpp-preprocessed-control-flow-v1,Debian clang version 18.1.8 (++20240731024826+3b5b5c1ec4a3-1~exp1~20240731144843.145),,1,experiments/codecontests_reasoning_state_prediction/measurements/program-complexity/profiles.json
program-complexity-normalized-v2,codecontests_reasoning_state_prediction,codecontests-test-1615h,inside-loop-state,cpp,bb1f2ab66b584a159dee436bfee61e9740c864d881dce54d93f0220164d96c1a,76e3b7b1ea299988012bab23cbfde0d8790d1c57e7f0994947beee3f546bc9a5,sha256:d9565f656f86cc4d62aa3da2067f26a01c77b11fdcc4949147b2edc5f3e74237,Omega_hat_NativeTrace,8943,=,MEASURED,,clang-18.1.8-coverage-state-load-v1,clang-18.1.8-coverage-state-load-v1,Debian clang version 18.1.8 (++20240731024826+3b5b5c1ec4a3-1~exp1~20240731144843.145),clang-18.1.8-coverage-state-load-v1,3,experiments/codecontests_reasoning_state_prediction/measurements/program-complexity/profiles.json
program-complexity-normalized-v2,codecontests_reasoning_state_prediction,codecontests-test-1615h,inside-loop-state,cpp,bb1f2ab66b584a159dee436bfee61e9740c864d881dce54d93f0220164d96c1a,76e3b7b1ea299988012bab23cbfde0d8790d1c57e7f0994947beee3f546bc9a5,sha256:d9565f656f86cc4d62aa3da2067f26a01c77b11fdcc4949147b2edc5f3e74237,Omega_hat_StateSize,32763,=,MEASURED,,clang-18.1.8-coverage-state-load-v1,clang-18.1.8-coverage-state-load-v1,Debian clang version 18.1.8 (++20240731024826+3b5b5c1ec4a3-1~exp1~20240731144843.145),incremental observation after binding or supported-container state changes,3,experiments/codecontests_reasoning_state_prediction/measurements/program-complexity/profiles.json
program-complexity-normalized-v2,codecontests_reasoning_state_prediction,codecontests-test-1615h,inside-loop-state,cpp,bb1f2ab66b584a159dee436bfee61e9740c864d881dce54d93f0220164d96c1a,76e3b7b1ea299988012bab23cbfde0d8790d1c57e7f0994947beee3f546bc9a5,sha256:d9565f656f86cc4d62aa3da2067f26a01c77b11fdcc4949147b2edc5f3e74237,Omega_hat_StateLoad,204519776,=,MEASURED,,clang-18.1.8-coverage-state-load-v1,clang-18.1.8-coverage-state-load-v1,Debian clang version 18.1.8 (++20240731024826+3b5b5c1ec4a3-1~exp1~20240731144843.145),incremental observation after binding or supported-container state changes,3,experiments/codecontests_reasoning_state_prediction/measurements/program-complexity/profiles.json
program-complexity-normalized-v2,codecontests_reasoning_state_prediction,codecontests-test-1615h,post-loop-state,cpp,6bac151ec0f25226a8145178cf0e367fb811beb86ff6196070e20565c4d00642,76e3b7b1ea299988012bab23cbfde0d8790d1c57e7f0994947beee3f546bc9a5,sha256:27420e7d372a6d324687c24160c6ff062bc1d76354e301685938d8e7f2d81ecf,Omega_CC,45,=,MEASURED,,cpp-preprocessed-control-flow-v1,cpp-preprocessed-control-flow-v1,Debian clang version 18.1.8 (++20240731024826+3b5b5c1ec4a3-1~exp1~20240731144843.145),,1,experiments/codecontests_reasoning_state_prediction/measurements/program-complexity/profiles.json
program-complexity-normalized-v2,codecontests_reasoning_state_prediction,codecontests-test-1615h,post-loop-state,cpp,6bac151ec0f25226a8145178cf0e367fb811beb86ff6196070e20565c4d00642,76e3b7b1ea299988012bab23cbfde0d8790d1c57e7f0994947beee3f546bc9a5,sha256:27420e7d372a6d324687c24160c6ff062bc1d76354e301685938d8e7f2d81ecf,Omega_hat_NativeTrace,8891,=,MEASURED,,clang-18.1.8-coverage-state-load-v1,clang-18.1.8-coverage-state-load-v1,Debian clang version 18.1.8 (++20240731024826+3b5b5c1ec4a3-1~exp1~20240731144843.145),clang-18.1.8-coverage-state-load-v1,3,experiments/codecontests_reasoning_state_prediction/measurements/program-complexity/profiles.json
program-complexity-normalized-v2,codecontests_reasoning_state_prediction,codecontests-test-1615h,post-loop-state,cpp,6bac151ec0f25226a8145178cf0e367fb811beb86ff6196070e20565c4d00642,76e3b7b1ea299988012bab23cbfde0d8790d1c57e7f0994947beee3f546bc9a5,sha256:27420e7d372a6d324687c24160c6ff062bc1d76354e301685938d8e7f2d81ecf,Omega_hat_StateSize,32763,=,MEASURED,,clang-18.1.8-coverage-state-load-v1,clang-18.1.8-coverage-state-load-v1,Debian clang version 18.1.8 (++20240731024826+3b5b5c1ec4a3-1~exp1~20240731144843.145),incremental observation after binding or supported-container state changes,3,experiments/codecontests_reasoning_state_prediction/measurements/program-complexity/profiles.json
program-complexity-normalized-v2,codecontests_reasoning_state_prediction,codecontests-test-1615h,post-loop-state,cpp,6bac151ec0f25226a8145178cf0e367fb811beb86ff6196070e20565c4d00642,76e3b7b1ea299988012bab23cbfde0d8790d1c57e7f0994947beee3f546bc9a5,sha256:27420e7d372a6d324687c24160c6ff062bc1d76354e301685938d8e7f2d81ecf,Omega_hat_StateLoad,205469759,=,MEASURED,,clang-18.1.8-coverage-state-load-v1,clang-18.1.8-coverage-state-load-v1,Debian clang version 18.1.8 (++20240731024826+3b5b5c1ec4a3-1~exp1~20240731144843.145),incremental observation after binding or supported-container state changes,3,experiments/codecontests_reasoning_state_prediction/measurements/program-complexity/profiles.json
program-complexity-normalized-v2,codecontests_reasoning_state_prediction,codecontests-test-1617e,short-trace-final,cpp,c416bb8d3b25fd4c76bdb6e17ff595707f9479e2af79b63f90090979b8df2512,7a8e064d952789abfdfd6043d44530bd5de0228d7963b1c4a3a194695b246bdd,sha256:e80141bb11bc8fcc7a85000b3304f12ebc0668f3f1bc6c7a4bf8f8b4b0fc1280,Omega_CC,128,=,MEASURED,,cpp-preprocessed-control-flow-v1,cpp-preprocessed-control-flow-v1,Debian clang version 18.1.8 (++20240731024826+3b5b5c1ec4a3-1~exp1~20240731144843.145),,1,experiments/codecontests_reasoning_state_prediction/measurements/program-complexity/profiles.json
program-complexity-normalized-v2,codecontests_reasoning_state_prediction,codecontests-test-1617e,short-trace-final,cpp,c416bb8d3b25fd4c76bdb6e17ff595707f9479e2af79b63f90090979b8df2512,7a8e064d952789abfdfd6043d44530bd5de0228d7963b1c4a3a194695b246bdd,sha256:e80141bb11bc8fcc7a85000b3304f12ebc0668f3f1bc6c7a4bf8f8b4b0fc1280,Omega_hat_NativeTrace,2124,=,MEASURED,,clang-18.1.8-coverage-state-load-v1,clang-18.1.8-coverage-state-load-v1,Debian clang version 18.1.8 (++20240731024826+3b5b5c1ec4a3-1~exp1~20240731144843.145),clang-18.1.8-coverage-state-load-v1,3,experiments/codecontests_reasoning_state_prediction/measurements/program-complexity/profiles.json
program-complexity-normalized-v2,codecontests_reasoning_state_prediction,codecontests-test-1617e,short-trace-final,cpp,c416bb8d3b25fd4c76bdb6e17ff595707f9479e2af79b63f90090979b8df2512,7a8e064d952789abfdfd6043d44530bd5de0228d7963b1c4a3a194695b246bdd,sha256:e80141bb11bc8fcc7a85000b3304f12ebc0668f3f1bc6c7a4bf8f8b4b0fc1280,Omega_hat_StateSize,200424,=,MEASURED,,clang-18.1.8-coverage-state-load-v1,clang-18.1.8-coverage-state-load-v1,Debian clang version 18.1.8 (++20240731024826+3b5b5c1ec4a3-1~exp1~20240731144843.145),incremental observation after binding or supported-container state changes,3,experiments/codecontests_reasoning_state_prediction/measurements/program-complexity/profiles.json
program-complexity-normalized-v2,codecontests_reasoning_state_prediction,codecontests-test-1617e,short-trace-final,cpp,c416bb8d3b25fd4c76bdb6e17ff595707f9479e2af79b63f90090979b8df2512,7a8e064d952789abfdfd6043d44530bd5de0228d7963b1c4a3a194695b246bdd,sha256:e80141bb11bc8fcc7a85000b3304f12ebc0668f3f1bc6c7a4bf8f8b4b0fc1280,Omega_hat_StateLoad,208350789,=,MEASURED,,clang-18.1.8-coverage-state-load-v1,clang-18.1.8-coverage-state-load-v1,Debian clang version 18.1.8 (++20240731024826+3b5b5c1ec4a3-1~exp1~20240731144843.145),incremental observation after binding or supported-container state changes,3,experiments/codecontests_reasoning_state_prediction/measurements/program-complexity/profiles.json
program-complexity-normalized-v2,codecontests_reasoning_state_prediction,codecontests-test-1617e,long-trace-final,cpp,c416bb8d3b25fd4c76bdb6e17ff595707f9479e2af79b63f90090979b8df2512,f34973899b03d91dd93fd9ca7bca992fc2b381fea1800c11fc29bf25c01efe97,sha256:0dab5abfe9504bb6ab97bdb1cee2095946b5959f469cbbca6337900bdf0681a0,Omega_CC,128,=,MEASURED,,cpp-preprocessed-control-flow-v1,cpp-preprocessed-control-flow-v1,Debian clang version 18.1.8 (++20240731024826+3b5b5c1ec4a3-1~exp1~20240731144843.145),,1,experiments/codecontests_reasoning_state_prediction/measurements/program-complexity/profiles.json
program-complexity-normalized-v2,codecontests_reasoning_state_prediction,codecontests-test-1617e,long-trace-final,cpp,c416bb8d3b25fd4c76bdb6e17ff595707f9479e2af79b63f90090979b8df2512,f34973899b03d91dd93fd9ca7bca992fc2b381fea1800c11fc29bf25c01efe97,sha256:0dab5abfe9504bb6ab97bdb1cee2095946b5959f469cbbca6337900bdf0681a0,Omega_hat_NativeTrace,50271,=,MEASURED,,clang-18.1.8-coverage-state-load-v1,clang-18.1.8-coverage-state-load-v1,Debian clang version 18.1.8 (++20240731024826+3b5b5c1ec4a3-1~exp1~20240731144843.145),clang-18.1.8-coverage-state-load-v1,3,experiments/codecontests_reasoning_state_prediction/measurements/program-complexity/profiles.json
program-complexity-normalized-v2,codecontests_reasoning_state_prediction,codecontests-test-1617e,long-trace-final,cpp,c416bb8d3b25fd4c76bdb6e17ff595707f9479e2af79b63f90090979b8df2512,f34973899b03d91dd93fd9ca7bca992fc2b381fea1800c11fc29bf25c01efe97,sha256:0dab5abfe9504bb6ab97bdb1cee2095946b5959f469cbbca6337900bdf0681a0,Omega_hat_StateSize,201774,=,MEASURED,,clang-18.1.8-coverage-state-load-v1,clang-18.1.8-coverage-state-load-v1,Debian clang version 18.1.8 (++20240731024826+3b5b5c1ec4a3-1~exp1~20240731144843.145),incremental observation after binding or supported-container state changes,3,experiments/codecontests_reasoning_state_prediction/measurements/program-complexity/profiles.json
program-complexity-normalized-v2,codecontests_reasoning_state_prediction,codecontests-test-1617e,long-trace-final,cpp,c416bb8d3b25fd4c76bdb6e17ff595707f9479e2af79b63f90090979b8df2512,f34973899b03d91dd93fd9ca7bca992fc2b381fea1800c11fc29bf25c01efe97,sha256:0dab5abfe9504bb6ab97bdb1cee2095946b5959f469cbbca6337900bdf0681a0,Omega_hat_StateLoad,4912863519,=,MEASURED,,clang-18.1.8-coverage-state-load-v1,clang-18.1.8-coverage-state-load-v1,Debian clang version 18.1.8 (++20240731024826+3b5b5c1ec4a3-1~exp1~20240731144843.145),incremental observation after binding or supported-container state changes,3,experiments/codecontests_reasoning_state_prediction/measurements/program-complexity/profiles.json
program-complexity-normalized-v2,codecontests_reasoning_state_prediction,codecontests-test-1617e,inside-loop-state,cpp,395db0129fb099ac1b5af30458379f3c64b2c8e1ba3267544689e9a721e0a1a2,f34973899b03d91dd93fd9ca7bca992fc2b381fea1800c11fc29bf25c01efe97,sha256:233f4a0673599471b33b0e29fd45f17705a657cbde1dce0a468699c2bdf97c90,Omega_CC,136,=,MEASURED,,cpp-preprocessed-control-flow-v1,cpp-preprocessed-control-flow-v1,Debian clang version 18.1.8 (++20240731024826+3b5b5c1ec4a3-1~exp1~20240731144843.145),,1,experiments/codecontests_reasoning_state_prediction/measurements/program-complexity/profiles.json
program-complexity-normalized-v2,codecontests_reasoning_state_prediction,codecontests-test-1617e,inside-loop-state,cpp,395db0129fb099ac1b5af30458379f3c64b2c8e1ba3267544689e9a721e0a1a2,f34973899b03d91dd93fd9ca7bca992fc2b381fea1800c11fc29bf25c01efe97,sha256:233f4a0673599471b33b0e29fd45f17705a657cbde1dce0a468699c2bdf97c90,Omega_hat_NativeTrace,3086,=,MEASURED,,clang-18.1.8-coverage-state-load-v1,clang-18.1.8-coverage-state-load-v1,Debian clang version 18.1.8 (++20240731024826+3b5b5c1ec4a3-1~exp1~20240731144843.145),clang-18.1.8-coverage-state-load-v1,3,experiments/codecontests_reasoning_state_prediction/measurements/program-complexity/profiles.json
program-complexity-normalized-v2,codecontests_reasoning_state_prediction,codecontests-test-1617e,inside-loop-state,cpp,395db0129fb099ac1b5af30458379f3c64b2c8e1ba3267544689e9a721e0a1a2,f34973899b03d91dd93fd9ca7bca992fc2b381fea1800c11fc29bf25c01efe97,sha256:233f4a0673599471b33b0e29fd45f17705a657cbde1dce0a468699c2bdf97c90,Omega_hat_StateSize,200204,=,MEASURED,,clang-18.1.8-coverage-state-load-v1,clang-18.1.8-coverage-state-load-v1,Debian clang version 18.1.8 (++20240731024826+3b5b5c1ec4a3-1~exp1~20240731144843.145),incremental observation after binding or supported-container state changes,3,experiments/codecontests_reasoning_state_prediction/measurements/program-complexity/profiles.json
program-complexity-normalized-v2,codecontests_reasoning_state_prediction,codecontests-test-1617e,inside-loop-state,cpp,395db0129fb099ac1b5af30458379f3c64b2c8e1ba3267544689e9a721e0a1a2,f34973899b03d91dd93fd9ca7bca992fc2b381fea1800c11fc29bf25c01efe97,sha256:233f4a0673599471b33b0e29fd45f17705a657cbde1dce0a468699c2bdf97c90,Omega_hat_StateLoad,274981556,=,MEASURED,,clang-18.1.8-coverage-state-load-v1,clang-18.1.8-coverage-state-load-v1,Debian clang version 18.1.8 (++20240731024826+3b5b5c1ec4a3-1~exp1~20240731144843.145),incremental observation after binding or supported-container state changes,3,experiments/codecontests_reasoning_state_prediction/measurements/program-complexity/profiles.json
program-complexity-normalized-v2,codecontests_reasoning_state_prediction,codecontests-test-1617e,post-loop-state,cpp,a34fa455cb2724c38f9fc74f8d38161dbfbff4a0a0d9c9c94c1bfa734b45a015,f34973899b03d91dd93fd9ca7bca992fc2b381fea1800c11fc29bf25c01efe97,sha256:44cc738a58b8d0b0312ace87e73bc829f2bedcd8bf3446613d9914a4efb1dc49,Omega_CC,136,=,MEASURED,,cpp-preprocessed-control-flow-v1,cpp-preprocessed-control-flow-v1,Debian clang version 18.1.8 (++20240731024826+3b5b5c1ec4a3-1~exp1~20240731144843.145),,1,experiments/codecontests_reasoning_state_prediction/measurements/program-complexity/profiles.json
program-complexity-normalized-v2,codecontests_reasoning_state_prediction,codecontests-test-1617e,post-loop-state,cpp,a34fa455cb2724c38f9fc74f8d38161dbfbff4a0a0d9c9c94c1bfa734b45a015,f34973899b03d91dd93fd9ca7bca992fc2b381fea1800c11fc29bf25c01efe97,sha256:44cc738a58b8d0b0312ace87e73bc829f2bedcd8bf3446613d9914a4efb1dc49,Omega_hat_NativeTrace,3349,=,MEASURED,,clang-18.1.8-coverage-state-load-v1,clang-18.1.8-coverage-state-load-v1,Debian clang version 18.1.8 (++20240731024826+3b5b5c1ec4a3-1~exp1~20240731144843.145),clang-18.1.8-coverage-state-load-v1,3,experiments/codecontests_reasoning_state_prediction/measurements/program-complexity/profiles.json
program-complexity-normalized-v2,codecontests_reasoning_state_prediction,codecontests-test-1617e,post-loop-state,cpp,a34fa455cb2724c38f9fc74f8d38161dbfbff4a0a0d9c9c94c1bfa734b45a015,f34973899b03d91dd93fd9ca7bca992fc2b381fea1800c11fc29bf25c01efe97,sha256:44cc738a58b8d0b0312ace87e73bc829f2bedcd8bf3446613d9914a4efb1dc49,Omega_hat_StateSize,200231,=,MEASURED,,clang-18.1.8-coverage-state-load-v1,clang-18.1.8-coverage-state-load-v1,Debian clang version 18.1.8 (++20240731024826+3b5b5c1ec4a3-1~exp1~20240731144843.145),incremental observation after binding or supported-container state changes,3,experiments/codecontests_reasoning_state_prediction/measurements/program-complexity/profiles.json
program-complexity-normalized-v2,codecontests_reasoning_state_prediction,codecontests-test-1617e,post-loop-state,cpp,a34fa455cb2724c38f9fc74f8d38161dbfbff4a0a0d9c9c94c1bfa734b45a015,f34973899b03d91dd93fd9ca7bca992fc2b381fea1800c11fc29bf25c01efe97,sha256:44cc738a58b8d0b0312ace87e73bc829f2bedcd8bf3446613d9914a4efb1dc49,Omega_hat_StateLoad,302812024,=,MEASURED,,clang-18.1.8-coverage-state-load-v1,clang-18.1.8-coverage-state-load-v1,Debian clang version 18.1.8 (++20240731024826+3b5b5c1ec4a3-1~exp1~20240731144843.145),incremental observation after binding or supported-container state changes,3,experiments/codecontests_reasoning_state_prediction/measurements/program-complexity/profiles.json
program-complexity-normalized-v2,codecontests_reasoning_state_prediction,codecontests-test-1620g,short-trace-final,cpp,dc5b0364fffb69d059ac406180373038b2947bf8b018c0eb5ad6bdab89607c28,47fdb134316707b54ae926b4ba0b8e2ffa13b01f961ee3bdbd4367e9493f9d43,sha256:8a6ef5dffe1e9111a0f6c0b8f70b93b89bd5b2c45f8d441bf6e1ad527a7b5b22,Omega_CC,19,=,MEASURED,,cpp-preprocessed-control-flow-v1,cpp-preprocessed-control-flow-v1,Debian clang version 18.1.8 (++20240731024826+3b5b5c1ec4a3-1~exp1~20240731144843.145),,1,experiments/codecontests_reasoning_state_prediction/measurements/program-complexity/profiles.json
program-complexity-normalized-v2,codecontests_reasoning_state_prediction,codecontests-test-1620g,short-trace-final,cpp,dc5b0364fffb69d059ac406180373038b2947bf8b018c0eb5ad6bdab89607c28,47fdb134316707b54ae926b4ba0b8e2ffa13b01f961ee3bdbd4367e9493f9d43,sha256:8a6ef5dffe1e9111a0f6c0b8f70b93b89bd5b2c45f8d441bf6e1ad527a7b5b22,Omega_hat_NativeTrace,1031,=,MEASURED,,clang-18.1.8-coverage-state-load-v1,clang-18.1.8-coverage-state-load-v1,Debian clang version 18.1.8 (++20240731024826+3b5b5c1ec4a3-1~exp1~20240731144843.145),clang-18.1.8-coverage-state-load-v1,3,experiments/codecontests_reasoning_state_prediction/measurements/program-complexity/profiles.json
program-complexity-normalized-v2,codecontests_reasoning_state_prediction,codecontests-test-1620g,short-trace-final,cpp,dc5b0364fffb69d059ac406180373038b2947bf8b018c0eb5ad6bdab89607c28,47fdb134316707b54ae926b4ba0b8e2ffa13b01f961ee3bdbd4367e9493f9d43,sha256:8a6ef5dffe1e9111a0f6c0b8f70b93b89bd5b2c45f8d441bf6e1ad527a7b5b22,Omega_hat_StateSize,8389238,=,MEASURED,,clang-18.1.8-coverage-state-load-v1,clang-18.1.8-coverage-state-load-v1,Debian clang version 18.1.8 (++20240731024826+3b5b5c1ec4a3-1~exp1~20240731144843.145),incremental observation after binding or supported-container state changes,3,experiments/codecontests_reasoning_state_prediction/measurements/program-complexity/profiles.json
program-complexity-normalized-v2,codecontests_reasoning_state_prediction,codecontests-test-1620g,short-trace-final,cpp,dc5b0364fffb69d059ac406180373038b2947bf8b018c0eb5ad6bdab89607c28,47fdb134316707b54ae926b4ba0b8e2ffa13b01f961ee3bdbd4367e9493f9d43,sha256:8a6ef5dffe1e9111a0f6c0b8f70b93b89bd5b2c45f8d441bf6e1ad527a7b5b22,Omega_hat_StateLoad,2156032471,=,MEASURED,,clang-18.1.8-coverage-state-load-v1,clang-18.1.8-coverage-state-load-v1,Debian clang version 18.1.8 (++20240731024826+3b5b5c1ec4a3-1~exp1~20240731144843.145),incremental observation after binding or supported-container state changes,3,experiments/codecontests_reasoning_state_prediction/measurements/program-complexity/profiles.json
program-complexity-normalized-v2,codecontests_reasoning_state_prediction,codecontests-test-1620g,long-trace-final,cpp,dc5b0364fffb69d059ac406180373038b2947bf8b018c0eb5ad6bdab89607c28,d17fc49cd397378f23ba09a1d25ed63dd16e1ca27e2fef716941dab7e3d260e9,sha256:3cdce6f437ec3d1e1a8e6fa334b86195a13761a6d3cbfc0be7e64c89333471dd,Omega_CC,19,=,MEASURED,,cpp-preprocessed-control-flow-v1,cpp-preprocessed-control-flow-v1,Debian clang version 18.1.8 (++20240731024826+3b5b5c1ec4a3-1~exp1~20240731144843.145),,1,experiments/codecontests_reasoning_state_prediction/measurements/program-complexity/profiles.json
program-complexity-normalized-v2,codecontests_reasoning_state_prediction,codecontests-test-1620g,long-trace-final,cpp,dc5b0364fffb69d059ac406180373038b2947bf8b018c0eb5ad6bdab89607c28,d17fc49cd397378f23ba09a1d25ed63dd16e1ca27e2fef716941dab7e3d260e9,sha256:3cdce6f437ec3d1e1a8e6fa334b86195a13761a6d3cbfc0be7e64c89333471dd,Omega_hat_NativeTrace,32711,=,MEASURED,,clang-18.1.8-coverage-state-load-v1,clang-18.1.8-coverage-state-load-v1,Debian clang version 18.1.8 (++20240731024826+3b5b5c1ec4a3-1~exp1~20240731144843.145),clang-18.1.8-coverage-state-load-v1,3,experiments/codecontests_reasoning_state_prediction/measurements/program-complexity/profiles.json
program-complexity-normalized-v2,codecontests_reasoning_state_prediction,codecontests-test-1620g,long-trace-final,cpp,dc5b0364fffb69d059ac406180373038b2947bf8b018c0eb5ad6bdab89607c28,d17fc49cd397378f23ba09a1d25ed63dd16e1ca27e2fef716941dab7e3d260e9,sha256:3cdce6f437ec3d1e1a8e6fa334b86195a13761a6d3cbfc0be7e64c89333471dd,Omega_hat_StateSize,8389243,=,MEASURED,,clang-18.1.8-coverage-state-load-v1,clang-18.1.8-coverage-state-load-v1,Debian clang version 18.1.8 (++20240731024826+3b5b5c1ec4a3-1~exp1~20240731144843.145),incremental observation after binding or supported-container state changes,3,experiments/codecontests_reasoning_state_prediction/measurements/program-complexity/profiles.json
program-complexity-normalized-v2,codecontests_reasoning_state_prediction,codecontests-test-1620g,long-trace-final,cpp,dc5b0364fffb69d059ac406180373038b2947bf8b018c0eb5ad6bdab89607c28,d17fc49cd397378f23ba09a1d25ed63dd16e1ca27e2fef716941dab7e3d260e9,sha256:3cdce6f437ec3d1e1a8e6fa334b86195a13761a6d3cbfc0be7e64c89333471dd,Omega_hat_StateLoad,48229717663,=,MEASURED,,clang-18.1.8-coverage-state-load-v1,clang-18.1.8-coverage-state-load-v1,Debian clang version 18.1.8 (++20240731024826+3b5b5c1ec4a3-1~exp1~20240731144843.145),incremental observation after binding or supported-container state changes,3,experiments/codecontests_reasoning_state_prediction/measurements/program-complexity/profiles.json
program-complexity-normalized-v2,codecontests_reasoning_state_prediction,codecontests-test-1620g,inside-loop-state,cpp,f68b5d2afda3ef6b63ec68b53e390dc857f47e5bdf2f3f2e1081414a31775f0d,d17fc49cd397378f23ba09a1d25ed63dd16e1ca27e2fef716941dab7e3d260e9,sha256:5e77bfeacf9e5903ba2f6204d315f13e4808eda24381270ddd8faffdfea438c8,Omega_CC,27,=,MEASURED,,cpp-preprocessed-control-flow-v1,cpp-preprocessed-control-flow-v1,Debian clang version 18.1.8 (++20240731024826+3b5b5c1ec4a3-1~exp1~20240731144843.145),,1,experiments/codecontests_reasoning_state_prediction/measurements/program-complexity/profiles.json
program-complexity-normalized-v2,codecontests_reasoning_state_prediction,codecontests-test-1620g,inside-loop-state,cpp,f68b5d2afda3ef6b63ec68b53e390dc857f47e5bdf2f3f2e1081414a31775f0d,d17fc49cd397378f23ba09a1d25ed63dd16e1ca27e2fef716941dab7e3d260e9,sha256:5e77bfeacf9e5903ba2f6204d315f13e4808eda24381270ddd8faffdfea438c8,Omega_hat_NativeTrace,6489,=,MEASURED,,clang-18.1.8-coverage-state-load-v1,clang-18.1.8-coverage-state-load-v1,Debian clang version 18.1.8 (++20240731024826+3b5b5c1ec4a3-1~exp1~20240731144843.145),clang-18.1.8-coverage-state-load-v1,3,experiments/codecontests_reasoning_state_prediction/measurements/program-complexity/profiles.json
program-complexity-normalized-v2,codecontests_reasoning_state_prediction,codecontests-test-1620g,inside-loop-state,cpp,f68b5d2afda3ef6b63ec68b53e390dc857f47e5bdf2f3f2e1081414a31775f0d,d17fc49cd397378f23ba09a1d25ed63dd16e1ca27e2fef716941dab7e3d260e9,sha256:5e77bfeacf9e5903ba2f6204d315f13e4808eda24381270ddd8faffdfea438c8,Omega_hat_StateSize,8389243,=,MEASURED,,clang-18.1.8-coverage-state-load-v1,clang-18.1.8-coverage-state-load-v1,Debian clang version 18.1.8 (++20240731024826+3b5b5c1ec4a3-1~exp1~20240731144843.145),incremental observation after binding or supported-container state changes,3,experiments/codecontests_reasoning_state_prediction/measurements/program-complexity/profiles.json
program-complexity-normalized-v2,codecontests_reasoning_state_prediction,codecontests-test-1620g,inside-loop-state,cpp,f68b5d2afda3ef6b63ec68b53e390dc857f47e5bdf2f3f2e1081414a31775f0d,d17fc49cd397378f23ba09a1d25ed63dd16e1ca27e2fef716941dab7e3d260e9,sha256:5e77bfeacf9e5903ba2f6204d315f13e4808eda24381270ddd8faffdfea438c8,Omega_hat_StateLoad,10033525628,=,MEASURED,,clang-18.1.8-coverage-state-load-v1,clang-18.1.8-coverage-state-load-v1,Debian clang version 18.1.8 (++20240731024826+3b5b5c1ec4a3-1~exp1~20240731144843.145),incremental observation after binding or supported-container state changes,3,experiments/codecontests_reasoning_state_prediction/measurements/program-complexity/profiles.json
program-complexity-normalized-v2,codecontests_reasoning_state_prediction,codecontests-test-1620g,post-loop-state,cpp,90b42a3a02b64368871b040777d72a1fae560ae9bae9612e2ab271e58b363cec,d17fc49cd397378f23ba09a1d25ed63dd16e1ca27e2fef716941dab7e3d260e9,sha256:e7894847a56a56c81250f1b09e60f3d318a929cf35de71600cda48baedc3911f,Omega_CC,27,=,MEASURED,,cpp-preprocessed-control-flow-v1,cpp-preprocessed-control-flow-v1,Debian clang version 18.1.8 (++20240731024826+3b5b5c1ec4a3-1~exp1~20240731144843.145),,1,experiments/codecontests_reasoning_state_prediction/measurements/program-complexity/profiles.json
program-complexity-normalized-v2,codecontests_reasoning_state_prediction,codecontests-test-1620g,post-loop-state,cpp,90b42a3a02b64368871b040777d72a1fae560ae9bae9612e2ab271e58b363cec,d17fc49cd397378f23ba09a1d25ed63dd16e1ca27e2fef716941dab7e3d260e9,sha256:e7894847a56a56c81250f1b09e60f3d318a929cf35de71600cda48baedc3911f,Omega_hat_NativeTrace,6476,=,MEASURED,,clang-18.1.8-coverage-state-load-v1,clang-18.1.8-coverage-state-load-v1,Debian clang version 18.1.8 (++20240731024826+3b5b5c1ec4a3-1~exp1~20240731144843.145),clang-18.1.8-coverage-state-load-v1,3,experiments/codecontests_reasoning_state_prediction/measurements/program-complexity/profiles.json
program-complexity-normalized-v2,codecontests_reasoning_state_prediction,codecontests-test-1620g,post-loop-state,cpp,90b42a3a02b64368871b040777d72a1fae560ae9bae9612e2ab271e58b363cec,d17fc49cd397378f23ba09a1d25ed63dd16e1ca27e2fef716941dab7e3d260e9,sha256:e7894847a56a56c81250f1b09e60f3d318a929cf35de71600cda48baedc3911f,Omega_hat_StateSize,8389243,=,MEASURED,,clang-18.1.8-coverage-state-load-v1,clang-18.1.8-coverage-state-load-v1,Debian clang version 18.1.8 (++20240731024826+3b5b5c1ec4a3-1~exp1~20240731144843.145),incremental observation after binding or supported-container state changes,3,experiments/codecontests_reasoning_state_prediction/measurements/program-complexity/profiles.json
program-complexity-normalized-v2,codecontests_reasoning_state_prediction,codecontests-test-1620g,post-loop-state,cpp,90b42a3a02b64368871b040777d72a1fae560ae9bae9612e2ab271e58b363cec,d17fc49cd397378f23ba09a1d25ed63dd16e1ca27e2fef716941dab7e3d260e9,sha256:e7894847a56a56c81250f1b09e60f3d318a929cf35de71600cda48baedc3911f,Omega_hat_StateLoad,10058693310,=,MEASURED,,clang-18.1.8-coverage-state-load-v1,clang-18.1.8-coverage-state-load-v1,Debian clang version 18.1.8 (++20240731024826+3b5b5c1ec4a3-1~exp1~20240731144843.145),incremental observation after binding or supported-container state changes,3,experiments/codecontests_reasoning_state_prediction/measurements/program-complexity/profiles.json
program-complexity-normalized-v2,codecontests_reasoning_state_prediction,codecontests-validation-1552g,short-trace-final,cpp,89b65341f1c6fe3a0a9df0a69ade235027daa7f39d3002954f6f632919791b3f,6575c487ddb8c661ec94ac0aa126db71015d196d35a568acfd62ad87a004ec72,sha256:911367cbe2203912355bdcc7a76776759c4b4690e2ffeb843021e5bea8ea5249,Omega_CC,18,=,MEASURED,,cpp-preprocessed-control-flow-v1,cpp-preprocessed-control-flow-v1,Debian clang version 18.1.8 (++20240731024826+3b5b5c1ec4a3-1~exp1~20240731144843.145),,1,experiments/codecontests_reasoning_state_prediction/measurements/program-complexity/profiles.json
program-complexity-normalized-v2,codecontests_reasoning_state_prediction,codecontests-validation-1552g,short-trace-final,cpp,89b65341f1c6fe3a0a9df0a69ade235027daa7f39d3002954f6f632919791b3f,6575c487ddb8c661ec94ac0aa126db71015d196d35a568acfd62ad87a004ec72,sha256:911367cbe2203912355bdcc7a76776759c4b4690e2ffeb843021e5bea8ea5249,Omega_hat_NativeTrace,473,=,MEASURED,,clang-18.1.8-coverage-state-load-v1,clang-18.1.8-coverage-state-load-v1,Debian clang version 18.1.8 (++20240731024826+3b5b5c1ec4a3-1~exp1~20240731144843.145),clang-18.1.8-coverage-state-load-v1,3,experiments/codecontests_reasoning_state_prediction/measurements/program-complexity/profiles.json
program-complexity-normalized-v2,codecontests_reasoning_state_prediction,codecontests-validation-1552g,short-trace-final,cpp,89b65341f1c6fe3a0a9df0a69ade235027daa7f39d3002954f6f632919791b3f,6575c487ddb8c661ec94ac0aa126db71015d196d35a568acfd62ad87a004ec72,sha256:911367cbe2203912355bdcc7a76776759c4b4690e2ffeb843021e5bea8ea5249,Omega_hat_StateSize,239,=,MEASURED,,clang-18.1.8-coverage-state-load-v1,clang-18.1.8-coverage-state-load-v1,Debian clang version 18.1.8 (++20240731024826+3b5b5c1ec4a3-1~exp1~20240731144843.145),incremental observation after binding or supported-container state changes,3,experiments/codecontests_reasoning_state_prediction/measurements/program-complexity/profiles.json
program-complexity-normalized-v2,codecontests_reasoning_state_prediction,codecontests-validation-1552g,short-trace-final,cpp,89b65341f1c6fe3a0a9df0a69ade235027daa7f39d3002954f6f632919791b3f,6575c487ddb8c661ec94ac0aa126db71015d196d35a568acfd62ad87a004ec72,sha256:911367cbe2203912355bdcc7a76776759c4b4690e2ffeb843021e5bea8ea5249,Omega_hat_StateLoad,95040,=,MEASURED,,clang-18.1.8-coverage-state-load-v1,clang-18.1.8-coverage-state-load-v1,Debian clang version 18.1.8 (++20240731024826+3b5b5c1ec4a3-1~exp1~20240731144843.145),incremental observation after binding or supported-container state changes,3,experiments/codecontests_reasoning_state_prediction/measurements/program-complexity/profiles.json
program-complexity-normalized-v2,codecontests_reasoning_state_prediction,codecontests-validation-1552g,long-trace-final,cpp,89b65341f1c6fe3a0a9df0a69ade235027daa7f39d3002954f6f632919791b3f,a23a879e789c630dbbae0133f0eb5577c8e5e3a711d2d32ec6d6c244f930f0a1,sha256:a79b1dab9e76b833cdc9509089be7c6b115f85a36692e0117d83d0bff2facf7d,Omega_CC,18,=,MEASURED,,cpp-preprocessed-control-flow-v1,cpp-preprocessed-control-flow-v1,Debian clang version 18.1.8 (++20240731024826+3b5b5c1ec4a3-1~exp1~20240731144843.145),,1,experiments/codecontests_reasoning_state_prediction/measurements/program-complexity/profiles.json
program-complexity-normalized-v2,codecontests_reasoning_state_prediction,codecontests-validation-1552g,long-trace-final,cpp,89b65341f1c6fe3a0a9df0a69ade235027daa7f39d3002954f6f632919791b3f,a23a879e789c630dbbae0133f0eb5577c8e5e3a711d2d32ec6d6c244f930f0a1,sha256:a79b1dab9e76b833cdc9509089be7c6b115f85a36692e0117d83d0bff2facf7d,Omega_hat_NativeTrace,2634,=,MEASURED,,clang-18.1.8-coverage-state-load-v1,clang-18.1.8-coverage-state-load-v1,Debian clang version 18.1.8 (++20240731024826+3b5b5c1ec4a3-1~exp1~20240731144843.145),clang-18.1.8-coverage-state-load-v1,3,experiments/codecontests_reasoning_state_prediction/measurements/program-complexity/profiles.json
program-complexity-normalized-v2,codecontests_reasoning_state_prediction,codecontests-validation-1552g,long-trace-final,cpp,89b65341f1c6fe3a0a9df0a69ade235027daa7f39d3002954f6f632919791b3f,a23a879e789c630dbbae0133f0eb5577c8e5e3a711d2d32ec6d6c244f930f0a1,sha256:a79b1dab9e76b833cdc9509089be7c6b115f85a36692e0117d83d0bff2facf7d,Omega_hat_StateSize,202,=,MEASURED,,clang-18.1.8-coverage-state-load-v1,clang-18.1.8-coverage-state-load-v1,Debian clang version 18.1.8 (++20240731024826+3b5b5c1ec4a3-1~exp1~20240731144843.145),incremental observation after binding or supported-container state changes,3,experiments/codecontests_reasoning_state_prediction/measurements/program-complexity/profiles.json
program-complexity-normalized-v2,codecontests_reasoning_state_prediction,codecontests-validation-1552g,long-trace-final,cpp,89b65341f1c6fe3a0a9df0a69ade235027daa7f39d3002954f6f632919791b3f,a23a879e789c630dbbae0133f0eb5577c8e5e3a711d2d32ec6d6c244f930f0a1,sha256:a79b1dab9e76b833cdc9509089be7c6b115f85a36692e0117d83d0bff2facf7d,Omega_hat_StateLoad,351855,=,MEASURED,,clang-18.1.8-coverage-state-load-v1,clang-18.1.8-coverage-state-load-v1,Debian clang version 18.1.8 (++20240731024826+3b5b5c1ec4a3-1~exp1~20240731144843.145),incremental observation after binding or supported-container state changes,3,experiments/codecontests_reasoning_state_prediction/measurements/program-complexity/profiles.json
program-complexity-normalized-v2,codecontests_reasoning_state_prediction,codecontests-validation-1552g,inside-loop-state,cpp,feb96da038972104d010503bb0068d9694d4cebae2d34993c61d2dcd7002c600,a23a879e789c630dbbae0133f0eb5577c8e5e3a711d2d32ec6d6c244f930f0a1,sha256:09b1246cd8b4d2e1838a63c2919c236cabe40061c4c7b37e0df8b862ea4f1910,Omega_CC,26,=,MEASURED,,cpp-preprocessed-control-flow-v1,cpp-preprocessed-control-flow-v1,Debian clang version 18.1.8 (++20240731024826+3b5b5c1ec4a3-1~exp1~20240731144843.145),,1,experiments/codecontests_reasoning_state_prediction/measurements/program-complexity/profiles.json
program-complexity-normalized-v2,codecontests_reasoning_state_prediction,codecontests-validation-1552g,inside-loop-state,cpp,feb96da038972104d010503bb0068d9694d4cebae2d34993c61d2dcd7002c600,a23a879e789c630dbbae0133f0eb5577c8e5e3a711d2d32ec6d6c244f930f0a1,sha256:09b1246cd8b4d2e1838a63c2919c236cabe40061c4c7b37e0df8b862ea4f1910,Omega_hat_NativeTrace,464,=,MEASURED,,clang-18.1.8-coverage-state-load-v1,clang-18.1.8-coverage-state-load-v1,Debian clang version 18.1.8 (++20240731024826+3b5b5c1ec4a3-1~exp1~20240731144843.145),clang-18.1.8-coverage-state-load-v1,3,experiments/codecontests_reasoning_state_prediction/measurements/program-complexity/profiles.json
program-complexity-normalized-v2,codecontests_reasoning_state_prediction,codecontests-validation-1552g,inside-loop-state,cpp,feb96da038972104d010503bb0068d9694d4cebae2d34993c61d2dcd7002c600,a23a879e789c630dbbae0133f0eb5577c8e5e3a711d2d32ec6d6c244f930f0a1,sha256:09b1246cd8b4d2e1838a63c2919c236cabe40061c4c7b37e0df8b862ea4f1910,Omega_hat_StateSize,205,=,MEASURED,,clang-18.1.8-coverage-state-load-v1,clang-18.1.8-coverage-state-load-v1,Debian clang version 18.1.8 (++20240731024826+3b5b5c1ec4a3-1~exp1~20240731144843.145),incremental observation after binding or supported-container state changes,3,experiments/codecontests_reasoning_state_prediction/measurements/program-complexity/profiles.json
program-complexity-normalized-v2,codecontests_reasoning_state_prediction,codecontests-validation-1552g,inside-loop-state,cpp,feb96da038972104d010503bb0068d9694d4cebae2d34993c61d2dcd7002c600,a23a879e789c630dbbae0133f0eb5577c8e5e3a711d2d32ec6d6c244f930f0a1,sha256:09b1246cd8b4d2e1838a63c2919c236cabe40061c4c7b37e0df8b862ea4f1910,Omega_hat_StateLoad,54746,=,MEASURED,,clang-18.1.8-coverage-state-load-v1,clang-18.1.8-coverage-state-load-v1,Debian clang version 18.1.8 (++20240731024826+3b5b5c1ec4a3-1~exp1~20240731144843.145),incremental observation after binding or supported-container state changes,3,experiments/codecontests_reasoning_state_prediction/measurements/program-complexity/profiles.json
program-complexity-normalized-v2,codecontests_reasoning_state_prediction,codecontests-validation-1552g,post-loop-state,cpp,b5f0a9481460f80246bf1a24dda90224f8dc49a793565d9ab27a357e86c4e053,a23a879e789c630dbbae0133f0eb5577c8e5e3a711d2d32ec6d6c244f930f0a1,sha256:171f07791f1a24c3b6aa184b7873fcfecee928bd102cac9b3423a5c71b8d1652,Omega_CC,26,=,MEASURED,,cpp-preprocessed-control-flow-v1,cpp-preprocessed-control-flow-v1,Debian clang version 18.1.8 (++20240731024826+3b5b5c1ec4a3-1~exp1~20240731144843.145),,1,experiments/codecontests_reasoning_state_prediction/measurements/program-complexity/profiles.json
program-complexity-normalized-v2,codecontests_reasoning_state_prediction,codecontests-validation-1552g,post-loop-state,cpp,b5f0a9481460f80246bf1a24dda90224f8dc49a793565d9ab27a357e86c4e053,a23a879e789c630dbbae0133f0eb5577c8e5e3a711d2d32ec6d6c244f930f0a1,sha256:171f07791f1a24c3b6aa184b7873fcfecee928bd102cac9b3423a5c71b8d1652,Omega_hat_NativeTrace,378,=,MEASURED,,clang-18.1.8-coverage-state-load-v1,clang-18.1.8-coverage-state-load-v1,Debian clang version 18.1.8 (++20240731024826+3b5b5c1ec4a3-1~exp1~20240731144843.145),clang-18.1.8-coverage-state-load-v1,3,experiments/codecontests_reasoning_state_prediction/measurements/program-complexity/profiles.json
program-complexity-normalized-v2,codecontests_reasoning_state_prediction,codecontests-validation-1552g,post-loop-state,cpp,b5f0a9481460f80246bf1a24dda90224f8dc49a793565d9ab27a357e86c4e053,a23a879e789c630dbbae0133f0eb5577c8e5e3a711d2d32ec6d6c244f930f0a1,sha256:171f07791f1a24c3b6aa184b7873fcfecee928bd102cac9b3423a5c71b8d1652,Omega_hat_StateSize,204,=,MEASURED,,clang-18.1.8-coverage-state-load-v1,clang-18.1.8-coverage-state-load-v1,Debian clang version 18.1.8 (++20240731024826+3b5b5c1ec4a3-1~exp1~20240731144843.145),incremental observation after binding or supported-container state changes,3,experiments/codecontests_reasoning_state_prediction/measurements/program-complexity/profiles.json
program-complexity-normalized-v2,codecontests_reasoning_state_prediction,codecontests-validation-1552g,post-loop-state,cpp,b5f0a9481460f80246bf1a24dda90224f8dc49a793565d9ab27a357e86c4e053,a23a879e789c630dbbae0133f0eb5577c8e5e3a711d2d32ec6d6c244f930f0a1,sha256:171f07791f1a24c3b6aa184b7873fcfecee928bd102cac9b3423a5c71b8d1652,Omega_hat_StateLoad,56528,=,MEASURED,,clang-18.1.8-coverage-state-load-v1,clang-18.1.8-coverage-state-load-v1,Debian clang version 18.1.8 (++20240731024826+3b5b5c1ec4a3-1~exp1~20240731144843.145),incremental observation after binding or supported-container state changes,3,experiments/codecontests_reasoning_state_prediction/measurements/program-complexity/profiles.json
program-complexity-normalized-v2,codecontests_reasoning_state_prediction,codecontests-validation-1553h,short-trace-final,cpp,6e44abb67b8129df7e6c9c2bb7f0603020a46107f0b5aaa85480dcf00b6d8ee5,4f701d041f6b57b35a63af3be10f040298aa86385ad4da04b1daa6df2663a712,sha256:ec94fbcc2638e659b17f14e0b29dd37d5058c60bb048127b3d0d1c0f4ff5e7fb,Omega_CC,23,=,MEASURED,,cpp-preprocessed-control-flow-v1,cpp-preprocessed-control-flow-v1,Debian clang version 18.1.8 (++20240731024826+3b5b5c1ec4a3-1~exp1~20240731144843.145),,1,experiments/codecontests_reasoning_state_prediction/measurements/program-complexity/profiles.json
program-complexity-normalized-v2,codecontests_reasoning_state_prediction,codecontests-validation-1553h,short-trace-final,cpp,6e44abb67b8129df7e6c9c2bb7f0603020a46107f0b5aaa85480dcf00b6d8ee5,4f701d041f6b57b35a63af3be10f040298aa86385ad4da04b1daa6df2663a712,sha256:ec94fbcc2638e659b17f14e0b29dd37d5058c60bb048127b3d0d1c0f4ff5e7fb,Omega_hat_NativeTrace,371,=,MEASURED,,clang-18.1.8-coverage-state-load-v1,clang-18.1.8-coverage-state-load-v1,Debian clang version 18.1.8 (++20240731024826+3b5b5c1ec4a3-1~exp1~20240731144843.145),clang-18.1.8-coverage-state-load-v1,3,experiments/codecontests_reasoning_state_prediction/measurements/program-complexity/profiles.json
program-complexity-normalized-v2,codecontests_reasoning_state_prediction,codecontests-validation-1553h,short-trace-final,cpp,6e44abb67b8129df7e6c9c2bb7f0603020a46107f0b5aaa85480dcf00b6d8ee5,4f701d041f6b57b35a63af3be10f040298aa86385ad4da04b1daa6df2663a712,sha256:ec94fbcc2638e659b17f14e0b29dd37d5058c60bb048127b3d0d1c0f4ff5e7fb,Omega_hat_StateSize,42,=,MEASURED,,clang-18.1.8-coverage-state-load-v1,clang-18.1.8-coverage-state-load-v1,Debian clang version 18.1.8 (++20240731024826+3b5b5c1ec4a3-1~exp1~20240731144843.145),incremental observation after binding or supported-container state changes,3,experiments/codecontests_reasoning_state_prediction/measurements/program-complexity/profiles.json
program-complexity-normalized-v2,codecontests_reasoning_state_prediction,codecontests-validation-1553h,short-trace-final,cpp,6e44abb67b8129df7e6c9c2bb7f0603020a46107f0b5aaa85480dcf00b6d8ee5,4f701d041f6b57b35a63af3be10f040298aa86385ad4da04b1daa6df2663a712,sha256:ec94fbcc2638e659b17f14e0b29dd37d5058c60bb048127b3d0d1c0f4ff5e7fb,Omega_hat_StateLoad,7814,=,MEASURED,,clang-18.1.8-coverage-state-load-v1,clang-18.1.8-coverage-state-load-v1,Debian clang version 18.1.8 (++20240731024826+3b5b5c1ec4a3-1~exp1~20240731144843.145),incremental observation after binding or supported-container state changes,3,experiments/codecontests_reasoning_state_prediction/measurements/program-complexity/profiles.json
program-complexity-normalized-v2,codecontests_reasoning_state_prediction,codecontests-validation-1553h,long-trace-final,cpp,6e44abb67b8129df7e6c9c2bb7f0603020a46107f0b5aaa85480dcf00b6d8ee5,37a901c4f91c375e5b2ce915089751f68aa2f80e3a9590fee8edc1247ea80612,sha256:770562aaa5a3e85df39a1cafdf7468362430899e86d0c991ec42f5d0b02f1d73,Omega_CC,23,=,MEASURED,,cpp-preprocessed-control-flow-v1,cpp-preprocessed-control-flow-v1,Debian clang version 18.1.8 (++20240731024826+3b5b5c1ec4a3-1~exp1~20240731144843.145),,1,experiments/codecontests_reasoning_state_prediction/measurements/program-complexity/profiles.json
program-complexity-normalized-v2,codecontests_reasoning_state_prediction,codecontests-validation-1553h,long-trace-final,cpp,6e44abb67b8129df7e6c9c2bb7f0603020a46107f0b5aaa85480dcf00b6d8ee5,37a901c4f91c375e5b2ce915089751f68aa2f80e3a9590fee8edc1247ea80612,sha256:770562aaa5a3e85df39a1cafdf7468362430899e86d0c991ec42f5d0b02f1d73,Omega_hat_NativeTrace,2577,=,MEASURED,,clang-18.1.8-coverage-state-load-v1,clang-18.1.8-coverage-state-load-v1,Debian clang version 18.1.8 (++20240731024826+3b5b5c1ec4a3-1~exp1~20240731144843.145),clang-18.1.8-coverage-state-load-v1,3,experiments/codecontests_reasoning_state_prediction/measurements/program-complexity/profiles.json
program-complexity-normalized-v2,codecontests_reasoning_state_prediction,codecontests-validation-1553h,long-trace-final,cpp,6e44abb67b8129df7e6c9c2bb7f0603020a46107f0b5aaa85480dcf00b6d8ee5,37a901c4f91c375e5b2ce915089751f68aa2f80e3a9590fee8edc1247ea80612,sha256:770562aaa5a3e85df39a1cafdf7468362430899e86d0c991ec42f5d0b02f1d73,Omega_hat_StateSize,213,=,MEASURED,,clang-18.1.8-coverage-state-load-v1,clang-18.1.8-coverage-state-load-v1,Debian clang version 18.1.8 (++20240731024826+3b5b5c1ec4a3-1~exp1~20240731144843.145),incremental observation after binding or supported-container state changes,3,experiments/codecontests_reasoning_state_prediction/measurements/program-complexity/profiles.json
program-complexity-normalized-v2,codecontests_reasoning_state_prediction,codecontests-validation-1553h,long-trace-final,cpp,6e44abb67b8129df7e6c9c2bb7f0603020a46107f0b5aaa85480dcf00b6d8ee5,37a901c4f91c375e5b2ce915089751f68aa2f80e3a9590fee8edc1247ea80612,sha256:770562aaa5a3e85df39a1cafdf7468362430899e86d0c991ec42f5d0b02f1d73,Omega_hat_StateLoad,288995,=,MEASURED,,clang-18.1.8-coverage-state-load-v1,clang-18.1.8-coverage-state-load-v1,Debian clang version 18.1.8 (++20240731024826+3b5b5c1ec4a3-1~exp1~20240731144843.145),incremental observation after binding or supported-container state changes,3,experiments/codecontests_reasoning_state_prediction/measurements/program-complexity/profiles.json
program-complexity-normalized-v2,codecontests_reasoning_state_prediction,codecontests-validation-1553h,inside-loop-state,cpp,261f2a5460690985d0feaadb3435366c997ed89f15809dc921c0a13726ae899d,37a901c4f91c375e5b2ce915089751f68aa2f80e3a9590fee8edc1247ea80612,sha256:6eb7e05699a61fe76fc80e795517d487440c6f7925fe7910cfedf2cd415ffea6,Omega_CC,31,=,MEASURED,,cpp-preprocessed-control-flow-v1,cpp-preprocessed-control-flow-v1,Debian clang version 18.1.8 (++20240731024826+3b5b5c1ec4a3-1~exp1~20240731144843.145),,1,experiments/codecontests_reasoning_state_prediction/measurements/program-complexity/profiles.json
program-complexity-normalized-v2,codecontests_reasoning_state_prediction,codecontests-validation-1553h,inside-loop-state,cpp,261f2a5460690985d0feaadb3435366c997ed89f15809dc921c0a13726ae899d,37a901c4f91c375e5b2ce915089751f68aa2f80e3a9590fee8edc1247ea80612,sha256:6eb7e05699a61fe76fc80e795517d487440c6f7925fe7910cfedf2cd415ffea6,Omega_hat_NativeTrace,1846,=,MEASURED,,clang-18.1.8-coverage-state-load-v1,clang-18.1.8-coverage-state-load-v1,Debian clang version 18.1.8 (++20240731024826+3b5b5c1ec4a3-1~exp1~20240731144843.145),clang-18.1.8-coverage-state-load-v1,3,experiments/codecontests_reasoning_state_prediction/measurements/program-complexity/profiles.json
program-complexity-normalized-v2,codecontests_reasoning_state_prediction,codecontests-validation-1553h,inside-loop-state,cpp,261f2a5460690985d0feaadb3435366c997ed89f15809dc921c0a13726ae899d,37a901c4f91c375e5b2ce915089751f68aa2f80e3a9590fee8edc1247ea80612,sha256:6eb7e05699a61fe76fc80e795517d487440c6f7925fe7910cfedf2cd415ffea6,Omega_hat_StateSize,212,=,MEASURED,,clang-18.1.8-coverage-state-load-v1,clang-18.1.8-coverage-state-load-v1,Debian clang version 18.1.8 (++20240731024826+3b5b5c1ec4a3-1~exp1~20240731144843.145),incremental observation after binding or supported-container state changes,3,experiments/codecontests_reasoning_state_prediction/measurements/program-complexity/profiles.json
program-complexity-normalized-v2,codecontests_reasoning_state_prediction,codecontests-validation-1553h,inside-loop-state,cpp,261f2a5460690985d0feaadb3435366c997ed89f15809dc921c0a13726ae899d,37a901c4f91c375e5b2ce915089751f68aa2f80e3a9590fee8edc1247ea80612,sha256:6eb7e05699a61fe76fc80e795517d487440c6f7925fe7910cfedf2cd415ffea6,Omega_hat_StateLoad,270178,=,MEASURED,,clang-18.1.8-coverage-state-load-v1,clang-18.1.8-coverage-state-load-v1,Debian clang version 18.1.8 (++20240731024826+3b5b5c1ec4a3-1~exp1~20240731144843.145),incremental observation after binding or supported-container state changes,3,experiments/codecontests_reasoning_state_prediction/measurements/program-complexity/profiles.json
program-complexity-normalized-v2,codecontests_reasoning_state_prediction,codecontests-validation-1553h,post-loop-state,cpp,a0fc871a1b48fb4e584cbafab20aa03968f5864a8503fcc17f35616d670b41fb,37a901c4f91c375e5b2ce915089751f68aa2f80e3a9590fee8edc1247ea80612,sha256:6902c25f9ffcbdc0e8ecc69369b20538253308dab50b819f31e94a844f5610f4,Omega_CC,31,=,MEASURED,,cpp-preprocessed-control-flow-v1,cpp-preprocessed-control-flow-v1,Debian clang version 18.1.8 (++20240731024826+3b5b5c1ec4a3-1~exp1~20240731144843.145),,1,experiments/codecontests_reasoning_state_prediction/measurements/program-complexity/profiles.json
program-complexity-normalized-v2,codecontests_reasoning_state_prediction,codecontests-validation-1553h,post-loop-state,cpp,a0fc871a1b48fb4e584cbafab20aa03968f5864a8503fcc17f35616d670b41fb,37a901c4f91c375e5b2ce915089751f68aa2f80e3a9590fee8edc1247ea80612,sha256:6902c25f9ffcbdc0e8ecc69369b20538253308dab50b819f31e94a844f5610f4,Omega_hat_NativeTrace,1815,=,MEASURED,,clang-18.1.8-coverage-state-load-v1,clang-18.1.8-coverage-state-load-v1,Debian clang version 18.1.8 (++20240731024826+3b5b5c1ec4a3-1~exp1~20240731144843.145),clang-18.1.8-coverage-state-load-v1,3,experiments/codecontests_reasoning_state_prediction/measurements/program-complexity/profiles.json
program-complexity-normalized-v2,codecontests_reasoning_state_prediction,codecontests-validation-1553h,post-loop-state,cpp,a0fc871a1b48fb4e584cbafab20aa03968f5864a8503fcc17f35616d670b41fb,37a901c4f91c375e5b2ce915089751f68aa2f80e3a9590fee8edc1247ea80612,sha256:6902c25f9ffcbdc0e8ecc69369b20538253308dab50b819f31e94a844f5610f4,Omega_hat_StateSize,213,=,MEASURED,,clang-18.1.8-coverage-state-load-v1,clang-18.1.8-coverage-state-load-v1,Debian clang version 18.1.8 (++20240731024826+3b5b5c1ec4a3-1~exp1~20240731144843.145),incremental observation after binding or supported-container state changes,3,experiments/codecontests_reasoning_state_prediction/measurements/program-complexity/profiles.json
program-complexity-normalized-v2,codecontests_reasoning_state_prediction,codecontests-validation-1553h,post-loop-state,cpp,a0fc871a1b48fb4e584cbafab20aa03968f5864a8503fcc17f35616d670b41fb,37a901c4f91c375e5b2ce915089751f68aa2f80e3a9590fee8edc1247ea80612,sha256:6902c25f9ffcbdc0e8ecc69369b20538253308dab50b819f31e94a844f5610f4,Omega_hat_StateLoad,275715,=,MEASURED,,clang-18.1.8-coverage-state-load-v1,clang-18.1.8-coverage-state-load-v1,Debian clang version 18.1.8 (++20240731024826+3b5b5c1ec4a3-1~exp1~20240731144843.145),incremental observation after binding or supported-container state changes,3,experiments/codecontests_reasoning_state_prediction/measurements/program-complexity/profiles.json
program-complexity-normalized-v2,codecontests_reasoning_state_prediction,codecontests-validation-1556f,short-trace-final,cpp,67dbad2177030b263347ba9ff0c3aa5d2e1eb57d456d177fad25eee3f31a9a76,fdcb27265764b2a73c62380d364aa177b18028a2d6fffe621bac5a23affde265,sha256:4187ff3515c0fda500a7e745300efac0dd3854569defe467c79687b609a86967,Omega_CC,69,=,MEASURED,,cpp-preprocessed-control-flow-v1,cpp-preprocessed-control-flow-v1,Debian clang version 18.1.8 (++20240731024826+3b5b5c1ec4a3-1~exp1~20240731144843.145),,1,experiments/codecontests_reasoning_state_prediction/measurements/program-complexity/profiles.json
program-complexity-normalized-v2,codecontests_reasoning_state_prediction,codecontests-validation-1556f,short-trace-final,cpp,67dbad2177030b263347ba9ff0c3aa5d2e1eb57d456d177fad25eee3f31a9a76,fdcb27265764b2a73c62380d364aa177b18028a2d6fffe621bac5a23affde265,sha256:4187ff3515c0fda500a7e745300efac0dd3854569defe467c79687b609a86967,Omega_hat_NativeTrace,475,=,MEASURED,,clang-18.1.8-coverage-state-load-v1,clang-18.1.8-coverage-state-load-v1,Debian clang version 18.1.8 (++20240731024826+3b5b5c1ec4a3-1~exp1~20240731144843.145),clang-18.1.8-coverage-state-load-v1,3,experiments/codecontests_reasoning_state_prediction/measurements/program-complexity/profiles.json
program-complexity-normalized-v2,codecontests_reasoning_state_prediction,codecontests-validation-1556f,short-trace-final,cpp,67dbad2177030b263347ba9ff0c3aa5d2e1eb57d456d177fad25eee3f31a9a76,fdcb27265764b2a73c62380d364aa177b18028a2d6fffe621bac5a23affde265,sha256:4187ff3515c0fda500a7e745300efac0dd3854569defe467c79687b609a86967,Omega_hat_StateSize,33,=,MEASURED,,clang-18.1.8-coverage-state-load-v1,clang-18.1.8-coverage-state-load-v1,Debian clang version 18.1.8 (++20240731024826+3b5b5c1ec4a3-1~exp1~20240731144843.145),incremental observation after binding or supported-container state changes,3,experiments/codecontests_reasoning_state_prediction/measurements/program-complexity/profiles.json
program-complexity-normalized-v2,codecontests_reasoning_state_prediction,codecontests-validation-1556f,short-trace-final,cpp,67dbad2177030b263347ba9ff0c3aa5d2e1eb57d456d177fad25eee3f31a9a76,fdcb27265764b2a73c62380d364aa177b18028a2d6fffe621bac5a23affde265,sha256:4187ff3515c0fda500a7e745300efac0dd3854569defe467c79687b609a86967,Omega_hat_StateLoad,14256,=,MEASURED,,clang-18.1.8-coverage-state-load-v1,clang-18.1.8-coverage-state-load-v1,Debian clang version 18.1.8 (++20240731024826+3b5b5c1ec4a3-1~exp1~20240731144843.145),incremental observation after binding or supported-container state changes,3,experiments/codecontests_reasoning_state_prediction/measurements/program-complexity/profiles.json
program-complexity-normalized-v2,codecontests_reasoning_state_prediction,codecontests-validation-1556f,long-trace-final,cpp,67dbad2177030b263347ba9ff0c3aa5d2e1eb57d456d177fad25eee3f31a9a76,360f25d334dd3eaa6f292d435c7982dff837d18936d1fefe83699b0b1d6fbc85,sha256:047212d3dbff7834415a19b3cc5c6f3f0a5d6b685142d73e34b3db7d3940512a,Omega_CC,69,=,MEASURED,,cpp-preprocessed-control-flow-v1,cpp-preprocessed-control-flow-v1,Debian clang version 18.1.8 (++20240731024826+3b5b5c1ec4a3-1~exp1~20240731144843.145),,1,experiments/codecontests_reasoning_state_prediction/measurements/program-complexity/profiles.json
program-complexity-normalized-v2,codecontests_reasoning_state_prediction,codecontests-validation-1556f,long-trace-final,cpp,67dbad2177030b263347ba9ff0c3aa5d2e1eb57d456d177fad25eee3f31a9a76,360f25d334dd3eaa6f292d435c7982dff837d18936d1fefe83699b0b1d6fbc85,sha256:047212d3dbff7834415a19b3cc5c6f3f0a5d6b685142d73e34b3db7d3940512a,Omega_hat_NativeTrace,17617324,=,MEASURED,,clang-18.1.8-coverage-state-load-v1,clang-18.1.8-coverage-state-load-v1,Debian clang version 18.1.8 (++20240731024826+3b5b5c1ec4a3-1~exp1~20240731144843.145),clang-18.1.8-coverage-state-load-v1,3,experiments/codecontests_reasoning_state_prediction/measurements/program-complexity/profiles.json
program-complexity-normalized-v2,codecontests_reasoning_state_prediction,codecontests-validation-1556f,long-trace-final,cpp,67dbad2177030b263347ba9ff0c3aa5d2e1eb57d456d177fad25eee3f31a9a76,360f25d334dd3eaa6f292d435c7982dff837d18936d1fefe83699b0b1d6fbc85,sha256:047212d3dbff7834415a19b3cc5c6f3f0a5d6b685142d73e34b3db7d3940512a,Omega_hat_StateSize,2289,=,MEASURED,,clang-18.1.8-coverage-state-load-v1,clang-18.1.8-coverage-state-load-v1,Debian clang version 18.1.8 (++20240731024826+3b5b5c1ec4a3-1~exp1~20240731144843.145),incremental observation after binding or supported-container state changes,3,experiments/codecontests_reasoning_state_prediction/measurements/program-complexity/profiles.json
program-complexity-normalized-v2,codecontests_reasoning_state_prediction,codecontests-validation-1556f,long-trace-final,cpp,67dbad2177030b263347ba9ff0c3aa5d2e1eb57d456d177fad25eee3f31a9a76,360f25d334dd3eaa6f292d435c7982dff837d18936d1fefe83699b0b1d6fbc85,sha256:047212d3dbff7834415a19b3cc5c6f3f0a5d6b685142d73e34b3db7d3940512a,Omega_hat_StateLoad,29408855404,=,MEASURED,,clang-18.1.8-coverage-state-load-v1,clang-18.1.8-coverage-state-load-v1,Debian clang version 18.1.8 (++20240731024826+3b5b5c1ec4a3-1~exp1~20240731144843.145),incremental observation after binding or supported-container state changes,3,experiments/codecontests_reasoning_state_prediction/measurements/program-complexity/profiles.json
program-complexity-normalized-v2,codecontests_reasoning_state_prediction,codecontests-validation-1556f,inside-loop-state,cpp,0e7c6745273acd61e256dc45eed260d91a4acbd2606e470d7a226f83219ed9a3,360f25d334dd3eaa6f292d435c7982dff837d18936d1fefe83699b0b1d6fbc85,sha256:d976052f398a8f8889ca64214581105a094a90090997b364ea6caf03b8456389,Omega_CC,79,=,MEASURED,,cpp-preprocessed-control-flow-v1,cpp-preprocessed-control-flow-v1,Debian clang version 18.1.8 (++20240731024826+3b5b5c1ec4a3-1~exp1~20240731144843.145),,1,experiments/codecontests_reasoning_state_prediction/measurements/program-complexity/profiles.json
program-complexity-normalized-v2,codecontests_reasoning_state_prediction,codecontests-validation-1556f,inside-loop-state,cpp,0e7c6745273acd61e256dc45eed260d91a4acbd2606e470d7a226f83219ed9a3,360f25d334dd3eaa6f292d435c7982dff837d18936d1fefe83699b0b1d6fbc85,sha256:d976052f398a8f8889ca64214581105a094a90090997b364ea6caf03b8456389,Omega_hat_NativeTrace,202474,=,MEASURED,,clang-18.1.8-coverage-state-load-v1,clang-18.1.8-coverage-state-load-v1,Debian clang version 18.1.8 (++20240731024826+3b5b5c1ec4a3-1~exp1~20240731144843.145),clang-18.1.8-coverage-state-load-v1,3,experiments/codecontests_reasoning_state_prediction/measurements/program-complexity/profiles.json
program-complexity-normalized-v2,codecontests_reasoning_state_prediction,codecontests-validation-1556f,inside-loop-state,cpp,0e7c6745273acd61e256dc45eed260d91a4acbd2606e470d7a226f83219ed9a3,360f25d334dd3eaa6f292d435c7982dff837d18936d1fefe83699b0b1d6fbc85,sha256:d976052f398a8f8889ca64214581105a094a90090997b364ea6caf03b8456389,Omega_hat_StateSize,3313,=,MEASURED,,clang-18.1.8-coverage-state-load-v1,clang-18.1.8-coverage-state-load-v1,Debian clang version 18.1.8 (++20240731024826+3b5b5c1ec4a3-1~exp1~20240731144843.145),incremental observation after binding or supported-container state changes,3,experiments/codecontests_reasoning_state_prediction/measurements/program-complexity/profiles.json
program-complexity-normalized-v2,codecontests_reasoning_state_prediction,codecontests-validation-1556f,inside-loop-state,cpp,0e7c6745273acd61e256dc45eed260d91a4acbd2606e470d7a226f83219ed9a3,360f25d334dd3eaa6f292d435c7982dff837d18936d1fefe83699b0b1d6fbc85,sha256:d976052f398a8f8889ca64214581105a094a90090997b364ea6caf03b8456389,Omega_hat_StateLoad,329414216,=,MEASURED,,clang-18.1.8-coverage-state-load-v1,clang-18.1.8-coverage-state-load-v1,Debian clang version 18.1.8 (++20240731024826+3b5b5c1ec4a3-1~exp1~20240731144843.145),incremental observation after binding or supported-container state changes,3,experiments/codecontests_reasoning_state_prediction/measurements/program-complexity/profiles.json
program-complexity-normalized-v2,codecontests_reasoning_state_prediction,codecontests-validation-1556f,post-loop-state,cpp,355b4d9cf793a850c31de90bbad276f4be650b3ce01e56f464054f85d4c2ec45,360f25d334dd3eaa6f292d435c7982dff837d18936d1fefe83699b0b1d6fbc85,sha256:b554ae48f9f01e6e0a24869ecf08bd82adbe4adb44defe82ab519e71a5aaffed,Omega_CC,79,=,MEASURED,,cpp-preprocessed-control-flow-v1,cpp-preprocessed-control-flow-v1,Debian clang version 18.1.8 (++20240731024826+3b5b5c1ec4a3-1~exp1~20240731144843.145),,1,experiments/codecontests_reasoning_state_prediction/measurements/program-complexity/profiles.json
program-complexity-normalized-v2,codecontests_reasoning_state_prediction,codecontests-validation-1556f,post-loop-state,cpp,355b4d9cf793a850c31de90bbad276f4be650b3ce01e56f464054f85d4c2ec45,360f25d334dd3eaa6f292d435c7982dff837d18936d1fefe83699b0b1d6fbc85,sha256:b554ae48f9f01e6e0a24869ecf08bd82adbe4adb44defe82ab519e71a5aaffed,Omega_hat_NativeTrace,17086448,=,MEASURED,,clang-18.1.8-coverage-state-load-v1,clang-18.1.8-coverage-state-load-v1,Debian clang version 18.1.8 (++20240731024826+3b5b5c1ec4a3-1~exp1~20240731144843.145),clang-18.1.8-coverage-state-load-v1,3,experiments/codecontests_reasoning_state_prediction/measurements/program-complexity/profiles.json
program-complexity-normalized-v2,codecontests_reasoning_state_prediction,codecontests-validation-1556f,post-loop-state,cpp,355b4d9cf793a850c31de90bbad276f4be650b3ce01e56f464054f85d4c2ec45,360f25d334dd3eaa6f292d435c7982dff837d18936d1fefe83699b0b1d6fbc85,sha256:b554ae48f9f01e6e0a24869ecf08bd82adbe4adb44defe82ab519e71a5aaffed,Omega_hat_StateSize,3312,=,MEASURED,,clang-18.1.8-coverage-state-load-v1,clang-18.1.8-coverage-state-load-v1,Debian clang version 18.1.8 (++20240731024826+3b5b5c1ec4a3-1~exp1~20240731144843.145),incremental observation after binding or supported-container state changes,3,experiments/codecontests_reasoning_state_prediction/measurements/program-complexity/profiles.json
program-complexity-normalized-v2,codecontests_reasoning_state_prediction,codecontests-validation-1556f,post-loop-state,cpp,355b4d9cf793a850c31de90bbad276f4be650b3ce01e56f464054f85d4c2ec45,360f25d334dd3eaa6f292d435c7982dff837d18936d1fefe83699b0b1d6fbc85,sha256:b554ae48f9f01e6e0a24869ecf08bd82adbe4adb44defe82ab519e71a5aaffed,Omega_hat_StateLoad,28447327936,=,MEASURED,,clang-18.1.8-coverage-state-load-v1,clang-18.1.8-coverage-state-load-v1,Debian clang version 18.1.8 (++20240731024826+3b5b5c1ec4a3-1~exp1~20240731144843.145),incremental observation after binding or supported-container state changes,3,experiments/codecontests_reasoning_state_prediction/measurements/program-complexity/profiles.json
program-complexity-normalized-v2,codecontests_reasoning_state_prediction,codecontests-validation-1567f,short-trace-final,cpp,1d2e0467d959ffad5c713fa10c2142c44b5f542e00ce390504aea6f73e976053,8ac1f9fa9e2847575b2ced3fd892b2845557a6c485f5fa9413a699b8efbc3ad3,sha256:1409c152c08d92399051dab807de4bf8e850de37453948f90d89efde70ea8cb2,Omega_CC,42,=,MEASURED,,cpp-preprocessed-control-flow-v1,cpp-preprocessed-control-flow-v1,Debian clang version 18.1.8 (++20240731024826+3b5b5c1ec4a3-1~exp1~20240731144843.145),,1,experiments/codecontests_reasoning_state_prediction/measurements/program-complexity/profiles.json
program-complexity-normalized-v2,codecontests_reasoning_state_prediction,codecontests-validation-1567f,short-trace-final,cpp,1d2e0467d959ffad5c713fa10c2142c44b5f542e00ce390504aea6f73e976053,8ac1f9fa9e2847575b2ced3fd892b2845557a6c485f5fa9413a699b8efbc3ad3,sha256:1409c152c08d92399051dab807de4bf8e850de37453948f90d89efde70ea8cb2,Omega_hat_NativeTrace,2028,=,MEASURED,,clang-18.1.8-coverage-state-load-v1,clang-18.1.8-coverage-state-load-v1,Debian clang version 18.1.8 (++20240731024826+3b5b5c1ec4a3-1~exp1~20240731144843.145),clang-18.1.8-coverage-state-load-v1,3,experiments/codecontests_reasoning_state_prediction/measurements/program-complexity/profiles.json
program-complexity-normalized-v2,codecontests_reasoning_state_prediction,codecontests-validation-1567f,short-trace-final,cpp,1d2e0467d959ffad5c713fa10c2142c44b5f542e00ce390504aea6f73e976053,8ac1f9fa9e2847575b2ced3fd892b2845557a6c485f5fa9413a699b8efbc3ad3,sha256:1409c152c08d92399051dab807de4bf8e850de37453948f90d89efde70ea8cb2,Omega_hat_StateSize,2041765,=,MEASURED,,clang-18.1.8-coverage-state-load-v1,clang-18.1.8-coverage-state-load-v1,Debian clang version 18.1.8 (++20240731024826+3b5b5c1ec4a3-1~exp1~20240731144843.145),incremental observation after binding or supported-container state changes,3,experiments/codecontests_reasoning_state_prediction/measurements/program-complexity/profiles.json
program-complexity-normalized-v2,codecontests_reasoning_state_prediction,codecontests-validation-1567f,short-trace-final,cpp,1d2e0467d959ffad5c713fa10c2142c44b5f542e00ce390504aea6f73e976053,8ac1f9fa9e2847575b2ced3fd892b2845557a6c485f5fa9413a699b8efbc3ad3,sha256:1409c152c08d92399051dab807de4bf8e850de37453948f90d89efde70ea8cb2,Omega_hat_StateLoad,977810827294,=,MEASURED,,clang-18.1.8-coverage-state-load-v1,clang-18.1.8-coverage-state-load-v1,Debian clang version 18.1.8 (++20240731024826+3b5b5c1ec4a3-1~exp1~20240731144843.145),incremental observation after binding or supported-container state changes,3,experiments/codecontests_reasoning_state_prediction/measurements/program-complexity/profiles.json
program-complexity-normalized-v2,codecontests_reasoning_state_prediction,codecontests-validation-1567f,long-trace-final,cpp,1d2e0467d959ffad5c713fa10c2142c44b5f542e00ce390504aea6f73e976053,5ca513ae33f231741e8f5bce074557104f0ac96debe4329731eb41fe859f6fa9,sha256:75ed7b936b96f491155cc0bce4acf0ddfa2014bd5e7dfeadfe900e5b2a403448,Omega_CC,42,=,MEASURED,,cpp-preprocessed-control-flow-v1,cpp-preprocessed-control-flow-v1,Debian clang version 18.1.8 (++20240731024826+3b5b5c1ec4a3-1~exp1~20240731144843.145),,1,experiments/codecontests_reasoning_state_prediction/measurements/program-complexity/profiles.json
program-complexity-normalized-v2,codecontests_reasoning_state_prediction,codecontests-validation-1567f,long-trace-final,cpp,1d2e0467d959ffad5c713fa10c2142c44b5f542e00ce390504aea6f73e976053,5ca513ae33f231741e8f5bce074557104f0ac96debe4329731eb41fe859f6fa9,sha256:75ed7b936b96f491155cc0bce4acf0ddfa2014bd5e7dfeadfe900e5b2a403448,Omega_hat_NativeTrace,7387,=,MEASURED,,clang-18.1.8-coverage-state-load-v1,clang-18.1.8-coverage-state-load-v1,Debian clang version 18.1.8 (++20240731024826+3b5b5c1ec4a3-1~exp1~20240731144843.145),clang-18.1.8-coverage-state-load-v1,3,experiments/codecontests_reasoning_state_prediction/measurements/program-complexity/profiles.json
program-complexity-normalized-v2,codecontests_reasoning_state_prediction,codecontests-validation-1567f,long-trace-final,cpp,1d2e0467d959ffad5c713fa10c2142c44b5f542e00ce390504aea6f73e976053,5ca513ae33f231741e8f5bce074557104f0ac96debe4329731eb41fe859f6fa9,sha256:75ed7b936b96f491155cc0bce4acf0ddfa2014bd5e7dfeadfe900e5b2a403448,Omega_hat_StateSize,2041833,=,MEASURED,,clang-18.1.8-coverage-state-load-v1,clang-18.1.8-coverage-state-load-v1,Debian clang version 18.1.8 (++20240731024826+3b5b5c1ec4a3-1~exp1~20240731144843.145),incremental observation after binding or supported-container state changes,3,experiments/codecontests_reasoning_state_prediction/measurements/program-complexity/profiles.json
program-complexity-normalized-v2,codecontests_reasoning_state_prediction,codecontests-validation-1567f,long-trace-final,cpp,1d2e0467d959ffad5c713fa10c2142c44b5f542e00ce390504aea6f73e976053,5ca513ae33f231741e8f5bce074557104f0ac96debe4329731eb41fe859f6fa9,sha256:75ed7b936b96f491155cc0bce4acf0ddfa2014bd5e7dfeadfe900e5b2a403448,Omega_hat_StateLoad,981523833176,=,MEASURED,,clang-18.1.8-coverage-state-load-v1,clang-18.1.8-coverage-state-load-v1,Debian clang version 18.1.8 (++20240731024826+3b5b5c1ec4a3-1~exp1~20240731144843.145),incremental observation after binding or supported-container state changes,3,experiments/codecontests_reasoning_state_prediction/measurements/program-complexity/profiles.json
program-complexity-normalized-v2,codecontests_reasoning_state_prediction,codecontests-validation-1567f,inside-loop-state,cpp,05cf93795d2245abb6f842b4f278fe70746b159f5aba398e285981a3d3ab0415,5ca513ae33f231741e8f5bce074557104f0ac96debe4329731eb41fe859f6fa9,sha256:6aeac6a4e2f537048fe01df3515dba434ad05c1616a7dd179e2ef84c8a4e1d32,Omega_CC,50,=,MEASURED,,cpp-preprocessed-control-flow-v1,cpp-preprocessed-control-flow-v1,Debian clang version 18.1.8 (++20240731024826+3b5b5c1ec4a3-1~exp1~20240731144843.145),,1,experiments/codecontests_reasoning_state_prediction/measurements/program-complexity/profiles.json
program-complexity-normalized-v2,codecontests_reasoning_state_prediction,codecontests-validation-1567f,inside-loop-state,cpp,05cf93795d2245abb6f842b4f278fe70746b159f5aba398e285981a3d3ab0415,5ca513ae33f231741e8f5bce074557104f0ac96debe4329731eb41fe859f6fa9,sha256:6aeac6a4e2f537048fe01df3515dba434ad05c1616a7dd179e2ef84c8a4e1d32,Omega_hat_NativeTrace,3975,=,MEASURED,,clang-18.1.8-coverage-state-load-v1,clang-18.1.8-coverage-state-load-v1,Debian clang version 18.1.8 (++20240731024826+3b5b5c1ec4a3-1~exp1~20240731144843.145),clang-18.1.8-coverage-state-load-v1,3,experiments/codecontests_reasoning_state_prediction/measurements/program-complexity/profiles.json
program-complexity-normalized-v2,codecontests_reasoning_state_prediction,codecontests-validation-1567f,inside-loop-state,cpp,05cf93795d2245abb6f842b4f278fe70746b159f5aba398e285981a3d3ab0415,5ca513ae33f231741e8f5bce074557104f0ac96debe4329731eb41fe859f6fa9,sha256:6aeac6a4e2f537048fe01df3515dba434ad05c1616a7dd179e2ef84c8a4e1d32,Omega_hat_StateSize,2041801,=,MEASURED,,clang-18.1.8-coverage-state-load-v1,clang-18.1.8-coverage-state-load-v1,Debian clang version 18.1.8 (++20240731024826+3b5b5c1ec4a3-1~exp1~20240731144843.145),incremental observation after binding or supported-container state changes,3,experiments/codecontests_reasoning_state_prediction/measurements/program-complexity/profiles.json
program-complexity-normalized-v2,codecontests_reasoning_state_prediction,codecontests-validation-1567f,inside-loop-state,cpp,05cf93795d2245abb6f842b4f278fe70746b159f5aba398e285981a3d3ab0415,5ca513ae33f231741e8f5bce074557104f0ac96debe4329731eb41fe859f6fa9,sha256:6aeac6a4e2f537048fe01df3515dba434ad05c1616a7dd179e2ef84c8a4e1d32,Omega_hat_StateLoad,978954476445,=,MEASURED,,clang-18.1.8-coverage-state-load-v1,clang-18.1.8-coverage-state-load-v1,Debian clang version 18.1.8 (++20240731024826+3b5b5c1ec4a3-1~exp1~20240731144843.145),incremental observation after binding or supported-container state changes,3,experiments/codecontests_reasoning_state_prediction/measurements/program-complexity/profiles.json
program-complexity-normalized-v2,codecontests_reasoning_state_prediction,codecontests-validation-1567f,post-loop-state,cpp,91b04a25af0d8354eca4b22a5c307be7e0d71719c1e56c1036c67f37cec6a7d0,5ca513ae33f231741e8f5bce074557104f0ac96debe4329731eb41fe859f6fa9,sha256:ea7a90453421ca6e0e362363140e976c6de8012ac45f6d28c6409043e1d050dd,Omega_CC,50,=,MEASURED,,cpp-preprocessed-control-flow-v1,cpp-preprocessed-control-flow-v1,Debian clang version 18.1.8 (++20240731024826+3b5b5c1ec4a3-1~exp1~20240731144843.145),,1,experiments/codecontests_reasoning_state_prediction/measurements/program-complexity/profiles.json
program-complexity-normalized-v2,codecontests_reasoning_state_prediction,codecontests-validation-1567f,post-loop-state,cpp,91b04a25af0d8354eca4b22a5c307be7e0d71719c1e56c1036c67f37cec6a7d0,5ca513ae33f231741e8f5bce074557104f0ac96debe4329731eb41fe859f6fa9,sha256:ea7a90453421ca6e0e362363140e976c6de8012ac45f6d28c6409043e1d050dd,Omega_hat_NativeTrace,3936,=,MEASURED,,clang-18.1.8-coverage-state-load-v1,clang-18.1.8-coverage-state-load-v1,Debian clang version 18.1.8 (++20240731024826+3b5b5c1ec4a3-1~exp1~20240731144843.145),clang-18.1.8-coverage-state-load-v1,3,experiments/codecontests_reasoning_state_prediction/measurements/program-complexity/profiles.json
program-complexity-normalized-v2,codecontests_reasoning_state_prediction,codecontests-validation-1567f,post-loop-state,cpp,91b04a25af0d8354eca4b22a5c307be7e0d71719c1e56c1036c67f37cec6a7d0,5ca513ae33f231741e8f5bce074557104f0ac96debe4329731eb41fe859f6fa9,sha256:ea7a90453421ca6e0e362363140e976c6de8012ac45f6d28c6409043e1d050dd,Omega_hat_StateSize,2041801,=,MEASURED,,clang-18.1.8-coverage-state-load-v1,clang-18.1.8-coverage-state-load-v1,Debian clang version 18.1.8 (++20240731024826+3b5b5c1ec4a3-1~exp1~20240731144843.145),incremental observation after binding or supported-container state changes,3,experiments/codecontests_reasoning_state_prediction/measurements/program-complexity/profiles.json
program-complexity-normalized-v2,codecontests_reasoning_state_prediction,codecontests-validation-1567f,post-loop-state,cpp,91b04a25af0d8354eca4b22a5c307be7e0d71719c1e56c1036c67f37cec6a7d0,5ca513ae33f231741e8f5bce074557104f0ac96debe4329731eb41fe859f6fa9,sha256:ea7a90453421ca6e0e362363140e976c6de8012ac45f6d28c6409043e1d050dd,Omega_hat_StateLoad,978984848378,=,MEASURED,,clang-18.1.8-coverage-state-load-v1,clang-18.1.8-coverage-state-load-v1,Debian clang version 18.1.8 (++20240731024826+3b5b5c1ec4a3-1~exp1~20240731144843.145),incremental observation after binding or supported-container state changes,3,experiments/codecontests_reasoning_state_prediction/measurements/program-complexity/profiles.json
program-complexity-normalized-v2,codecontests_reasoning_state_prediction,codecontests-validation-1569e,short-trace-final,cpp,d7b30d4383431a38ca1bd0ea4847aec892b939921afb04a5e0975d8dfe5a98c9,479def58965386a05050611157259ef82bfeb49b520e8bff8f6ffde3b23af8a8,sha256:54f6a747a637b0f0a56927e6d2e6241641ca47c0b3b3b170abc8a05e9dc0d7cc,Omega_CC,47,=,MEASURED,,cpp-preprocessed-control-flow-v1,cpp-preprocessed-control-flow-v1,Debian clang version 18.1.8 (++20240731024826+3b5b5c1ec4a3-1~exp1~20240731144843.145),,1,experiments/codecontests_reasoning_state_prediction/measurements/program-complexity/profiles.json
program-complexity-normalized-v2,codecontests_reasoning_state_prediction,codecontests-validation-1569e,short-trace-final,cpp,d7b30d4383431a38ca1bd0ea4847aec892b939921afb04a5e0975d8dfe5a98c9,479def58965386a05050611157259ef82bfeb49b520e8bff8f6ffde3b23af8a8,sha256:54f6a747a637b0f0a56927e6d2e6241641ca47c0b3b3b170abc8a05e9dc0d7cc,Omega_hat_NativeTrace,963,=,MEASURED,,clang-18.1.8-coverage-state-load-v1,clang-18.1.8-coverage-state-load-v1,Debian clang version 18.1.8 (++20240731024826+3b5b5c1ec4a3-1~exp1~20240731144843.145),clang-18.1.8-coverage-state-load-v1,3,experiments/codecontests_reasoning_state_prediction/measurements/program-complexity/profiles.json
program-complexity-normalized-v2,codecontests_reasoning_state_prediction,codecontests-validation-1569e,short-trace-final,cpp,d7b30d4383431a38ca1bd0ea4847aec892b939921afb04a5e0975d8dfe5a98c9,479def58965386a05050611157259ef82bfeb49b520e8bff8f6ffde3b23af8a8,sha256:54f6a747a637b0f0a56927e6d2e6241641ca47c0b3b3b170abc8a05e9dc0d7cc,Omega_hat_StateSize,2796,=,MEASURED,,clang-18.1.8-coverage-state-load-v1,clang-18.1.8-coverage-state-load-v1,Debian clang version 18.1.8 (++20240731024826+3b5b5c1ec4a3-1~exp1~20240731144843.145),incremental observation after binding or supported-container state changes,3,experiments/codecontests_reasoning_state_prediction/measurements/program-complexity/profiles.json
program-complexity-normalized-v2,codecontests_reasoning_state_prediction,codecontests-validation-1569e,short-trace-final,cpp,d7b30d4383431a38ca1bd0ea4847aec892b939921afb04a5e0975d8dfe5a98c9,479def58965386a05050611157259ef82bfeb49b520e8bff8f6ffde3b23af8a8,sha256:54f6a747a637b0f0a56927e6d2e6241641ca47c0b3b3b170abc8a05e9dc0d7cc,Omega_hat_StateLoad,2080621,=,MEASURED,,clang-18.1.8-coverage-state-load-v1,clang-18.1.8-coverage-state-load-v1,Debian clang version 18.1.8 (++20240731024826+3b5b5c1ec4a3-1~exp1~20240731144843.145),incremental observation after binding or supported-container state changes,3,experiments/codecontests_reasoning_state_prediction/measurements/program-complexity/profiles.json
program-complexity-normalized-v2,codecontests_reasoning_state_prediction,codecontests-validation-1569e,long-trace-final,cpp,d7b30d4383431a38ca1bd0ea4847aec892b939921afb04a5e0975d8dfe5a98c9,b5fabe923ecc6b7534566fbeb72577fd896c2d74b9374afe3bed49a16217cf73,sha256:10554d12be37e3be6d01b396d9f7ea281f3d45eccacd3677a41f19a5149966b6,Omega_CC,47,=,MEASURED,,cpp-preprocessed-control-flow-v1,cpp-preprocessed-control-flow-v1,Debian clang version 18.1.8 (++20240731024826+3b5b5c1ec4a3-1~exp1~20240731144843.145),,1,experiments/codecontests_reasoning_state_prediction/measurements/program-complexity/profiles.json
program-complexity-normalized-v2,codecontests_reasoning_state_prediction,codecontests-validation-1569e,long-trace-final,cpp,d7b30d4383431a38ca1bd0ea4847aec892b939921afb04a5e0975d8dfe5a98c9,b5fabe923ecc6b7534566fbeb72577fd896c2d74b9374afe3bed49a16217cf73,sha256:10554d12be37e3be6d01b396d9f7ea281f3d45eccacd3677a41f19a5149966b6,Omega_hat_NativeTrace,9765064,=,MEASURED,,clang-18.1.8-coverage-state-load-v1,clang-18.1.8-coverage-state-load-v1,Debian clang version 18.1.8 (++20240731024826+3b5b5c1ec4a3-1~exp1~20240731144843.145),clang-18.1.8-coverage-state-load-v1,3,experiments/codecontests_reasoning_state_prediction/measurements/program-complexity/profiles.json
program-complexity-normalized-v2,codecontests_reasoning_state_prediction,codecontests-validation-1569e,long-trace-final,cpp,d7b30d4383431a38ca1bd0ea4847aec892b939921afb04a5e0975d8dfe5a98c9,b5fabe923ecc6b7534566fbeb72577fd896c2d74b9374afe3bed49a16217cf73,sha256:10554d12be37e3be6d01b396d9f7ea281f3d45eccacd3677a41f19a5149966b6,Omega_hat_StateSize,395926,=,MEASURED,,clang-18.1.8-coverage-state-load-v1,clang-18.1.8-coverage-state-load-v1,Debian clang version 18.1.8 (++20240731024826+3b5b5c1ec4a3-1~exp1~20240731144843.145),incremental observation after binding or supported-container state changes,3,experiments/codecontests_reasoning_state_prediction/measurements/program-complexity/profiles.json
program-complexity-normalized-v2,codecontests_reasoning_state_prediction,codecontests-validation-1569e,long-trace-final,cpp,d7b30d4383431a38ca1bd0ea4847aec892b939921afb04a5e0975d8dfe5a98c9,b5fabe923ecc6b7534566fbeb72577fd896c2d74b9374afe3bed49a16217cf73,sha256:10554d12be37e3be6d01b396d9f7ea281f3d45eccacd3677a41f19a5149966b6,Omega_hat_StateLoad,1344652839825,=,MEASURED,,clang-18.1.8-coverage-state-load-v1,clang-18.1.8-coverage-state-load-v1,Debian clang version 18.1.8 (++20240731024826+3b5b5c1ec4a3-1~exp1~20240731144843.145),incremental observation after binding or supported-container state changes,3,experiments/codecontests_reasoning_state_prediction/measurements/program-complexity/profiles.json
program-complexity-normalized-v2,codecontests_reasoning_state_prediction,codecontests-validation-1569e,inside-loop-state,cpp,8c7846a3a40110fa05257b67da8e6f63f945c711305a1df88b97e8d00396db64,b5fabe923ecc6b7534566fbeb72577fd896c2d74b9374afe3bed49a16217cf73,sha256:7b41dcc53d863727a2fc9a77ca7bd3ac3ee615c3e68c0045bf827c109cfe28e3,Omega_CC,55,=,MEASURED,,cpp-preprocessed-control-flow-v1,cpp-preprocessed-control-flow-v1,Debian clang version 18.1.8 (++20240731024826+3b5b5c1ec4a3-1~exp1~20240731144843.145),,1,experiments/codecontests_reasoning_state_prediction/measurements/program-complexity/profiles.json
program-complexity-normalized-v2,codecontests_reasoning_state_prediction,codecontests-validation-1569e,inside-loop-state,cpp,8c7846a3a40110fa05257b67da8e6f63f945c711305a1df88b97e8d00396db64,b5fabe923ecc6b7534566fbeb72577fd896c2d74b9374afe3bed49a16217cf73,sha256:7b41dcc53d863727a2fc9a77ca7bd3ac3ee615c3e68c0045bf827c109cfe28e3,Omega_hat_NativeTrace,14587,=,MEASURED,,clang-18.1.8-coverage-state-load-v1,clang-18.1.8-coverage-state-load-v1,Debian clang version 18.1.8 (++20240731024826+3b5b5c1ec4a3-1~exp1~20240731144843.145),clang-18.1.8-coverage-state-load-v1,3,experiments/codecontests_reasoning_state_prediction/measurements/program-complexity/profiles.json
program-complexity-normalized-v2,codecontests_reasoning_state_prediction,codecontests-validation-1569e,inside-loop-state,cpp,8c7846a3a40110fa05257b67da8e6f63f945c711305a1df88b97e8d00396db64,b5fabe923ecc6b7534566fbeb72577fd896c2d74b9374afe3bed49a16217cf73,sha256:7b41dcc53d863727a2fc9a77ca7bd3ac3ee615c3e68c0045bf827c109cfe28e3,Omega_hat_StateSize,3310,=,MEASURED,,clang-18.1.8-coverage-state-load-v1,clang-18.1.8-coverage-state-load-v1,Debian clang version 18.1.8 (++20240731024826+3b5b5c1ec4a3-1~exp1~20240731144843.145),incremental observation after binding or supported-container state changes,3,experiments/codecontests_reasoning_state_prediction/measurements/program-complexity/profiles.json
program-complexity-normalized-v2,codecontests_reasoning_state_prediction,codecontests-validation-1569e,inside-loop-state,cpp,8c7846a3a40110fa05257b67da8e6f63f945c711305a1df88b97e8d00396db64,b5fabe923ecc6b7534566fbeb72577fd896c2d74b9374afe3bed49a16217cf73,sha256:7b41dcc53d863727a2fc9a77ca7bd3ac3ee615c3e68c0045bf827c109cfe28e3,Omega_hat_StateLoad,28664383,=,MEASURED,,clang-18.1.8-coverage-state-load-v1,clang-18.1.8-coverage-state-load-v1,Debian clang version 18.1.8 (++20240731024826+3b5b5c1ec4a3-1~exp1~20240731144843.145),incremental observation after binding or supported-container state changes,3,experiments/codecontests_reasoning_state_prediction/measurements/program-complexity/profiles.json
program-complexity-normalized-v2,codecontests_reasoning_state_prediction,codecontests-validation-1569e,post-loop-state,cpp,b6b18517a3e59e80fb145dd8b32144c363e2872690c8f1c80a42a71bbc7adff3,b5fabe923ecc6b7534566fbeb72577fd896c2d74b9374afe3bed49a16217cf73,sha256:cffa10984b9f237e57c653a3626b0156736b4d2d7d47faaf090f8cb81ec1db2c,Omega_CC,55,=,MEASURED,,cpp-preprocessed-control-flow-v1,cpp-preprocessed-control-flow-v1,Debian clang version 18.1.8 (++20240731024826+3b5b5c1ec4a3-1~exp1~20240731144843.145),,1,experiments/codecontests_reasoning_state_prediction/measurements/program-complexity/profiles.json
program-complexity-normalized-v2,codecontests_reasoning_state_prediction,codecontests-validation-1569e,post-loop-state,cpp,b6b18517a3e59e80fb145dd8b32144c363e2872690c8f1c80a42a71bbc7adff3,b5fabe923ecc6b7534566fbeb72577fd896c2d74b9374afe3bed49a16217cf73,sha256:cffa10984b9f237e57c653a3626b0156736b4d2d7d47faaf090f8cb81ec1db2c,Omega_hat_NativeTrace,4686010,=,MEASURED,,clang-18.1.8-coverage-state-load-v1,clang-18.1.8-coverage-state-load-v1,Debian clang version 18.1.8 (++20240731024826+3b5b5c1ec4a3-1~exp1~20240731144843.145),clang-18.1.8-coverage-state-load-v1,3,experiments/codecontests_reasoning_state_prediction/measurements/program-complexity/profiles.json
program-complexity-normalized-v2,codecontests_reasoning_state_prediction,codecontests-validation-1569e,post-loop-state,cpp,b6b18517a3e59e80fb145dd8b32144c363e2872690c8f1c80a42a71bbc7adff3,b5fabe923ecc6b7534566fbeb72577fd896c2d74b9374afe3bed49a16217cf73,sha256:cffa10984b9f237e57c653a3626b0156736b4d2d7d47faaf090f8cb81ec1db2c,Omega_hat_StateSize,199318,=,MEASURED,,clang-18.1.8-coverage-state-load-v1,clang-18.1.8-coverage-state-load-v1,Debian clang version 18.1.8 (++20240731024826+3b5b5c1ec4a3-1~exp1~20240731144843.145),incremental observation after binding or supported-container state changes,3,experiments/codecontests_reasoning_state_prediction/measurements/program-complexity/profiles.json
program-complexity-normalized-v2,codecontests_reasoning_state_prediction,codecontests-validation-1569e,post-loop-state,cpp,b6b18517a3e59e80fb145dd8b32144c363e2872690c8f1c80a42a71bbc7adff3,b5fabe923ecc6b7534566fbeb72577fd896c2d74b9374afe3bed49a16217cf73,sha256:cffa10984b9f237e57c653a3626b0156736b4d2d7d47faaf090f8cb81ec1db2c,Omega_hat_StateLoad,314421572899,=,MEASURED,,clang-18.1.8-coverage-state-load-v1,clang-18.1.8-coverage-state-load-v1,Debian clang version 18.1.8 (++20240731024826+3b5b5c1ec4a3-1~exp1~20240731144843.145),incremental observation after binding or supported-container state changes,3,experiments/codecontests_reasoning_state_prediction/measurements/program-complexity/profiles.json
program-complexity-normalized-v2,codecontests_reasoning_state_prediction,codecontests-validation-1569f,short-trace-final,cpp,2301e337b5fb3f9549acef3c07f9bd5019e6234c7a2311a7c4f57763e18e5b83,26b7657bcd3b796488b0a9677b14cced50fbbf3da549885bc44c2917cf610cff,sha256:4e5765dcbaf92740ed55896deef3ce8571bfa0a28939374162e39ca858455f98,Omega_CC,60,=,MEASURED,,cpp-preprocessed-control-flow-v1,cpp-preprocessed-control-flow-v1,Debian clang version 18.1.8 (++20240731024826+3b5b5c1ec4a3-1~exp1~20240731144843.145),,1,experiments/codecontests_reasoning_state_prediction/measurements/program-complexity/profiles.json
program-complexity-normalized-v2,codecontests_reasoning_state_prediction,codecontests-validation-1569f,short-trace-final,cpp,2301e337b5fb3f9549acef3c07f9bd5019e6234c7a2311a7c4f57763e18e5b83,26b7657bcd3b796488b0a9677b14cced50fbbf3da549885bc44c2917cf610cff,sha256:4e5765dcbaf92740ed55896deef3ce8571bfa0a28939374162e39ca858455f98,Omega_hat_NativeTrace,9950,=,MEASURED,,clang-18.1.8-coverage-state-load-v1,clang-18.1.8-coverage-state-load-v1,Debian clang version 18.1.8 (++20240731024826+3b5b5c1ec4a3-1~exp1~20240731144843.145),clang-18.1.8-coverage-state-load-v1,3,experiments/codecontests_reasoning_state_prediction/measurements/program-complexity/profiles.json
program-complexity-normalized-v2,codecontests_reasoning_state_prediction,codecontests-validation-1569f,short-trace-final,cpp,2301e337b5fb3f9549acef3c07f9bd5019e6234c7a2311a7c4f57763e18e5b83,26b7657bcd3b796488b0a9677b14cced50fbbf3da549885bc44c2917cf610cff,sha256:4e5765dcbaf92740ed55896deef3ce8571bfa0a28939374162e39ca858455f98,Omega_hat_StateSize,8692110,=,MEASURED,,clang-18.1.8-coverage-state-load-v1,clang-18.1.8-coverage-state-load-v1,Debian clang version 18.1.8 (++20240731024826+3b5b5c1ec4a3-1~exp1~20240731144843.145),incremental observation after binding or supported-container state changes,3,experiments/codecontests_reasoning_state_prediction/measurements/program-complexity/profiles.json
program-complexity-normalized-v2,codecontests_reasoning_state_prediction,codecontests-validation-1569f,short-trace-final,cpp,2301e337b5fb3f9549acef3c07f9bd5019e6234c7a2311a7c4f57763e18e5b83,26b7657bcd3b796488b0a9677b14cced50fbbf3da549885bc44c2917cf610cff,sha256:4e5765dcbaf92740ed55896deef3ce8571bfa0a28939374162e39ca858455f98,Omega_hat_StateLoad,30961555303243,=,MEASURED,,clang-18.1.8-coverage-state-load-v1,clang-18.1.8-coverage-state-load-v1,Debian clang version 18.1.8 (++20240731024826+3b5b5c1ec4a3-1~exp1~20240731144843.145),incremental observation after binding or supported-container state changes,3,experiments/codecontests_reasoning_state_prediction/measurements/program-complexity/profiles.json
program-complexity-normalized-v2,codecontests_reasoning_state_prediction,codecontests-validation-1569f,long-trace-final,cpp,2301e337b5fb3f9549acef3c07f9bd5019e6234c7a2311a7c4f57763e18e5b83,0b0d290fe1c8a4b6c275d3cd68f10e26117cce6a7a535e05cb67a9483c2ca982,sha256:c719c1fa9b65b480653180004e2c936e120779f571fadeba21065130ba5393aa,Omega_CC,60,=,MEASURED,,cpp-preprocessed-control-flow-v1,cpp-preprocessed-control-flow-v1,Debian clang version 18.1.8 (++20240731024826+3b5b5c1ec4a3-1~exp1~20240731144843.145),,1,experiments/codecontests_reasoning_state_prediction/measurements/program-complexity/profiles.json
program-complexity-normalized-v2,codecontests_reasoning_state_prediction,codecontests-validation-1569f,long-trace-final,cpp,2301e337b5fb3f9549acef3c07f9bd5019e6234c7a2311a7c4f57763e18e5b83,0b0d290fe1c8a4b6c275d3cd68f10e26117cce6a7a535e05cb67a9483c2ca982,sha256:c719c1fa9b65b480653180004e2c936e120779f571fadeba21065130ba5393aa,Omega_hat_NativeTrace,150522,=,MEASURED,,clang-18.1.8-coverage-state-load-v1,clang-18.1.8-coverage-state-load-v1,Debian clang version 18.1.8 (++20240731024826+3b5b5c1ec4a3-1~exp1~20240731144843.145),clang-18.1.8-coverage-state-load-v1,3,experiments/codecontests_reasoning_state_prediction/measurements/program-complexity/profiles.json
program-complexity-normalized-v2,codecontests_reasoning_state_prediction,codecontests-validation-1569f,long-trace-final,cpp,2301e337b5fb3f9549acef3c07f9bd5019e6234c7a2311a7c4f57763e18e5b83,0b0d290fe1c8a4b6c275d3cd68f10e26117cce6a7a535e05cb67a9483c2ca982,sha256:c719c1fa9b65b480653180004e2c936e120779f571fadeba21065130ba5393aa,Omega_hat_StateSize,8692304,=,MEASURED,,clang-18.1.8-coverage-state-load-v1,clang-18.1.8-coverage-state-load-v1,Debian clang version 18.1.8 (++20240731024826+3b5b5c1ec4a3-1~exp1~20240731144843.145),incremental observation after binding or supported-container state changes,3,experiments/codecontests_reasoning_state_prediction/measurements/program-complexity/profiles.json
program-complexity-normalized-v2,codecontests_reasoning_state_prediction,codecontests-validation-1569f,long-trace-final,cpp,2301e337b5fb3f9549acef3c07f9bd5019e6234c7a2311a7c4f57763e18e5b83,0b0d290fe1c8a4b6c275d3cd68f10e26117cce6a7a535e05cb67a9483c2ca982,sha256:c719c1fa9b65b480653180004e2c936e120779f571fadeba21065130ba5393aa,Omega_hat_StateLoad,31005550097240,=,MEASURED,,clang-18.1.8-coverage-state-load-v1,clang-18.1.8-coverage-state-load-v1,Debian clang version 18.1.8 (++20240731024826+3b5b5c1ec4a3-1~exp1~20240731144843.145),incremental observation after binding or supported-container state changes,3,experiments/codecontests_reasoning_state_prediction/measurements/program-complexity/profiles.json
program-complexity-normalized-v2,codecontests_reasoning_state_prediction,codecontests-validation-1569f,inside-loop-state,cpp,bd6341080b17f11d66607db0012ce4f3cf4107ce205c35c39ff21ea2a4d40857,0b0d290fe1c8a4b6c275d3cd68f10e26117cce6a7a535e05cb67a9483c2ca982,sha256:4d66c09ee15ec9c91cb8d9b55fe50f7fafe1b6a419b57b5a748f46493f6b6ff3,Omega_CC,68,=,MEASURED,,cpp-preprocessed-control-flow-v1,cpp-preprocessed-control-flow-v1,Debian clang version 18.1.8 (++20240731024826+3b5b5c1ec4a3-1~exp1~20240731144843.145),,1,experiments/codecontests_reasoning_state_prediction/measurements/program-complexity/profiles.json
program-complexity-normalized-v2,codecontests_reasoning_state_prediction,codecontests-validation-1569f,inside-loop-state,cpp,bd6341080b17f11d66607db0012ce4f3cf4107ce205c35c39ff21ea2a4d40857,0b0d290fe1c8a4b6c275d3cd68f10e26117cce6a7a535e05cb67a9483c2ca982,sha256:4d66c09ee15ec9c91cb8d9b55fe50f7fafe1b6a419b57b5a748f46493f6b6ff3,Omega_hat_NativeTrace,118714,=,MEASURED,,clang-18.1.8-coverage-state-load-v1,clang-18.1.8-coverage-state-load-v1,Debian clang version 18.1.8 (++20240731024826+3b5b5c1ec4a3-1~exp1~20240731144843.145),clang-18.1.8-coverage-state-load-v1,3,experiments/codecontests_reasoning_state_prediction/measurements/program-complexity/profiles.json
program-complexity-normalized-v2,codecontests_reasoning_state_prediction,codecontests-validation-1569f,inside-loop-state,cpp,bd6341080b17f11d66607db0012ce4f3cf4107ce205c35c39ff21ea2a4d40857,0b0d290fe1c8a4b6c275d3cd68f10e26117cce6a7a535e05cb67a9483c2ca982,sha256:4d66c09ee15ec9c91cb8d9b55fe50f7fafe1b6a419b57b5a748f46493f6b6ff3,Omega_hat_StateSize,8692014,=,MEASURED,,clang-18.1.8-coverage-state-load-v1,clang-18.1.8-coverage-state-load-v1,Debian clang version 18.1.8 (++20240731024826+3b5b5c1ec4a3-1~exp1~20240731144843.145),incremental observation after binding or supported-container state changes,3,experiments/codecontests_reasoning_state_prediction/measurements/program-complexity/profiles.json
program-complexity-normalized-v2,codecontests_reasoning_state_prediction,codecontests-validation-1569f,inside-loop-state,cpp,bd6341080b17f11d66607db0012ce4f3cf4107ce205c35c39ff21ea2a4d40857,0b0d290fe1c8a4b6c275d3cd68f10e26117cce6a7a535e05cb67a9483c2ca982,sha256:4d66c09ee15ec9c91cb8d9b55fe50f7fafe1b6a419b57b5a748f46493f6b6ff3,Omega_hat_StateLoad,30965699084189,=,MEASURED,,clang-18.1.8-coverage-state-load-v1,clang-18.1.8-coverage-state-load-v1,Debian clang version 18.1.8 (++20240731024826+3b5b5c1ec4a3-1~exp1~20240731144843.145),incremental observation after binding or supported-container state changes,3,experiments/codecontests_reasoning_state_prediction/measurements/program-complexity/profiles.json
program-complexity-normalized-v2,codecontests_reasoning_state_prediction,codecontests-validation-1569f,post-loop-state,cpp,9b44483ac309757aa4c354b7152a87dcbcef7f14befc99fd5d5420fba2550477,0b0d290fe1c8a4b6c275d3cd68f10e26117cce6a7a535e05cb67a9483c2ca982,sha256:5b93397d8c7120ecfbcae5a9922b89e197a565f6de1238c1e1bf525aa98f2ea6,Omega_CC,68,=,MEASURED,,cpp-preprocessed-control-flow-v1,cpp-preprocessed-control-flow-v1,Debian clang version 18.1.8 (++20240731024826+3b5b5c1ec4a3-1~exp1~20240731144843.145),,1,experiments/codecontests_reasoning_state_prediction/measurements/program-complexity/profiles.json
program-complexity-normalized-v2,codecontests_reasoning_state_prediction,codecontests-validation-1569f,post-loop-state,cpp,9b44483ac309757aa4c354b7152a87dcbcef7f14befc99fd5d5420fba2550477,0b0d290fe1c8a4b6c275d3cd68f10e26117cce6a7a535e05cb67a9483c2ca982,sha256:5b93397d8c7120ecfbcae5a9922b89e197a565f6de1238c1e1bf525aa98f2ea6,Omega_hat_NativeTrace,118625,=,MEASURED,,clang-18.1.8-coverage-state-load-v1,clang-18.1.8-coverage-state-load-v1,Debian clang version 18.1.8 (++20240731024826+3b5b5c1ec4a3-1~exp1~20240731144843.145),clang-18.1.8-coverage-state-load-v1,3,experiments/codecontests_reasoning_state_prediction/measurements/program-complexity/profiles.json
program-complexity-normalized-v2,codecontests_reasoning_state_prediction,codecontests-validation-1569f,post-loop-state,cpp,9b44483ac309757aa4c354b7152a87dcbcef7f14befc99fd5d5420fba2550477,0b0d290fe1c8a4b6c275d3cd68f10e26117cce6a7a535e05cb67a9483c2ca982,sha256:5b93397d8c7120ecfbcae5a9922b89e197a565f6de1238c1e1bf525aa98f2ea6,Omega_hat_StateSize,8692013,=,MEASURED,,clang-18.1.8-coverage-state-load-v1,clang-18.1.8-coverage-state-load-v1,Debian clang version 18.1.8 (++20240731024826+3b5b5c1ec4a3-1~exp1~20240731144843.145),incremental observation after binding or supported-container state changes,3,experiments/codecontests_reasoning_state_prediction/measurements/program-complexity/profiles.json
program-complexity-normalized-v2,codecontests_reasoning_state_prediction,codecontests-validation-1569f,post-loop-state,cpp,9b44483ac309757aa4c354b7152a87dcbcef7f14befc99fd5d5420fba2550477,0b0d290fe1c8a4b6c275d3cd68f10e26117cce6a7a535e05cb67a9483c2ca982,sha256:5b93397d8c7120ecfbcae5a9922b89e197a565f6de1238c1e1bf525aa98f2ea6,Omega_hat_StateLoad,30965722726988,=,MEASURED,,clang-18.1.8-coverage-state-load-v1,clang-18.1.8-coverage-state-load-v1,Debian clang version 18.1.8 (++20240731024826+3b5b5c1ec4a3-1~exp1~20240731144843.145),incremental observation after binding or supported-container state changes,3,experiments/codecontests_reasoning_state_prediction/measurements/program-complexity/profiles.json
program-complexity-normalized-v2,codecontests_reasoning_state_prediction,codecontests-validation-1572d,short-trace-final,cpp,4ef728a87836baeb0af64467718c76401006223c75d5b80c74b59eb56b109b72,eb418658a51efc355a88b1c44df821bcabf17ae92e052c3f3f3790755404491d,sha256:0c3fc5521f39b656c5f01768f69cb2183a29760b0e47744dcbd27a6a411c194b,Omega_CC,37,=,MEASURED,,cpp-preprocessed-control-flow-v1,cpp-preprocessed-control-flow-v1,Debian clang version 18.1.8 (++20240731024826+3b5b5c1ec4a3-1~exp1~20240731144843.145),,1,experiments/codecontests_reasoning_state_prediction/measurements/program-complexity/profiles.json
program-complexity-normalized-v2,codecontests_reasoning_state_prediction,codecontests-validation-1572d,short-trace-final,cpp,4ef728a87836baeb0af64467718c76401006223c75d5b80c74b59eb56b109b72,eb418658a51efc355a88b1c44df821bcabf17ae92e052c3f3f3790755404491d,sha256:0c3fc5521f39b656c5f01768f69cb2183a29760b0e47744dcbd27a6a411c194b,Omega_hat_NativeTrace,888,=,MEASURED,,clang-18.1.8-coverage-state-load-v1,clang-18.1.8-coverage-state-load-v1,Debian clang version 18.1.8 (++20240731024826+3b5b5c1ec4a3-1~exp1~20240731144843.145),clang-18.1.8-coverage-state-load-v1,3,experiments/codecontests_reasoning_state_prediction/measurements/program-complexity/profiles.json
program-complexity-normalized-v2,codecontests_reasoning_state_prediction,codecontests-validation-1572d,short-trace-final,cpp,4ef728a87836baeb0af64467718c76401006223c75d5b80c74b59eb56b109b72,eb418658a51efc355a88b1c44df821bcabf17ae92e052c3f3f3790755404491d,sha256:0c3fc5521f39b656c5f01768f69cb2183a29760b0e47744dcbd27a6a411c194b,Omega_hat_StateSize,9937295,=,MEASURED,,clang-18.1.8-coverage-state-load-v1,clang-18.1.8-coverage-state-load-v1,Debian clang version 18.1.8 (++20240731024826+3b5b5c1ec4a3-1~exp1~20240731144843.145),incremental observation after binding or supported-container state changes,3,experiments/codecontests_reasoning_state_prediction/measurements/program-complexity/profiles.json
program-complexity-normalized-v2,codecontests_reasoning_state_prediction,codecontests-validation-1572d,short-trace-final,cpp,4ef728a87836baeb0af64467718c76401006223c75d5b80c74b59eb56b109b72,eb418658a51efc355a88b1c44df821bcabf17ae92e052c3f3f3790755404491d,sha256:0c3fc5521f39b656c5f01768f69cb2183a29760b0e47744dcbd27a6a411c194b,Omega_hat_StateLoad,4040733206,=,MEASURED,,clang-18.1.8-coverage-state-load-v1,clang-18.1.8-coverage-state-load-v1,Debian clang version 18.1.8 (++20240731024826+3b5b5c1ec4a3-1~exp1~20240731144843.145),incremental observation after binding or supported-container state changes,3,experiments/codecontests_reasoning_state_prediction/measurements/program-complexity/profiles.json
program-complexity-normalized-v2,codecontests_reasoning_state_prediction,codecontests-validation-1572d,long-trace-final,cpp,4ef728a87836baeb0af64467718c76401006223c75d5b80c74b59eb56b109b72,2215213a1789f807060a057e634ddb262a27f09b8292f964f58f42acbe1d0616,sha256:656ccf658cfb6d342f29bbf3119cae23064c17ff96814c50e3fc16ab8bee84d2,Omega_CC,37,=,MEASURED,,cpp-preprocessed-control-flow-v1,cpp-preprocessed-control-flow-v1,Debian clang version 18.1.8 (++20240731024826+3b5b5c1ec4a3-1~exp1~20240731144843.145),,1,experiments/codecontests_reasoning_state_prediction/measurements/program-complexity/profiles.json
program-complexity-normalized-v2,codecontests_reasoning_state_prediction,codecontests-validation-1572d,long-trace-final,cpp,4ef728a87836baeb0af64467718c76401006223c75d5b80c74b59eb56b109b72,2215213a1789f807060a057e634ddb262a27f09b8292f964f58f42acbe1d0616,sha256:656ccf658cfb6d342f29bbf3119cae23064c17ff96814c50e3fc16ab8bee84d2,Omega_hat_NativeTrace,1887,=,MEASURED,,clang-18.1.8-coverage-state-load-v1,clang-18.1.8-coverage-state-load-v1,Debian clang version 18.1.8 (++20240731024826+3b5b5c1ec4a3-1~exp1~20240731144843.145),clang-18.1.8-coverage-state-load-v1,3,experiments/codecontests_reasoning_state_prediction/measurements/program-complexity/profiles.json
program-complexity-normalized-v2,codecontests_reasoning_state_prediction,codecontests-validation-1572d,long-trace-final,cpp,4ef728a87836baeb0af64467718c76401006223c75d5b80c74b59eb56b109b72,2215213a1789f807060a057e634ddb262a27f09b8292f964f58f42acbe1d0616,sha256:656ccf658cfb6d342f29bbf3119cae23064c17ff96814c50e3fc16ab8bee84d2,Omega_hat_StateSize,9937295,=,MEASURED,,clang-18.1.8-coverage-state-load-v1,clang-18.1.8-coverage-state-load-v1,Debian clang version 18.1.8 (++20240731024826+3b5b5c1ec4a3-1~exp1~20240731144843.145),incremental observation after binding or supported-container state changes,3,experiments/codecontests_reasoning_state_prediction/measurements/program-complexity/profiles.json
program-complexity-normalized-v2,codecontests_reasoning_state_prediction,codecontests-validation-1572d,long-trace-final,cpp,4ef728a87836baeb0af64467718c76401006223c75d5b80c74b59eb56b109b72,2215213a1789f807060a057e634ddb262a27f09b8292f964f58f42acbe1d0616,sha256:656ccf658cfb6d342f29bbf3119cae23064c17ff96814c50e3fc16ab8bee84d2,Omega_hat_StateLoad,9933542529,=,MEASURED,,clang-18.1.8-coverage-state-load-v1,clang-18.1.8-coverage-state-load-v1,Debian clang version 18.1.8 (++20240731024826+3b5b5c1ec4a3-1~exp1~20240731144843.145),incremental observation after binding or supported-container state changes,3,experiments/codecontests_reasoning_state_prediction/measurements/program-complexity/profiles.json
program-complexity-normalized-v2,codecontests_reasoning_state_prediction,codecontests-validation-1572d,inside-loop-state,cpp,e4be3de81a2d2af89166e441b8d5adf8e73d19e2c217707d996b1af00c028ff1,2215213a1789f807060a057e634ddb262a27f09b8292f964f58f42acbe1d0616,sha256:2d6625a22dba1ef6732d4ab6a11387e4f29b5d3f9d2f232df3da715ebe7667a2,Omega_CC,47,=,MEASURED,,cpp-preprocessed-control-flow-v1,cpp-preprocessed-control-flow-v1,Debian clang version 18.1.8 (++20240731024826+3b5b5c1ec4a3-1~exp1~20240731144843.145),,1,experiments/codecontests_reasoning_state_prediction/measurements/program-complexity/profiles.json
program-complexity-normalized-v2,codecontests_reasoning_state_prediction,codecontests-validation-1572d,inside-loop-state,cpp,e4be3de81a2d2af89166e441b8d5adf8e73d19e2c217707d996b1af00c028ff1,2215213a1789f807060a057e634ddb262a27f09b8292f964f58f42acbe1d0616,sha256:2d6625a22dba1ef6732d4ab6a11387e4f29b5d3f9d2f232df3da715ebe7667a2,Omega_hat_NativeTrace,1793,=,MEASURED,,clang-18.1.8-coverage-state-load-v1,clang-18.1.8-coverage-state-load-v1,Debian clang version 18.1.8 (++20240731024826+3b5b5c1ec4a3-1~exp1~20240731144843.145),clang-18.1.8-coverage-state-load-v1,3,experiments/codecontests_reasoning_state_prediction/measurements/program-complexity/profiles.json
program-complexity-normalized-v2,codecontests_reasoning_state_prediction,codecontests-validation-1572d,inside-loop-state,cpp,e4be3de81a2d2af89166e441b8d5adf8e73d19e2c217707d996b1af00c028ff1,2215213a1789f807060a057e634ddb262a27f09b8292f964f58f42acbe1d0616,sha256:2d6625a22dba1ef6732d4ab6a11387e4f29b5d3f9d2f232df3da715ebe7667a2,Omega_hat_StateSize,9937306,=,MEASURED,,clang-18.1.8-coverage-state-load-v1,clang-18.1.8-coverage-state-load-v1,Debian clang version 18.1.8 (++20240731024826+3b5b5c1ec4a3-1~exp1~20240731144843.145),incremental observation after binding or supported-container state changes,3,experiments/codecontests_reasoning_state_prediction/measurements/program-complexity/profiles.json
program-complexity-normalized-v2,codecontests_reasoning_state_prediction,codecontests-validation-1572d,inside-loop-state,cpp,e4be3de81a2d2af89166e441b8d5adf8e73d19e2c217707d996b1af00c028ff1,2215213a1789f807060a057e634ddb262a27f09b8292f964f58f42acbe1d0616,sha256:2d6625a22dba1ef6732d4ab6a11387e4f29b5d3f9d2f232df3da715ebe7667a2,Omega_hat_StateLoad,10817965812,=,MEASURED,,clang-18.1.8-coverage-state-load-v1,clang-18.1.8-coverage-state-load-v1,Debian clang version 18.1.8 (++20240731024826+3b5b5c1ec4a3-1~exp1~20240731144843.145),incremental observation after binding or supported-container state changes,3,experiments/codecontests_reasoning_state_prediction/measurements/program-complexity/profiles.json
program-complexity-normalized-v2,codecontests_reasoning_state_prediction,codecontests-validation-1572d,post-loop-state,cpp,10b3ea8d407a851cbb94d856638ba9ee3b5658eb0b43ab595c686887ee58e23a,2215213a1789f807060a057e634ddb262a27f09b8292f964f58f42acbe1d0616,sha256:f34dd1d5af4f293bafbb6df807dc39b71ac9a8f1a70e5de34a4a45b8e259f19d,Omega_CC,47,=,MEASURED,,cpp-preprocessed-control-flow-v1,cpp-preprocessed-control-flow-v1,Debian clang version 18.1.8 (++20240731024826+3b5b5c1ec4a3-1~exp1~20240731144843.145),,1,experiments/codecontests_reasoning_state_prediction/measurements/program-complexity/profiles.json
program-complexity-normalized-v2,codecontests_reasoning_state_prediction,codecontests-validation-1572d,post-loop-state,cpp,10b3ea8d407a851cbb94d856638ba9ee3b5658eb0b43ab595c686887ee58e23a,2215213a1789f807060a057e634ddb262a27f09b8292f964f58f42acbe1d0616,sha256:f34dd1d5af4f293bafbb6df807dc39b71ac9a8f1a70e5de34a4a45b8e259f19d,Omega_hat_NativeTrace,1703,=,MEASURED,,clang-18.1.8-coverage-state-load-v1,clang-18.1.8-coverage-state-load-v1,Debian clang version 18.1.8 (++20240731024826+3b5b5c1ec4a3-1~exp1~20240731144843.145),clang-18.1.8-coverage-state-load-v1,3,experiments/codecontests_reasoning_state_prediction/measurements/program-complexity/profiles.json
program-complexity-normalized-v2,codecontests_reasoning_state_prediction,codecontests-validation-1572d,post-loop-state,cpp,10b3ea8d407a851cbb94d856638ba9ee3b5658eb0b43ab595c686887ee58e23a,2215213a1789f807060a057e634ddb262a27f09b8292f964f58f42acbe1d0616,sha256:f34dd1d5af4f293bafbb6df807dc39b71ac9a8f1a70e5de34a4a45b8e259f19d,Omega_hat_StateSize,9937306,=,MEASURED,,clang-18.1.8-coverage-state-load-v1,clang-18.1.8-coverage-state-load-v1,Debian clang version 18.1.8 (++20240731024826+3b5b5c1ec4a3-1~exp1~20240731144843.145),incremental observation after binding or supported-container state changes,3,experiments/codecontests_reasoning_state_prediction/measurements/program-complexity/profiles.json
program-complexity-normalized-v2,codecontests_reasoning_state_prediction,codecontests-validation-1572d,post-loop-state,cpp,10b3ea8d407a851cbb94d856638ba9ee3b5658eb0b43ab595c686887ee58e23a,2215213a1789f807060a057e634ddb262a27f09b8292f964f58f42acbe1d0616,sha256:f34dd1d5af4f293bafbb6df807dc39b71ac9a8f1a70e5de34a4a45b8e259f19d,Omega_hat_StateLoad,10976962293,=,MEASURED,,clang-18.1.8-coverage-state-load-v1,clang-18.1.8-coverage-state-load-v1,Debian clang version 18.1.8 (++20240731024826+3b5b5c1ec4a3-1~exp1~20240731144843.145),incremental observation after binding or supported-container state changes,3,experiments/codecontests_reasoning_state_prediction/measurements/program-complexity/profiles.json
program-complexity-normalized-v2,codecontests_reasoning_state_prediction,codecontests-validation-1572e,short-trace-final,cpp,c6871efc570f44806a970f43053b081d731f519c2b4a95b2aa54ee53df958fcf,c8391dd8e574d61edf3a7c188f1bce010f51566bb2347b029afb3faa08679767,sha256:639f880d80753cb9660b2a3851014bfb13187c0e484a3842dad34dde3c2079d2,Omega_CC,28,=,MEASURED,,cpp-preprocessed-control-flow-v1,cpp-preprocessed-control-flow-v1,Debian clang version 18.1.8 (++20240731024826+3b5b5c1ec4a3-1~exp1~20240731144843.145),,1,experiments/codecontests_reasoning_state_prediction/measurements/program-complexity/profiles.json
program-complexity-normalized-v2,codecontests_reasoning_state_prediction,codecontests-validation-1572e,short-trace-final,cpp,c6871efc570f44806a970f43053b081d731f519c2b4a95b2aa54ee53df958fcf,c8391dd8e574d61edf3a7c188f1bce010f51566bb2347b029afb3faa08679767,sha256:639f880d80753cb9660b2a3851014bfb13187c0e484a3842dad34dde3c2079d2,Omega_hat_NativeTrace,17610,=,MEASURED,,clang-18.1.8-coverage-state-load-v1,clang-18.1.8-coverage-state-load-v1,Debian clang version 18.1.8 (++20240731024826+3b5b5c1ec4a3-1~exp1~20240731144843.145),clang-18.1.8-coverage-state-load-v1,3,experiments/codecontests_reasoning_state_prediction/measurements/program-complexity/profiles.json
program-complexity-normalized-v2,codecontests_reasoning_state_prediction,codecontests-validation-1572e,short-trace-final,cpp,c6871efc570f44806a970f43053b081d731f519c2b4a95b2aa54ee53df958fcf,c8391dd8e574d61edf3a7c188f1bce010f51566bb2347b029afb3faa08679767,sha256:639f880d80753cb9660b2a3851014bfb13187c0e484a3842dad34dde3c2079d2,Omega_hat_StateSize,126917,=,MEASURED,,clang-18.1.8-coverage-state-load-v1,clang-18.1.8-coverage-state-load-v1,Debian clang version 18.1.8 (++20240731024826+3b5b5c1ec4a3-1~exp1~20240731144843.145),incremental observation after binding or supported-container state changes,3,experiments/codecontests_reasoning_state_prediction/measurements/program-complexity/profiles.json
program-complexity-normalized-v2,codecontests_reasoning_state_prediction,codecontests-validation-1572e,short-trace-final,cpp,c6871efc570f44806a970f43053b081d731f519c2b4a95b2aa54ee53df958fcf,c8391dd8e574d61edf3a7c188f1bce010f51566bb2347b029afb3faa08679767,sha256:639f880d80753cb9660b2a3851014bfb13187c0e484a3842dad34dde3c2079d2,Omega_hat_StateLoad,2943713730,=,MEASURED,,clang-18.1.8-coverage-state-load-v1,clang-18.1.8-coverage-state-load-v1,Debian clang version 18.1.8 (++20240731024826+3b5b5c1ec4a3-1~exp1~20240731144843.145),incremental observation after binding or supported-container state changes,3,experiments/codecontests_reasoning_state_prediction/measurements/program-complexity/profiles.json
program-complexity-normalized-v2,codecontests_reasoning_state_prediction,codecontests-validation-1572e,long-trace-final,cpp,c6871efc570f44806a970f43053b081d731f519c2b4a95b2aa54ee53df958fcf,ce0eb773178bbc4bdc901ed4555433f201b9cbbd416231d7a0b82b41c1e59270,sha256:64d66d543b124a208d04ccc01872a206ed7bc49c94a2478016886e8643daedd8,Omega_CC,28,=,MEASURED,,cpp-preprocessed-control-flow-v1,cpp-preprocessed-control-flow-v1,Debian clang version 18.1.8 (++20240731024826+3b5b5c1ec4a3-1~exp1~20240731144843.145),,1,experiments/codecontests_reasoning_state_prediction/measurements/program-complexity/profiles.json
program-complexity-normalized-v2,codecontests_reasoning_state_prediction,codecontests-validation-1572e,long-trace-final,cpp,c6871efc570f44806a970f43053b081d731f519c2b4a95b2aa54ee53df958fcf,ce0eb773178bbc4bdc901ed4555433f201b9cbbd416231d7a0b82b41c1e59270,sha256:64d66d543b124a208d04ccc01872a206ed7bc49c94a2478016886e8643daedd8,Omega_hat_NativeTrace,94129,=,MEASURED,,clang-18.1.8-coverage-state-load-v1,clang-18.1.8-coverage-state-load-v1,Debian clang version 18.1.8 (++20240731024826+3b5b5c1ec4a3-1~exp1~20240731144843.145),clang-18.1.8-coverage-state-load-v1,3,experiments/codecontests_reasoning_state_prediction/measurements/program-complexity/profiles.json
program-complexity-normalized-v2,codecontests_reasoning_state_prediction,codecontests-validation-1572e,long-trace-final,cpp,c6871efc570f44806a970f43053b081d731f519c2b4a95b2aa54ee53df958fcf,ce0eb773178bbc4bdc901ed4555433f201b9cbbd416231d7a0b82b41c1e59270,sha256:64d66d543b124a208d04ccc01872a206ed7bc49c94a2478016886e8643daedd8,Omega_hat_StateSize,126917,=,MEASURED,,clang-18.1.8-coverage-state-load-v1,clang-18.1.8-coverage-state-load-v1,Debian clang version 18.1.8 (++20240731024826+3b5b5c1ec4a3-1~exp1~20240731144843.145),incremental observation after binding or supported-container state changes,3,experiments/codecontests_reasoning_state_prediction/measurements/program-complexity/profiles.json
program-complexity-normalized-v2,codecontests_reasoning_state_prediction,codecontests-validation-1572e,long-trace-final,cpp,c6871efc570f44806a970f43053b081d731f519c2b4a95b2aa54ee53df958fcf,ce0eb773178bbc4bdc901ed4555433f201b9cbbd416231d7a0b82b41c1e59270,sha256:64d66d543b124a208d04ccc01872a206ed7bc49c94a2478016886e8643daedd8,Omega_hat_StateLoad,17161896034,=,MEASURED,,clang-18.1.8-coverage-state-load-v1,clang-18.1.8-coverage-state-load-v1,Debian clang version 18.1.8 (++20240731024826+3b5b5c1ec4a3-1~exp1~20240731144843.145),incremental observation after binding or supported-container state changes,3,experiments/codecontests_reasoning_state_prediction/measurements/program-complexity/profiles.json
program-complexity-normalized-v2,codecontests_reasoning_state_prediction,codecontests-validation-1572e,inside-loop-state,cpp,a29023c7f4c26bae0b4eef37581882d729a33402e3f2d96d9c4e4e82f216cc0f,ce0eb773178bbc4bdc901ed4555433f201b9cbbd416231d7a0b82b41c1e59270,sha256:17916fb6da520703bc5cad5b06dccc7d98208528c741edeefe7994edcbe3055c,Omega_CC,36,=,MEASURED,,cpp-preprocessed-control-flow-v1,cpp-preprocessed-control-flow-v1,Debian clang version 18.1.8 (++20240731024826+3b5b5c1ec4a3-1~exp1~20240731144843.145),,1,experiments/codecontests_reasoning_state_prediction/measurements/program-complexity/profiles.json
program-complexity-normalized-v2,codecontests_reasoning_state_prediction,codecontests-validation-1572e,inside-loop-state,cpp,a29023c7f4c26bae0b4eef37581882d729a33402e3f2d96d9c4e4e82f216cc0f,ce0eb773178bbc4bdc901ed4555433f201b9cbbd416231d7a0b82b41c1e59270,sha256:17916fb6da520703bc5cad5b06dccc7d98208528c741edeefe7994edcbe3055c,Omega_hat_NativeTrace,1931,=,MEASURED,,clang-18.1.8-coverage-state-load-v1,clang-18.1.8-coverage-state-load-v1,Debian clang version 18.1.8 (++20240731024826+3b5b5c1ec4a3-1~exp1~20240731144843.145),clang-18.1.8-coverage-state-load-v1,3,experiments/codecontests_reasoning_state_prediction/measurements/program-complexity/profiles.json
program-complexity-normalized-v2,codecontests_reasoning_state_prediction,codecontests-validation-1572e,inside-loop-state,cpp,a29023c7f4c26bae0b4eef37581882d729a33402e3f2d96d9c4e4e82f216cc0f,ce0eb773178bbc4bdc901ed4555433f201b9cbbd416231d7a0b82b41c1e59270,sha256:17916fb6da520703bc5cad5b06dccc7d98208528c741edeefe7994edcbe3055c,Omega_hat_StateSize,126917,=,MEASURED,,clang-18.1.8-coverage-state-load-v1,clang-18.1.8-coverage-state-load-v1,Debian clang version 18.1.8 (++20240731024826+3b5b5c1ec4a3-1~exp1~20240731144843.145),incremental observation after binding or supported-container state changes,3,experiments/codecontests_reasoning_state_prediction/measurements/program-complexity/profiles.json
program-complexity-normalized-v2,codecontests_reasoning_state_prediction,codecontests-validation-1572e,inside-loop-state,cpp,a29023c7f4c26bae0b4eef37581882d729a33402e3f2d96d9c4e4e82f216cc0f,ce0eb773178bbc4bdc901ed4555433f201b9cbbd416231d7a0b82b41c1e59270,sha256:17916fb6da520703bc5cad5b06dccc7d98208528c741edeefe7994edcbe3055c,Omega_hat_StateLoad,268420712,=,MEASURED,,clang-18.1.8-coverage-state-load-v1,clang-18.1.8-coverage-state-load-v1,Debian clang version 18.1.8 (++20240731024826+3b5b5c1ec4a3-1~exp1~20240731144843.145),incremental observation after binding or supported-container state changes,3,experiments/codecontests_reasoning_state_prediction/measurements/program-complexity/profiles.json
program-complexity-normalized-v2,codecontests_reasoning_state_prediction,codecontests-validation-1572e,post-loop-state,cpp,437fad31af4f51960c3b7aff0ceecd6ad236aeccd08417e320d5ef307f021027,ce0eb773178bbc4bdc901ed4555433f201b9cbbd416231d7a0b82b41c1e59270,sha256:a3c28e7492972e03a0c85fee5a073b4573603f7a368cda91b917dcad3ea9c339,Omega_CC,36,=,MEASURED,,cpp-preprocessed-control-flow-v1,cpp-preprocessed-control-flow-v1,Debian clang version 18.1.8 (++20240731024826+3b5b5c1ec4a3-1~exp1~20240731144843.145),,1,experiments/codecontests_reasoning_state_prediction/measurements/program-complexity/profiles.json
program-complexity-normalized-v2,codecontests_reasoning_state_prediction,codecontests-validation-1572e,post-loop-state,cpp,437fad31af4f51960c3b7aff0ceecd6ad236aeccd08417e320d5ef307f021027,ce0eb773178bbc4bdc901ed4555433f201b9cbbd416231d7a0b82b41c1e59270,sha256:a3c28e7492972e03a0c85fee5a073b4573603f7a368cda91b917dcad3ea9c339,Omega_hat_NativeTrace,1903,=,MEASURED,,clang-18.1.8-coverage-state-load-v1,clang-18.1.8-coverage-state-load-v1,Debian clang version 18.1.8 (++20240731024826+3b5b5c1ec4a3-1~exp1~20240731144843.145),clang-18.1.8-coverage-state-load-v1,3,experiments/codecontests_reasoning_state_prediction/measurements/program-complexity/profiles.json
program-complexity-normalized-v2,codecontests_reasoning_state_prediction,codecontests-validation-1572e,post-loop-state,cpp,437fad31af4f51960c3b7aff0ceecd6ad236aeccd08417e320d5ef307f021027,ce0eb773178bbc4bdc901ed4555433f201b9cbbd416231d7a0b82b41c1e59270,sha256:a3c28e7492972e03a0c85fee5a073b4573603f7a368cda91b917dcad3ea9c339,Omega_hat_StateSize,126917,=,MEASURED,,clang-18.1.8-coverage-state-load-v1,clang-18.1.8-coverage-state-load-v1,Debian clang version 18.1.8 (++20240731024826+3b5b5c1ec4a3-1~exp1~20240731144843.145),incremental observation after binding or supported-container state changes,3,experiments/codecontests_reasoning_state_prediction/measurements/program-complexity/profiles.json
program-complexity-normalized-v2,codecontests_reasoning_state_prediction,codecontests-validation-1572e,post-loop-state,cpp,437fad31af4f51960c3b7aff0ceecd6ad236aeccd08417e320d5ef307f021027,ce0eb773178bbc4bdc901ed4555433f201b9cbbd416231d7a0b82b41c1e59270,sha256:a3c28e7492972e03a0c85fee5a073b4573603f7a368cda91b917dcad3ea9c339,Omega_hat_StateLoad,284284662,=,MEASURED,,clang-18.1.8-coverage-state-load-v1,clang-18.1.8-coverage-state-load-v1,Debian clang version 18.1.8 (++20240731024826+3b5b5c1ec4a3-1~exp1~20240731144843.145),incremental observation after binding or supported-container state changes,3,experiments/codecontests_reasoning_state_prediction/measurements/program-complexity/profiles.json
program-complexity-normalized-v2,codecontests_reasoning_state_prediction,codecontests-validation-1574f,short-trace-final,cpp,7daa73692acaf41812edcde3c45ecdfa6e0c91a99ce6e3557836323cf0386084,a00a4e49bac1dc0515ea109cbef81f6fec9f42207b2ac47d95d4f9fb95859331,sha256:fbe7085d4560474d6fc69ab11b034fc11fe543998f788b307b8e73074e6ac689,Omega_CC,86,=,MEASURED,,cpp-preprocessed-control-flow-v1,cpp-preprocessed-control-flow-v1,Debian clang version 18.1.8 (++20240731024826+3b5b5c1ec4a3-1~exp1~20240731144843.145),,1,experiments/codecontests_reasoning_state_prediction/measurements/program-complexity/profiles.json
program-complexity-normalized-v2,codecontests_reasoning_state_prediction,codecontests-validation-1574f,short-trace-final,cpp,7daa73692acaf41812edcde3c45ecdfa6e0c91a99ce6e3557836323cf0386084,a00a4e49bac1dc0515ea109cbef81f6fec9f42207b2ac47d95d4f9fb95859331,sha256:fbe7085d4560474d6fc69ab11b034fc11fe543998f788b307b8e73074e6ac689,Omega_hat_NativeTrace,1209,=,MEASURED,,clang-18.1.8-coverage-state-load-v1,clang-18.1.8-coverage-state-load-v1,Debian clang version 18.1.8 (++20240731024826+3b5b5c1ec4a3-1~exp1~20240731144843.145),clang-18.1.8-coverage-state-load-v1,3,experiments/codecontests_reasoning_state_prediction/measurements/program-complexity/profiles.json
program-complexity-normalized-v2,codecontests_reasoning_state_prediction,codecontests-validation-1574f,short-trace-final,cpp,7daa73692acaf41812edcde3c45ecdfa6e0c91a99ce6e3557836323cf0386084,a00a4e49bac1dc0515ea109cbef81f6fec9f42207b2ac47d95d4f9fb95859331,sha256:fbe7085d4560474d6fc69ab11b034fc11fe543998f788b307b8e73074e6ac689,Omega_hat_StateSize,163,=,MEASURED,,clang-18.1.8-coverage-state-load-v1,clang-18.1.8-coverage-state-load-v1,Debian clang version 18.1.8 (++20240731024826+3b5b5c1ec4a3-1~exp1~20240731144843.145),incremental observation after binding or supported-container state changes,3,experiments/codecontests_reasoning_state_prediction/measurements/program-complexity/profiles.json
program-complexity-normalized-v2,codecontests_reasoning_state_prediction,codecontests-validation-1574f,short-trace-final,cpp,7daa73692acaf41812edcde3c45ecdfa6e0c91a99ce6e3557836323cf0386084,a00a4e49bac1dc0515ea109cbef81f6fec9f42207b2ac47d95d4f9fb95859331,sha256:fbe7085d4560474d6fc69ab11b034fc11fe543998f788b307b8e73074e6ac689,Omega_hat_StateLoad,228330,=,MEASURED,,clang-18.1.8-coverage-state-load-v1,clang-18.1.8-coverage-state-load-v1,Debian clang version 18.1.8 (++20240731024826+3b5b5c1ec4a3-1~exp1~20240731144843.145),incremental observation after binding or supported-container state changes,3,experiments/codecontests_reasoning_state_prediction/measurements/program-complexity/profiles.json
program-complexity-normalized-v2,codecontests_reasoning_state_prediction,codecontests-validation-1574f,long-trace-final,cpp,7daa73692acaf41812edcde3c45ecdfa6e0c91a99ce6e3557836323cf0386084,03d3d7a8c8364341064965d240bc633999a3624096573e7dd9ff9b2e4332d221,sha256:44b1abd8ce485524f321c49bbb4616bab5dc507ff1f4ead4c5dfabab5dbafd79,Omega_CC,86,=,MEASURED,,cpp-preprocessed-control-flow-v1,cpp-preprocessed-control-flow-v1,Debian clang version 18.1.8 (++20240731024826+3b5b5c1ec4a3-1~exp1~20240731144843.145),,1,experiments/codecontests_reasoning_state_prediction/measurements/program-complexity/profiles.json
program-complexity-normalized-v2,codecontests_reasoning_state_prediction,codecontests-validation-1574f,long-trace-final,cpp,7daa73692acaf41812edcde3c45ecdfa6e0c91a99ce6e3557836323cf0386084,03d3d7a8c8364341064965d240bc633999a3624096573e7dd9ff9b2e4332d221,sha256:44b1abd8ce485524f321c49bbb4616bab5dc507ff1f4ead4c5dfabab5dbafd79,Omega_hat_NativeTrace,1513963426,=,MEASURED,,clang-18.1.8-coverage-state-load-v1,clang-18.1.8-coverage-state-load-v1,Debian clang version 18.1.8 (++20240731024826+3b5b5c1ec4a3-1~exp1~20240731144843.145),clang-18.1.8-coverage-state-load-v1,3,experiments/codecontests_reasoning_state_prediction/measurements/program-complexity/profiles.json
program-complexity-normalized-v2,codecontests_reasoning_state_prediction,codecontests-validation-1574f,long-trace-final,cpp,7daa73692acaf41812edcde3c45ecdfa6e0c91a99ce6e3557836323cf0386084,03d3d7a8c8364341064965d240bc633999a3624096573e7dd9ff9b2e4332d221,sha256:44b1abd8ce485524f321c49bbb4616bab5dc507ff1f4ead4c5dfabab5dbafd79,Omega_hat_StateSize,11912938,=,MEASURED,,clang-18.1.8-coverage-state-load-v1,clang-18.1.8-coverage-state-load-v1,Debian clang version 18.1.8 (++20240731024826+3b5b5c1ec4a3-1~exp1~20240731144843.145),incremental observation after binding or supported-container state changes,3,experiments/codecontests_reasoning_state_prediction/measurements/program-complexity/profiles.json
program-complexity-normalized-v2,codecontests_reasoning_state_prediction,codecontests-validation-1574f,long-trace-final,cpp,7daa73692acaf41812edcde3c45ecdfa6e0c91a99ce6e3557836323cf0386084,03d3d7a8c8364341064965d240bc633999a3624096573e7dd9ff9b2e4332d221,sha256:44b1abd8ce485524f321c49bbb4616bab5dc507ff1f4ead4c5dfabab5dbafd79,Omega_hat_StateLoad,29414118644551660,=,MEASURED,,clang-18.1.8-coverage-state-load-v1,clang-18.1.8-coverage-state-load-v1,Debian clang version 18.1.8 (++20240731024826+3b5b5c1ec4a3-1~exp1~20240731144843.145),incremental observation after binding or supported-container state changes,3,experiments/codecontests_reasoning_state_prediction/measurements/program-complexity/profiles.json
program-complexity-normalized-v2,codecontests_reasoning_state_prediction,codecontests-validation-1574f,inside-loop-state,cpp,54d2aa075790d96b16094d1110b1ff4cc42e649f39b55cf10a14e19f5a25bdd0,03d3d7a8c8364341064965d240bc633999a3624096573e7dd9ff9b2e4332d221,sha256:3ac96645f8ec885421e1fa6704613fa8802e726081eb9dd26b17dbdbc816890c,Omega_CC,96,=,MEASURED,,cpp-preprocessed-control-flow-v1,cpp-preprocessed-control-flow-v1,Debian clang version 18.1.8 (++20240731024826+3b5b5c1ec4a3-1~exp1~20240731144843.145),,1,experiments/codecontests_reasoning_state_prediction/measurements/program-complexity/profiles.json
program-complexity-normalized-v2,codecontests_reasoning_state_prediction,codecontests-validation-1574f,inside-loop-state,cpp,54d2aa075790d96b16094d1110b1ff4cc42e649f39b55cf10a14e19f5a25bdd0,03d3d7a8c8364341064965d240bc633999a3624096573e7dd9ff9b2e4332d221,sha256:3ac96645f8ec885421e1fa6704613fa8802e726081eb9dd26b17dbdbc816890c,Omega_hat_NativeTrace,8102841,=,MEASURED,,clang-18.1.8-coverage-state-load-v1,clang-18.1.8-coverage-state-load-v1,Debian clang version 18.1.8 (++20240731024826+3b5b5c1ec4a3-1~exp1~20240731144843.145),clang-18.1.8-coverage-state-load-v1,3,experiments/codecontests_reasoning_state_prediction/measurements/program-complexity/profiles.json
program-complexity-normalized-v2,codecontests_reasoning_state_prediction,codecontests-validation-1574f,inside-loop-state,cpp,54d2aa075790d96b16094d1110b1ff4cc42e649f39b55cf10a14e19f5a25bdd0,03d3d7a8c8364341064965d240bc633999a3624096573e7dd9ff9b2e4332d221,sha256:3ac96645f8ec885421e1fa6704613fa8802e726081eb9dd26b17dbdbc816890c,Omega_hat_StateSize,2100036,=,MEASURED,,clang-18.1.8-coverage-state-load-v1,clang-18.1.8-coverage-state-load-v1,Debian clang version 18.1.8 (++20240731024826+3b5b5c1ec4a3-1~exp1~20240731144843.145),incremental observation after binding or supported-container state changes,3,experiments/codecontests_reasoning_state_prediction/measurements/program-complexity/profiles.json
program-complexity-normalized-v2,codecontests_reasoning_state_prediction,codecontests-validation-1574f,inside-loop-state,cpp,54d2aa075790d96b16094d1110b1ff4cc42e649f39b55cf10a14e19f5a25bdd0,03d3d7a8c8364341064965d240bc633999a3624096573e7dd9ff9b2e4332d221,sha256:3ac96645f8ec885421e1fa6704613fa8802e726081eb9dd26b17dbdbc816890c,Omega_hat_StateLoad,35511036245914,=,MEASURED,,clang-18.1.8-coverage-state-load-v1,clang-18.1.8-coverage-state-load-v1,Debian clang version 18.1.8 (++20240731024826+3b5b5c1ec4a3-1~exp1~20240731144843.145),incremental observation after binding or supported-container state changes,3,experiments/codecontests_reasoning_state_prediction/measurements/program-complexity/profiles.json
program-complexity-normalized-v2,codecontests_reasoning_state_prediction,codecontests-validation-1574f,post-loop-state,cpp,121cb978200a7d65abf8d20a567bf9a991547f94cb17d49e90c39970b27fb179,03d3d7a8c8364341064965d240bc633999a3624096573e7dd9ff9b2e4332d221,sha256:60bbcfc5a754c264925de0567efde2bd43a2ade90ccd2ed1f782e1637d0befbd,Omega_CC,96,=,MEASURED,,cpp-preprocessed-control-flow-v1,cpp-preprocessed-control-flow-v1,Debian clang version 18.1.8 (++20240731024826+3b5b5c1ec4a3-1~exp1~20240731144843.145),,1,experiments/codecontests_reasoning_state_prediction/measurements/program-complexity/profiles.json
program-complexity-normalized-v2,codecontests_reasoning_state_prediction,codecontests-validation-1574f,post-loop-state,cpp,121cb978200a7d65abf8d20a567bf9a991547f94cb17d49e90c39970b27fb179,03d3d7a8c8364341064965d240bc633999a3624096573e7dd9ff9b2e4332d221,sha256:60bbcfc5a754c264925de0567efde2bd43a2ade90ccd2ed1f782e1637d0befbd,Omega_hat_NativeTrace,16200040,=,MEASURED,,clang-18.1.8-coverage-state-load-v1,clang-18.1.8-coverage-state-load-v1,Debian clang version 18.1.8 (++20240731024826+3b5b5c1ec4a3-1~exp1~20240731144843.145),clang-18.1.8-coverage-state-load-v1,3,experiments/codecontests_reasoning_state_prediction/measurements/program-complexity/profiles.json
program-complexity-normalized-v2,codecontests_reasoning_state_prediction,codecontests-validation-1574f,post-loop-state,cpp,121cb978200a7d65abf8d20a567bf9a991547f94cb17d49e90c39970b27fb179,03d3d7a8c8364341064965d240bc633999a3624096573e7dd9ff9b2e4332d221,sha256:60bbcfc5a754c264925de0567efde2bd43a2ade90ccd2ed1f782e1637d0befbd,Omega_hat_StateSize,2100035,=,MEASURED,,clang-18.1.8-coverage-state-load-v1,clang-18.1.8-coverage-state-load-v1,Debian clang version 18.1.8 (++20240731024826+3b5b5c1ec4a3-1~exp1~20240731144843.145),incremental observation after binding or supported-container state changes,3,experiments/codecontests_reasoning_state_prediction/measurements/program-complexity/profiles.json
program-complexity-normalized-v2,codecontests_reasoning_state_prediction,codecontests-validation-1574f,post-loop-state,cpp,121cb978200a7d65abf8d20a567bf9a991547f94cb17d49e90c39970b27fb179,03d3d7a8c8364341064965d240bc633999a3624096573e7dd9ff9b2e4332d221,sha256:60bbcfc5a754c264925de0567efde2bd43a2ade90ccd2ed1f782e1637d0befbd,Omega_hat_StateLoad,51166072353683,=,MEASURED,,clang-18.1.8-coverage-state-load-v1,clang-18.1.8-coverage-state-load-v1,Debian clang version 18.1.8 (++20240731024826+3b5b5c1ec4a3-1~exp1~20240731144843.145),incremental observation after binding or supported-container state changes,3,experiments/codecontests_reasoning_state_prediction/measurements/program-complexity/profiles.json
