regression_id,model_id,arm_group,scope,metric_name,grid_index,x,p_wrong,ci_low,ci_high
cumulative-state-load,deepseek-v4-pro-0813-high,all-arms,dynamic,Omega_hat_StateLoad,0,895.99999999999977,0.055246516401057121,0.011684987491443274,0.2243418487411257
cumulative-state-load,deepseek-v4-pro-0813-high,all-arms,dynamic,Omega_hat_StateLoad,1,1020.6135922853721,0.055825214515060236,0.011940809433910239,0.22436800041031221
cumulative-state-load,deepseek-v4-pro-0813-high,all-arms,dynamic,Omega_hat_StateLoad,2,1162.5581526313067,0.056409612458289321,0.012202038549279693,0.2243959511280797
cumulative-state-load,deepseek-v4-pro-0813-high,all-arms,dynamic,Omega_hat_StateLoad,3,1324.2440316938439,0.056999758760304671,0.012468780678321901,0.22442573880254507
cumulative-state-load,deepseek-v4-pro-0813-high,all-arms,dynamic,Omega_hat_StateLoad,4,1508.4168060820521,0.057595702203443899,0.01274114334589546,0.22445740239654979
cumulative-state-load,deepseek-v4-pro-0813-high,all-arms,dynamic,Omega_hat_StateLoad,5,1718.2039008024899,0.058197491820536254,0.013019235768368664,0.22449098196322897
cumulative-state-load,deepseek-v4-pro-0813-high,all-arms,dynamic,Omega_hat_StateLoad,6,1957.1676958446083,0.058805176892515139,0.01330316885987911,0.22452651868296891
cumulative-state-load,deepseek-v4-pro-0813-high,all-arms,dynamic,Omega_hat_StateLoad,7,2229.3660187063037,0.059418806945927057,0.013593055237348129,0.22456405490181242
cumulative-state-load,deepseek-v4-pro-0813-high,all-arms,dynamic,Omega_hat_StateLoad,8,2539.421050078995,0.060038431750335117,0.013889009224161744,0.22460363417137719
cumulative-state-load,deepseek-v4-pro-0813-high,all-arms,dynamic,Omega_hat_StateLoad,9,2892.597812774794,0.060664101315615032,0.014191146852425269,0.22464530129035021
cumulative-state-load,deepseek-v4-pro-0813-high,all-arms,dynamic,Omega_hat_StateLoad,10,3294.8935767108146,0.061295865889142362,0.014499585863694426,0.22468910234763101
cumulative-state-load,deepseek-v4-pro-0813-high,all-arms,dynamic,Omega_hat_StateLoad,11,3753.1396981303837,0.061933775952868211,0.014814445708080068,0.22473508476719334
cumulative-state-load,deepseek-v4-pro-0813-high,all-arms,dynamic,Omega_hat_StateLoad,12,4275.1176223858138,0.062577882220282585,0.015135847541619478,0.22478329735474381
cumulative-state-load,deepseek-v4-pro-0813-high,all-arms,dynamic,Omega_hat_StateLoad,13,4869.6910201179526,0.063228235633262408,0.015463914221800417,0.22483379034625414
cumulative-state-load,deepseek-v4-pro-0813-high,all-arms,dynamic,Omega_hat_StateLoad,14,5546.9563006276821,0.063884887358803447,0.015798770301120035,0.22488661545845365
cumulative-state-load,deepseek-v4-pro-0813-high,all-arms,dynamic,Omega_hat_StateLoad,15,6318.4140582964192,0.064547888785632973,0.01614054201855325,0.22494182594136508
cumulative-state-load,deepseek-v4-pro-0813-high,all-arms,dynamic,Omega_hat_StateLoad,16,7197.164363375342,0.065217291520702728,0.016489357288800469,0.22499947663297989
cumulative-state-load,deepseek-v4-pro-0813-high,all-arms,dynamic,Omega_hat_StateLoad,17,8198.1292133624702,0.065893147385558848,0.016845345689176828,0.2250596240161637
cumulative-state-load,deepseek-v4-pro-0813-high,all-arms,dynamic,Omega_hat_StateLoad,18,9338.3059223990113,0.066575508412587844,0.017208638443999665,0.22512232627789541
cumulative-state-load,deepseek-v4-pro-0813-high,all-arms,dynamic,Omega_hat_StateLoad,19,10637.05575147257,0.067264426841136316,0.017579368406322599,0.22518764337094305
cumulative-state-load,deepseek-v4-pro-0813-high,all-arms,dynamic,Omega_hat_StateLoad,20,12116.432680636386,0.067959955113502474,0.017957670036858765,0.22525563707808638
cumulative-state-load,deepseek-v4-pro-0813-high,all-arms,dynamic,Omega_hat_StateLoad,21,13801.557906102886,0.068662145870797664,0.018343679379926932,0.22532637107900147
cumulative-state-load,deepseek-v4-pro-0813-high,all-arms,dynamic,Omega_hat_StateLoad,22,15721.046421520366,0.06937105194867596,0.018737534036247016,0.22539991101992571
cumulative-state-load,deepseek-v4-pro-0813-high,all-arms,dynamic,Omega_hat_StateLoad,23,17907.492927179665,0.0700867263729298,0.019139373132403239,0.22547632458623168
cumulative-state-load,deepseek-v4-pro-0813-high,all-arms,dynamic,Omega_hat_StateLoad,24,20398.025318341224,0.070809222354949908,0.019549337286784416,0.22555568157803821
cumulative-state-load,deepseek-v4-pro-0813-high,all-arms,dynamic,Omega_hat_StateLoad,25,23234.93515142881,0.071538593287047425,0.019967568571802315,0.22563805398899886
cumulative-state-load,deepseek-v4-pro-0813-high,all-arms,dynamic,Omega_hat_StateLoad,26,26466.395793992637,0.072274892737636431,0.020394210472179437,0.22572351608840976
cumulative-state-load,deepseek-v4-pro-0813-high,all-arms,dynamic,Omega_hat_StateLoad,27,30147.280453296087,0.073018174446275175,0.020829407839088463,0.2258121445067893
cumulative-state-load,deepseek-v4-pro-0813-high,all-arms,dynamic,Omega_hat_StateLoad,28,34340.093974411953,0.073768492318563264,0.021273306839915389,0.22590401832508353
cumulative-state-load,deepseek-v4-pro-0813-high,all-arms,dynamic,Omega_hat_StateLoad,29,39116.034230627069,0.074525900420894339,0.021726054903408308,0.22599921916766702
cumulative-state-load,deepseek-v4-pro-0813-high,all-arms,dynamic,Omega_hat_StateLoad,30,44556.201129551213,0.075290452975060942,0.022187800659963133,0.22609783129930483
cumulative-state-load,deepseek-v4-pro-0813-high,all-arms,dynamic,Omega_hat_StateLoad,31,50752.973764978538,0.076062204352710605,0.022658693876786474,0.22619994172626087
cumulative-state-load,deepseek-v4-pro-0813-high,all-arms,dynamic,Omega_hat_StateLoad,32,57811.579099821436,0.07684120906965082,0.023138885387664898,0.22630564030173511
cumulative-state-load,deepseek-v4-pro-0813-high,all-arms,dynamic,Omega_hat_StateLoad,33,65851.878817810983,0.077627521780001554,0.023628527017057772,0.22641501983582904
cumulative-state-load,deepseek-v4-pro-0813-high,all-arms,dynamic,Omega_hat_StateLoad,34,75010.404686369526,0.078421197270192589,0.024127771498218969,0.22652817621024107
cumulative-state-load,deepseek-v4-pro-0813-high,all-arms,dynamic,Omega_hat_StateLoad,35,85442.676993007946,0.079222290452805044,0.024636772385040546,0.22664520849790559
cumulative-state-load,deepseek-v4-pro-0813-high,all-arms,dynamic,Omega_hat_StateLoad,36,97325.845424456013,0.080030856360254171,0.025155683957298433,0.2267662190877977
cumulative-state-load,deepseek-v4-pro-0813-high,all-arms,dynamic,Omega_hat_StateLoad,37,110861.69723310818,0.080846950138312418,0.025684661118967635,0.22689131381513411
cumulative-state-load,deepseek-v4-pro-0813-high,all-arms,dynamic,Omega_hat_StateLoad,38,126280.08377224984,0.081670627039470617,0.026223859289260579,0.22702060209721012
cumulative-state-load,deepseek-v4-pro-0813-high,all-arms,dynamic,Omega_hat_StateLoad,39,143842.82358581884,0.082501942416135579,0.026773434286029067,0.22715419707512494
cumulative-state-load,deepseek-v4-pro-0813-high,all-arms,dynamic,Omega_hat_StateLoad,40,163848.14833079607,0.083340951713662417,0.027333542201156406,0.22729221576165154
cumulative-state-load,deepseek-v4-pro-0813-high,all-arms,dynamic,Omega_hat_StateLoad,41,186635.76702812582,0.084187710463220267,0.027904339267551998,0.22743477919552541
cumulative-state-load,deepseek-v4-pro-0813-high,all-arms,dynamic,Omega_hat_StateLoad,42,212592.63463784699,0.085042274274488724,0.028485981717346631,0.22758201260242752
cumulative-state-load,deepseek-v4-pro-0813-high,all-arms,dynamic,Omega_hat_StateLoad,43,242159.52291422398,0.085904698828184883,0.029078625630872563,0.22773404556295521
cumulative-state-load,deepseek-v4-pro-0813-high,all-arms,dynamic,Omega_hat_StateLoad,44,275838.50512008718,0.086775039868417711,0.029682426775997663,0.22789101218787819
cumulative-state-load,deepseek-v4-pro-0813-high,all-arms,dynamic,Omega_hat_StateLoad,45,314201.48169781163,0.08765335319486954,0.030297540437368795,0.22805305130099229
cumulative-state-load,deepseek-v4-pro-0813-high,all-arms,dynamic,Omega_hat_StateLoad,46,357899.89167074801,0.088539694654802339,0.030924121235105465,0.22822030662988912
cumulative-state-load,deepseek-v4-pro-0813-high,all-arms,dynamic,Omega_hat_StateLoad,47,407675.77468373533,0.089434120134887607,0.031562322932470258,0.22839292700497196
cumulative-state-load,deepseek-v4-pro-0813-high,all-arms,dynamic,Omega_hat_StateLoad,48,464374.37152643997,0.090336685552858315,0.032212298232029354,0.22857106656705747
cumulative-state-load,deepseek-v4-pro-0813-high,all-arms,dynamic,Omega_hat_StateLoad,49,528958.47710810369,0.091247446848981201,0.03287419855980217,0.22875488498390983
cumulative-state-load,deepseek-v4-pro-0813-high,all-arms,dynamic,Omega_hat_StateLoad,50,602524.78961060592,0.092166459977348986,0.033548173836887962,0.22894454767606556
cumulative-state-load,deepseek-v4-pro-0813-high,all-arms,dynamic,Omega_hat_StateLoad,51,686322.5334436018,0.093093780896989539,0.034234372238042744,0.22914022605230988
cumulative-state-load,deepseek-v4-pro-0813-high,all-arms,dynamic,Omega_hat_StateLoad,52,781774.67223691079,0.094029465562792666,0.034932939936671958,0.22934209775517872
cumulative-state-load,deepseek-v4-pro-0813-high,all-arms,dynamic,Omega_hat_StateLoad,53,890502.07208642096,0.094973569916251291,0.035644020835690599,0.22955034691685813
cumulative-state-load,deepseek-v4-pro-0813-high,all-arms,dynamic,Omega_hat_StateLoad,54,1014351.0253679547,0.095926149876017663,0.036367756283697879,0.22976516442586536
cumulative-state-load,deepseek-v4-pro-0813-high,all-arms,dynamic,Omega_hat_StateLoad,55,1155424.6024990422,0.096887261328271967,0.037104284775902878,0.22998674820489018
cumulative-state-load,deepseek-v4-pro-0813-high,all-arms,dynamic,Omega_hat_StateLoad,56,1316118.3640306282,0.097856960116903147,0.037853741639235404,0.23021530350018277
cumulative-state-load,deepseek-v4-pro-0813-high,all-arms,dynamic,Omega_hat_StateLoad,57,1499161.0394933596,0.098835302033500605,0.038616258701072312,0.23045104318286744
cumulative-state-load,deepseek-v4-pro-0813-high,all-arms,dynamic,Omega_hat_StateLoad,58,1707660.8637629319,0.099822342807155837,0.039391963941009439,0.23069418806256195
cumulative-state-load,deepseek-v4-pro-0813-high,all-arms,dynamic,Omega_hat_StateLoad,59,1945158.3577792721,0.10081813809407313,0.040180981125113667,0.23094496721366845
cumulative-state-load,deepseek-v4-pro-0813-high,all-arms,dynamic,Omega_hat_StateLoad,60,2215686.4498850657,0.10182274346698834,0.040983429422094757,0.23120361831469985
cumulative-state-load,deepseek-v4-pro-0813-high,all-arms,dynamic,Omega_hat_StateLoad,61,2523838.9587000227,0.10283621440439523,0.041799423000849073,0.23147038800098221
cumulative-state-load,deepseek-v4-pro-0813-high,all-arms,dynamic,Omega_hat_StateLoad,62,2874848.6004337096,0.10385860627957845,0.042629070608842051,0.23174553223105984
cumulative-state-load,deepseek-v4-pro-0813-high,all-arms,dynamic,Omega_hat_StateLoad,63,3274675.8452736791,0.10488997434945257,0.043472475130817721,0.23202931666710314
cumulative-state-load,deepseek-v4-pro-0813-high,all-arms,dynamic,Omega_hat_StateLoad,64,3730110.131713076,0.1059303737432068,0.044329733127351237,0.23232201706958674
cumulative-state-load,deepseek-v4-pro-0813-high,all-arms,dynamic,Omega_hat_StateLoad,65,4248885.157530956,0.10697985945075449,0.045200934352793216,0.23262391970647439
cumulative-state-load,deepseek-v4-pro-0813-high,all-arms,dynamic,Omega_hat_StateLoad,66,4839810.2051737504,0.10803848631098759,0.046086161252199102,0.23293532177709181
cumulative-state-load,deepseek-v4-pro-0813-high,all-arms,dynamic,Omega_hat_StateLoad,67,5512919.7315644799,0.10910630899983516,0.046985488436884909,0.23325653185082684
cumulative-state-load,deepseek-v4-pro-0813-high,all-arms,dynamic,Omega_hat_StateLoad,68,6279643.7625144357,0.11018338201812612,0.047898982138313208,0.23358787032072301
cumulative-state-load,deepseek-v4-pro-0813-high,all-arms,dynamic,Omega_hat_StateLoad,69,7153001.9851922886,0.11126975967925617,0.048826699640084556,0.23392966987196701
cumulative-state-load,deepseek-v4-pro-0813-high,all-arms,dynamic,Omega_hat_StateLoad,70,8147824.8345217453,0.1123654960966579,0.049768688687891902,0.23428227596517764
cumulative-state-load,deepseek-v4-pro-0813-high,all-arms,dynamic,Omega_hat_StateLoad,71,9281005.3277602997,0.11347064517107606,0.050724986877395711,0.23464604733431352
cumulative-state-load,deepseek-v4-pro-0813-high,all-arms,dynamic,Omega_hat_StateLoad,72,10571785.923644081,0.11458526057764536,0.051695621020085708,0.23502135649889394
cumulative-state-load,deepseek-v4-pro-0813-high,all-arms,dynamic,Omega_hat_StateLoad,73,12042085.277234759,0.11570939575277439,0.052680606487327954,0.2354085902901093
cumulative-state-load,deepseek-v4-pro-0813-high,all-arms,dynamic,Omega_hat_StateLoad,74,13716870.439068452,0.11684310388083224,0.053679946532938574,0.23580815039023836
cumulative-state-load,deepseek-v4-pro-0813-high,all-arms,dynamic,Omega_hat_StateLoad,75,15624580.818895854,0.11798643788064228,0.05469363159479438,0.23622045388463869
cumulative-state-load,deepseek-v4-pro-0813-high,all-arms,dynamic,Omega_hat_StateLoad,76,17797611.113310739,0.11913945039177956,0.055721638576175535,0.23664593382537405
cumulative-state-load,deepseek-v4-pro-0813-high,all-arms,dynamic,Omega_hat_StateLoad,77,20272861.397828281,0.12030219376067655,0.056763930107747829,0.23708503980534998
cumulative-state-load,deepseek-v4-pro-0813-high,all-arms,dynamic,Omega_hat_StateLoad,78,23092363.7244877,0.12147472002653399,0.057820453791323903,0.23753823854158354
cumulative-state-load,deepseek-v4-pro-0813-high,all-arms,dynamic,Omega_hat_StateLoad,79,26303995.865189459,0.12265708090704147,0.058891141426807674,0.23800601446598163
cumulative-state-load,deepseek-v4-pro-0813-high,all-arms,dynamic,Omega_hat_StateLoad,80,29962294.320793148,0.12384932778390585,0.05997590822401179,0.23848887032171509
cumulative-state-load,deepseek-v4-pro-0813-high,all-arms,dynamic,Omega_hat_StateLoad,81,34129380.401625261,0.12505151168819029,0.061074652001358552,0.23898732776296006
cumulative-state-load,deepseek-v4-pro-0813-high,all-arms,dynamic,Omega_hat_StateLoad,82,38876015.105108067,0.12626368328546464,0.062187252373825171,0.23950192795543437
cumulative-state-load,deepseek-v4-pro-0813-high,all-arms,dynamic,Omega_hat_StateLoad,83,44282800.703308754,0.12748589286076839,0.063313569932872266,0.24003323217478115
cumulative-state-load,deepseek-v4-pro-0813-high,all-arms,dynamic,Omega_hat_StateLoad,84,50441549.444487907,0.12871819030338821,0.064453445421514238,0.24058182239944262
cumulative-state-load,deepseek-v4-pro-0813-high,all-arms,dynamic,Omega_hat_StateLoad,85,57456842.610467665,0.12996062509145107,0.065606698908132838,0.24114830189422848
cumulative-state-load,deepseek-v4-pro-0813-high,all-arms,dynamic,Omega_hat_StateLoad,86,65447806.404067539,0.13121324627633532,0.066773128963119877,0.24173329578030786
cumulative-state-load,deepseek-v4-pro-0813-high,all-arms,dynamic,Omega_hat_StateLoad,87,74550134.82282716,0.13247610246690136,0.067952511842946969,0.24233745158685266
cumulative-state-load,deepseek-v4-pro-0813-high,all-arms,dynamic,Omega_hat_StateLoad,88,84918393.869290486,0.1337492418135437,0.069144600686803601,0.24296143977902515
cumulative-state-load,deepseek-v4-pro-0813-high,all-arms,dynamic,Omega_hat_StateLoad,89,96728646.22549209,0.1350327119920674,0.070349124731520524,0.2436059542564383
cumulative-state-load,deepseek-v4-pro-0813-high,all-arms,dynamic,Omega_hat_StateLoad,90,110181440.9610493,0.1363265601873902,0.071565788551089637,0.24427171281563742
cumulative-state-load,deepseek-v4-pro-0813-high,all-arms,dynamic,Omega_hat_StateLoad,91,125505219.04289673,0.13763083307707388,0.072794271327712254,0.2449594575695424
cumulative-state-load,deepseek-v4-pro-0813-high,all-arms,dynamic,Omega_hat_StateLoad,92,142960192.47537169,0.13894557681468642,0.074034226161938013,0.24566995531617425
cumulative-state-load,deepseek-v4-pro-0813-high,all-arms,dynamic,Omega_hat_StateLoad,93,162842762.94207257,0.14027083701299897,0.07528527943009565,0.24640399784836906
cumulative-state-load,deepseek-v4-pro-0813-high,all-arms,dynamic,Omega_hat_StateLoad,94,185490554.98212546,0.14160665872701947,0.076547030197850627,0.24716240219556071
cumulative-state-load,deepseek-v4-pro-0813-high,all-arms,dynamic,Omega_hat_StateLoad,95,211288149.16887718,0.14295308643686647,0.077819049699344237,0.24794601078811856
cumulative-state-load,deepseek-v4-pro-0813-high,all-arms,dynamic,Omega_hat_StateLoad,96,240673612.64573205,0.14431016403048713,0.079100880891961212,0.24875569153414773
cumulative-state-load,deepseek-v4-pro-0813-high,all-arms,dynamic,Omega_hat_StateLoad,97,274145937.91368103,0.14567793478622112,0.080392038097316612,0.24959233779813991
cumulative-state-load,deepseek-v4-pro-0813-high,all-arms,dynamic,Omega_hat_StateLoad,98,312273516.18808633,0.14705644135521614,0.081692006739540357,0.25045686827039781
cumulative-state-load,deepseek-v4-pro-0813-high,all-arms,dynamic,Omega_hat_StateLoad,99,355703789.21016335,0.14844572574369688,0.083000243192336579,0.25135022671577562
cumulative-state-load,deepseek-v4-pro-0813-high,all-arms,dynamic,Omega_hat_StateLoad,100,405174243.40993822,0.14984582929509302,0.084316174746594558,0.2522733815900125
cumulative-state-load,deepseek-v4-pro-0813-high,all-arms,dynamic,Omega_hat_StateLoad,101,461524933.11174542,0.15125679267202882,0.085639199710494635,0.25322732551178484
cumulative-state-load,deepseek-v4-pro-0813-high,all-arms,dynamic,Omega_hat_StateLoad,102,525712745.43799502,0.15267865583818011,0.086968687654068774,0.25421307457862347
cumulative-state-load,deepseek-v4-pro-0813-high,all-arms,dynamic,Omega_hat_StateLoad,103,598827649.14249873,0.15411145804000204,0.088303979810007774,0.25523166751503251
cumulative-state-load,deepseek-v4-pro-0813-high,all-arms,dynamic,Omega_hat_StateLoad,104,682111203.29367054,0.15555523778833216,0.08964438964213553,0.25628416464155068
cumulative-state-load,deepseek-v4-pro-0813-high,all-arms,dynamic,Omega_hat_StateLoad,105,776977640.10229099,0.15701003283987527,0.09098920359236265,0.25737164665413792
cumulative-state-load,deepseek-v4-pro-0813-high,all-arms,dynamic,Omega_hat_StateLoad,106,885037879.89978623,0.15847588017857228,0.092337682016068748,0.25849521320415925
cumulative-state-load,deepseek-v4-pro-0813-high,all-arms,dynamic,Omega_hat_StateLoad,107,1008126886.0637869,0.15995281599686131,0.093689060314716369,0.25965598127042827
cumulative-state-load,deepseek-v4-pro-0813-high,all-arms,dynamic,Omega_hat_StateLoad,108,1148334824.40293,0.16144087567683343,0.095042550273057413,0.26085508331623924
cumulative-state-load,deepseek-v4-pro-0813-high,all-arms,dynamic,Omega_hat_StateLoad,109,1308042556.1163659,0.16294009377129146,0.096397341606541259,0.26209366522611621
cumulative-state-load,deepseek-v4-pro-0813-high,all-arms,dynamic,Omega_hat_StateLoad,110,1489962067.0313261,0.16445050398471497,0.097752603722460973,0.26337288401910924
cumulative-state-load,deepseek-v4-pro-0813-high,all-arms,dynamic,Omega_hat_StateLoad,111,1697182519.6448402,0.16597213915413905,0.099107487695994728,0.26469390533789205
cumulative-state-load,deepseek-v4-pro-0813-high,all-arms,dynamic,Omega_hat_StateLoad,112,1933222709.9761877,0.16750503122995247,0.1004611284596173,0.26605790071563451
cumulative-state-load,deepseek-v4-pro-0813-high,all-arms,dynamic,Omega_hat_StateLoad,113,2202090819.9960432,0.16904921125662128,0.10181264720139439,0.26746604462563073
cumulative-state-load,deepseek-v4-pro-0813-high,all-arms,dynamic,Omega_hat_StateLoad,114,2508352480.2843847,0.17060470935334462,0.10316115396447674,0.2689195113218959
cumulative-state-load,deepseek-v4-pro-0813-high,all-arms,dynamic,Omega_hat_StateLoad,115,2857208298.6841106,0.17217155469464923,0.10450575043672219,0.27041947148238205
cumulative-state-load,deepseek-v4-pro-0813-high,all-arms,dynamic,Omega_hat_StateLoad,116,3254582171.4593468,0.17374977549092965,0.10584553291585347,0.27196708867002467
cumulative-state-load,deepseek-v4-pro-0813-high,all-arms,dynamic,Omega_hat_StateLoad,117,3707221876.5636644,0.17533939896894077,0.10717959543198671,0.27356351563044862
cumulative-state-load,deepseek-v4-pro-0813-high,all-arms,dynamic,Omega_hat_StateLoad,118,4222813657.1858835,0.17694045135225073,0.10850703300582501,0.27520989044875155
cumulative-state-load,deepseek-v4-pro-0813-high,all-arms,dynamic,Omega_hat_StateLoad,119,4810112741.3082876,0.17855295784166059,0.10982694501739522,0.27690733259123701
cumulative-state-load,deepseek-v4-pro-0813-high,all-arms,dynamic,Omega_hat_StateLoad,120,5479092013.6208477,0.1801769425955988,0.11113843865701144,0.27865693886121801
cumulative-state-load,deepseek-v4-pro-0813-high,all-arms,dynamic,Omega_hat_StateLoad,121,6241111364.3791094,0.18181242871049888,0.11244063242729507,0.28045977930090865
cumulative-state-load,deepseek-v4-pro-0813-high,all-arms,dynamic,Omega_hat_StateLoad,122,7109110590.9062595,0.18345943820116678,0.11373265966265224,0.28231689307388835
cumulative-state-load,deepseek-v4-pro-0813-high,all-arms,dynamic,Omega_hat_StateLoad,123,8097829127.3871012,0.18511799198114789,0.1150136720307173,0.28422928436457723
cumulative-state-load,deepseek-v4-pro-0813-high,all-arms,dynamic,Omega_hat_StateLoad,124,9224056334.1692524,0.18678810984310007,0.11628284297899655,0.28619791833246222
cumulative-state-load,deepseek-v4-pro-0813-high,all-arms,dynamic,Omega_hat_StateLoad,125,10506916596.717747,0.18846981043918321,0.11753937108936714,0.28822371715945361
cumulative-state-load,deepseek-v4-pro-0813-high,all-arms,dynamic,Omega_hat_StateLoad,126,11968194075.467552,0.19016311126147234,0.11878248330325356,0.29030755622861476
cumulative-state-load,deepseek-v4-pro-0813-high,all-arms,dynamic,Omega_hat_StateLoad,127,13632702621.128815,0.19186802862240371,0.12001143798124676,0.29245026047161693
cumulative-state-load,deepseek-v4-pro-0813-high,all-arms,dynamic,Omega_hat_StateLoad,128,15528707136.951481,0.19358457763526371,0.12122552776266533,0.29465260092057577
cumulative-state-load,deepseek-v4-pro-0813-high,all-arms,dynamic,Omega_hat_StateLoad,129,17688403543.070885,0.19531277219472831,0.12242408219305072,0.29691529149747009
cumulative-state-load,deepseek-v4-pro-0813-high,all-arms,dynamic,Omega_hat_StateLoad,130,20148465493.177376,0.19705262495746376,0.12360647009079967,0.29923898607117622
cumulative-state-load,deepseek-v4-pro-0813-high,all-arms,dynamic,Omega_hat_StateLoad,131,22950667127.265152,0.19880414732279691,0.12477210162798612,0.30162427580833534
cumulative-state-load,deepseek-v4-pro-0813-high,all-arms,dynamic,Omega_hat_StateLoad,132,26142592435.383877,0.20056734941346621,0.12592043010482293,0.30407168683990832
cumulative-state-load,deepseek-v4-pro-0813-high,all-arms,dynamic,Omega_hat_StateLoad,133,29778443278.046288,0.20234224005646181,0.12705095340202693,0.30658167826049265
cumulative-state-load,deepseek-v4-pro-0813-high,all-arms,dynamic,Omega_hat_StateLoad,134,33919959784.2332,0.20412882676396585,0.12816321510046472,0.30915464047238855
cumulative-state-load,deepseek-v4-pro-0813-high,all-arms,dynamic,Omega_hat_StateLoad,135,38637468756.207253,0.20592711571440284,0.12925680526271169,0.31179089388117964
cumulative-state-load,deepseek-v4-pro-0813-high,all-arms,dynamic,Omega_hat_StateLoad,136,44011077884.025024,0.20773711173360959,0.13033136087642386,0.31449068794433649
cumulative-state-load,deepseek-v4-pro-0813-high,all-arms,dynamic,Omega_hat_StateLoad,137,50132036048.622993,0.20955881827613743,0.13138656596453932,0.31725420056927589
cumulative-state-load,deepseek-v4-pro-0813-high,all-arms,dynamic,Omega_hat_StateLoad,138,57104282812.683891,0.21139223740669374,0.13242215137218319,0.32008153785244181
cumulative-state-load,deepseek-v4-pro-0813-high,all-arms,dynamic,Omega_hat_StateLoad,139,65046213411.086273,0.21323736978173796,0.13343789424461089,0.32297273414655048
cumulative-state-load,deepseek-v4-pro-0813-high,all-arms,dynamic,Omega_hat_StateLoad,140,74092689212.108887,0.21509421463123812,0.13443361721449093,0.32592775243916255
cumulative-state-load,deepseek-v4-pro-0813-high,all-arms,dynamic,Omega_hat_StateLoad,141,84397327788.899475,0.21696276974060386,0.13540918732023338,0.32894648502236706
cumulative-state-load,deepseek-v4-pro-0813-high,all-arms,dynamic,Omega_hat_StateLoad,142,96135111488.7444,0.21884303143280259,0.13636451467984384,0.33202875443056368
cumulative-state-load,deepseek-v4-pro-0813-high,all-arms,dynamic,Omega_hat_StateLoad,143,109505358796.07361,0.22073499455067291,0.13729955094690968,0.33517431462121661
cumulative-state-load,deepseek-v4-pro-0813-high,all-arms,dynamic,Omega_hat_StateLoad,144,124735108945.71381,0.22263865243944575,0.1382142875767714,0.33838285237199089
cumulative-state-load,deepseek-v4-pro-0813-high,all-arms,dynamic,Omega_hat_StateLoad,145,142082977260.25885,0.22455399692948433,0.13910875393175776,0.34165398886683751
cumulative-state-load,deepseek-v4-pro-0813-high,all-arms,dynamic,Omega_hat_StateLoad,146,161843546678.78796,0.22648101831925505,0.13998301525454812,0.34498728144339308
cumulative-state-load,deepseek-v4-pro-0813-high,all-arms,dynamic,Omega_hat_StateLoad,147,184352370049.15485,0.22841970535854028,0.14083717053836112,0.34838222547439673
cumulative-state-load,deepseek-v4-pro-0813-high,all-arms,dynamic,Omega_hat_StateLoad,148,209991668127.44495,0.23037004523190588,0.14167135032179434,0.35183825635667099
cumulative-state-load,deepseek-v4-pro-0813-high,all-arms,dynamic,Omega_hat_StateLoad,149,239196820041.90717,0.23233202354243343,0.14248571443484218,0.35535475158246965
cumulative-state-load,deepseek-v4-pro-0813-high,all-arms,dynamic,Omega_hat_StateLoad,150,272463756435.50003,0.23430562429573126,0.14328044972095061,0.35893103286962724
cumulative-state-load,deepseek-v4-pro-0813-high,all-arms,dynamic,Omega_hat_StateLoad,151,310357380829.46777,0.23629082988423422,0.14405576775803794,0.36256636832882139
cumulative-state-load,deepseek-v4-pro-0813-high,all-arms,dynamic,Omega_hat_StateLoad,152,353521162210.5376,0.23828762107180448,0.14481190259926174,0.3662599746483528
cumulative-state-load,deepseek-v4-pro-0813-high,all-arms,dynamic,Omega_hat_StateLoad,153,402688061732.80969,0.24029597697864769,0.1455491085520523,0.37001101927905433
cumulative-state-load,deepseek-v4-pro-0813-high,all-arms,dynamic,Omega_hat_StateLoad,154,458692979079.86127,0.24231587506655189,0.14626765801158256,0.37381862260421134
cumulative-state-load,deepseek-v4-pro-0813-high,all-arms,dynamic,Omega_hat_StateLoad,155,522486929837.92133,0.2443472911244669,0.14696783936252136,0.37768186008164517
cumulative-state-load,deepseek-v4-pro-0813-high,all-arms,dynamic,Omega_hat_StateLoad,156,595153194625.03894,0.24639019925443048,0.14764995496061148,0.38159976434731713
cumulative-state-load,deepseek-v4-pro-0813-high,all-arms,dynamic,Omega_hat_StateLoad,157,677925714203.54346,0.24844457185785873,0.14831431920341598,0.38557132727194837
cumulative-state-load,deepseek-v4-pro-0813-high,all-arms,dynamic,Omega_hat_StateLoad,158,772210042941.86035,0.25051037962220807,0.14896125669749241,0.38959550196412518
cumulative-state-load,deepseek-v4-pro-0813-high,all-arms,dynamic,Omega_hat_StateLoad,159,879607216434.96851,0.25258759150802479,0.14959110052731903,0.3936712047152186
cumulative-state-load,deepseek-v4-pro-0813-high,all-arms,dynamic,Omega_hat_StateLoad,160,1001940938577.938,0.2546761747363912,0.15020419062953552,0.397797316883096
cumulative-state-load,deepseek-v4-pro-0813-high,all-arms,dynamic,Omega_hat_StateLoad,161,1141288549754.2461,0.25677609477678226,0.15080087227446079,0.40197268671310948
cumulative-state-load,deepseek-v4-pro-0813-high,all-arms,dynamic,Omega_hat_StateLoad,162,1300016302007.6416,0.25888731533534387,0.15138149465545031,0.40619613109613167
cumulative-state-load,deepseek-v4-pro-0813-high,all-arms,dynamic,Omega_hat_StateLoad,163,1480819540202.6355,0.26100979834360494,0.15194640958542241,0.41046643726453291
cumulative-state-load,deepseek-v4-pro-0813-high,all-arms,dynamic,Omega_hat_StateLoad,164,1686768471487.2644,0.2631435039476348,0.15249597029883405,0.41478236442792793
cumulative-state-load,deepseek-v4-pro-0813-high,all-arms,dynamic,Omega_hat_StateLoad,165,1921360300265.9814,0.26528839049765829,0.15303053035650516,0.41914264535128193
cumulative-state-load,deepseek-v4-pro-0813-high,all-arms,dynamic,Omega_hat_StateLoad,166,2188578613983.2146,0.26744441453813933,0.15355044264996845,0.42354598787856312
cumulative-state-load,deepseek-v4-pro-0813-high,all-arms,dynamic,Omega_hat_StateLoad,167,2492961028143.2539,0.2696115307983461,0.15405605850144405,0.42799107640559197
cumulative-state-load,deepseek-v4-pro-0813-high,all-arms,dynamic,Omega_hat_StateLoad,168,2839676239241.8701,0.27178969218340659,0.15454772685509743,0.43247657330603434
cumulative-state-load,deepseek-v4-pro-0813-high,all-arms,dynamic,Omega_hat_StateLoad,169,3234611794040.2549,0.27397884976586956,0.15502579355491355,0.43700112031470828
cumulative-state-load,deepseek-v4-pro-0813-high,all-arms,dynamic,Omega_hat_StateLoad,170,3684474065584.877,0.27617895277777887,0.15549060070430815,0.44156333987243063
cumulative-state-load,deepseek-v4-pro-0813-high,all-arms,dynamic,Omega_hat_StateLoad,171,4196902133659.4658,0.27838994860327382,0.15594248610246547,0.44616183643665314
cumulative-state-load,deepseek-v4-pro-0813-high,all-arms,dynamic,Omega_hat_StateLoad,172,4780597503464.6436,0.28061178277172633,0.15638178275235257,0.4507951977620378
cumulative-state-load,deepseek-v4-pro-0813-high,all-arms,dynamic,Omega_hat_StateLoad,173,5445471865269.5811,0.2828443989514256,0.15680881843537831,0.45546199615497696
cumulative-state-load,deepseek-v4-pro-0813-high,all-arms,dynamic,Omega_hat_StateLoad,174,6202815404131.3633,0.28508773894382078,0.15722391534774505,0.46016078970585705
cumulative-state-load,deepseek-v4-pro-0813-high,all-arms,dynamic,Omega_hat_StateLoad,175,7065488517738.3594,0.28734174267833168,0.15762738979366139,0.46489012350262049
cumulative-state-load,deepseek-v4-pro-0813-high,all-arms,dynamic,Omega_hat_StateLoad,176,8048140197924.085,0.28960634820773906,0.15801955193074613,0.4696485308288938
cumulative-state-load,deepseek-v4-pro-0813-high,all-arms,dynamic,Omega_hat_StateLoad,177,9167456784173.6465,0.29188149170416233,0.15840070556314037,0.47443453434964472
cumulative-state-load,deepseek-v4-pro-0813-high,all-arms,dynamic,Omega_hat_StateLoad,178,10442445313187.943,0.29416710745563712,0.15877114797804948,0.47924664728701255
cumulative-state-load,deepseek-v4-pro-0813-high,all-arms,dynamic,Omega_hat_StateLoad,179,11894756276044.945,0.29646312786329881,0.15913116982166306,0.48408337458860939
cumulative-state-load,deepseek-v4-pro-0813-high,all-arms,dynamic,Omega_hat_StateLoad,180,13549051263675.49,0.29876948343918586,0.15948105501062895,0.48894321409027258
cumulative-state-load,deepseek-v4-pro-0813-high,all-arms,dynamic,Omega_hat_StateLoad,181,15433421743614.367,0.30108610280466624,0.15982108067549541,0.49382465767488126
cumulative-state-load,deepseek-v4-pro-0813-high,all-arms,dynamic,Omega_hat_StateLoad,182,17579866079247.18,0.30341291268950227,0.16015151713276757,0.4987261924285572
cumulative-state-load,deepseek-v4-pro-0813-high,all-arms,dynamic,Omega_hat_StateLoad,183,20024832891781.457,0.30574983793155536,0.16047262788246411,0.50364630179520198
cumulative-state-load,deepseek-v4-pro-0813-high,all-arms,dynamic,Omega_hat_StateLoad,184,22809839991735.832,0.3080968014771458,0.16078466962828375,0.50858346673005372
cumulative-state-load,deepseek-v4-pro-0813-high,all-arms,dynamic,Omega_hat_StateLoad,185,25982179389977.805,0.31045372438206892,0.16108789231771545,0.51353616685261394
cumulative-state-load,deepseek-v4-pro-0813-high,all-arms,dynamic,Omega_hat_StateLoad,186,29595720360053.734,0.31282052581328035,0.16138253919963796,0.51850288159904023
cumulative-state-load,deepseek-v4-pro-0813-high,all-arms,dynamic,Omega_hat_StateLoad,187,33711824188557.871,0.31519712305125464,0.16166884689716154,0.5234820913738174
cumulative-state-load,deepseek-v4-pro-0813-high,all-arms,dynamic,Omega_hat_StateLoad,188,38400386146849.188,0.31758343149302509,0.16194704549365546,0.52847227870028268
cumulative-state-load,deepseek-v4-pro-0813-high,all-arms,dynamic,Omega_hat_StateLoad,189,43741022377769.305,0.31997936465591104,0.16221735863008571,0.53347192936936105
cumulative-state-load,deepseek-v4-pro-0813-high,all-arms,dynamic,Omega_hat_StateLoad,190,49824421851796.742,0.32238483418193925,0.1624800036119671,0.53847953358564093
cumulative-state-load,deepseek-v4-pro-0813-high,all-arms,dynamic,Omega_hat_StateLoad,191,56753886350116.297,0.32479974984296439,0.16273519152438429,0.54349358710975837
cumulative-state-load,deepseek-v4-pro-0813-high,all-arms,dynamic,Omega_hat_StateLoad,192,64647084624941.758,0.32722401954649499,0.16298312735369602,0.54851259239586936
cumulative-state-load,deepseek-v4-pro-0813-high,all-arms,dynamic,Omega_hat_StateLoad,193,73638050524372.891,0.32965754934222846,0.16322401011466631,0.55353505972286521
cumulative-state-load,deepseek-v4-pro-0813-high,all-arms,dynamic,Omega_hat_StateLoad,194,83879459011799.266,0.33210024342930222,0.16345803298190509,0.55855950831783607
cumulative-state-load,deepseek-v4-pro-0813-high,all-arms,dynamic,Omega_hat_StateLoad,195,95545218728778.906,0.33455200416426095,0.16368538342460959,0.56358446747020274
cumulative-state-load,deepseek-v4-pro-0813-high,all-arms,dynamic,Omega_hat_StateLoad,196,108833425125525.58,0.33701273206974974,0.16390624334371556,0.56860847763483424
cumulative-state-load,deepseek-v4-pro-0813-high,all-arms,dynamic,Omega_hat_StateLoad,197,123969724305896.75,0.33948232584392951,0.16412078921065998,0.57363009152240074
cumulative-state-load,deepseek-v4-pro-0813-high,all-arms,dynamic,Omega_hat_StateLoad,198,141211144708112.53,0.3419606823706246,0.1643291922070553,0.57864787517516558
cumulative-state-load,deepseek-v4-pro-0813-high,all-arms,dynamic,Omega_hat_StateLoad,199,160850461686691.91,0.34444769673019787,0.16453161836465216,0.58366040902637051
cumulative-state-load,deepseek-v4-pro-0813-high,all-arms,dynamic,Omega_hat_StateLoad,200,183221169110285.34,0.34694326221116301,0.16472822870504947,0.58866628894136741
cumulative-state-load,deepseek-v4-pro-0813-high,all-arms,dynamic,Omega_hat_StateLoad,201,208703142397738.38,0.34944727032252704,0.16491917937867465,0.59366412723862028
cumulative-state-load,deepseek-v4-pro-0813-high,all-arms,dynamic,Omega_hat_StateLoad,202,237729089156027.72,0.3519596108068731,0.16510462180262284,0.59865255368873849
cumulative-state-load,deepseek-v4-pro-0813-high,all-arms,dynamic,Omega_hat_StateLoad,203,270791896957883.5,0.35448017165417584,0.16528470279699967,0.60363021648969595
cumulative-state-load,deepseek-v4-pro-0813-high,all-arms,dynamic,Omega_hat_StateLoad,204,308453003031200,0.35700883911635489,0.16545956471945852,0.60859578321645635
cumulative-state-load,deepseek-v4-pro-0813-high,all-arms,dynamic,Omega_hat_StateLoad,205,351351927985362.38,0.35954549772256461,0.16562934559767911,0.61354794174324279
cumulative-state-load,deepseek-v4-pro-0813-high,all-arms,dynamic,Omega_hat_StateLoad,206,400217135465994.69,0.36209003029521802,0.16579417925956264,0.61848540113677131
cumulative-state-load,deepseek-v4-pro-0813-high,all-arms,dynamic,Omega_hat_StateLoad,207,455878402145213.62,0.36464231796674457,0.16595419546096565,0.62340689251882342
cumulative-state-load,deepseek-v4-pro-0813-high,all-arms,dynamic,Omega_hat_StateLoad,208,519280908101273.38,0.36720224019708037,0.16610952001082355,0.62831116989660973
cumulative-state-load,deepseek-v4-pro-0813-high,all-arms,dynamic,Omega_hat_StateLoad,209,591501286855412.5,0.36976967479188655,0.166260274893542,0.63319701095947056
cumulative-state-load,deepseek-v4-pro-0813-high,all-arms,dynamic,Omega_hat_StateLoad,210,673765907610406.88,0.37234449792149577,0.16640657838856512,0.63806321784053999
cumulative-state-load,deepseek-v4-pro-0813-high,all-arms,dynamic,Omega_hat_StateLoad,211,767471700140256.75,0.37492658414057978,0.16654854518704815,0.64290861784210962
cumulative-state-load,deepseek-v4-pro-0813-high,all-arms,dynamic,Omega_hat_StateLoad,212,874209875957044,0.37751580640853727,0.16668628650558542,0.64773206412352125
cumulative-state-load,deepseek-v4-pro-0813-high,all-arms,dynamic,Omega_hat_StateLoad,213,995792948562350.75,0.38011203611059596,0.16681991019696207,0.65253243635053626
cumulative-state-load,deepseek-v4-pro-0813-high,all-arms,dynamic,Omega_hat_StateLoad,214,1134285511612351,0.38271514307962418,0.16694952085790904,0.65730864130524025
cumulative-state-load,deepseek-v4-pro-0813-high,all-arms,dynamic,Omega_hat_StateLoad,215,1292039297638314.8,0.38532499561864586,0.1670752199338652,0.6620596134556459
cumulative-state-load,deepseek-v4-pro-0813-high,all-arms,dynamic,Omega_hat_StateLoad,216,1471733112652351.2,0.38794146052405409,0.16719710582074812,0.66678431548429717
cumulative-state-load,deepseek-v4-pro-0813-high,all-arms,dynamic,Omega_hat_StateLoad,217,1676418324765014,0.39056440310951668,0.16731527396376047,0.67148173877527018
cumulative-state-load,deepseek-v4-pro-0813-high,all-arms,dynamic,Omega_hat_StateLoad,218,1909570679253842.2,0.39319368723056308,0.16742981695325346,0.67615090385911158
cumulative-state-load,deepseek-v4-pro-0813-high,all-arms,dynamic,Omega_hat_StateLoad,219,2175149319950990.5,0.39582917530985218,0.16754082461768899,0.68079086081535933
cumulative-state-load,deepseek-v4-pro-0813-high,all-arms,dynamic,Omega_hat_StateLoad,220,2477664019187790,0.39847072836310421,0.16764838411373961,0.68540068963241274
cumulative-state-load,deepseek-v4-pro-0813-high,all-arms,dynamic,Omega_hat_StateLoad,221,2822251757923516,0.40111820602569581,0.16775258001357535,0.68997950052464929
cumulative-state-load,deepseek-v4-pro-0813-high,all-arms,dynamic,Omega_hat_StateLoad,222,3214763956459843.5,0.40377146657990287,0.16785349438939082,0.6945264342067784
cumulative-state-load,deepseek-v4-pro-0813-high,all-arms,dynamic,Omega_hat_StateLoad,223,3661865837000028.5,0.40643036698278728,0.16795120689522619,0.69904066212557059
cumulative-state-load,deepseek-v4-pro-0813-high,all-arms,dynamic,Omega_hat_StateLoad,224,4171149605321062,0.40909476289471075,0.16804579484614512,0.70352138664917241
cumulative-state-load,deepseek-v4-pro-0813-high,all-arms,dynamic,Omega_hat_StateLoad,225,4751263373489321,0.41176450870847231,0.16813733329482711,0.70796784121436607
cumulative-state-load,deepseek-v4-pro-0813-high,all-arms,dynamic,Omega_hat_StateLoad,226,5412058012846948,0.41443945757905121,0.16822589510564079,0.71237929043220427
cumulative-state-load,deepseek-v4-pro-0813-high,all-arms,dynamic,Omega_hat_StateLoad,227,6164754430969357,0.41711946145394935,0.16831155102626072,0.71675503015257336
cumulative-state-load,deepseek-v4-pro-0813-high,all-arms,dynamic,Omega_hat_StateLoad,228,7022134113112519,0.41980437110411734,0.16839436975689517,0.72109438748832178
cumulative-state-load,deepseek-v4-pro-0813-high,all-arms,dynamic,Omega_hat_StateLoad,229,7998756163720322,0.42249403615545317,0.16847441801718932,0.72539672079969031
cumulative-state-load,deepseek-v4-pro-0813-high,all-arms,dynamic,Omega_hat_StateLoad,230,9111204533559578,0.42518830512085981,0.16855176061086968,0.72966141963986142
cumulative-state-load,deepseek-v4-pro-0813-high,all-arms,dynamic,Omega_hat_StateLoad,231,10378369630628336,0.42788702543284846,0.16862646048819915,0.73388790466252707
cumulative-state-load,deepseek-v4-pro-0813-high,all-arms,dynamic,Omega_hat_StateLoad,232,11821769096853822,0.43059004347667335,0.1686985788063034,0.73807562749245792
cumulative-state-load,deepseek-v4-pro-0813-high,all-arms,dynamic,Omega_hat_StateLoad,233,13465913197665350,0.43329720462398336,0.16876817498743696,0.74222407056011352
cumulative-state-load,deepseek-v4-pro-0813-high,all-arms,dynamic,Omega_hat_StateLoad,234,15338721029098442,0.43600835326697557,0.16883530677525396,0.74633274690140972
cumulative-state-load,deepseek-v4-pro-0813-high,all-arms,dynamic,Omega_hat_StateLoad,235,17471994610012704,0.43872333285303683,0.16890003028914297,0.75040119992381582
cumulative-state-load,deepseek-v4-pro-0813-high,all-arms,dynamic,Omega_hat_StateLoad,236,19901958909950544,0.4414419859198534,0.16896240007669264,0.75442900313999806
cumulative-state-load,deepseek-v4-pro-0813-high,all-arms,dynamic,Omega_hat_StateLoad,237,22669876982813112,0.44416415413097993,0.16902246916434652,0.75841575987029131
cumulative-state-load,deepseek-v4-pro-0813-high,all-arms,dynamic,Omega_hat_StateLoad,238,25822750651893204,0.44688967831184151,0.16908028910630749,0.76236110291530235
cumulative-state-load,deepseek-v4-pro-0813-high,all-arms,dynamic,Omega_hat_StateLoad,239,29414118644551596,0.4496183984861627,0.16913591003175155,0.76626469420000065
cumulative-state-load,deepseek-v4-pro-0813-off,all-arms,dynamic,Omega_hat_StateLoad,0,895.99999999999977,0.80064367594349928,0.42908907729399581,0.95547735226026287
cumulative-state-load,deepseek-v4-pro-0813-off,all-arms,dynamic,Omega_hat_StateLoad,1,1020.6135922853721,0.80262374251060553,0.4357585681399409,0.95538065208546441
cumulative-state-load,deepseek-v4-pro-0813-off,all-arms,dynamic,Omega_hat_StateLoad,2,1162.5581526313067,0.80458894244497159,0.44244034909836072,0.95528566262156589
cumulative-state-load,deepseek-v4-pro-0813-off,all-arms,dynamic,Omega_hat_StateLoad,3,1324.2440316938439,0.80653929191234452,0.44913166312201613,0.95519244679298387
cumulative-state-load,deepseek-v4-pro-0813-off,all-arms,dynamic,Omega_hat_StateLoad,4,1508.4168060820521,0.80847480912019609,0.45582973368127416,0.95510106944196249
cumulative-state-load,deepseek-v4-pro-0813-off,all-arms,dynamic,Omega_hat_StateLoad,5,1718.2039008024899,0.81039551428232781,0.46253176902855841,0.9550115973851413
cumulative-state-load,deepseek-v4-pro-0813-off,all-arms,dynamic,Omega_hat_StateLoad,6,1957.1676958446083,0.81230142958333373,0.46923496650344926,0.95492409947121537
cumulative-state-load,deepseek-v4-pro-0813-off,all-arms,dynamic,Omega_hat_StateLoad,7,2229.3660187063037,0.81419257914294207,0.47593651686363003,0.95483864663962337
cumulative-state-load,deepseek-v4-pro-0813-off,all-arms,dynamic,Omega_hat_StateLoad,8,2539.421050078995,0.81606898898025515,0.48263360862674043,0.9547553119801957
cumulative-state-load,deepseek-v4-pro-0813-off,all-arms,dynamic,Omega_hat_StateLoad,9,2892.597812774794,0.81793068697791327,0.48932343240815718,0.95467417079367356
cumulative-state-load,deepseek-v4-pro-0813-off,all-arms,dynamic,Omega_hat_StateLoad,10,3294.8935767108146,0.819777702846199,0.49600318523976339,0.95459530065300224
cumulative-state-load,deepseek-v4-pro-0813-off,all-arms,dynamic,Omega_hat_StateLoad,11,3753.1396981303837,0.82161006808710557,0.50267007485490778,0.95451878146527736
cumulative-state-load,deepseek-v4-pro-0813-off,all-arms,dynamic,Omega_hat_StateLoad,12,4275.1176223858138,0.82342781595838788,0.50932132392497509,0.95444469553420963
cumulative-state-load,deepseek-v4-pro-0813-off,all-arms,dynamic,Omega_hat_StateLoad,13,4869.6910201179526,0.8252309814376142,0.51595417423330203,0.95437312762295345
cumulative-state-load,deepseek-v4-pro-0813-off,all-arms,dynamic,Omega_hat_StateLoad,14,5546.9563006276821,0.82701960118624163,0.52256589077257021,0.95430416501711557
cumulative-state-load,deepseek-v4-pro-0813-off,all-arms,dynamic,Omega_hat_StateLoad,15,6318.4140582964192,0.82879371351372844,0.52915376575227979,0.95423789758774569
cumulative-state-load,deepseek-v4-pro-0813-off,all-arms,dynamic,Omega_hat_StateLoad,16,7197.164363375342,0.83055335834170663,0.53571512250346953,0.95417441785407231
cumulative-state-load,deepseek-v4-pro-0813-off,all-arms,dynamic,Omega_hat_StateLoad,17,8198.1292133624702,0.83229857716822742,0.54224731926846903,0.9541138210457264
cumulative-state-load,deepseek-v4-pro-0813-off,all-arms,dynamic,Omega_hat_StateLoad,18,9338.3059223990113,0.8340294130321001,0.54874775286416866,0.95405620516415657
cumulative-state-load,deepseek-v4-pro-0813-off,all-arms,dynamic,Omega_hat_StateLoad,19,10637.05575147257,0.83574591047734026,0.55521386220805224,0.95400167104290856
cumulative-state-load,deepseek-v4-pro-0813-off,all-arms,dynamic,Omega_hat_StateLoad,20,12116.432680636386,0.83744811551774079,0.56164313169704627,0.9539503224063971
cumulative-state-load,deepseek-v4-pro-0813-off,all-arms,dynamic,Omega_hat_StateLoad,21,13801.557906102886,0.83913607560158499,0.56803309443011074,0.95390226592676375
cumulative-state-load,deepseek-v4-pro-0813-off,all-arms,dynamic,Omega_hat_StateLoad,22,15721.046421520366,0.84080983957651434,0.57438133526639956,0.95385761127835922
cumulative-state-load,deepseek-v4-pro-0813-off,all-arms,dynamic,Omega_hat_StateLoad,23,17907.492927179665,0.84246945765456582,0.58068549371176936,0.95381647118934854
cumulative-state-load,deepseek-v4-pro-0813-off,all-arms,dynamic,Omega_hat_StateLoad,24,20398.025318341224,0.84411498137739482,0.58694326662738194,0.95377896148987662
cumulative-state-load,deepseek-v4-pro-0813-off,all-arms,dynamic,Omega_hat_StateLoad,25,23234.93515142881,0.84574646358169292,0.59315241075515313,0.95374520115617833
cumulative-state-load,deepseek-v4-pro-0813-off,all-arms,dynamic,Omega_hat_StateLoad,26,26466.395793992637,0.84736395836481915,0.59931074505580439,0.95371531234995244
cumulative-state-load,deepseek-v4-pro-0813-off,all-arms,dynamic,Omega_hat_StateLoad,27,30147.280453296087,0.84896752105065276,0.6054161528563049,0.95368942045225968
cumulative-state-load,deepseek-v4-pro-0813-off,all-arms,dynamic,Omega_hat_StateLoad,28,34340.093974411953,0.85055720815568259,0.61146658380450736,0.95366765409112308
cumulative-state-load,deepseek-v4-pro-0813-off,all-arms,dynamic,Omega_hat_StateLoad,29,39116.034230627069,0.85213307735534183,0.61746005562980499,0.95365014516194735
cumulative-state-load,deepseek-v4-pro-0813-off,all-arms,dynamic,Omega_hat_StateLoad,30,44556.201129551213,0.85369518745060335,0.62339465570964514,0.95363702883978585
cumulative-state-load,deepseek-v4-pro-0813-off,all-arms,dynamic,Omega_hat_StateLoad,31,50752.973764978538,0.85524359833484231,0.62926854244272401,0.95362844358240562
cumulative-state-load,deepseek-v4-pro-0813-off,all-arms,dynamic,Omega_hat_StateLoad,32,57811.579099821436,0.85677837096097886,0.63507994643065557,0.95362453112301471
cumulative-state-load,deepseek-v4-pro-0813-off,all-arms,dynamic,Omega_hat_StateLoad,33,65851.878817810983,0.85829956730890888,0.64082717147084767,0.95362543645142051
cumulative-state-load,deepseek-v4-pro-0813-off,all-arms,dynamic,Omega_hat_StateLoad,34,75010.404686369526,0.85980725035323524,0.64650859536422201,0.95363130778230376
cumulative-state-load,deepseek-v4-pro-0813-off,all-arms,dynamic,Omega_hat_StateLoad,35,85442.676993007946,0.86130148403130347,0.65212267054228357,0.9536422965091923
cumulative-state-load,deepseek-v4-pro-0813-off,all-arms,dynamic,Omega_hat_StateLoad,36,97325.845424456013,0.86278233321155584,0.65766792451886624,0.95365855714261927
cumulative-state-load,deepseek-v4-pro-0813-off,all-arms,dynamic,Omega_hat_StateLoad,37,110861.69723310818,0.86424986366220735,0.66314296017266006,0.95368024723086298
cumulative-state-load,deepseek-v4-pro-0813-off,all-arms,dynamic,Omega_hat_StateLoad,38,126280.08377224984,0.86570414202025414,0.66854645586734662,0.95370752726156027
cumulative-state-load,deepseek-v4-pro-0813-off,all-arms,dynamic,Omega_hat_StateLoad,39,143842.82358581884,0.86714523576082025,0.67387716541684561,0.95374056054239786
cumulative-state-load,deepseek-v4-pro-0813-off,all-arms,dynamic,Omega_hat_StateLoad,40,163848.14833079607,0.86857321316684921,0.67913391790377875,0.95377951305899134
cumulative-state-load,deepseek-v4-pro-0813-off,all-arms,dynamic,Omega_hat_StateLoad,41,186635.76702812582,0.86998814329914731,0.68431561735981783,0.95382455330798777
cumulative-state-load,deepseek-v4-pro-0813-off,all-arms,dynamic,Omega_hat_StateLoad,42,212592.63463784699,0.87139009596678552,0.68942124231705915,0.95387585210334291
cumulative-state-load,deepseek-v4-pro-0813-off,all-arms,dynamic,Omega_hat_StateLoad,43,242159.52291422398,0.87277914169786341,0.69444984523999753,0.95393358235366799
cumulative-state-load,deepseek-v4-pro-0813-off,all-arms,dynamic,Omega_hat_StateLoad,44,275838.50512008718,0.87415535171064163,0.69940055184800887,0.95399791880849816
cumulative-state-load,deepseek-v4-pro-0813-off,all-arms,dynamic,Omega_hat_StateLoad,45,314201.48169781163,0.8755187978850475,0.70427256033853702,0.95406903777129293
cumulative-state-load,deepseek-v4-pro-0813-off,all-arms,dynamic,Omega_hat_StateLoad,46,357899.89167074801,0.87686955273455902,0.70906514052137648,0.95414711677698938
cumulative-state-load,deepseek-v4-pro-0813-off,all-arms,dynamic,Omega_hat_StateLoad,47,407675.77468373533,0.87820768937846871,0.71377763287456075,0.95423233423193676
cumulative-state-load,deepseek-v4-pro-0813-off,all-arms,dynamic,Omega_hat_StateLoad,48,464374.37152643997,0.87953328151453469,0.7184094475324142,0.95432486901410063
cumulative-state-load,deepseek-v4-pro-0813-off,all-arms,dynamic,Omega_hat_StateLoad,49,528958.47710810369,0.8808464033920187,0.72296006321626949,0.95442490003151526
cumulative-state-load,deepseek-v4-pro-0813-off,all-arms,dynamic,Omega_hat_StateLoad,50,602524.78961060592,0.88214712978511745,0.72742902611823523,0.9545326057370922
cumulative-state-load,deepseek-v4-pro-0813-off,all-arms,dynamic,Omega_hat_StateLoad,51,686322.5334436018,0.8834355359667867,0.7318159487481587,0.95464816359807358
cumulative-state-load,deepseek-v4-pro-0813-off,all-arms,dynamic,Omega_hat_StateLoad,52,781774.67223691079,0.88471169768296365,0.736120508753628,0.9547717495186564
cumulative-state-load,deepseek-v4-pro-0813-off,all-arms,dynamic,Omega_hat_StateLoad,53,890502.07208642096,0.88597569112718721,0.74034244772243563,0.95490353721460086
cumulative-state-load,deepseek-v4-pro-0813-off,all-arms,dynamic,Omega_hat_StateLoad,54,1014351.0253679547,0.88722759291561892,0.74448156997641801,0.95504369753899876
cumulative-state-load,deepseek-v4-pro-0813-off,all-arms,dynamic,Omega_hat_StateLoad,55,1155424.6024990422,0.88846748006246623,0.74853774136497842,0.95519239775879972
cumulative-state-load,deepseek-v4-pro-0813-off,all-arms,dynamic,Omega_hat_StateLoad,56,1316118.3640306282,0.88969542995580919,0.75251088806588173,0.95534980078219278
cumulative-state-load,deepseek-v4-pro-0813-off,all-arms,dynamic,Omega_hat_StateLoad,57,1499161.0394933596,0.89091152033383059,0.75640099540010397,0.95551606433752223
cumulative-state-load,deepseek-v4-pro-0813-off,all-arms,dynamic,Omega_hat_StateLoad,58,1707660.8637629319,0.89211582926145128,0.76020810666660243,0.95569134010505719
cumulative-state-load,deepseek-v4-pro-0813-off,all-arms,dynamic,Omega_hat_StateLoad,59,1945158.3577792721,0.89330843510737101,0.76393232200186545,0.95587577280367941
cumulative-state-load,deepseek-v4-pro-0813-off,all-arms,dynamic,Omega_hat_StateLoad,60,2215686.4498850657,0.89448941652151304,0.76757379726799824,0.95606949923534756
cumulative-state-load,deepseek-v4-pro-0813-off,all-arms,dynamic,Omega_hat_StateLoad,61,2523838.9587000227,0.89565885241287624,0.77113274297192003,0.95627264729108075
cumulative-state-load,deepseek-v4-pro-0813-off,all-arms,dynamic,Omega_hat_StateLoad,62,2874848.6004337096,0.89681682192778922,0.77460942321698489,0.95648533492314125
cumulative-state-load,deepseek-v4-pro-0813-off,all-arms,dynamic,Omega_hat_StateLoad,63,3274675.8452736791,0.89796340442857081,0.77800415468702178,0.956707669089088
cumulative-state-load,deepseek-v4-pro-0813-off,all-arms,dynamic,Omega_hat_StateLoad,64,3730110.131713076,0.89909867947259214,0.78131730566142632,0.9569397446744099
cumulative-state-load,deepseek-v4-pro-0813-off,all-arms,dynamic,Omega_hat_StateLoad,65,4248885.157530956,0.90022272679174242,0.78454929505853743,0.95718164340149248
cumulative-state-load,deepseek-v4-pro-0813-off,all-arms,dynamic,Omega_hat_StateLoad,66,4839810.2051737504,0.90133562627229435,0.7877005915031613,0.95743343273373749
cumulative-state-load,deepseek-v4-pro-0813-off,all-arms,dynamic,Omega_hat_StateLoad,67,5512919.7315644799,0.90243745793516972,0.79077171241271194,0.95769516478467309
cumulative-state-load,deepseek-v4-pro-0813-off,all-arms,dynamic,Omega_hat_StateLoad,68,6279643.7625144357,0.90352830191660349,0.79376322309515213,0.95796687524288171
cumulative-state-load,deepseek-v4-pro-0813-off,all-arms,dynamic,Omega_hat_StateLoad,69,7153001.9851922886,0.90460823844920268,0.79667573585066986,0.95824858232446042
cumulative-state-load,deepseek-v4-pro-0813-off,all-arms,dynamic,Omega_hat_StateLoad,70,8147824.8345217453,0.90567734784340037,0.79950990906793629,0.95854028576551498
cumulative-state-load,deepseek-v4-pro-0813-off,all-arms,dynamic,Omega_hat_StateLoad,71,9281005.3277602997,0.90673571046930124,0.80226644630483424,0.95884196586782378
cumulative-state-load,deepseek-v4-pro-0813-off,all-arms,dynamic,Omega_hat_StateLoad,72,10571785.923644081,0.90778340673891678,0.80494609534278383,0.9591535826112495
cumulative-state-load,deepseek-v4-pro-0813-off,all-arms,dynamic,Omega_hat_StateLoad,73,12042085.277234759,0.90882051708878697,0.8075496472032716,0.95947507484672423
cumulative-state-load,deepseek-v4-pro-0813-off,all-arms,dynamic,Omega_hat_StateLoad,74,13716870.439068452,0.909847121962988,0.81007793511488746,0.95980635958361382
cumulative-state-load,deepseek-v4-pro-0813-off,all-arms,dynamic,Omega_hat_StateLoad,75,15624580.818895854,0.91086330179651942,0.81253183341919966,0.96014733138499098
cumulative-state-load,deepseek-v4-pro-0813-off,all-arms,dynamic,Omega_hat_StateLoad,76,17797611.113310739,0.91186913699907324,0.81491225640408438,0.96049786188377884
cumulative-state-load,deepseek-v4-pro-0813-off,all-arms,dynamic,Omega_hat_StateLoad,77,20272861.397828281,0.91286470793917418,0.81722015705375806,0.96085779943184335
cumulative-state-load,deepseek-v4-pro-0813-off,all-arms,dynamic,Omega_hat_StateLoad,78,23092363.7244877,0.9138500949286984,0.81945652570569461,0.96122696889294146
cumulative-state-load,deepseek-v4-pro-0813-off,all-arms,dynamic,Omega_hat_StateLoad,79,26303995.865189459,0.91482537820775567,0.82162238860586423,0.96160517158893855
cumulative-state-load,deepseek-v4-pro-0813-off,all-arms,dynamic,Omega_hat_StateLoad,80,29962294.320793148,0.91579063792994186,0.82371880635528816,0.96199218540694642
cumulative-state-load,deepseek-v4-pro-0813-off,all-arms,dynamic,Omega_hat_StateLoad,81,34129380.401625261,0.9167459541479519,0.8257468722427197,0.96238776507300161
cumulative-state-load,deepseek-v4-pro-0813-off,all-arms,dynamic,Omega_hat_StateLoad,82,38876015.105108067,0.91769140679955197,0.82770771046032754,0.96279164259565531
cumulative-state-load,deepseek-v4-pro-0813-off,all-arms,dynamic,Omega_hat_StateLoad,83,44282800.703308754,0.91862707569390667,0.82960247420149835,0.96320352788042607
cumulative-state-load,deepseek-v4-pro-0813-off,all-arms,dynamic,Omega_hat_StateLoad,84,50441549.444487907,0.9195530404982587,0.83143234364224916,0.96362310951352126
cumulative-state-load,deepseek-v4-pro-0813-off,all-arms,dynamic,Omega_hat_StateLoad,85,57456842.610467665,0.92046938072495521,0.83319852381018666,0.96405005571064117
cumulative-state-load,deepseek-v4-pro-0813-off,all-arms,dynamic,Omega_hat_StateLoad,86,65447806.404067539,0.92137617571881758,0.83490224234739807,0.9644840154240919
cumulative-state-load,deepseek-v4-pro-0813-off,all-arms,dynamic,Omega_hat_StateLoad,87,74550134.82282716,0.92227350464485236,0.83654474717602356,0.96492461959892861
cumulative-state-load,deepseek-v4-pro-0813-off,all-arms,dynamic,Omega_hat_StateLoad,88,84918393.869290486,0.92316144647629694,0.83812730407751301,0.96537148256649097
cumulative-state-load,deepseek-v4-pro-0813-off,all-arms,dynamic,Omega_hat_StateLoad,89,96728646.22549209,0.92404007998299642,0.83965119419860534,0.96582420356155074
cumulative-state-load,deepseek-v4-pro-0813-off,all-arms,dynamic,Omega_hat_StateLoad,90,110181440.9610493,0.92490948372010962,0.8411177114988474,0.96628236834740566
cumulative-state-load,deepseek-v4-pro-0813-off,all-arms,dynamic,Omega_hat_StateLoad,91,125505219.04289673,0.92576973601713652,0.84252816015594978,0.96674555093170356
cumulative-state-load,deepseek-v4-pro-0813-off,all-arms,dynamic,Omega_hat_StateLoad,92,142960192.47537169,0.92662091496726606,0.84388385194640025,0.96721331535456878
cumulative-state-load,deepseek-v4-pro-0813-off,all-arms,dynamic,Omega_hat_StateLoad,93,162842762.94207257,0.92746309841703722,0.84518610361951396,0.96768521752978576
cumulative-state-load,deepseek-v4-pro-0813-off,all-arms,dynamic,Omega_hat_StateLoad,94,185490554.98212546,0.92829636395631332,0.84643623428346604,0.96816080711936847
cumulative-state-load,deepseek-v4-pro-0813-off,all-arms,dynamic,Omega_hat_StateLoad,95,211288149.16887718,0.9291207889085582,0.84763556282183772,0.96863962942180537
cumulative-state-load,deepseek-v4-pro-0813-off,all-arms,dynamic,Omega_hat_StateLoad,96,240673612.64573205,0.92993645032141847,0.84878540535881453,0.96912122725463445
cumulative-state-load,deepseek-v4-pro-0813-off,all-arms,dynamic,Omega_hat_StateLoad,97,274145937.91368103,0.93074342495759943,0.84988707279042663,0.96960514281269439
cumulative-state-load,deepseek-v4-pro-0813-off,all-arms,dynamic,Omega_hat_StateLoad,98,312273516.18808633,0.93154178928603693,0.85094186839816999,0.97009091948444848
cumulative-state-load,deepseek-v4-pro-0813-off,all-arms,dynamic,Omega_hat_StateLoad,99,355703789.21016335,0.93233161947335441,0.85195108556000398,0.97057810361007946
cumulative-state-load,deepseek-v4-pro-0813-off,all-arms,dynamic,Omega_hat_StateLoad,100,405174243.40993822,0.93311299137560721,0.85291600557216085,0.97106624616661308
cumulative-state-load,deepseek-v4-pro-0813-off,all-arms,dynamic,Omega_hat_StateLoad,101,461524933.11174542,0.93388598053030369,0.85383789559345835,0.97155490436705116
cumulative-state-load,deepseek-v4-pro-0813-off,all-arms,dynamic,Omega_hat_StateLoad,102,525712745.43799502,0.93465066214870307,0.85471800672195164,0.97204364316235981
cumulative-state-load,deepseek-v4-pro-0813-off,all-arms,dynamic,Omega_hat_StateLoad,103,598827649.14249873,0.93540711110838248,0.85555757221181816,0.97253203663708809
cumulative-state-load,deepseek-v4-pro-0813-off,all-arms,dynamic,Omega_hat_StateLoad,104,682111203.29367054,0.93615540194607139,0.85635780583642029,0.97301966929135708
cumulative-state-load,deepseek-v4-pro-0813-off,all-arms,dynamic,Omega_hat_StateLoad,105,776977640.10229099,0.9368956088507473,0.85711990040156094,0.97350613720388934
cumulative-state-load,deepseek-v4-pro-0813-off,all-arms,dynamic,Omega_hat_StateLoad,106,885037879.89978623,0.93762780565698733,0.85784502641108751,0.97399104907263079
cumulative-state-load,deepseek-v4-pro-0813-off,all-arms,dynamic,Omega_hat_StateLoad,107,1008126886.0637869,0.93835206583857433,0.85853433088523179,0.97447402713128684
cumulative-state-load,deepseek-v4-pro-0813-off,all-arms,dynamic,Omega_hat_StateLoad,108,1148334824.40293,0.93906846250234943,0.85918893633045545,0.97495470794174599
cumulative-state-load,deepseek-v4-pro-0813-off,all-arms,dynamic,Omega_hat_StateLoad,109,1308042556.1163659,0.93977706838231012,0.85980993985808329,0.97543274306386263
cumulative-state-load,deepseek-v4-pro-0813-off,all-arms,dynamic,Omega_hat_StateLoad,110,1489962067.0313261,0.940477955833947,0.86039841244769877,0.97590779960540286
cumulative-state-load,deepseek-v4-pro-0813-off,all-arms,dynamic,Omega_hat_StateLoad,111,1697182519.6448402,0.94117119682881412,0.86095539835014201,0.97637956065611997
cumulative-state-load,deepseek-v4-pro-0813-off,all-arms,dynamic,Omega_hat_StateLoad,112,1933222709.9761877,0.94185686294933224,0.8614819146239997,0.97684772561090505
cumulative-state-load,deepseek-v4-pro-0813-off,all-arms,dynamic,Omega_hat_StateLoad,113,2202090819.9960432,0.94253502538381695,0.86197895079869102,0.9773120103877615
cumulative-state-load,deepseek-v4-pro-0813-off,all-arms,dynamic,Omega_hat_StateLoad,114,2508352480.2843847,0.94320575492172876,0.86244746865665878,0.97777214754699215
cumulative-state-load,deepseek-v4-pro-0813-off,all-arms,dynamic,Omega_hat_StateLoad,115,2857208298.6841106,0.9438691219491413,0.86288840212673401,0.97822788631844437
cumulative-state-load,deepseek-v4-pro-0813-off,all-arms,dynamic,Omega_hat_StateLoad,116,3254582171.4593468,0.94452519644442212,0.86330265728044731,0.97867899254399748
cumulative-state-load,deepseek-v4-pro-0813-off,all-arms,dynamic,Omega_hat_StateLoad,117,3707221876.5636644,0.94517404797412341,0.86369111242291752,0.9791252485426386
cumulative-state-load,deepseek-v4-pro-0813-off,all-arms,dynamic,Omega_hat_StateLoad,118,4222813657.1858835,0.94581574568907645,0.8640546182699187,0.979566452905547
cumulative-state-load,deepseek-v4-pro-0813-off,all-arms,dynamic,Omega_hat_StateLoad,119,4810112741.3082876,0.94645035832068836,0.86439399820280949,0.98000242022855166
cumulative-state-load,deepseek-v4-pro-0813-off,all-arms,dynamic,Omega_hat_StateLoad,120,5479092013.6208477,0.9470779541774329,0.86471004859317668,0.98043298078918517
cumulative-state-load,deepseek-v4-pro-0813-off,all-arms,dynamic,Omega_hat_StateLoad,121,6241111364.3791094,0.9476986011415367,0.86500353918930506,0.98085798017534376
cumulative-state-load,deepseek-v4-pro-0813-off,all-arms,dynamic,Omega_hat_StateLoad,122,7109110590.9062595,0.94831236666585095,0.86527521355689052,0.98127727887227656
cumulative-state-load,deepseek-v4-pro-0813-off,all-arms,dynamic,Omega_hat_StateLoad,123,8097829127.3871012,0.94891931777090932,0.86552578956678516,0.98169075181430143
cumulative-state-load,deepseek-v4-pro-0813-off,all-arms,dynamic,Omega_hat_StateLoad,124,9224056334.1692524,0.94951952104216464,0.86575595992295362,0.98209828790727083
cumulative-state-load,deepseek-v4-pro-0813-off,all-arms,dynamic,Omega_hat_StateLoad,125,10506916596.717747,0.95011304262740348,0.86596639272425513,0.98249978952742589
cumulative-state-load,deepseek-v4-pro-0813-off,all-arms,dynamic,Omega_hat_StateLoad,126,11968194075.467552,0.95069994823433202,0.86615773205409907,0.9828951720018585
cumulative-state-load,deepseek-v4-pro-0813-off,all-arms,dynamic,Omega_hat_StateLoad,127,13632702621.128815,0.95128030312833045,0.86633059859247907,0.9832843630753868
cumulative-state-load,deepseek-v4-pro-0813-off,all-arms,dynamic,Omega_hat_StateLoad,128,15528707136.951481,0.95185417213037182,0.8664855902453289,0.98366730236823097
cumulative-state-load,deepseek-v4-pro-0813-off,all-arms,dynamic,Omega_hat_StateLoad,129,17688403543.070885,0.95242161961510319,0.8666232827865985,0.98404394082846502
cumulative-state-load,deepseek-v4-pro-0813-off,all-arms,dynamic,Omega_hat_StateLoad,130,20148465493.177376,0.95298270950908204,0.86674423050886606,0.98441424018281443
cumulative-state-load,deepseek-v4-pro-0813-off,all-arms,dynamic,Omega_hat_StateLoad,131,22950667127.265152,0.95353750528916703,0.8668489668787287,0.98477817238898491
cumulative-state-load,deepseek-v4-pro-0813-off,all-arms,dynamic,Omega_hat_StateLoad,132,26142592435.383877,0.95408606998105849,0.86693800519360675,0.98513571909233999
cumulative-state-load,deepseek-v4-pro-0813-off,all-arms,dynamic,Omega_hat_StateLoad,133,29778443278.046288,0.95462846615798513,0.86701183923696967,0.98548687108938682
cumulative-state-load,deepseek-v4-pro-0813-off,all-arms,dynamic,Omega_hat_StateLoad,134,33919959784.2332,0.95516475593953243,0.86707094392935558,0.98583162780021638
cumulative-state-load,deepseek-v4-pro-0813-off,all-arms,dynamic,Omega_hat_StateLoad,135,38637468756.207253,0.95569500099061144,0.86711577597287526,0.98616999675172146
cumulative-state-load,deepseek-v4-pro-0813-off,all-arms,dynamic,Omega_hat_StateLoad,136,44011077884.025024,0.95621926252056177,0.867146774487209,0.98650199307314668
cumulative-state-load,deepseek-v4-pro-0813-off,all-arms,dynamic,Omega_hat_StateLoad,137,50132036048.622993,0.95673760128238849,0.86716436163538113,0.98682763900525849
cumulative-state-load,deepseek-v4-pro-0813-off,all-arms,dynamic,Omega_hat_StateLoad,138,57104282812.683891,0.95725007757212532,0.86716894323786142,0.98714696342418606
cumulative-state-load,deepseek-v4-pro-0813-off,all-arms,dynamic,Omega_hat_StateLoad,139,65046213411.086273,0.95775675122832582,0.86716090937377854,0.98746000138077217
cumulative-state-load,deepseek-v4-pro-0813-off,all-arms,dynamic,Omega_hat_StateLoad,140,74092689212.108887,0.95825768163167491,0.86714063496824323,0.98776679365607356
cumulative-state-load,deepseek-v4-pro-0813-off,all-arms,dynamic,Omega_hat_StateLoad,141,84397327788.899475,0.95875292770472009,0.86710848036497989,0.98806738633348157
cumulative-state-load,deepseek-v4-pro-0813-off,all-arms,dynamic,Omega_hat_StateLoad,142,96135111488.7444,0.95924254791171937,0.86706479188363628,0.98836183038777381
cumulative-state-load,deepseek-v4-pro-0813-off,all-arms,dynamic,Omega_hat_StateLoad,143,109505358796.07361,0.95972660025859868,0.86700990236129283,0.9886501812912748
cumulative-state-load,deepseek-v4-pro-0813-off,all-arms,dynamic,Omega_hat_StateLoad,144,124735108945.71381,0.96020514229302301,0.86694413167784545,0.98893249863717936
cumulative-state-load,deepseek-v4-pro-0813-off,all-arms,dynamic,Omega_hat_StateLoad,145,142082977260.25885,0.96067823110457051,0.86686778726504055,0.98920884577998613
cumulative-state-load,deepseek-v4-pro-0813-off,all-arms,dynamic,Omega_hat_StateLoad,146,161843546678.78796,0.96114592332501236,0.86678116459906396,0.98947928949290498
cumulative-state-load,deepseek-v4-pro-0813-off,all-arms,dynamic,Omega_hat_StateLoad,147,184352370049.15485,0.96160827512869196,0.86668454767667458,0.98974389964200971
cumulative-state-load,deepseek-v4-pro-0813-off,all-arms,dynamic,Omega_hat_StateLoad,148,209991668127.44495,0.96206534223300233,0.86657820947494946,0.9900027488768568
cumulative-state-load,deepseek-v4-pro-0813-off,all-arms,dynamic,Omega_hat_StateLoad,149,239196820041.90717,0.96251717989895835,0.86646241239479038,0.99025591233722265
cumulative-state-load,deepseek-v4-pro-0813-off,all-arms,dynamic,Omega_hat_StateLoad,150,272463756435.50003,0.96296384293186077,0.86633740868838871,0.99050346737556971
cumulative-state-load,deepseek-v4-pro-0813-off,all-arms,dynamic,Omega_hat_StateLoad,151,310357380829.46777,0.96340538568204981,0.86620344087090595,0.99074549329481831
cumulative-state-load,deepseek-v4-pro-0813-off,all-arms,dynamic,Omega_hat_StateLoad,152,353521162210.5376,0.96384186204574529,0.86606074211666495,0.99098207110096148
cumulative-state-load,deepseek-v4-pro-0813-off,all-arms,dynamic,Omega_hat_StateLoad,153,402688061732.80969,0.96427332546597078,0.86590953664018588,0.99121328327004643
cumulative-state-load,deepseek-v4-pro-0813-off,all-arms,dynamic,Omega_hat_StateLoad,154,458692979079.86127,0.96469982893355843,0.86575004006242273,0.99143921352902276
cumulative-state-load,deepseek-v4-pro-0813-off,all-arms,dynamic,Omega_hat_StateLoad,155,522486929837.92133,0.96512142498823406,0.86558245976258719,0.99165994664994994
cumulative-state-load,deepseek-v4-pro-0813-off,all-arms,dynamic,Omega_hat_StateLoad,156,595153194625.03894,0.96553816571977702,0.86540699521596109,0.99187556825704404
cumulative-state-load,deepseek-v4-pro-0813-off,all-arms,dynamic,Omega_hat_StateLoad,157,677925714203.54346,0.96595010276925464,0.86522383831810434,0.9920861646460476
cumulative-state-load,deepseek-v4-pro-0813-off,all-arms,dynamic,Omega_hat_StateLoad,158,772210042941.86035,0.96635728733032855,0.8650331736958895,0.99229182261540017
cumulative-state-load,deepseek-v4-pro-0813-off,all-arms,dynamic,Omega_hat_StateLoad,159,879607216434.96851,0.96675977015062875,0.86483517900578166,0.99249262930869597
cumulative-state-load,deepseek-v4-pro-0813-off,all-arms,dynamic,Omega_hat_StateLoad,160,1001940938577.938,0.96715760153319608,0.86463002521979948,0.99268867206791567
cumulative-state-load,deepseek-v4-pro-0813-off,all-arms,dynamic,Omega_hat_StateLoad,161,1141288549754.2461,0.96755083133798669,0.86441787689958294,0.99288003829693194
cumulative-state-load,deepseek-v4-pro-0813-off,all-arms,dynamic,Omega_hat_StateLoad,162,1300016302007.6416,0.96793950898344239,0.86419889245899861,0.99306681533479713
cumulative-state-load,deepseek-v4-pro-0813-off,all-arms,dynamic,Omega_hat_StateLoad,163,1480819540202.6355,0.96832368344811726,0.86397322441570112,0.99324909033832931
cumulative-state-load,deepseek-v4-pro-0813-off,all-arms,dynamic,Omega_hat_StateLoad,164,1686768471487.2644,0.96870340327236459,0.86374101963206806,0.99342695017353255
cumulative-state-load,deepseek-v4-pro-0813-off,all-arms,dynamic,Omega_hat_StateLoad,165,1921360300265.9814,0.9690787165600786,0.86350241954592011,0.99360048131539092
cumulative-state-load,deepseek-v4-pro-0813-off,all-arms,dynamic,Omega_hat_StateLoad,166,2188578613983.2146,0.9694496709804904,0.86325756039142365,0.99376976975560227
cumulative-state-load,deepseek-v4-pro-0813-off,all-arms,dynamic,Omega_hat_StateLoad,167,2492961028143.2539,0.96981631377001565,0.86300657341056897,0.99393490091781933
cumulative-state-load,deepseek-v4-pro-0813-off,all-arms,dynamic,Omega_hat_StateLoad,168,2839676239241.8701,0.97017869173415061,0.86274958505560517,0.99409595957999242
cumulative-state-load,deepseek-v4-pro-0813-off,all-arms,dynamic,Omega_hat_StateLoad,169,3234611794040.2549,0.97053685124941891,0.86248671718280145,0.99425302980341601
cumulative-state-load,deepseek-v4-pro-0813-off,all-arms,dynamic,Omega_hat_StateLoad,170,3684474065584.877,0.97089083826536038,0.86221808723789661,0.99440619486809811
cumulative-state-load,deepseek-v4-pro-0813-off,all-arms,dynamic,Omega_hat_StateLoad,171,4196902133659.4658,0.97124069830656823,0.86194380843358132,0.99455553721409207
cumulative-state-load,deepseek-v4-pro-0813-off,all-arms,dynamic,Omega_hat_StateLoad,172,4780597503464.6436,0.97158647647476493,0.86166398991935544,0.99470113838843566
cumulative-state-load,deepseek-v4-pro-0813-off,all-arms,dynamic,Omega_hat_StateLoad,173,5445471865269.5811,0.97192821745092051,0.86137873694408096,0.9948430789973709
cumulative-state-load,deepseek-v4-pro-0813-off,all-arms,dynamic,Omega_hat_StateLoad,174,6202815404131.3633,0.97226596549740929,0.86108815101154601,0.99498143866351729
cumulative-state-load,deepseek-v4-pro-0813-off,all-arms,dynamic,Omega_hat_StateLoad,175,7065488517738.3594,0.97259976446020269,0.86079233002934485,0.99511629598770146
cumulative-state-load,deepseek-v4-pro-0813-off,all-arms,dynamic,Omega_hat_StateLoad,176,8048140197924.085,0.97292965777109963,0.86049136845135965,0.99524772851514876
cumulative-state-load,deepseek-v4-pro-0813-off,all-arms,dynamic,Omega_hat_StateLoad,177,9167456784173.6465,0.97325568844998855,0.86018535741412938,0.99537581270576192
cumulative-state-load,deepseek-v4-pro-0813-off,all-arms,dynamic,Omega_hat_StateLoad,178,10442445313187.943,0.9735778991071431,0.85987438486736978,0.99550062390822436
cumulative-state-load,deepseek-v4-pro-0813-off,all-arms,dynamic,Omega_hat_StateLoad,179,11894756276044.945,0.97389633194554737,0.85955853569890672,0.9956222363376791
cumulative-state-load,deepseek-v4-pro-0813-off,all-arms,dynamic,Omega_hat_StateLoad,180,13549051263675.49,0.97421102876325161,0.85923789185426536,0.99574072305674477
cumulative-state-load,deepseek-v4-pro-0813-off,all-arms,dynamic,Omega_hat_StateLoad,181,15433421743614.367,0.97452203095575496,0.85891253245115773,0.99585615595964605
cumulative-state-load,deepseek-v4-pro-0813-off,all-arms,dynamic,Omega_hat_StateLoad,182,17579866079247.18,0.97482937951841353,0.85858253388909167,0.99596860575924484
cumulative-state-load,deepseek-v4-pro-0813-off,all-arms,dynamic,Omega_hat_StateLoad,183,20024832891781.457,0.97513311504887668,0.85824796995432029,0.99607814197677125
cumulative-state-load,deepseek-v4-pro-0813-off,all-arms,dynamic,Omega_hat_StateLoad,184,22809839991735.832,0.97543327774954158,0.85790891192033991,0.99618483293406257
cumulative-state-load,deepseek-v4-pro-0813-off,all-arms,dynamic,Omega_hat_StateLoad,185,25982179389977.805,0.97572990743003529,0.85756542864413621,0.99628874574813242
cumulative-state-load,deepseek-v4-pro-0813-off,all-arms,dynamic,Omega_hat_StateLoad,186,29595720360053.734,0.97602304350971469,0.85721758665836734,0.99638994632789679
cumulative-state-load,deepseek-v4-pro-0813-off,all-arms,dynamic,Omega_hat_StateLoad,187,33711824188557.871,0.97631272502018607,0.85686545025966754,0.99648849937289896
cumulative-state-load,deepseek-v4-pro-0813-off,all-arms,dynamic,Omega_hat_StateLoad,188,38400386146849.188,0.97659899060784461,0.85650908159324479,0.99658446837388137
cumulative-state-load,deepseek-v4-pro-0813-off,all-arms,dynamic,Omega_hat_StateLoad,189,43741022377769.305,0.97688187853642994,0.85614854073393665,0.99667791561505958
cumulative-state-load,deepseek-v4-pro-0813-off,all-arms,dynamic,Omega_hat_StateLoad,190,49824421851796.742,0.97716142668959782,0.85578388576388653,0.99676890217796732
cumulative-state-load,deepseek-v4-pro-0813-off,all-arms,dynamic,Omega_hat_StateLoad,191,56753886350116.297,0.97743767257350755,0.85541517284698809,0.99685748794674167
cumulative-state-load,deepseek-v4-pro-0813-off,all-arms,dynamic,Omega_hat_StateLoad,192,64647084624941.758,0.97771065331942142,0.85504245630024478,0.99694373161473382
cumulative-state-load,deepseek-v4-pro-0813-off,all-arms,dynamic,Omega_hat_StateLoad,193,73638050524372.891,0.97798040568631939,0.85466578866218157,0.99702769069232944
cumulative-state-load,deepseek-v4-pro-0813-off,all-arms,dynamic,Omega_hat_StateLoad,194,83879459011799.266,0.97824696606352224,0.85428522075843982,0.997109421515876
cumulative-state-load,deepseek-v4-pro-0813-off,all-arms,dynamic,Omega_hat_StateLoad,195,95545218728778.906,0.97851037047332867,0.85390080176468197,0.99718897925761718
cumulative-state-load,deepseek-v4-pro-0813-off,all-arms,dynamic,Omega_hat_StateLoad,196,108833425125525.58,0.97877065457365908,0.85351257926692603,0.99726641793654158
cumulative-state-load,deepseek-v4-pro-0813-off,all-arms,dynamic,Omega_hat_StateLoad,197,123969724305896.75,0.97902785366071043,0.85312059931942286,0.99734179043005988
cumulative-state-load,deepseek-v4-pro-0813-off,all-arms,dynamic,Omega_hat_StateLoad,198,141211144708112.53,0.97928200267161603,0.85272490650018518,0.99741514848642798
cumulative-state-load,deepseek-v4-pro-0813-off,all-arms,dynamic,Omega_hat_StateLoad,199,160850461686691.91,0.97953313618711579,0.85232554396427529,0.99748654273783921
cumulative-state-load,deepseek-v4-pro-0813-off,all-arms,dynamic,Omega_hat_StateLoad,200,183221169110285.34,0.97978128843422885,0.85192255349494672,0.9975560227141177
cumulative-state-load,deepseek-v4-pro-0813-off,all-arms,dynamic,Omega_hat_StateLoad,201,208703142397738.38,0.98002649328893254,0.85151597555273517,0.99762363685694122
cumulative-state-load,deepseek-v4-pro-0813-off,all-arms,dynamic,Omega_hat_StateLoad,202,237729089156027.72,0.98026878427884701,0.85110584932259337,0.99768943253453579
cumulative-state-load,deepseek-v4-pro-0813-off,all-arms,dynamic,Omega_hat_StateLoad,203,270791896957883.5,0.9805081945859202,0.85069221275914797,0.99775345605678056
cumulative-state-load,deepseek-v4-pro-0813-off,all-arms,dynamic,Omega_hat_StateLoad,204,308453003031200,0.98074475704911812,0.85027510263016826,0.99781575269067235
cumulative-state-load,deepseek-v4-pro-0813-off,all-arms,dynamic,Omega_hat_StateLoad,205,351351927985362.38,0.98097850416711563,0.84985455455831915,0.99787636667609381
cumulative-state-load,deepseek-v4-pro-0813-off,all-arms,dynamic,Omega_hat_StateLoad,206,400217135465994.69,0.9812094681009883,0.84943060306127804,0.99793534124184513
cumulative-state-load,deepseek-v4-pro-0813-off,all-arms,dynamic,Omega_hat_StateLoad,207,455878402145213.62,0.98143768067690473,0.84900328159028016,0.99799271862188965
cumulative-state-load,deepseek-v4-pro-0813-off,all-arms,dynamic,Omega_hat_StateLoad,208,519280908101273.38,0.9816631733888187,0.84857262256716903,0.99804854007177579
cumulative-state-load,deepseek-v4-pro-0813-off,all-arms,dynamic,Omega_hat_StateLoad,209,591501286855412.5,0.98188597740115957,0.84813865742000794,0.99810284588519704
cumulative-state-load,deepseek-v4-pro-0813-off,all-arms,dynamic,Omega_hat_StateLoad,210,673765907610406.88,0.9821061235515226,0.84770141661731957,0.9981556754106542
cumulative-state-load,deepseek-v4-pro-0813-off,all-arms,dynamic,Omega_hat_StateLoad,211,767471700140256.75,0.98232364235335445,0.8472609297010133,0.99820706706818896
cumulative-state-load,deepseek-v4-pro-0813-off,all-arms,dynamic,Omega_hat_StateLoad,212,874209875957044,0.98253856399863793,0.84681722531805004,0.99825705836615708
cumulative-state-load,deepseek-v4-pro-0813-off,all-arms,dynamic,Omega_hat_StateLoad,213,995792948562350.75,0.9827509183605716,0.84637033125090722,0.99830568591801594
cumulative-state-load,deepseek-v4-pro-0813-off,all-arms,dynamic,Omega_hat_StateLoad,214,1134285511612351,0.98296073499624692,0.845920274446887,0.99835298545909723
cumulative-state-load,deepseek-v4-pro-0813-off,all-arms,dynamic,Omega_hat_StateLoad,215,1292039297638314.8,0.98316804314931827,0.84546708104632262,0.99839899186334635
cumulative-state-load,deepseek-v4-pro-0813-off,all-arms,dynamic,Omega_hat_StateLoad,216,1471733112652351.2,0.98337287175267019,0.84501077640972388,0.99844373916000062
cumulative-state-load,deepseek-v4-pro-0813-off,all-arms,dynamic,Omega_hat_StateLoad,217,1676418324765014,0.98357524943107688,0.84455138514391359,0.99848726055019399
cumulative-state-load,deepseek-v4-pro-0813-off,all-arms,dynamic,Omega_hat_StateLoad,218,1909570679253842.2,0.98377520450385669,0.84408893112718786,0.99852958842346251
cumulative-state-load,deepseek-v4-pro-0813-off,all-arms,dynamic,Omega_hat_StateLoad,219,2175149319950990.5,0.98397276498751973,0.84362343753354996,0.99857075437413945
cumulative-state-load,deepseek-v4-pro-0813-off,all-arms,dynamic,Omega_hat_StateLoad,220,2477664019187790,0.98416795859840678,0.84315492685605187,0.99861078921762314
cumulative-state-load,deepseek-v4-pro-0813-off,all-arms,dynamic,Omega_hat_StateLoad,221,2822251757923516,0.98436081275532294,0.84268342092927884,0.99864972300650268
cumulative-state-load,deepseek-v4-pro-0813-off,all-arms,dynamic,Omega_hat_StateLoad,222,3214763956459843.5,0.98455135458216048,0.84220894095101784,0.99868758504653088
cumulative-state-load,deepseek-v4-pro-0813-off,all-arms,dynamic,Omega_hat_StateLoad,223,3661865837000028.5,0.9847396109105151,0.84173150750313697,0.99872440391243156
cumulative-state-load,deepseek-v4-pro-0813-off,all-arms,dynamic,Omega_hat_StateLoad,224,4171149605321062,0.98492560828229225,0.84125114057171402,0.99876020746353411
cumulative-state-load,deepseek-v4-pro-0813-off,all-arms,dynamic,Omega_hat_StateLoad,225,4751263373489321,0.98510937295230516,0.84076785956644151,0.99879502285922106
cumulative-state-load,deepseek-v4-pro-0813-off,all-arms,dynamic,Omega_hat_StateLoad,226,5412058012846948,0.98529093089086084,0.84028168333933773,0.99882887657418584
cumulative-state-load,deepseek-v4-pro-0813-off,all-arms,dynamic,Omega_hat_StateLoad,227,6164754430969357,0.98547030778633826,0.83979263020279282,0.99886179441349054
cumulative-state-load,deepseek-v4-pro-0813-off,all-arms,dynamic,Omega_hat_StateLoad,228,7022134113112519,0.98564752904775521,0.83930071794697758,0.99889380152741825
cumulative-state-load,deepseek-v4-pro-0813-off,all-arms,dynamic,Omega_hat_StateLoad,229,7998756163720322,0.98582261980732466,0.83880596385663786,0.99892492242611364
cumulative-state-load,deepseek-v4-pro-0813-off,all-arms,dynamic,Omega_hat_StateLoad,230,9111204533559578,0.98599560492299854,0.83830838472730218,0.99895518099400959
cumulative-state-load,deepseek-v4-pro-0813-off,all-arms,dynamic,Omega_hat_StateLoad,231,10378369630628336,0.98616650898100289,0.837807996880924,0.99898460050403226
cumulative-state-load,deepseek-v4-pro-0813-off,all-arms,dynamic,Omega_hat_StateLoad,232,11821769096853822,0.98633535629835833,0.83730481618098218,0.99901320363158297
cumulative-state-load,deepseek-v4-pro-0813-off,all-arms,dynamic,Omega_hat_StateLoad,233,13465913197665350,0.98650217092539016,0.83679885804705922,0.99904101246829502
cumulative-state-load,deepseek-v4-pro-0813-off,all-arms,dynamic,Omega_hat_StateLoad,234,15338721029098442,0.98666697664822622,0.83629013746892233,0.99906804853556108
cumulative-state-load,deepseek-v4-pro-0813-off,all-arms,dynamic,Omega_hat_StateLoad,235,17471994610012704,0.9868297969912817,0.83577866902012066,0.99909433279783033
cumulative-state-load,deepseek-v4-pro-0813-off,all-arms,dynamic,Omega_hat_StateLoad,236,19901958909950544,0.98699065521973106,0.8352644668711221,0.99911988567567511
cumulative-state-load,deepseek-v4-pro-0813-off,all-arms,dynamic,Omega_hat_StateLoad,237,22669876982813112,0.98714957434196715,0.83474754480200664,0.99914472705862467
cumulative-state-load,deepseek-v4-pro-0813-off,all-arms,dynamic,Omega_hat_StateLoad,238,25822750651893204,0.98730657711204761,0.83422791621473336,0.99916887631776508
cumulative-state-load,deepseek-v4-pro-0813-off,all-arms,dynamic,Omega_hat_StateLoad,239,29414118644551596,0.98746168603212647,0.8337055941449949,0.99919235231810788
cumulative-state-load,glm-5.3-high,all-arms,dynamic,Omega_hat_StateLoad,0,895.99999999999977,0.26806402210605623,0.11096159364966775,0.51799769155047137
cumulative-state-load,glm-5.3-high,all-arms,dynamic,Omega_hat_StateLoad,1,1020.6135922853721,0.26900084203237751,0.11221215243499683,0.51722965296268031
cumulative-state-load,glm-5.3-high,all-arms,dynamic,Omega_hat_StateLoad,2,1162.5581526313067,0.26993972847608977,0.1134738756676731,0.51646433976256323
cumulative-state-load,glm-5.3-high,all-arms,dynamic,Omega_hat_StateLoad,3,1324.2440316938439,0.27088067756864537,0.1147467849601498,0.51570181905484869
cumulative-state-load,glm-5.3-high,all-arms,dynamic,Omega_hat_StateLoad,4,1508.4168060820521,0.27182368537745799,0.11603089939851502,0.51494215967001078
cumulative-state-load,glm-5.3-high,all-arms,dynamic,Omega_hat_StateLoad,5,1718.2039008024899,0.27276874790578204,0.11732623544770211,0.51418543222255808
cumulative-state-load,glm-5.3-high,all-arms,dynamic,Omega_hat_StateLoad,6,1957.1676958446083,0.2737158610925951,0.11863280685398553,0.51343170917153313
cumulative-state-load,glm-5.3-high,all-arms,dynamic,Omega_hat_StateLoad,7,2229.3660187063037,0.27466502081248423,0.11995062454468147,0.51268106488331311
cumulative-state-load,glm-5.3-high,all-arms,dynamic,Omega_hat_StateLoad,8,2539.421050078995,0.27561622287553561,0.12127969652497077,0.51193357569679843
cumulative-state-load,glm-5.3-high,all-arms,dynamic,Omega_hat_StateLoad,9,2892.597812774794,0.27656946302722746,0.12262002777175579,0.51118931999108785
cumulative-state-load,glm-5.3-high,all-arms,dynamic,Omega_hat_StateLoad,10,3294.8935767108146,0.2775247369483268,0.12397162012446433,0.51044837825573441
cumulative-state-load,glm-5.3-high,all-arms,dynamic,Omega_hat_StateLoad,11,3753.1396981303837,0.27848204025478956,0.12533447217270713,0.50971083316368537
cumulative-state-load,glm-5.3-high,all-arms,dynamic,Omega_hat_StateLoad,12,4275.1176223858138,0.27944136849766427,0.12670857914069472,0.50897676964700911
cumulative-state-load,glm-5.3-high,all-arms,dynamic,Omega_hat_StateLoad,13,4869.6910201179526,0.28040271716299942,0.12809393276831543,0.50824627497551988
cumulative-state-load,glm-5.3-high,all-arms,dynamic,Omega_hat_StateLoad,14,5546.9563006276821,0.2813660816717547,0.12949052118877444,0.507519438838408
cumulative-state-load,glm-5.3-high,all-arms,dynamic,Omega_hat_StateLoad,15,6318.4140582964192,0.28233145737971527,0.13089832880268917,0.50679635342899554
cumulative-state-load,glm-5.3-high,all-arms,dynamic,Omega_hat_StateLoad,16,7197.164363375342,0.28329883957741059,0.13231733614853505,0.50607711353273277
cumulative-state-load,glm-5.3-high,all-arms,dynamic,Omega_hat_StateLoad,17,8198.1292133624702,0.28426822349003628,0.13374751976933169,0.50536181661856139
cumulative-state-load,glm-5.3-high,all-arms,dynamic,Omega_hat_StateLoad,18,9338.3059223990113,0.28523960427737999,0.13518885207545667,0.50465056293376753
cumulative-state-load,glm-5.3-high,all-arms,dynamic,Omega_hat_StateLoad,19,10637.05575147257,0.28621297703375115,0.13664130120347159,0.5039434556024569
cumulative-state-load,glm-5.3-high,all-arms,dynamic,Omega_hat_StateLoad,20,12116.432680636386,0.28718833678791444,0.13810483087084247,0.50324060072778387
cumulative-state-load,glm-5.3-high,all-arms,dynamic,Omega_hat_StateLoad,21,13801.557906102886,0.28816567850302705,0.13957940022643311,0.50254210749807249
cumulative-state-load,glm-5.3-high,all-arms,dynamic,Omega_hat_StateLoad,22,15721.046421520366,0.28914499707658015,0.14106496369664812,0.5018480882969677
cumulative-state-load,glm-5.3-high,all-arms,dynamic,Omega_hat_StateLoad,23,17907.492927179665,0.29012628734034357,0.14256147082710027,0.50115865881776078
cumulative-state-load,glm-5.3-high,all-arms,dynamic,Omega_hat_StateLoad,24,20398.025318341224,0.2911095440603152,0.1440688661196744,0.5004739381820339
cumulative-state-load,glm-5.3-high,all-arms,dynamic,Omega_hat_StateLoad,25,23234.93515142881,0.29209476193667383,0.14558708886485766,0.49979404906277292
cumulative-state-load,glm-5.3-high,all-arms,dynamic,Omega_hat_StateLoad,26,26466.395793992637,0.29308193560373608,0.14711607296920606,0.49911911781209733
cumulative-state-load,glm-5.3-high,all-arms,dynamic,Omega_hat_StateLoad,27,30147.280453296087,0.29407105962991748,0.14865574677781515,0.49844927459376043
cumulative-state-load,glm-5.3-high,all-arms,dynamic,Omega_hat_StateLoad,28,34340.093974411953,0.29506212851769736,0.15020603289166129,0.49778465352057333
cumulative-state-load,glm-5.3-high,all-arms,dynamic,Omega_hat_StateLoad,29,39116.034230627069,0.29605513670358813,0.15176684797968301,0.49712539279690515
cumulative-state-load,glm-5.3-high,all-arms,dynamic,Omega_hat_StateLoad,30,44556.201129551213,0.29705007855810822,0.1533381025854689,0.4964716348664156
cumulative-state-load,glm-5.3-high,all-arms,dynamic,Omega_hat_StateLoad,31,50752.973764978538,0.29804694838575929,0.15491970092842183,0.49582352656517192
cumulative-state-load,glm-5.3-high,all-arms,dynamic,Omega_hat_StateLoad,32,57811.579099821436,0.29904574042500809,0.15651154069927317,0.4951812192803029
cumulative-state-load,glm-5.3-high,all-arms,dynamic,Omega_hat_StateLoad,33,65851.878817810983,0.30004644884827131,0.15811351284981934,0.49454486911433848
cumulative-state-load,glm-5.3-high,all-arms,dynamic,Omega_hat_StateLoad,34,75010.404686369526,0.30104906776190599,0.15972550137676275,0.49391463705538174
cumulative-state-load,glm-5.3-high,all-arms,dynamic,Omega_hat_StateLoad,35,85442.676993007946,0.30205359120620301,0.16134738309954141,0.49329068915325275
cumulative-state-load,glm-5.3-high,all-arms,dynamic,Omega_hat_StateLoad,36,97325.845424456013,0.3030600131553855,0.16297902743203938,0.49267319670173892
cumulative-state-load,glm-5.3-high,all-arms,dynamic,Omega_hat_StateLoad,37,110861.69723310818,0.30406832751761104,0.16462029614807977,0.49206233642707936
cumulative-state-load,glm-5.3-high,all-arms,dynamic,Omega_hat_StateLoad,38,126280.08377224984,0.30507852813497877,0.16627104314061283,0.49145829068279656
cumulative-state-load,glm-5.3-high,all-arms,dynamic,Omega_hat_StateLoad,39,143842.82358581884,0.30609060878353983,0.16793111417452145,0.49086124765098377
cumulative-state-load,glm-5.3-high,all-arms,dynamic,Omega_hat_StateLoad,40,163848.14833079607,0.30710456317331308,0.16960034663298701,0.4902714015501326
cumulative-state-load,glm-5.3-high,all-arms,dynamic,Omega_hat_StateLoad,41,186635.76702812582,0.30812038494830474,0.17127856925737037,0.48968895284957975
cumulative-state-load,glm-5.3-high,all-arms,dynamic,Omega_hat_StateLoad,42,212592.63463784699,0.30913806768653207,0.17296560188058657,0.48911410849062059
cumulative-state-load,glm-5.3-high,all-arms,dynamic,Omega_hat_StateLoad,43,242159.52291422398,0.31015760490005201,0.1746612551539761,0.48854708211432318
cumulative-state-load,glm-5.3-high,all-arms,dynamic,Omega_hat_StateLoad,44,275838.50512008718,0.31117899003499422,0.17636533026770049,0.48798809429604323
cumulative-state-load,glm-5.3-high,all-arms,dynamic,Omega_hat_StateLoad,45,314201.48169781163,0.31220221647159757,0.17807761866472333,0.48743737278661331
cumulative-state-load,glm-5.3-high,all-arms,dynamic,Omega_hat_StateLoad,46,357899.89167074801,0.31322727752425261,0.17979790174847332,0.48689515276014472
cumulative-state-load,glm-5.3-high,all-arms,dynamic,Omega_hat_StateLoad,47,407675.77468373533,0.31425416644154691,0.18152595058432569,0.48636167706833683
cumulative-state-load,glm-5.3-high,all-arms,dynamic,Omega_hat_StateLoad,48,464374.37152643997,0.31528287640631658,0.18326152559508577,0.48583719650114665
cumulative-state-load,glm-5.3-high,all-arms,dynamic,Omega_hat_StateLoad,49,528958.47710810369,0.31631340053570023,0.18500437625070815,0.48532197005361988
cumulative-state-load,glm-5.3-high,all-arms,dynamic,Omega_hat_StateLoad,50,602524.78961060592,0.31734573188119947,0.1867542407525459,0.48481626519862514
cumulative-state-load,glm-5.3-high,all-arms,dynamic,Omega_hat_StateLoad,51,686322.5334436018,0.31837986342874253,0.18851084571248605,0.48432035816517077
cumulative-state-load,glm-5.3-high,all-arms,dynamic,Omega_hat_StateLoad,52,781774.67223691079,0.31941578809875315,0.19027390582740394,0.48383453422190864
cumulative-state-load,glm-5.3-high,all-arms,dynamic,Omega_hat_StateLoad,53,890502.07208642096,0.32045349874622386,0.19204312354944672,0.48335908796535193
cumulative-state-load,glm-5.3-high,all-arms,dynamic,Omega_hat_StateLoad,54,1014351.0253679547,0.32149298816079336,0.19381818875274814,0.48289432361224255
cumulative-state-load,glm-5.3-high,all-arms,dynamic,Omega_hat_StateLoad,55,1155424.6024990422,0.32253424906682954,0.1955987783972756,0.48244055529540442
cumulative-state-load,glm-5.3-high,all-arms,dynamic,Omega_hat_StateLoad,56,1316118.3640306282,0.32357727412351589,0.19738455619061926,0.48199810736231274
cumulative-state-load,glm-5.3-high,all-arms,dynamic,Omega_hat_StateLoad,57,1499161.0394933596,0.3246220559249437,0.19917517224865522,0.4815673146754843
cumulative-state-load,glm-5.3-high,all-arms,dynamic,Omega_hat_StateLoad,58,1707660.8637629319,0.32566858700020773,0.20097026275614449,0.48114852291366716
cumulative-state-load,glm-5.3-high,all-arms,dynamic,Omega_hat_StateLoad,59,1945158.3577792721,0.32671685981350762,0.20276944962847768,0.48074208887265907
cumulative-state-load,glm-5.3-high,all-arms,dynamic,Omega_hat_StateLoad,60,2215686.4498850657,0.3277668667642531,0.20457234017592724,0.48034838076443165
cumulative-state-load,glm-5.3-high,all-arms,dynamic,Omega_hat_StateLoad,61,2523838.9587000227,0.32881860018717446,0.20637852677194568,0.47996777851306255
cumulative-state-load,glm-5.3-high,all-arms,dynamic,Omega_hat_StateLoad,62,2874848.6004337096,0.32987205235243738,0.20818758652722832,0.47960067404579587
cumulative-state-load,glm-5.3-high,all-arms,dynamic,Omega_hat_StateLoad,63,3274675.8452736791,0.33092721546576248,0.20999908097146233,0.47924747157735048
cumulative-state-load,glm-5.3-high,all-arms,dynamic,Omega_hat_StateLoad,64,3730110.131713076,0.33198408166855004,0.21181255574489202,0.47890858788538465
cumulative-state-load,glm-5.3-high,all-arms,dynamic,Omega_hat_StateLoad,65,4248885.157530956,0.33304264303800835,0.21362754030206477,0.47858445257479415
cumulative-state-load,glm-5.3-high,all-arms,dynamic,Omega_hat_StateLoad,66,4839810.2051737504,0.33410289158728818,0.21544354763035994,0.47827550832828131
cumulative-state-load,glm-5.3-high,all-arms,dynamic,Omega_hat_StateLoad,67,5512919.7315644799,0.33516481926562086,0.2172600739861619,0.47798221114037232
cumulative-state-load,glm-5.3-high,all-arms,dynamic,Omega_hat_StateLoad,68,6279643.7625144357,0.3362284179584617,0.21907659865180801,0.47770503053179447
cumulative-state-load,glm-5.3-high,all-arms,dynamic,Omega_hat_StateLoad,69,7153001.9851922886,0.33729367948763794,0.22089258371672299,0.4774444497408396
cumulative-state-load,glm-5.3-high,all-arms,dynamic,Omega_hat_StateLoad,70,8147824.8345217453,0.33836059561150172,0.22270747388644552,0.477200965888049
cumulative-state-load,glm-5.3-high,all-arms,dynamic,Omega_hat_StateLoad,71,9281005.3277602997,0.33942915802508711,0.22452069632355307,0.4769750901102508
cumulative-state-load,glm-5.3-high,all-arms,dynamic,Omega_hat_StateLoad,72,10571785.923644081,0.34049935836027301,0.22633166052479575,0.47676734765968054
cumulative-state-load,glm-5.3-high,all-arms,dynamic,Omega_hat_StateLoad,73,12042085.277234759,0.34157118818595,0.22813975823906238,0.47657827796359947
cumulative-state-load,glm-5.3-high,all-arms,dynamic,Omega_hat_StateLoad,74,13716870.439068452,0.34264463900819198,0.22994436343110469,0.47640843463952137
cumulative-state-load,glm-5.3-high,all-arms,dynamic,Omega_hat_StateLoad,75,15624580.818895854,0.34371970227043319,0.23174483229625165,0.47625838546085691
cumulative-state-load,glm-5.3-high,all-arms,dynamic,Omega_hat_StateLoad,76,17797611.113310739,0.34479636935364955,0.23354050333162815,0.47612871226749509
cumulative-state-load,glm-5.3-high,all-arms,dynamic,Omega_hat_StateLoad,77,20272861.397828281,0.34587463157654469,0.23533069746966598,0.4760200108155721
cumulative-state-load,glm-5.3-high,all-arms,dynamic,Omega_hat_StateLoad,78,23092363.7244877,0.34695448019574132,0.23711471827993591,0.47593289056043608
cumulative-state-load,glm-5.3-high,all-arms,dynamic,Omega_hat_StateLoad,79,26303995.865189459,0.34803590640597698,0.23889185224553616,0.47586797436660444
cumulative-state-load,glm-5.3-high,all-arms,dynamic,Omega_hat_StateLoad,80,29962294.320793148,0.3491189013403046,0.24066136912043509,0.4758258981383548
cumulative-state-load,glm-5.3-high,all-arms,dynamic,Omega_hat_StateLoad,81,34129380.401625261,0.35020345607029801,0.24242252237427173,0.47580731036447566
cumulative-state-load,glm-5.3-high,all-arms,dynamic,Omega_hat_StateLoad,82,38876015.105108067,0.35128956160626229,0.24417454973115849,0.47581287157066826
cumulative-state-load,glm-5.3-high,all-arms,dynamic,Omega_hat_StateLoad,83,44282800.703308754,0.35237720889744872,0.24591667380898546,0.47584325367313085
cumulative-state-load,glm-5.3-high,all-arms,dynamic,Omega_hat_StateLoad,84,50441549.444487907,0.35346638883227466,0.2476481028655966,0.47589913922698768
cumulative-state-load,glm-5.3-high,all-arms,dynamic,Omega_hat_StateLoad,85,57456842.610467665,0.35455709223854853,0.24936803165796434,0.4759812205634637
cumulative-state-load,glm-5.3-high,all-arms,dynamic,Omega_hat_StateLoad,86,65447806.404067539,0.35564930988369875,0.25107564242013314,0.47609019881006537
cumulative-state-load,glm-5.3-high,all-arms,dynamic,Omega_hat_StateLoad,87,74550134.82282716,0.35674303247500866,0.2527701059652076,0.47622678278852049
cumulative-state-load,glm-5.3-high,all-arms,dynamic,Omega_hat_StateLoad,88,84918393.869290486,0.35783825065985497,0.25445058291602263,0.47639168778586372
cumulative-state-load,glm-5.3-high,all-arms,dynamic,Omega_hat_StateLoad,89,96728646.22549209,0.35893495502595207,0.25611622506834258,0.4765856341948484
cumulative-state-load,glm-5.3-high,all-arms,dynamic,Omega_hat_StateLoad,90,110181440.9610493,0.36003313610160065,0.25776617688946973,0.47680934602082808
cumulative-state-load,glm-5.3-high,all-arms,dynamic,Omega_hat_StateLoad,91,125505219.04289673,0.36113278435594104,0.25939957715401479,0.47706354925337691
cumulative-state-load,glm-5.3-high,all-arms,dynamic,Omega_hat_StateLoad,92,142960192.47537169,0.36223389019921132,0.26101556071726689,0.4773489701022342
cumulative-state-load,glm-5.3-high,all-arms,dynamic,Omega_hat_StateLoad,93,162842762.94207257,0.36333644398301068,0.26261326042511945,0.47766633309863549
cumulative-state-load,glm-5.3-high,all-arms,dynamic,Omega_hat_StateLoad,94,185490554.98212546,0.36444043600056686,0.26419180915784507,0.47801635906475615
cumulative-state-load,glm-5.3-high,all-arms,dynamic,Omega_hat_StateLoad,95,211288149.16887718,0.36554585648700882,0.2657503420031993,0.47839976295580511
cumulative-state-load,glm-5.3-high,all-arms,dynamic,Omega_hat_StateLoad,96,240673612.64573205,0.36665269561964414,0.26728799855236585,0.47881725158126948
cumulative-state-load,glm-5.3-high,all-arms,dynamic,Omega_hat_StateLoad,97,274145937.91368103,0.36776094351824062,0.26880392531017572,0.47926952121389338
cumulative-state-load,glm-5.3-high,all-arms,dynamic,Omega_hat_StateLoad,98,312273516.18808633,0.3688705902453136,0.27029727820885335,0.4797572550971495
cumulative-state-load,glm-5.3-high,all-arms,dynamic,Omega_hat_StateLoad,99,355703789.21016335,0.36998162580641697,0.27176722521231228,0.48028112086418961
cumulative-state-load,glm-5.3-high,all-arms,dynamic,Omega_hat_StateLoad,100,405174243.40993822,0.37109404015043956,0.27321294899578263,0.48084176788350197
cumulative-state-load,glm-5.3-high,all-arms,dynamic,Omega_hat_StateLoad,101,461524933.11174542,0.37220782316990625,0.27463364968334242,0.48143982454870998
cumulative-state-load,glm-5.3-high,all-arms,dynamic,Omega_hat_StateLoad,102,525712745.43799502,0.3733229647012829,0.27602854762381623,0.4820758955320521
cumulative-state-load,glm-5.3-high,all-arms,dynamic,Omega_hat_StateLoad,103,598827649.14249873,0.37443945452528765,0.27739688618353864,0.48275055902305131
cumulative-state-load,glm-5.3-high,all-arms,dynamic,Omega_hat_StateLoad,104,682111203.29367054,0.37555728236720454,0.27873793453272983,0.48346436397562453
cumulative-state-load,glm-5.3-high,all-arms,dynamic,Omega_hat_StateLoad,105,776977640.10229099,0.37667643789720429,0.2800509904007572,0.48421782738835933
cumulative-state-load,glm-5.3-high,all-arms,dynamic,Omega_hat_StateLoad,106,885037879.89978623,0.37779691073066762,0.28133538277440401,0.48501143164383437
cumulative-state-load,glm-5.3-high,all-arms,dynamic,Omega_hat_StateLoad,107,1008126886.0637869,0.37891869042851506,0.28259047451251873,0.48584562193360398
cumulative-state-load,glm-5.3-high,all-arms,dynamic,Omega_hat_StateLoad,108,1148334824.40293,0.38004176649753901,0.28381566485008847,0.48672080379579641
cumulative-state-load,glm-5.3-high,all-arms,dynamic,Omega_hat_StateLoad,109,1308042556.1163659,0.38116612839074315,0.28501039176494419,0.48763734079211124
cumulative-state-load,glm-5.3-high,all-arms,dynamic,Omega_hat_StateLoad,110,1489962067.0313261,0.38229176550768434,0.28617413418095372,0.48859555235034696
cumulative-state-load,glm-5.3-high,all-arms,dynamic,Omega_hat_StateLoad,111,1697182519.6448402,0.38341866719481987,0.28730641398274098,0.48959571179740768
cumulative-state-load,glm-5.3-high,all-arms,dynamic,Omega_hat_StateLoad,112,1933222709.9761877,0.38454682274585911,0.28840679781864981,0.49063804460605798
cumulative-state-load,glm-5.3-high,all-arms,dynamic,Omega_hat_StateLoad,113,2202090819.9960432,0.38567622140211982,0.28947489867086218,0.49172272687649399
cumulative-state-load,glm-5.3-high,all-arms,dynamic,Omega_hat_StateLoad,114,2508352480.2843847,0.38680685235288914,0.29051037717422906,0.49284988407115976
cumulative-state-load,glm-5.3-high,all-arms,dynamic,Omega_hat_StateLoad,115,2857208298.6841106,0.38793870473578806,0.29151294266842764,0.4940195900181687
cumulative-state-load,glm-5.3-high,all-arms,dynamic,Omega_hat_StateLoad,116,3254582171.4593468,0.38907176763714191,0.29248235397147676,0.4952318661952767
cumulative-state-load,glm-5.3-high,all-arms,dynamic,Omega_hat_StateLoad,117,3707221876.5636644,0.39020603009235399,0.29341841986631473,0.49648668130267953
cumulative-state-load,glm-5.3-high,all-arms,dynamic,Omega_hat_StateLoad,118,4222813657.1858835,0.39134148108628392,0.29432099929601863,0.49778395112902296
cumulative-state-load,glm-5.3-high,all-arms,dynamic,Omega_hat_StateLoad,119,4810112741.3082876,0.39247810955363116,0.29519000126718808,0.49912353871107945
cumulative-state-load,glm-5.3-high,all-arms,dynamic,Omega_hat_StateLoad,120,5479092013.6208477,0.39361590437932159,0.29602538446497567,0.50050525478357211
cumulative-state-load,glm-5.3-high,all-arms,dynamic,Omega_hat_StateLoad,121,6241111364.3791094,0.39475485439889979,0.29682715658708908,0.50192885851179081
cumulative-state-load,glm-5.3-high,all-arms,dynamic,Omega_hat_StateLoad,122,7109110590.9062595,0.39589494839892414,0.29759537340773834,0.50339405849599006
cumulative-state-load,glm-5.3-high,all-arms,dynamic,Omega_hat_StateLoad,123,8097829127.3871012,0.39703617511736816,0.29833013758588312,0.50490051403317637
cumulative-state-load,glm-5.3-high,all-arms,dynamic,Omega_hat_StateLoad,124,9224056334.1692524,0.39817852324402386,0.29903159723514566,0.50644783661888093
cumulative-state-load,glm-5.3-high,all-arms,dynamic,Omega_hat_StateLoad,125,10506916596.717747,0.39932198142091152,0.29969994427537028,0.50803559166889434
cumulative-state-load,glm-5.3-high,all-arms,dynamic,Omega_hat_StateLoad,126,11968194075.467552,0.40046653824269179,0.30033541258795787,0.50966330043879138
cumulative-state-load,glm-5.3-high,all-arms,dynamic,Omega_hat_StateLoad,127,13632702621.128815,0.40161218225708362,0.30093827599876105,0.51133044211741741
cumulative-state-load,glm-5.3-high,all-arms,dynamic,Omega_hat_StateLoad,128,15528707136.951481,0.40275890196528485,0.30150884611348783,0.51303645606933845
cumulative-state-load,glm-5.3-high,all-arms,dynamic,Omega_hat_StateLoad,129,17688403543.070885,0.4039066858223983,0.30204747003122168,0.51478074420060138
cumulative-state-load,glm-5.3-high,all-arms,dynamic,Omega_hat_StateLoad,130,20148465493.177376,0.4050555222378609,0.30255452796183607,0.51656267342197471
cumulative-state-load,glm-5.3-high,all-arms,dynamic,Omega_hat_StateLoad,131,22950667127.265152,0.40620539957587753,0.30303043077280384,0.51838157818411656
cumulative-state-load,glm-5.3-high,all-arms,dynamic,Omega_hat_StateLoad,132,26142592435.383877,0.40735630615585861,0.30347561749020596,0.52023676305981414
cumulative-state-load,glm-5.3-high,all-arms,dynamic,Omega_hat_StateLoad,133,29778443278.046288,0.40850823025286176,0.30389055277767935,0.52212750534949826
cumulative-state-load,glm-5.3-high,all-arms,dynamic,Omega_hat_StateLoad,134,33919959784.2332,0.40966116009803766,0.30427572441567102,0.52405305768760935
cumulative-state-load,glm-5.3-high,all-arms,dynamic,Omega_hat_StateLoad,135,38637468756.207253,0.41081508387907933,0.30463164080172428,0.52601265062903246
cumulative-state-load,glm-5.3-high,all-arms,dynamic,Omega_hat_StateLoad,136,44011077884.025024,0.411969989740676,0.30495882849070177,0.52800549519663476
cumulative-state-load,glm-5.3-high,all-arms,dynamic,Omega_hat_StateLoad,137,50132036048.622993,0.41312586578497024,0.30525782979187338,0.5300307853729207
cumulative-state-load,glm-5.3-high,all-arms,dynamic,Omega_hat_StateLoad,138,57104282812.683891,0.41428270007201923,0.30552920043774545,0.53208770052086229
cumulative-state-load,glm-5.3-high,all-arms,dynamic,Omega_hat_StateLoad,139,65046213411.086273,0.41544048062026018,0.3057735073374106,0.53417540772106609
cumulative-state-load,glm-5.3-high,all-arms,dynamic,Omega_hat_StateLoad,140,74092689212.108887,0.41659919540697871,0.30599132642513122,0.53629306401449717
cumulative-state-load,glm-5.3-high,all-arms,dynamic,Omega_hat_StateLoad,141,84397327788.899475,0.41775883236878142,0.30618324061283214,0.53843981854202183
cumulative-state-load,glm-5.3-high,all-arms,dynamic,Omega_hat_StateLoad,142,96135111488.7444,0.41891937940207274,0.3063498378532426,0.54061481457396077
cumulative-state-load,glm-5.3-high,all-arms,dynamic,Omega_hat_StateLoad,143,109505358796.07361,0.42008082436353433,0.30649170931859276,0.5428171914246831
cumulative-state-load,glm-5.3-high,all-arms,dynamic,Omega_hat_StateLoad,144,124735108945.71381,0.42124315507060867,0.30660944769807991,0.54504608624895634
cumulative-state-load,glm-5.3-high,all-arms,dynamic,Omega_hat_StateLoad,145,142082977260.25885,0.42240635930198667,0.3067036456157628,0.54730063571832888
cumulative-state-load,glm-5.3-high,all-arms,dynamic,Omega_hat_StateLoad,146,161843546678.78796,0.42357042479809764,0.30677489416915327,0.54957997757720334
cumulative-state-load,glm-5.3-high,all-arms,dynamic,Omega_hat_StateLoad,147,184352370049.15485,0.42473533926160439,0.30682378158754137,0.55188325207949862
cumulative-state-load,glm-5.3-high,all-arms,dynamic,Omega_hat_StateLoad,148,209991668127.44495,0.42590109035790041,0.30685089200801857,0.55420960330786562
cumulative-state-load,glm-5.3-high,all-arms,dynamic,Omega_hat_StateLoad,149,239196820041.90717,0.42706766571561078,0.30685680436625551,0.5565581803783286
cumulative-state-load,glm-5.3-high,all-arms,dynamic,Omega_hat_StateLoad,150,272463756435.50003,0.42823505292709729,0.30684209139832064,0.55892813853399825
cumulative-state-load,glm-5.3-high,all-arms,dynamic,Omega_hat_StateLoad,151,310357380829.46777,0.42940323954896603,0.30680731874921624,0.56131864013210908
cumulative-state-load,glm-5.3-high,all-arms,dynamic,Omega_hat_StateLoad,152,353521162210.5376,0.43057221310257821,0.30675304418331756,0.563728855529123
cumulative-state-load,glm-5.3-high,all-arms,dynamic,Omega_hat_StateLoad,153,402688061732.80969,0.43174196107456514,0.30667981689154045,0.5661579638690063
cumulative-state-load,glm-5.3-high,all-arms,dynamic,Omega_hat_StateLoad,154,458692979079.86127,0.4329124709173458,0.30658817688980416,0.56860515378004239
cumulative-state-load,glm-5.3-high,all-arms,dynamic,Omega_hat_StateLoad,155,522486929837.92133,0.4340837300496474,0.30647865450320255,0.5710696239856955
cumulative-state-load,glm-5.3-high,all-arms,dynamic,Omega_hat_StateLoad,156,595153194625.03894,0.43525572585702937,0.30635176993022473,0.5735505838351167
cumulative-state-load,glm-5.3-high,all-arms,dynamic,Omega_hat_StateLoad,157,677925714203.54346,0.43642844569241107,0.30620803288136844,0.57604725375887922
cumulative-state-load,glm-5.3-high,all-arms,dynamic,Omega_hat_StateLoad,158,772210042941.86035,0.43760187687660063,0.30604794228655335,0.57855886565546655
cumulative-state-load,glm-5.3-high,all-arms,dynamic,Omega_hat_StateLoad,159,879607216434.96851,0.43877600669882932,0.30587198606585991,0.58108466321391938
cumulative-state-load,glm-5.3-high,all-arms,dynamic,Omega_hat_StateLoad,160,1001940938577.938,0.43995082241728706,0.30568064095828062,0.58362390217788851
cumulative-state-load,glm-5.3-high,all-arms,dynamic,Omega_hat_StateLoad,161,1141288549754.2461,0.44112631125966123,0.30547437240336145,0.58617585055614652
cumulative-state-load,glm-5.3-high,all-arms,dynamic,Omega_hat_StateLoad,162,1300016302007.6416,0.44230246042367855,0.30525363447083448,0.58873978878439404
cumulative-state-load,glm-5.3-high,all-arms,dynamic,Omega_hat_StateLoad,163,1480819540202.6355,0.44347925707765012,0.30501886983357901,0.59131500984295615
cumulative-state-load,glm-5.3-high,all-arms,dynamic,Omega_hat_StateLoad,164,1686768471487.2644,0.44465668836101829,0.30477050977950504,0.59390081933471217
cumulative-state-load,glm-5.3-high,all-arms,dynamic,Omega_hat_StateLoad,165,1921360300265.9814,0.44583474138490714,0.30450897425820833,0.59649653552734405
cumulative-state-load,glm-5.3-high,all-arms,dynamic,Omega_hat_StateLoad,166,2188578613983.2146,0.44701340323267486,0.30423467195851289,0.59910148936373064
cumulative-state-load,glm-5.3-high,all-arms,dynamic,Omega_hat_StateLoad,167,2492961028143.2539,0.44819266096046978,0.30394800041328207,0.60171502444403879
cumulative-state-load,glm-5.3-high,all-arms,dynamic,Omega_hat_StateLoad,168,2839676239241.8701,0.44937250159778752,0.30364934612813299,0.60433649698282377
cumulative-state-load,glm-5.3-high,all-arms,dynamic,Omega_hat_StateLoad,169,3234611794040.2549,0.45055291214803206,0.30333908473095156,0.60696527574417947
cumulative-state-load,glm-5.3-high,all-arms,dynamic,Omega_hat_StateLoad,170,3684474065584.877,0.45173387958907851,0.30301758113934202,0.60960074195774838
cumulative-state-load,glm-5.3-high,all-arms,dynamic,Omega_hat_StateLoad,171,4196902133659.4658,0.45291539087383864,0.3026851897433902,0.61224228921815838
cumulative-state-load,glm-5.3-high,all-arms,dynamic,Omega_hat_StateLoad,172,4780597503464.6436,0.45409743293082788,0.30234225460133929,0.61488932337023061
cumulative-state-load,glm-5.3-high,all-arms,dynamic,Omega_hat_StateLoad,173,5445471865269.5811,0.45527999266473657,0.30198910964599418,0.6175412623820955
cumulative-state-load,glm-5.3-high,all-arms,dynamic,Omega_hat_StateLoad,174,6202815404131.3633,0.45646305695700118,0.30162607889987053,0.62019753620814233
cumulative-state-load,glm-5.3-high,all-arms,dynamic,Omega_hat_StateLoad,175,7065488517738.3594,0.45764661266637935,0.30125347669729946,0.62285758664355084
cumulative-state-load,glm-5.3-high,all-arms,dynamic,Omega_hat_StateLoad,176,8048140197924.085,0.45883064662952644,0.30087160791187056,0.62552086717196909
cumulative-state-load,glm-5.3-high,all-arms,dynamic,Omega_hat_StateLoad,177,9167456784173.6465,0.46001514566157448,0.30048076818776726,0.62818684280774095
cumulative-state-load,glm-5.3-high,all-arms,dynamic,Omega_hat_StateLoad,178,10442445313187.943,0.46120009655671262,0.3000812441736968,0.63085498993393652
cumulative-state-load,glm-5.3-high,all-arms,dynamic,Omega_hat_StateLoad,179,11894756276044.945,0.46238548608877017,0.29967331375826622,0.63352479613729218
cumulative-state-load,glm-5.3-high,all-arms,dynamic,Omega_hat_StateLoad,180,13549051263675.49,0.46357130101180144,0.29925724630577982,0.63619576004104628
cumulative-state-load,glm-5.3-high,all-arms,dynamic,Omega_hat_StateLoad,181,15433421743614.367,0.46475752806067222,0.29883330289155924,0.63886739113652913
cumulative-state-load,glm-5.3-high,all-arms,dynamic,Omega_hat_StateLoad,182,17579866079247.18,0.46594415395164857,0.29840173653599367,0.64153920961426669
cumulative-state-load,glm-5.3-high,all-arms,dynamic,Omega_hat_StateLoad,183,20024832891781.457,0.46713116538298638,0.29796279243663221,0.64421074619525009
cumulative-state-load,glm-5.3-high,all-arms,dynamic,Omega_hat_StateLoad,184,22809839991735.832,0.46831854903552428,0.29751670819771925,0.64688154196293779
cumulative-state-load,glm-5.3-high,all-arms,dynamic,Omega_hat_StateLoad,185,25982179389977.805,0.46950629157327667,0.29706371405665832,0.6495511481964783
cumulative-state-load,glm-5.3-high,all-arms,dynamic,Omega_hat_StateLoad,186,29595720360053.734,0.47069437964402905,0.29660403310696426,0.65221912620556033
cumulative-state-load,glm-5.3-high,all-arms,dynamic,Omega_hat_StateLoad,187,33711824188557.871,0.47188279987993514,0.296137881517334,0.65488504716724039
cumulative-state-load,glm-5.3-high,all-arms,dynamic,Omega_hat_StateLoad,188,38400386146849.188,0.47307153889811498,0.29566546874652366,0.65754849196503196
cumulative-state-load,glm-5.3-high,all-arms,dynamic,Omega_hat_StateLoad,189,43741022377769.305,0.47426058330125465,0.29518699775378054,0.66020905103048833
cumulative-state-load,glm-5.3-high,all-arms,dynamic,Omega_hat_StateLoad,190,49824421851796.742,0.47544991967820732,0.29470266520461952,0.66286632418746805
cumulative-state-load,glm-5.3-high,all-arms,dynamic,Omega_hat_StateLoad,191,56753886350116.297,0.47663953460459646,0.29421266167178722,0.66551992049922615
cumulative-state-load,glm-5.3-high,all-arms,dynamic,Omega_hat_StateLoad,192,64647084624941.758,0.47782941464341849,0.29371717183128904,0.66816945811843453
cumulative-state-load,glm-5.3-high,all-arms,dynamic,Omega_hat_StateLoad,193,73638050524372.891,0.47901954634564847,0.29321637465339129,0.67081456414021223
cumulative-state-load,glm-5.3-high,all-arms,dynamic,Omega_hat_StateLoad,194,83879459011799.266,0.4802099162508463,0.29271044358854209,0.67345487445820706
cumulative-state-load,glm-5.3-high,all-arms,dynamic,Omega_hat_StateLoad,195,95545218728778.906,0.48140051088776342,0.29219954674818277,0.67609003362374742
cumulative-state-load,glm-5.3-high,all-arms,dynamic,Omega_hat_StateLoad,196,108833425125525.58,0.48259131677495132,0.29168384708044032,0.67871969470806948
cumulative-state-load,glm-5.3-high,all-arms,dynamic,Omega_hat_StateLoad,197,123969724305896.75,0.48378232042137098,0.29116350254071932,0.68134351916759262
cumulative-state-load,glm-5.3-high,all-arms,dynamic,Omega_hat_StateLoad,198,141211144708112.53,0.48497350832700309,0.29063866625722184,0.68396117671221479
cumulative-state-load,glm-5.3-high,all-arms,dynamic,Omega_hat_StateLoad,199,160850461686691.91,0.48616486698345829,0.29010948669144887,0.68657234517656995
cumulative-state-load,glm-5.3-high,all-arms,dynamic,Omega_hat_StateLoad,200,183221169110285.34,0.4873563828745901,0.28957610779373899,0.68917671039419515
cumulative-state-load,glm-5.3-high,all-arms,dynamic,Omega_hat_StateLoad,201,208703142397738.38,0.48854804247710693,0.28903866915392085,0.69177396607453201
cumulative-state-load,glm-5.3-high,all-arms,dynamic,Omega_hat_StateLoad,202,237729089156027.72,0.48973983226118528,0.28849730614716185,0.6943638136826854
cumulative-state-load,glm-5.3-high,all-arms,dynamic,Omega_hat_StateLoad,203,270791896957883.5,0.49093173869108403,0.28795215007510133,0.69694596232185635
cumulative-state-load,glm-5.3-high,all-arms,dynamic,Omega_hat_StateLoad,204,308453003031200,0.49212374822575872,0.28740332830236676,0.69952012861836066
cumulative-state-load,glm-5.3-high,all-arms,dynamic,Omega_hat_StateLoad,205,351351927985362.38,0.49331584731947642,0.28685096438857516,0.70208603660913904
cumulative-state-load,glm-5.3-high,all-arms,dynamic,Omega_hat_StateLoad,206,400217135465994.69,0.49450802242243147,0.28629517821592648,0.70464341763166605
cumulative-state-load,glm-5.3-high,all-arms,dynamic,Omega_hat_StateLoad,207,455878402145213.62,0.49570025998136091,0.28573608611249651,0.70719201021616074
cumulative-state-load,glm-5.3-high,all-arms,dynamic,Omega_hat_StateLoad,208,519280908101273.38,0.49689254644016129,0.28517380097134454,0.70973155998000181
cumulative-state-load,glm-5.3-high,all-arms,dynamic,Omega_hat_StateLoad,209,591501286855412.5,0.49808486824050457,0.28460843236554739,0.71226181952425061
cumulative-state-load,glm-5.3-high,all-arms,dynamic,Omega_hat_StateLoad,210,673765907610406.88,0.49927721182245499,0.28404008665927405,0.71478254833218635
cumulative-state-load,glm-5.3-high,all-arms,dynamic,Omega_hat_StateLoad,211,767471700140256.75,0.50046956362508577,0.28346886711501668,0.71729351266975772
cumulative-state-load,glm-5.3-high,all-arms,dynamic,Omega_hat_StateLoad,212,874209875957044,0.50166191008709626,0.28289487399709234,0.71979448548785707
cumulative-state-load,glm-5.3-high,all-arms,dynamic,Omega_hat_StateLoad,213,995792948562350.75,0.50285423764742887,0.28231820467152891,0.72228524632632807
cumulative-state-load,glm-5.3-high,all-arms,dynamic,Omega_hat_StateLoad,214,1134285511612351,0.50404653274588584,0.28173895370244756,0.72476558121961643
cumulative-state-load,glm-5.3-high,all-arms,dynamic,Omega_hat_StateLoad,215,1292039297638314.8,0.50523878182374593,0.28115721294505469,0.72723528260397585
cumulative-state-load,glm-5.3-high,all-arms,dynamic,Omega_hat_StateLoad,216,1471733112652351.2,0.50643097132438164,0.28057307163535261,0.72969414922615061
cumulative-state-load,glm-5.3-high,all-arms,dynamic,Omega_hat_StateLoad,217,1676418324765014,0.50762308769387532,0.27998661647667633,0.73214198605344849
cumulative-state-load,glm-5.3-high,all-arms,dynamic,Omega_hat_StateLoad,218,1909570679253842.2,0.50881511738163565,0.27939793172316274,0.73457860418513243
cumulative-state-load,glm-5.3-high,all-arms,dynamic,Omega_hat_StateLoad,219,2175149319950990.5,0.51000704684101317,0.27880709926025637,0.73700382076505411
cumulative-state-load,glm-5.3-high,all-arms,dynamic,Omega_hat_StateLoad,220,2477664019187790,0.5111988625299162,0.27821419868235359,0.73941745889545785
cumulative-state-load,glm-5.3-high,all-arms,dynamic,Omega_hat_StateLoad,221,2822251757923516,0.51239055091142593,0.27761930736768115,0.74181934755189372
cumulative-state-load,glm-5.3-high,all-arms,dynamic,Omega_hat_StateLoad,222,3214763956459843.5,0.51358209845441072,0.27702250055050981,0.74420932149916874
cumulative-state-load,glm-5.3-high,all-arms,dynamic,Omega_hat_StateLoad,223,3661865837000028.5,0.51477349163414077,0.27642385139079462,0.74658722120828125
cumulative-state-load,glm-5.3-high,all-arms,dynamic,Omega_hat_StateLoad,224,4171149605321062,0.51596471693290036,0.27582343104133211,0.74895289277427979
cumulative-state-load,glm-5.3-high,all-arms,dynamic,Omega_hat_StateLoad,225,4751263373489321,0.517155760840602,0.27522130871252548,0.75130618783499448
cumulative-state-load,glm-5.3-high,all-arms,dynamic,Omega_hat_StateLoad,226,5412058012846948,0.51834660985539738,0.27461755173484143,0.75364696349058902
cumulative-state-load,glm-5.3-high,all-arms,dynamic,Omega_hat_StateLoad,227,6164754430969357,0.51953725048428934,0.27401222561904409,0.75597508222388765
cumulative-state-load,glm-5.3-high,all-arms,dynamic,Omega_hat_StateLoad,228,7022134113112519,0.5207276692437417,0.27340539411428549,0.75829041182143442
cumulative-state-load,glm-5.3-high,all-arms,dynamic,Omega_hat_StateLoad,229,7998756163720322,0.52191785266028856,0.27279711926412947,0.7605928252952433
cumulative-state-load,glm-5.3-high,all-arms,dynamic,Omega_hat_StateLoad,230,9111204533559578,0.52310778727114371,0.27218746146058859,0.76288220080520208
cumulative-state-load,glm-5.3-high,all-arms,dynamic,Omega_hat_StateLoad,231,10378369630628336,0.52429745962480712,0.27157647949624336,0.76515842158209391
cumulative-state-load,glm-5.3-high,all-arms,dynamic,Omega_hat_StateLoad,232,11821769096853822,0.5254868562816718,0.27096423061451441,0.76742137585121006
cumulative-state-load,glm-5.3-high,all-arms,dynamic,Omega_hat_StateLoad,233,13465913197665350,0.52667596381462856,0.27035077055816009,0.76967095675651787
cumulative-state-load,glm-5.3-high,all-arms,dynamic,Omega_hat_StateLoad,234,15338721029098442,0.52786476880967081,0.26973615361605929,0.77190706228536476
cumulative-state-load,glm-5.3-high,all-arms,dynamic,Omega_hat_StateLoad,235,17471994610012704,0.5290532578664966,0.26912043266834706,0.7741295951936884
cumulative-state-load,glm-5.3-high,all-arms,dynamic,Omega_hat_StateLoad,236,19901958909950544,0.53024141759911014,0.26850365922996333,0.77633846293171738
cumulative-state-load,glm-5.3-high,all-arms,dynamic,Omega_hat_StateLoad,237,22669876982813112,0.53142923463642244,0.26788588349267334,0.77853357757013897
cumulative-state-load,glm-5.3-high,all-arms,dynamic,Omega_hat_StateLoad,238,25822750651893204,0.53261669562284908,0.26726715436561638,0.78071485572671961
cumulative-state-load,glm-5.3-high,all-arms,dynamic,Omega_hat_StateLoad,239,29414118644551596,0.53380378721890831,0.26664751951443871,0.7828822184933637
cumulative-state-load,gpt-5.6-sol-high,all-arms,dynamic,Omega_hat_StateLoad,0,895.99999999999977,0.031543136946084953,0.0055235931277136576,0.16036591444675474
cumulative-state-load,gpt-5.6-sol-high,all-arms,dynamic,Omega_hat_StateLoad,1,1020.6135922853721,0.032019065887927335,0.0056753929735343977,0.16086072023061618
cumulative-state-load,gpt-5.6-sol-high,all-arms,dynamic,Omega_hat_StateLoad,2,1162.5581526313067,0.032501934742416555,0.0058312872777054239,0.16135799308740303
cumulative-state-load,gpt-5.6-sol-high,all-arms,dynamic,Omega_hat_StateLoad,3,1324.2440316938439,0.032991837388122947,0.0059913825499378019,0.16185776874041272
cumulative-state-load,gpt-5.6-sol-high,all-arms,dynamic,Omega_hat_StateLoad,4,1508.4168060820521,0.033488868751301464,0.0061557878628544721,0.16236008386862871
cumulative-state-load,gpt-5.6-sol-high,all-arms,dynamic,Omega_hat_StateLoad,5,1718.2039008024899,0.033993124810660857,0.0063246149021207515,0.16286497613892364
cumulative-state-load,gpt-5.6-sol-high,all-arms,dynamic,Omega_hat_StateLoad,6,1957.1676958446083,0.034504702601909354,0.0064979780168589636,0.16337248423952513
cumulative-state-load,gpt-5.6-sol-high,all-arms,dynamic,Omega_hat_StateLoad,7,2229.3660187063037,0.035023700222066745,0.0066759942702972136,0.16388264791480386
cumulative-state-load,gpt-5.6-sol-high,all-arms,dynamic,Omega_hat_StateLoad,8,2539.421050078995,0.03555021683353244,0.006858783490597993,0.16439550800143835
cumulative-state-load,gpt-5.6-sol-high,all-arms,dynamic,Omega_hat_StateLoad,9,2892.597812774794,0.036084352667899007,0.0070464683218076129,0.16491110646602161
cumulative-state-load,gpt-5.6-sol-high,all-arms,dynamic,Omega_hat_StateLoad,10,3294.8935767108146,0.03662620902950027,0.0072391742748626215,0.16542948644417232
cumulative-state-load,gpt-5.6-sol-high,all-arms,dynamic,Omega_hat_StateLoad,11,3753.1396981303837,0.037175888298682964,0.0074370297785840925,0.16595069228121836
cumulative-state-load,gpt-5.6-sol-high,all-arms,dynamic,Omega_hat_StateLoad,12,4275.1176223858138,0.037733493934790446,0.0076401662305851884,0.16647476957452476
cumulative-state-load,gpt-5.6-sol-high,all-arms,dynamic,Omega_hat_StateLoad,13,4869.6910201179526,0.038299130478846859,0.0078487180480114327,0.16700176521753959
cumulative-state-load,gpt-5.6-sol-high,all-arms,dynamic,Omega_hat_StateLoad,14,5546.9563006276821,0.038872903555929941,0.0080628227180271315,0.16753172744563685
cumulative-state-load,gpt-5.6-sol-high,all-arms,dynamic,Omega_hat_StateLoad,15,6318.4140582964192,0.039454919877220149,0.0082826208479545253,0.16806470588383762
cumulative-state-load,gpt-5.6-sol-high,all-arms,dynamic,Omega_hat_StateLoad,16,7197.164363375342,0.040045287241713731,0.0085082562149655962,0.16860075159649665
cumulative-state-load,gpt-5.6-sol-high,all-arms,dynamic,Omega_hat_StateLoad,17,8198.1292133624702,0.040644114537587026,0.0087398758152188762,0.16913991713904389
cumulative-state-load,gpt-5.6-sol-high,all-arms,dynamic,Omega_hat_StateLoad,18,9338.3059223990113,0.041251511743198986,0.0089776299123258321,0.16968225661187708
cumulative-state-load,gpt-5.6-sol-high,all-arms,dynamic,Omega_hat_StateLoad,19,10637.05575147257,0.0418675899277186,0.0092216720850234555,0.17022782571650369
cumulative-state-load,gpt-5.6-sol-high,all-arms,dynamic,Omega_hat_StateLoad,20,12116.432680636386,0.042492461251363779,0.0094721592739205468,0.17077668181403846
cumulative-state-load,gpt-5.6-sol-high,all-arms,dynamic,Omega_hat_StateLoad,21,13801.557906102886,0.043126238965237734,0.0097292518271763634,0.17132888398616539
cumulative-state-load,gpt-5.6-sol-high,all-arms,dynamic,Omega_hat_StateLoad,22,15721.046421520366,0.043769037410748897,0.0099931135449606266,0.17188449309867995
cumulative-state-load,gpt-5.6-sol-high,all-arms,dynamic,Omega_hat_StateLoad,23,17907.492927179665,0.044420972018599882,0.010263911722533173,0.17244357186773313
cumulative-state-load,gpt-5.6-sol-high,all-arms,dynamic,Omega_hat_StateLoad,24,20398.025318341224,0.045082159307330893,0.010541817191771647,0.17300618492890404
cumulative-state-load,gpt-5.6-sol-high,all-arms,dynamic,Omega_hat_StateLoad,25,23234.93515142881,0.045752716881402603,0.010827004360963219,0.17357239890923523
cumulative-state-load,gpt-5.6-sol-high,all-arms,dynamic,Omega_hat_StateLoad,26,26466.395793992637,0.046432763428803474,0.011119651252665258,0.17414228250237185
cumulative-state-load,gpt-5.6-sol-high,all-arms,dynamic,Omega_hat_StateLoad,27,30147.280453296087,0.047122418718165665,0.011419939539426813,0.17471590654694993
cumulative-state-load,gpt-5.6-sol-high,all-arms,dynamic,Omega_hat_StateLoad,28,34340.093974411953,0.04782180359537419,0.011728054577149505,0.17529334410839176
cumulative-state-load,gpt-5.6-sol-high,all-arms,dynamic,Omega_hat_StateLoad,29,39116.034230627069,0.048531039979653107,0.012044185435852547,0.1758746705642692
cumulative-state-load,gpt-5.6-sol-high,all-arms,dynamic,Omega_hat_StateLoad,30,44556.201129551213,0.049250250859112298,0.012368524927592144,0.17645996369340544
cumulative-state-load,gpt-5.6-sol-high,all-arms,dynamic,Omega_hat_StateLoad,31,50752.973764978538,0.049979560285738772,0.012701269631269763,0.17704930376889699
cumulative-state-load,gpt-5.6-sol-high,all-arms,dynamic,Omega_hat_StateLoad,32,57811.579099821436,0.050719093369815109,0.013042619914047674,0.17764277365524178
cumulative-state-load,gpt-5.6-sol-high,all-arms,dynamic,Omega_hat_StateLoad,33,65851.878817810983,0.051468976273748329,0.013392779949073359,0.17824045890977319
cumulative-state-load,gpt-5.6-sol-high,all-arms,dynamic,Omega_hat_StateLoad,34,75010.404686369526,0.052229336205291833,0.01375195772919637,0.17884244788860654
cumulative-state-load,gpt-5.6-sol-high,all-arms,dynamic,Omega_hat_StateLoad,35,85442.676993007946,0.053000301410142753,0.014120365076342548,0.17944883185731728
cumulative-state-load,gpt-5.6-sol-high,all-arms,dynamic,Omega_hat_StateLoad,36,97325.845424456013,0.053782001163896996,0.014498217646191049,0.18005970510657893
cumulative-state-load,gpt-5.6-sol-high,all-arms,dynamic,Omega_hat_StateLoad,37,110861.69723310818,0.054574565763343866,0.014885734927778982,0.18067516507300177
cumulative-state-load,gpt-5.6-sol-high,all-arms,dynamic,Omega_hat_StateLoad,38,126280.08377224984,0.055378126517082085,0.01528314023763724,0.1812953124654238
cumulative-state-load,gpt-5.6-sol-high,all-arms,dynamic,Omega_hat_StateLoad,39,143842.82358581884,0.056192815735438682,0.015690660708038609,0.18192025139691889
cumulative-state-load,gpt-5.6-sol-high,all-arms,dynamic,Omega_hat_StateLoad,40,163848.14833079607,0.057018766719672008,0.016108527268915686,0.18255008952279933
cumulative-state-load,gpt-5.6-sol-high,all-arms,dynamic,Omega_hat_StateLoad,41,186635.76702812582,0.05785611375044012,0.016536974622982367,0.18318493818490347
cumulative-state-load,gpt-5.6-sol-high,all-arms,dynamic,Omega_hat_StateLoad,42,212592.63463784699,0.058704992075515119,0.016976241213566282,0.18382491256247324
cumulative-state-load,gpt-5.6-sol-high,all-arms,dynamic,Omega_hat_StateLoad,43,242159.52291422398,0.059565537896724828,0.017426569184634397,0.18447013182994082
cumulative-state-load,gpt-5.6-sol-high,all-arms,dynamic,Omega_hat_StateLoad,44,275838.50512008718,0.06043788835610131,0.017888204332465085,0.18512071932195831
cumulative-state-load,gpt-5.6-sol-high,all-arms,dynamic,Omega_hat_StateLoad,45,314201.48169781163,0.061322181521217746,0.018361396048392913,0.18577680270602143
cumulative-state-load,gpt-5.6-sol-high,all-arms,dynamic,Omega_hat_StateLoad,46,357899.89167074801,0.062218556369693007,0.018846397252021571,0.18643851416305163
cumulative-state-load,gpt-5.6-sol-high,all-arms,dynamic,Omega_hat_StateLoad,47,407675.77468373533,0.063127152772844669,0.01934346431427059,0.18710599057632121
cumulative-state-load,gpt-5.6-sol-high,all-arms,dynamic,Omega_hat_StateLoad,48,464374.37152643997,0.064048111478470018,0.019852856969589598,0.18777937372911904
cumulative-state-load,gpt-5.6-sol-high,all-arms,dynamic,Omega_hat_StateLoad,49,528958.47710810369,0.064981574092734862,0.020374838216640934,0.1884588105115762
cumulative-state-load,gpt-5.6-sol-high,all-arms,dynamic,Omega_hat_StateLoad,50,602524.78961060592,0.065927683061150669,0.020909674206718701,0.18914445313708614
cumulative-state-load,gpt-5.6-sol-high,all-arms,dynamic,Omega_hat_StateLoad,51,686322.5334436018,0.066886581648618632,0.021457634119136818,0.18983645936877333
cumulative-state-load,gpt-5.6-sol-high,all-arms,dynamic,Omega_hat_StateLoad,52,781774.67223691079,0.067858413918521196,0.022018990022784152,0.19053499275648253
cumulative-state-load,gpt-5.6-sol-high,all-arms,dynamic,Omega_hat_StateLoad,53,890502.07208642096,0.06884332471084019,0.022594016723008346,0.19124022288478132
cumulative-state-load,gpt-5.6-sol-high,all-arms,dynamic,Omega_hat_StateLoad,54,1014351.0253679547,0.069841459619281371,0.023182991592953315,0.19195232563248452
cumulative-state-load,gpt-5.6-sol-high,all-arms,dynamic,Omega_hat_StateLoad,55,1155424.6024990422,0.070852964967384746,0.02378619438843808,0.19267148344423213
cumulative-state-load,gpt-5.6-sol-high,all-arms,dynamic,Omega_hat_StateLoad,56,1316118.3640306282,0.071877987783600605,0.024403907045427043,0.19339788561466825
cumulative-state-load,gpt-5.6-sol-high,all-arms,dynamic,Omega_hat_StateLoad,57,1499161.0394933596,0.072916675775310566,0.025036413459103981,0.19413172858578742
cumulative-state-load,gpt-5.6-sol-high,all-arms,dynamic,Omega_hat_StateLoad,58,1707660.8637629319,0.07396917730177352,0.02568399924352378,0.194873216258036
cumulative-state-load,gpt-5.6-sol-high,all-arms,dynamic,Omega_hat_StateLoad,59,1945158.3577792721,0.075035641345976539,0.026346951470779346,0.195622560315769
cumulative-state-load,gpt-5.6-sol-high,all-arms,dynamic,Omega_hat_StateLoad,60,2215686.4498850657,0.076116217485370133,0.027025558388582342,0.19637998056768333
cumulative-state-load,gpt-5.6-sol-high,all-arms,dynamic,Omega_hat_StateLoad,61,2523838.9587000227,0.077211055861468258,0.027720109115122012,0.19714570530286107
cumulative-state-load,gpt-5.6-sol-high,all-arms,dynamic,Omega_hat_StateLoad,62,2874848.6004337096,0.078320307148293633,0.02843089331003016,0.19791997166307201
cumulative-state-load,gpt-5.6-sol-high,all-arms,dynamic,Omega_hat_StateLoad,63,3274675.8452736791,0.079444122519648053,0.029158200820247129,0.19870302603199419
cumulative-state-load,gpt-5.6-sol-high,all-arms,dynamic,Omega_hat_StateLoad,64,3730110.131713076,0.080582653615189376,0.029902321299553381,0.19949512444202241
cumulative-state-load,gpt-5.6-sol-high,all-arms,dynamic,Omega_hat_StateLoad,65,4248885.157530956,0.081736052505294865,0.030663543800501247,0.20029653299933839
cumulative-state-load,gpt-5.6-sol-high,all-arms,dynamic,Omega_hat_StateLoad,66,4839810.2051737504,0.082904471654693765,0.031442156337458574,0.20110752832792206
cumulative-state-load,gpt-5.6-sol-high,all-arms,dynamic,Omega_hat_StateLoad,67,5512919.7315644799,0.084088063884848949,0.032238445419452713,0.20192839803317766
cumulative-state-load,gpt-5.6-sol-high,all-arms,dynamic,Omega_hat_StateLoad,68,6279643.7625144357,0.085286982335071052,0.033052695551489902,0.20275944118584546
cumulative-state-load,gpt-5.6-sol-high,all-arms,dynamic,Omega_hat_StateLoad,69,7153001.9851922886,0.086501380422346619,0.033885188703012936,0.20360096882685355
cumulative-state-load,gpt-5.6-sol-high,all-arms,dynamic,Omega_hat_StateLoad,70,8147824.8345217453,0.087731411799863157,0.034736203742158661,0.20445330449374763
cumulative-state-load,gpt-5.6-sol-high,all-arms,dynamic,Omega_hat_StateLoad,71,9281005.3277602997,0.0889772303142147,0.035606015834481169,0.20531678476930623
cumulative-state-load,gpt-5.6-sol-high,all-arms,dynamic,Omega_hat_StateLoad,72,10571785.923644081,0.090238989961271249,0.036494895804821563,0.20619175985291405
cumulative-state-load,gpt-5.6-sol-high,all-arms,dynamic,Omega_hat_StateLoad,73,12042085.277234759,0.091516844840696859,0.037403109461030877,0.20707859415521693
cumulative-state-load,gpt-5.6-sol-high,all-arms,dynamic,Omega_hat_StateLoad,74,13716870.439068452,0.092810949109100746,0.038330916878290662,0.20797766691652295
cumulative-state-load,gpt-5.6-sol-high,all-arms,dynamic,Omega_hat_StateLoad,75,15624580.818895854,0.094121456931807956,0.039278571642829135,0.20888937284934153
cumulative-state-load,gpt-5.6-sol-high,all-arms,dynamic,Omega_hat_StateLoad,76,17797611.113310739,0.095448522433234512,0.040246320053898874,0.20981412280535966
cumulative-state-load,gpt-5.6-sol-high,all-arms,dynamic,Omega_hat_StateLoad,77,20272861.397828281,0.096792299645855506,0.041234400282970679,0.21075234446705296
cumulative-state-load,gpt-5.6-sol-high,all-arms,dynamic,Omega_hat_StateLoad,78,23092363.7244877,0.098152942457752745,0.042243041489206268,0.2117044830639957
cumulative-state-load,gpt-5.6-sol-high,all-arms,dynamic,Omega_hat_StateLoad,79,26303995.865189459,0.0995306045587315,0.043272462890404949,0.2126710021137917
cumulative-state-load,gpt-5.6-sol-high,all-arms,dynamic,Omega_hat_StateLoad,80,29962294.320793148,0.10092543938499526,0.044322872788777862,0.21365238418736587
cumulative-state-load,gpt-5.6-sol-high,all-arms,dynamic,Omega_hat_StateLoad,81,34129380.401625261,0.10233760006236889,0.045394467551091104,0.21464913169816061
cumulative-state-load,gpt-5.6-sol-high,all-arms,dynamic,Omega_hat_StateLoad,82,38876015.105108067,0.10376723934806245,0.04648743054294046,0.21566176771454434
cumulative-state-load,gpt-5.6-sol-high,all-arms,dynamic,Omega_hat_StateLoad,83,44282800.703308754,0.10521450957096666,0.047601931017175594,0.2166908367944711
cumulative-state-load,gpt-5.6-sol-high,all-arms,dynamic,Omega_hat_StateLoad,84,50441549.444487907,0.10667956257047537,0.048738122956789108,0.2177369058411312
cumulative-state-load,gpt-5.6-sol-high,all-arms,dynamic,Omega_hat_StateLoad,85,57456842.610467665,0.10816254963382754,0.049896143872923543,0.21880056497797806
cumulative-state-load,gpt-5.6-sol-high,all-arms,dynamic,Omega_hat_StateLoad,86,65447806.404067539,0.10966362143196702,0.051076113559037906,0.21988242844113617
cumulative-state-load,gpt-5.6-sol-high,all-arms,dynamic,Omega_hat_StateLoad,87,74550134.82282716,0.11118292795391518,0.052278132802710549,0.22098313548674783
cumulative-state-load,gpt-5.6-sol-high,all-arms,dynamic,Omega_hat_StateLoad,88,84918393.869290486,0.11272061843965553,0.05350228205704851,0.22210335131033174
cumulative-state-load,gpt-5.6-sol-high,all-arms,dynamic,Omega_hat_StateLoad,89,96728646.22549209,0.11427684131153085,0.054748620074224104,0.22324376797467965
cumulative-state-load,gpt-5.6-sol-high,all-arms,dynamic,Omega_hat_StateLoad,90,110181440.9610493,0.11585174410415262,0.056017182504270777,0.22440510534221381
cumulative-state-load,gpt-5.6-sol-high,all-arms,dynamic,Omega_hat_StateLoad,91,125505219.04289673,0.11744547339282689,0.05730798046294952,0.22558811200706166
cumulative-state-load,gpt-5.6-sol-high,all-arms,dynamic,Omega_hat_StateLoad,92,142960192.47537169,0.11905817472049902,0.05862099907323956,0.22679356622137953
cumulative-state-load,gpt-5.6-sol-high,all-arms,dynamic,Omega_hat_StateLoad,93,162842762.94207257,0.12068999252322525,0.059956195985824391,0.22802227680966006
cumulative-state-load,gpt-5.6-sol-high,all-arms,dynamic,Omega_hat_StateLoad,94,185490554.98212546,0.12234107005417667,0.061313499884825623,0.22927508406390468
cumulative-state-load,gpt-5.6-sol-high,all-arms,dynamic,Omega_hat_StateLoad,95,211288149.16887718,0.1240115493061853,0.062692808985992693,0.23055286061161226
cumulative-state-load,gpt-5.6-sol-high,all-arms,dynamic,Omega_hat_StateLoad,96,240673612.64573205,0.12570157093284423,0.064093989535579293,0.23185651224755929
cumulative-state-load,gpt-5.6-sol-high,all-arms,dynamic,Omega_hat_StateLoad,97,274145937.91368103,0.12741127416817261,0.06551687431922032,0.23318697871929159
cumulative-state-load,gpt-5.6-sol-high,all-arms,dynamic,Omega_hat_StateLoad,98,312273516.18808633,0.12914079674486206,0.066961261191270494,0.23454523445516351
cumulative-state-load,gpt-5.6-sol-high,all-arms,dynamic,Omega_hat_StateLoad,99,355703789.21016335,0.13089027481111956,0.06842691163625518,0.23593228922261117
cumulative-state-load,gpt-5.6-sol-high,all-arms,dynamic,Omega_hat_StateLoad,100,405174243.40993822,0.13265984284612672,0.069913549375317782,0.2373491887031865
cumulative-state-load,gpt-5.6-sol-high,all-arms,dynamic,Omega_hat_StateLoad,101,461524933.11174542,0.13444963357413423,0.071420859031797568,0.23879701496968236
cumulative-state-load,gpt-5.6-sol-high,all-arms,dynamic,Omega_hat_StateLoad,102,525712745.43799502,0.13625977787721663,0.072948484871331029,0.24027688684951079
cumulative-state-load,gpt-5.6-sol-high,all-arms,dynamic,Omega_hat_StateLoad,103,598827649.14249873,0.13809040470671038,0.074496029633104061,0.24178996015732918
cumulative-state-load,gpt-5.6-sol-high,all-arms,dynamic,Omega_hat_StateLoad,104,682111203.29367054,0.13994164099336243,0.076063053470071612,0.24333742777881823
cumulative-state-load,gpt-5.6-sol-high,all-arms,dynamic,Omega_hat_StateLoad,105,776977640.10229099,0.14181361155622044,0.077649073017072121,0.24492051958650063
cumulative-state-load,gpt-5.6-sol-high,all-arms,dynamic,Omega_hat_StateLoad,106,885037879.89978623,0.14370643901029417,0.079253560606752996,0.24654050216760393
cumulative-state-load,gpt-5.6-sol-high,all-arms,dynamic,Omega_hat_StateLoad,107,1008126886.0637869,0.14562024367302365,0.080875943654058327,0.24819867834325166
cumulative-state-load,gpt-5.6-sol-high,all-arms,dynamic,Omega_hat_StateLoad,108,1148334824.40293,0.14755514346958945,0.082515604230657444,0.24989638645775902
cumulative-state-load,gpt-5.6-sol-high,all-arms,dynamic,Omega_hat_StateLoad,109,1308042556.1163659,0.14951125383710584,0.084171878851064877,0.25163499941657236
cumulative-state-load,gpt-5.6-sol-high,all-arms,dynamic,Omega_hat_StateLoad,110,1489962067.0313261,0.15148868762773582,0.085844058492265951,0.25341592345145952
cumulative-state-load,gpt-5.6-sol-high,all-arms,dynamic,Omega_hat_StateLoad,111,1697182519.6448402,0.1534875550107741,0.087531388868364618,0.25524059659200954
cumulative-state-load,gpt-5.6-sol-high,all-arms,dynamic,Omega_hat_StateLoad,112,1933222709.9761877,0.15550796337374431,0.089233070981053472,0.25711048682337262
cumulative-state-load,gpt-5.6-sol-high,all-arms,dynamic,Omega_hat_StateLoad,113,2202090819.9960432,0.15755001722255815,0.090948261965519875,0.25902708991151169
cumulative-state-load,gpt-5.6-sol-high,all-arms,dynamic,Omega_hat_StateLoad,114,2508352480.2843847,0.15961381808079106,0.09267607624970027,0.26099192687912653
cumulative-state-load,gpt-5.6-sol-high,all-arms,dynamic,Omega_hat_StateLoad,115,2857208298.6841106,0.16169946438812605,0.094415587042529309,0.26300654111784383
cumulative-state-load,gpt-5.6-sol-high,all-arms,dynamic,Omega_hat_StateLoad,116,3254582171.4593468,0.16380705139802612,0.09616582816398804,0.26507249512530351
cumulative-state-load,gpt-5.6-sol-high,all-arms,dynamic,Omega_hat_StateLoad,117,3707221876.5636644,0.16593667107469176,0.097925796226289094,0.2671913668594314
cumulative-state-load,gpt-5.6-sol-high,all-arms,dynamic,Omega_hat_StateLoad,118,4222813657.1858835,0.16808841198937025,0.099694453171493669,0.26936474570643631
cumulative-state-load,gpt-5.6-sol-high,all-arms,dynamic,Omega_hat_StateLoad,119,4810112741.3082876,0.17026235921607888,0.1014707291661994,0.27159422806392902
cumulative-state-load,gpt-5.6-sol-high,all-arms,dynamic,Omega_hat_StateLoad,120,5479092013.6208477,0.17245859422681251,0.10325352584877182,0.27388141254594445
cumulative-state-load,gpt-5.6-sol-high,all-arms,dynamic,Omega_hat_StateLoad,121,6241111364.3791094,0.17467719478630667,0.1050417199189365,0.27622789482252946
cumulative-state-load,gpt-5.6-sol-high,all-arms,dynamic,Omega_hat_StateLoad,122,7109110590.9062595,0.17691823484642813,0.10683416705353199,0.27863526211278489
cumulative-state-load,gpt-5.6-sol-high,all-arms,dynamic,Omega_hat_StateLoad,123,8097829127.3871012,0.17918178444027277,0.10862970612595513,0.28110508735676332
cumulative-state-load,gpt-5.6-sol-high,all-arms,dynamic,Omega_hat_StateLoad,124,9224056334.1692524,0.18146790957604708,0.11042716370045509,0.28363892309821614
cumulative-state-load,gpt-5.6-sol-high,all-arms,dynamic,Omega_hat_StateLoad,125,10506916596.717747,0.18377667213081866,0.11222535876613161,0.28623829511672627
cumulative-state-load,gpt-5.6-sol-high,all-arms,dynamic,Omega_hat_StateLoad,126,11968194075.467552,0.18610812974421781,0.11402310766944029,0.28890469585403677
cumulative-state-load,gpt-5.6-sol-high,all-arms,dynamic,Omega_hat_StateLoad,127,13632702621.128815,0.18846233571218002,0.11581922919841747,0.2916395776852152
cumulative-state-load,gpt-5.6-sol-high,all-arms,dynamic,Omega_hat_StateLoad,128,15528707136.951481,0.19083933888081975,0.11761254976689547,0.29444434609046333
cumulative-state-load,gpt-5.6-sol-high,all-arms,dynamic,Omega_hat_StateLoad,129,17688403543.070885,0.1932391835405266,0.11940190864289042,0.2973203527876857
cumulative-state-load,gpt-5.6-sol-high,all-arms,dynamic,Omega_hat_StateLoad,130,20148465493.177376,0.1956619093203828,0.12118616316229881,0.30026888888921105
cumulative-state-load,gpt-5.6-sol-high,all-arms,dynamic,Omega_hat_StateLoad,131,22950667127.265152,0.19810755108299699,0.12296419386716266,0.30329117814813472
cumulative-state-load,gpt-5.6-sol-high,all-arms,dynamic,Omega_hat_StateLoad,132,26142592435.383877,0.20057613881985797,0.12473490950721734,0.30638837036051375
cumulative-state-load,gpt-5.6-sol-high,all-arms,dynamic,Omega_hat_StateLoad,133,29778443278.046288,0.20306769754730916,0.12649725184426172,0.30956153498900046
cumulative-state-load,gpt-5.6-sol-high,all-arms,dynamic,Omega_hat_StateLoad,134,33919959784.2332,0.20558224720325227,0.12825020020113689,0.31281165507145176
cumulative-state-load,gpt-5.6-sol-high,all-arms,dynamic,Omega_hat_StateLoad,135,38637468756.207253,0.20811980254468457,0.12999277570073878,0.31613962147456315
cumulative-state-load,gpt-5.6-sol-high,all-arms,dynamic,Omega_hat_StateLoad,136,44011077884.025024,0.21068037304618289,0.13172404514543598,0.31954622754779621
cumulative-state-load,gpt-5.6-sol-high,all-arms,dynamic,Omega_hat_StateLoad,137,50132036048.622993,0.21326396279944629,0.13344312449339385,0.32303216422686865
cumulative-state-load,gpt-5.6-sol-high,all-arms,dynamic,Omega_hat_StateLoad,138,57104282812.683891,0.21587057041400895,0.13514918189543546,0.32659801562905438
cumulative-state-load,gpt-5.6-sol-high,all-arms,dynamic,Omega_hat_StateLoad,139,65046213411.086273,0.21850018891924361,0.13684144026398481,0.33024425517473388
cumulative-state-load,gpt-5.6-sol-high,all-arms,dynamic,Omega_hat_StateLoad,140,74092689212.108887,0.22115280566777054,0.13851917935409161,0.33397124226123692
cumulative-state-load,gpt-5.6-sol-high,all-arms,dynamic,Omega_hat_StateLoad,141,84397327788.899475,0.22382840224039297,0.14018173734526154,0.33777921950634959
cumulative-state-load,gpt-5.6-sol-high,all-arms,dynamic,Omega_hat_StateLoad,142,96135111488.7444,0.22652695435268011,0.14182851192155371,0.34166831057013319
cumulative-state-load,gpt-5.6-sol-high,all-arms,dynamic,Omega_hat_StateLoad,143,109505358796.07361,0.2292484317633208,0.14345896085588603,0.34563851855521477
cumulative-state-load,gpt-5.6-sol-high,all-arms,dynamic,Omega_hat_StateLoad,144,124735108945.71381,0.23199279818437119,0.14507260211248024,0.34968972497767697
cumulative-state-load,gpt-5.6-sol-high,all-arms,dynamic,Omega_hat_StateLoad,145,142082977260.25885,0.23476001119352224,0.14666901348866646,0.35382168929331204
cumulative-state-load,gpt-5.6-sol-high,all-arms,dynamic,Omega_hat_StateLoad,146,161843546678.78796,0.23755002214851326,0.1482478318236774,0.35803404895749652
cumulative-state-load,gpt-5.6-sol-high,all-arms,dynamic,Omega_hat_StateLoad,147,184352370049.15485,0.24036277610381671,0.14980875180747938,0.36232631999137382
cumulative-state-load,gpt-5.6-sol-high,all-arms,dynamic,Omega_hat_StateLoad,148,209991668127.44495,0.24319821172972547,0.15135152442700334,0.36669789802255948
cumulative-state-load,gpt-5.6-sol-high,all-arms,dynamic,Omega_hat_StateLoad,149,239196820041.90717,0.24605626123396643,0.15287595509034832,0.37114805976514631
cumulative-state-load,gpt-5.6-sol-high,all-arms,dynamic,Omega_hat_StateLoad,150,272463756435.50003,0.24893685028597237,0.15438190147160372,0.37567596490148319
cumulative-state-load,gpt-5.6-sol-high,all-arms,dynamic,Omega_hat_StateLoad,151,310357380829.46777,0.2518398979439378,0.1558692711199455,0.38028065832689667
cumulative-state-load,gpt-5.6-sol-high,all-arms,dynamic,Omega_hat_StateLoad,152,353521162210.5376,0.25476531658478868,0.15733801887666554,0.38496107271821289
cumulative-state-load,gpt-5.6-sol-high,all-arms,dynamic,Omega_hat_StateLoad,153,402688061732.80969,0.25771301183719492,0.15878814414290529,0.38971603138746591
cumulative-state-load,gpt-5.6-sol-high,all-arms,dynamic,Omega_hat_StateLoad,154,458692979079.86127,0.26068288251774913,0.16021968803918346,0.39454425138346727
cumulative-state-load,gpt-5.6-sol-high,all-arms,dynamic,Omega_hat_StateLoad,155,522486929837.92133,0.26367482057044467,0.16163273049550869,0.39944434680579488
cumulative-state-load,gpt-5.6-sol-high,all-arms,dynamic,Omega_hat_StateLoad,156,595153194625.03894,0.26668871100957187,0.16302738730801769,0.40441483229814196
cumulative-state-load,gpt-5.6-sol-high,all-arms,dynamic,Omega_hat_StateLoad,157,677925714203.54346,0.26972443186616318,0.1644038071948935,0.40945412669067294
cumulative-state-load,gpt-5.6-sol-high,all-arms,dynamic,Omega_hat_StateLoad,158,772210042941.86035,0.27278185413810668,0.16576216888085013,0.41456055676397696
cumulative-state-load,gpt-5.6-sol-high,all-arms,dynamic,Omega_hat_StateLoad,159,879607216434.96851,0.27586084174404962,0.16710267823588565,0.41973236111024698
cumulative-state-load,gpt-5.6-sol-high,all-arms,dynamic,Omega_hat_StateLoad,160,1001940938577.938,0.27896125148121476,0.16842556549039098,0.42496769407036306
cumulative-state-load,gpt-5.6-sol-high,all-arms,dynamic,Omega_hat_StateLoad,161,1141288549754.2461,0.28208293298724263,0.16973108254514094,0.43026462972851343
cumulative-state-load,gpt-5.6-sol-high,all-arms,dynamic,Omega_hat_StateLoad,162,1300016302007.6416,0.28522572870617946,0.17101950039127473,0.43562116594880723
cumulative-state-load,gpt-5.6-sol-high,all-arms,dynamic,Omega_hat_StateLoad,163,1480819540202.6355,0.28838947385871849,0.17229110665213979,0.44103522844092147
cumulative-state-load,gpt-5.6-sol-high,all-arms,dynamic,Omega_hat_StateLoad,164,1686768471487.2644,0.2915739964168092,0.17354620325588041,0.44650467484419404
cumulative-state-load,gpt-5.6-sol-high,all-arms,dynamic,Omega_hat_StateLoad,165,1921360300265.9814,0.29477911708273702,0.17478510424492141,0.4520272988216385
cumulative-state-load,gpt-5.6-sol-high,all-arms,dynamic,Omega_hat_StateLoad,166,2188578613983.2146,0.29800464927277953,0.17600813372604843,0.45760083415716396
cumulative-state-load,gpt-5.6-sol-high,all-arms,dynamic,Omega_hat_StateLoad,167,2492961028143.2539,0.30125039910553675,0.17721562396262999,0.46322295885078113
cumulative-state-load,gpt-5.6-sol-high,all-arms,dynamic,Omega_hat_StateLoad,168,2839676239241.8701,0.30451616539503268,0.17840791360865468,0.46889129920779354
cumulative-state-load,gpt-5.6-sol-high,all-arms,dynamic,Omega_hat_StateLoad,169,3234611794040.2549,0.30780173964867918,0.17958534608266702,0.47460343391893078
cumulative-state-load,gpt-5.6-sol-high,all-arms,dynamic,Omega_hat_StateLoad,170,3684474065584.877,0.31110690607018859,0.18074826807835634,0.48035689812906945
cumulative-state-load,gpt-5.6-sol-high,all-arms,dynamic,Omega_hat_StateLoad,171,4196902133659.4658,0.31443144156752068,0.18189702820747605,0.48614918749266611
cumulative-state-load,gpt-5.6-sol-high,all-arms,dynamic,Omega_hat_StateLoad,172,4780597503464.6436,0.3177751157659367,0.18303197576991409,0.49197776221427858
cumulative-state-load,gpt-5.6-sol-high,all-arms,dynamic,Omega_hat_StateLoad,173,5445471865269.5811,0.3211376910262394,0.18415345964508689,0.49784005107265622
cumulative-state-load,gpt-5.6-sol-high,all-arms,dynamic,Omega_hat_StateLoad,174,6202815404131.3633,0.3245189224682612,0.18526182729836135,0.5037334554267946
cumulative-state-load,gpt-5.6-sol-high,all-arms,dynamic,Omega_hat_StateLoad,175,7065488517738.3594,0.32791855799966679,0.18635742389589549,0.50965535320218658
cumulative-state-load,gpt-5.6-sol-high,all-arms,dynamic,Omega_hat_StateLoad,176,8048140197924.085,0.33133633835012183,0.18744059152112022,0.51560310285518685
cumulative-state-load,gpt-5.6-sol-high,all-arms,dynamic,Omega_hat_StateLoad,177,9167456784173.6465,0.33477199711088373,0.18851166848602208,0.52157404731307877
cumulative-state-load,gpt-5.6-sol-high,all-arms,dynamic,Omega_hat_StateLoad,178,10442445313187.943,0.33822526077985282,0.18957098873043229,0.52756551788698869
cumulative-state-load,gpt-5.6-sol-high,all-arms,dynamic,Omega_hat_StateLoad,179,11894756276044.945,0.34169584881212556,0.19061888130263974,0.53357483815437368
cumulative-state-load,gpt-5.6-sol-high,all-arms,dynamic,Omega_hat_StateLoad,180,13549051263675.49,0.34518347367608099,0.19165566991483918,0.53959932780733533
cumulative-state-load,gpt-5.6-sol-high,all-arms,dynamic,Omega_hat_StateLoad,181,15433421743614.367,0.34868784091502159,0.19268167256714475,0.54563630646256966
cumulative-state-load,gpt-5.6-sol-high,all-arms,dynamic,Omega_hat_StateLoad,182,17579866079247.18,0.35220864921439099,0.19369720123418455,0.55168309742832189
cumulative-state-load,gpt-5.6-sol-high,all-arms,dynamic,Omega_hat_StateLoad,183,20024832891781.457,0.35574559047457521,0.19470256160857638,0.55773703142330755
cumulative-state-load,gpt-5.6-sol-high,all-arms,dynamic,Omega_hat_StateLoad,184,22809839991735.832,0.35929834988929404,0.1956980528959088,0.56379545024220012
cumulative-state-load,gpt-5.6-sol-high,all-arms,dynamic,Omega_hat_StateLoad,185,25982179389977.805,0.36286660602957588,0.19668396765616963,0.5698557103619597
cumulative-state-load,gpt-5.6-sol-high,all-arms,dynamic,Omega_hat_StateLoad,186,29595720360053.734,0.36645003093330702,0.19766059168690192,0.5759151864830091
cumulative-state-load,gpt-5.6-sol-high,all-arms,dynamic,Omega_hat_StateLoad,187,33711824188557.871,0.37004829020033708,0.19862820394368438,0.58197127499907164
cumulative-state-load,gpt-5.6-sol-high,all-arms,dynamic,Omega_hat_StateLoad,188,38400386146849.188,0.37366104309311071,0.19958707649386279,0.58802139738931558
cumulative-state-load,gpt-5.6-sol-high,all-arms,dynamic,Omega_hat_StateLoad,189,43741022377769.305,0.37728794264279669,0.20053747449977141,0.59406300352638863
cumulative-state-load,gpt-5.6-sol-high,all-arms,dynamic,Omega_hat_StateLoad,190,49824421851796.742,0.38092863576086833,0.20147965622797903,0.60009357489390025
cumulative-state-load,gpt-5.6-sol-high,all-arms,dynamic,Omega_hat_StateLoad,191,56753886350116.297,0.38458276335608826,0.20241387308139158,0.60611062770695123
cumulative-state-load,gpt-5.6-sol-high,all-arms,dynamic,Omega_hat_StateLoad,192,64647084624941.758,0.38824996045683902,0.20334036965130983,0.61211171592942515
cumulative-state-load,gpt-5.6-sol-high,all-arms,dynamic,Omega_hat_StateLoad,193,73638050524372.891,0.39192985633873545,0.20425938378680225,0.61809443418192866
cumulative-state-load,gpt-5.6-sol-high,all-arms,dynamic,Omega_hat_StateLoad,194,83879459011799.266,0.39562207465744442,0.20517114667899744,0.62405642053447752
cumulative-state-load,gpt-5.6-sol-high,all-arms,dynamic,Omega_hat_StateLoad,195,95545218728778.906,0.39932623358663233,0.20607588295812396,0.62999535917832528
cumulative-state-load,gpt-5.6-sol-high,all-arms,dynamic,Omega_hat_StateLoad,196,108833425125525.58,0.40304194596095216,0.20697381080134009,0.63590898297164955
cumulative-state-load,gpt-5.6-sol-high,all-arms,dynamic,Omega_hat_StateLoad,197,123969724305896.75,0.40676881942397169,0.20786514204958831,0.64179507585418782
cumulative-state-load,gpt-5.6-sol-high,all-arms,dynamic,Omega_hat_StateLoad,198,141211144708112.53,0.4105064565809422,0.20875008233189465,0.64765147512633436
cumulative-state-load,gpt-5.6-sol-high,all-arms,dynamic,Omega_hat_StateLoad,199,160850461686691.91,0.41425445515629417,0.20962883119569434,0.65347607358865833
cumulative-state-load,gpt-5.6-sol-high,all-arms,dynamic,Omega_hat_StateLoad,200,183221169110285.34,0.41801240815574087,0.21050158224192156,0.65926682153828886
cumulative-state-load,gpt-5.6-sol-high,all-arms,dynamic,Omega_hat_StateLoad,201,208703142397738.38,0.4217799040328653,0.2113685232637407,0.66502172861911424
cumulative-state-load,gpt-5.6-sol-high,all-arms,dynamic,Omega_hat_StateLoad,202,237729089156027.72,0.4255565268600574,0.21222983638792342,0.67073886552328243
cumulative-state-load,gpt-5.6-sol-high,all-arms,dynamic,Omega_hat_StateLoad,203,270791896957883.5,0.42934185650365764,0.21308569821798889,0.67641636554201712
cumulative-state-load,gpt-5.6-sol-high,all-arms,dynamic,Omega_hat_StateLoad,204,308453003031200,0.43313546880316489,0.2139362799783395,0.68205242596432869
cumulative-state-load,gpt-5.6-sol-high,all-arms,dynamic,Omega_hat_StateLoad,205,351351927985362.38,0.43693693575435227,0.2147817476587062,0.68764530932275858
cumulative-state-load,gpt-5.6-sol-high,all-arms,dynamic,Omega_hat_StateLoad,206,400217135465994.69,0.44074582569612952,0.21562226215831778,0.69319334448583536
cumulative-state-load,gpt-5.6-sol-high,all-arms,dynamic,Omega_hat_StateLoad,207,455878402145213.62,0.444561703500989,0.21645797942927864,0.69869492759749652
cumulative-state-load,gpt-5.6-sol-high,all-arms,dynamic,Omega_hat_StateLoad,208,519280908101273.38,0.44838413076885947,0.21728905061870746,0.70414852286426388
cumulative-state-load,gpt-5.6-sol-high,all-arms,dynamic,Omega_hat_StateLoad,209,591501286855412.5,0.45221266602419213,0.21811562220926356,0.7095526631914868
cumulative-state-load,gpt-5.6-sol-high,all-arms,dynamic,Omega_hat_StateLoad,210,673765907610406.88,0.45604686491609503,0.21893783615772924,0.71490595067049645
cumulative-state-load,gpt-5.6-sol-high,all-arms,dynamic,Omega_hat_StateLoad,211,767471700140256.75,0.45988628042132518,0.21975583003138049,0.72020705691899811
cumulative-state-load,gpt-5.6-sol-high,all-arms,dynamic,Omega_hat_StateLoad,212,874209875957044,0.46373046304994808,0.22056973714191405,0.72545472327750848
cumulative-state-load,gpt-5.6-sol-high,all-arms,dynamic,Omega_hat_StateLoad,213,995792948562350.75,0.4675789610534648,0.22137968667674454,0.73064776086508643
cumulative-state-load,gpt-5.6-sol-high,all-arms,dynamic,Omega_hat_StateLoad,214,1134285511612351,0.47143132063520465,0.22218580382751726,0.73578505049803467
cumulative-state-load,gpt-5.6-sol-high,all-arms,dynamic,Omega_hat_StateLoad,215,1292039297638314.8,0.47528708616277621,0.22298820991571816,0.74086554247562209
cumulative-state-load,gpt-5.6-sol-high,all-arms,dynamic,Omega_hat_StateLoad,216,1471733112652351.2,0.47914580038237198,0.22378702251528462,0.7458882562372644
cumulative-state-load,gpt-5.6-sol-high,all-arms,dynamic,Omega_hat_StateLoad,217,1676418324765014,0.48300700463470581,0.224582355572152,0.75085227989588632
cumulative-state-load,gpt-5.6-sol-high,all-arms,dynamic,Omega_hat_StateLoad,218,1909570679253842.2,0.48687023907237392,0.22537431952068468,0.75575676965252114
cumulative-state-load,gpt-5.6-sol-high,all-arms,dynamic,Omega_hat_StateLoad,219,2175149319950990.5,0.4907350428784214,0.2261630213969695,0.76060094909743581
cumulative-state-load,gpt-5.6-sol-high,all-arms,dynamic,Omega_hat_StateLoad,220,2477664019187790,0.49460095448588642,0.22694856494895374,0.76538410840329729
cumulative-state-load,gpt-5.6-sol-high,all-arms,dynamic,Omega_hat_StateLoad,221,2822251757923516,0.49846751179811244,0.22773105074343403,0.77010560341610168
cumulative-state-load,gpt-5.6-sol-high,all-arms,dynamic,Omega_hat_StateLoad,222,3214763956459843.5,0.50233425240959273,0.2285105762699112,0.77476485464971567
cumulative-state-load,gpt-5.6-sol-high,all-arms,dynamic,Omega_hat_StateLoad,223,3661865837000028.5,0.50620071382713216,0.22928723604133525,0.77936134619002839
cumulative-state-load,gpt-5.6-sol-high,all-arms,dynamic,Omega_hat_StateLoad,224,4171149605321062,0.51006643369109694,0.23006112169177631,0.7838946245147832
cumulative-state-load,gpt-5.6-sol-high,all-arms,dynamic,Omega_hat_StateLoad,225,4751263373489321,0.51393094999652833,0.2308323220710653,0.78836429723522106
cumulative-state-load,gpt-5.6-sol-high,all-arms,dynamic,Omega_hat_StateLoad,226,5412058012846948,0.51779380131389707,0.23160092333644886,0.79277003176570215
cumulative-state-load,gpt-5.6-sol-high,all-arms,dynamic,Omega_hat_StateLoad,227,6164754430969357,0.52165452700927195,0.23236700904131902,0.79711155392745392
cumulative-state-load,gpt-5.6-sol-high,all-arms,dynamic,Omega_hat_StateLoad,228,7022134113112519,0.5255126674636823,0.23313066022107207,0.80138864649257624
cumulative-state-load,gpt-5.6-sol-high,all-arms,dynamic,Omega_hat_StateLoad,229,7998756163720322,0.52936776429145038,0.2338919554761611,0.80560114767437496
cumulative-state-load,gpt-5.6-sol-high,all-arms,dynamic,Omega_hat_StateLoad,230,9111204533559578,0.53321936055727603,0.23465097105240537,0.80974894957000976
cumulative-state-load,gpt-5.6-sol-high,all-arms,dynamic,Omega_hat_StateLoad,231,10378369630628336,0.53706700099185289,0.23540778091862674,0.81383199656134397
cumulative-state-load,gpt-5.6-sol-high,all-arms,dynamic,Omega_hat_StateLoad,232,11821769096853822,0.54091023220580714,0.23616245684168094,0.81785028367975732
cumulative-state-load,gpt-5.6-sol-high,all-arms,dynamic,Omega_hat_StateLoad,233,13465913197665350,0.54474860290173654,0.23691506845895091,0.82180385494053565
cumulative-state-load,gpt-5.6-sol-high,all-arms,dynamic,Omega_hat_StateLoad,234,15338721029098442,0.54858166408415221,0.23766568334837795,0.8256928016523003
cumulative-state-load,gpt-5.6-sol-high,all-arms,dynamic,Omega_hat_StateLoad,235,17471994610012704,0.55240896926711081,0.23841436709609923,0.82951726070675125
cumulative-state-load,gpt-5.6-sol-high,all-arms,dynamic,Omega_hat_StateLoad,236,19901958909950544,0.55623007467933439,0.23916118336175962,0.83327741285381762
cumulative-state-load,gpt-5.6-sol-high,all-arms,dynamic,Omega_hat_StateLoad,237,22669876982813112,0.56004453946662858,0.23990619394157353,0.83697348096711
cumulative-state-load,gpt-5.6-sol-high,all-arms,dynamic,Omega_hat_StateLoad,238,25822750651893204,0.56385192589139921,0.24064945882920311,0.84060572830434555
cumulative-state-load,gpt-5.6-sol-high,all-arms,dynamic,Omega_hat_StateLoad,239,29414118644551596,0.56765179952908229,0.24139103627452313,0.84417445676721303
cumulative-state-load,gpt-5.6-sol-off,all-arms,dynamic,Omega_hat_StateLoad,0,895.99999999999977,0.73857050597635687,0.43210818707063586,0.91296274484417916
cumulative-state-load,gpt-5.6-sol-off,all-arms,dynamic,Omega_hat_StateLoad,1,1020.6135922853721,0.7398293170927378,0.43628506808994372,0.91264893546558301
cumulative-state-load,gpt-5.6-sol-off,all-arms,dynamic,Omega_hat_StateLoad,2,1162.5581526313067,0.74108419177218199,0.44046554668777244,0.91233587568492036
cumulative-state-load,gpt-5.6-sol-off,all-arms,dynamic,Omega_hat_StateLoad,3,1324.2440316938439,0.74233512182415096,0.44464887947828136,0.91202362369995671
cumulative-state-load,gpt-5.6-sol-off,all-arms,dynamic,Omega_hat_StateLoad,4,1508.4168060820521,0.743582099277173,0.44883431779405325,0.9117122395898527
cumulative-state-load,gpt-5.6-sol-off,all-arms,dynamic,Omega_hat_StateLoad,5,1718.2039008024899,0.7448251163780627,0.4530211080533999,0.91140178537770289
cumulative-state-load,gpt-5.6-sol-off,all-arms,dynamic,Omega_hat_StateLoad,6,1957.1676958446083,0.74606416559112143,0.45720849212948261,0.91109232509518057
cumulative-state-load,gpt-5.6-sol-off,all-arms,dynamic,Omega_hat_StateLoad,7,2229.3660187063037,0.74729923959731892,0.46139570772061106,0.91078392484934667
cumulative-state-load,gpt-5.6-sol-off,all-arms,dynamic,Omega_hat_StateLoad,8,2539.421050078995,0.74853033129345536,0.46558198872107853,0.91047665289167667
cumulative-state-load,gpt-5.6-sol-off,all-arms,dynamic,Omega_hat_StateLoad,9,2892.597812774794,0.74975743379130633,0.46976656559188179,0.91017057968936232
cumulative-state-load,gpt-5.6-sol-off,all-arms,dynamic,Omega_hat_StateLoad,10,3294.8935767108146,0.750980540416748,0.47394866573067695,0.90986577799893875
cumulative-state-load,gpt-5.6-sol-off,all-arms,dynamic,Omega_hat_StateLoad,11,3753.1396981303837,0.75219964470886591,0.47812751384031554,0.90956232294228911
cumulative-state-load,gpt-5.6-sol-off,all-arms,dynamic,Omega_hat_StateLoad,12,4275.1176223858138,0.75341474041904566,0.48230233229530711,0.90926029208507764
cumulative-state-load,gpt-5.6-sol-off,all-arms,dynamic,Omega_hat_StateLoad,13,4869.6910201179526,0.75462582151004554,0.48647234150555957,0.90895976551765245
cumulative-state-load,gpt-5.6-sol-off,all-arms,dynamic,Omega_hat_StateLoad,14,5546.9563006276821,0.75583288215505362,0.49063676027674707,0.90866082593846453
cumulative-state-load,gpt-5.6-sol-off,all-arms,dynamic,Omega_hat_StateLoad,15,6318.4140582964192,0.75703591673672765,0.49479480616666938,0.90836355874003794
cumulative-state-load,gpt-5.6-sol-off,all-arms,dynamic,Omega_hat_StateLoad,16,7197.164363375342,0.75823491984621816,0.49894569583696713,0.90806805209752628
cumulative-state-load,gpt-5.6-sol-off,all-arms,dynamic,Omega_hat_StateLoad,17,8198.1292133624702,0.759429886282176,0.50308864539957476,0.90777439705987895
cumulative-state-load,gpt-5.6-sol-off,all-arms,dynamic,Omega_hat_StateLoad,18,9338.3059223990113,0.76062081104974422,0.50722287075730399,0.90748268764364004
cumulative-state-load,gpt-5.6-sol-off,all-arms,dynamic,Omega_hat_StateLoad,19,10637.05575147257,0.7618076893595348,0.51134758793796464,0.90719302092938903
cumulative-state-load,gpt-5.6-sol-off,all-arms,dynamic,Omega_hat_StateLoad,20,12116.432680636386,0.76299051662658923,0.51546201342145104,0.90690549716082747
cumulative-state-load,gpt-5.6-sol-off,all-arms,dynamic,Omega_hat_StateLoad,21,13801.557906102886,0.76416928846932552,0.51956536445924195,0.90662021984650065
cumulative-state-load,gpt-5.6-sol-off,all-arms,dynamic,Omega_hat_StateLoad,22,15721.046421520366,0.76534400070847008,0.5236568593857841,0.90633729586413614
cumulative-state-load,gpt-5.6-sol-off,all-arms,dynamic,Omega_hat_StateLoad,23,17907.492927179665,0.76651464936597546,0.52773571792125884,0.90605683556756278
cumulative-state-load,gpt-5.6-sol-off,all-arms,dynamic,Omega_hat_StateLoad,24,20398.025318341224,0.76768123066392435,0.53180116146525935,0.90577895289616173
cumulative-state-load,gpt-5.6-sol-off,all-arms,dynamic,Omega_hat_StateLoad,25,23234.93515142881,0.76884374102342035,0.53585241338093692,0.90550376548677958
cumulative-state-load,gpt-5.6-sol-off,all-arms,dynamic,Omega_hat_StateLoad,26,26466.395793992637,0.77000217706346452,0.53988869926921534,0.90523139478801717
cumulative-state-load,gpt-5.6-sol-off,all-arms,dynamic,Omega_hat_StateLoad,27,30147.280453296087,0.77115653559982034,0.54390924723270673,0.90496196617678581
cumulative-state-load,gpt-5.6-sol-off,all-arms,dynamic,Omega_hat_StateLoad,28,34340.093974411953,0.77230681364386411,0.54791328812900764,0.90469560907699298
cumulative-state-load,gpt-5.6-sol-off,all-arms,dynamic,Omega_hat_StateLoad,29,39116.034230627069,0.77345300840142606,0.5519000558131012,0.90443245708019793
cumulative-state-load,gpt-5.6-sol-off,all-arms,dynamic,Omega_hat_StateLoad,30,44556.201129551213,0.77459511727161512,0.55586878736863943,0.90417264806804276
cumulative-state-load,gpt-5.6-sol-off,all-arms,dynamic,Omega_hat_StateLoad,31,50752.973764978538,0.77573313784563658,0.5598187233279377,0.90391632433623292
cumulative-state-load,gpt-5.6-sol-off,all-arms,dynamic,Omega_hat_StateLoad,32,57811.579099821436,0.77686706790559457,0.5637491078805682,0.90366363271980166
cumulative-state-load,gpt-5.6-sol-off,all-arms,dynamic,Omega_hat_StateLoad,33,65851.878817810983,0.77799690542328603,0.56765918907050772,0.90341472471935058
cumulative-state-load,gpt-5.6-sol-off,all-arms,dynamic,Omega_hat_StateLoad,34,75010.404686369526,0.77912264855898195,0.57154821898185781,0.90316975662791743
cumulative-state-load,gpt-5.6-sol-off,all-arms,dynamic,Omega_hat_StateLoad,35,85442.676993007946,0.78024429566019904,0.57541545391323479,0.90292888965806384
cumulative-state-load,gpt-5.6-sol-off,all-arms,dynamic,Omega_hat_StateLoad,36,97325.845424456013,0.78136184526046115,0.57926015454099999,0.90269229006872864
cumulative-state-load,gpt-5.6-sol-off,all-arms,dynamic,Omega_hat_StateLoad,37,110861.69723310818,0.78247529607805055,0.58308158607158811,0.9024601292913258
cumulative-state-load,gpt-5.6-sol-off,all-arms,dynamic,Omega_hat_StateLoad,38,126280.08377224984,0.78358464701474961,0.58687901838328072,0.90223258405450479
cumulative-state-load,gpt-5.6-sol-off,all-arms,dynamic,Omega_hat_StateLoad,39,143842.82358581884,0.78468989715457271,0.59065172615786699,0.90200983650691424
cumulative-state-load,gpt-5.6-sol-off,all-arms,dynamic,Omega_hat_StateLoad,40,163848.14833079607,0.78579104576249004,0.59439898900273658,0.90179207433723896
cumulative-state-load,gpt-5.6-sol-off,all-arms,dynamic,Omega_hat_StateLoad,41,186635.76702812582,0.78688809228314138,0.59812009156405677,0.90157949089068923
cumulative-state-load,gpt-5.6-sol-off,all-arms,dynamic,Omega_hat_StateLoad,42,212592.63463784699,0.78798103633954297,0.60181432363180176,0.90137228528103641
cumulative-state-load,gpt-5.6-sol-off,all-arms,dynamic,Omega_hat_StateLoad,43,242159.52291422398,0.78906987773178394,0.60548098023752517,0.90117066249718747
cumulative-state-load,gpt-5.6-sol-off,all-arms,dynamic,Omega_hat_StateLoad,44,275838.50512008718,0.79015461643571727,0.60911936174588921,0.90097483350318885
cumulative-state-load,gpt-5.6-sol-off,all-arms,dynamic,Omega_hat_StateLoad,45,314201.48169781163,0.79123525260164151,0.61272877394110814,0.90078501533044042
cumulative-state-load,gpt-5.6-sol-off,all-arms,dynamic,Omega_hat_StateLoad,46,357899.89167074801,0.79231178655297552,0.61630852810959558,0.90060143116077573
cumulative-state-load,gpt-5.6-sol-off,all-arms,dynamic,Omega_hat_StateLoad,47,407675.77468373533,0.79338421878492604,0.61985794112026227,0.90042431039895032
cumulative-state-load,gpt-5.6-sol-off,all-arms,dynamic,Omega_hat_StateLoad,48,464374.37152643997,0.79445254996314962,0.62337633550405658,0.90025388873293732
cumulative-state-load,gpt-5.6-sol-off,all-arms,dynamic,Omega_hat_StateLoad,49,528958.47710810369,0.79551678092240574,0.6268630395345085,0.90009040818029906
cumulative-state-load,gpt-5.6-sol-off,all-arms,dynamic,Omega_hat_StateLoad,50,602524.78961060592,0.79657691266520547,0.63031738731119524,0.89993411711875992
cumulative-state-load,gpt-5.6-sol-off,all-arms,dynamic,Omega_hat_StateLoad,51,686322.5334436018,0.79763294636045401,0.63373871884821964,0.89978527029895594
cumulative-state-load,gpt-5.6-sol-off,all-arms,dynamic,Omega_hat_StateLoad,52,781774.67223691079,0.79868488334208687,0.63712638016996448,0.89964412883718325
cumulative-state-load,gpt-5.6-sol-off,all-arms,dynamic,Omega_hat_StateLoad,53,890502.07208642096,0.79973272510770099,0.64047972341655524,0.89951096018582422
cumulative-state-load,gpt-5.6-sol-off,all-arms,dynamic,Omega_hat_StateLoad,54,1014351.0253679547,0.80077647331718005,0.64379810696164441,0.89938603807896134
cumulative-state-load,gpt-5.6-sol-off,all-arms,dynamic,Omega_hat_StateLoad,55,1155424.6024990422,0.80181612979131667,0.64708089554529169,0.89926964245055152
cumulative-state-load,gpt-5.6-sol-off,all-arms,dynamic,Omega_hat_StateLoad,56,1316118.3640306282,0.80285169651042732,0.65032746042488787,0.89916205932237525
cumulative-state-load,gpt-5.6-sol-off,all-arms,dynamic,Omega_hat_StateLoad,57,1499161.0394933596,0.8038831756129653,0.6535371795472269,0.89906358065883829
cumulative-state-load,gpt-5.6-sol-off,all-arms,dynamic,Omega_hat_StateLoad,58,1707660.8637629319,0.80491056939412775,0.65670943774497503,0.89897450418557134
cumulative-state-load,gpt-5.6-sol-off,all-arms,dynamic,Omega_hat_StateLoad,59,1945158.3577792721,0.80593388030446,0.65984362696092036,0.89889513316865977
cumulative-state-load,gpt-5.6-sol-off,all-arms,dynamic,Omega_hat_StateLoad,60,2215686.4498850657,0.80695311094845601,0.66293914650349828,0.8988257761512306
cumulative-state-load,gpt-5.6-sol-off,all-arms,dynamic,Omega_hat_StateLoad,61,2523838.9587000227,0.80796826408315436,0.66599540333717633,0.89876674664405964
cumulative-state-load,gpt-5.6-sol-off,all-arms,dynamic,Omega_hat_StateLoad,62,2874848.6004337096,0.8089793426167331,0.66901181241133967,0.89871836276680472
cumulative-state-load,gpt-5.6-sol-off,all-arms,dynamic,Omega_hat_StateLoad,63,3274675.8452736791,0.80998634960709981,0.67198779703134148,0.89868094683647348
cumulative-state-load,gpt-5.6-sol-off,all-arms,dynamic,Omega_hat_StateLoad,64,3730110.131713076,0.81098928826048045,0.67492278927536087,0.8986548248997529
cumulative-state-load,gpt-5.6-sol-off,all-arms,dynamic,Omega_hat_StateLoad,65,4248885.157530956,0.81198816193000445,0.67781623046064343,0.89864032620591905
cumulative-state-load,gpt-5.6-sol-off,all-arms,dynamic,Omega_hat_StateLoad,66,4839810.2051737504,0.81298297411428899,0.68066757166256975,0.89863778261717353
cumulative-state-load,gpt-5.6-sol-off,all-arms,dynamic,Omega_hat_StateLoad,67,5512919.7315644799,0.81397372845602056,0.68347627428981139,0.89864752795345537
cumulative-state-load,gpt-5.6-sol-off,all-arms,dynamic,Omega_hat_StateLoad,68,6279643.7625144357,0.81496042874053487,0.6862418107185656,0.89866989726904778
cumulative-state-load,gpt-5.6-sol-off,all-arms,dynamic,Omega_hat_StateLoad,69,7153001.9851922886,0.81594307889439532,0.68896366498852357,0.89870522605864467
cumulative-state-load,gpt-5.6-sol-off,all-arms,dynamic,Omega_hat_StateLoad,70,8147824.8345217453,0.81692168298397028,0.69164133356279733,0.89875384939097869
cumulative-state-load,gpt-5.6-sol-off,all-arms,dynamic,Omega_hat_StateLoad,71,9281005.3277602997,0.81789624521400961,0.69427432615351015,0.8988161009686334
cumulative-state-load,gpt-5.6-sol-off,all-arms,dynamic,Omega_hat_StateLoad,72,10571785.923644081,0.81886676992622009,0.69686216661413869,0.89889231211328835
cumulative-state-load,gpt-5.6-sol-off,all-arms,dynamic,Omega_hat_StateLoad,73,12042085.277234759,0.81983326159784009,0.6994043938989748,0.89898281067636521
cumulative-state-load,gpt-5.6-sol-off,all-arms,dynamic,Omega_hat_StateLoad,74,13716870.439068452,0.82079572484021424,0.70190056308925242,0.899087919875872
cumulative-state-load,gpt-5.6-sol-off,all-arms,dynamic,Omega_hat_StateLoad,75,15624580.818895854,0.82175416439736781,0.70435024648455946,0.89920795706116363
cumulative-state-load,gpt-5.6-sol-off,all-arms,dynamic,Omega_hat_StateLoad,76,17797611.113310739,0.82270858514458112,0.70675303475712525,0.89934323240837655
cumulative-state-load,gpt-5.6-sol-off,all-arms,dynamic,Omega_hat_StateLoad,77,20272861.397828281,0.82365899208696447,0.70910853816545216,0.89949404755040807
cumulative-state-load,gpt-5.6-sol-off,all-arms,dynamic,Omega_hat_StateLoad,78,23092363.7244877,0.82460539035803238,0.71141638782255534,0.89966069414652117
cumulative-state-load,gpt-5.6-sol-off,all-arms,dynamic,Omega_hat_StateLoad,79,26303995.865189459,0.82554778521828098,0.71367623701279059,0.89984345239793873
cumulative-state-load,gpt-5.6-sol-off,all-arms,dynamic,Omega_hat_StateLoad,80,29962294.320793148,0.82648618205376345,0.71588776254991471,0.90004258951711713
cumulative-state-load,gpt-5.6-sol-off,all-arms,dynamic,Omega_hat_StateLoad,81,34129380.401625261,0.82742058637466853,0.71805066616766089,0.90025835815976185
cumulative-state-load,gpt-5.6-sol-off,all-arms,dynamic,Omega_hat_StateLoad,82,38876015.105108067,0.82835100381389892,0.72016467593272848,0.90049099483001671
cumulative-state-load,gpt-5.6-sol-off,all-arms,dynamic,Omega_hat_StateLoad,83,44282800.703308754,0.82927744012565263,0.72222954766873282,0.90074071827060975
cumulative-state-load,gpt-5.6-sol-off,all-arms,dynamic,Omega_hat_StateLoad,84,50441549.444487907,0.83019990118400422,0.72424506637836905,0.901007727851036
cumulative-state-load,gpt-5.6-sol-off,all-arms,dynamic,Omega_hat_StateLoad,85,57456842.610467665,0.83111839298149015,0.72621104764983158,0.90129220196805271
cumulative-state-load,gpt-5.6-sol-off,all-arms,dynamic,Omega_hat_StateLoad,86,65447806.404067539,0.83203292162769282,0.72812733903245452,0.90159429647384193
cumulative-state-load,gpt-5.6-sol-off,all-arms,dynamic,Omega_hat_StateLoad,87,74550134.82282716,0.8329434933478308,0.72999382136563873,0.90191414314808438
cumulative-state-load,gpt-5.6-sol-off,all-arms,dynamic,Omega_hat_StateLoad,88,84918393.869290486,0.83385011448134794,0.73181041004442871,0.90225184823089299
cumulative-state-load,gpt-5.6-sol-off,all-arms,dynamic,Omega_hat_StateLoad,89,96728646.22549209,0.83475279148050707,0.73357705620465952,0.90260749103397986
cumulative-state-load,gpt-5.6-sol-off,all-arms,dynamic,Omega_hat_StateLoad,90,110181440.9610493,0.83565153090898614,0.73529374781042078,0.90298112264760788
cumulative-state-load,gpt-5.6-sol-off,all-arms,dynamic,Omega_hat_StateLoad,91,125505219.04289673,0.83654633944047618,0.73696051062673329,0.90337276476071504
cumulative-state-load,gpt-5.6-sol-off,all-arms,dynamic,Omega_hat_StateLoad,92,142960192.47537169,0.83743722385728381,0.73857740906080471,0.90378240861112724
cumulative-state-load,gpt-5.6-sol-off,all-arms,dynamic,Omega_hat_StateLoad,93,162842762.94207257,0.83832419104893574,0.74014454685605591,0.90421001408193513
cumulative-state-load,gpt-5.6-sol-off,all-arms,dynamic,Omega_hat_StateLoad,94,185490554.98212546,0.83920724801078728,0.74166206762428499,0.90465550895893954
cumulative-state-load,gpt-5.6-sol-off,all-arms,dynamic,Omega_hat_StateLoad,95,211288149.16887718,0.8400864018426345,0.74313015520284886,0.90511878836253401
cumulative-state-load,gpt-5.6-sol-off,all-arms,dynamic,Omega_hat_StateLoad,96,240673612.64573205,0.8409616597473295,0.74454903382559623,0.90559971436554454
cumulative-state-load,gpt-5.6-sol-off,all-arms,dynamic,Omega_hat_StateLoad,97,274145937.91368103,0.84183302902939972,0.74591896809842606,0.90609811580638944
cumulative-state-load,gpt-5.6-sol-off,all-arms,dynamic,Omega_hat_StateLoad,98,312273516.18808633,0.84270051709367155,0.74724026277275557,0.90661378830450845
cumulative-state-load,gpt-5.6-sol-off,all-arms,dynamic,Omega_hat_StateLoad,99,355703789.21016335,0.84356413144389841,0.74851326231279158,0.90714649448238949
cumulative-state-load,gpt-5.6-sol-off,all-arms,dynamic,Omega_hat_StateLoad,100,405174243.40993822,0.84442387968139132,0.74973835025527102,0.90769596439574229
cumulative-state-load,gpt-5.6-sol-off,all-arms,dynamic,Omega_hat_StateLoad,101,461524933.11174542,0.84527976950365658,0.75091594836318742,0.9082618961705089
cumulative-state-load,gpt-5.6-sol-off,all-arms,dynamic,Omega_hat_StateLoad,102,525712745.43799502,0.84613180870303561,0.75204651557788849,0.90884395684252095
cumulative-state-load,gpt-5.6-sol-off,all-arms,dynamic,Omega_hat_StateLoad,103,598827649.14249873,0.84698000516535055,0.75313054677675662,0.90944178339278514
cumulative-state-load,gpt-5.6-sol-off,all-arms,dynamic,Omega_hat_StateLoad,104,682111203.29367054,0.84782436686855511,0.75416857134636806,0.91005498396867557
cumulative-state-load,gpt-5.6-sol-off,all-arms,dynamic,Omega_hat_StateLoad,105,776977640.10229099,0.84866490188138943,0.7551611515835418,0.91068313927879929
cumulative-state-load,gpt-5.6-sol-off,all-arms,dynamic,Omega_hat_StateLoad,106,885037879.89978623,0.84950161836204008,0.75610888093894191,0.91132580414703102
cumulative-state-load,gpt-5.6-sol-off,all-arms,dynamic,Omega_hat_StateLoad,107,1008126886.0637869,0.85033452455680691,0.75701238211985167,0.91198250920925328
cumulative-state-load,gpt-5.6-sol-off,all-arms,dynamic,Omega_hat_StateLoad,108,1148334824.40293,0.85116362879877272,0.75787230507035774,0.91265276273471196
cumulative-state-load,gpt-5.6-sol-off,all-arms,dynamic,Omega_hat_StateLoad,109,1308042556.1163659,0.8519889395064798,0.75868932484841989,0.91333605255264927
cumulative-state-load,gpt-5.6-sol-off,all-arms,dynamic,Omega_hat_StateLoad,110,1489962067.0313261,0.8528104651826125,0.75946413942015667,0.91403184806401072
cumulative-state-load,gpt-5.6-sol-off,all-arms,dynamic,Omega_hat_StateLoad,111,1697182519.6448402,0.85362821441268399,0.76019746739213834,0.91473960231756068
cumulative-state-load,gpt-5.6-sol-off,all-arms,dynamic,Omega_hat_StateLoad,112,1933222709.9761877,0.85444219586373049,0.76089004570254581,0.91545875412965938
cumulative-state-load,gpt-5.6-sol-off,all-arms,dynamic,Omega_hat_StateLoad,113,2202090819.9960432,0.8552524182830098,0.76154262729176014,0.91618873022724301
cumulative-state-load,gpt-5.6-sol-off,all-arms,dynamic,Omega_hat_StateLoad,114,2508352480.2843847,0.85605889049670703,0.76215597877229746,0.91692894739418895
cumulative-state-load,gpt-5.6-sol-off,all-arms,dynamic,Omega_hat_StateLoad,115,2857208298.6841106,0.85686162140864575,0.76273087811706919,0.9176788146021817
cumulative-state-load,gpt-5.6-sol-off,all-arms,dynamic,Omega_hat_StateLoad,116,3254582171.4593468,0.85766061999900578,0.76326811238371839,0.91843773510840643
cumulative-state-load,gpt-5.6-sol-off,all-arms,dynamic,Omega_hat_StateLoad,117,3707221876.5636644,0.858455895323047,0.7637684754913654,0.91920510850381809
cumulative-state-load,gpt-5.6-sol-off,all-arms,dynamic,Omega_hat_StateLoad,118,4222813657.1858835,0.85924745650983947,0.76423276606447865,0.91998033269733737
cumulative-state-load,gpt-5.6-sol-off,all-arms,dynamic,Omega_hat_StateLoad,119,4810112741.3082876,0.86003531276100087,0.76466178535687412,0.92076280582303494
cumulative-state-load,gpt-5.6-sol-off,all-arms,dynamic,Omega_hat_StateLoad,120,5479092013.6208477,0.86081947334943898,0.7650563352670291,0.92155192805916974
cumulative-state-load,gpt-5.6-sol-off,all-arms,dynamic,Omega_hat_StateLoad,121,6241111364.3791094,0.86159994761810244,0.76541721645408178,0.92234710334976666
cumulative-state-load,gpt-5.6-sol-off,all-arms,dynamic,Omega_hat_StateLoad,122,7109110590.9062595,0.86237674497873718,0.76574522656205113,0.92314774102123887
cumulative-state-load,gpt-5.6-sol-off,all-arms,dynamic,Omega_hat_StateLoad,123,8097829127.3871012,0.86314987491065043,0.76604115855804156,0.92395325728832567
cumulative-state-load,gpt-5.6-sol-off,all-arms,dynamic,Omega_hat_StateLoad,124,9224056334.1692524,0.86391934695948092,0.76630579918850217,0.92476307664531565
cumulative-state-load,gpt-5.6-sol-off,all-arms,dynamic,Omega_hat_StateLoad,125,10506916596.717747,0.86468517073597628,0.76653992755600109,0.92557663314011251
cumulative-state-load,gpt-5.6-sol-off,all-arms,dynamic,Omega_hat_StateLoad,126,11968194075.467552,0.86544735591477895,0.76674431381751595,0.9263933715301701
cumulative-state-load,gpt-5.6-sol-off,all-arms,dynamic,Omega_hat_StateLoad,127,13632702621.128815,0.86620591223321597,0.76691971800388514,0.9272127483206658
cumulative-state-load,gpt-5.6-sol-off,all-arms,dynamic,Omega_hat_StateLoad,128,15528707136.951481,0.86696084949009999,0.76706688895888553,0.92803423268645702
cumulative-state-load,gpt-5.6-sol-off,all-arms,dynamic,Omega_hat_StateLoad,129,17688403543.070885,0.867712177544534,0.76718656339534541,0.92885730728042026
cumulative-state-load,gpt-5.6-sol-off,all-arms,dynamic,Omega_hat_StateLoad,130,20148465493.177376,0.86845990631472658,0.76727946506481526,0.92968146893165116
cumulative-state-load,gpt-5.6-sol-off,all-arms,dynamic,Omega_hat_StateLoad,131,22950667127.265152,0.86920404577681132,0.76734630403656323,0.93050622923775472
cumulative-state-load,gpt-5.6-sol-off,all-arms,dynamic,Omega_hat_StateLoad,132,26142592435.383877,0.8699446059636764,0.76738777608106468,0.9313311150560557
cumulative-state-load,gpt-5.6-sol-off,all-arms,dynamic,Omega_hat_StateLoad,133,29778443278.046288,0.87068159696380099,0.76740456215267228,0.93215566889902435
cumulative-state-load,gpt-5.6-sol-off,all-arms,dynamic,Omega_hat_StateLoad,134,33919959784.2332,0.87141502892009781,0.76739732796580862,0.93297944923956899
cumulative-state-load,gpt-5.6-sol-off,all-arms,dynamic,Omega_hat_StateLoad,135,38637468756.207253,0.87214491202876554,0.76736672365878444,0.93380203073206969
cumulative-state-load,gpt-5.6-sol-off,all-arms,dynamic,Omega_hat_StateLoad,136,44011077884.025024,0.8728712565381479,0.76731338353920731,0.93462300435517054
cumulative-state-load,gpt-5.6-sol-off,all-arms,dynamic,Omega_hat_StateLoad,137,50132036048.622993,0.87359407274759981,0.76723792590489892,0.93544197748238755
cumulative-state-load,gpt-5.6-sol-off,all-arms,dynamic,Omega_hat_StateLoad,138,57104282812.683891,0.87431337100636208,0.76714095293426654,0.93625857388655875
cumulative-state-load,gpt-5.6-sol-off,all-arms,dynamic,Omega_hat_StateLoad,139,65046213411.086273,0.87502916171244527,0.76702305064017473,0.93707243368406468
cumulative-state-load,gpt-5.6-sol-off,all-arms,dynamic,Omega_hat_StateLoad,140,74092689212.108887,0.87574145531151815,0.76688478888150313,0.937883213224594
cumulative-state-load,gpt-5.6-sol-off,all-arms,dynamic,Omega_hat_StateLoad,141,84397327788.899475,0.87645026229580747,0.76672672142678611,0.93869058493203428
cumulative-state-load,gpt-5.6-sol-off,all-arms,dynamic,Omega_hat_StateLoad,142,96135111488.7444,0.87715559320300407,0.76654938606454592,0.93949423710182955
cumulative-state-load,gpt-5.6-sol-off,all-arms,dynamic,Omega_hat_StateLoad,143,109505358796.07361,0.8778574586151765,0.76635330475519792,0.94029387365989325
cumulative-state-load,gpt-5.6-sol-off,all-arms,dynamic,Omega_hat_StateLoad,144,124735108945.71381,0.87855586915769468,0.7661389838196816,0.94108921388788047
cumulative-state-load,gpt-5.6-sol-off,all-arms,dynamic,Omega_hat_StateLoad,145,142082977260.25885,0.87925083549815897,0.76590691416025858,0.94187999211933526
cumulative-state-load,gpt-5.6-sol-off,all-arms,dynamic,Omega_hat_StateLoad,146,161843546678.78796,0.87994236834534068,0.76565757150922031,0.94266595741092796
cumulative-state-load,gpt-5.6-sol-off,all-arms,dynamic,Omega_hat_StateLoad,147,184352370049.15485,0.88063047844812725,0.76539141670154143,0.94344687319269749
cumulative-state-load,gpt-5.6-sol-off,all-arms,dynamic,Omega_hat_StateLoad,148,209991668127.44495,0.88131517659447778,0.76510889596781939,0.94422251690091619
cumulative-state-load,gpt-5.6-sol-off,all-arms,dynamic,Omega_hat_StateLoad,149,239196820041.90717,0.88199647361038669,0.76481044124412578,0.94499267959689681
cumulative-state-load,gpt-5.6-sol-off,all-arms,dynamic,Omega_hat_StateLoad,150,272463756435.50003,0.8826743803588547,0.7644964704956847,0.94575716557478551
cumulative-state-load,gpt-5.6-sol-off,all-arms,dynamic,Omega_hat_StateLoad,151,310357380829.46777,0.88334890773886909,0.76416738805156059,0.94651579196109903
cumulative-state-load,gpt-5.6-sol-off,all-arms,dynamic,Omega_hat_StateLoad,152,353521162210.5376,0.88402006668439104,0.76382358494780689,0.94726838830851168
cumulative-state-load,gpt-5.6-sol-off,all-arms,dynamic,Omega_hat_StateLoad,153,402688061732.80969,0.88468786816335232,0.76346543927676846,0.94801479618614182
cumulative-state-load,gpt-5.6-sol-off,all-arms,dynamic,Omega_hat_StateLoad,154,458692979079.86127,0.88535232317666035,0.76309331654046819,0.94875486876835902
cumulative-state-load,gpt-5.6-sol-off,all-arms,dynamic,Omega_hat_StateLoad,155,522486929837.92133,0.88601344275721061,0.76270757000622902,0.94948847042390427
cumulative-state-load,gpt-5.6-sol-off,all-arms,dynamic,Omega_hat_StateLoad,156,595153194625.03894,0.88667123796890823,0.76230854106288548,0.95021547630691616
cumulative-state-load,gpt-5.6-sol-off,all-arms,dynamic,Omega_hat_StateLoad,157,677925714203.54346,0.88732571990569808,0.76189655957613212,0.95093577195126788
cumulative-state-load,gpt-5.6-sol-off,all-arms,dynamic,Omega_hat_StateLoad,158,772210042941.86035,0.88797689969060223,0.7614719442417297,0.95164925286942925
cumulative-state-load,gpt-5.6-sol-off,all-arms,dynamic,Omega_hat_StateLoad,159,879607216434.96851,0.88862478847476722,0.76103500293545734,0.95235582415692244
cumulative-state-load,gpt-5.6-sol-off,all-arms,dynamic,Omega_hat_StateLoad,160,1001940938577.938,0.88926939743651834,0.76058603305884021,0.95305540010328149
cumulative-state-load,gpt-5.6-sol-off,all-arms,dynamic,Omega_hat_StateLoad,161,1141288549754.2461,0.88991073778042362,0.76012532187982818,0.95374790381028685
cumulative-state-load,gpt-5.6-sol-off,all-arms,dynamic,Omega_hat_StateLoad,162,1300016302007.6416,0.89054882073636499,0.75965314686771312,0.95443326681813256
cumulative-state-load,gpt-5.6-sol-off,all-arms,dynamic,Omega_hat_StateLoad,163,1480819540202.6355,0.89118365755861906,0.75916977602169911,0.95511142874006394
cumulative-state-load,gpt-5.6-sol-off,all-arms,dynamic,Omega_hat_StateLoad,164,1686768471487.2644,0.89181525952494534,0.7586754681926251,0.95578233690592196
cumulative-state-load,gpt-5.6-sol-off,all-arms,dynamic,Omega_hat_StateLoad,165,1921360300265.9814,0.89244363793568304,0.75817047339744492,0.95644594601494504
cumulative-state-load,gpt-5.6-sol-off,all-arms,dynamic,Omega_hat_StateLoad,166,2188578613983.2146,0.89306880411285772,0.75765503312614202,0.95710221779809257
cumulative-state-load,gpt-5.6-sol-off,all-arms,dynamic,Omega_hat_StateLoad,167,2492961028143.2539,0.89369076939929337,0.75712938064083513,0.95775112069008439
cumulative-state-load,gpt-5.6-sol-off,all-arms,dynamic,Omega_hat_StateLoad,168,2839676239241.8701,0.89430954515773675,0.75659374126689216,0.95839262951128434
cumulative-state-load,gpt-5.6-sol-off,all-arms,dynamic,Omega_hat_StateLoad,169,3234611794040.2549,0.89492514276998603,0.75604833267592775,0.9590267251594996
cumulative-state-load,gpt-5.6-sol-off,all-arms,dynamic,Omega_hat_StateLoad,170,3684474065584.877,0.89553757363603215,0.75549336516061572,0.9596533943117187
cumulative-state-load,gpt-5.6-sol-off,all-arms,dynamic,Omega_hat_StateLoad,171,4196902133659.4658,0.89614684917320431,0.75492904190128185,0.96027262913576383
cumulative-state-load,gpt-5.6-sol-off,all-arms,dynamic,Omega_hat_StateLoad,172,4780597503464.6436,0.89675298081532739,0.75435555922429476,0.96088442701179699
cumulative-state-load,gpt-5.6-sol-off,all-arms,dynamic,Omega_hat_StateLoad,173,5445471865269.5811,0.89735598001188566,0.7537731068522936,0.96148879026358702
cumulative-state-load,gpt-5.6-sol-off,all-arms,dynamic,Omega_hat_StateLoad,174,6202815404131.3633,0.89795585822719537,0.75318186814632837,0.96208572589941321
cumulative-state-load,gpt-5.6-sol-off,all-arms,dynamic,Omega_hat_StateLoad,175,7065488517738.3594,0.89855262693958682,0.75258202034001265,0.96267524536246096
cumulative-state-load,gpt-5.6-sol-off,all-arms,dynamic,Omega_hat_StateLoad,176,8048140197924.085,0.89914629764059184,0.75197373476580542,0.96325736429053832
cumulative-state-load,gpt-5.6-sol-off,all-arms,dynamic,Omega_hat_StateLoad,177,9167456784173.6465,0.89973688183414402,0.75135717707356409,0.96383210228493332
cumulative-state-load,gpt-5.6-sol-off,all-arms,dynamic,Omega_hat_StateLoad,178,10442445313187.943,0.90032439103578277,0.75073250744151587,0.96439948268821007
cumulative-state-load,gpt-5.6-sol-off,all-arms,dynamic,Omega_hat_StateLoad,179,11894756276044.945,0.90090883677186906,0.75009988077981848,0.96495953237073528
cumulative-state-load,gpt-5.6-sol-off,all-arms,dynamic,Omega_hat_StateLoad,180,13549051263675.49,0.90149023057880695,0.74945944692687749,0.96551228152571544
cumulative-state-load,gpt-5.6-sol-off,all-arms,dynamic,Omega_hat_StateLoad,181,15433421743614.367,0.90206858400227574,0.74881135083860928,0.96605776347251948
cumulative-state-load,gpt-5.6-sol-off,all-arms,dynamic,Omega_hat_StateLoad,182,17579866079247.18,0.90264390859646848,0.74815573277083225,0.96659601446805488
cumulative-state-load,gpt-5.6-sol-off,all-arms,dynamic,Omega_hat_StateLoad,183,20024832891781.457,0.90321621592333956,0.74749272845498127,0.96712707352596516
cumulative-state-load,gpt-5.6-sol-off,all-arms,dynamic,Omega_hat_StateLoad,184,22809839991735.832,0.90378551755186076,0.74682246926733908,0.96765098224341062
cumulative-state-load,gpt-5.6-sol-off,all-arms,dynamic,Omega_hat_StateLoad,185,25982179389977.805,0.90435182505728395,0.74614508239198085,0.96816778463519648
cumulative-state-load,gpt-5.6-sol-off,all-arms,dynamic,Omega_hat_StateLoad,186,29595720360053.734,0.90491515002041478,0.74546069097762824,0.96867752697501308
cumulative-state-load,gpt-5.6-sol-off,all-arms,dynamic,Omega_hat_StateLoad,187,33711824188557.871,0.90547550402689148,0.74476941428860854,0.96918025764355231
cumulative-state-load,gpt-5.6-sol-off,all-arms,dynamic,Omega_hat_StateLoad,188,38400386146849.188,0.9060328986664733,0.7440713678501143,0.96967602698326927
cumulative-state-load,gpt-5.6-sol-off,all-arms,dynamic,Omega_hat_StateLoad,189,43741022377769.305,0.90658734553233777,0.74336666358795522,0.97016488715955773
cumulative-state-load,gpt-5.6-sol-off,all-arms,dynamic,Omega_hat_StateLoad,190,49824421851796.742,0.90713885622038404,0.74265540996299206,0.97064689202811527
cumulative-state-load,gpt-5.6-sol-off,all-arms,dynamic,Omega_hat_StateLoad,191,56753886350116.297,0.90768744232854603,0.74193771210043735,0.97112209700827568
cumulative-state-load,gpt-5.6-sol-off,all-arms,dynamic,Omega_hat_StateLoad,192,64647084624941.758,0.90823311545611229,0.74121367191421039,0.97159055896209179
cumulative-state-load,gpt-5.6-sol-off,all-arms,dynamic,Omega_hat_StateLoad,193,73638050524372.891,0.90877588720305502,0.74048338822651893,0.97205233607895403
cumulative-state-load,gpt-5.6-sol-off,all-arms,dynamic,Omega_hat_StateLoad,194,83879459011799.266,0.90931576916936585,0.73974695688284775,0.97250748776553919
cumulative-state-load,gpt-5.6-sol-off,all-arms,dynamic,Omega_hat_StateLoad,195,95545218728778.906,0.90985277295440081,0.73900447086252197,0.97295607454088795
cumulative-state-load,gpt-5.6-sol-off,all-arms,dynamic,Omega_hat_StateLoad,196,108833425125525.58,0.91038691015623163,0.73825602038501026,0.97339815793640994
cumulative-state-load,gpt-5.6-sol-off,all-arms,dynamic,Omega_hat_StateLoad,197,123969724305896.75,0.91091819237100624,0.73750169301213231,0.97383380040063017
cumulative-state-load,gpt-5.6-sol-off,all-arms,dynamic,Omega_hat_StateLoad,198,141211144708112.53,0.91144663119231684,0.73674157374631988,0.97426306520848704
cumulative-state-load,gpt-5.6-sol-off,all-arms,dynamic,Omega_hat_StateLoad,199,160850461686691.91,0.9119722382105746,0.73597574512509323,0.97468601637500307
cumulative-state-load,gpt-5.6-sol-off,all-arms,dynamic,Omega_hat_StateLoad,200,183221169110285.34,0.9124950250123941,0.7352042873118888,0.97510271857315445
cumulative-state-load,gpt-5.6-sol-off,all-arms,dynamic,Omega_hat_StateLoad,201,208703142397738.38,0.91301500317998341,0.73442727818338749,0.9755132370557692
cumulative-state-load,gpt-5.6-sol-off,all-arms,dynamic,Omega_hat_StateLoad,202,237729089156027.72,0.91353218429054339,0.73364479341347688,0.97591763758129124
cumulative-state-load,gpt-5.6-sol-off,all-arms,dynamic,Omega_hat_StateLoad,203,270791896957883.5,0.91404657991567384,0.73285690655398106,0.97631598634325079
cumulative-state-load,gpt-5.6-sol-off,all-arms,dynamic,Omega_hat_StateLoad,204,308453003031200,0.91455820162078749,0.73206368911228525,0.97670834990329214
cumulative-state-load,gpt-5.6-sol-off,all-arms,dynamic,Omega_hat_StateLoad,205,351351927985362.38,0.91506706096453139,0.73126521062597882,0.97709479512760655
cumulative-state-load,gpt-5.6-sol-off,all-arms,dynamic,Omega_hat_StateLoad,206,400217135465994.69,0.91557316949821632,0.73046153873463404,0.97747538912663212
cumulative-state-load,gpt-5.6-sol-off,all-arms,dynamic,Omega_hat_StateLoad,207,455878402145213.62,0.9160765387652523,0.72965273924883489,0.97785019919788263
cumulative-state-load,gpt-5.6-sol-off,all-arms,dynamic,Omega_hat_StateLoad,208,519280908101273.38,0.91657718030059421,0.72883887621656862,0.97821929277177366
cumulative-state-load,gpt-5.6-sol-off,all-arms,dynamic,Omega_hat_StateLoad,209,591501286855412.5,0.91707510563019168,0.72802001198708022,0.97858273736031687
cumulative-state-load,gpt-5.6-sol-off,all-arms,dynamic,Omega_hat_StateLoad,210,673765907610406.88,0.91757032627044832,0.72719620727229728,0.97894060050856302
cumulative-state-load,gpt-5.6-sol-off,all-arms,dynamic,Omega_hat_StateLoad,211,767471700140256.75,0.91806285372768814,0.72636752120591752,0.97929294974867553
cumulative-state-load,gpt-5.6-sol-off,all-arms,dynamic,Omega_hat_StateLoad,212,874209875957044,0.91855269949762841,0.72553401140025786,0.97963985255651931
cumulative-state-load,gpt-5.6-sol-off,all-arms,dynamic,Omega_hat_StateLoad,213,995792948562350.75,0.91903987506485996,0.72469573400095089,0.97998137631065863
cumulative-state-load,gpt-5.6-sol-off,all-arms,dynamic,Omega_hat_StateLoad,214,1134285511612351,0.91952439190233615,0.72385274373957709,0.98031758825365745
cumulative-state-load,gpt-5.6-sol-off,all-arms,dynamic,Omega_hat_StateLoad,215,1292039297638314.8,0.9200062614708665,0.72300509398431667,0.98064855545558338
cumulative-state-load,gpt-5.6-sol-off,all-arms,dynamic,Omega_hat_StateLoad,216,1471733112652351.2,0.920485495218619,0.72215283678869779,0.98097434477961654
cumulative-state-load,gpt-5.6-sol-off,all-arms,dynamic,Omega_hat_StateLoad,217,1676418324765014,0.9209621045806301,0.72129602293852091,0.98129502284967396
cumulative-state-load,gpt-5.6-sol-off,all-arms,dynamic,Omega_hat_StateLoad,218,1909570679253842.2,0.92143610097831963,0.72043470199703186,0.98161065601995545
cumulative-state-load,gpt-5.6-sol-off,all-arms,dynamic,Omega_hat_StateLoad,219,2175149319950990.5,0.92190749581901477,0.71956892234840919,0.98192131034633079
cumulative-state-load,gpt-5.6-sol-off,all-arms,dynamic,Omega_hat_StateLoad,220,2477664019187790,0.92237630049547936,0.71869873123964312,0.98222705155948298
cumulative-state-load,gpt-5.6-sol-off,all-arms,dynamic,Omega_hat_StateLoad,221,2822251757923516,0.92284252638545172,0.71782417482085936,0.98252794503972829
cumulative-state-load,gpt-5.6-sol-off,all-arms,dynamic,Omega_hat_StateLoad,222,3214763956459843.5,0.92330618485118754,0.71694529818415853,0.9828240557934409
cumulative-state-load,gpt-5.6-sol-off,all-arms,dynamic,Omega_hat_StateLoad,223,3661865837000028.5,0.92376728723901136,0.71606214540102497,0.98311544843100596
cumulative-state-load,gpt-5.6-sol-off,all-arms,dynamic,Omega_hat_StateLoad,224,4171149605321062,0.9242258448788726,0.71517475955836651,0.98340218714623295
cumulative-state-load,gpt-5.6-sol-off,all-arms,dynamic,Omega_hat_StateLoad,225,4751263373489321,0.92468186908391126,0.71428318279323477,0.98368433569716518
cumulative-state-load,gpt-5.6-sol-off,all-arms,dynamic,Omega_hat_StateLoad,226,5412058012846948,0.9251353711500272,0.71338745632628353,0.98396195738821512
cumulative-state-load,gpt-5.6-sol-off,all-arms,dynamic,Omega_hat_StateLoad,227,6164754430969357,0.92558636235545788,0.71248762049401004,0.98423511505357186
cumulative-state-load,gpt-5.6-sol-off,all-arms,dynamic,Omega_hat_StateLoad,228,7022134113112519,0.92603485396036278,0.71158371477983096,0.9845038710418168
cumulative-state-load,gpt-5.6-sol-off,all-arms,dynamic,Omega_hat_StateLoad,229,7998756163720322,0.92648085720641316,0.71067577784403868,0.98476828720169318
cumulative-state-load,gpt-5.6-sol-off,all-arms,dynamic,Omega_hat_StateLoad,230,9111204533559578,0.92692438331638916,0.70976384755267929,0.98502842486897502
cumulative-state-load,gpt-5.6-sol-off,all-arms,dynamic,Omega_hat_StateLoad,231,10378369630628336,0.9273654434937828,0.70884796100539826,0.98528434485438343
cumulative-state-load,gpt-5.6-sol-off,all-arms,dynamic,Omega_hat_StateLoad,232,11821769096853822,0.92780404892240886,0.70792815456229041,0.98553610743250197
cumulative-state-load,gpt-5.6-sol-off,all-arms,dynamic,Omega_hat_StateLoad,233,13465913197665350,0.92824021076601881,0.70700446386979743,0.98578377233164238
cumulative-state-load,gpt-5.6-sol-off,all-arms,dynamic,Omega_hat_StateLoad,234,15338721029098442,0.92867394016792515,0.70607692388568455,0.98602739872461542
cumulative-state-load,gpt-5.6-sol-off,all-arms,dynamic,Omega_hat_StateLoad,235,17471994610012704,0.92910524825062846,0.70514556890313851,0.98626704522036401
cumulative-state-load,gpt-5.6-sol-off,all-arms,dynamic,Omega_hat_StateLoad,236,19901958909950544,0.92953414611545304,0.70421043257401439,0.98650276985641538
cumulative-state-load,gpt-5.6-sol-off,all-arms,dynamic,Omega_hat_StateLoad,237,22669876982813112,0.92996064484218766,0.70327154793126789,0.9867346300921146
cumulative-state-load,gpt-5.6-sol-off,all-arms,dynamic,Omega_hat_StateLoad,238,25822750651893204,0.93038475548873167,0.7023289474106057,0.98696268280259791
cumulative-state-load,gpt-5.6-sol-off,all-arms,dynamic,Omega_hat_StateLoad,239,29414118644551596,0.93080648909074937,0.70138266287137896,0.98718698427347429
cumulative-state-load,qwen3.8-27b-high,all-arms,dynamic,Omega_hat_StateLoad,0,895.99999999999977,0.35733666879003084,0.16084107779014886,0.61729866964861868
cumulative-state-load,qwen3.8-27b-high,all-arms,dynamic,Omega_hat_StateLoad,1,1020.6135922853721,0.35881133965048995,0.16278259277833743,0.61694806246726663
cumulative-state-load,qwen3.8-27b-high,all-arms,dynamic,Omega_hat_StateLoad,2,1162.5581526313067,0.36028868447024914,0.16474134228380566,0.61660008344766115
cumulative-state-load,qwen3.8-27b-high,all-arms,dynamic,Omega_hat_StateLoad,3,1324.2440316938439,0.36176868004270679,0.16671731508418255,0.61625479824830853
cumulative-state-load,qwen3.8-27b-high,all-arms,dynamic,Omega_hat_StateLoad,4,1508.4168060820521,0.36325130296861075,0.16871049466773369,0.61591227438529339
cumulative-state-load,qwen3.8-27b-high,all-arms,dynamic,Omega_hat_StateLoad,5,1718.2039008024899,0.36473652965722458,0.17072085908744311,0.61557258129522696
cumulative-state-load,qwen3.8-27b-high,all-arms,dynamic,Omega_hat_StateLoad,6,1957.1676958446083,0.36622433632752333,0.17274838081280644,0.61523579040056442
cumulative-state-load,qwen3.8-27b-high,all-arms,dynamic,Omega_hat_StateLoad,7,2229.3660187063037,0.367714699009416,0.17479302657930781,0.61490197517738165
cumulative-state-load,qwen3.8-27b-high,all-arms,dynamic,Omega_hat_StateLoad,8,2539.421050078995,0.36920759354499738,0.17685475723555472,0.61457121122570713
cumulative-state-load,qwen3.8-27b-high,all-arms,dynamic,Omega_hat_StateLoad,9,2892.597812774794,0.37070299558982672,0.17893352758804129,0.61424357634250848
cumulative-state-load,qwen3.8-27b-high,all-arms,dynamic,Omega_hat_StateLoad,10,3294.8935767108146,0.37220088061423567,0.18102928624351092,0.61391915059743241
cumulative-state-load,qwen3.8-27b-high,all-arms,dynamic,Omega_hat_StateLoad,11,3753.1396981303837,0.37370122390466248,0.18314197544888525,0.61359801641140665
cumulative-state-load,qwen3.8-27b-high,all-arms,dynamic,Omega_hat_StateLoad,12,4275.1176223858138,0.37520400056501529,0.18527153092872733,0.61328025863820868
cumulative-state-load,qwen3.8-27b-high,all-arms,dynamic,Omega_hat_StateLoad,13,4869.6910201179526,0.37670918551806265,0.18741788172020332,0.61296596464911368
cumulative-state-load,qwen3.8-27b-high,all-arms,dynamic,Omega_hat_StateLoad,14,5546.9563006276821,0.37821675350685086,0.18958095000550626,0.61265522442073794
cumulative-state-load,qwen3.8-27b-high,all-arms,dynamic,Omega_hat_StateLoad,15,6318.4140582964192,0.37972667909614966,0.19176065094170336,0.61234813062619253
cumulative-state-load,qwen3.8-27b-high,all-arms,dynamic,Omega_hat_StateLoad,16,7197.164363375342,0.38123893667392506,0.19395689248796733,0.61204477872967111
cumulative-state-load,qwen3.8-27b-high,all-arms,dynamic,Omega_hat_StateLoad,17,8198.1292133624702,0.38275350045283862,0.1961695752301485,0.61174526708459409
cumulative-state-load,qwen3.8-27b-high,all-arms,dynamic,Omega_hat_StateLoad,18,9338.3059223990113,0.38427034447177466,0.19839859220264627,0.61144969703543717
cumulative-state-load,qwen3.8-27b-high,all-arms,dynamic,Omega_hat_StateLoad,19,10637.05575147257,0.38578944259739367,0.20064382870753361,0.61115817302337272
cumulative-state-load,qwen3.8-27b-high,all-arms,dynamic,Omega_hat_StateLoad,20,12116.432680636386,0.38731076852571289,0.20290516213088841,0.61087080269585781
cumulative-state-load,qwen3.8-27b-high,all-arms,dynamic,Omega_hat_StateLoad,21,13801.557906102886,0.38883429578371304,0.20518246175628507,0.61058769702030169
cumulative-state-load,qwen3.8-27b-high,all-arms,dynamic,Omega_hat_StateLoad,22,15721.046421520366,0.39035999773097196,0.20747558857539641,0.61030897040195131
cumulative-state-load,qwen3.8-27b-high,all-arms,dynamic,Omega_hat_StateLoad,23,17907.492927179665,0.39188784756132411,0.20978439509565833,0.61003474080613029
cumulative-state-load,qwen3.8-27b-high,all-arms,dynamic,Omega_hat_StateLoad,24,20398.025318341224,0.39341781830454597,0.21210872514494503,0.60976512988497378
cumulative-state-load,qwen3.8-27b-high,all-arms,dynamic,Omega_hat_StateLoad,25,23234.93515142881,0.39494988282806798,0.21444841367320755,0.60950026310879735
cumulative-state-load,qwen3.8-27b-high,all-arms,dynamic,Omega_hat_StateLoad,26,26466.395793992637,0.39648401383871146,0.2168032865510244,0.60924026990223956
cumulative-state-load,qwen3.8-27b-high,all-arms,dynamic,Omega_hat_StateLoad,27,30147.280453296087,0.39802018388445132,0.21917316036501699,0.60898528378532091
cumulative-state-load,qwen3.8-27b-high,all-arms,dynamic,Omega_hat_StateLoad,28,34340.093974411953,0.39955836535620409,0.22155784221008218,0.6087354425195538
cumulative-state-load,qwen3.8-27b-high,all-arms,dynamic,Omega_hat_StateLoad,29,39116.034230627069,0.40109853048964073,0.22395712947839841,0.60849088825924291
cumulative-state-load,qwen3.8-27b-high,all-arms,dynamic,Omega_hat_StateLoad,30,44556.201129551213,0.40264065136702487,0.22637080964516382,0.60825176770810729
cumulative-state-load,qwen3.8-27b-high,all-arms,dynamic,Omega_hat_StateLoad,31,50752.973764978538,0.40418469991907491,0.22879866005103022,0.6080182322813521
cumulative-state-load,qwen3.8-27b-high,all-arms,dynamic,Omega_hat_StateLoad,32,57811.579099821436,0.40573064792685104,0.23124044768120003,0.60779043827331714
cumulative-state-load,qwen3.8-27b-high,all-arms,dynamic,Omega_hat_StateLoad,33,65851.878817810983,0.40727846702366621,0.23369592894116417,0.60756854703081153
cumulative-state-load,qwen3.8-27b-high,all-arms,dynamic,Omega_hat_StateLoad,34,75010.404686369526,0.40882812869702084,0.23616484942906235,0.60735272513224869
cumulative-state-load,qwen3.8-27b-high,all-arms,dynamic,Omega_hat_StateLoad,35,85442.676993007946,0.41037960429056214,0.2386469437046613,0.60714314457267282
cumulative-state-load,qwen3.8-27b-high,all-arms,dynamic,Omega_hat_StateLoad,36,97325.845424456013,0.41193286500606502,0.24114193505495599,0.60693998295476281
cumulative-state-load,qwen3.8-27b-high,all-arms,dynamic,Omega_hat_StateLoad,37,110861.69723310818,0.41348788190543767,0.24364953525641475,0.60674342368588285
cumulative-state-load,qwen3.8-27b-high,all-arms,dynamic,Omega_hat_StateLoad,38,126280.08377224984,0.41504462591275004,0.24616944433390464,0.60655365618122903
cumulative-state-load,qwen3.8-27b-high,all-arms,dynamic,Omega_hat_StateLoad,39,143842.82358581884,0.4166030678162832,0.2487013503163534,0.60637087607310203
cumulative-state-load,qwen3.8-27b-high,all-arms,dynamic,Omega_hat_StateLoad,40,163848.14833079607,0.41816317827060318,0.25124492898922784,0.60619528542631518
cumulative-state-load,qwen3.8-27b-high,all-arms,dynamic,Omega_hat_StateLoad,41,186635.76702812582,0.41972492779865556,0.25379984364393282,0.60602709295971091
cumulative-state-load,qwen3.8-27b-high,all-arms,dynamic,Omega_hat_StateLoad,42,212592.63463784699,0.42128828679388153,0.25636574482426633,0.60586651427373817
cumulative-state-load,qwen3.8-27b-high,all-arms,dynamic,Omega_hat_StateLoad,43,242159.52291422398,0.42285322552235677,0.25894227007010018,0.60571377208399868
cumulative-state-load,qwen3.8-27b-high,all-arms,dynamic,Omega_hat_StateLoad,44,275838.50512008718,0.4244197141249495,0.26152904365849378,0.60556909646063239
cumulative-state-load,qwen3.8-27b-high,all-arms,dynamic,Omega_hat_StateLoad,45,314201.48169781163,0.42598772261950135,0.26412567634249334,0.60543272507336654
cumulative-state-load,qwen3.8-27b-high,all-arms,dynamic,Omega_hat_StateLoad,46,357899.89167074801,0.427557220903027,0.26673176508792085,0.60530490344199905
cumulative-state-load,qwen3.8-27b-high,all-arms,dynamic,Omega_hat_StateLoad,47,407675.77468373533,0.42912817875393483,0.26934689280850749,0.60518588519203065
cumulative-state-load,qwen3.8-27b-high,all-arms,dynamic,Omega_hat_StateLoad,48,464374.37152643997,0.43070056583426775,0.27197062809979627,0.60507593231509005
cumulative-state-load,qwen3.8-27b-high,all-arms,dynamic,Omega_hat_StateLoad,49,528958.47710810369,0.43227435169196193,0.27460252497230481,0.60497531543372807
cumulative-state-load,qwen3.8-27b-high,all-arms,dynamic,Omega_hat_StateLoad,50,602524.78961060592,0.43384950576312725,0.27724212258451908,0.60488431407007293
cumulative-state-load,qwen3.8-27b-high,all-arms,dynamic,Omega_hat_StateLoad,51,686322.5334436018,0.43542599737434345,0.27988894497637645,0.6048032169177443
cumulative-state-load,qwen3.8-27b-high,all-arms,dynamic,Omega_hat_StateLoad,52,781774.67223691079,0.43700379574497777,0.28254250080399534,0.60473232211633277
cumulative-state-load,qwen3.8-27b-high,all-arms,dynamic,Omega_hat_StateLoad,53,890502.07208642096,0.43858286998951795,0.28520228307651235,0.60467193752762738
cumulative-state-load,qwen3.8-27b-high,all-arms,dynamic,Omega_hat_StateLoad,54,1014351.0253679547,0.44016318911992514,0.28786776889601046,0.60462238101266541
cumulative-state-load,qwen3.8-27b-high,all-arms,dynamic,Omega_hat_StateLoad,55,1155424.6024990422,0.44174472204800291,0.29053841920165019,0.60458398070853314
cumulative-state-load,qwen3.8-27b-high,all-arms,dynamic,Omega_hat_StateLoad,56,1316118.3640306282,0.44332743758778353,0.293213678519257,0.60455707530370717
cumulative-state-load,qwen3.8-27b-high,all-arms,dynamic,Omega_hat_StateLoad,57,1499161.0394933596,0.44491130445793109,0.2958929747177787,0.60454201431056254
cumulative-state-load,qwen3.8-27b-high,all-arms,dynamic,Omega_hat_StateLoad,58,1707660.8637629319,0.44649629128416041,0.29857571877418826,0.60453915833350147
cumulative-state-load,qwen3.8-27b-high,all-arms,dynamic,Omega_hat_StateLoad,59,1945158.3577792721,0.44808236660167222,0.30126130454860234,0.60454887933096646
cumulative-state-load,qwen3.8-27b-high,all-arms,dynamic,Omega_hat_StateLoad,60,2215686.4498850657,0.4496694988576036,0.30394910857157353,0.60457156086940034
cumulative-state-load,qwen3.8-27b-high,all-arms,dynamic,Omega_hat_StateLoad,61,2523838.9587000227,0.45125765641349347,0.30663848984573622,0.60460759836699829
cumulative-state-load,qwen3.8-27b-high,all-arms,dynamic,Omega_hat_StateLoad,62,2874848.6004337096,0.45284680754776246,0.30932878966421185,0.60465739932485629
cumulative-state-load,qwen3.8-27b-high,all-arms,dynamic,Omega_hat_StateLoad,63,3274675.8452736791,0.4544369204582076,0.31201933144842303,0.60472138354288307
cumulative-state-load,qwen3.8-27b-high,all-arms,dynamic,Omega_hat_StateLoad,64,3730110.131713076,0.45602796326451062,0.31470942060822893,0.60479998331756502
cumulative-state-load,qwen3.8-27b-high,all-arms,dynamic,Omega_hat_StateLoad,65,4248885.157530956,0.45761990401075869,0.31739834442756254,0.60489364361840692
cumulative-state-load,qwen3.8-27b-high,all-arms,dynamic,Omega_hat_StateLoad,66,4839810.2051737504,0.45921271066798031,0.32008537197904269,0.60500282223957103
cumulative-state-load,qwen3.8-27b-high,all-arms,dynamic,Omega_hat_StateLoad,67,5512919.7315644799,0.46080635113669144,0.32276975407132824,0.60512798992293793
cumulative-state-load,qwen3.8-27b-high,all-arms,dynamic,Omega_hat_StateLoad,68,6279643.7625144357,0.4624007932494556,0.32545072323329316,0.60526963044849735
cumulative-state-load,qwen3.8-27b-high,all-arms,dynamic,Omega_hat_StateLoad,69,7153001.9851922886,0.46399600477345437,0.32812749373941319,0.60542824068765766
cumulative-state-load,qwen3.8-27b-high,all-arms,dynamic,Omega_hat_StateLoad,70,8147824.8345217453,0.46559195341306991,0.33079926168107809,0.60560433061473617
cumulative-state-load,qwen3.8-27b-high,all-arms,dynamic,Omega_hat_StateLoad,71,9281005.3277602997,0.46718860681247865,0.33346520508886196,0.60579842327156785
cumulative-state-load,qwen3.8-27b-high,all-arms,dynamic,Omega_hat_StateLoad,72,10571785.923644081,0.46878593255825407,0.33612448411109369,0.60601105467985428
cumulative-state-load,qwen3.8-27b-high,all-arms,dynamic,Omega_hat_StateLoad,73,12042085.277234759,0.47038389818198129,0.3387762412543826,0.60624277369555979
cumulative-state-load,qwen3.8-27b-high,all-arms,dynamic,Omega_hat_StateLoad,74,13716870.439068452,0.47198247116287922,0.34141960169203028,0.60649414179937389
cumulative-state-load,qwen3.8-27b-high,all-arms,dynamic,Omega_hat_StateLoad,75,15624580.818895854,0.47358161893043382,0.34405367364652761,0.60676573281699275
cumulative-state-load,qwen3.8-27b-high,all-arms,dynamic,Omega_hat_StateLoad,76,17797611.113310739,0.47518130886703813,0.3466775488525568,0.60705813256274288
cumulative-state-load,qwen3.8-27b-high,all-arms,dynamic,Omega_hat_StateLoad,77,20272861.397828281,0.4767815083106417,0.34929030310710452,0.60737193839987691
cumulative-state-load,qwen3.8-27b-high,all-arms,dynamic,Omega_hat_StateLoad,78,23092363.7244877,0.47838218455740772,0.35189099691341175,0.60770775871075211
cumulative-state-load,qwen3.8-27b-high,all-arms,dynamic,Omega_hat_StateLoad,79,26303995.865189459,0.47998330486437646,0.35447867622554941,0.60806621227002533
cumulative-state-load,qwen3.8-27b-high,all-arms,dynamic,Omega_hat_StateLoad,80,29962294.320793148,0.48158483645213634,0.35705237330037798,0.60844792751403376
cumulative-state-load,qwen3.8-27b-high,all-arms,dynamic,Omega_hat_StateLoad,81,34129380.401625261,0.4831867465075016,0.35961110766353377,0.60885354169963157
cumulative-state-load,qwen3.8-27b-high,all-arms,dynamic,Omega_hat_StateLoad,82,38876015.105108067,0.48478900218619481,0.36215388719585184,0.6092836999459873
cumulative-state-load,qwen3.8-27b-high,all-arms,dynamic,Omega_hat_StateLoad,83,44282800.703308754,0.4863915706155359,0.36467970934627442,0.60973905415319851
cumulative-state-load,qwen3.8-27b-high,all-arms,dynamic,Omega_hat_StateLoad,84,50441549.444487907,0.4879944188971353,0.36718756247680256,0.61022026179207034
cumulative-state-load,qwen3.8-27b-high,all-arms,dynamic,Omega_hat_StateLoad,85,57456842.610467665,0.48959751410959212,0.36967642734438722,0.61072798456005706
cumulative-state-load,qwen3.8-27b-high,all-arms,dynamic,Omega_hat_StateLoad,86,65447806.404067539,0.4912008233111963,0.37214527872383724,0.61126288689918318
cumulative-state-load,qwen3.8-27b-high,all-arms,dynamic,Omega_hat_StateLoad,87,74550134.82282716,0.49280431354263404,0.37459308717481243,0.61182563437276583
cumulative-state-load,qwen3.8-27b-high,all-arms,dynamic,Omega_hat_StateLoad,88,84918393.869290486,0.49440795182969599,0.37701882095477673,0.61241689189894299
cumulative-state-load,qwen3.8-27b-high,all-arms,dynamic,Omega_hat_StateLoad,89,96728646.22549209,0.49601170518598936,0.37942144807839312,0.61303732184041237
cumulative-state-load,qwen3.8-27b-high,all-arms,dynamic,Omega_hat_StateLoad,90,110181440.9610493,0.49761554061565072,0.38179993852224409,0.61368758195136608
cumulative-state-load,qwen3.8-27b-high,all-arms,dynamic,Omega_hat_StateLoad,91,125505219.04289673,0.4992194251160611,0.3841532665719784,0.61436832318439816
cumulative-state-load,qwen3.8-27b-high,all-arms,dynamic,Omega_hat_StateLoad,92,142960192.47537169,0.5008233256805622,0.38648041330700128,0.61508018736213166
cumulative-state-load,qwen3.8-27b-high,all-arms,dynamic,Omega_hat_StateLoad,93,162842762.94207257,0.50242720930117346,0.38878036921567777,0.61582380472046339
cumulative-state-load,qwen3.8-27b-high,all-arms,dynamic,Omega_hat_StateLoad,94,185490554.98212546,0.50403104297130918,0.39105213693171437,0.61659979133262022
cumulative-state-load,qwen3.8-27b-high,all-arms,dynamic,Omega_hat_StateLoad,95,211288149.16887718,0.50563479368849507,0.39329473407996424,0.61740874642564259
cumulative-state-load,qwen3.8-27b-high,all-arms,dynamic,Omega_hat_StateLoad,96,240673612.64573205,0.507238428457085,0.39550719621739577,0.61825124960340838
cumulative-state-load,qwen3.8-27b-high,all-arms,dynamic,Omega_hat_StateLoad,97,274145937.91368103,0.50884191429097547,0.39768857985242623,0.61912785799284897
cumulative-state-load,qwen3.8-27b-high,all-arms,dynamic,Omega_hat_StateLoad,98,312273516.18808633,0.5104452182163195,0.39983796552329914,0.62003910333253143
cumulative-state-load,qwen3.8-27b-high,all-arms,dynamic,Omega_hat_StateLoad,99,355703789.21016335,0.512048307274237,0.40195446091374537,0.62098548902520911
cumulative-state-load,qwen3.8-27b-high,all-arms,dynamic,Omega_hat_StateLoad,100,405174243.40993822,0.51365114852352423,0.40403720398187393,0.62196748717824968
cumulative-state-load,qwen3.8-27b-high,all-arms,dynamic,Omega_hat_StateLoad,101,461524933.11174542,0.51525370904335854,0.40608536607615592,0.62298553565791082
cumulative-state-load,qwen3.8-27b-high,all-arms,dynamic,Omega_hat_StateLoad,102,525712745.43799502,0.51685595593600087,0.40809815501058538,0.6240400351852321
cumulative-state-load,qwen3.8-27b-high,all-arms,dynamic,Omega_hat_StateLoad,103,598827649.14249873,0.51845785632949315,0.41007481806966722,0.62513134650272972
cumulative-state-load,qwen3.8-27b-high,all-arms,dynamic,Omega_hat_StateLoad,104,682111203.29367054,0.52005937738035179,0.41201464491289025,0.62625978764207568
cumulative-state-load,qwen3.8-27b-high,all-arms,dynamic,Omega_hat_StateLoad,105,776977640.10229099,0.52166048627625661,0.41391697034783864,0.62742563132345175
cumulative-state-load,qwen3.8-27b-high,all-arms,dynamic,Omega_hat_StateLoad,106,885037879.89978623,0.52326115023873276,0.41578117694112965,0.62862910251722603
cumulative-state-load,qwen3.8-27b-high,all-arms,dynamic,Omega_hat_StateLoad,107,1008126886.0637869,0.524861336525829,0.4176066974369923,0.62987037619797981
cumulative-state-load,qwen3.8-27b-high,all-arms,dynamic,Omega_hat_StateLoad,108,1148334824.40293,0.52646101243478727,0.41939301695452247,0.63114957531968452
cumulative-state-load,qwen3.8-27b-high,all-arms,dynamic,Omega_hat_StateLoad,109,1308042556.1163659,0.5280601453047078,0.42113967493649906,0.63246676903898713
cumulative-state-load,qwen3.8-27b-high,all-arms,dynamic,Omega_hat_StateLoad,110,1489962067.0313261,0.52965870251920422,0.42284626682507548,0.63382197121112871
cumulative-state-load,qwen3.8-27b-high,all-arms,dynamic,Omega_hat_StateLoad,111,1697182519.6448402,0.53125665150905388,0.42451244544267269,0.63521513918000694
cumulative-state-load,qwen3.8-27b-high,all-arms,dynamic,Omega_hat_StateLoad,112,1933222709.9761877,0.53285395975483762,0.42613792205992307,0.63664617288038239
cumulative-state-load,qwen3.8-27b-high,all-arms,dynamic,Omega_hat_StateLoad,113,2202090819.9960432,0.53445059478957191,0.4277224671364635,0.63811491426626532
cumulative-state-load,qwen3.8-27b-high,all-arms,dynamic,Omega_hat_StateLoad,114,2508352480.2843847,0.53604652420133214,0.4292659107247091,0.63962114707520301
cumulative-state-load,qwen3.8-27b-high,all-arms,dynamic,Omega_hat_StateLoad,115,2857208298.6841106,0.53764171563586527,0.43076814253128709,0.64116459693362782
cumulative-state-load,qwen3.8-27b-high,all-arms,dynamic,Omega_hat_StateLoad,116,3254582171.4593468,0.53923613679919402,0.43222911163553196,0.64274493180372028
cumulative-state-load,qwen3.8-27b-high,all-arms,dynamic,Omega_hat_StateLoad,117,3707221876.5636644,0.54082975546020939,0.43364882586916587,0.64436176276750756
cumulative-state-load,qwen3.8-27b-high,all-arms,dynamic,Omega_hat_StateLoad,118,4222813657.1858835,0.54242253945325247,0.43502735086591837,0.64601464513930029
cumulative-state-load,qwen3.8-27b-high,all-arms,dynamic,Omega_hat_StateLoad,119,4810112741.3082876,0.54401445668068593,0.43636480879426465,0.64770307989314391
cumulative-state-load,qwen3.8-27b-high,all-arms,dynamic,Omega_hat_StateLoad,120,5479092013.6208477,0.5456054751154521,0.43766137679056744,0.64942651538785556
cumulative-state-load,qwen3.8-27b-high,all-arms,dynamic,Omega_hat_StateLoad,121,6241111364.3791094,0.54719556280362081,0.43891728511358813,0.65118434936854708
cumulative-state-load,qwen3.8-27b-high,all-arms,dynamic,Omega_hat_StateLoad,122,7109110590.9062595,0.54878468786692292,0.44013281504453783,0.65297593122032438
cumulative-state-load,qwen3.8-27b-high,all-arms,dynamic,Omega_hat_StateLoad,123,8097829127.3871012,0.55037281850527198,0.44130829655948656,0.65480056444721757
cumulative-state-load,qwen3.8-27b-high,all-arms,dynamic,Omega_hat_StateLoad,124,9224056334.1692524,0.55195992299927177,0.44244410580298421,0.65665750934735712
cumulative-state-load,qwen3.8-27b-high,all-arms,dynamic,Omega_hat_StateLoad,125,10506916596.717747,0.55354596971271064,0.44354066239319606,0.65854598585397361
cumulative-state-load,qwen3.8-27b-high,all-arms,dynamic,Omega_hat_StateLoad,126,11968194075.467552,0.5551309270950413,0.44459842658965743,0.66046517651099279
cumulative-state-load,qwen3.8-27b-high,all-arms,dynamic,Omega_hat_StateLoad,127,13632702621.128815,0.55671476368384498,0.44561789635496929,0.66241422955179141
cumulative-state-load,qwen3.8-27b-high,all-arms,dynamic,Omega_hat_StateLoad,128,15528707136.951481,0.55829744810728277,0.44659960434140639,0.66439226205003321
cumulative-state-load,qwen3.8-27b-high,all-arms,dynamic,Omega_hat_StateLoad,129,17688403543.070885,0.55987894908652924,0.44754411483252843,0.66639836311238176
cumulative-state-load,qwen3.8-27b-high,all-arms,dynamic,Omega_hat_StateLoad,130,20148465493.177376,0.56145923543819176,0.44845202066855422,0.6684315970842355
cumulative-state-load,qwen3.8-27b-high,all-arms,dynamic,Omega_hat_StateLoad,131,22950667127.265152,0.56303827607671242,0.4493239401825338,0.67049100674134887
cumulative-state-load,qwen3.8-27b-high,all-arms,dynamic,Omega_hat_StateLoad,132,26142592435.383877,0.56461604001675458,0.45016051417229963,0.67257561644226782
cumulative-state-load,qwen3.8-27b-high,all-arms,dynamic,Omega_hat_StateLoad,133,29778443278.046288,0.56619249637557123,0.45096240293088646,0.67468443521880161
cumulative-state-load,qwen3.8-27b-high,all-arms,dynamic,Omega_hat_StateLoad,134,33919959784.2332,0.56776761437535683,0.45173028335563958,0.67681645978423155
cumulative-state-load,qwen3.8-27b-high,all-arms,dynamic,Omega_hat_StateLoad,135,38637468756.207253,0.56934136334558094,0.45246484615365379,0.6789706774415345
cumulative-state-load,qwen3.8-27b-high,all-arms,dynamic,Omega_hat_StateLoad,136,44011077884.025024,0.57091371272530367,0.45316679315858177,0.68114606887651241
cumulative-state-load,qwen3.8-27b-high,all-arms,dynamic,Omega_hat_StateLoad,137,50132036048.622993,0.57248463206547406,0.45383683477124726,0.68334161082332689
cumulative-state-load,qwen3.8-27b-high,all-arms,dynamic,Omega_hat_StateLoad,138,57104282812.683891,0.57405409103120664,0.4544756875339841,0.68555627859245216
cumulative-state-load,qwen3.8-27b-high,all-arms,dynamic,Omega_hat_StateLoad,139,65046213411.086273,0.57562205940404276,0.45508407184621108,0.68778904845348832
cumulative-state-load,qwen3.8-27b-high,all-arms,dynamic,Omega_hat_StateLoad,140,74092689212.108887,0.57718850708418867,0.45566270982648366,0.69003889986753408
cumulative-state-load,qwen3.8-27b-high,all-arms,dynamic,Omega_hat_StateLoad,141,84397327788.899475,0.57875340409273679,0.45621232332417838,0.69230481756592521
cumulative-state-load,qwen3.8-27b-high,all-arms,dynamic,Omega_hat_StateLoad,142,96135111488.7444,0.58031672057386452,0.45673363208207118,0.69458579347403449
cumulative-state-load,qwen3.8-27b-high,all-arms,dynamic,Omega_hat_StateLoad,143,109505358796.07361,0.58187842679701429,0.45722735204936044,0.69688082848054811
cumulative-state-load,qwen3.8-27b-high,all-arms,dynamic,Omega_hat_StateLoad,144,124735108945.71381,0.58343849315905172,0.45769419384320548,0.69918893405411897
cumulative-state-load,qwen3.8-27b-high,all-arms,dynamic,Omega_hat_StateLoad,145,142082977260.25885,0.58499689018640311,0.45813486135557208,0.70150913371058188
cumulative-state-load,qwen3.8-27b-high,all-arms,dynamic,Omega_hat_StateLoad,146,161843546678.78796,0.58655358853717143,0.45855005050107334,0.70384046433502268
cumulative-state-load,qwen3.8-27b-high,all-arms,dynamic,Omega_hat_StateLoad,147,184352370049.15485,0.58810855900323078,0.45894044810062995,0.70618197736386457
cumulative-state-load,qwen3.8-27b-high,all-arms,dynamic,Omega_hat_StateLoad,148,209991668127.44495,0.58966177251229812,0.45930673089503987,0.70853273983287435
cumulative-state-load,qwen3.8-27b-high,all-arms,dynamic,Omega_hat_StateLoad,149,239196820041.90717,0.59121320012998346,0.45964956468201856,0.71089183529752098
cumulative-state-load,qwen3.8-27b-high,all-arms,dynamic,Omega_hat_StateLoad,150,272463756435.50003,0.59276281306181788,0.45996960356987138,0.71325836463253178
cumulative-state-load,qwen3.8-27b-high,all-arms,dynamic,Omega_hat_StateLoad,151,310357380829.46777,0.5943105826552566,0.46026748934070538,0.71563144671774082
cumulative-state-load,qwen3.8-27b-high,all-arms,dynamic,Omega_hat_StateLoad,152,353521162210.5376,0.59585648040166173,0.4605438509159489,0.71801021901747597
cumulative-state-load,qwen3.8-27b-high,all-arms,dynamic,Omega_hat_StateLoad,153,402688061732.80969,0.59740047793825912,0.4607993039169157,0.72039383806076263
cumulative-state-load,qwen3.8-27b-high,all-arms,dynamic,Omega_hat_StateLoad,154,458692979079.86127,0.59894254705007333,0.46103445031320922,0.72278147982957042
cumulative-state-load,qwen3.8-27b-high,all-arms,dynamic,Omega_hat_StateLoad,155,522486929837.92133,0.60048265967183789,0.46124987815188445,0.72517234006221098
cumulative-state-load,qwen3.8-27b-high,all-arms,dynamic,Omega_hat_StateLoad,156,595153194625.03894,0.60202078788988111,0.46144616136048877,0.72756563447879286
cumulative-state-load,qwen3.8-27b-high,all-arms,dynamic,Omega_hat_StateLoad,157,677925714203.54346,0.60355690394398831,0.46162385961733543,0.72996059893541887
cumulative-state-load,qwen3.8-27b-high,all-arms,dynamic,Omega_hat_StateLoad,158,772210042941.86035,0.60509098022923891,0.46178351828264574,0.7323564895135225
cumulative-state-load,qwen3.8-27b-high,all-arms,dynamic,Omega_hat_StateLoad,159,879607216434.96851,0.60662298929781866,0.46192566838450599,0.73475258255044429
cumulative-state-load,qwen3.8-27b-high,all-arms,dynamic,Omega_hat_StateLoad,160,1001940938577.938,0.608152903860807,0.46205082665390773,0.73714817461702242
cumulative-state-load,qwen3.8-27b-high,all-arms,dynamic,Omega_hat_StateLoad,161,1141288549754.2461,0.60968069678993919,0.46215949560348768,0.7395425824476336
cumulative-state-load,qwen3.8-27b-high,all-arms,dynamic,Omega_hat_StateLoad,162,1300016302007.6416,0.61120634111934258,0.46225216364492067,0.7419351428277825
cumulative-state-load,qwen3.8-27b-high,all-arms,dynamic,Omega_hat_StateLoad,163,1480819540202.6355,0.61272981004724758,0.46232930524027255,0.74432521244398875
cumulative-state-load,qwen3.8-27b-high,all-arms,dynamic,Omega_hat_StateLoad,164,1686768471487.2644,0.61425107693767256,0.46239138108296257,0.74671216770038717
cumulative-state-load,qwen3.8-27b-high,all-arms,dynamic,Omega_hat_StateLoad,165,1921360300265.9814,0.6157701153220827,0.46243883830431276,0.74909540450611933
cumulative-state-load,qwen3.8-27b-high,all-arms,dynamic,Omega_hat_StateLoad,166,2188578613983.2146,0.61728689890102306,0.46247211070199912,0.75147433803727393
cumulative-state-load,qwen3.8-27b-high,all-arms,dynamic,Omega_hat_StateLoad,167,2492961028143.2539,0.61880140154572427,0.46249161898702007,0.75384840247682661
cumulative-state-load,qwen3.8-27b-high,all-arms,dynamic,Omega_hat_StateLoad,168,2839676239241.8701,0.62031359729968227,0.46249777104610451,0.75621705073572965
cumulative-state-load,qwen3.8-27b-high,all-arms,dynamic,Omega_hat_StateLoad,169,3234611794040.2549,0.62182346038021197,0.46249096221676161,0.75857975415802115
cumulative-state-load,qwen3.8-27b-high,all-arms,dynamic,Omega_hat_StateLoad,170,3684474065584.877,0.62333096517997211,0.46247157557244106,0.76093600221256441
cumulative-state-load,qwen3.8-27b-high,all-arms,dynamic,Omega_hat_StateLoad,171,4196902133659.4658,0.62483608626846554,0.46243998221552313,0.76328530217377533
cumulative-state-load,qwen3.8-27b-high,all-arms,dynamic,Omega_hat_StateLoad,172,4780597503464.6436,0.62633879839351059,0.46239654157609777,0.76562717879345632
cumulative-state-load,qwen3.8-27b-high,all-arms,dynamic,Omega_hat_StateLoad,173,5445471865269.5811,0.62783907648268522,0.46234160171469868,0.76796117396565888
cumulative-state-load,qwen3.8-27b-high,all-arms,dynamic,Omega_hat_StateLoad,174,6202815404131.3633,0.62933689564474493,0.46227549962736819,0.77028684638627565
cumulative-state-load,qwen3.8-27b-high,all-arms,dynamic,Omega_hat_StateLoad,175,7065488517738.3594,0.63083223117101239,0.46219856155161687,0.77260377120889012
cumulative-state-load,qwen3.8-27b-high,all-arms,dynamic,Omega_hat_StateLoad,176,8048140197924.085,0.6323250585367387,0.4621111032720015,0.77491153969824278
cumulative-state-load,qwen3.8-27b-high,all-arms,dynamic,Omega_hat_StateLoad,177,9167456784173.6465,0.63381535340243844,0.46201343042421428,0.77720975888250854
cumulative-state-load,qwen3.8-27b-high,all-arms,dynamic,Omega_hat_StateLoad,178,10442445313187.943,0.63530309161519605,0.46190583879671193,0.77949805120544935
cumulative-state-load,qwen3.8-27b-high,all-arms,dynamic,Omega_hat_StateLoad,179,11894756276044.945,0.6367882492099437,0.46178861462904558,0.78177605417936613
cumulative-state-load,qwen3.8-27b-high,all-arms,dynamic,Omega_hat_StateLoad,180,13549051263675.49,0.63827080241071288,0.46166203490617058,0.78404342003966532
cumulative-state-load,qwen3.8-27b-high,all-arms,dynamic,Omega_hat_StateLoad,181,15433421743614.367,0.63975072763185548,0.46152636764812321,0.78629981540174099
cumulative-state-load,qwen3.8-27b-high,all-arms,dynamic,Omega_hat_StateLoad,182,17579866079247.18,0.64122800147923953,0.46138187219454413,0.78854492092078554
cumulative-state-load,qwen3.8-27b-high,all-arms,dynamic,Omega_hat_StateLoad,183,20024832891781.457,0.64270260075141394,0.46122879948362183,0.79077843095504752
cumulative-state-load,qwen3.8-27b-high,all-arms,dynamic,Omega_hat_StateLoad,184,22809839991735.832,0.64417450244074703,0.46106739232510069,0.79300005323298484
cumulative-state-load,qwen3.8-27b-high,all-arms,dynamic,Omega_hat_StateLoad,185,25982179389977.805,0.64564368373453629,0.46089788566706891,0.79520950852468475
cumulative-state-load,qwen3.8-27b-high,all-arms,dynamic,Omega_hat_StateLoad,186,29595720360053.734,0.64711012201608842,0.46072050685630983,0.79740653031786757
cumulative-state-load,qwen3.8-27b-high,all-arms,dynamic,Omega_hat_StateLoad,187,33711824188557.871,0.64857379486577327,0.46053547589204502,0.7995908644987294
cumulative-state-load,qwen3.8-27b-high,all-arms,dynamic,Omega_hat_StateLoad,188,38400386146849.188,0.65003468006204701,0.46034300567295433,0.80176226903783299
cumulative-state-load,qwen3.8-27b-high,all-arms,dynamic,Omega_hat_StateLoad,189,43741022377769.305,0.65149275558244912,0.46014330223739852,0.80392051368121331
cumulative-state-load,qwen3.8-27b-high,all-arms,dynamic,Omega_hat_StateLoad,190,49824421851796.742,0.65294799960456862,0.45993656499680469,0.80606537964682423
cumulative-state-load,qwen3.8-27b-high,all-arms,dynamic,Omega_hat_StateLoad,191,56753886350116.297,0.65440039050698451,0.45972298696221575,0.8081966593264186
cumulative-state-load,qwen3.8-27b-high,all-arms,dynamic,Omega_hat_StateLoad,192,64647084624941.758,0.65584990687017419,0.45950275496401954,0.81031415599292933
cumulative-state-load,qwen3.8-27b-high,all-arms,dynamic,Omega_hat_StateLoad,193,73638050524372.891,0.65729652747739753,0.45927604986491766,0.81241768351338528
cumulative-state-load,qwen3.8-27b-high,all-arms,dynamic,Omega_hat_StateLoad,194,83879459011799.266,0.65874023131554882,0.45904304676619717,0.81450706606738188
cumulative-state-load,qwen3.8-27b-high,all-arms,dynamic,Omega_hat_StateLoad,195,95545218728778.906,0.66018099757598281,0.45880391520739433,0.81658213787110179
cumulative-state-load,qwen3.8-27b-high,all-arms,dynamic,Omega_hat_StateLoad,196,108833425125525.58,0.66161880565531106,0.45855881935945991,0.81864274290686501
cumulative-state-load,qwen3.8-27b-high,all-arms,dynamic,Omega_hat_StateLoad,197,123969724305896.75,0.66305363515617,0.45830791821153699,0.82068873465817749
cumulative-state-load,qwen3.8-27b-high,all-arms,dynamic,Omega_hat_StateLoad,198,141211144708112.53,0.66448546588796142,0.45805136575148142,0.82271997585022982
cumulative-state-load,qwen3.8-27b-high,all-arms,dynamic,Omega_hat_StateLoad,199,160850461686691.91,0.66591427786756352,0.45778931114026267,0.82473633819579106
cumulative-state-load,qwen3.8-27b-high,all-arms,dynamic,Omega_hat_StateLoad,200,183221169110285.34,0.66734005132001439,0.45752189888038708,0.82673770214643472
cumulative-state-load,qwen3.8-27b-high,all-arms,dynamic,Omega_hat_StateLoad,201,208703142397738.38,0.66876276667916756,0.4572492689784885,0.82872395664902421
cumulative-state-load,qwen3.8-27b-high,all-arms,dynamic,Omega_hat_StateLoad,202,237729089156027.72,0.67018240458831835,0.45697155710224852,0.83069499890738263
cumulative-state-load,qwen3.8-27b-high,all-arms,dynamic,Omega_hat_StateLoad,203,270791896957883.5,0.67159894590080349,0.45668889473179014,0.83265073414906554
cumulative-state-load,qwen3.8-27b-high,all-arms,dynamic,Omega_hat_StateLoad,204,308453003031200,0.67301237168057082,0.45640140930570966,0.83459107539715172
cumulative-state-load,qwen3.8-27b-high,all-arms,dynamic,Omega_hat_StateLoad,205,351351927985362.38,0.67442266320272415,0.45610922436190388,0.83651594324696577
cumulative-state-load,qwen3.8-27b-high,all-arms,dynamic,Omega_hat_StateLoad,206,400217135465994.69,0.67582980195403608,0.45581245967334671,0.83842526564764441
cumulative-state-load,qwen3.8-27b-high,all-arms,dynamic,Omega_hat_StateLoad,207,455878402145213.62,0.67723376963343707,0.45551123137897648,0.84031897768845609
cumulative-state-load,qwen3.8-27b-high,all-arms,dynamic,Omega_hat_StateLoad,208,519280908101273.38,0.67863454815247382,0.45520565210984931,0.84219702138978247
cumulative-state-load,qwen3.8-27b-high,all-arms,dynamic,Omega_hat_StateLoad,209,591501286855412.5,0.68003211963574239,0.4548958311107108,0.84405934549867512
cumulative-state-load,qwen3.8-27b-high,all-arms,dynamic,Omega_hat_StateLoad,210,673765907610406.88,0.68142646642129201,0.45458187435713987,0.84590590528889265
cumulative-state-load,qwen3.8-27b-high,all-arms,dynamic,Omega_hat_StateLoad,211,767471700140256.75,0.68281757106100249,0.45426388466841616,0.84773666236533196
cumulative-state-load,qwen3.8-27b-high,all-arms,dynamic,Omega_hat_StateLoad,212,874209875957044,0.68420541632093412,0.45394196181625102,0.84955158447276657
cumulative-state-load,qwen3.8-27b-high,all-arms,dynamic,Omega_hat_StateLoad,213,995792948562350.75,0.68558998518165082,0.453616202629535,0.8513506453088
cumulative-state-load,qwen3.8-27b-high,all-arms,dynamic,Omega_hat_StateLoad,214,1134285511612351,0.68697126083851523,0.4532867010952355,0.85313382434095231
cumulative-state-load,qwen3.8-27b-high,all-arms,dynamic,Omega_hat_StateLoad,215,1292039297638314.8,0.68834922670195842,0.45295354845558228,0.85490110662779639
cumulative-state-load,qwen3.8-27b-high,all-arms,dynamic,Omega_hat_StateLoad,216,1471733112652351.2,0.68972386639772143,0.45261683330167768,0.85665248264405602
cumulative-state-load,qwen3.8-27b-high,all-arms,dynamic,Omega_hat_StateLoad,217,1676418324765014,0.69109516376707125,0.45227664166365827,0.85838794810959107
cumulative-state-load,qwen3.8-27b-high,all-arms,dynamic,Omega_hat_StateLoad,218,1909570679253842.2,0.69246310286698964,0.45193305709753345,0.8601075038221867
cumulative-state-load,qwen3.8-27b-high,all-arms,dynamic,Omega_hat_StateLoad,219,2175149319950990.5,0.69382766797033635,0.45158616076882657,0.86181115549407061
cumulative-state-load,qwen3.8-27b-high,all-arms,dynamic,Omega_hat_StateLoad,220,2477664019187790,0.69518884356598531,0.45123603153313352,0.86349891359208331
cumulative-state-load,qwen3.8-27b-high,all-arms,dynamic,Omega_hat_StateLoad,221,2822251757923516,0.69654661435893539,0.45088274601371636,0.86517079318142642
cumulative-state-load,qwen3.8-27b-high,all-arms,dynamic,Omega_hat_StateLoad,222,3214763956459843.5,0.69790096527039525,0.45052637867624046,0.86682681377291926
cumulative-state-load,qwen3.8-27b-high,all-arms,dynamic,Omega_hat_StateLoad,223,3661865837000028.5,0.69925188143784234,0.45016700190076625,0.86846699917369208
cumulative-state-load,qwen3.8-27b-high,all-arms,dynamic,Omega_hat_StateLoad,224,4171149605321062,0.70059934821505698,0.4498046860510943,0.87009137734124853
cumulative-state-load,qwen3.8-27b-high,all-arms,dynamic,Omega_hat_StateLoad,225,4751263373489321,0.70194335117213003,0.44943949954156992,0.87169998024083206
cumulative-state-load,qwen3.8-27b-high,all-arms,dynamic,Omega_hat_StateLoad,226,5412058012846948,0.70328387609544663,0.4490715089014386,0.87329284370602955
cumulative-state-load,qwen3.8-27b-high,all-arms,dynamic,Omega_hat_StateLoad,227,6164754430969357,0.70462090898764362,0.44870077883684845,0.8748700073025506
cumulative-state-load,qwen3.8-27b-high,all-arms,dynamic,Omega_hat_StateLoad,228,7022134113112519,0.70595443606754382,0.44832737229058983,0.87643151419512233
cumulative-state-load,qwen3.8-27b-high,all-arms,dynamic,Omega_hat_StateLoad,229,7998756163720322,0.7072844437700645,0.44795135049965734,0.8779774110174362
cumulative-state-load,qwen3.8-27b-high,all-arms,dynamic,Omega_hat_StateLoad,230,9111204533559578,0.7086109187461016,0.44757277305071863,0.87950774774509388
cumulative-state-load,qwen3.8-27b-high,all-arms,dynamic,Omega_hat_StateLoad,231,10378369630628336,0.70993384786238989,0.44719169793356905,0.88102257757148983
cumulative-state-load,qwen3.8-27b-high,all-arms,dynamic,Omega_hat_StateLoad,232,11821769096853822,0.71125321820134024,0.44680818159265201,0.88252195678658119
cumulative-state-load,qwen3.8-27b-high,all-arms,dynamic,Omega_hat_StateLoad,233,13465913197665350,0.71256901706085074,0.44642227897671827,0.88400594465848359
cumulative-state-load,qwen3.8-27b-high,all-arms,dynamic,Omega_hat_StateLoad,234,15338721029098442,0.71388123195409625,0.44603404358669235,0.88547460331784988
cumulative-state-load,qwen3.8-27b-high,all-arms,dynamic,Omega_hat_StateLoad,235,17471994610012704,0.71518985060929419,0.4456435275218224,0.88692799764496977
cumulative-state-load,qwen3.8-27b-high,all-arms,dynamic,Omega_hat_StateLoad,236,19901958909950544,0.71649486096944637,0.44525078152417291,0.8883661951595484
cumulative-state-load,qwen3.8-27b-high,all-arms,dynamic,Omega_hat_StateLoad,237,22669876982813112,0.7177962511920587,0.44485585502152514,0.88978926591310981
cumulative-state-load,qwen3.8-27b-high,all-arms,dynamic,Omega_hat_StateLoad,238,25822750651893204,0.71909400964883807,0.44445879616875195,0.89119728238398022
cumulative-state-load,qwen3.8-27b-high,all-arms,dynamic,Omega_hat_StateLoad,239,29414118644551596,0.72038812492536608,0.44405965188771701,0.8925903193748006
cumulative-state-load,qwen3.8-27b-off,all-arms,dynamic,Omega_hat_StateLoad,0,895.99999999999977,0.80255741540385495,0.44908825046838441,0.95298203763989053
cumulative-state-load,qwen3.8-27b-off,all-arms,dynamic,Omega_hat_StateLoad,1,1020.6135922853721,0.80419493344255366,0.45503041028372931,0.95283591046563842
cumulative-state-load,qwen3.8-27b-off,all-arms,dynamic,Omega_hat_StateLoad,2,1162.5581526313067,0.8058221563978516,0.46097628605376811,0.95269100561991882
cumulative-state-load,qwen3.8-27b-off,all-arms,dynamic,Omega_hat_StateLoad,3,1324.2440316938439,0.80743909444291151,0.46692391571477326,0.95254737962324409
cumulative-state-load,qwen3.8-27b-off,all-arms,dynamic,Omega_hat_StateLoad,4,1508.4168060820521,0.80904575872095741,0.47287133104312201,0.95240509078498026
cumulative-state-load,qwen3.8-27b-off,all-arms,dynamic,Omega_hat_StateLoad,5,1718.2039008024899,0.81064216133108769,0.47881656000103529,0.9522641992593458
cumulative-state-load,qwen3.8-27b-off,all-arms,dynamic,Omega_hat_StateLoad,6,1957.1676958446083,0.81222831531404172,0.48475762908467651,0.95212476710287597
cumulative-state-load,qwen3.8-27b-off,all-arms,dynamic,Omega_hat_StateLoad,7,2229.3660187063037,0.81380423463793039,0.49069256566816255,0.95198685833334651
cumulative-state-load,qwen3.8-27b-off,all-arms,dynamic,Omega_hat_StateLoad,8,2539.421050078995,0.81536993418393322,0.49661940033706131,0.95185053899014105
cumulative-state-load,qwen3.8-27b-off,all-arms,dynamic,Omega_hat_StateLoad,9,2892.597812774794,0.8169254297319688,0.50253616920500621,0.95171587719604467
cumulative-state-load,qwen3.8-27b-off,all-arms,dynamic,Omega_hat_StateLoad,10,3294.8935767108146,0.81847073794634528,0.50844091620713461,0.95158294322042947
cumulative-state-load,qwen3.8-27b-off,all-arms,dynamic,Omega_hat_StateLoad,11,3753.1396981303837,0.82000587636139644,0.51433169536417667,0.9514518095437986
cumulative-state-load,qwen3.8-27b-off,all-arms,dynamic,Omega_hat_StateLoad,12,4275.1176223858138,0.82153086336710623,0.52020657301116002,0.95132255092363394
cumulative-state-load,qwen3.8-27b-off,all-arms,dynamic,Omega_hat_StateLoad,13,4869.6910201179526,0.82304571819473304,0.52606362998486744,0.95119524446148862
cumulative-state-load,qwen3.8-27b-off,all-arms,dynamic,Omega_hat_StateLoad,14,5546.9563006276821,0.82455046090243189,0.53190096376437923,0.95106996967124835
cumulative-state-load,qwen3.8-27b-off,all-arms,dynamic,Omega_hat_StateLoad,15,6318.4140582964192,0.82604511236088585,0.53771669055925975,0.95094680854847091
cumulative-state-load,qwen3.8-27b-off,all-arms,dynamic,Omega_hat_StateLoad,16,7197.164363375342,0.8275296942389484,0.54350894734019706,0.95082584564069805
cumulative-state-load,qwen3.8-27b-off,all-arms,dynamic,Omega_hat_StateLoad,17,8198.1292133624702,0.82900422898930282,0.54927589380716924,0.95070716811861311
cumulative-state-load,qwen3.8-27b-off,all-arms,dynamic,Omega_hat_StateLoad,18,9338.3059223990113,0.83046873983414327,0.55501571429051721,0.95059086584789976
cumulative-state-load,qwen3.8-27b-off,all-arms,dynamic,Omega_hat_StateLoad,19,10637.05575147257,0.83192325075088369,0.56072661958060466,0.95047703146163487
cumulative-state-load,qwen3.8-27b-off,all-arms,dynamic,Omega_hat_StateLoad,20,12116.432680636386,0.83336778645789655,0.56640684868209101,0.95036576043301924
cumulative-state-load,qwen3.8-27b-off,all-arms,dynamic,Omega_hat_StateLoad,21,13801.557906102886,0.83480237240028765,0.57205467048918235,0.95025715114822995
cumulative-state-load,qwen3.8-27b-off,all-arms,dynamic,Omega_hat_StateLoad,22,15721.046421520366,0.83622703473571336,0.57766838537859788,0.95015130497914124
cumulative-state-load,qwen3.8-27b-off,all-arms,dynamic,Omega_hat_StateLoad,23,17907.492927179665,0.8376418003202396,0.58324632671735865,0.95004832635563352
cumulative-state-load,qwen3.8-27b-off,all-arms,dynamic,Omega_hat_StateLoad,24,20398.025318341224,0.83904669669425291,0.58878686228290189,0.94994832283716901
cumulative-state-load,qwen3.8-27b-off,all-arms,dynamic,Omega_hat_StateLoad,25,23234.93515142881,0.84044175206842153,0.59428839559340951,0.94985140518327715
cumulative-state-load,qwen3.8-27b-off,all-arms,dynamic,Omega_hat_StateLoad,26,26466.395793992637,0.84182699530971639,0.59974936714665894,0.94975768742255229
cumulative-state-load,qwen3.8-27b-off,all-arms,dynamic,Omega_hat_StateLoad,27,30147.280453296087,0.8432024559274911,0.60516825556609699,0.94966728691971181
cumulative-state-load,qwen3.8-27b-off,all-arms,dynamic,Omega_hat_StateLoad,28,34340.093974411953,0.84456816405962831,0.61054357865326214,0.94958032444022167
cumulative-state-load,qwen3.8-27b-off,all-arms,dynamic,Omega_hat_StateLoad,29,39116.034230627069,0.84592415045875335,0.61587389434608875,0.94949692421193821
cumulative-state-load,qwen3.8-27b-off,all-arms,dynamic,Omega_hat_StateLoad,30,44556.201129551213,0.84727044647852023,0.62115780158304079,0.94941721398315593
cumulative-state-load,qwen3.8-27b-off,all-arms,dynamic,Omega_hat_StateLoad,31,50752.973764978538,0.84860708405997409,0.6263939410734376,0.94934132507639246
cumulative-state-load,qwen3.8-27b-off,all-arms,dynamic,Omega_hat_StateLoad,32,57811.579099821436,0.84993409571799061,0.63158099597473738,0.94926939243716824
cumulative-state-load,qwen3.8-27b-off,all-arms,dynamic,Omega_hat_StateLoad,33,65851.878817810983,0.85125151452779912,0.63671769247794985,0.94920155467697687
cumulative-state-load,qwen3.8-27b-off,all-arms,dynamic,Omega_hat_StateLoad,34,75010.404686369526,0.85255937411159066,0.64180280030274728,0.94913795410955648
cumulative-state-load,qwen3.8-27b-off,all-arms,dynamic,Omega_hat_StateLoad,35,85442.676993007946,0.85385770862521349,0.64683513310422647,0.94907873677949761
cumulative-state-load,qwen3.8-27b-off,all-arms,dynamic,Omega_hat_StateLoad,36,97325.845424456013,0.85514655274495965,0.65181354879365938,0.94902405248213861
cumulative-state-load,qwen3.8-27b-off,all-arms,dynamic,Omega_hat_StateLoad,37,110861.69723310818,0.85642594165444696,0.65673694977593167,0.94897405477360908
cumulative-state-load,qwen3.8-27b-off,all-arms,dynamic,Omega_hat_StateLoad,38,126280.08377224984,0.85769591103159515,0.66160428310672859,0.94892890096978988
cumulative-state-load,qwen3.8-27b-off,all-arms,dynamic,Omega_hat_StateLoad,39,143842.82358581884,0.85895649703570376,0.66641454057286953,0.94888875213286483
cumulative-state-load,qwen3.8-27b-off,all-arms,dynamic,Omega_hat_StateLoad,40,163848.14833079607,0.86020773629462943,0.67116675869951992,0.94885377304403828
cumulative-state-load,qwen3.8-27b-off,all-arms,dynamic,Omega_hat_StateLoad,41,186635.76702812582,0.86144966589206939,0.67586001868831835,0.94882413216089456
cumulative-state-load,qwen3.8-27b-off,all-arms,dynamic,Omega_hat_StateLoad,42,212592.63463784699,0.86268232335494865,0.68049344629075714,0.94880000155777422
cumulative-state-load,qwen3.8-27b-off,all-arms,dynamic,Omega_hat_StateLoad,43,242159.52291422398,0.86390574664091835,0.68506621162142645,0.94878155684744114
cumulative-state-load,qwen3.8-27b-off,all-arms,dynamic,Omega_hat_StateLoad,44,275838.50512008718,0.86511997412596287,0.68957752891598378,0.94876897708221652
cumulative-state-load,qwen3.8-27b-off,all-arms,dynamic,Omega_hat_StateLoad,45,314201.48169781163,0.86632504459212023,0.69402665623895277,0.94876244463265991
cumulative-state-load,qwen3.8-27b-off,all-arms,dynamic,Omega_hat_StateLoad,46,357899.89167074801,0.86752099721531706,0.69841289514665283,0.94876214504178946
cumulative-state-load,qwen3.8-27b-off,all-arms,dynamic,Omega_hat_StateLoad,47,407675.77468373533,0.86870787155331919,0.70273559031075217,0.9487682668527524
cumulative-state-load,qwen3.8-27b-off,all-arms,dynamic,Omega_hat_StateLoad,48,464374.37152643997,0.86988570753380101,0.70699412910808546,0.94878100140778221
cumulative-state-load,qwen3.8-27b-off,all-arms,dynamic,Omega_hat_StateLoad,49,528958.47710810369,0.87105454544253369,0.71118794118249828,0.94880054261623092
cumulative-state-load,qwen3.8-27b-off,all-arms,dynamic,Omega_hat_StateLoad,50,602524.78961060592,0.87221442591169507,0.71531649798457364,0.94882708668941529
cumulative-state-load,qwen3.8-27b-off,all-arms,dynamic,Omega_hat_StateLoad,51,686322.5334436018,0.87336538990830137,0.71937931229513541,0.94886083184000625
cumulative-state-load,qwen3.8-27b-off,all-arms,dynamic,Omega_hat_StateLoad,52,781774.67223691079,0.87450747872276346,0.72337593773844466,0.94890197794369491
cumulative-state-load,qwen3.8-27b-off,all-arms,dynamic,Omega_hat_StateLoad,53,890502.07208642096,0.87564073395756814,0.72730596829095329,0.94895072616090526
cumulative-state-load,qwen3.8-27b-off,all-arms,dynamic,Omega_hat_StateLoad,54,1014351.0253679547,0.87676519751608495,0.73116903779140441,0.94900727851639988
cumulative-state-load,qwen3.8-27b-off,all-arms,dynamic,Omega_hat_StateLoad,55,1155424.6024990422,0.8778809115915015,0.73496481945791914,0.94907183743473467
cumulative-state-load,qwen3.8-27b-off,all-arms,dynamic,Omega_hat_StateLoad,56,1316118.3640306282,0.8789879186558861,0.73869302541751747,0.94914460522968158
cumulative-state-load,qwen3.8-27b-off,all-arms,dynamic,Omega_hat_StateLoad,57,1499161.0394933596,0.88008626144938129,0.74235340625325263,0.94922578354594378
cumulative-state-load,qwen3.8-27b-off,all-arms,dynamic,Omega_hat_StateLoad,58,1707660.8637629319,0.88117598296952504,0.74594575057381241,0.9493155727517576
cumulative-state-load,qwen3.8-27b-off,all-arms,dynamic,Omega_hat_StateLoad,59,1945158.3577792721,0.88225712646070575,0.74946988461003605,0.94941417128130567
cumulative-state-load,qwen3.8-27b-off,all-arms,dynamic,Omega_hat_StateLoad,60,2215686.4498850657,0.88332973540374693,0.75292567184232018,0.94952177492625278
cumulative-state-load,qwen3.8-27b-off,all-arms,dynamic,Omega_hat_StateLoad,61,2523838.9587000227,0.88439385350562438,0.75631301266233009,0.94963857607619373
cumulative-state-load,qwen3.8-27b-off,all-arms,dynamic,Omega_hat_StateLoad,62,2874848.6004337096,0.88544952468931781,0.75963184407179474,0.94976476290832923
cumulative-state-load,qwen3.8-27b-off,all-arms,dynamic,Omega_hat_StateLoad,63,3274675.8452736791,0.88649679308379348,0.7628821394204448,0.94990051852730795
cumulative-state-load,qwen3.8-27b-off,all-arms,dynamic,Omega_hat_StateLoad,64,3730110.131713076,0.88753570301412255,0.76606390818435288,0.95004602005686356
cumulative-state-load,qwen3.8-27b-off,all-arms,dynamic,Omega_hat_StateLoad,65,4248885.157530956,0.88856629899173201,0.76917719578505506,0.95020143768563281
cumulative-state-load,qwen3.8-27b-off,all-arms,dynamic,Omega_hat_StateLoad,66,4839810.2051737504,0.88958862570479158,0.77222208344887522,0.9503669336703876
cumulative-state-load,qwen3.8-27b-off,all-arms,dynamic,Omega_hat_StateLoad,67,5512919.7315644799,0.89060272800873341,0.77519868810486048,0.95054266130080101
cumulative-state-load,qwen3.8-27b-off,all-arms,dynamic,Omega_hat_StateLoad,68,6279643.7625144357,0.89160865091690811,0.77810716231864607,0.9507287638308286
cumulative-state-load,qwen3.8-27b-off,all-arms,dynamic,Omega_hat_StateLoad,69,7153001.9851922886,0.89260643959137498,0.78094769425845512,0.95092537338278305
cumulative-state-load,qwen3.8-27b-off,all-arms,dynamic,Omega_hat_StateLoad,70,8147824.8345217453,0.89359613933382731,0.78372050768828394,0.95113260983119263
cumulative-state-load,qwen3.8-27b-off,all-arms,dynamic,Omega_hat_StateLoad,71,9281005.3277602997,0.89457779557665229,0.7864258619821648,0.95135057967458114
cumulative-state-load,qwen3.8-27b-off,all-arms,dynamic,Omega_hat_StateLoad,72,10571785.923644081,0.89555145387412582,0.78906405215225517,0.95157937490430622
cumulative-state-load,qwen3.8-27b-off,all-arms,dynamic,Omega_hat_StateLoad,73,12042085.277234759,0.89651715989374314,0.79163540888240025,0.95181907188057802
cumulative-state-load,qwen3.8-27b-off,all-arms,dynamic,Omega_hat_StateLoad,74,13716870.439068452,0.89747495940768185,0.79414029855777968,0.95206973022668917
cumulative-state-load,qwen3.8-27b-off,all-arms,dynamic,Omega_hat_StateLoad,75,15624580.818895854,0.89842489828440075,0.79657912328031799,0.9523313917532874
cumulative-state-load,qwen3.8-27b-off,all-arms,dynamic,Omega_hat_StateLoad,76,17797611.113310739,0.89936702248037304,0.79895232085872969,0.95260407942521752
cumulative-state-load,qwen3.8-27b-off,all-arms,dynamic,Omega_hat_StateLoad,77,20272861.397828281,0.90030137803195209,0.80126036476143658,0.95288779638396426
cumulative-state-load,qwen3.8-27b-off,all-arms,dynamic,Omega_hat_StateLoad,78,23092363.7244877,0.9012280110473706,0.80350376402014556,0.95318252503906742
cumulative-state-load,qwen3.8-27b-off,all-arms,dynamic,Omega_hat_StateLoad,79,26303995.865189459,0.90214696769887337,0.80568306307165383,0.95348822624198559
cumulative-state-load,qwen3.8-27b-off,all-arms,dynamic,Omega_hat_StateLoad,80,29962294.320793148,0.90305829421498307,0.80779884152547343,0.95380483855574416
cumulative-state-load,qwen3.8-27b-off,all-arms,dynamic,Omega_hat_StateLoad,81,34129380.401625261,0.90396203687289522,0.80985171384516763,0.95413227763330632
cumulative-state-load,qwen3.8-27b-off,all-arms,dynamic,Omega_hat_StateLoad,82,38876015.105108067,0.90485824199100806,0.81184232893186337,0.95447043571692292
cumulative-state-load,qwen3.8-27b-off,all-arms,dynamic,Omega_hat_StateLoad,83,44282800.703308754,0.90574695592158128,0.8137713695992792,0.95481918126974352
cumulative-state-load,qwen3.8-27b-off,all-arms,dynamic,Omega_hat_StateLoad,84,50441549.444487907,0.90662822504352392,0.8156395519307601,0.95517835874973034
cumulative-state-load,qwen3.8-27b-off,all-arms,dynamic,Omega_hat_StateLoad,85,57456842.610467665,0.90750209575531526,0.81744762451024677,0.95554778853438316
cumulative-state-load,qwen3.8-27b-off,all-arms,dynamic,Omega_hat_StateLoad,86,65447806.404067539,0.90836861446805073,0.81919636752079295,0.95592726700301411
cumulative-state-load,qwen3.8-27b-off,all-arms,dynamic,Omega_hat_StateLoad,87,74550134.82282716,0.90922782759861809,0.82088659170615985,0.95631656678131338
cumulative-state-load,qwen3.8-27b-off,all-arms,dynamic,Omega_hat_StateLoad,88,84918393.869290486,0.91007978156300073,0.82251913719311598,0.95671543715077056
cumulative-state-load,qwen3.8-27b-off,all-arms,dynamic,Omega_hat_StateLoad,89,96728646.22549209,0.91092452276970692,0.82409487217430655,0.95712360462320589
cumulative-state-load,qwen3.8-27b-off,all-arms,dynamic,Omega_hat_StateLoad,90,110181440.9610493,0.91176209761332494,0.82561469145387978,0.95754077367827484
cumulative-state-load,qwen3.8-27b-off,all-arms,dynamic,Omega_hat_StateLoad,91,125505219.04289673,0.9125925524682037,0.82707951486040376,0.95796662765939766
cumulative-state-load,qwen3.8-27b-off,all-arms,dynamic,Omega_hat_StateLoad,92,142960192.47537169,0.9134159336822566,0.82849028553391613,0.95840082982119523
cumulative-state-load,qwen3.8-27b-off,all-arms,dynamic,Omega_hat_StateLoad,93,162842762.94207257,0.9142322875708887,0.82984796809616901,0.95884302451924341
cumulative-state-load,qwen3.8-27b-off,all-arms,dynamic,Omega_hat_StateLoad,94,185490554.98212546,0.91504166041104651,0.83115354671517871,0.95929283853084135
cumulative-state-load,qwen3.8-27b-off,all-arms,dynamic,Omega_hat_StateLoad,95,211288149.16887718,0.91584409843538794,0.83240802307705142,0.95974988249360615
cumulative-state-load,qwen3.8-27b-off,all-arms,dynamic,Omega_hat_StateLoad,96,240673612.64573205,0.91663964782657381,0.8336124142796264,0.96021375244706275
cumulative-state-load,qwen3.8-27b-off,all-arms,dynamic,Omega_hat_StateLoad,97,274145937.91368103,0.91742835471167727,0.8347677506637895,0.96068403146106662
cumulative-state-load,qwen3.8-27b-off,all-arms,dynamic,Omega_hat_StateLoad,98,312273516.18808633,0.91821026515671267,0.8358750735992615,0.96116029133389969
cumulative-state-load,qwen3.8-27b-off,all-arms,dynamic,Omega_hat_StateLoad,99,355703789.21016335,0.91898542516128057,0.83693543324229369,0.96164209434221792
cumulative-state-load,qwen3.8-27b-off,all-arms,dynamic,Omega_hat_StateLoad,100,405174243.40993822,0.91975388065332908,0.83794988628297962,0.96212899502472693
cumulative-state-load,qwen3.8-27b-off,all-arms,dynamic,Omega_hat_StateLoad,101,461524933.11174542,0.92051567748403096,0.8389194936998069,0.96262054198151481
cumulative-state-load,qwen3.8-27b-off,all-arms,dynamic,Omega_hat_StateLoad,102,525712745.43799502,0.92127086142277403,0.83984531853868094,0.96311627967134139
cumulative-state-load,qwen3.8-27b-off,all-arms,dynamic,Omega_hat_StateLoad,103,598827649.14249873,0.92201947815226359,0.84072842373293721,0.96361575018988099
cumulative-state-load,qwen3.8-27b-off,all-arms,dynamic,Omega_hat_StateLoad,104,682111203.29367054,0.92276157326373898,0.84156986997987082,0.96411849501287727
cumulative-state-load,qwen3.8-27b-off,all-arms,dynamic,Omega_hat_StateLoad,105,776977640.10229099,0.92349719225229798,0.84237071368810235,0.9646240566893739
cumulative-state-load,qwen3.8-27b-off,all-arms,dynamic,Omega_hat_StateLoad,106,885037879.89978623,0.92422638051233219,0.84313200500867791,0.96513198047158
cumulative-state-load,qwen3.8-27b-off,all-arms,dynamic,Omega_hat_StateLoad,107,1008126886.0637869,0.92494918333307063,0.84385478596125019,0.96564181586948061
cumulative-state-load,qwen3.8-27b-off,all-arms,dynamic,Omega_hat_StateLoad,108,1148334824.40293,0.92566564589422973,0.84454008866502406,0.96615311811995241
cumulative-state-load,qwen3.8-27b-off,all-arms,dynamic,Omega_hat_StateLoad,109,1308042556.1163659,0.92637581326176943,0.84518893368243642,0.96666544956185207
cumulative-state-load,qwen3.8-27b-off,all-arms,dynamic,Omega_hat_StateLoad,110,1489962067.0313261,0.92707973038375568,0.8458023284818097,0.96717838091026975
cumulative-state-load,qwen3.8-27b-off,all-arms,dynamic,Omega_hat_StateLoad,111,1697182519.6448402,0.92777744208632273,0.84638126602351504,0.96769149242484487
cumulative-state-load,qwen3.8-27b-off,all-arms,dynamic,Omega_hat_StateLoad,112,1933222709.9761877,0.92846899306974195,0.84692672347253684,0.96820437496868061
cumulative-state-load,qwen3.8-27b-off,all-arms,dynamic,Omega_hat_StateLoad,113,2202090819.9960432,0.9291544279045888,0.84743966103877011,0.96871663095595439
cumulative-state-load,qwen3.8-27b-off,all-arms,dynamic,Omega_hat_StateLoad,114,2508352480.2843847,0.92983379102801123,0.84792102094494115,0.96922787518776765
cumulative-state-load,qwen3.8-27b-off,all-arms,dynamic,Omega_hat_StateLoad,115,2857208298.6841106,0.93050712674009595,0.84837172652072257,0.96973773557710108
cumulative-state-load,qwen3.8-27b-off,all-arms,dynamic,Omega_hat_StateLoad,116,3254582171.4593468,0.93117447920033225,0.84879268142043907,0.97024585376491068
cumulative-state-load,qwen3.8-27b-off,all-arms,dynamic,Omega_hat_StateLoad,117,3707221876.5636644,0.93183589242417308,0.84918476896073802,0.97075188563044479
cumulative-state-load,qwen3.8-27b-off,all-arms,dynamic,Omega_hat_StateLoad,118,4222813657.1858835,0.93249141027968907,0.84954885157372562,0.97125550169972985
cumulative-state-load,qwen3.8-27b-off,all-arms,dynamic,Omega_hat_StateLoad,119,4810112741.3082876,0.93314107648431865,0.84988577037034196,0.97175638745690884
cumulative-state-load,qwen3.8-27b-off,all-arms,dynamic,Omega_hat_StateLoad,120,5479092013.6208477,0.93378493460170819,0.85019634480818151,0.97225424356369605
cumulative-state-load,qwen3.8-27b-off,all-arms,dynamic,Omega_hat_StateLoad,121,6241111364.3791094,0.93442302803864619,0.85048137245751765,0.9727487859926649
cumulative-state-load,qwen3.8-27b-off,all-arms,dynamic,Omega_hat_StateLoad,122,7109110590.9062595,0.93505540004208465,0.85074162885899152,0.97323974608039554
cumulative-state-load,qwen3.8-27b-off,all-arms,dynamic,Omega_hat_StateLoad,123,8097829127.3871012,0.93568209369625122,0.85097786746623005,0.97372687050671491
cumulative-state-load,qwen3.8-27b-off,all-arms,dynamic,Omega_hat_StateLoad,124,9224056334.1692524,0.93630315191984836,0.85119081966657617,0.97420992120635153
cumulative-state-load,qwen3.8-27b-off,all-arms,dynamic,Omega_hat_StateLoad,125,10506916596.717747,0.93691861746333815,0.85138119487312236,0.97468867521933189
cumulative-state-load,qwen3.8-27b-off,all-arms,dynamic,Omega_hat_StateLoad,126,11968194075.467552,0.93752853290631355,0.85154968068133474,0.97516292448636532
cumulative-state-load,qwen3.8-27b-off,all-arms,dynamic,Omega_hat_StateLoad,127,13632702621.128815,0.93813294065495179,0.8516969430837068,0.97563247559531519
cumulative-state-load,qwen3.8-27b-off,all-arms,dynamic,Omega_hat_StateLoad,128,15528707136.951481,0.93873188293955112,0.85182362673610712,0.97609714948464854
cumulative-state-load,qwen3.8-27b-off,all-arms,dynamic,Omega_hat_StateLoad,129,17688403543.070885,0.93932540181214974,0.85193035526973737,0.97655678110951216
cumulative-state-load,qwen3.8-27b-off,all-arms,dynamic,Omega_hat_StateLoad,130,20148465493.177376,0.93991353914422404,0.85201773164292305,0.97701121907579469
cumulative-state-load,qwen3.8-27b-off,all-arms,dynamic,Omega_hat_StateLoad,131,22950667127.265152,0.94049633662446541,0.85208633852727533,0.97746032524722093
cumulative-state-load,qwen3.8-27b-off,all-arms,dynamic,Omega_hat_StateLoad,132,26142592435.383877,0.94107383575663517,0.85213673872310658,0.97790397433020559
cumulative-state-load,qwen3.8-27b-off,all-arms,dynamic,Omega_hat_StateLoad,133,29778443278.046288,0.94164607785749643,0.85216947559933132,0.97834205344084579
cumulative-state-load,qwen3.8-27b-off,all-arms,dynamic,Omega_hat_StateLoad,134,33919959784.2332,0.94221310405482106,0.85218507355343842,0.97877446165809878
cumulative-state-load,qwen3.8-27b-off,all-arms,dynamic,Omega_hat_StateLoad,135,38637468756.207253,0.94277495528546917,0.85218403848747437,0.97920110956684103
cumulative-state-load,qwen3.8-27b-off,all-arms,dynamic,Omega_hat_StateLoad,136,44011077884.025024,0.94333167229354453,0.85216685829632377,0.97962191879418103
cumulative-state-load,qwen3.8-27b-off,all-arms,dynamic,Omega_hat_StateLoad,137,50132036048.622993,0.94388329562861895,0.85213400336491107,0.9800368215420624
cumulative-state-load,qwen3.8-27b-off,all-arms,dynamic,Omega_hat_StateLoad,138,57104282812.683891,0.94442986564402798,0.85208592707127229,0.98044576011888851
cumulative-state-load,qwen3.8-27b-off,all-arms,dynamic,Omega_hat_StateLoad,139,65046213411.086273,0.94497142249523758,0.85202306629275715,0.98084868647259726
cumulative-state-load,qwen3.8-27b-off,all-arms,dynamic,Omega_hat_StateLoad,140,74092689212.108887,0.94550800613827513,0.851945841912916,0.98124556172733401
cumulative-state-load,qwen3.8-27b-off,all-arms,dynamic,Omega_hat_StateLoad,141,84397327788.899475,0.94603965632823284,0.85185465932690008,0.98163635572560148
cumulative-state-load,qwen3.8-27b-off,all-arms,dynamic,Omega_hat_StateLoad,142,96135111488.7444,0.94656641261783092,0.85174990894347102,0.98202104657752387
cumulative-state-load,qwen3.8-27b-off,all-arms,dynamic,Omega_hat_StateLoad,143,109505358796.07361,0.9470883143560509,0.85163196668194385,0.98239962021862548
cumulative-state-load,qwen3.8-27b-off,all-arms,dynamic,Omega_hat_StateLoad,144,124735108945.71381,0.94760540068682941,0.85150119446262551,0.98277206997731892
cumulative-state-load,qwen3.8-27b-off,all-arms,dynamic,Omega_hat_StateLoad,145,142082977260.25885,0.94811771054781502,0.85135794068950266,0.98313839615309562
cumulative-state-load,qwen3.8-27b-off,all-arms,dynamic,Omega_hat_StateLoad,146,161843546678.78796,0.94862528266918644,0.85120254072412838,0.98349860560624325
cumulative-state-load,qwen3.8-27b-off,all-arms,dynamic,Omega_hat_StateLoad,147,184352370049.15485,0.94912815557253138,0.85103531734982707,0.98385271135974817
cumulative-state-load,qwen3.8-27b-off,all-arms,dynamic,Omega_hat_StateLoad,148,209991668127.44495,0.94962636756978402,0.85085658122548624,0.98420073221389315
cumulative-state-load,qwen3.8-27b-off,all-arms,dynamic,Omega_hat_StateLoad,149,239196820041.90717,0.95011995676222127,0.8506666313283554,0.98454269237393999
cumulative-state-load,qwen3.8-27b-off,all-arms,dynamic,Omega_hat_StateLoad,150,272463756435.50003,0.95060896103951442,0.85046575538538294,0.98487862109116064
cumulative-state-load,qwen3.8-27b-off,all-arms,dynamic,Omega_hat_StateLoad,151,310357380829.46777,0.95109341807883785,0.85025423029274538,0.98520855231738458
cumulative-state-load,qwen3.8-27b-off,all-arms,dynamic,Omega_hat_StateLoad,152,353521162210.5376,0.95157336534403303,0.85003232252332173,0.98553252437313121
cumulative-state-load,qwen3.8-27b-off,all-arms,dynamic,Omega_hat_StateLoad,153,402688061732.80969,0.9520488400848246,0.84980028852194855,0.98585057962932643
cumulative-state-load,qwen3.8-27b-off,all-arms,dynamic,Omega_hat_StateLoad,154,458692979079.86127,0.95251987933609095,0.84955837508837284,0.98616276420252402
cumulative-state-load,qwen3.8-27b-off,all-arms,dynamic,Omega_hat_StateLoad,155,522486929837.92133,0.95298651991718497,0.84930681974789068,0.98646912766349504
cumulative-state-load,qwen3.8-27b-off,all-arms,dynamic,Omega_hat_StateLoad,156,595153194625.03894,0.95344879843130637,0.84904585110971309,0.98676972275900154
cumulative-state-load,qwen3.8-27b-off,all-arms,dynamic,Omega_hat_StateLoad,157,677925714203.54346,0.95390675126492319,0.8487756892131556,0.98706460514651939
cumulative-state-load,qwen3.8-27b-off,all-arms,dynamic,Omega_hat_StateLoad,158,772210042941.86035,0.95436041458724297,0.84849654586179157,0.98735383314164338
cumulative-state-load,qwen3.8-27b-off,all-arms,dynamic,Omega_hat_StateLoad,159,879607216434.96851,0.95480982434972927,0.84820862494574389,0.98763746747787751
cumulative-state-load,qwen3.8-27b-off,all-arms,dynamic,Omega_hat_StateLoad,160,1001940938577.938,0.955255016285668,0.84791212275232752,0.9879155710784836
cumulative-state-load,qwen3.8-27b-off,all-arms,dynamic,Omega_hat_StateLoad,161,1141288549754.2461,0.95569602590977631,0.84760722826527179,0.98818820884005099
cumulative-state-load,qwen3.8-27b-off,all-arms,dynamic,Omega_hat_StateLoad,162,1300016302007.6416,0.95613288851785905,0.84729412345278265,0.98845544742742331
cumulative-state-load,qwen3.8-27b-off,all-arms,dynamic,Omega_hat_StateLoad,163,1480819540202.6355,0.9565656391865065,0.84697298354471529,0.98871735507961622
cumulative-state-load,qwen3.8-27b-off,all-arms,dynamic,Omega_hat_StateLoad,164,1686768471487.2644,0.95699431277283775,0.84664397729914431,0.98897400142634928
cumulative-state-load,qwen3.8-27b-off,all-arms,dynamic,Omega_hat_StateLoad,165,1921360300265.9814,0.95741894391428217,0.84630726725862759,0.98922545731480793
cumulative-state-load,qwen3.8-27b-off,all-arms,dynamic,Omega_hat_StateLoad,166,2188578613983.2146,0.95783956702840645,0.84596300999646856,0.98947179464625601
cumulative-state-load,qwen3.8-27b-off,all-arms,dynamic,Omega_hat_StateLoad,167,2492961028143.2539,0.95825621631277835,0.84561135635328333,0.98971308622210963
cumulative-state-load,qwen3.8-27b-off,all-arms,dynamic,Omega_hat_StateLoad,168,2839676239241.8701,0.95866892574487117,0.84525245166418495,0.98994940559909705
cumulative-state-load,qwen3.8-27b-off,all-arms,dynamic,Omega_hat_StateLoad,169,3234611794040.2549,0.95907772908200628,0.84488643597689572,0.99018082695312426
cumulative-state-load,qwen3.8-27b-off,all-arms,dynamic,Omega_hat_StateLoad,170,3684474065584.877,0.95948265986133263,0.84451344426109998,0.99040742495147516
cumulative-state-load,qwen3.8-27b-off,all-arms,dynamic,Omega_hat_StateLoad,171,4196902133659.4658,0.9598837513998445,0.84413360660934178,0.99062927463298356
cumulative-state-load,qwen3.8-27b-off,all-arms,dynamic,Omega_hat_StateLoad,172,4780597503464.6436,0.96028103679443289,0.84374704842977333,0.99084645129581617
cumulative-state-load,qwen3.8-27b-off,all-arms,dynamic,Omega_hat_StateLoad,173,5445471865269.5811,0.96067454892197379,0.84335389063105737,0.99105903039252086
cumulative-state-load,qwen3.8-27b-off,all-arms,dynamic,Omega_hat_StateLoad,174,6202815404131.3633,0.96106432043944923,0.84295424979971068,0.99126708743200043
cumulative-state-load,qwen3.8-27b-off,all-arms,dynamic,Omega_hat_StateLoad,175,7065488517738.3594,0.96145038378410197,0.84254823837018233,0.99147069788808095
cumulative-state-load,qwen3.8-27b-off,all-arms,dynamic,Omega_hat_StateLoad,176,8048140197924.085,0.96183277117362365,0.8421359647879475,0.9916699371143548
cumulative-state-load,qwen3.8-27b-off,all-arms,dynamic,Omega_hat_StateLoad,177,9167456784173.6465,0.96221151460637355,0.84171753366588564,0.99186488026499031
cumulative-state-load,qwen3.8-27b-off,all-arms,dynamic,Omega_hat_StateLoad,178,10442445313187.943,0.96258664586162845,0.8412930459342185,0.99205560222120859
cumulative-state-load,qwen3.8-27b-off,all-arms,dynamic,Omega_hat_StateLoad,179,11894756276044.945,0.96295819649986336,0.84086259898425753,0.9922421775231397
cumulative-state-load,qwen3.8-27b-off,all-arms,dynamic,Omega_hat_StateLoad,180,13549051263675.49,0.96332619786306117,0.84042628680621723,0.99242468030677822
cumulative-state-load,qwen3.8-27b-off,all-arms,dynamic,Omega_hat_StateLoad,181,15433421743614.367,0.96369068107505129,0.83998420012133657,0.99260318424577487
cumulative-state-load,qwen3.8-27b-off,all-arms,dynamic,Omega_hat_StateLoad,182,17579866079247.18,0.96405167704187522,0.83953642650854099,0.99277776249780703
cumulative-state-load,qwen3.8-27b-off,all-arms,dynamic,Omega_hat_StateLoad,183,20024832891781.457,0.96440921645218158,0.8390830505258724,0.99294848765527854
cumulative-state-load,qwen3.8-27b-off,all-arms,dynamic,Omega_hat_StateLoad,184,22809839991735.832,0.96476332977764523,0.83862415382690836,0.99311543170011818
cumulative-state-load,qwen3.8-27b-off,all-arms,dynamic,Omega_hat_StateLoad,185,25982179389977.805,0.96511404727341343,0.83815981527237682,0.99327866596244829
cumulative-state-load,qwen3.8-27b-off,all-arms,dynamic,Omega_hat_StateLoad,186,29595720360053.734,0.96546139897857763,0.83769011103717173,0.99343826108290811
cumulative-state-load,qwen3.8-27b-off,all-arms,dynamic,Omega_hat_StateLoad,187,33711824188557.871,0.96580541471666848,0.83721511471296262,0.99359428697842445
cumulative-state-load,qwen3.8-27b-off,all-arms,dynamic,Omega_hat_StateLoad,188,38400386146849.188,0.96614612409617506,0.83673489740659035,0.99374681281123733
cumulative-state-load,qwen3.8-27b-off,all-arms,dynamic,Omega_hat_StateLoad,189,43741022377769.305,0.96648355651108864,0.8362495278344203,0.9938959069609854
cumulative-state-load,qwen3.8-27b-off,all-arms,dynamic,Omega_hat_StateLoad,190,49824421851796.742,0.9668177411414659,0.83575907241283587,0.99404163699967907
cumulative-state-load,qwen3.8-27b-off,all-arms,dynamic,Omega_hat_StateLoad,191,56753886350116.297,0.96714870695401778,0.83526359534503047,0.99418406966938611
cumulative-state-load,qwen3.8-27b-off,all-arms,dynamic,Omega_hat_StateLoad,192,64647084624941.758,0.96747648270271569,0.83476315870425943,0.99432327086246852
cumulative-state-load,qwen3.8-27b-off,all-arms,dynamic,Omega_hat_StateLoad,193,73638050524372.891,0.96780109692942196,0.83425782251370606,0.99445930560421747
cumulative-state-load,qwen3.8-27b-off,all-arms,dynamic,Omega_hat_StateLoad,194,83879459011799.266,0.96812257796453693,0.83374764482310582,0.99459223803773711
cumulative-state-load,qwen3.8-27b-off,all-arms,dynamic,Omega_hat_StateLoad,195,95545218728778.906,0.96844095392766871,0.83323268178226795,0.9947221314109389
cumulative-state-load,qwen3.8-27b-off,all-arms,dynamic,Omega_hat_StateLoad,196,108833425125525.58,0.96875625272831867,0.83271298771163005,0.99484904806551444
cumulative-state-load,qwen3.8-27b-off,all-arms,dynamic,Omega_hat_StateLoad,197,123969724305896.75,0.96906850206658812,0.83218861516997367,0.99497304942775688
cumulative-state-load,qwen3.8-27b-off,all-arms,dynamic,Omega_hat_StateLoad,198,141211144708112.53,0.96937772943389966,0.83165961501942154,0.99509419600111904
cumulative-state-load,qwen3.8-27b-off,all-arms,dynamic,Omega_hat_StateLoad,199,160850461686691.91,0.9696839621137382,0.83112603648783578,0.99521254736038589
cumulative-state-load,qwen3.8-27b-off,all-arms,dynamic,Omega_hat_StateLoad,200,183221169110285.34,0.96998722718240782,0.83058792722872954,0.99532816214736164
cumulative-state-load,qwen3.8-27b-off,all-arms,dynamic,Omega_hat_StateLoad,201,208703142397738.38,0.97028755150980284,0.83004533337879582,0.99544109806796444
cumulative-state-load,qwen3.8-27b-off,all-arms,dynamic,Omega_hat_StateLoad,202,237729089156027.72,0.97058496176019782,0.82949829961316124,0.99555141189063534
cumulative-state-load,qwen3.8-27b-off,all-arms,dynamic,Omega_hat_StateLoad,203,270791896957883.5,0.97087948439305016,0.8289468691984585,0.99565915944596928
cumulative-state-load,qwen3.8-27b-off,all-arms,dynamic,Omega_hat_StateLoad,204,308453003031200,0.97117114566381668,0.82839108404381356,0.99576439562748253
cumulative-state-load,qwen3.8-27b-off,all-arms,dynamic,Omega_hat_StateLoad,205,351351927985362.38,0.9714599716247867,0.82783098474983507,0.99586717439343297
cumulative-state-load,qwen3.8-27b-off,all-arms,dynamic,Omega_hat_StateLoad,206,400217135465994.69,0.97174598812592639,0.82726661065569473,0.99596754876961924
cumulative-state-load,qwen3.8-27b-off,all-arms,dynamic,Omega_hat_StateLoad,207,455878402145213.62,0.97202922081573762,0.82669799988437731,0.99606557085308334
cumulative-state-load,qwen3.8-27b-off,all-arms,dynamic,Omega_hat_StateLoad,208,519280908101273.38,0.97230969514212751,0.82612518938617885,0.99616129181664892
cumulative-state-load,qwen3.8-27b-off,all-arms,dynamic,Omega_hat_StateLoad,209,591501286855412.5,0.97258743635329248,0.82554821498053088,0.99625476191423135
cumulative-state-load,qwen3.8-27b-off,all-arms,dynamic,Omega_hat_StateLoad,210,673765907610406.88,0.97286246949861177,0.8249671113962167,0.99634603048685644
cumulative-state-load,qwen3.8-27b-off,all-arms,dynamic,Omega_hat_StateLoad,211,767471700140256.75,0.97313481942955415,0.82438191231005131,0.99643514596933003
cumulative-state-load,qwen3.8-27b-off,all-arms,dynamic,Omega_hat_StateLoad,212,874209875957044,0.97340451080059331,0.82379265038409188,0.99652215589750714
cumulative-state-load,qwen3.8-27b-off,all-arms,dynamic,Omega_hat_StateLoad,213,995792948562350.75,0.97367156807013466,0.82319935730143445,0.99660710691610621
cumulative-state-load,qwen3.8-27b-off,all-arms,dynamic,Omega_hat_StateLoad,214,1134285511612351,0.97393601550145259,0.82260206380066347,0.99669004478701995
cumulative-state-load,qwen3.8-27b-off,all-arms,dynamic,Omega_hat_StateLoad,215,1292039297638314.8,0.97419787716363571,0.82200079970900475,0.99677101439808102
cumulative-state-load,qwen3.8-27b-off,all-arms,dynamic,Omega_hat_StateLoad,216,1471733112652351.2,0.97445717693254352,0.82139559397424255,0.99685005977223473
cumulative-state-load,qwen3.8-27b-off,all-arms,dynamic,Omega_hat_StateLoad,217,1676418324765014,0.97471393849176868,0.8207864746954443,0.99692722407708401
cumulative-state-load,qwen3.8-27b-off,all-arms,dynamic,Omega_hat_StateLoad,218,1909570679253842.2,0.97496818533360985,0.82017346915255251,0.99700254963476331
cumulative-state-load,qwen3.8-27b-off,all-arms,dynamic,Omega_hat_StateLoad,219,2175149319950990.5,0.97521994076005225,0.81955660383488038,0.99707607793211106
cumulative-state-load,qwen3.8-27b-off,all-arms,dynamic,Omega_hat_StateLoad,220,2477664019187790,0.97546922788375467,0.81893590446856546,0.99714784963110437
cumulative-state-load,qwen3.8-27b-off,all-arms,dynamic,Omega_hat_StateLoad,221,2822251757923516,0.975716069629045,0.81831139604301906,0.99721790457952442
cumulative-state-load,qwen3.8-27b-off,all-arms,dynamic,Omega_hat_StateLoad,222,3214763956459843.5,0.97596048873292141,0.81768310283641477,0.99728628182182655
cumulative-state-load,qwen3.8-27b-off,all-arms,dynamic,Omega_hat_StateLoad,223,3661865837000028.5,0.97620250774606065,0.81705104844025433,0.99735301961018363
cumulative-state-load,qwen3.8-27b-off,all-arms,dynamic,Omega_hat_StateLoad,224,4171149605321062,0.97644214903383308,0.81641525578305119,0.99741815541568069
cumulative-state-load,qwen3.8-27b-off,all-arms,dynamic,Omega_hat_StateLoad,225,4751263373489321,0.97667943477732155,0.81577574715316237,0.99748172593963291
cumulative-state-load,qwen3.8-27b-off,all-arms,dynamic,Omega_hat_StateLoad,226,5412058012846948,0.9769143869743484,0.81513254422081083,0.99754376712500925
cumulative-state-load,qwen3.8-27b-off,all-arms,dynamic,Omega_hat_StateLoad,227,6164754430969357,0.9771470274405053,0.81448566805932365,0.99760431416793627
cumulative-state-load,qwen3.8-27b-off,all-arms,dynamic,Omega_hat_StateLoad,228,7022134113112519,0.9773773778101893,0.81383513916562289,0.99766340152926569
cumulative-state-load,qwen3.8-27b-off,all-arms,dynamic,Omega_hat_StateLoad,229,7998756163720322,0.977605459537643,0.81318097747999618,0.99772106294618601
cumulative-state-load,qwen3.8-27b-off,all-arms,dynamic,Omega_hat_StateLoad,230,9111204533559578,0.97783129389799917,0.81252320240517673,0.99777733144386171
cumulative-state-load,qwen3.8-27b-off,all-arms,dynamic,Omega_hat_StateLoad,231,10378369630628336,0.97805490198832845,0.81186183282476154,0.99783223934708465
cumulative-state-load,qwen3.8-27b-off,all-arms,dynamic,Omega_hat_StateLoad,232,11821769096853822,0.97827630472869243,0.81119688712099236,0.99788581829192169
cumulative-state-load,qwen3.8-27b-off,all-arms,dynamic,Omega_hat_StateLoad,233,13465913197665350,0.97849552286319841,0.81052838319192522,0.99793809923734655
cumulative-state-load,qwen3.8-27b-off,all-arms,dynamic,Omega_hat_StateLoad,234,15338721029098442,0.97871257696105751,0.80985633846801253,0.99798911247684208
cumulative-state-load,qwen3.8-27b-off,all-arms,dynamic,Omega_hat_StateLoad,235,17471994610012704,0.97892748741764712,0.80918076992812216,0.99803888764996229
cumulative-state-load,qwen3.8-27b-off,all-arms,dynamic,Omega_hat_StateLoad,236,19901958909950544,0.97914027445557406,0.80850169411501338,0.998087453753843
cumulative-state-load,qwen3.8-27b-off,all-arms,dynamic,Omega_hat_StateLoad,237,22669876982813112,0.97935095812574169,0.80781912715029203,0.99813483915464862
cumulative-state-load,qwen3.8-27b-off,all-arms,dynamic,Omega_hat_StateLoad,238,25822750651893204,0.97955955830841734,0.80713308474886614,0.9981810715989532
cumulative-state-load,qwen3.8-27b-off,all-arms,dynamic,Omega_hat_StateLoad,239,29414118644551596,0.9797660947143022,0.80644358223291801,0.99822617822503701
