series_id,prediction_id,program_id,execution_id,model_id,arm_id,arm_group,scope,metric_name,x,y
dynamic::deepseek-v4-pro-0813-high::all-arms::Omega_hat_NativeTrace,deepseek-v4-pro-0813-high::codecontests-test-1580b::post-loop-state,codecontests-test-1580b,651daa060f41dcbf742f65839b776fde4796201d3b99d00773278bba61645417:01bf10bc19e4055efc275e06e8439f42cb308446a927457954f085b1c36f701a:clang-18.1.8-coverage-state-load-v1,deepseek-v4-pro-0813-high,post-loop-state,all-arms,dynamic,Omega_hat_NativeTrace,753,1
dynamic::deepseek-v4-pro-0813-high::all-arms::Omega_hat_NativeTrace,deepseek-v4-pro-0813-high::codecontests-test-1580b::inside-loop-state,codecontests-test-1580b,de821758d705b3efd9657c5b7021e5d724533788eed2c97f5213f6ee05a90127:01bf10bc19e4055efc275e06e8439f42cb308446a927457954f085b1c36f701a:clang-18.1.8-coverage-state-load-v1,deepseek-v4-pro-0813-high,inside-loop-state,all-arms,dynamic,Omega_hat_NativeTrace,839,1
dynamic::deepseek-v4-pro-0813-high::all-arms::Omega_hat_NativeTrace,deepseek-v4-pro-0813-high::codecontests-test-1580b::long-trace-final,codecontests-test-1580b,e49cc24f56c43dda6796ffbf38185eb1f4f689c19e9ec2b7010717fbd33f09cd:01bf10bc19e4055efc275e06e8439f42cb308446a927457954f085b1c36f701a:clang-18.1.8-coverage-state-load-v1,deepseek-v4-pro-0813-high,long-trace-final,all-arms,dynamic,Omega_hat_NativeTrace,164275450,0
dynamic::deepseek-v4-pro-0813-high::all-arms::Omega_hat_NativeTrace,deepseek-v4-pro-0813-high::codecontests-test-1580b::short-trace-final,codecontests-test-1580b,e49cc24f56c43dda6796ffbf38185eb1f4f689c19e9ec2b7010717fbd33f09cd:4badc34556ceafd1c2c4699ce5b2a3bc32594a4b7e29c24a4068f61563022cdc:clang-18.1.8-coverage-state-load-v1,deepseek-v4-pro-0813-high,short-trace-final,all-arms,dynamic,Omega_hat_NativeTrace,2095,1
dynamic::deepseek-v4-pro-0813-high::all-arms::Omega_hat_NativeTrace,deepseek-v4-pro-0813-high::codecontests-test-1580f::short-trace-final,codecontests-test-1580f,14ddc455906166c8cc9ba66260dd1ee85ca6354b865eda03f0f3871dae33ae17:66cad223eb4b52b45ee49a6f14a923756f9c308fb0a2f62f02808d1d2491969e:clang-18.1.8-coverage-state-load-v1,deepseek-v4-pro-0813-high,short-trace-final,all-arms,dynamic,Omega_hat_NativeTrace,58249376,1
dynamic::deepseek-v4-pro-0813-high::all-arms::Omega_hat_NativeTrace,deepseek-v4-pro-0813-high::codecontests-test-1580f::long-trace-final,codecontests-test-1580f,14ddc455906166c8cc9ba66260dd1ee85ca6354b865eda03f0f3871dae33ae17:d72b57384d564b166e605cb1fe15b30202227d8df8021b4e67f0275e92852971:clang-18.1.8-coverage-state-load-v1,deepseek-v4-pro-0813-high,long-trace-final,all-arms,dynamic,Omega_hat_NativeTrace,58258370,1
dynamic::deepseek-v4-pro-0813-high::all-arms::Omega_hat_NativeTrace,deepseek-v4-pro-0813-high::codecontests-test-1580f::post-loop-state,codecontests-test-1580f,8526c634fe8de6d447557c0456ea3013ff50b851688579983204c869ac4dcb57:d72b57384d564b166e605cb1fe15b30202227d8df8021b4e67f0275e92852971:clang-18.1.8-coverage-state-load-v1,deepseek-v4-pro-0813-high,post-loop-state,all-arms,dynamic,Omega_hat_NativeTrace,58233011,1
dynamic::deepseek-v4-pro-0813-high::all-arms::Omega_hat_NativeTrace,deepseek-v4-pro-0813-high::codecontests-test-1580f::inside-loop-state,codecontests-test-1580f,bfcc98152560bffe5dfc4d96ac7ad6087d8a47a1cf596714f45a7366a323508a:d72b57384d564b166e605cb1fe15b30202227d8df8021b4e67f0275e92852971:clang-18.1.8-coverage-state-load-v1,deepseek-v4-pro-0813-high,inside-loop-state,all-arms,dynamic,Omega_hat_NativeTrace,58233084,1
dynamic::deepseek-v4-pro-0813-high::all-arms::Omega_hat_NativeTrace,deepseek-v4-pro-0813-high::codecontests-test-1586f::long-trace-final,codecontests-test-1586f,50fa6366595a53ba7e82bd4bc65563c718c29a2a4b9c1b4e6f80fab5bdeabd90:e7a0a218331b68b73ad7ba079fd54be2a7cd8090a6e96eba3f4ee3001dc1d2dc:clang-18.1.8-coverage-state-load-v1,deepseek-v4-pro-0813-high,long-trace-final,all-arms,dynamic,Omega_hat_NativeTrace,41386,0
dynamic::deepseek-v4-pro-0813-high::all-arms::Omega_hat_NativeTrace,deepseek-v4-pro-0813-high::codecontests-test-1586f::short-trace-final,codecontests-test-1586f,50fa6366595a53ba7e82bd4bc65563c718c29a2a4b9c1b4e6f80fab5bdeabd90:ece3d232c1ca9ef8a80b6fdb1585b8f5cf653b9dd023b0521c8da64db859ffac:clang-18.1.8-coverage-state-load-v1,deepseek-v4-pro-0813-high,short-trace-final,all-arms,dynamic,Omega_hat_NativeTrace,110,1
dynamic::deepseek-v4-pro-0813-high::all-arms::Omega_hat_NativeTrace,deepseek-v4-pro-0813-high::codecontests-test-1586f::inside-loop-state,codecontests-test-1586f,c2fff1ad8c28452ca3e75e2efc59934a22d91572d3cde13bc7c743de6d34b147:e7a0a218331b68b73ad7ba079fd54be2a7cd8090a6e96eba3f4ee3001dc1d2dc:clang-18.1.8-coverage-state-load-v1,deepseek-v4-pro-0813-high,inside-loop-state,all-arms,dynamic,Omega_hat_NativeTrace,2866,1
dynamic::deepseek-v4-pro-0813-high::all-arms::Omega_hat_NativeTrace,deepseek-v4-pro-0813-high::codecontests-test-1586f::post-loop-state,codecontests-test-1586f,cf6f023469c0bb5ffbb00877e5468516893961999aa07f0ecb8ade5ed40b2096:e7a0a218331b68b73ad7ba079fd54be2a7cd8090a6e96eba3f4ee3001dc1d2dc:clang-18.1.8-coverage-state-load-v1,deepseek-v4-pro-0813-high,post-loop-state,all-arms,dynamic,Omega_hat_NativeTrace,2768,1
dynamic::deepseek-v4-pro-0813-high::all-arms::Omega_hat_NativeTrace,deepseek-v4-pro-0813-high::codecontests-test-1598f::short-trace-final,codecontests-test-1598f,c86397161467c48a05a8a1c3b9d9cdc968122973e7759a52edbfee55607a0c48:0c302e793e9db86915c6163fbabb9d0a9976859eb54448cb12f96c3a4ff52328:clang-18.1.8-coverage-state-load-v1,deepseek-v4-pro-0813-high,short-trace-final,all-arms,dynamic,Omega_hat_NativeTrace,59,1
dynamic::deepseek-v4-pro-0813-high::all-arms::Omega_hat_NativeTrace,deepseek-v4-pro-0813-high::codecontests-test-1598f::long-trace-final,codecontests-test-1598f,c86397161467c48a05a8a1c3b9d9cdc968122973e7759a52edbfee55607a0c48:7035767df0d876ec6a211af258eda3b340f5ba719f1d3c8f30d890596458ed17:clang-18.1.8-coverage-state-load-v1,deepseek-v4-pro-0813-high,long-trace-final,all-arms,dynamic,Omega_hat_NativeTrace,112813,1
dynamic::deepseek-v4-pro-0813-high::all-arms::Omega_hat_NativeTrace,deepseek-v4-pro-0813-high::codecontests-test-1598f::post-loop-state,codecontests-test-1598f,cb278e842ab865add5e5b08afeae6d96c07cdcbf64ca0a38de643e3879f68585:7035767df0d876ec6a211af258eda3b340f5ba719f1d3c8f30d890596458ed17:clang-18.1.8-coverage-state-load-v1,deepseek-v4-pro-0813-high,post-loop-state,all-arms,dynamic,Omega_hat_NativeTrace,1432,1
dynamic::deepseek-v4-pro-0813-high::all-arms::Omega_hat_NativeTrace,deepseek-v4-pro-0813-high::codecontests-test-1598f::inside-loop-state,codecontests-test-1598f,f41875fa3f7692eefec1a62e67928717fb5e40acf042c603e3120e581750a59b:7035767df0d876ec6a211af258eda3b340f5ba719f1d3c8f30d890596458ed17:clang-18.1.8-coverage-state-load-v1,deepseek-v4-pro-0813-high,inside-loop-state,all-arms,dynamic,Omega_hat_NativeTrace,1491,1
dynamic::deepseek-v4-pro-0813-high::all-arms::Omega_hat_NativeTrace,deepseek-v4-pro-0813-high::codecontests-test-1599d::inside-loop-state,codecontests-test-1599d,0a2dad56c9e815f7f708d26c2a62b89ce07f5ea76c71a50f36d86924cf05b943:e4a285c493f93a570627f5a05671eae6a4363f4464831e0f98d5ba3690d0ee67:clang-18.1.8-coverage-state-load-v1,deepseek-v4-pro-0813-high,inside-loop-state,all-arms,dynamic,Omega_hat_NativeTrace,104008,1
dynamic::deepseek-v4-pro-0813-high::all-arms::Omega_hat_NativeTrace,deepseek-v4-pro-0813-high::codecontests-test-1599d::short-trace-final,codecontests-test-1599d,933b32aa65d3b25d1afa06e801f5b72dff619eaf7fc4ac6a4a0270e85d49214c:665093871dbe3de8e75d8a816a8378ca11e9e560947ddf4d94207a1e2173820b:clang-18.1.8-coverage-state-load-v1,deepseek-v4-pro-0813-high,short-trace-final,all-arms,dynamic,Omega_hat_NativeTrace,101190,1
dynamic::deepseek-v4-pro-0813-high::all-arms::Omega_hat_NativeTrace,deepseek-v4-pro-0813-high::codecontests-test-1599d::long-trace-final,codecontests-test-1599d,933b32aa65d3b25d1afa06e801f5b72dff619eaf7fc4ac6a4a0270e85d49214c:e4a285c493f93a570627f5a05671eae6a4363f4464831e0f98d5ba3690d0ee67:clang-18.1.8-coverage-state-load-v1,deepseek-v4-pro-0813-high,long-trace-final,all-arms,dynamic,Omega_hat_NativeTrace,105223,1
dynamic::deepseek-v4-pro-0813-high::all-arms::Omega_hat_NativeTrace,deepseek-v4-pro-0813-high::codecontests-test-1599d::post-loop-state,codecontests-test-1599d,aa9020619d95e0c11306c231f42dc16fbedc1b8833557cfba9a3855ceab5d625:e4a285c493f93a570627f5a05671eae6a4363f4464831e0f98d5ba3690d0ee67:clang-18.1.8-coverage-state-load-v1,deepseek-v4-pro-0813-high,post-loop-state,all-arms,dynamic,Omega_hat_NativeTrace,103972,1
dynamic::deepseek-v4-pro-0813-high::all-arms::Omega_hat_NativeTrace,deepseek-v4-pro-0813-high::codecontests-test-1599j::post-loop-state,codecontests-test-1599j,3435dafe215df6aaa0d67c6cfc947efc0a0e44650fe50967a6ba0b248d4b7fe6:cf6d365ac492de069f119d50091851656ea5679fa08c558d3f071a383b4e0df0:clang-18.1.8-coverage-state-load-v1,deepseek-v4-pro-0813-high,post-loop-state,all-arms,dynamic,Omega_hat_NativeTrace,4930,1
dynamic::deepseek-v4-pro-0813-high::all-arms::Omega_hat_NativeTrace,deepseek-v4-pro-0813-high::codecontests-test-1599j::short-trace-final,codecontests-test-1599j,ab4e36e90fc02ef9ec4e2ca7dec9cf4caee8e6aaeed78b0ea3ac83c28ac8147c:15a15c047478f3e0e3cab6ed3f632a29e89952fba136b5a78394d1c0ad79c6e5:clang-18.1.8-coverage-state-load-v1,deepseek-v4-pro-0813-high,short-trace-final,all-arms,dynamic,Omega_hat_NativeTrace,341,1
dynamic::deepseek-v4-pro-0813-high::all-arms::Omega_hat_NativeTrace,deepseek-v4-pro-0813-high::codecontests-test-1599j::long-trace-final,codecontests-test-1599j,ab4e36e90fc02ef9ec4e2ca7dec9cf4caee8e6aaeed78b0ea3ac83c28ac8147c:cf6d365ac492de069f119d50091851656ea5679fa08c558d3f071a383b4e0df0:clang-18.1.8-coverage-state-load-v1,deepseek-v4-pro-0813-high,long-trace-final,all-arms,dynamic,Omega_hat_NativeTrace,45221,1
dynamic::deepseek-v4-pro-0813-high::all-arms::Omega_hat_NativeTrace,deepseek-v4-pro-0813-high::codecontests-test-1599j::inside-loop-state,codecontests-test-1599j,b327432c0b51f79599142f457651ed07c753892f7bc8fc32eae261455a14a8df:cf6d365ac492de069f119d50091851656ea5679fa08c558d3f071a383b4e0df0:clang-18.1.8-coverage-state-load-v1,deepseek-v4-pro-0813-high,inside-loop-state,all-arms,dynamic,Omega_hat_NativeTrace,4562,1
dynamic::deepseek-v4-pro-0813-high::all-arms::Omega_hat_NativeTrace,deepseek-v4-pro-0813-high::codecontests-test-1603e::long-trace-final,codecontests-test-1603e,d7fe25a19d626e555247a54b1650138c821111d60e20cca5c73ec3112ca1e525:16115f14b1d3589d0841b36fa922b477b58347dad5e3d021df0ae33ab64fa7a6:clang-18.1.8-coverage-state-load-v1,deepseek-v4-pro-0813-high,long-trace-final,all-arms,dynamic,Omega_hat_NativeTrace,20737394,0
dynamic::deepseek-v4-pro-0813-high::all-arms::Omega_hat_NativeTrace,deepseek-v4-pro-0813-high::codecontests-test-1603e::short-trace-final,codecontests-test-1603e,d7fe25a19d626e555247a54b1650138c821111d60e20cca5c73ec3112ca1e525:56128c78d54bd858b1f0a7710cc6ed6c0ee23efbe9034d42dc8ce6339a26f6bf:clang-18.1.8-coverage-state-load-v1,deepseek-v4-pro-0813-high,short-trace-final,all-arms,dynamic,Omega_hat_NativeTrace,2469,1
dynamic::deepseek-v4-pro-0813-high::all-arms::Omega_hat_NativeTrace,deepseek-v4-pro-0813-high::codecontests-test-1603e::inside-loop-state,codecontests-test-1603e,f3186b205da6d6dcc9ea29d1c2d2e8b3e694f96a5c55cf87108c065fb309d17d:16115f14b1d3589d0841b36fa922b477b58347dad5e3d021df0ae33ab64fa7a6:clang-18.1.8-coverage-state-load-v1,deepseek-v4-pro-0813-high,inside-loop-state,all-arms,dynamic,Omega_hat_NativeTrace,3687795,1
dynamic::deepseek-v4-pro-0813-high::all-arms::Omega_hat_NativeTrace,deepseek-v4-pro-0813-high::codecontests-test-1603e::post-loop-state,codecontests-test-1603e,f412e755c350f9ce1c88cfff52e57c62ae92474f822504d6558ee65de9e4ed4d:16115f14b1d3589d0841b36fa922b477b58347dad5e3d021df0ae33ab64fa7a6:clang-18.1.8-coverage-state-load-v1,deepseek-v4-pro-0813-high,post-loop-state,all-arms,dynamic,Omega_hat_NativeTrace,4331747,1
dynamic::deepseek-v4-pro-0813-high::all-arms::Omega_hat_NativeTrace,deepseek-v4-pro-0813-high::codecontests-test-1608e::short-trace-final,codecontests-test-1608e,646dbc65fdea7bc8e3170908e4578902800b470e97d05e2454f0d26884e92df7:a2f5b5c4b5f17740e75fa5913cbf0bcde3191c7cb615765a3dfa89ab90e0e728:clang-18.1.8-coverage-state-load-v1,deepseek-v4-pro-0813-high,short-trace-final,all-arms,dynamic,Omega_hat_NativeTrace,3627,1
dynamic::deepseek-v4-pro-0813-high::all-arms::Omega_hat_NativeTrace,deepseek-v4-pro-0813-high::codecontests-test-1608e::long-trace-final,codecontests-test-1608e,646dbc65fdea7bc8e3170908e4578902800b470e97d05e2454f0d26884e92df7:f55be964bd2cc68afe5b9ad8f942604e10918169e7160750406727f80984c504:clang-18.1.8-coverage-state-load-v1,deepseek-v4-pro-0813-high,long-trace-final,all-arms,dynamic,Omega_hat_NativeTrace,17917,1
dynamic::deepseek-v4-pro-0813-high::all-arms::Omega_hat_NativeTrace,deepseek-v4-pro-0813-high::codecontests-test-1608e::inside-loop-state,codecontests-test-1608e,667c28dbcfd364ae586ae9cd21bf6fd959db38f0147f2a6cb6289ec447eb9a22:f55be964bd2cc68afe5b9ad8f942604e10918169e7160750406727f80984c504:clang-18.1.8-coverage-state-load-v1,deepseek-v4-pro-0813-high,inside-loop-state,all-arms,dynamic,Omega_hat_NativeTrace,7468,1
dynamic::deepseek-v4-pro-0813-high::all-arms::Omega_hat_NativeTrace,deepseek-v4-pro-0813-high::codecontests-test-1608e::post-loop-state,codecontests-test-1608e,b3c2da25bedf53cb9761b05fae26f46e4cf88607b5e31132dd26180b52bbaf2b:f55be964bd2cc68afe5b9ad8f942604e10918169e7160750406727f80984c504:clang-18.1.8-coverage-state-load-v1,deepseek-v4-pro-0813-high,post-loop-state,all-arms,dynamic,Omega_hat_NativeTrace,7931,0
dynamic::deepseek-v4-pro-0813-high::all-arms::Omega_hat_NativeTrace,deepseek-v4-pro-0813-high::codecontests-test-1608f::short-trace-final,codecontests-test-1608f,3b1188cf9f4294e77fd38eb7d8098dfcfb19fbdd0ef6e9a3fe8d63adfeb2abbf:8ad616db4fe9bd467b7ab16879f97c77503d2b22431ce9705293bfe707f20a7f:clang-18.1.8-coverage-state-load-v1,deepseek-v4-pro-0813-high,short-trace-final,all-arms,dynamic,Omega_hat_NativeTrace,1337,1
dynamic::deepseek-v4-pro-0813-high::all-arms::Omega_hat_NativeTrace,deepseek-v4-pro-0813-high::codecontests-test-1608f::long-trace-final,codecontests-test-1608f,3b1188cf9f4294e77fd38eb7d8098dfcfb19fbdd0ef6e9a3fe8d63adfeb2abbf:b3e5d9410e92ec6feb64678dbc4fc691cb4660d89a83baf0e0a219123c05b450:clang-18.1.8-coverage-state-load-v1,deepseek-v4-pro-0813-high,long-trace-final,all-arms,dynamic,Omega_hat_NativeTrace,607758,0
dynamic::deepseek-v4-pro-0813-high::all-arms::Omega_hat_NativeTrace,deepseek-v4-pro-0813-high::codecontests-test-1608f::inside-loop-state,codecontests-test-1608f,9864fd100347bbad0e115c788da3250c68253007614da622a5ee02799527370f:b3e5d9410e92ec6feb64678dbc4fc691cb4660d89a83baf0e0a219123c05b450:clang-18.1.8-coverage-state-load-v1,deepseek-v4-pro-0813-high,inside-loop-state,all-arms,dynamic,Omega_hat_NativeTrace,36748,0
dynamic::deepseek-v4-pro-0813-high::all-arms::Omega_hat_NativeTrace,deepseek-v4-pro-0813-high::codecontests-test-1608f::post-loop-state,codecontests-test-1608f,ef77878c7f3b869738b3ff6a4965c679f33909d0914e136f66f6c522b7b20c01:b3e5d9410e92ec6feb64678dbc4fc691cb4660d89a83baf0e0a219123c05b450:clang-18.1.8-coverage-state-load-v1,deepseek-v4-pro-0813-high,post-loop-state,all-arms,dynamic,Omega_hat_NativeTrace,36955,0
dynamic::deepseek-v4-pro-0813-high::all-arms::Omega_hat_NativeTrace,deepseek-v4-pro-0813-high::codecontests-test-1615g::post-loop-state,codecontests-test-1615g,0933389f16bc0f8f1a15f83914fd800b2881de1ed6b02e9104c48207b1cde312:73a6420953313f0860ecac8f963f63bd594f27eacb54f75047c6e7f224445982:clang-18.1.8-coverage-state-load-v1,deepseek-v4-pro-0813-high,post-loop-state,all-arms,dynamic,Omega_hat_NativeTrace,6693,0
dynamic::deepseek-v4-pro-0813-high::all-arms::Omega_hat_NativeTrace,deepseek-v4-pro-0813-high::codecontests-test-1615g::inside-loop-state,codecontests-test-1615g,acc1b2cc8cfb5ad702c4fd69f49f49e609d604888c2fc3c44a8fa83a57d3de81:73a6420953313f0860ecac8f963f63bd594f27eacb54f75047c6e7f224445982:clang-18.1.8-coverage-state-load-v1,deepseek-v4-pro-0813-high,inside-loop-state,all-arms,dynamic,Omega_hat_NativeTrace,6517,0
dynamic::deepseek-v4-pro-0813-high::all-arms::Omega_hat_NativeTrace,deepseek-v4-pro-0813-high::codecontests-test-1615g::long-trace-final,codecontests-test-1615g,ad373333e07dc4e3b058568facb985af09bac3ef8991907c430b33236999f394:73a6420953313f0860ecac8f963f63bd594f27eacb54f75047c6e7f224445982:clang-18.1.8-coverage-state-load-v1,deepseek-v4-pro-0813-high,long-trace-final,all-arms,dynamic,Omega_hat_NativeTrace,5325,1
dynamic::deepseek-v4-pro-0813-high::all-arms::Omega_hat_NativeTrace,deepseek-v4-pro-0813-high::codecontests-test-1615g::short-trace-final,codecontests-test-1615g,ad373333e07dc4e3b058568facb985af09bac3ef8991907c430b33236999f394:8b8d92f6cd116121a9e352a9d6bbbeea5f82cc1c848aaea202eee9901fb39d86:clang-18.1.8-coverage-state-load-v1,deepseek-v4-pro-0813-high,short-trace-final,all-arms,dynamic,Omega_hat_NativeTrace,194,1
dynamic::deepseek-v4-pro-0813-high::all-arms::Omega_hat_NativeTrace,deepseek-v4-pro-0813-high::codecontests-test-1615h::post-loop-state,codecontests-test-1615h,6bac151ec0f25226a8145178cf0e367fb811beb86ff6196070e20565c4d00642:76e3b7b1ea299988012bab23cbfde0d8790d1c57e7f0994947beee3f546bc9a5:clang-18.1.8-coverage-state-load-v1,deepseek-v4-pro-0813-high,post-loop-state,all-arms,dynamic,Omega_hat_NativeTrace,8891,1
dynamic::deepseek-v4-pro-0813-high::all-arms::Omega_hat_NativeTrace,deepseek-v4-pro-0813-high::codecontests-test-1615h::long-trace-final,codecontests-test-1615h,a71a99b21177af38ad289c00ff979be40a690e727f285153ed3faee690b3a321:76e3b7b1ea299988012bab23cbfde0d8790d1c57e7f0994947beee3f546bc9a5:clang-18.1.8-coverage-state-load-v1,deepseek-v4-pro-0813-high,long-trace-final,all-arms,dynamic,Omega_hat_NativeTrace,15049,1
dynamic::deepseek-v4-pro-0813-high::all-arms::Omega_hat_NativeTrace,deepseek-v4-pro-0813-high::codecontests-test-1615h::short-trace-final,codecontests-test-1615h,a71a99b21177af38ad289c00ff979be40a690e727f285153ed3faee690b3a321:7f143eea0a3c840bf12e8184b4972d492f981fbb9a266339cd86299dae1d4413:clang-18.1.8-coverage-state-load-v1,deepseek-v4-pro-0813-high,short-trace-final,all-arms,dynamic,Omega_hat_NativeTrace,5714,1
dynamic::deepseek-v4-pro-0813-high::all-arms::Omega_hat_NativeTrace,deepseek-v4-pro-0813-high::codecontests-test-1615h::inside-loop-state,codecontests-test-1615h,bb1f2ab66b584a159dee436bfee61e9740c864d881dce54d93f0220164d96c1a:76e3b7b1ea299988012bab23cbfde0d8790d1c57e7f0994947beee3f546bc9a5:clang-18.1.8-coverage-state-load-v1,deepseek-v4-pro-0813-high,inside-loop-state,all-arms,dynamic,Omega_hat_NativeTrace,8943,0
dynamic::deepseek-v4-pro-0813-high::all-arms::Omega_hat_NativeTrace,deepseek-v4-pro-0813-high::codecontests-test-1617e::inside-loop-state,codecontests-test-1617e,395db0129fb099ac1b5af30458379f3c64b2c8e1ba3267544689e9a721e0a1a2:f34973899b03d91dd93fd9ca7bca992fc2b381fea1800c11fc29bf25c01efe97:clang-18.1.8-coverage-state-load-v1,deepseek-v4-pro-0813-high,inside-loop-state,all-arms,dynamic,Omega_hat_NativeTrace,3086,1
dynamic::deepseek-v4-pro-0813-high::all-arms::Omega_hat_NativeTrace,deepseek-v4-pro-0813-high::codecontests-test-1617e::post-loop-state,codecontests-test-1617e,a34fa455cb2724c38f9fc74f8d38161dbfbff4a0a0d9c9c94c1bfa734b45a015:f34973899b03d91dd93fd9ca7bca992fc2b381fea1800c11fc29bf25c01efe97:clang-18.1.8-coverage-state-load-v1,deepseek-v4-pro-0813-high,post-loop-state,all-arms,dynamic,Omega_hat_NativeTrace,3349,1
dynamic::deepseek-v4-pro-0813-high::all-arms::Omega_hat_NativeTrace,deepseek-v4-pro-0813-high::codecontests-test-1617e::short-trace-final,codecontests-test-1617e,c416bb8d3b25fd4c76bdb6e17ff595707f9479e2af79b63f90090979b8df2512:7a8e064d952789abfdfd6043d44530bd5de0228d7963b1c4a3a194695b246bdd:clang-18.1.8-coverage-state-load-v1,deepseek-v4-pro-0813-high,short-trace-final,all-arms,dynamic,Omega_hat_NativeTrace,2124,1
dynamic::deepseek-v4-pro-0813-high::all-arms::Omega_hat_NativeTrace,deepseek-v4-pro-0813-high::codecontests-test-1617e::long-trace-final,codecontests-test-1617e,c416bb8d3b25fd4c76bdb6e17ff595707f9479e2af79b63f90090979b8df2512:f34973899b03d91dd93fd9ca7bca992fc2b381fea1800c11fc29bf25c01efe97:clang-18.1.8-coverage-state-load-v1,deepseek-v4-pro-0813-high,long-trace-final,all-arms,dynamic,Omega_hat_NativeTrace,50271,1
dynamic::deepseek-v4-pro-0813-high::all-arms::Omega_hat_NativeTrace,deepseek-v4-pro-0813-high::codecontests-test-1620g::post-loop-state,codecontests-test-1620g,90b42a3a02b64368871b040777d72a1fae560ae9bae9612e2ab271e58b363cec:d17fc49cd397378f23ba09a1d25ed63dd16e1ca27e2fef716941dab7e3d260e9:clang-18.1.8-coverage-state-load-v1,deepseek-v4-pro-0813-high,post-loop-state,all-arms,dynamic,Omega_hat_NativeTrace,6476,1
dynamic::deepseek-v4-pro-0813-high::all-arms::Omega_hat_NativeTrace,deepseek-v4-pro-0813-high::codecontests-test-1620g::short-trace-final,codecontests-test-1620g,dc5b0364fffb69d059ac406180373038b2947bf8b018c0eb5ad6bdab89607c28:47fdb134316707b54ae926b4ba0b8e2ffa13b01f961ee3bdbd4367e9493f9d43:clang-18.1.8-coverage-state-load-v1,deepseek-v4-pro-0813-high,short-trace-final,all-arms,dynamic,Omega_hat_NativeTrace,1031,1
dynamic::deepseek-v4-pro-0813-high::all-arms::Omega_hat_NativeTrace,deepseek-v4-pro-0813-high::codecontests-test-1620g::long-trace-final,codecontests-test-1620g,dc5b0364fffb69d059ac406180373038b2947bf8b018c0eb5ad6bdab89607c28:d17fc49cd397378f23ba09a1d25ed63dd16e1ca27e2fef716941dab7e3d260e9:clang-18.1.8-coverage-state-load-v1,deepseek-v4-pro-0813-high,long-trace-final,all-arms,dynamic,Omega_hat_NativeTrace,32711,1
dynamic::deepseek-v4-pro-0813-high::all-arms::Omega_hat_NativeTrace,deepseek-v4-pro-0813-high::codecontests-test-1620g::inside-loop-state,codecontests-test-1620g,f68b5d2afda3ef6b63ec68b53e390dc857f47e5bdf2f3f2e1081414a31775f0d:d17fc49cd397378f23ba09a1d25ed63dd16e1ca27e2fef716941dab7e3d260e9:clang-18.1.8-coverage-state-load-v1,deepseek-v4-pro-0813-high,inside-loop-state,all-arms,dynamic,Omega_hat_NativeTrace,6489,1
dynamic::deepseek-v4-pro-0813-high::all-arms::Omega_hat_NativeTrace,deepseek-v4-pro-0813-high::codecontests-validation-1552g::short-trace-final,codecontests-validation-1552g,89b65341f1c6fe3a0a9df0a69ade235027daa7f39d3002954f6f632919791b3f:6575c487ddb8c661ec94ac0aa126db71015d196d35a568acfd62ad87a004ec72:clang-18.1.8-coverage-state-load-v1,deepseek-v4-pro-0813-high,short-trace-final,all-arms,dynamic,Omega_hat_NativeTrace,473,1
dynamic::deepseek-v4-pro-0813-high::all-arms::Omega_hat_NativeTrace,deepseek-v4-pro-0813-high::codecontests-validation-1552g::long-trace-final,codecontests-validation-1552g,89b65341f1c6fe3a0a9df0a69ade235027daa7f39d3002954f6f632919791b3f:a23a879e789c630dbbae0133f0eb5577c8e5e3a711d2d32ec6d6c244f930f0a1:clang-18.1.8-coverage-state-load-v1,deepseek-v4-pro-0813-high,long-trace-final,all-arms,dynamic,Omega_hat_NativeTrace,2634,1
dynamic::deepseek-v4-pro-0813-high::all-arms::Omega_hat_NativeTrace,deepseek-v4-pro-0813-high::codecontests-validation-1552g::post-loop-state,codecontests-validation-1552g,b5f0a9481460f80246bf1a24dda90224f8dc49a793565d9ab27a357e86c4e053:a23a879e789c630dbbae0133f0eb5577c8e5e3a711d2d32ec6d6c244f930f0a1:clang-18.1.8-coverage-state-load-v1,deepseek-v4-pro-0813-high,post-loop-state,all-arms,dynamic,Omega_hat_NativeTrace,378,1
dynamic::deepseek-v4-pro-0813-high::all-arms::Omega_hat_NativeTrace,deepseek-v4-pro-0813-high::codecontests-validation-1552g::inside-loop-state,codecontests-validation-1552g,feb96da038972104d010503bb0068d9694d4cebae2d34993c61d2dcd7002c600:a23a879e789c630dbbae0133f0eb5577c8e5e3a711d2d32ec6d6c244f930f0a1:clang-18.1.8-coverage-state-load-v1,deepseek-v4-pro-0813-high,inside-loop-state,all-arms,dynamic,Omega_hat_NativeTrace,464,1
dynamic::deepseek-v4-pro-0813-high::all-arms::Omega_hat_NativeTrace,deepseek-v4-pro-0813-high::codecontests-validation-1553h::inside-loop-state,codecontests-validation-1553h,261f2a5460690985d0feaadb3435366c997ed89f15809dc921c0a13726ae899d:37a901c4f91c375e5b2ce915089751f68aa2f80e3a9590fee8edc1247ea80612:clang-18.1.8-coverage-state-load-v1,deepseek-v4-pro-0813-high,inside-loop-state,all-arms,dynamic,Omega_hat_NativeTrace,1846,1
dynamic::deepseek-v4-pro-0813-high::all-arms::Omega_hat_NativeTrace,deepseek-v4-pro-0813-high::codecontests-validation-1553h::long-trace-final,codecontests-validation-1553h,6e44abb67b8129df7e6c9c2bb7f0603020a46107f0b5aaa85480dcf00b6d8ee5:37a901c4f91c375e5b2ce915089751f68aa2f80e3a9590fee8edc1247ea80612:clang-18.1.8-coverage-state-load-v1,deepseek-v4-pro-0813-high,long-trace-final,all-arms,dynamic,Omega_hat_NativeTrace,2577,1
dynamic::deepseek-v4-pro-0813-high::all-arms::Omega_hat_NativeTrace,deepseek-v4-pro-0813-high::codecontests-validation-1553h::short-trace-final,codecontests-validation-1553h,6e44abb67b8129df7e6c9c2bb7f0603020a46107f0b5aaa85480dcf00b6d8ee5:4f701d041f6b57b35a63af3be10f040298aa86385ad4da04b1daa6df2663a712:clang-18.1.8-coverage-state-load-v1,deepseek-v4-pro-0813-high,short-trace-final,all-arms,dynamic,Omega_hat_NativeTrace,371,1
dynamic::deepseek-v4-pro-0813-high::all-arms::Omega_hat_NativeTrace,deepseek-v4-pro-0813-high::codecontests-validation-1553h::post-loop-state,codecontests-validation-1553h,a0fc871a1b48fb4e584cbafab20aa03968f5864a8503fcc17f35616d670b41fb:37a901c4f91c375e5b2ce915089751f68aa2f80e3a9590fee8edc1247ea80612:clang-18.1.8-coverage-state-load-v1,deepseek-v4-pro-0813-high,post-loop-state,all-arms,dynamic,Omega_hat_NativeTrace,1815,1
dynamic::deepseek-v4-pro-0813-high::all-arms::Omega_hat_NativeTrace,deepseek-v4-pro-0813-high::codecontests-validation-1556f::inside-loop-state,codecontests-validation-1556f,0e7c6745273acd61e256dc45eed260d91a4acbd2606e470d7a226f83219ed9a3:360f25d334dd3eaa6f292d435c7982dff837d18936d1fefe83699b0b1d6fbc85:clang-18.1.8-coverage-state-load-v1,deepseek-v4-pro-0813-high,inside-loop-state,all-arms,dynamic,Omega_hat_NativeTrace,202474,0
dynamic::deepseek-v4-pro-0813-high::all-arms::Omega_hat_NativeTrace,deepseek-v4-pro-0813-high::codecontests-validation-1556f::post-loop-state,codecontests-validation-1556f,355b4d9cf793a850c31de90bbad276f4be650b3ce01e56f464054f85d4c2ec45:360f25d334dd3eaa6f292d435c7982dff837d18936d1fefe83699b0b1d6fbc85:clang-18.1.8-coverage-state-load-v1,deepseek-v4-pro-0813-high,post-loop-state,all-arms,dynamic,Omega_hat_NativeTrace,17086448,0
dynamic::deepseek-v4-pro-0813-high::all-arms::Omega_hat_NativeTrace,deepseek-v4-pro-0813-high::codecontests-validation-1556f::long-trace-final,codecontests-validation-1556f,67dbad2177030b263347ba9ff0c3aa5d2e1eb57d456d177fad25eee3f31a9a76:360f25d334dd3eaa6f292d435c7982dff837d18936d1fefe83699b0b1d6fbc85:clang-18.1.8-coverage-state-load-v1,deepseek-v4-pro-0813-high,long-trace-final,all-arms,dynamic,Omega_hat_NativeTrace,17617324,0
dynamic::deepseek-v4-pro-0813-high::all-arms::Omega_hat_NativeTrace,deepseek-v4-pro-0813-high::codecontests-validation-1556f::short-trace-final,codecontests-validation-1556f,67dbad2177030b263347ba9ff0c3aa5d2e1eb57d456d177fad25eee3f31a9a76:fdcb27265764b2a73c62380d364aa177b18028a2d6fffe621bac5a23affde265:clang-18.1.8-coverage-state-load-v1,deepseek-v4-pro-0813-high,short-trace-final,all-arms,dynamic,Omega_hat_NativeTrace,475,1
dynamic::deepseek-v4-pro-0813-high::all-arms::Omega_hat_NativeTrace,deepseek-v4-pro-0813-high::codecontests-validation-1567f::inside-loop-state,codecontests-validation-1567f,05cf93795d2245abb6f842b4f278fe70746b159f5aba398e285981a3d3ab0415:5ca513ae33f231741e8f5bce074557104f0ac96debe4329731eb41fe859f6fa9:clang-18.1.8-coverage-state-load-v1,deepseek-v4-pro-0813-high,inside-loop-state,all-arms,dynamic,Omega_hat_NativeTrace,3975,1
dynamic::deepseek-v4-pro-0813-high::all-arms::Omega_hat_NativeTrace,deepseek-v4-pro-0813-high::codecontests-validation-1567f::long-trace-final,codecontests-validation-1567f,1d2e0467d959ffad5c713fa10c2142c44b5f542e00ce390504aea6f73e976053:5ca513ae33f231741e8f5bce074557104f0ac96debe4329731eb41fe859f6fa9:clang-18.1.8-coverage-state-load-v1,deepseek-v4-pro-0813-high,long-trace-final,all-arms,dynamic,Omega_hat_NativeTrace,7387,1
dynamic::deepseek-v4-pro-0813-high::all-arms::Omega_hat_NativeTrace,deepseek-v4-pro-0813-high::codecontests-validation-1567f::short-trace-final,codecontests-validation-1567f,1d2e0467d959ffad5c713fa10c2142c44b5f542e00ce390504aea6f73e976053:8ac1f9fa9e2847575b2ced3fd892b2845557a6c485f5fa9413a699b8efbc3ad3:clang-18.1.8-coverage-state-load-v1,deepseek-v4-pro-0813-high,short-trace-final,all-arms,dynamic,Omega_hat_NativeTrace,2028,1
dynamic::deepseek-v4-pro-0813-high::all-arms::Omega_hat_NativeTrace,deepseek-v4-pro-0813-high::codecontests-validation-1567f::post-loop-state,codecontests-validation-1567f,91b04a25af0d8354eca4b22a5c307be7e0d71719c1e56c1036c67f37cec6a7d0:5ca513ae33f231741e8f5bce074557104f0ac96debe4329731eb41fe859f6fa9:clang-18.1.8-coverage-state-load-v1,deepseek-v4-pro-0813-high,post-loop-state,all-arms,dynamic,Omega_hat_NativeTrace,3936,1
dynamic::deepseek-v4-pro-0813-high::all-arms::Omega_hat_NativeTrace,deepseek-v4-pro-0813-high::codecontests-validation-1569e::inside-loop-state,codecontests-validation-1569e,8c7846a3a40110fa05257b67da8e6f63f945c711305a1df88b97e8d00396db64:b5fabe923ecc6b7534566fbeb72577fd896c2d74b9374afe3bed49a16217cf73:clang-18.1.8-coverage-state-load-v1,deepseek-v4-pro-0813-high,inside-loop-state,all-arms,dynamic,Omega_hat_NativeTrace,14587,1
dynamic::deepseek-v4-pro-0813-high::all-arms::Omega_hat_NativeTrace,deepseek-v4-pro-0813-high::codecontests-validation-1569e::post-loop-state,codecontests-validation-1569e,b6b18517a3e59e80fb145dd8b32144c363e2872690c8f1c80a42a71bbc7adff3:b5fabe923ecc6b7534566fbeb72577fd896c2d74b9374afe3bed49a16217cf73:clang-18.1.8-coverage-state-load-v1,deepseek-v4-pro-0813-high,post-loop-state,all-arms,dynamic,Omega_hat_NativeTrace,4686010,1
dynamic::deepseek-v4-pro-0813-high::all-arms::Omega_hat_NativeTrace,deepseek-v4-pro-0813-high::codecontests-validation-1569e::short-trace-final,codecontests-validation-1569e,d7b30d4383431a38ca1bd0ea4847aec892b939921afb04a5e0975d8dfe5a98c9:479def58965386a05050611157259ef82bfeb49b520e8bff8f6ffde3b23af8a8:clang-18.1.8-coverage-state-load-v1,deepseek-v4-pro-0813-high,short-trace-final,all-arms,dynamic,Omega_hat_NativeTrace,963,1
dynamic::deepseek-v4-pro-0813-high::all-arms::Omega_hat_NativeTrace,deepseek-v4-pro-0813-high::codecontests-validation-1569e::long-trace-final,codecontests-validation-1569e,d7b30d4383431a38ca1bd0ea4847aec892b939921afb04a5e0975d8dfe5a98c9:b5fabe923ecc6b7534566fbeb72577fd896c2d74b9374afe3bed49a16217cf73:clang-18.1.8-coverage-state-load-v1,deepseek-v4-pro-0813-high,long-trace-final,all-arms,dynamic,Omega_hat_NativeTrace,9765064,1
dynamic::deepseek-v4-pro-0813-high::all-arms::Omega_hat_NativeTrace,deepseek-v4-pro-0813-high::codecontests-validation-1569f::long-trace-final,codecontests-validation-1569f,2301e337b5fb3f9549acef3c07f9bd5019e6234c7a2311a7c4f57763e18e5b83:0b0d290fe1c8a4b6c275d3cd68f10e26117cce6a7a535e05cb67a9483c2ca982:clang-18.1.8-coverage-state-load-v1,deepseek-v4-pro-0813-high,long-trace-final,all-arms,dynamic,Omega_hat_NativeTrace,150522,1
dynamic::deepseek-v4-pro-0813-high::all-arms::Omega_hat_NativeTrace,deepseek-v4-pro-0813-high::codecontests-validation-1569f::short-trace-final,codecontests-validation-1569f,2301e337b5fb3f9549acef3c07f9bd5019e6234c7a2311a7c4f57763e18e5b83:26b7657bcd3b796488b0a9677b14cced50fbbf3da549885bc44c2917cf610cff:clang-18.1.8-coverage-state-load-v1,deepseek-v4-pro-0813-high,short-trace-final,all-arms,dynamic,Omega_hat_NativeTrace,9950,1
dynamic::deepseek-v4-pro-0813-high::all-arms::Omega_hat_NativeTrace,deepseek-v4-pro-0813-high::codecontests-validation-1569f::post-loop-state,codecontests-validation-1569f,9b44483ac309757aa4c354b7152a87dcbcef7f14befc99fd5d5420fba2550477:0b0d290fe1c8a4b6c275d3cd68f10e26117cce6a7a535e05cb67a9483c2ca982:clang-18.1.8-coverage-state-load-v1,deepseek-v4-pro-0813-high,post-loop-state,all-arms,dynamic,Omega_hat_NativeTrace,118625,1
dynamic::deepseek-v4-pro-0813-high::all-arms::Omega_hat_NativeTrace,deepseek-v4-pro-0813-high::codecontests-validation-1569f::inside-loop-state,codecontests-validation-1569f,bd6341080b17f11d66607db0012ce4f3cf4107ce205c35c39ff21ea2a4d40857:0b0d290fe1c8a4b6c275d3cd68f10e26117cce6a7a535e05cb67a9483c2ca982:clang-18.1.8-coverage-state-load-v1,deepseek-v4-pro-0813-high,inside-loop-state,all-arms,dynamic,Omega_hat_NativeTrace,118714,1
dynamic::deepseek-v4-pro-0813-high::all-arms::Omega_hat_NativeTrace,deepseek-v4-pro-0813-high::codecontests-validation-1572d::post-loop-state,codecontests-validation-1572d,10b3ea8d407a851cbb94d856638ba9ee3b5658eb0b43ab595c686887ee58e23a:2215213a1789f807060a057e634ddb262a27f09b8292f964f58f42acbe1d0616:clang-18.1.8-coverage-state-load-v1,deepseek-v4-pro-0813-high,post-loop-state,all-arms,dynamic,Omega_hat_NativeTrace,1703,0
dynamic::deepseek-v4-pro-0813-high::all-arms::Omega_hat_NativeTrace,deepseek-v4-pro-0813-high::codecontests-validation-1572d::long-trace-final,codecontests-validation-1572d,4ef728a87836baeb0af64467718c76401006223c75d5b80c74b59eb56b109b72:2215213a1789f807060a057e634ddb262a27f09b8292f964f58f42acbe1d0616:clang-18.1.8-coverage-state-load-v1,deepseek-v4-pro-0813-high,long-trace-final,all-arms,dynamic,Omega_hat_NativeTrace,1887,1
dynamic::deepseek-v4-pro-0813-high::all-arms::Omega_hat_NativeTrace,deepseek-v4-pro-0813-high::codecontests-validation-1572d::short-trace-final,codecontests-validation-1572d,4ef728a87836baeb0af64467718c76401006223c75d5b80c74b59eb56b109b72:eb418658a51efc355a88b1c44df821bcabf17ae92e052c3f3f3790755404491d:clang-18.1.8-coverage-state-load-v1,deepseek-v4-pro-0813-high,short-trace-final,all-arms,dynamic,Omega_hat_NativeTrace,888,1
dynamic::deepseek-v4-pro-0813-high::all-arms::Omega_hat_NativeTrace,deepseek-v4-pro-0813-high::codecontests-validation-1572d::inside-loop-state,codecontests-validation-1572d,e4be3de81a2d2af89166e441b8d5adf8e73d19e2c217707d996b1af00c028ff1:2215213a1789f807060a057e634ddb262a27f09b8292f964f58f42acbe1d0616:clang-18.1.8-coverage-state-load-v1,deepseek-v4-pro-0813-high,inside-loop-state,all-arms,dynamic,Omega_hat_NativeTrace,1793,1
dynamic::deepseek-v4-pro-0813-high::all-arms::Omega_hat_NativeTrace,deepseek-v4-pro-0813-high::codecontests-validation-1572e::post-loop-state,codecontests-validation-1572e,437fad31af4f51960c3b7aff0ceecd6ad236aeccd08417e320d5ef307f021027:ce0eb773178bbc4bdc901ed4555433f201b9cbbd416231d7a0b82b41c1e59270:clang-18.1.8-coverage-state-load-v1,deepseek-v4-pro-0813-high,post-loop-state,all-arms,dynamic,Omega_hat_NativeTrace,1903,1
dynamic::deepseek-v4-pro-0813-high::all-arms::Omega_hat_NativeTrace,deepseek-v4-pro-0813-high::codecontests-validation-1572e::inside-loop-state,codecontests-validation-1572e,a29023c7f4c26bae0b4eef37581882d729a33402e3f2d96d9c4e4e82f216cc0f:ce0eb773178bbc4bdc901ed4555433f201b9cbbd416231d7a0b82b41c1e59270:clang-18.1.8-coverage-state-load-v1,deepseek-v4-pro-0813-high,inside-loop-state,all-arms,dynamic,Omega_hat_NativeTrace,1931,1
dynamic::deepseek-v4-pro-0813-high::all-arms::Omega_hat_NativeTrace,deepseek-v4-pro-0813-high::codecontests-validation-1572e::short-trace-final,codecontests-validation-1572e,c6871efc570f44806a970f43053b081d731f519c2b4a95b2aa54ee53df958fcf:c8391dd8e574d61edf3a7c188f1bce010f51566bb2347b029afb3faa08679767:clang-18.1.8-coverage-state-load-v1,deepseek-v4-pro-0813-high,short-trace-final,all-arms,dynamic,Omega_hat_NativeTrace,17610,1
dynamic::deepseek-v4-pro-0813-high::all-arms::Omega_hat_NativeTrace,deepseek-v4-pro-0813-high::codecontests-validation-1572e::long-trace-final,codecontests-validation-1572e,c6871efc570f44806a970f43053b081d731f519c2b4a95b2aa54ee53df958fcf:ce0eb773178bbc4bdc901ed4555433f201b9cbbd416231d7a0b82b41c1e59270:clang-18.1.8-coverage-state-load-v1,deepseek-v4-pro-0813-high,long-trace-final,all-arms,dynamic,Omega_hat_NativeTrace,94129,1
dynamic::deepseek-v4-pro-0813-high::all-arms::Omega_hat_NativeTrace,deepseek-v4-pro-0813-high::codecontests-validation-1574f::post-loop-state,codecontests-validation-1574f,121cb978200a7d65abf8d20a567bf9a991547f94cb17d49e90c39970b27fb179:03d3d7a8c8364341064965d240bc633999a3624096573e7dd9ff9b2e4332d221:clang-18.1.8-coverage-state-load-v1,deepseek-v4-pro-0813-high,post-loop-state,all-arms,dynamic,Omega_hat_NativeTrace,16200040,0
dynamic::deepseek-v4-pro-0813-high::all-arms::Omega_hat_NativeTrace,deepseek-v4-pro-0813-high::codecontests-validation-1574f::inside-loop-state,codecontests-validation-1574f,54d2aa075790d96b16094d1110b1ff4cc42e649f39b55cf10a14e19f5a25bdd0:03d3d7a8c8364341064965d240bc633999a3624096573e7dd9ff9b2e4332d221:clang-18.1.8-coverage-state-load-v1,deepseek-v4-pro-0813-high,inside-loop-state,all-arms,dynamic,Omega_hat_NativeTrace,8102841,0
dynamic::deepseek-v4-pro-0813-high::all-arms::Omega_hat_NativeTrace,deepseek-v4-pro-0813-high::codecontests-validation-1574f::long-trace-final,codecontests-validation-1574f,7daa73692acaf41812edcde3c45ecdfa6e0c91a99ce6e3557836323cf0386084:03d3d7a8c8364341064965d240bc633999a3624096573e7dd9ff9b2e4332d221:clang-18.1.8-coverage-state-load-v1,deepseek-v4-pro-0813-high,long-trace-final,all-arms,dynamic,Omega_hat_NativeTrace,1513963426,1
dynamic::deepseek-v4-pro-0813-high::all-arms::Omega_hat_NativeTrace,deepseek-v4-pro-0813-high::codecontests-validation-1574f::short-trace-final,codecontests-validation-1574f,7daa73692acaf41812edcde3c45ecdfa6e0c91a99ce6e3557836323cf0386084:a00a4e49bac1dc0515ea109cbef81f6fec9f42207b2ac47d95d4f9fb95859331:clang-18.1.8-coverage-state-load-v1,deepseek-v4-pro-0813-high,short-trace-final,all-arms,dynamic,Omega_hat_NativeTrace,1209,1
dynamic::deepseek-v4-pro-0813-high::all-arms::Omega_hat_StateLoad,deepseek-v4-pro-0813-high::codecontests-test-1580b::post-loop-state,codecontests-test-1580b,651daa060f41dcbf742f65839b776fde4796201d3b99d00773278bba61645417:01bf10bc19e4055efc275e06e8439f42cb308446a927457954f085b1c36f701a:clang-18.1.8-coverage-state-load-v1,deepseek-v4-pro-0813-high,post-loop-state,all-arms,dynamic,Omega_hat_StateLoad,634227280,1
dynamic::deepseek-v4-pro-0813-high::all-arms::Omega_hat_StateLoad,deepseek-v4-pro-0813-high::codecontests-test-1580b::inside-loop-state,codecontests-test-1580b,de821758d705b3efd9657c5b7021e5d724533788eed2c97f5213f6ee05a90127:01bf10bc19e4055efc275e06e8439f42cb308446a927457954f085b1c36f701a:clang-18.1.8-coverage-state-load-v1,deepseek-v4-pro-0813-high,inside-loop-state,all-arms,dynamic,Omega_hat_StateLoad,624486447,1
dynamic::deepseek-v4-pro-0813-high::all-arms::Omega_hat_StateLoad,deepseek-v4-pro-0813-high::codecontests-test-1580b::long-trace-final,codecontests-test-1580b,e49cc24f56c43dda6796ffbf38185eb1f4f689c19e9ec2b7010717fbd33f09cd:01bf10bc19e4055efc275e06e8439f42cb308446a927457954f085b1c36f701a:clang-18.1.8-coverage-state-load-v1,deepseek-v4-pro-0813-high,long-trace-final,all-arms,dynamic,Omega_hat_StateLoad,123221869874820,0
dynamic::deepseek-v4-pro-0813-high::all-arms::Omega_hat_StateLoad,deepseek-v4-pro-0813-high::codecontests-test-1580b::short-trace-final,codecontests-test-1580b,e49cc24f56c43dda6796ffbf38185eb1f4f689c19e9ec2b7010717fbd33f09cd:4badc34556ceafd1c2c4699ce5b2a3bc32594a4b7e29c24a4068f61563022cdc:clang-18.1.8-coverage-state-load-v1,deepseek-v4-pro-0813-high,short-trace-final,all-arms,dynamic,Omega_hat_StateLoad,1334498244,1
dynamic::deepseek-v4-pro-0813-high::all-arms::Omega_hat_StateLoad,deepseek-v4-pro-0813-high::codecontests-test-1580f::short-trace-final,codecontests-test-1580f,14ddc455906166c8cc9ba66260dd1ee85ca6354b865eda03f0f3871dae33ae17:66cad223eb4b52b45ee49a6f14a923756f9c308fb0a2f62f02808d1d2491969e:clang-18.1.8-coverage-state-load-v1,deepseek-v4-pro-0813-high,short-trace-final,all-arms,dynamic,Omega_hat_StateLoad,41166621651798,1
dynamic::deepseek-v4-pro-0813-high::all-arms::Omega_hat_StateLoad,deepseek-v4-pro-0813-high::codecontests-test-1580f::long-trace-final,codecontests-test-1580f,14ddc455906166c8cc9ba66260dd1ee85ca6354b865eda03f0f3871dae33ae17:d72b57384d564b166e605cb1fe15b30202227d8df8021b4e67f0275e92852971:clang-18.1.8-coverage-state-load-v1,deepseek-v4-pro-0813-high,long-trace-final,all-arms,dynamic,Omega_hat_StateLoad,41173337298488,1
dynamic::deepseek-v4-pro-0813-high::all-arms::Omega_hat_StateLoad,deepseek-v4-pro-0813-high::codecontests-test-1580f::post-loop-state,codecontests-test-1580f,8526c634fe8de6d447557c0456ea3013ff50b851688579983204c869ac4dcb57:d72b57384d564b166e605cb1fe15b30202227d8df8021b4e67f0275e92852971:clang-18.1.8-coverage-state-load-v1,deepseek-v4-pro-0813-high,post-loop-state,all-arms,dynamic,Omega_hat_StateLoad,41157233657412,1
dynamic::deepseek-v4-pro-0813-high::all-arms::Omega_hat_StateLoad,deepseek-v4-pro-0813-high::codecontests-test-1580f::inside-loop-state,codecontests-test-1580f,bfcc98152560bffe5dfc4d96ac7ad6087d8a47a1cf596714f45a7366a323508a:d72b57384d564b166e605cb1fe15b30202227d8df8021b4e67f0275e92852971:clang-18.1.8-coverage-state-load-v1,deepseek-v4-pro-0813-high,inside-loop-state,all-arms,dynamic,Omega_hat_StateLoad,41157227775110,1
dynamic::deepseek-v4-pro-0813-high::all-arms::Omega_hat_StateLoad,deepseek-v4-pro-0813-high::codecontests-test-1586f::long-trace-final,codecontests-test-1586f,50fa6366595a53ba7e82bd4bc65563c718c29a2a4b9c1b4e6f80fab5bdeabd90:e7a0a218331b68b73ad7ba079fd54be2a7cd8090a6e96eba3f4ee3001dc1d2dc:clang-18.1.8-coverage-state-load-v1,deepseek-v4-pro-0813-high,long-trace-final,all-arms,dynamic,Omega_hat_StateLoad,44184529715,0
dynamic::deepseek-v4-pro-0813-high::all-arms::Omega_hat_StateLoad,deepseek-v4-pro-0813-high::codecontests-test-1586f::short-trace-final,codecontests-test-1586f,50fa6366595a53ba7e82bd4bc65563c718c29a2a4b9c1b4e6f80fab5bdeabd90:ece3d232c1ca9ef8a80b6fdb1585b8f5cf653b9dd023b0521c8da64db859ffac:clang-18.1.8-coverage-state-load-v1,deepseek-v4-pro-0813-high,short-trace-final,all-arms,dynamic,Omega_hat_StateLoad,145590447,1
dynamic::deepseek-v4-pro-0813-high::all-arms::Omega_hat_StateLoad,deepseek-v4-pro-0813-high::codecontests-test-1586f::inside-loop-state,codecontests-test-1586f,c2fff1ad8c28452ca3e75e2efc59934a22d91572d3cde13bc7c743de6d34b147:e7a0a218331b68b73ad7ba079fd54be2a7cd8090a6e96eba3f4ee3001dc1d2dc:clang-18.1.8-coverage-state-load-v1,deepseek-v4-pro-0813-high,inside-loop-state,all-arms,dynamic,Omega_hat_StateLoad,4453997983,1
dynamic::deepseek-v4-pro-0813-high::all-arms::Omega_hat_StateLoad,deepseek-v4-pro-0813-high::codecontests-test-1586f::post-loop-state,codecontests-test-1586f,cf6f023469c0bb5ffbb00877e5468516893961999aa07f0ecb8ade5ed40b2096:e7a0a218331b68b73ad7ba079fd54be2a7cd8090a6e96eba3f4ee3001dc1d2dc:clang-18.1.8-coverage-state-load-v1,deepseek-v4-pro-0813-high,post-loop-state,all-arms,dynamic,Omega_hat_StateLoad,4459054592,1
dynamic::deepseek-v4-pro-0813-high::all-arms::Omega_hat_StateLoad,deepseek-v4-pro-0813-high::codecontests-test-1598f::short-trace-final,codecontests-test-1598f,c86397161467c48a05a8a1c3b9d9cdc968122973e7759a52edbfee55607a0c48:0c302e793e9db86915c6163fbabb9d0a9976859eb54448cb12f96c3a4ff52328:clang-18.1.8-coverage-state-load-v1,deepseek-v4-pro-0813-high,short-trace-final,all-arms,dynamic,Omega_hat_StateLoad,896,1
dynamic::deepseek-v4-pro-0813-high::all-arms::Omega_hat_StateLoad,deepseek-v4-pro-0813-high::codecontests-test-1598f::long-trace-final,codecontests-test-1598f,c86397161467c48a05a8a1c3b9d9cdc968122973e7759a52edbfee55607a0c48:7035767df0d876ec6a211af258eda3b340f5ba719f1d3c8f30d890596458ed17:clang-18.1.8-coverage-state-load-v1,deepseek-v4-pro-0813-high,long-trace-final,all-arms,dynamic,Omega_hat_StateLoad,98536591,1
dynamic::deepseek-v4-pro-0813-high::all-arms::Omega_hat_StateLoad,deepseek-v4-pro-0813-high::codecontests-test-1598f::post-loop-state,codecontests-test-1598f,cb278e842ab865add5e5b08afeae6d96c07cdcbf64ca0a38de643e3879f68585:7035767df0d876ec6a211af258eda3b340f5ba719f1d3c8f30d890596458ed17:clang-18.1.8-coverage-state-load-v1,deepseek-v4-pro-0813-high,post-loop-state,all-arms,dynamic,Omega_hat_StateLoad,1321625,1
dynamic::deepseek-v4-pro-0813-high::all-arms::Omega_hat_StateLoad,deepseek-v4-pro-0813-high::codecontests-test-1598f::inside-loop-state,codecontests-test-1598f,f41875fa3f7692eefec1a62e67928717fb5e40acf042c603e3120e581750a59b:7035767df0d876ec6a211af258eda3b340f5ba719f1d3c8f30d890596458ed17:clang-18.1.8-coverage-state-load-v1,deepseek-v4-pro-0813-high,inside-loop-state,all-arms,dynamic,Omega_hat_StateLoad,1298913,1
dynamic::deepseek-v4-pro-0813-high::all-arms::Omega_hat_StateLoad,deepseek-v4-pro-0813-high::codecontests-test-1599d::inside-loop-state,codecontests-test-1599d,0a2dad56c9e815f7f708d26c2a62b89ce07f5ea76c71a50f36d86924cf05b943:e4a285c493f93a570627f5a05671eae6a4363f4464831e0f98d5ba3690d0ee67:clang-18.1.8-coverage-state-load-v1,deepseek-v4-pro-0813-high,inside-loop-state,all-arms,dynamic,Omega_hat_StateLoad,11758615723,1
dynamic::deepseek-v4-pro-0813-high::all-arms::Omega_hat_StateLoad,deepseek-v4-pro-0813-high::codecontests-test-1599d::short-trace-final,codecontests-test-1599d,933b32aa65d3b25d1afa06e801f5b72dff619eaf7fc4ac6a4a0270e85d49214c:665093871dbe3de8e75d8a816a8378ca11e9e560947ddf4d94207a1e2173820b:clang-18.1.8-coverage-state-load-v1,deepseek-v4-pro-0813-high,short-trace-final,all-arms,dynamic,Omega_hat_StateLoad,2823867851,1
dynamic::deepseek-v4-pro-0813-high::all-arms::Omega_hat_StateLoad,deepseek-v4-pro-0813-high::codecontests-test-1599d::long-trace-final,codecontests-test-1599d,933b32aa65d3b25d1afa06e801f5b72dff619eaf7fc4ac6a4a0270e85d49214c:e4a285c493f93a570627f5a05671eae6a4363f4464831e0f98d5ba3690d0ee67:clang-18.1.8-coverage-state-load-v1,deepseek-v4-pro-0813-high,long-trace-final,all-arms,dynamic,Omega_hat_StateLoad,12567049367,1
dynamic::deepseek-v4-pro-0813-high::all-arms::Omega_hat_StateLoad,deepseek-v4-pro-0813-high::codecontests-test-1599d::post-loop-state,codecontests-test-1599d,aa9020619d95e0c11306c231f42dc16fbedc1b8833557cfba9a3855ceab5d625:e4a285c493f93a570627f5a05671eae6a4363f4464831e0f98d5ba3690d0ee67:clang-18.1.8-coverage-state-load-v1,deepseek-v4-pro-0813-high,post-loop-state,all-arms,dynamic,Omega_hat_StateLoad,11898690449,1
dynamic::deepseek-v4-pro-0813-high::all-arms::Omega_hat_StateLoad,deepseek-v4-pro-0813-high::codecontests-test-1599j::post-loop-state,codecontests-test-1599j,3435dafe215df6aaa0d67c6cfc947efc0a0e44650fe50967a6ba0b248d4b7fe6:cf6d365ac492de069f119d50091851656ea5679fa08c558d3f071a383b4e0df0:clang-18.1.8-coverage-state-load-v1,deepseek-v4-pro-0813-high,post-loop-state,all-arms,dynamic,Omega_hat_StateLoad,564916,1
dynamic::deepseek-v4-pro-0813-high::all-arms::Omega_hat_StateLoad,deepseek-v4-pro-0813-high::codecontests-test-1599j::short-trace-final,codecontests-test-1599j,ab4e36e90fc02ef9ec4e2ca7dec9cf4caee8e6aaeed78b0ea3ac83c28ac8147c:15a15c047478f3e0e3cab6ed3f632a29e89952fba136b5a78394d1c0ad79c6e5:clang-18.1.8-coverage-state-load-v1,deepseek-v4-pro-0813-high,short-trace-final,all-arms,dynamic,Omega_hat_StateLoad,9170,1
dynamic::deepseek-v4-pro-0813-high::all-arms::Omega_hat_StateLoad,deepseek-v4-pro-0813-high::codecontests-test-1599j::long-trace-final,codecontests-test-1599j,ab4e36e90fc02ef9ec4e2ca7dec9cf4caee8e6aaeed78b0ea3ac83c28ac8147c:cf6d365ac492de069f119d50091851656ea5679fa08c558d3f071a383b4e0df0:clang-18.1.8-coverage-state-load-v1,deepseek-v4-pro-0813-high,long-trace-final,all-arms,dynamic,Omega_hat_StateLoad,12322184,1
dynamic::deepseek-v4-pro-0813-high::all-arms::Omega_hat_StateLoad,deepseek-v4-pro-0813-high::codecontests-test-1599j::inside-loop-state,codecontests-test-1599j,b327432c0b51f79599142f457651ed07c753892f7bc8fc32eae261455a14a8df:cf6d365ac492de069f119d50091851656ea5679fa08c558d3f071a383b4e0df0:clang-18.1.8-coverage-state-load-v1,deepseek-v4-pro-0813-high,inside-loop-state,all-arms,dynamic,Omega_hat_StateLoad,475722,1
dynamic::deepseek-v4-pro-0813-high::all-arms::Omega_hat_StateLoad,deepseek-v4-pro-0813-high::codecontests-test-1603e::long-trace-final,codecontests-test-1603e,d7fe25a19d626e555247a54b1650138c821111d60e20cca5c73ec3112ca1e525:16115f14b1d3589d0841b36fa922b477b58347dad5e3d021df0ae33ab64fa7a6:clang-18.1.8-coverage-state-load-v1,deepseek-v4-pro-0813-high,long-trace-final,all-arms,dynamic,Omega_hat_StateLoad,4501797683908,0
dynamic::deepseek-v4-pro-0813-high::all-arms::Omega_hat_StateLoad,deepseek-v4-pro-0813-high::codecontests-test-1603e::short-trace-final,codecontests-test-1603e,d7fe25a19d626e555247a54b1650138c821111d60e20cca5c73ec3112ca1e525:56128c78d54bd858b1f0a7710cc6ed6c0ee23efbe9034d42dc8ce6339a26f6bf:clang-18.1.8-coverage-state-load-v1,deepseek-v4-pro-0813-high,short-trace-final,all-arms,dynamic,Omega_hat_StateLoad,909408818,1
dynamic::deepseek-v4-pro-0813-high::all-arms::Omega_hat_StateLoad,deepseek-v4-pro-0813-high::codecontests-test-1603e::inside-loop-state,codecontests-test-1603e,f3186b205da6d6dcc9ea29d1c2d2e8b3e694f96a5c55cf87108c065fb309d17d:16115f14b1d3589d0841b36fa922b477b58347dad5e3d021df0ae33ab64fa7a6:clang-18.1.8-coverage-state-load-v1,deepseek-v4-pro-0813-high,inside-loop-state,all-arms,dynamic,Omega_hat_StateLoad,189201355791,1
dynamic::deepseek-v4-pro-0813-high::all-arms::Omega_hat_StateLoad,deepseek-v4-pro-0813-high::codecontests-test-1603e::post-loop-state,codecontests-test-1603e,f412e755c350f9ce1c88cfff52e57c62ae92474f822504d6558ee65de9e4ed4d:16115f14b1d3589d0841b36fa922b477b58347dad5e3d021df0ae33ab64fa7a6:clang-18.1.8-coverage-state-load-v1,deepseek-v4-pro-0813-high,post-loop-state,all-arms,dynamic,Omega_hat_StateLoad,194205315507,1
dynamic::deepseek-v4-pro-0813-high::all-arms::Omega_hat_StateLoad,deepseek-v4-pro-0813-high::codecontests-test-1608e::short-trace-final,codecontests-test-1608e,646dbc65fdea7bc8e3170908e4578902800b470e97d05e2454f0d26884e92df7:a2f5b5c4b5f17740e75fa5913cbf0bcde3191c7cb615765a3dfa89ab90e0e728:clang-18.1.8-coverage-state-load-v1,deepseek-v4-pro-0813-high,short-trace-final,all-arms,dynamic,Omega_hat_StateLoad,62438640242,1
dynamic::deepseek-v4-pro-0813-high::all-arms::Omega_hat_StateLoad,deepseek-v4-pro-0813-high::codecontests-test-1608e::long-trace-final,codecontests-test-1608e,646dbc65fdea7bc8e3170908e4578902800b470e97d05e2454f0d26884e92df7:f55be964bd2cc68afe5b9ad8f942604e10918169e7160750406727f80984c504:clang-18.1.8-coverage-state-load-v1,deepseek-v4-pro-0813-high,long-trace-final,all-arms,dynamic,Omega_hat_StateLoad,405236280252,1
dynamic::deepseek-v4-pro-0813-high::all-arms::Omega_hat_StateLoad,deepseek-v4-pro-0813-high::codecontests-test-1608e::inside-loop-state,codecontests-test-1608e,667c28dbcfd364ae586ae9cd21bf6fd959db38f0147f2a6cb6289ec447eb9a22:f55be964bd2cc68afe5b9ad8f942604e10918169e7160750406727f80984c504:clang-18.1.8-coverage-state-load-v1,deepseek-v4-pro-0813-high,inside-loop-state,all-arms,dynamic,Omega_hat_StateLoad,175461364750,1
dynamic::deepseek-v4-pro-0813-high::all-arms::Omega_hat_StateLoad,deepseek-v4-pro-0813-high::codecontests-test-1608e::post-loop-state,codecontests-test-1608e,b3c2da25bedf53cb9761b05fae26f46e4cf88607b5e31132dd26180b52bbaf2b:f55be964bd2cc68afe5b9ad8f942604e10918169e7160750406727f80984c504:clang-18.1.8-coverage-state-load-v1,deepseek-v4-pro-0813-high,post-loop-state,all-arms,dynamic,Omega_hat_StateLoad,189044239492,0
dynamic::deepseek-v4-pro-0813-high::all-arms::Omega_hat_StateLoad,deepseek-v4-pro-0813-high::codecontests-test-1608f::short-trace-final,codecontests-test-1608f,3b1188cf9f4294e77fd38eb7d8098dfcfb19fbdd0ef6e9a3fe8d63adfeb2abbf:8ad616db4fe9bd467b7ab16879f97c77503d2b22431ce9705293bfe707f20a7f:clang-18.1.8-coverage-state-load-v1,deepseek-v4-pro-0813-high,short-trace-final,all-arms,dynamic,Omega_hat_StateLoad,151484570,1
dynamic::deepseek-v4-pro-0813-high::all-arms::Omega_hat_StateLoad,deepseek-v4-pro-0813-high::codecontests-test-1608f::long-trace-final,codecontests-test-1608f,3b1188cf9f4294e77fd38eb7d8098dfcfb19fbdd0ef6e9a3fe8d63adfeb2abbf:b3e5d9410e92ec6feb64678dbc4fc691cb4660d89a83baf0e0a219123c05b450:clang-18.1.8-coverage-state-load-v1,deepseek-v4-pro-0813-high,long-trace-final,all-arms,dynamic,Omega_hat_StateLoad,54207437289,0
dynamic::deepseek-v4-pro-0813-high::all-arms::Omega_hat_StateLoad,deepseek-v4-pro-0813-high::codecontests-test-1608f::inside-loop-state,codecontests-test-1608f,9864fd100347bbad0e115c788da3250c68253007614da622a5ee02799527370f:b3e5d9410e92ec6feb64678dbc4fc691cb4660d89a83baf0e0a219123c05b450:clang-18.1.8-coverage-state-load-v1,deepseek-v4-pro-0813-high,inside-loop-state,all-arms,dynamic,Omega_hat_StateLoad,20733502691,0
dynamic::deepseek-v4-pro-0813-high::all-arms::Omega_hat_StateLoad,deepseek-v4-pro-0813-high::codecontests-test-1608f::post-loop-state,codecontests-test-1608f,ef77878c7f3b869738b3ff6a4965c679f33909d0914e136f66f6c522b7b20c01:b3e5d9410e92ec6feb64678dbc4fc691cb4660d89a83baf0e0a219123c05b450:clang-18.1.8-coverage-state-load-v1,deepseek-v4-pro-0813-high,post-loop-state,all-arms,dynamic,Omega_hat_StateLoad,20758637829,0
dynamic::deepseek-v4-pro-0813-high::all-arms::Omega_hat_StateLoad,deepseek-v4-pro-0813-high::codecontests-test-1615g::post-loop-state,codecontests-test-1615g,0933389f16bc0f8f1a15f83914fd800b2881de1ed6b02e9104c48207b1cde312:73a6420953313f0860ecac8f963f63bd594f27eacb54f75047c6e7f224445982:clang-18.1.8-coverage-state-load-v1,deepseek-v4-pro-0813-high,post-loop-state,all-arms,dynamic,Omega_hat_StateLoad,6582454,0
dynamic::deepseek-v4-pro-0813-high::all-arms::Omega_hat_StateLoad,deepseek-v4-pro-0813-high::codecontests-test-1615g::inside-loop-state,codecontests-test-1615g,acc1b2cc8cfb5ad702c4fd69f49f49e609d604888c2fc3c44a8fa83a57d3de81:73a6420953313f0860ecac8f963f63bd594f27eacb54f75047c6e7f224445982:clang-18.1.8-coverage-state-load-v1,deepseek-v4-pro-0813-high,inside-loop-state,all-arms,dynamic,Omega_hat_StateLoad,6401288,0
dynamic::deepseek-v4-pro-0813-high::all-arms::Omega_hat_StateLoad,deepseek-v4-pro-0813-high::codecontests-test-1615g::long-trace-final,codecontests-test-1615g,ad373333e07dc4e3b058568facb985af09bac3ef8991907c430b33236999f394:73a6420953313f0860ecac8f963f63bd594f27eacb54f75047c6e7f224445982:clang-18.1.8-coverage-state-load-v1,deepseek-v4-pro-0813-high,long-trace-final,all-arms,dynamic,Omega_hat_StateLoad,2793543,1
dynamic::deepseek-v4-pro-0813-high::all-arms::Omega_hat_StateLoad,deepseek-v4-pro-0813-high::codecontests-test-1615g::short-trace-final,codecontests-test-1615g,ad373333e07dc4e3b058568facb985af09bac3ef8991907c430b33236999f394:8b8d92f6cd116121a9e352a9d6bbbeea5f82cc1c848aaea202eee9901fb39d86:clang-18.1.8-coverage-state-load-v1,deepseek-v4-pro-0813-high,short-trace-final,all-arms,dynamic,Omega_hat_StateLoad,6874,1
dynamic::deepseek-v4-pro-0813-high::all-arms::Omega_hat_StateLoad,deepseek-v4-pro-0813-high::codecontests-test-1615h::post-loop-state,codecontests-test-1615h,6bac151ec0f25226a8145178cf0e367fb811beb86ff6196070e20565c4d00642:76e3b7b1ea299988012bab23cbfde0d8790d1c57e7f0994947beee3f546bc9a5:clang-18.1.8-coverage-state-load-v1,deepseek-v4-pro-0813-high,post-loop-state,all-arms,dynamic,Omega_hat_StateLoad,205469759,1
dynamic::deepseek-v4-pro-0813-high::all-arms::Omega_hat_StateLoad,deepseek-v4-pro-0813-high::codecontests-test-1615h::long-trace-final,codecontests-test-1615h,a71a99b21177af38ad289c00ff979be40a690e727f285153ed3faee690b3a321:76e3b7b1ea299988012bab23cbfde0d8790d1c57e7f0994947beee3f546bc9a5:clang-18.1.8-coverage-state-load-v1,deepseek-v4-pro-0813-high,long-trace-final,all-arms,dynamic,Omega_hat_StateLoad,316956724,1
dynamic::deepseek-v4-pro-0813-high::all-arms::Omega_hat_StateLoad,deepseek-v4-pro-0813-high::codecontests-test-1615h::short-trace-final,codecontests-test-1615h,a71a99b21177af38ad289c00ff979be40a690e727f285153ed3faee690b3a321:7f143eea0a3c840bf12e8184b4972d492f981fbb9a266339cd86299dae1d4413:clang-18.1.8-coverage-state-load-v1,deepseek-v4-pro-0813-high,short-trace-final,all-arms,dynamic,Omega_hat_StateLoad,168597991,1
dynamic::deepseek-v4-pro-0813-high::all-arms::Omega_hat_StateLoad,deepseek-v4-pro-0813-high::codecontests-test-1615h::inside-loop-state,codecontests-test-1615h,bb1f2ab66b584a159dee436bfee61e9740c864d881dce54d93f0220164d96c1a:76e3b7b1ea299988012bab23cbfde0d8790d1c57e7f0994947beee3f546bc9a5:clang-18.1.8-coverage-state-load-v1,deepseek-v4-pro-0813-high,inside-loop-state,all-arms,dynamic,Omega_hat_StateLoad,204519776,0
dynamic::deepseek-v4-pro-0813-high::all-arms::Omega_hat_StateLoad,deepseek-v4-pro-0813-high::codecontests-test-1617e::inside-loop-state,codecontests-test-1617e,395db0129fb099ac1b5af30458379f3c64b2c8e1ba3267544689e9a721e0a1a2:f34973899b03d91dd93fd9ca7bca992fc2b381fea1800c11fc29bf25c01efe97:clang-18.1.8-coverage-state-load-v1,deepseek-v4-pro-0813-high,inside-loop-state,all-arms,dynamic,Omega_hat_StateLoad,274981556,1
dynamic::deepseek-v4-pro-0813-high::all-arms::Omega_hat_StateLoad,deepseek-v4-pro-0813-high::codecontests-test-1617e::post-loop-state,codecontests-test-1617e,a34fa455cb2724c38f9fc74f8d38161dbfbff4a0a0d9c9c94c1bfa734b45a015:f34973899b03d91dd93fd9ca7bca992fc2b381fea1800c11fc29bf25c01efe97:clang-18.1.8-coverage-state-load-v1,deepseek-v4-pro-0813-high,post-loop-state,all-arms,dynamic,Omega_hat_StateLoad,302812024,1
dynamic::deepseek-v4-pro-0813-high::all-arms::Omega_hat_StateLoad,deepseek-v4-pro-0813-high::codecontests-test-1617e::short-trace-final,codecontests-test-1617e,c416bb8d3b25fd4c76bdb6e17ff595707f9479e2af79b63f90090979b8df2512:7a8e064d952789abfdfd6043d44530bd5de0228d7963b1c4a3a194695b246bdd:clang-18.1.8-coverage-state-load-v1,deepseek-v4-pro-0813-high,short-trace-final,all-arms,dynamic,Omega_hat_StateLoad,208350789,1
dynamic::deepseek-v4-pro-0813-high::all-arms::Omega_hat_StateLoad,deepseek-v4-pro-0813-high::codecontests-test-1617e::long-trace-final,codecontests-test-1617e,c416bb8d3b25fd4c76bdb6e17ff595707f9479e2af79b63f90090979b8df2512:f34973899b03d91dd93fd9ca7bca992fc2b381fea1800c11fc29bf25c01efe97:clang-18.1.8-coverage-state-load-v1,deepseek-v4-pro-0813-high,long-trace-final,all-arms,dynamic,Omega_hat_StateLoad,4912863519,1
dynamic::deepseek-v4-pro-0813-high::all-arms::Omega_hat_StateLoad,deepseek-v4-pro-0813-high::codecontests-test-1620g::post-loop-state,codecontests-test-1620g,90b42a3a02b64368871b040777d72a1fae560ae9bae9612e2ab271e58b363cec:d17fc49cd397378f23ba09a1d25ed63dd16e1ca27e2fef716941dab7e3d260e9:clang-18.1.8-coverage-state-load-v1,deepseek-v4-pro-0813-high,post-loop-state,all-arms,dynamic,Omega_hat_StateLoad,10058693310,1
dynamic::deepseek-v4-pro-0813-high::all-arms::Omega_hat_StateLoad,deepseek-v4-pro-0813-high::codecontests-test-1620g::short-trace-final,codecontests-test-1620g,dc5b0364fffb69d059ac406180373038b2947bf8b018c0eb5ad6bdab89607c28:47fdb134316707b54ae926b4ba0b8e2ffa13b01f961ee3bdbd4367e9493f9d43:clang-18.1.8-coverage-state-load-v1,deepseek-v4-pro-0813-high,short-trace-final,all-arms,dynamic,Omega_hat_StateLoad,2156032471,1
dynamic::deepseek-v4-pro-0813-high::all-arms::Omega_hat_StateLoad,deepseek-v4-pro-0813-high::codecontests-test-1620g::long-trace-final,codecontests-test-1620g,dc5b0364fffb69d059ac406180373038b2947bf8b018c0eb5ad6bdab89607c28:d17fc49cd397378f23ba09a1d25ed63dd16e1ca27e2fef716941dab7e3d260e9:clang-18.1.8-coverage-state-load-v1,deepseek-v4-pro-0813-high,long-trace-final,all-arms,dynamic,Omega_hat_StateLoad,48229717663,1
dynamic::deepseek-v4-pro-0813-high::all-arms::Omega_hat_StateLoad,deepseek-v4-pro-0813-high::codecontests-test-1620g::inside-loop-state,codecontests-test-1620g,f68b5d2afda3ef6b63ec68b53e390dc857f47e5bdf2f3f2e1081414a31775f0d:d17fc49cd397378f23ba09a1d25ed63dd16e1ca27e2fef716941dab7e3d260e9:clang-18.1.8-coverage-state-load-v1,deepseek-v4-pro-0813-high,inside-loop-state,all-arms,dynamic,Omega_hat_StateLoad,10033525628,1
dynamic::deepseek-v4-pro-0813-high::all-arms::Omega_hat_StateLoad,deepseek-v4-pro-0813-high::codecontests-validation-1552g::short-trace-final,codecontests-validation-1552g,89b65341f1c6fe3a0a9df0a69ade235027daa7f39d3002954f6f632919791b3f:6575c487ddb8c661ec94ac0aa126db71015d196d35a568acfd62ad87a004ec72:clang-18.1.8-coverage-state-load-v1,deepseek-v4-pro-0813-high,short-trace-final,all-arms,dynamic,Omega_hat_StateLoad,95040,1
dynamic::deepseek-v4-pro-0813-high::all-arms::Omega_hat_StateLoad,deepseek-v4-pro-0813-high::codecontests-validation-1552g::long-trace-final,codecontests-validation-1552g,89b65341f1c6fe3a0a9df0a69ade235027daa7f39d3002954f6f632919791b3f:a23a879e789c630dbbae0133f0eb5577c8e5e3a711d2d32ec6d6c244f930f0a1:clang-18.1.8-coverage-state-load-v1,deepseek-v4-pro-0813-high,long-trace-final,all-arms,dynamic,Omega_hat_StateLoad,351855,1
dynamic::deepseek-v4-pro-0813-high::all-arms::Omega_hat_StateLoad,deepseek-v4-pro-0813-high::codecontests-validation-1552g::post-loop-state,codecontests-validation-1552g,b5f0a9481460f80246bf1a24dda90224f8dc49a793565d9ab27a357e86c4e053:a23a879e789c630dbbae0133f0eb5577c8e5e3a711d2d32ec6d6c244f930f0a1:clang-18.1.8-coverage-state-load-v1,deepseek-v4-pro-0813-high,post-loop-state,all-arms,dynamic,Omega_hat_StateLoad,56528,1
dynamic::deepseek-v4-pro-0813-high::all-arms::Omega_hat_StateLoad,deepseek-v4-pro-0813-high::codecontests-validation-1552g::inside-loop-state,codecontests-validation-1552g,feb96da038972104d010503bb0068d9694d4cebae2d34993c61d2dcd7002c600:a23a879e789c630dbbae0133f0eb5577c8e5e3a711d2d32ec6d6c244f930f0a1:clang-18.1.8-coverage-state-load-v1,deepseek-v4-pro-0813-high,inside-loop-state,all-arms,dynamic,Omega_hat_StateLoad,54746,1
dynamic::deepseek-v4-pro-0813-high::all-arms::Omega_hat_StateLoad,deepseek-v4-pro-0813-high::codecontests-validation-1553h::inside-loop-state,codecontests-validation-1553h,261f2a5460690985d0feaadb3435366c997ed89f15809dc921c0a13726ae899d:37a901c4f91c375e5b2ce915089751f68aa2f80e3a9590fee8edc1247ea80612:clang-18.1.8-coverage-state-load-v1,deepseek-v4-pro-0813-high,inside-loop-state,all-arms,dynamic,Omega_hat_StateLoad,270178,1
dynamic::deepseek-v4-pro-0813-high::all-arms::Omega_hat_StateLoad,deepseek-v4-pro-0813-high::codecontests-validation-1553h::long-trace-final,codecontests-validation-1553h,6e44abb67b8129df7e6c9c2bb7f0603020a46107f0b5aaa85480dcf00b6d8ee5:37a901c4f91c375e5b2ce915089751f68aa2f80e3a9590fee8edc1247ea80612:clang-18.1.8-coverage-state-load-v1,deepseek-v4-pro-0813-high,long-trace-final,all-arms,dynamic,Omega_hat_StateLoad,288995,1
dynamic::deepseek-v4-pro-0813-high::all-arms::Omega_hat_StateLoad,deepseek-v4-pro-0813-high::codecontests-validation-1553h::short-trace-final,codecontests-validation-1553h,6e44abb67b8129df7e6c9c2bb7f0603020a46107f0b5aaa85480dcf00b6d8ee5:4f701d041f6b57b35a63af3be10f040298aa86385ad4da04b1daa6df2663a712:clang-18.1.8-coverage-state-load-v1,deepseek-v4-pro-0813-high,short-trace-final,all-arms,dynamic,Omega_hat_StateLoad,7814,1
dynamic::deepseek-v4-pro-0813-high::all-arms::Omega_hat_StateLoad,deepseek-v4-pro-0813-high::codecontests-validation-1553h::post-loop-state,codecontests-validation-1553h,a0fc871a1b48fb4e584cbafab20aa03968f5864a8503fcc17f35616d670b41fb:37a901c4f91c375e5b2ce915089751f68aa2f80e3a9590fee8edc1247ea80612:clang-18.1.8-coverage-state-load-v1,deepseek-v4-pro-0813-high,post-loop-state,all-arms,dynamic,Omega_hat_StateLoad,275715,1
dynamic::deepseek-v4-pro-0813-high::all-arms::Omega_hat_StateLoad,deepseek-v4-pro-0813-high::codecontests-validation-1556f::inside-loop-state,codecontests-validation-1556f,0e7c6745273acd61e256dc45eed260d91a4acbd2606e470d7a226f83219ed9a3:360f25d334dd3eaa6f292d435c7982dff837d18936d1fefe83699b0b1d6fbc85:clang-18.1.8-coverage-state-load-v1,deepseek-v4-pro-0813-high,inside-loop-state,all-arms,dynamic,Omega_hat_StateLoad,329414216,0
dynamic::deepseek-v4-pro-0813-high::all-arms::Omega_hat_StateLoad,deepseek-v4-pro-0813-high::codecontests-validation-1556f::post-loop-state,codecontests-validation-1556f,355b4d9cf793a850c31de90bbad276f4be650b3ce01e56f464054f85d4c2ec45:360f25d334dd3eaa6f292d435c7982dff837d18936d1fefe83699b0b1d6fbc85:clang-18.1.8-coverage-state-load-v1,deepseek-v4-pro-0813-high,post-loop-state,all-arms,dynamic,Omega_hat_StateLoad,28447327936,0
dynamic::deepseek-v4-pro-0813-high::all-arms::Omega_hat_StateLoad,deepseek-v4-pro-0813-high::codecontests-validation-1556f::long-trace-final,codecontests-validation-1556f,67dbad2177030b263347ba9ff0c3aa5d2e1eb57d456d177fad25eee3f31a9a76:360f25d334dd3eaa6f292d435c7982dff837d18936d1fefe83699b0b1d6fbc85:clang-18.1.8-coverage-state-load-v1,deepseek-v4-pro-0813-high,long-trace-final,all-arms,dynamic,Omega_hat_StateLoad,29408855404,0
dynamic::deepseek-v4-pro-0813-high::all-arms::Omega_hat_StateLoad,deepseek-v4-pro-0813-high::codecontests-validation-1556f::short-trace-final,codecontests-validation-1556f,67dbad2177030b263347ba9ff0c3aa5d2e1eb57d456d177fad25eee3f31a9a76:fdcb27265764b2a73c62380d364aa177b18028a2d6fffe621bac5a23affde265:clang-18.1.8-coverage-state-load-v1,deepseek-v4-pro-0813-high,short-trace-final,all-arms,dynamic,Omega_hat_StateLoad,14256,1
dynamic::deepseek-v4-pro-0813-high::all-arms::Omega_hat_StateLoad,deepseek-v4-pro-0813-high::codecontests-validation-1567f::inside-loop-state,codecontests-validation-1567f,05cf93795d2245abb6f842b4f278fe70746b159f5aba398e285981a3d3ab0415:5ca513ae33f231741e8f5bce074557104f0ac96debe4329731eb41fe859f6fa9:clang-18.1.8-coverage-state-load-v1,deepseek-v4-pro-0813-high,inside-loop-state,all-arms,dynamic,Omega_hat_StateLoad,978954476445,1
dynamic::deepseek-v4-pro-0813-high::all-arms::Omega_hat_StateLoad,deepseek-v4-pro-0813-high::codecontests-validation-1567f::long-trace-final,codecontests-validation-1567f,1d2e0467d959ffad5c713fa10c2142c44b5f542e00ce390504aea6f73e976053:5ca513ae33f231741e8f5bce074557104f0ac96debe4329731eb41fe859f6fa9:clang-18.1.8-coverage-state-load-v1,deepseek-v4-pro-0813-high,long-trace-final,all-arms,dynamic,Omega_hat_StateLoad,981523833176,1
dynamic::deepseek-v4-pro-0813-high::all-arms::Omega_hat_StateLoad,deepseek-v4-pro-0813-high::codecontests-validation-1567f::short-trace-final,codecontests-validation-1567f,1d2e0467d959ffad5c713fa10c2142c44b5f542e00ce390504aea6f73e976053:8ac1f9fa9e2847575b2ced3fd892b2845557a6c485f5fa9413a699b8efbc3ad3:clang-18.1.8-coverage-state-load-v1,deepseek-v4-pro-0813-high,short-trace-final,all-arms,dynamic,Omega_hat_StateLoad,977810827294,1
dynamic::deepseek-v4-pro-0813-high::all-arms::Omega_hat_StateLoad,deepseek-v4-pro-0813-high::codecontests-validation-1567f::post-loop-state,codecontests-validation-1567f,91b04a25af0d8354eca4b22a5c307be7e0d71719c1e56c1036c67f37cec6a7d0:5ca513ae33f231741e8f5bce074557104f0ac96debe4329731eb41fe859f6fa9:clang-18.1.8-coverage-state-load-v1,deepseek-v4-pro-0813-high,post-loop-state,all-arms,dynamic,Omega_hat_StateLoad,978984848378,1
dynamic::deepseek-v4-pro-0813-high::all-arms::Omega_hat_StateLoad,deepseek-v4-pro-0813-high::codecontests-validation-1569e::inside-loop-state,codecontests-validation-1569e,8c7846a3a40110fa05257b67da8e6f63f945c711305a1df88b97e8d00396db64:b5fabe923ecc6b7534566fbeb72577fd896c2d74b9374afe3bed49a16217cf73:clang-18.1.8-coverage-state-load-v1,deepseek-v4-pro-0813-high,inside-loop-state,all-arms,dynamic,Omega_hat_StateLoad,28664383,1
dynamic::deepseek-v4-pro-0813-high::all-arms::Omega_hat_StateLoad,deepseek-v4-pro-0813-high::codecontests-validation-1569e::post-loop-state,codecontests-validation-1569e,b6b18517a3e59e80fb145dd8b32144c363e2872690c8f1c80a42a71bbc7adff3:b5fabe923ecc6b7534566fbeb72577fd896c2d74b9374afe3bed49a16217cf73:clang-18.1.8-coverage-state-load-v1,deepseek-v4-pro-0813-high,post-loop-state,all-arms,dynamic,Omega_hat_StateLoad,314421572899,1
dynamic::deepseek-v4-pro-0813-high::all-arms::Omega_hat_StateLoad,deepseek-v4-pro-0813-high::codecontests-validation-1569e::short-trace-final,codecontests-validation-1569e,d7b30d4383431a38ca1bd0ea4847aec892b939921afb04a5e0975d8dfe5a98c9:479def58965386a05050611157259ef82bfeb49b520e8bff8f6ffde3b23af8a8:clang-18.1.8-coverage-state-load-v1,deepseek-v4-pro-0813-high,short-trace-final,all-arms,dynamic,Omega_hat_StateLoad,2080621,1
dynamic::deepseek-v4-pro-0813-high::all-arms::Omega_hat_StateLoad,deepseek-v4-pro-0813-high::codecontests-validation-1569e::long-trace-final,codecontests-validation-1569e,d7b30d4383431a38ca1bd0ea4847aec892b939921afb04a5e0975d8dfe5a98c9:b5fabe923ecc6b7534566fbeb72577fd896c2d74b9374afe3bed49a16217cf73:clang-18.1.8-coverage-state-load-v1,deepseek-v4-pro-0813-high,long-trace-final,all-arms,dynamic,Omega_hat_StateLoad,1344652839825,1
dynamic::deepseek-v4-pro-0813-high::all-arms::Omega_hat_StateLoad,deepseek-v4-pro-0813-high::codecontests-validation-1569f::long-trace-final,codecontests-validation-1569f,2301e337b5fb3f9549acef3c07f9bd5019e6234c7a2311a7c4f57763e18e5b83:0b0d290fe1c8a4b6c275d3cd68f10e26117cce6a7a535e05cb67a9483c2ca982:clang-18.1.8-coverage-state-load-v1,deepseek-v4-pro-0813-high,long-trace-final,all-arms,dynamic,Omega_hat_StateLoad,31005550097240,1
dynamic::deepseek-v4-pro-0813-high::all-arms::Omega_hat_StateLoad,deepseek-v4-pro-0813-high::codecontests-validation-1569f::short-trace-final,codecontests-validation-1569f,2301e337b5fb3f9549acef3c07f9bd5019e6234c7a2311a7c4f57763e18e5b83:26b7657bcd3b796488b0a9677b14cced50fbbf3da549885bc44c2917cf610cff:clang-18.1.8-coverage-state-load-v1,deepseek-v4-pro-0813-high,short-trace-final,all-arms,dynamic,Omega_hat_StateLoad,30961555303243,1
dynamic::deepseek-v4-pro-0813-high::all-arms::Omega_hat_StateLoad,deepseek-v4-pro-0813-high::codecontests-validation-1569f::post-loop-state,codecontests-validation-1569f,9b44483ac309757aa4c354b7152a87dcbcef7f14befc99fd5d5420fba2550477:0b0d290fe1c8a4b6c275d3cd68f10e26117cce6a7a535e05cb67a9483c2ca982:clang-18.1.8-coverage-state-load-v1,deepseek-v4-pro-0813-high,post-loop-state,all-arms,dynamic,Omega_hat_StateLoad,30965722726988,1
dynamic::deepseek-v4-pro-0813-high::all-arms::Omega_hat_StateLoad,deepseek-v4-pro-0813-high::codecontests-validation-1569f::inside-loop-state,codecontests-validation-1569f,bd6341080b17f11d66607db0012ce4f3cf4107ce205c35c39ff21ea2a4d40857:0b0d290fe1c8a4b6c275d3cd68f10e26117cce6a7a535e05cb67a9483c2ca982:clang-18.1.8-coverage-state-load-v1,deepseek-v4-pro-0813-high,inside-loop-state,all-arms,dynamic,Omega_hat_StateLoad,30965699084189,1
dynamic::deepseek-v4-pro-0813-high::all-arms::Omega_hat_StateLoad,deepseek-v4-pro-0813-high::codecontests-validation-1572d::post-loop-state,codecontests-validation-1572d,10b3ea8d407a851cbb94d856638ba9ee3b5658eb0b43ab595c686887ee58e23a:2215213a1789f807060a057e634ddb262a27f09b8292f964f58f42acbe1d0616:clang-18.1.8-coverage-state-load-v1,deepseek-v4-pro-0813-high,post-loop-state,all-arms,dynamic,Omega_hat_StateLoad,10976962293,0
dynamic::deepseek-v4-pro-0813-high::all-arms::Omega_hat_StateLoad,deepseek-v4-pro-0813-high::codecontests-validation-1572d::long-trace-final,codecontests-validation-1572d,4ef728a87836baeb0af64467718c76401006223c75d5b80c74b59eb56b109b72:2215213a1789f807060a057e634ddb262a27f09b8292f964f58f42acbe1d0616:clang-18.1.8-coverage-state-load-v1,deepseek-v4-pro-0813-high,long-trace-final,all-arms,dynamic,Omega_hat_StateLoad,9933542529,1
dynamic::deepseek-v4-pro-0813-high::all-arms::Omega_hat_StateLoad,deepseek-v4-pro-0813-high::codecontests-validation-1572d::short-trace-final,codecontests-validation-1572d,4ef728a87836baeb0af64467718c76401006223c75d5b80c74b59eb56b109b72:eb418658a51efc355a88b1c44df821bcabf17ae92e052c3f3f3790755404491d:clang-18.1.8-coverage-state-load-v1,deepseek-v4-pro-0813-high,short-trace-final,all-arms,dynamic,Omega_hat_StateLoad,4040733206,1
dynamic::deepseek-v4-pro-0813-high::all-arms::Omega_hat_StateLoad,deepseek-v4-pro-0813-high::codecontests-validation-1572d::inside-loop-state,codecontests-validation-1572d,e4be3de81a2d2af89166e441b8d5adf8e73d19e2c217707d996b1af00c028ff1:2215213a1789f807060a057e634ddb262a27f09b8292f964f58f42acbe1d0616:clang-18.1.8-coverage-state-load-v1,deepseek-v4-pro-0813-high,inside-loop-state,all-arms,dynamic,Omega_hat_StateLoad,10817965812,1
dynamic::deepseek-v4-pro-0813-high::all-arms::Omega_hat_StateLoad,deepseek-v4-pro-0813-high::codecontests-validation-1572e::post-loop-state,codecontests-validation-1572e,437fad31af4f51960c3b7aff0ceecd6ad236aeccd08417e320d5ef307f021027:ce0eb773178bbc4bdc901ed4555433f201b9cbbd416231d7a0b82b41c1e59270:clang-18.1.8-coverage-state-load-v1,deepseek-v4-pro-0813-high,post-loop-state,all-arms,dynamic,Omega_hat_StateLoad,284284662,1
dynamic::deepseek-v4-pro-0813-high::all-arms::Omega_hat_StateLoad,deepseek-v4-pro-0813-high::codecontests-validation-1572e::inside-loop-state,codecontests-validation-1572e,a29023c7f4c26bae0b4eef37581882d729a33402e3f2d96d9c4e4e82f216cc0f:ce0eb773178bbc4bdc901ed4555433f201b9cbbd416231d7a0b82b41c1e59270:clang-18.1.8-coverage-state-load-v1,deepseek-v4-pro-0813-high,inside-loop-state,all-arms,dynamic,Omega_hat_StateLoad,268420712,1
dynamic::deepseek-v4-pro-0813-high::all-arms::Omega_hat_StateLoad,deepseek-v4-pro-0813-high::codecontests-validation-1572e::short-trace-final,codecontests-validation-1572e,c6871efc570f44806a970f43053b081d731f519c2b4a95b2aa54ee53df958fcf:c8391dd8e574d61edf3a7c188f1bce010f51566bb2347b029afb3faa08679767:clang-18.1.8-coverage-state-load-v1,deepseek-v4-pro-0813-high,short-trace-final,all-arms,dynamic,Omega_hat_StateLoad,2943713730,1
dynamic::deepseek-v4-pro-0813-high::all-arms::Omega_hat_StateLoad,deepseek-v4-pro-0813-high::codecontests-validation-1572e::long-trace-final,codecontests-validation-1572e,c6871efc570f44806a970f43053b081d731f519c2b4a95b2aa54ee53df958fcf:ce0eb773178bbc4bdc901ed4555433f201b9cbbd416231d7a0b82b41c1e59270:clang-18.1.8-coverage-state-load-v1,deepseek-v4-pro-0813-high,long-trace-final,all-arms,dynamic,Omega_hat_StateLoad,17161896034,1
dynamic::deepseek-v4-pro-0813-high::all-arms::Omega_hat_StateLoad,deepseek-v4-pro-0813-high::codecontests-validation-1574f::post-loop-state,codecontests-validation-1574f,121cb978200a7d65abf8d20a567bf9a991547f94cb17d49e90c39970b27fb179:03d3d7a8c8364341064965d240bc633999a3624096573e7dd9ff9b2e4332d221:clang-18.1.8-coverage-state-load-v1,deepseek-v4-pro-0813-high,post-loop-state,all-arms,dynamic,Omega_hat_StateLoad,51166072353683,0
dynamic::deepseek-v4-pro-0813-high::all-arms::Omega_hat_StateLoad,deepseek-v4-pro-0813-high::codecontests-validation-1574f::inside-loop-state,codecontests-validation-1574f,54d2aa075790d96b16094d1110b1ff4cc42e649f39b55cf10a14e19f5a25bdd0:03d3d7a8c8364341064965d240bc633999a3624096573e7dd9ff9b2e4332d221:clang-18.1.8-coverage-state-load-v1,deepseek-v4-pro-0813-high,inside-loop-state,all-arms,dynamic,Omega_hat_StateLoad,35511036245914,0
dynamic::deepseek-v4-pro-0813-high::all-arms::Omega_hat_StateLoad,deepseek-v4-pro-0813-high::codecontests-validation-1574f::long-trace-final,codecontests-validation-1574f,7daa73692acaf41812edcde3c45ecdfa6e0c91a99ce6e3557836323cf0386084:03d3d7a8c8364341064965d240bc633999a3624096573e7dd9ff9b2e4332d221:clang-18.1.8-coverage-state-load-v1,deepseek-v4-pro-0813-high,long-trace-final,all-arms,dynamic,Omega_hat_StateLoad,29414118644551660,1
dynamic::deepseek-v4-pro-0813-high::all-arms::Omega_hat_StateLoad,deepseek-v4-pro-0813-high::codecontests-validation-1574f::short-trace-final,codecontests-validation-1574f,7daa73692acaf41812edcde3c45ecdfa6e0c91a99ce6e3557836323cf0386084:a00a4e49bac1dc0515ea109cbef81f6fec9f42207b2ac47d95d4f9fb95859331:clang-18.1.8-coverage-state-load-v1,deepseek-v4-pro-0813-high,short-trace-final,all-arms,dynamic,Omega_hat_StateLoad,228330,1
dynamic::deepseek-v4-pro-0813-high::all-arms::Omega_hat_StateSize,deepseek-v4-pro-0813-high::codecontests-test-1580b::post-loop-state,codecontests-test-1580b,651daa060f41dcbf742f65839b776fde4796201d3b99d00773278bba61645417:01bf10bc19e4055efc275e06e8439f42cb308446a927457954f085b1c36f701a:clang-18.1.8-coverage-state-load-v1,deepseek-v4-pro-0813-high,post-loop-state,all-arms,dynamic,Omega_hat_StateSize,1082352,1
dynamic::deepseek-v4-pro-0813-high::all-arms::Omega_hat_StateSize,deepseek-v4-pro-0813-high::codecontests-test-1580b::inside-loop-state,codecontests-test-1580b,de821758d705b3efd9657c5b7021e5d724533788eed2c97f5213f6ee05a90127:01bf10bc19e4055efc275e06e8439f42cb308446a927457954f085b1c36f701a:clang-18.1.8-coverage-state-load-v1,deepseek-v4-pro-0813-high,inside-loop-state,all-arms,dynamic,Omega_hat_StateSize,1082353,1
dynamic::deepseek-v4-pro-0813-high::all-arms::Omega_hat_StateSize,deepseek-v4-pro-0813-high::codecontests-test-1580b::long-trace-final,codecontests-test-1580b,e49cc24f56c43dda6796ffbf38185eb1f4f689c19e9ec2b7010717fbd33f09cd:01bf10bc19e4055efc275e06e8439f42cb308446a927457954f085b1c36f701a:clang-18.1.8-coverage-state-load-v1,deepseek-v4-pro-0813-high,long-trace-final,all-arms,dynamic,Omega_hat_StateSize,1082455,0
dynamic::deepseek-v4-pro-0813-high::all-arms::Omega_hat_StateSize,deepseek-v4-pro-0813-high::codecontests-test-1580b::short-trace-final,codecontests-test-1580b,e49cc24f56c43dda6796ffbf38185eb1f4f689c19e9ec2b7010717fbd33f09cd:4badc34556ceafd1c2c4699ce5b2a3bc32594a4b7e29c24a4068f61563022cdc:clang-18.1.8-coverage-state-load-v1,deepseek-v4-pro-0813-high,short-trace-final,all-arms,dynamic,Omega_hat_StateSize,1082351,1
dynamic::deepseek-v4-pro-0813-high::all-arms::Omega_hat_StateSize,deepseek-v4-pro-0813-high::codecontests-test-1580f::short-trace-final,codecontests-test-1580f,14ddc455906166c8cc9ba66260dd1ee85ca6354b865eda03f0f3871dae33ae17:66cad223eb4b52b45ee49a6f14a923756f9c308fb0a2f62f02808d1d2491969e:clang-18.1.8-coverage-state-load-v1,deepseek-v4-pro-0813-high,short-trace-final,all-arms,dynamic,Omega_hat_StateSize,840185,1
dynamic::deepseek-v4-pro-0813-high::all-arms::Omega_hat_StateSize,deepseek-v4-pro-0813-high::codecontests-test-1580f::long-trace-final,codecontests-test-1580f,14ddc455906166c8cc9ba66260dd1ee85ca6354b865eda03f0f3871dae33ae17:d72b57384d564b166e605cb1fe15b30202227d8df8021b4e67f0275e92852971:clang-18.1.8-coverage-state-load-v1,deepseek-v4-pro-0813-high,long-trace-final,all-arms,dynamic,Omega_hat_StateSize,840619,1
dynamic::deepseek-v4-pro-0813-high::all-arms::Omega_hat_StateSize,deepseek-v4-pro-0813-high::codecontests-test-1580f::post-loop-state,codecontests-test-1580f,8526c634fe8de6d447557c0456ea3013ff50b851688579983204c869ac4dcb57:d72b57384d564b166e605cb1fe15b30202227d8df8021b4e67f0275e92852971:clang-18.1.8-coverage-state-load-v1,deepseek-v4-pro-0813-high,post-loop-state,all-arms,dynamic,Omega_hat_StateSize,840524,1
dynamic::deepseek-v4-pro-0813-high::all-arms::Omega_hat_StateSize,deepseek-v4-pro-0813-high::codecontests-test-1580f::inside-loop-state,codecontests-test-1580f,bfcc98152560bffe5dfc4d96ac7ad6087d8a47a1cf596714f45a7366a323508a:d72b57384d564b166e605cb1fe15b30202227d8df8021b4e67f0275e92852971:clang-18.1.8-coverage-state-load-v1,deepseek-v4-pro-0813-high,inside-loop-state,all-arms,dynamic,Omega_hat_StateSize,840524,1
dynamic::deepseek-v4-pro-0813-high::all-arms::Omega_hat_StateSize,deepseek-v4-pro-0813-high::codecontests-test-1586f::long-trace-final,codecontests-test-1586f,50fa6366595a53ba7e82bd4bc65563c718c29a2a4b9c1b4e6f80fab5bdeabd90:e7a0a218331b68b73ad7ba079fd54be2a7cd8090a6e96eba3f4ee3001dc1d2dc:clang-18.1.8-coverage-state-load-v1,deepseek-v4-pro-0813-high,long-trace-final,all-arms,dynamic,Omega_hat_StateSize,1011696,0
dynamic::deepseek-v4-pro-0813-high::all-arms::Omega_hat_StateSize,deepseek-v4-pro-0813-high::codecontests-test-1586f::short-trace-final,codecontests-test-1586f,50fa6366595a53ba7e82bd4bc65563c718c29a2a4b9c1b4e6f80fab5bdeabd90:ece3d232c1ca9ef8a80b6fdb1585b8f5cf653b9dd023b0521c8da64db859ffac:clang-18.1.8-coverage-state-load-v1,deepseek-v4-pro-0813-high,short-trace-final,all-arms,dynamic,Omega_hat_StateSize,1011054,1
dynamic::deepseek-v4-pro-0813-high::all-arms::Omega_hat_StateSize,deepseek-v4-pro-0813-high::codecontests-test-1586f::inside-loop-state,codecontests-test-1586f,c2fff1ad8c28452ca3e75e2efc59934a22d91572d3cde13bc7c743de6d34b147:e7a0a218331b68b73ad7ba079fd54be2a7cd8090a6e96eba3f4ee3001dc1d2dc:clang-18.1.8-coverage-state-load-v1,deepseek-v4-pro-0813-high,inside-loop-state,all-arms,dynamic,Omega_hat_StateSize,1011696,1
dynamic::deepseek-v4-pro-0813-high::all-arms::Omega_hat_StateSize,deepseek-v4-pro-0813-high::codecontests-test-1586f::post-loop-state,codecontests-test-1586f,cf6f023469c0bb5ffbb00877e5468516893961999aa07f0ecb8ade5ed40b2096:e7a0a218331b68b73ad7ba079fd54be2a7cd8090a6e96eba3f4ee3001dc1d2dc:clang-18.1.8-coverage-state-load-v1,deepseek-v4-pro-0813-high,post-loop-state,all-arms,dynamic,Omega_hat_StateSize,1011696,1
dynamic::deepseek-v4-pro-0813-high::all-arms::Omega_hat_StateSize,deepseek-v4-pro-0813-high::codecontests-test-1598f::short-trace-final,codecontests-test-1598f,c86397161467c48a05a8a1c3b9d9cdc968122973e7759a52edbfee55607a0c48:0c302e793e9db86915c6163fbabb9d0a9976859eb54448cb12f96c3a4ff52328:clang-18.1.8-coverage-state-load-v1,deepseek-v4-pro-0813-high,short-trace-final,all-arms,dynamic,Omega_hat_StateSize,20,1
dynamic::deepseek-v4-pro-0813-high::all-arms::Omega_hat_StateSize,deepseek-v4-pro-0813-high::codecontests-test-1598f::long-trace-final,codecontests-test-1598f,c86397161467c48a05a8a1c3b9d9cdc968122973e7759a52edbfee55607a0c48:7035767df0d876ec6a211af258eda3b340f5ba719f1d3c8f30d890596458ed17:clang-18.1.8-coverage-state-load-v1,deepseek-v4-pro-0813-high,long-trace-final,all-arms,dynamic,Omega_hat_StateSize,1483,1
dynamic::deepseek-v4-pro-0813-high::all-arms::Omega_hat_StateSize,deepseek-v4-pro-0813-high::codecontests-test-1598f::post-loop-state,codecontests-test-1598f,cb278e842ab865add5e5b08afeae6d96c07cdcbf64ca0a38de643e3879f68585:7035767df0d876ec6a211af258eda3b340f5ba719f1d3c8f30d890596458ed17:clang-18.1.8-coverage-state-load-v1,deepseek-v4-pro-0813-high,post-loop-state,all-arms,dynamic,Omega_hat_StateSize,1199,1
dynamic::deepseek-v4-pro-0813-high::all-arms::Omega_hat_StateSize,deepseek-v4-pro-0813-high::codecontests-test-1598f::inside-loop-state,codecontests-test-1598f,f41875fa3f7692eefec1a62e67928717fb5e40acf042c603e3120e581750a59b:7035767df0d876ec6a211af258eda3b340f5ba719f1d3c8f30d890596458ed17:clang-18.1.8-coverage-state-load-v1,deepseek-v4-pro-0813-high,inside-loop-state,all-arms,dynamic,Omega_hat_StateSize,1199,1
dynamic::deepseek-v4-pro-0813-high::all-arms::Omega_hat_StateSize,deepseek-v4-pro-0813-high::codecontests-test-1599d::inside-loop-state,codecontests-test-1599d,0a2dad56c9e815f7f708d26c2a62b89ce07f5ea76c71a50f36d86924cf05b943:e4a285c493f93a570627f5a05671eae6a4363f4464831e0f98d5ba3690d0ee67:clang-18.1.8-coverage-state-load-v1,deepseek-v4-pro-0813-high,inside-loop-state,all-arms,dynamic,Omega_hat_StateSize,4002178,1
dynamic::deepseek-v4-pro-0813-high::all-arms::Omega_hat_StateSize,deepseek-v4-pro-0813-high::codecontests-test-1599d::short-trace-final,codecontests-test-1599d,933b32aa65d3b25d1afa06e801f5b72dff619eaf7fc4ac6a4a0270e85d49214c:665093871dbe3de8e75d8a816a8378ca11e9e560947ddf4d94207a1e2173820b:clang-18.1.8-coverage-state-load-v1,deepseek-v4-pro-0813-high,short-trace-final,all-arms,dynamic,Omega_hat_StateSize,4002117,1
dynamic::deepseek-v4-pro-0813-high::all-arms::Omega_hat_StateSize,deepseek-v4-pro-0813-high::codecontests-test-1599d::long-trace-final,codecontests-test-1599d,933b32aa65d3b25d1afa06e801f5b72dff619eaf7fc4ac6a4a0270e85d49214c:e4a285c493f93a570627f5a05671eae6a4363f4464831e0f98d5ba3690d0ee67:clang-18.1.8-coverage-state-load-v1,deepseek-v4-pro-0813-high,long-trace-final,all-arms,dynamic,Omega_hat_StateSize,4002178,1
dynamic::deepseek-v4-pro-0813-high::all-arms::Omega_hat_StateSize,deepseek-v4-pro-0813-high::codecontests-test-1599d::post-loop-state,codecontests-test-1599d,aa9020619d95e0c11306c231f42dc16fbedc1b8833557cfba9a3855ceab5d625:e4a285c493f93a570627f5a05671eae6a4363f4464831e0f98d5ba3690d0ee67:clang-18.1.8-coverage-state-load-v1,deepseek-v4-pro-0813-high,post-loop-state,all-arms,dynamic,Omega_hat_StateSize,4002178,1
dynamic::deepseek-v4-pro-0813-high::all-arms::Omega_hat_StateSize,deepseek-v4-pro-0813-high::codecontests-test-1599j::post-loop-state,codecontests-test-1599j,3435dafe215df6aaa0d67c6cfc947efc0a0e44650fe50967a6ba0b248d4b7fe6:cf6d365ac492de069f119d50091851656ea5679fa08c558d3f071a383b4e0df0:clang-18.1.8-coverage-state-load-v1,deepseek-v4-pro-0813-high,post-loop-state,all-arms,dynamic,Omega_hat_StateSize,522,1
dynamic::deepseek-v4-pro-0813-high::all-arms::Omega_hat_StateSize,deepseek-v4-pro-0813-high::codecontests-test-1599j::short-trace-final,codecontests-test-1599j,ab4e36e90fc02ef9ec4e2ca7dec9cf4caee8e6aaeed78b0ea3ac83c28ac8147c:15a15c047478f3e0e3cab6ed3f632a29e89952fba136b5a78394d1c0ad79c6e5:clang-18.1.8-coverage-state-load-v1,deepseek-v4-pro-0813-high,short-trace-final,all-arms,dynamic,Omega_hat_StateSize,70,1
dynamic::deepseek-v4-pro-0813-high::all-arms::Omega_hat_StateSize,deepseek-v4-pro-0813-high::codecontests-test-1599j::long-trace-final,codecontests-test-1599j,ab4e36e90fc02ef9ec4e2ca7dec9cf4caee8e6aaeed78b0ea3ac83c28ac8147c:cf6d365ac492de069f119d50091851656ea5679fa08c558d3f071a383b4e0df0:clang-18.1.8-coverage-state-load-v1,deepseek-v4-pro-0813-high,long-trace-final,all-arms,dynamic,Omega_hat_StateSize,930,1
dynamic::deepseek-v4-pro-0813-high::all-arms::Omega_hat_StateSize,deepseek-v4-pro-0813-high::codecontests-test-1599j::inside-loop-state,codecontests-test-1599j,b327432c0b51f79599142f457651ed07c753892f7bc8fc32eae261455a14a8df:cf6d365ac492de069f119d50091851656ea5679fa08c558d3f071a383b4e0df0:clang-18.1.8-coverage-state-load-v1,deepseek-v4-pro-0813-high,inside-loop-state,all-arms,dynamic,Omega_hat_StateSize,479,1
dynamic::deepseek-v4-pro-0813-high::all-arms::Omega_hat_StateSize,deepseek-v4-pro-0813-high::codecontests-test-1603e::long-trace-final,codecontests-test-1603e,d7fe25a19d626e555247a54b1650138c821111d60e20cca5c73ec3112ca1e525:16115f14b1d3589d0841b36fa922b477b58347dad5e3d021df0ae33ab64fa7a6:clang-18.1.8-coverage-state-load-v1,deepseek-v4-pro-0813-high,long-trace-final,all-arms,dynamic,Omega_hat_StateSize,1478716,0
dynamic::deepseek-v4-pro-0813-high::all-arms::Omega_hat_StateSize,deepseek-v4-pro-0813-high::codecontests-test-1603e::short-trace-final,codecontests-test-1603e,d7fe25a19d626e555247a54b1650138c821111d60e20cca5c73ec3112ca1e525:56128c78d54bd858b1f0a7710cc6ed6c0ee23efbe9034d42dc8ce6339a26f6bf:clang-18.1.8-coverage-state-load-v1,deepseek-v4-pro-0813-high,short-trace-final,all-arms,dynamic,Omega_hat_StateSize,1478716,1
dynamic::deepseek-v4-pro-0813-high::all-arms::Omega_hat_StateSize,deepseek-v4-pro-0813-high::codecontests-test-1603e::inside-loop-state,codecontests-test-1603e,f3186b205da6d6dcc9ea29d1c2d2e8b3e694f96a5c55cf87108c065fb309d17d:16115f14b1d3589d0841b36fa922b477b58347dad5e3d021df0ae33ab64fa7a6:clang-18.1.8-coverage-state-load-v1,deepseek-v4-pro-0813-high,inside-loop-state,all-arms,dynamic,Omega_hat_StateSize,1478716,1
dynamic::deepseek-v4-pro-0813-high::all-arms::Omega_hat_StateSize,deepseek-v4-pro-0813-high::codecontests-test-1603e::post-loop-state,codecontests-test-1603e,f412e755c350f9ce1c88cfff52e57c62ae92474f822504d6558ee65de9e4ed4d:16115f14b1d3589d0841b36fa922b477b58347dad5e3d021df0ae33ab64fa7a6:clang-18.1.8-coverage-state-load-v1,deepseek-v4-pro-0813-high,post-loop-state,all-arms,dynamic,Omega_hat_StateSize,1478716,1
dynamic::deepseek-v4-pro-0813-high::all-arms::Omega_hat_StateSize,deepseek-v4-pro-0813-high::codecontests-test-1608e::short-trace-final,codecontests-test-1608e,646dbc65fdea7bc8e3170908e4578902800b470e97d05e2454f0d26884e92df7:a2f5b5c4b5f17740e75fa5913cbf0bcde3191c7cb615765a3dfa89ab90e0e728:clang-18.1.8-coverage-state-load-v1,deepseek-v4-pro-0813-high,short-trace-final,all-arms,dynamic,Omega_hat_StateSize,25200111,1
dynamic::deepseek-v4-pro-0813-high::all-arms::Omega_hat_StateSize,deepseek-v4-pro-0813-high::codecontests-test-1608e::long-trace-final,codecontests-test-1608e,646dbc65fdea7bc8e3170908e4578902800b470e97d05e2454f0d26884e92df7:f55be964bd2cc68afe5b9ad8f942604e10918169e7160750406727f80984c504:clang-18.1.8-coverage-state-load-v1,deepseek-v4-pro-0813-high,long-trace-final,all-arms,dynamic,Omega_hat_StateSize,25200169,1
dynamic::deepseek-v4-pro-0813-high::all-arms::Omega_hat_StateSize,deepseek-v4-pro-0813-high::codecontests-test-1608e::inside-loop-state,codecontests-test-1608e,667c28dbcfd364ae586ae9cd21bf6fd959db38f0147f2a6cb6289ec447eb9a22:f55be964bd2cc68afe5b9ad8f942604e10918169e7160750406727f80984c504:clang-18.1.8-coverage-state-load-v1,deepseek-v4-pro-0813-high,inside-loop-state,all-arms,dynamic,Omega_hat_StateSize,25200162,1
dynamic::deepseek-v4-pro-0813-high::all-arms::Omega_hat_StateSize,deepseek-v4-pro-0813-high::codecontests-test-1608e::post-loop-state,codecontests-test-1608e,b3c2da25bedf53cb9761b05fae26f46e4cf88607b5e31132dd26180b52bbaf2b:f55be964bd2cc68afe5b9ad8f942604e10918169e7160750406727f80984c504:clang-18.1.8-coverage-state-load-v1,deepseek-v4-pro-0813-high,post-loop-state,all-arms,dynamic,Omega_hat_StateSize,25200162,0
dynamic::deepseek-v4-pro-0813-high::all-arms::Omega_hat_StateSize,deepseek-v4-pro-0813-high::codecontests-test-1608f::short-trace-final,codecontests-test-1608f,3b1188cf9f4294e77fd38eb7d8098dfcfb19fbdd0ef6e9a3fe8d63adfeb2abbf:8ad616db4fe9bd467b7ab16879f97c77503d2b22431ce9705293bfe707f20a7f:clang-18.1.8-coverage-state-load-v1,deepseek-v4-pro-0813-high,short-trace-final,all-arms,dynamic,Omega_hat_StateSize,457776,1
dynamic::deepseek-v4-pro-0813-high::all-arms::Omega_hat_StateSize,deepseek-v4-pro-0813-high::codecontests-test-1608f::long-trace-final,codecontests-test-1608f,3b1188cf9f4294e77fd38eb7d8098dfcfb19fbdd0ef6e9a3fe8d63adfeb2abbf:b3e5d9410e92ec6feb64678dbc4fc691cb4660d89a83baf0e0a219123c05b450:clang-18.1.8-coverage-state-load-v1,deepseek-v4-pro-0813-high,long-trace-final,all-arms,dynamic,Omega_hat_StateSize,457776,0
dynamic::deepseek-v4-pro-0813-high::all-arms::Omega_hat_StateSize,deepseek-v4-pro-0813-high::codecontests-test-1608f::inside-loop-state,codecontests-test-1608f,9864fd100347bbad0e115c788da3250c68253007614da622a5ee02799527370f:b3e5d9410e92ec6feb64678dbc4fc691cb4660d89a83baf0e0a219123c05b450:clang-18.1.8-coverage-state-load-v1,deepseek-v4-pro-0813-high,inside-loop-state,all-arms,dynamic,Omega_hat_StateSize,463089,0
dynamic::deepseek-v4-pro-0813-high::all-arms::Omega_hat_StateSize,deepseek-v4-pro-0813-high::codecontests-test-1608f::post-loop-state,codecontests-test-1608f,ef77878c7f3b869738b3ff6a4965c679f33909d0914e136f66f6c522b7b20c01:b3e5d9410e92ec6feb64678dbc4fc691cb4660d89a83baf0e0a219123c05b450:clang-18.1.8-coverage-state-load-v1,deepseek-v4-pro-0813-high,post-loop-state,all-arms,dynamic,Omega_hat_StateSize,463088,0
dynamic::deepseek-v4-pro-0813-high::all-arms::Omega_hat_StateSize,deepseek-v4-pro-0813-high::codecontests-test-1615g::post-loop-state,codecontests-test-1615g,0933389f16bc0f8f1a15f83914fd800b2881de1ed6b02e9104c48207b1cde312:73a6420953313f0860ecac8f963f63bd594f27eacb54f75047c6e7f224445982:clang-18.1.8-coverage-state-load-v1,deepseek-v4-pro-0813-high,post-loop-state,all-arms,dynamic,Omega_hat_StateSize,1108,0
dynamic::deepseek-v4-pro-0813-high::all-arms::Omega_hat_StateSize,deepseek-v4-pro-0813-high::codecontests-test-1615g::inside-loop-state,codecontests-test-1615g,acc1b2cc8cfb5ad702c4fd69f49f49e609d604888c2fc3c44a8fa83a57d3de81:73a6420953313f0860ecac8f963f63bd594f27eacb54f75047c6e7f224445982:clang-18.1.8-coverage-state-load-v1,deepseek-v4-pro-0813-high,inside-loop-state,all-arms,dynamic,Omega_hat_StateSize,1108,0
dynamic::deepseek-v4-pro-0813-high::all-arms::Omega_hat_StateSize,deepseek-v4-pro-0813-high::codecontests-test-1615g::long-trace-final,codecontests-test-1615g,ad373333e07dc4e3b058568facb985af09bac3ef8991907c430b33236999f394:73a6420953313f0860ecac8f963f63bd594f27eacb54f75047c6e7f224445982:clang-18.1.8-coverage-state-load-v1,deepseek-v4-pro-0813-high,long-trace-final,all-arms,dynamic,Omega_hat_StateSize,1108,1
dynamic::deepseek-v4-pro-0813-high::all-arms::Omega_hat_StateSize,deepseek-v4-pro-0813-high::codecontests-test-1615g::short-trace-final,codecontests-test-1615g,ad373333e07dc4e3b058568facb985af09bac3ef8991907c430b33236999f394:8b8d92f6cd116121a9e352a9d6bbbeea5f82cc1c848aaea202eee9901fb39d86:clang-18.1.8-coverage-state-load-v1,deepseek-v4-pro-0813-high,short-trace-final,all-arms,dynamic,Omega_hat_StateSize,70,1
dynamic::deepseek-v4-pro-0813-high::all-arms::Omega_hat_StateSize,deepseek-v4-pro-0813-high::codecontests-test-1615h::post-loop-state,codecontests-test-1615h,6bac151ec0f25226a8145178cf0e367fb811beb86ff6196070e20565c4d00642:76e3b7b1ea299988012bab23cbfde0d8790d1c57e7f0994947beee3f546bc9a5:clang-18.1.8-coverage-state-load-v1,deepseek-v4-pro-0813-high,post-loop-state,all-arms,dynamic,Omega_hat_StateSize,32763,1
dynamic::deepseek-v4-pro-0813-high::all-arms::Omega_hat_StateSize,deepseek-v4-pro-0813-high::codecontests-test-1615h::long-trace-final,codecontests-test-1615h,a71a99b21177af38ad289c00ff979be40a690e727f285153ed3faee690b3a321:76e3b7b1ea299988012bab23cbfde0d8790d1c57e7f0994947beee3f546bc9a5:clang-18.1.8-coverage-state-load-v1,deepseek-v4-pro-0813-high,long-trace-final,all-arms,dynamic,Omega_hat_StateSize,32835,1
dynamic::deepseek-v4-pro-0813-high::all-arms::Omega_hat_StateSize,deepseek-v4-pro-0813-high::codecontests-test-1615h::short-trace-final,codecontests-test-1615h,a71a99b21177af38ad289c00ff979be40a690e727f285153ed3faee690b3a321:7f143eea0a3c840bf12e8184b4972d492f981fbb9a266339cd86299dae1d4413:clang-18.1.8-coverage-state-load-v1,deepseek-v4-pro-0813-high,short-trace-final,all-arms,dynamic,Omega_hat_StateSize,32724,1
dynamic::deepseek-v4-pro-0813-high::all-arms::Omega_hat_StateSize,deepseek-v4-pro-0813-high::codecontests-test-1615h::inside-loop-state,codecontests-test-1615h,bb1f2ab66b584a159dee436bfee61e9740c864d881dce54d93f0220164d96c1a:76e3b7b1ea299988012bab23cbfde0d8790d1c57e7f0994947beee3f546bc9a5:clang-18.1.8-coverage-state-load-v1,deepseek-v4-pro-0813-high,inside-loop-state,all-arms,dynamic,Omega_hat_StateSize,32763,0
dynamic::deepseek-v4-pro-0813-high::all-arms::Omega_hat_StateSize,deepseek-v4-pro-0813-high::codecontests-test-1617e::inside-loop-state,codecontests-test-1617e,395db0129fb099ac1b5af30458379f3c64b2c8e1ba3267544689e9a721e0a1a2:f34973899b03d91dd93fd9ca7bca992fc2b381fea1800c11fc29bf25c01efe97:clang-18.1.8-coverage-state-load-v1,deepseek-v4-pro-0813-high,inside-loop-state,all-arms,dynamic,Omega_hat_StateSize,200204,1
dynamic::deepseek-v4-pro-0813-high::all-arms::Omega_hat_StateSize,deepseek-v4-pro-0813-high::codecontests-test-1617e::post-loop-state,codecontests-test-1617e,a34fa455cb2724c38f9fc74f8d38161dbfbff4a0a0d9c9c94c1bfa734b45a015:f34973899b03d91dd93fd9ca7bca992fc2b381fea1800c11fc29bf25c01efe97:clang-18.1.8-coverage-state-load-v1,deepseek-v4-pro-0813-high,post-loop-state,all-arms,dynamic,Omega_hat_StateSize,200231,1
dynamic::deepseek-v4-pro-0813-high::all-arms::Omega_hat_StateSize,deepseek-v4-pro-0813-high::codecontests-test-1617e::short-trace-final,codecontests-test-1617e,c416bb8d3b25fd4c76bdb6e17ff595707f9479e2af79b63f90090979b8df2512:7a8e064d952789abfdfd6043d44530bd5de0228d7963b1c4a3a194695b246bdd:clang-18.1.8-coverage-state-load-v1,deepseek-v4-pro-0813-high,short-trace-final,all-arms,dynamic,Omega_hat_StateSize,200424,1
dynamic::deepseek-v4-pro-0813-high::all-arms::Omega_hat_StateSize,deepseek-v4-pro-0813-high::codecontests-test-1617e::long-trace-final,codecontests-test-1617e,c416bb8d3b25fd4c76bdb6e17ff595707f9479e2af79b63f90090979b8df2512:f34973899b03d91dd93fd9ca7bca992fc2b381fea1800c11fc29bf25c01efe97:clang-18.1.8-coverage-state-load-v1,deepseek-v4-pro-0813-high,long-trace-final,all-arms,dynamic,Omega_hat_StateSize,201774,1
dynamic::deepseek-v4-pro-0813-high::all-arms::Omega_hat_StateSize,deepseek-v4-pro-0813-high::codecontests-test-1620g::post-loop-state,codecontests-test-1620g,90b42a3a02b64368871b040777d72a1fae560ae9bae9612e2ab271e58b363cec:d17fc49cd397378f23ba09a1d25ed63dd16e1ca27e2fef716941dab7e3d260e9:clang-18.1.8-coverage-state-load-v1,deepseek-v4-pro-0813-high,post-loop-state,all-arms,dynamic,Omega_hat_StateSize,8389243,1
dynamic::deepseek-v4-pro-0813-high::all-arms::Omega_hat_StateSize,deepseek-v4-pro-0813-high::codecontests-test-1620g::short-trace-final,codecontests-test-1620g,dc5b0364fffb69d059ac406180373038b2947bf8b018c0eb5ad6bdab89607c28:47fdb134316707b54ae926b4ba0b8e2ffa13b01f961ee3bdbd4367e9493f9d43:clang-18.1.8-coverage-state-load-v1,deepseek-v4-pro-0813-high,short-trace-final,all-arms,dynamic,Omega_hat_StateSize,8389238,1
dynamic::deepseek-v4-pro-0813-high::all-arms::Omega_hat_StateSize,deepseek-v4-pro-0813-high::codecontests-test-1620g::long-trace-final,codecontests-test-1620g,dc5b0364fffb69d059ac406180373038b2947bf8b018c0eb5ad6bdab89607c28:d17fc49cd397378f23ba09a1d25ed63dd16e1ca27e2fef716941dab7e3d260e9:clang-18.1.8-coverage-state-load-v1,deepseek-v4-pro-0813-high,long-trace-final,all-arms,dynamic,Omega_hat_StateSize,8389243,1
dynamic::deepseek-v4-pro-0813-high::all-arms::Omega_hat_StateSize,deepseek-v4-pro-0813-high::codecontests-test-1620g::inside-loop-state,codecontests-test-1620g,f68b5d2afda3ef6b63ec68b53e390dc857f47e5bdf2f3f2e1081414a31775f0d:d17fc49cd397378f23ba09a1d25ed63dd16e1ca27e2fef716941dab7e3d260e9:clang-18.1.8-coverage-state-load-v1,deepseek-v4-pro-0813-high,inside-loop-state,all-arms,dynamic,Omega_hat_StateSize,8389243,1
dynamic::deepseek-v4-pro-0813-high::all-arms::Omega_hat_StateSize,deepseek-v4-pro-0813-high::codecontests-validation-1552g::short-trace-final,codecontests-validation-1552g,89b65341f1c6fe3a0a9df0a69ade235027daa7f39d3002954f6f632919791b3f:6575c487ddb8c661ec94ac0aa126db71015d196d35a568acfd62ad87a004ec72:clang-18.1.8-coverage-state-load-v1,deepseek-v4-pro-0813-high,short-trace-final,all-arms,dynamic,Omega_hat_StateSize,239,1
dynamic::deepseek-v4-pro-0813-high::all-arms::Omega_hat_StateSize,deepseek-v4-pro-0813-high::codecontests-validation-1552g::long-trace-final,codecontests-validation-1552g,89b65341f1c6fe3a0a9df0a69ade235027daa7f39d3002954f6f632919791b3f:a23a879e789c630dbbae0133f0eb5577c8e5e3a711d2d32ec6d6c244f930f0a1:clang-18.1.8-coverage-state-load-v1,deepseek-v4-pro-0813-high,long-trace-final,all-arms,dynamic,Omega_hat_StateSize,202,1
dynamic::deepseek-v4-pro-0813-high::all-arms::Omega_hat_StateSize,deepseek-v4-pro-0813-high::codecontests-validation-1552g::post-loop-state,codecontests-validation-1552g,b5f0a9481460f80246bf1a24dda90224f8dc49a793565d9ab27a357e86c4e053:a23a879e789c630dbbae0133f0eb5577c8e5e3a711d2d32ec6d6c244f930f0a1:clang-18.1.8-coverage-state-load-v1,deepseek-v4-pro-0813-high,post-loop-state,all-arms,dynamic,Omega_hat_StateSize,204,1
dynamic::deepseek-v4-pro-0813-high::all-arms::Omega_hat_StateSize,deepseek-v4-pro-0813-high::codecontests-validation-1552g::inside-loop-state,codecontests-validation-1552g,feb96da038972104d010503bb0068d9694d4cebae2d34993c61d2dcd7002c600:a23a879e789c630dbbae0133f0eb5577c8e5e3a711d2d32ec6d6c244f930f0a1:clang-18.1.8-coverage-state-load-v1,deepseek-v4-pro-0813-high,inside-loop-state,all-arms,dynamic,Omega_hat_StateSize,205,1
dynamic::deepseek-v4-pro-0813-high::all-arms::Omega_hat_StateSize,deepseek-v4-pro-0813-high::codecontests-validation-1553h::inside-loop-state,codecontests-validation-1553h,261f2a5460690985d0feaadb3435366c997ed89f15809dc921c0a13726ae899d:37a901c4f91c375e5b2ce915089751f68aa2f80e3a9590fee8edc1247ea80612:clang-18.1.8-coverage-state-load-v1,deepseek-v4-pro-0813-high,inside-loop-state,all-arms,dynamic,Omega_hat_StateSize,212,1
dynamic::deepseek-v4-pro-0813-high::all-arms::Omega_hat_StateSize,deepseek-v4-pro-0813-high::codecontests-validation-1553h::long-trace-final,codecontests-validation-1553h,6e44abb67b8129df7e6c9c2bb7f0603020a46107f0b5aaa85480dcf00b6d8ee5:37a901c4f91c375e5b2ce915089751f68aa2f80e3a9590fee8edc1247ea80612:clang-18.1.8-coverage-state-load-v1,deepseek-v4-pro-0813-high,long-trace-final,all-arms,dynamic,Omega_hat_StateSize,213,1
dynamic::deepseek-v4-pro-0813-high::all-arms::Omega_hat_StateSize,deepseek-v4-pro-0813-high::codecontests-validation-1553h::short-trace-final,codecontests-validation-1553h,6e44abb67b8129df7e6c9c2bb7f0603020a46107f0b5aaa85480dcf00b6d8ee5:4f701d041f6b57b35a63af3be10f040298aa86385ad4da04b1daa6df2663a712:clang-18.1.8-coverage-state-load-v1,deepseek-v4-pro-0813-high,short-trace-final,all-arms,dynamic,Omega_hat_StateSize,42,1
dynamic::deepseek-v4-pro-0813-high::all-arms::Omega_hat_StateSize,deepseek-v4-pro-0813-high::codecontests-validation-1553h::post-loop-state,codecontests-validation-1553h,a0fc871a1b48fb4e584cbafab20aa03968f5864a8503fcc17f35616d670b41fb:37a901c4f91c375e5b2ce915089751f68aa2f80e3a9590fee8edc1247ea80612:clang-18.1.8-coverage-state-load-v1,deepseek-v4-pro-0813-high,post-loop-state,all-arms,dynamic,Omega_hat_StateSize,213,1
dynamic::deepseek-v4-pro-0813-high::all-arms::Omega_hat_StateSize,deepseek-v4-pro-0813-high::codecontests-validation-1556f::inside-loop-state,codecontests-validation-1556f,0e7c6745273acd61e256dc45eed260d91a4acbd2606e470d7a226f83219ed9a3:360f25d334dd3eaa6f292d435c7982dff837d18936d1fefe83699b0b1d6fbc85:clang-18.1.8-coverage-state-load-v1,deepseek-v4-pro-0813-high,inside-loop-state,all-arms,dynamic,Omega_hat_StateSize,3313,0
dynamic::deepseek-v4-pro-0813-high::all-arms::Omega_hat_StateSize,deepseek-v4-pro-0813-high::codecontests-validation-1556f::post-loop-state,codecontests-validation-1556f,355b4d9cf793a850c31de90bbad276f4be650b3ce01e56f464054f85d4c2ec45:360f25d334dd3eaa6f292d435c7982dff837d18936d1fefe83699b0b1d6fbc85:clang-18.1.8-coverage-state-load-v1,deepseek-v4-pro-0813-high,post-loop-state,all-arms,dynamic,Omega_hat_StateSize,3312,0
dynamic::deepseek-v4-pro-0813-high::all-arms::Omega_hat_StateSize,deepseek-v4-pro-0813-high::codecontests-validation-1556f::long-trace-final,codecontests-validation-1556f,67dbad2177030b263347ba9ff0c3aa5d2e1eb57d456d177fad25eee3f31a9a76:360f25d334dd3eaa6f292d435c7982dff837d18936d1fefe83699b0b1d6fbc85:clang-18.1.8-coverage-state-load-v1,deepseek-v4-pro-0813-high,long-trace-final,all-arms,dynamic,Omega_hat_StateSize,2289,0
dynamic::deepseek-v4-pro-0813-high::all-arms::Omega_hat_StateSize,deepseek-v4-pro-0813-high::codecontests-validation-1556f::short-trace-final,codecontests-validation-1556f,67dbad2177030b263347ba9ff0c3aa5d2e1eb57d456d177fad25eee3f31a9a76:fdcb27265764b2a73c62380d364aa177b18028a2d6fffe621bac5a23affde265:clang-18.1.8-coverage-state-load-v1,deepseek-v4-pro-0813-high,short-trace-final,all-arms,dynamic,Omega_hat_StateSize,33,1
dynamic::deepseek-v4-pro-0813-high::all-arms::Omega_hat_StateSize,deepseek-v4-pro-0813-high::codecontests-validation-1567f::inside-loop-state,codecontests-validation-1567f,05cf93795d2245abb6f842b4f278fe70746b159f5aba398e285981a3d3ab0415:5ca513ae33f231741e8f5bce074557104f0ac96debe4329731eb41fe859f6fa9:clang-18.1.8-coverage-state-load-v1,deepseek-v4-pro-0813-high,inside-loop-state,all-arms,dynamic,Omega_hat_StateSize,2041801,1
dynamic::deepseek-v4-pro-0813-high::all-arms::Omega_hat_StateSize,deepseek-v4-pro-0813-high::codecontests-validation-1567f::long-trace-final,codecontests-validation-1567f,1d2e0467d959ffad5c713fa10c2142c44b5f542e00ce390504aea6f73e976053:5ca513ae33f231741e8f5bce074557104f0ac96debe4329731eb41fe859f6fa9:clang-18.1.8-coverage-state-load-v1,deepseek-v4-pro-0813-high,long-trace-final,all-arms,dynamic,Omega_hat_StateSize,2041833,1
dynamic::deepseek-v4-pro-0813-high::all-arms::Omega_hat_StateSize,deepseek-v4-pro-0813-high::codecontests-validation-1567f::short-trace-final,codecontests-validation-1567f,1d2e0467d959ffad5c713fa10c2142c44b5f542e00ce390504aea6f73e976053:8ac1f9fa9e2847575b2ced3fd892b2845557a6c485f5fa9413a699b8efbc3ad3:clang-18.1.8-coverage-state-load-v1,deepseek-v4-pro-0813-high,short-trace-final,all-arms,dynamic,Omega_hat_StateSize,2041765,1
dynamic::deepseek-v4-pro-0813-high::all-arms::Omega_hat_StateSize,deepseek-v4-pro-0813-high::codecontests-validation-1567f::post-loop-state,codecontests-validation-1567f,91b04a25af0d8354eca4b22a5c307be7e0d71719c1e56c1036c67f37cec6a7d0:5ca513ae33f231741e8f5bce074557104f0ac96debe4329731eb41fe859f6fa9:clang-18.1.8-coverage-state-load-v1,deepseek-v4-pro-0813-high,post-loop-state,all-arms,dynamic,Omega_hat_StateSize,2041801,1
dynamic::deepseek-v4-pro-0813-high::all-arms::Omega_hat_StateSize,deepseek-v4-pro-0813-high::codecontests-validation-1569e::inside-loop-state,codecontests-validation-1569e,8c7846a3a40110fa05257b67da8e6f63f945c711305a1df88b97e8d00396db64:b5fabe923ecc6b7534566fbeb72577fd896c2d74b9374afe3bed49a16217cf73:clang-18.1.8-coverage-state-load-v1,deepseek-v4-pro-0813-high,inside-loop-state,all-arms,dynamic,Omega_hat_StateSize,3310,1
dynamic::deepseek-v4-pro-0813-high::all-arms::Omega_hat_StateSize,deepseek-v4-pro-0813-high::codecontests-validation-1569e::post-loop-state,codecontests-validation-1569e,b6b18517a3e59e80fb145dd8b32144c363e2872690c8f1c80a42a71bbc7adff3:b5fabe923ecc6b7534566fbeb72577fd896c2d74b9374afe3bed49a16217cf73:clang-18.1.8-coverage-state-load-v1,deepseek-v4-pro-0813-high,post-loop-state,all-arms,dynamic,Omega_hat_StateSize,199318,1
dynamic::deepseek-v4-pro-0813-high::all-arms::Omega_hat_StateSize,deepseek-v4-pro-0813-high::codecontests-validation-1569e::short-trace-final,codecontests-validation-1569e,d7b30d4383431a38ca1bd0ea4847aec892b939921afb04a5e0975d8dfe5a98c9:479def58965386a05050611157259ef82bfeb49b520e8bff8f6ffde3b23af8a8:clang-18.1.8-coverage-state-load-v1,deepseek-v4-pro-0813-high,short-trace-final,all-arms,dynamic,Omega_hat_StateSize,2796,1
dynamic::deepseek-v4-pro-0813-high::all-arms::Omega_hat_StateSize,deepseek-v4-pro-0813-high::codecontests-validation-1569e::long-trace-final,codecontests-validation-1569e,d7b30d4383431a38ca1bd0ea4847aec892b939921afb04a5e0975d8dfe5a98c9:b5fabe923ecc6b7534566fbeb72577fd896c2d74b9374afe3bed49a16217cf73:clang-18.1.8-coverage-state-load-v1,deepseek-v4-pro-0813-high,long-trace-final,all-arms,dynamic,Omega_hat_StateSize,395926,1
dynamic::deepseek-v4-pro-0813-high::all-arms::Omega_hat_StateSize,deepseek-v4-pro-0813-high::codecontests-validation-1569f::long-trace-final,codecontests-validation-1569f,2301e337b5fb3f9549acef3c07f9bd5019e6234c7a2311a7c4f57763e18e5b83:0b0d290fe1c8a4b6c275d3cd68f10e26117cce6a7a535e05cb67a9483c2ca982:clang-18.1.8-coverage-state-load-v1,deepseek-v4-pro-0813-high,long-trace-final,all-arms,dynamic,Omega_hat_StateSize,8692304,1
dynamic::deepseek-v4-pro-0813-high::all-arms::Omega_hat_StateSize,deepseek-v4-pro-0813-high::codecontests-validation-1569f::short-trace-final,codecontests-validation-1569f,2301e337b5fb3f9549acef3c07f9bd5019e6234c7a2311a7c4f57763e18e5b83:26b7657bcd3b796488b0a9677b14cced50fbbf3da549885bc44c2917cf610cff:clang-18.1.8-coverage-state-load-v1,deepseek-v4-pro-0813-high,short-trace-final,all-arms,dynamic,Omega_hat_StateSize,8692110,1
dynamic::deepseek-v4-pro-0813-high::all-arms::Omega_hat_StateSize,deepseek-v4-pro-0813-high::codecontests-validation-1569f::post-loop-state,codecontests-validation-1569f,9b44483ac309757aa4c354b7152a87dcbcef7f14befc99fd5d5420fba2550477:0b0d290fe1c8a4b6c275d3cd68f10e26117cce6a7a535e05cb67a9483c2ca982:clang-18.1.8-coverage-state-load-v1,deepseek-v4-pro-0813-high,post-loop-state,all-arms,dynamic,Omega_hat_StateSize,8692013,1
dynamic::deepseek-v4-pro-0813-high::all-arms::Omega_hat_StateSize,deepseek-v4-pro-0813-high::codecontests-validation-1569f::inside-loop-state,codecontests-validation-1569f,bd6341080b17f11d66607db0012ce4f3cf4107ce205c35c39ff21ea2a4d40857:0b0d290fe1c8a4b6c275d3cd68f10e26117cce6a7a535e05cb67a9483c2ca982:clang-18.1.8-coverage-state-load-v1,deepseek-v4-pro-0813-high,inside-loop-state,all-arms,dynamic,Omega_hat_StateSize,8692014,1
dynamic::deepseek-v4-pro-0813-high::all-arms::Omega_hat_StateSize,deepseek-v4-pro-0813-high::codecontests-validation-1572d::post-loop-state,codecontests-validation-1572d,10b3ea8d407a851cbb94d856638ba9ee3b5658eb0b43ab595c686887ee58e23a:2215213a1789f807060a057e634ddb262a27f09b8292f964f58f42acbe1d0616:clang-18.1.8-coverage-state-load-v1,deepseek-v4-pro-0813-high,post-loop-state,all-arms,dynamic,Omega_hat_StateSize,9937306,0
dynamic::deepseek-v4-pro-0813-high::all-arms::Omega_hat_StateSize,deepseek-v4-pro-0813-high::codecontests-validation-1572d::long-trace-final,codecontests-validation-1572d,4ef728a87836baeb0af64467718c76401006223c75d5b80c74b59eb56b109b72:2215213a1789f807060a057e634ddb262a27f09b8292f964f58f42acbe1d0616:clang-18.1.8-coverage-state-load-v1,deepseek-v4-pro-0813-high,long-trace-final,all-arms,dynamic,Omega_hat_StateSize,9937295,1
dynamic::deepseek-v4-pro-0813-high::all-arms::Omega_hat_StateSize,deepseek-v4-pro-0813-high::codecontests-validation-1572d::short-trace-final,codecontests-validation-1572d,4ef728a87836baeb0af64467718c76401006223c75d5b80c74b59eb56b109b72:eb418658a51efc355a88b1c44df821bcabf17ae92e052c3f3f3790755404491d:clang-18.1.8-coverage-state-load-v1,deepseek-v4-pro-0813-high,short-trace-final,all-arms,dynamic,Omega_hat_StateSize,9937295,1
dynamic::deepseek-v4-pro-0813-high::all-arms::Omega_hat_StateSize,deepseek-v4-pro-0813-high::codecontests-validation-1572d::inside-loop-state,codecontests-validation-1572d,e4be3de81a2d2af89166e441b8d5adf8e73d19e2c217707d996b1af00c028ff1:2215213a1789f807060a057e634ddb262a27f09b8292f964f58f42acbe1d0616:clang-18.1.8-coverage-state-load-v1,deepseek-v4-pro-0813-high,inside-loop-state,all-arms,dynamic,Omega_hat_StateSize,9937306,1
dynamic::deepseek-v4-pro-0813-high::all-arms::Omega_hat_StateSize,deepseek-v4-pro-0813-high::codecontests-validation-1572e::post-loop-state,codecontests-validation-1572e,437fad31af4f51960c3b7aff0ceecd6ad236aeccd08417e320d5ef307f021027:ce0eb773178bbc4bdc901ed4555433f201b9cbbd416231d7a0b82b41c1e59270:clang-18.1.8-coverage-state-load-v1,deepseek-v4-pro-0813-high,post-loop-state,all-arms,dynamic,Omega_hat_StateSize,126917,1
dynamic::deepseek-v4-pro-0813-high::all-arms::Omega_hat_StateSize,deepseek-v4-pro-0813-high::codecontests-validation-1572e::inside-loop-state,codecontests-validation-1572e,a29023c7f4c26bae0b4eef37581882d729a33402e3f2d96d9c4e4e82f216cc0f:ce0eb773178bbc4bdc901ed4555433f201b9cbbd416231d7a0b82b41c1e59270:clang-18.1.8-coverage-state-load-v1,deepseek-v4-pro-0813-high,inside-loop-state,all-arms,dynamic,Omega_hat_StateSize,126917,1
dynamic::deepseek-v4-pro-0813-high::all-arms::Omega_hat_StateSize,deepseek-v4-pro-0813-high::codecontests-validation-1572e::short-trace-final,codecontests-validation-1572e,c6871efc570f44806a970f43053b081d731f519c2b4a95b2aa54ee53df958fcf:c8391dd8e574d61edf3a7c188f1bce010f51566bb2347b029afb3faa08679767:clang-18.1.8-coverage-state-load-v1,deepseek-v4-pro-0813-high,short-trace-final,all-arms,dynamic,Omega_hat_StateSize,126917,1
dynamic::deepseek-v4-pro-0813-high::all-arms::Omega_hat_StateSize,deepseek-v4-pro-0813-high::codecontests-validation-1572e::long-trace-final,codecontests-validation-1572e,c6871efc570f44806a970f43053b081d731f519c2b4a95b2aa54ee53df958fcf:ce0eb773178bbc4bdc901ed4555433f201b9cbbd416231d7a0b82b41c1e59270:clang-18.1.8-coverage-state-load-v1,deepseek-v4-pro-0813-high,long-trace-final,all-arms,dynamic,Omega_hat_StateSize,126917,1
dynamic::deepseek-v4-pro-0813-high::all-arms::Omega_hat_StateSize,deepseek-v4-pro-0813-high::codecontests-validation-1574f::post-loop-state,codecontests-validation-1574f,121cb978200a7d65abf8d20a567bf9a991547f94cb17d49e90c39970b27fb179:03d3d7a8c8364341064965d240bc633999a3624096573e7dd9ff9b2e4332d221:clang-18.1.8-coverage-state-load-v1,deepseek-v4-pro-0813-high,post-loop-state,all-arms,dynamic,Omega_hat_StateSize,2100035,0
dynamic::deepseek-v4-pro-0813-high::all-arms::Omega_hat_StateSize,deepseek-v4-pro-0813-high::codecontests-validation-1574f::inside-loop-state,codecontests-validation-1574f,54d2aa075790d96b16094d1110b1ff4cc42e649f39b55cf10a14e19f5a25bdd0:03d3d7a8c8364341064965d240bc633999a3624096573e7dd9ff9b2e4332d221:clang-18.1.8-coverage-state-load-v1,deepseek-v4-pro-0813-high,inside-loop-state,all-arms,dynamic,Omega_hat_StateSize,2100036,0
dynamic::deepseek-v4-pro-0813-high::all-arms::Omega_hat_StateSize,deepseek-v4-pro-0813-high::codecontests-validation-1574f::long-trace-final,codecontests-validation-1574f,7daa73692acaf41812edcde3c45ecdfa6e0c91a99ce6e3557836323cf0386084:03d3d7a8c8364341064965d240bc633999a3624096573e7dd9ff9b2e4332d221:clang-18.1.8-coverage-state-load-v1,deepseek-v4-pro-0813-high,long-trace-final,all-arms,dynamic,Omega_hat_StateSize,11912938,1
dynamic::deepseek-v4-pro-0813-high::all-arms::Omega_hat_StateSize,deepseek-v4-pro-0813-high::codecontests-validation-1574f::short-trace-final,codecontests-validation-1574f,7daa73692acaf41812edcde3c45ecdfa6e0c91a99ce6e3557836323cf0386084:a00a4e49bac1dc0515ea109cbef81f6fec9f42207b2ac47d95d4f9fb95859331:clang-18.1.8-coverage-state-load-v1,deepseek-v4-pro-0813-high,short-trace-final,all-arms,dynamic,Omega_hat_StateSize,163,1
dynamic::deepseek-v4-pro-0813-off::all-arms::Omega_hat_NativeTrace,deepseek-v4-pro-0813-off::codecontests-test-1580b::post-loop-state,codecontests-test-1580b,651daa060f41dcbf742f65839b776fde4796201d3b99d00773278bba61645417:01bf10bc19e4055efc275e06e8439f42cb308446a927457954f085b1c36f701a:clang-18.1.8-coverage-state-load-v1,deepseek-v4-pro-0813-off,post-loop-state,all-arms,dynamic,Omega_hat_NativeTrace,753,0
dynamic::deepseek-v4-pro-0813-off::all-arms::Omega_hat_NativeTrace,deepseek-v4-pro-0813-off::codecontests-test-1580b::inside-loop-state,codecontests-test-1580b,de821758d705b3efd9657c5b7021e5d724533788eed2c97f5213f6ee05a90127:01bf10bc19e4055efc275e06e8439f42cb308446a927457954f085b1c36f701a:clang-18.1.8-coverage-state-load-v1,deepseek-v4-pro-0813-off,inside-loop-state,all-arms,dynamic,Omega_hat_NativeTrace,839,0
dynamic::deepseek-v4-pro-0813-off::all-arms::Omega_hat_NativeTrace,deepseek-v4-pro-0813-off::codecontests-test-1580b::long-trace-final,codecontests-test-1580b,e49cc24f56c43dda6796ffbf38185eb1f4f689c19e9ec2b7010717fbd33f09cd:01bf10bc19e4055efc275e06e8439f42cb308446a927457954f085b1c36f701a:clang-18.1.8-coverage-state-load-v1,deepseek-v4-pro-0813-off,long-trace-final,all-arms,dynamic,Omega_hat_NativeTrace,164275450,0
dynamic::deepseek-v4-pro-0813-off::all-arms::Omega_hat_NativeTrace,deepseek-v4-pro-0813-off::codecontests-test-1580b::short-trace-final,codecontests-test-1580b,e49cc24f56c43dda6796ffbf38185eb1f4f689c19e9ec2b7010717fbd33f09cd:4badc34556ceafd1c2c4699ce5b2a3bc32594a4b7e29c24a4068f61563022cdc:clang-18.1.8-coverage-state-load-v1,deepseek-v4-pro-0813-off,short-trace-final,all-arms,dynamic,Omega_hat_NativeTrace,2095,0
dynamic::deepseek-v4-pro-0813-off::all-arms::Omega_hat_NativeTrace,deepseek-v4-pro-0813-off::codecontests-test-1580f::short-trace-final,codecontests-test-1580f,14ddc455906166c8cc9ba66260dd1ee85ca6354b865eda03f0f3871dae33ae17:66cad223eb4b52b45ee49a6f14a923756f9c308fb0a2f62f02808d1d2491969e:clang-18.1.8-coverage-state-load-v1,deepseek-v4-pro-0813-off,short-trace-final,all-arms,dynamic,Omega_hat_NativeTrace,58249376,0
dynamic::deepseek-v4-pro-0813-off::all-arms::Omega_hat_NativeTrace,deepseek-v4-pro-0813-off::codecontests-test-1580f::long-trace-final,codecontests-test-1580f,14ddc455906166c8cc9ba66260dd1ee85ca6354b865eda03f0f3871dae33ae17:d72b57384d564b166e605cb1fe15b30202227d8df8021b4e67f0275e92852971:clang-18.1.8-coverage-state-load-v1,deepseek-v4-pro-0813-off,long-trace-final,all-arms,dynamic,Omega_hat_NativeTrace,58258370,0
dynamic::deepseek-v4-pro-0813-off::all-arms::Omega_hat_NativeTrace,deepseek-v4-pro-0813-off::codecontests-test-1580f::post-loop-state,codecontests-test-1580f,8526c634fe8de6d447557c0456ea3013ff50b851688579983204c869ac4dcb57:d72b57384d564b166e605cb1fe15b30202227d8df8021b4e67f0275e92852971:clang-18.1.8-coverage-state-load-v1,deepseek-v4-pro-0813-off,post-loop-state,all-arms,dynamic,Omega_hat_NativeTrace,58233011,0
dynamic::deepseek-v4-pro-0813-off::all-arms::Omega_hat_NativeTrace,deepseek-v4-pro-0813-off::codecontests-test-1580f::inside-loop-state,codecontests-test-1580f,bfcc98152560bffe5dfc4d96ac7ad6087d8a47a1cf596714f45a7366a323508a:d72b57384d564b166e605cb1fe15b30202227d8df8021b4e67f0275e92852971:clang-18.1.8-coverage-state-load-v1,deepseek-v4-pro-0813-off,inside-loop-state,all-arms,dynamic,Omega_hat_NativeTrace,58233084,0
dynamic::deepseek-v4-pro-0813-off::all-arms::Omega_hat_NativeTrace,deepseek-v4-pro-0813-off::codecontests-test-1586f::long-trace-final,codecontests-test-1586f,50fa6366595a53ba7e82bd4bc65563c718c29a2a4b9c1b4e6f80fab5bdeabd90:e7a0a218331b68b73ad7ba079fd54be2a7cd8090a6e96eba3f4ee3001dc1d2dc:clang-18.1.8-coverage-state-load-v1,deepseek-v4-pro-0813-off,long-trace-final,all-arms,dynamic,Omega_hat_NativeTrace,41386,0
dynamic::deepseek-v4-pro-0813-off::all-arms::Omega_hat_NativeTrace,deepseek-v4-pro-0813-off::codecontests-test-1586f::short-trace-final,codecontests-test-1586f,50fa6366595a53ba7e82bd4bc65563c718c29a2a4b9c1b4e6f80fab5bdeabd90:ece3d232c1ca9ef8a80b6fdb1585b8f5cf653b9dd023b0521c8da64db859ffac:clang-18.1.8-coverage-state-load-v1,deepseek-v4-pro-0813-off,short-trace-final,all-arms,dynamic,Omega_hat_NativeTrace,110,0
dynamic::deepseek-v4-pro-0813-off::all-arms::Omega_hat_NativeTrace,deepseek-v4-pro-0813-off::codecontests-test-1586f::inside-loop-state,codecontests-test-1586f,c2fff1ad8c28452ca3e75e2efc59934a22d91572d3cde13bc7c743de6d34b147:e7a0a218331b68b73ad7ba079fd54be2a7cd8090a6e96eba3f4ee3001dc1d2dc:clang-18.1.8-coverage-state-load-v1,deepseek-v4-pro-0813-off,inside-loop-state,all-arms,dynamic,Omega_hat_NativeTrace,2866,0
dynamic::deepseek-v4-pro-0813-off::all-arms::Omega_hat_NativeTrace,deepseek-v4-pro-0813-off::codecontests-test-1586f::post-loop-state,codecontests-test-1586f,cf6f023469c0bb5ffbb00877e5468516893961999aa07f0ecb8ade5ed40b2096:e7a0a218331b68b73ad7ba079fd54be2a7cd8090a6e96eba3f4ee3001dc1d2dc:clang-18.1.8-coverage-state-load-v1,deepseek-v4-pro-0813-off,post-loop-state,all-arms,dynamic,Omega_hat_NativeTrace,2768,0
dynamic::deepseek-v4-pro-0813-off::all-arms::Omega_hat_NativeTrace,deepseek-v4-pro-0813-off::codecontests-test-1598f::short-trace-final,codecontests-test-1598f,c86397161467c48a05a8a1c3b9d9cdc968122973e7759a52edbfee55607a0c48:0c302e793e9db86915c6163fbabb9d0a9976859eb54448cb12f96c3a4ff52328:clang-18.1.8-coverage-state-load-v1,deepseek-v4-pro-0813-off,short-trace-final,all-arms,dynamic,Omega_hat_NativeTrace,59,0
dynamic::deepseek-v4-pro-0813-off::all-arms::Omega_hat_NativeTrace,deepseek-v4-pro-0813-off::codecontests-test-1598f::long-trace-final,codecontests-test-1598f,c86397161467c48a05a8a1c3b9d9cdc968122973e7759a52edbfee55607a0c48:7035767df0d876ec6a211af258eda3b340f5ba719f1d3c8f30d890596458ed17:clang-18.1.8-coverage-state-load-v1,deepseek-v4-pro-0813-off,long-trace-final,all-arms,dynamic,Omega_hat_NativeTrace,112813,0
dynamic::deepseek-v4-pro-0813-off::all-arms::Omega_hat_NativeTrace,deepseek-v4-pro-0813-off::codecontests-test-1598f::post-loop-state,codecontests-test-1598f,cb278e842ab865add5e5b08afeae6d96c07cdcbf64ca0a38de643e3879f68585:7035767df0d876ec6a211af258eda3b340f5ba719f1d3c8f30d890596458ed17:clang-18.1.8-coverage-state-load-v1,deepseek-v4-pro-0813-off,post-loop-state,all-arms,dynamic,Omega_hat_NativeTrace,1432,0
dynamic::deepseek-v4-pro-0813-off::all-arms::Omega_hat_NativeTrace,deepseek-v4-pro-0813-off::codecontests-test-1598f::inside-loop-state,codecontests-test-1598f,f41875fa3f7692eefec1a62e67928717fb5e40acf042c603e3120e581750a59b:7035767df0d876ec6a211af258eda3b340f5ba719f1d3c8f30d890596458ed17:clang-18.1.8-coverage-state-load-v1,deepseek-v4-pro-0813-off,inside-loop-state,all-arms,dynamic,Omega_hat_NativeTrace,1491,0
dynamic::deepseek-v4-pro-0813-off::all-arms::Omega_hat_NativeTrace,deepseek-v4-pro-0813-off::codecontests-test-1599d::inside-loop-state,codecontests-test-1599d,0a2dad56c9e815f7f708d26c2a62b89ce07f5ea76c71a50f36d86924cf05b943:e4a285c493f93a570627f5a05671eae6a4363f4464831e0f98d5ba3690d0ee67:clang-18.1.8-coverage-state-load-v1,deepseek-v4-pro-0813-off,inside-loop-state,all-arms,dynamic,Omega_hat_NativeTrace,104008,0
dynamic::deepseek-v4-pro-0813-off::all-arms::Omega_hat_NativeTrace,deepseek-v4-pro-0813-off::codecontests-test-1599d::short-trace-final,codecontests-test-1599d,933b32aa65d3b25d1afa06e801f5b72dff619eaf7fc4ac6a4a0270e85d49214c:665093871dbe3de8e75d8a816a8378ca11e9e560947ddf4d94207a1e2173820b:clang-18.1.8-coverage-state-load-v1,deepseek-v4-pro-0813-off,short-trace-final,all-arms,dynamic,Omega_hat_NativeTrace,101190,0
dynamic::deepseek-v4-pro-0813-off::all-arms::Omega_hat_NativeTrace,deepseek-v4-pro-0813-off::codecontests-test-1599d::long-trace-final,codecontests-test-1599d,933b32aa65d3b25d1afa06e801f5b72dff619eaf7fc4ac6a4a0270e85d49214c:e4a285c493f93a570627f5a05671eae6a4363f4464831e0f98d5ba3690d0ee67:clang-18.1.8-coverage-state-load-v1,deepseek-v4-pro-0813-off,long-trace-final,all-arms,dynamic,Omega_hat_NativeTrace,105223,0
dynamic::deepseek-v4-pro-0813-off::all-arms::Omega_hat_NativeTrace,deepseek-v4-pro-0813-off::codecontests-test-1599d::post-loop-state,codecontests-test-1599d,aa9020619d95e0c11306c231f42dc16fbedc1b8833557cfba9a3855ceab5d625:e4a285c493f93a570627f5a05671eae6a4363f4464831e0f98d5ba3690d0ee67:clang-18.1.8-coverage-state-load-v1,deepseek-v4-pro-0813-off,post-loop-state,all-arms,dynamic,Omega_hat_NativeTrace,103972,0
dynamic::deepseek-v4-pro-0813-off::all-arms::Omega_hat_NativeTrace,deepseek-v4-pro-0813-off::codecontests-test-1599j::post-loop-state,codecontests-test-1599j,3435dafe215df6aaa0d67c6cfc947efc0a0e44650fe50967a6ba0b248d4b7fe6:cf6d365ac492de069f119d50091851656ea5679fa08c558d3f071a383b4e0df0:clang-18.1.8-coverage-state-load-v1,deepseek-v4-pro-0813-off,post-loop-state,all-arms,dynamic,Omega_hat_NativeTrace,4930,0
dynamic::deepseek-v4-pro-0813-off::all-arms::Omega_hat_NativeTrace,deepseek-v4-pro-0813-off::codecontests-test-1599j::short-trace-final,codecontests-test-1599j,ab4e36e90fc02ef9ec4e2ca7dec9cf4caee8e6aaeed78b0ea3ac83c28ac8147c:15a15c047478f3e0e3cab6ed3f632a29e89952fba136b5a78394d1c0ad79c6e5:clang-18.1.8-coverage-state-load-v1,deepseek-v4-pro-0813-off,short-trace-final,all-arms,dynamic,Omega_hat_NativeTrace,341,0
dynamic::deepseek-v4-pro-0813-off::all-arms::Omega_hat_NativeTrace,deepseek-v4-pro-0813-off::codecontests-test-1599j::long-trace-final,codecontests-test-1599j,ab4e36e90fc02ef9ec4e2ca7dec9cf4caee8e6aaeed78b0ea3ac83c28ac8147c:cf6d365ac492de069f119d50091851656ea5679fa08c558d3f071a383b4e0df0:clang-18.1.8-coverage-state-load-v1,deepseek-v4-pro-0813-off,long-trace-final,all-arms,dynamic,Omega_hat_NativeTrace,45221,1
dynamic::deepseek-v4-pro-0813-off::all-arms::Omega_hat_NativeTrace,deepseek-v4-pro-0813-off::codecontests-test-1599j::inside-loop-state,codecontests-test-1599j,b327432c0b51f79599142f457651ed07c753892f7bc8fc32eae261455a14a8df:cf6d365ac492de069f119d50091851656ea5679fa08c558d3f071a383b4e0df0:clang-18.1.8-coverage-state-load-v1,deepseek-v4-pro-0813-off,inside-loop-state,all-arms,dynamic,Omega_hat_NativeTrace,4562,0
dynamic::deepseek-v4-pro-0813-off::all-arms::Omega_hat_NativeTrace,deepseek-v4-pro-0813-off::codecontests-test-1603e::long-trace-final,codecontests-test-1603e,d7fe25a19d626e555247a54b1650138c821111d60e20cca5c73ec3112ca1e525:16115f14b1d3589d0841b36fa922b477b58347dad5e3d021df0ae33ab64fa7a6:clang-18.1.8-coverage-state-load-v1,deepseek-v4-pro-0813-off,long-trace-final,all-arms,dynamic,Omega_hat_NativeTrace,20737394,0
dynamic::deepseek-v4-pro-0813-off::all-arms::Omega_hat_NativeTrace,deepseek-v4-pro-0813-off::codecontests-test-1603e::short-trace-final,codecontests-test-1603e,d7fe25a19d626e555247a54b1650138c821111d60e20cca5c73ec3112ca1e525:56128c78d54bd858b1f0a7710cc6ed6c0ee23efbe9034d42dc8ce6339a26f6bf:clang-18.1.8-coverage-state-load-v1,deepseek-v4-pro-0813-off,short-trace-final,all-arms,dynamic,Omega_hat_NativeTrace,2469,0
dynamic::deepseek-v4-pro-0813-off::all-arms::Omega_hat_NativeTrace,deepseek-v4-pro-0813-off::codecontests-test-1603e::inside-loop-state,codecontests-test-1603e,f3186b205da6d6dcc9ea29d1c2d2e8b3e694f96a5c55cf87108c065fb309d17d:16115f14b1d3589d0841b36fa922b477b58347dad5e3d021df0ae33ab64fa7a6:clang-18.1.8-coverage-state-load-v1,deepseek-v4-pro-0813-off,inside-loop-state,all-arms,dynamic,Omega_hat_NativeTrace,3687795,0
dynamic::deepseek-v4-pro-0813-off::all-arms::Omega_hat_NativeTrace,deepseek-v4-pro-0813-off::codecontests-test-1603e::post-loop-state,codecontests-test-1603e,f412e755c350f9ce1c88cfff52e57c62ae92474f822504d6558ee65de9e4ed4d:16115f14b1d3589d0841b36fa922b477b58347dad5e3d021df0ae33ab64fa7a6:clang-18.1.8-coverage-state-load-v1,deepseek-v4-pro-0813-off,post-loop-state,all-arms,dynamic,Omega_hat_NativeTrace,4331747,0
dynamic::deepseek-v4-pro-0813-off::all-arms::Omega_hat_NativeTrace,deepseek-v4-pro-0813-off::codecontests-test-1608e::short-trace-final,codecontests-test-1608e,646dbc65fdea7bc8e3170908e4578902800b470e97d05e2454f0d26884e92df7:a2f5b5c4b5f17740e75fa5913cbf0bcde3191c7cb615765a3dfa89ab90e0e728:clang-18.1.8-coverage-state-load-v1,deepseek-v4-pro-0813-off,short-trace-final,all-arms,dynamic,Omega_hat_NativeTrace,3627,1
dynamic::deepseek-v4-pro-0813-off::all-arms::Omega_hat_NativeTrace,deepseek-v4-pro-0813-off::codecontests-test-1608e::long-trace-final,codecontests-test-1608e,646dbc65fdea7bc8e3170908e4578902800b470e97d05e2454f0d26884e92df7:f55be964bd2cc68afe5b9ad8f942604e10918169e7160750406727f80984c504:clang-18.1.8-coverage-state-load-v1,deepseek-v4-pro-0813-off,long-trace-final,all-arms,dynamic,Omega_hat_NativeTrace,17917,0
dynamic::deepseek-v4-pro-0813-off::all-arms::Omega_hat_NativeTrace,deepseek-v4-pro-0813-off::codecontests-test-1608e::inside-loop-state,codecontests-test-1608e,667c28dbcfd364ae586ae9cd21bf6fd959db38f0147f2a6cb6289ec447eb9a22:f55be964bd2cc68afe5b9ad8f942604e10918169e7160750406727f80984c504:clang-18.1.8-coverage-state-load-v1,deepseek-v4-pro-0813-off,inside-loop-state,all-arms,dynamic,Omega_hat_NativeTrace,7468,0
dynamic::deepseek-v4-pro-0813-off::all-arms::Omega_hat_NativeTrace,deepseek-v4-pro-0813-off::codecontests-test-1608e::post-loop-state,codecontests-test-1608e,b3c2da25bedf53cb9761b05fae26f46e4cf88607b5e31132dd26180b52bbaf2b:f55be964bd2cc68afe5b9ad8f942604e10918169e7160750406727f80984c504:clang-18.1.8-coverage-state-load-v1,deepseek-v4-pro-0813-off,post-loop-state,all-arms,dynamic,Omega_hat_NativeTrace,7931,0
dynamic::deepseek-v4-pro-0813-off::all-arms::Omega_hat_NativeTrace,deepseek-v4-pro-0813-off::codecontests-test-1608f::short-trace-final,codecontests-test-1608f,3b1188cf9f4294e77fd38eb7d8098dfcfb19fbdd0ef6e9a3fe8d63adfeb2abbf:8ad616db4fe9bd467b7ab16879f97c77503d2b22431ce9705293bfe707f20a7f:clang-18.1.8-coverage-state-load-v1,deepseek-v4-pro-0813-off,short-trace-final,all-arms,dynamic,Omega_hat_NativeTrace,1337,0
dynamic::deepseek-v4-pro-0813-off::all-arms::Omega_hat_NativeTrace,deepseek-v4-pro-0813-off::codecontests-test-1608f::long-trace-final,codecontests-test-1608f,3b1188cf9f4294e77fd38eb7d8098dfcfb19fbdd0ef6e9a3fe8d63adfeb2abbf:b3e5d9410e92ec6feb64678dbc4fc691cb4660d89a83baf0e0a219123c05b450:clang-18.1.8-coverage-state-load-v1,deepseek-v4-pro-0813-off,long-trace-final,all-arms,dynamic,Omega_hat_NativeTrace,607758,0
dynamic::deepseek-v4-pro-0813-off::all-arms::Omega_hat_NativeTrace,deepseek-v4-pro-0813-off::codecontests-test-1608f::inside-loop-state,codecontests-test-1608f,9864fd100347bbad0e115c788da3250c68253007614da622a5ee02799527370f:b3e5d9410e92ec6feb64678dbc4fc691cb4660d89a83baf0e0a219123c05b450:clang-18.1.8-coverage-state-load-v1,deepseek-v4-pro-0813-off,inside-loop-state,all-arms,dynamic,Omega_hat_NativeTrace,36748,0
dynamic::deepseek-v4-pro-0813-off::all-arms::Omega_hat_NativeTrace,deepseek-v4-pro-0813-off::codecontests-test-1608f::post-loop-state,codecontests-test-1608f,ef77878c7f3b869738b3ff6a4965c679f33909d0914e136f66f6c522b7b20c01:b3e5d9410e92ec6feb64678dbc4fc691cb4660d89a83baf0e0a219123c05b450:clang-18.1.8-coverage-state-load-v1,deepseek-v4-pro-0813-off,post-loop-state,all-arms,dynamic,Omega_hat_NativeTrace,36955,0
dynamic::deepseek-v4-pro-0813-off::all-arms::Omega_hat_NativeTrace,deepseek-v4-pro-0813-off::codecontests-test-1615g::post-loop-state,codecontests-test-1615g,0933389f16bc0f8f1a15f83914fd800b2881de1ed6b02e9104c48207b1cde312:73a6420953313f0860ecac8f963f63bd594f27eacb54f75047c6e7f224445982:clang-18.1.8-coverage-state-load-v1,deepseek-v4-pro-0813-off,post-loop-state,all-arms,dynamic,Omega_hat_NativeTrace,6693,0
dynamic::deepseek-v4-pro-0813-off::all-arms::Omega_hat_NativeTrace,deepseek-v4-pro-0813-off::codecontests-test-1615g::inside-loop-state,codecontests-test-1615g,acc1b2cc8cfb5ad702c4fd69f49f49e609d604888c2fc3c44a8fa83a57d3de81:73a6420953313f0860ecac8f963f63bd594f27eacb54f75047c6e7f224445982:clang-18.1.8-coverage-state-load-v1,deepseek-v4-pro-0813-off,inside-loop-state,all-arms,dynamic,Omega_hat_NativeTrace,6517,0
dynamic::deepseek-v4-pro-0813-off::all-arms::Omega_hat_NativeTrace,deepseek-v4-pro-0813-off::codecontests-test-1615g::long-trace-final,codecontests-test-1615g,ad373333e07dc4e3b058568facb985af09bac3ef8991907c430b33236999f394:73a6420953313f0860ecac8f963f63bd594f27eacb54f75047c6e7f224445982:clang-18.1.8-coverage-state-load-v1,deepseek-v4-pro-0813-off,long-trace-final,all-arms,dynamic,Omega_hat_NativeTrace,5325,0
dynamic::deepseek-v4-pro-0813-off::all-arms::Omega_hat_NativeTrace,deepseek-v4-pro-0813-off::codecontests-test-1615g::short-trace-final,codecontests-test-1615g,ad373333e07dc4e3b058568facb985af09bac3ef8991907c430b33236999f394:8b8d92f6cd116121a9e352a9d6bbbeea5f82cc1c848aaea202eee9901fb39d86:clang-18.1.8-coverage-state-load-v1,deepseek-v4-pro-0813-off,short-trace-final,all-arms,dynamic,Omega_hat_NativeTrace,194,1
dynamic::deepseek-v4-pro-0813-off::all-arms::Omega_hat_NativeTrace,deepseek-v4-pro-0813-off::codecontests-test-1615h::post-loop-state,codecontests-test-1615h,6bac151ec0f25226a8145178cf0e367fb811beb86ff6196070e20565c4d00642:76e3b7b1ea299988012bab23cbfde0d8790d1c57e7f0994947beee3f546bc9a5:clang-18.1.8-coverage-state-load-v1,deepseek-v4-pro-0813-off,post-loop-state,all-arms,dynamic,Omega_hat_NativeTrace,8891,0
dynamic::deepseek-v4-pro-0813-off::all-arms::Omega_hat_NativeTrace,deepseek-v4-pro-0813-off::codecontests-test-1615h::long-trace-final,codecontests-test-1615h,a71a99b21177af38ad289c00ff979be40a690e727f285153ed3faee690b3a321:76e3b7b1ea299988012bab23cbfde0d8790d1c57e7f0994947beee3f546bc9a5:clang-18.1.8-coverage-state-load-v1,deepseek-v4-pro-0813-off,long-trace-final,all-arms,dynamic,Omega_hat_NativeTrace,15049,0
dynamic::deepseek-v4-pro-0813-off::all-arms::Omega_hat_NativeTrace,deepseek-v4-pro-0813-off::codecontests-test-1615h::short-trace-final,codecontests-test-1615h,a71a99b21177af38ad289c00ff979be40a690e727f285153ed3faee690b3a321:7f143eea0a3c840bf12e8184b4972d492f981fbb9a266339cd86299dae1d4413:clang-18.1.8-coverage-state-load-v1,deepseek-v4-pro-0813-off,short-trace-final,all-arms,dynamic,Omega_hat_NativeTrace,5714,0
dynamic::deepseek-v4-pro-0813-off::all-arms::Omega_hat_NativeTrace,deepseek-v4-pro-0813-off::codecontests-test-1615h::inside-loop-state,codecontests-test-1615h,bb1f2ab66b584a159dee436bfee61e9740c864d881dce54d93f0220164d96c1a:76e3b7b1ea299988012bab23cbfde0d8790d1c57e7f0994947beee3f546bc9a5:clang-18.1.8-coverage-state-load-v1,deepseek-v4-pro-0813-off,inside-loop-state,all-arms,dynamic,Omega_hat_NativeTrace,8943,0
dynamic::deepseek-v4-pro-0813-off::all-arms::Omega_hat_NativeTrace,deepseek-v4-pro-0813-off::codecontests-test-1617e::inside-loop-state,codecontests-test-1617e,395db0129fb099ac1b5af30458379f3c64b2c8e1ba3267544689e9a721e0a1a2:f34973899b03d91dd93fd9ca7bca992fc2b381fea1800c11fc29bf25c01efe97:clang-18.1.8-coverage-state-load-v1,deepseek-v4-pro-0813-off,inside-loop-state,all-arms,dynamic,Omega_hat_NativeTrace,3086,0
dynamic::deepseek-v4-pro-0813-off::all-arms::Omega_hat_NativeTrace,deepseek-v4-pro-0813-off::codecontests-test-1617e::post-loop-state,codecontests-test-1617e,a34fa455cb2724c38f9fc74f8d38161dbfbff4a0a0d9c9c94c1bfa734b45a015:f34973899b03d91dd93fd9ca7bca992fc2b381fea1800c11fc29bf25c01efe97:clang-18.1.8-coverage-state-load-v1,deepseek-v4-pro-0813-off,post-loop-state,all-arms,dynamic,Omega_hat_NativeTrace,3349,0
dynamic::deepseek-v4-pro-0813-off::all-arms::Omega_hat_NativeTrace,deepseek-v4-pro-0813-off::codecontests-test-1617e::short-trace-final,codecontests-test-1617e,c416bb8d3b25fd4c76bdb6e17ff595707f9479e2af79b63f90090979b8df2512:7a8e064d952789abfdfd6043d44530bd5de0228d7963b1c4a3a194695b246bdd:clang-18.1.8-coverage-state-load-v1,deepseek-v4-pro-0813-off,short-trace-final,all-arms,dynamic,Omega_hat_NativeTrace,2124,0
dynamic::deepseek-v4-pro-0813-off::all-arms::Omega_hat_NativeTrace,deepseek-v4-pro-0813-off::codecontests-test-1617e::long-trace-final,codecontests-test-1617e,c416bb8d3b25fd4c76bdb6e17ff595707f9479e2af79b63f90090979b8df2512:f34973899b03d91dd93fd9ca7bca992fc2b381fea1800c11fc29bf25c01efe97:clang-18.1.8-coverage-state-load-v1,deepseek-v4-pro-0813-off,long-trace-final,all-arms,dynamic,Omega_hat_NativeTrace,50271,0
dynamic::deepseek-v4-pro-0813-off::all-arms::Omega_hat_NativeTrace,deepseek-v4-pro-0813-off::codecontests-test-1620g::post-loop-state,codecontests-test-1620g,90b42a3a02b64368871b040777d72a1fae560ae9bae9612e2ab271e58b363cec:d17fc49cd397378f23ba09a1d25ed63dd16e1ca27e2fef716941dab7e3d260e9:clang-18.1.8-coverage-state-load-v1,deepseek-v4-pro-0813-off,post-loop-state,all-arms,dynamic,Omega_hat_NativeTrace,6476,0
dynamic::deepseek-v4-pro-0813-off::all-arms::Omega_hat_NativeTrace,deepseek-v4-pro-0813-off::codecontests-test-1620g::short-trace-final,codecontests-test-1620g,dc5b0364fffb69d059ac406180373038b2947bf8b018c0eb5ad6bdab89607c28:47fdb134316707b54ae926b4ba0b8e2ffa13b01f961ee3bdbd4367e9493f9d43:clang-18.1.8-coverage-state-load-v1,deepseek-v4-pro-0813-off,short-trace-final,all-arms,dynamic,Omega_hat_NativeTrace,1031,0
dynamic::deepseek-v4-pro-0813-off::all-arms::Omega_hat_NativeTrace,deepseek-v4-pro-0813-off::codecontests-test-1620g::long-trace-final,codecontests-test-1620g,dc5b0364fffb69d059ac406180373038b2947bf8b018c0eb5ad6bdab89607c28:d17fc49cd397378f23ba09a1d25ed63dd16e1ca27e2fef716941dab7e3d260e9:clang-18.1.8-coverage-state-load-v1,deepseek-v4-pro-0813-off,long-trace-final,all-arms,dynamic,Omega_hat_NativeTrace,32711,0
dynamic::deepseek-v4-pro-0813-off::all-arms::Omega_hat_NativeTrace,deepseek-v4-pro-0813-off::codecontests-test-1620g::inside-loop-state,codecontests-test-1620g,f68b5d2afda3ef6b63ec68b53e390dc857f47e5bdf2f3f2e1081414a31775f0d:d17fc49cd397378f23ba09a1d25ed63dd16e1ca27e2fef716941dab7e3d260e9:clang-18.1.8-coverage-state-load-v1,deepseek-v4-pro-0813-off,inside-loop-state,all-arms,dynamic,Omega_hat_NativeTrace,6489,0
dynamic::deepseek-v4-pro-0813-off::all-arms::Omega_hat_NativeTrace,deepseek-v4-pro-0813-off::codecontests-validation-1552g::short-trace-final,codecontests-validation-1552g,89b65341f1c6fe3a0a9df0a69ade235027daa7f39d3002954f6f632919791b3f:6575c487ddb8c661ec94ac0aa126db71015d196d35a568acfd62ad87a004ec72:clang-18.1.8-coverage-state-load-v1,deepseek-v4-pro-0813-off,short-trace-final,all-arms,dynamic,Omega_hat_NativeTrace,473,1
dynamic::deepseek-v4-pro-0813-off::all-arms::Omega_hat_NativeTrace,deepseek-v4-pro-0813-off::codecontests-validation-1552g::long-trace-final,codecontests-validation-1552g,89b65341f1c6fe3a0a9df0a69ade235027daa7f39d3002954f6f632919791b3f:a23a879e789c630dbbae0133f0eb5577c8e5e3a711d2d32ec6d6c244f930f0a1:clang-18.1.8-coverage-state-load-v1,deepseek-v4-pro-0813-off,long-trace-final,all-arms,dynamic,Omega_hat_NativeTrace,2634,1
dynamic::deepseek-v4-pro-0813-off::all-arms::Omega_hat_NativeTrace,deepseek-v4-pro-0813-off::codecontests-validation-1552g::post-loop-state,codecontests-validation-1552g,b5f0a9481460f80246bf1a24dda90224f8dc49a793565d9ab27a357e86c4e053:a23a879e789c630dbbae0133f0eb5577c8e5e3a711d2d32ec6d6c244f930f0a1:clang-18.1.8-coverage-state-load-v1,deepseek-v4-pro-0813-off,post-loop-state,all-arms,dynamic,Omega_hat_NativeTrace,378,0
dynamic::deepseek-v4-pro-0813-off::all-arms::Omega_hat_NativeTrace,deepseek-v4-pro-0813-off::codecontests-validation-1552g::inside-loop-state,codecontests-validation-1552g,feb96da038972104d010503bb0068d9694d4cebae2d34993c61d2dcd7002c600:a23a879e789c630dbbae0133f0eb5577c8e5e3a711d2d32ec6d6c244f930f0a1:clang-18.1.8-coverage-state-load-v1,deepseek-v4-pro-0813-off,inside-loop-state,all-arms,dynamic,Omega_hat_NativeTrace,464,0
dynamic::deepseek-v4-pro-0813-off::all-arms::Omega_hat_NativeTrace,deepseek-v4-pro-0813-off::codecontests-validation-1553h::inside-loop-state,codecontests-validation-1553h,261f2a5460690985d0feaadb3435366c997ed89f15809dc921c0a13726ae899d:37a901c4f91c375e5b2ce915089751f68aa2f80e3a9590fee8edc1247ea80612:clang-18.1.8-coverage-state-load-v1,deepseek-v4-pro-0813-off,inside-loop-state,all-arms,dynamic,Omega_hat_NativeTrace,1846,0
dynamic::deepseek-v4-pro-0813-off::all-arms::Omega_hat_NativeTrace,deepseek-v4-pro-0813-off::codecontests-validation-1553h::long-trace-final,codecontests-validation-1553h,6e44abb67b8129df7e6c9c2bb7f0603020a46107f0b5aaa85480dcf00b6d8ee5:37a901c4f91c375e5b2ce915089751f68aa2f80e3a9590fee8edc1247ea80612:clang-18.1.8-coverage-state-load-v1,deepseek-v4-pro-0813-off,long-trace-final,all-arms,dynamic,Omega_hat_NativeTrace,2577,0
dynamic::deepseek-v4-pro-0813-off::all-arms::Omega_hat_NativeTrace,deepseek-v4-pro-0813-off::codecontests-validation-1553h::short-trace-final,codecontests-validation-1553h,6e44abb67b8129df7e6c9c2bb7f0603020a46107f0b5aaa85480dcf00b6d8ee5:4f701d041f6b57b35a63af3be10f040298aa86385ad4da04b1daa6df2663a712:clang-18.1.8-coverage-state-load-v1,deepseek-v4-pro-0813-off,short-trace-final,all-arms,dynamic,Omega_hat_NativeTrace,371,0
dynamic::deepseek-v4-pro-0813-off::all-arms::Omega_hat_NativeTrace,deepseek-v4-pro-0813-off::codecontests-validation-1553h::post-loop-state,codecontests-validation-1553h,a0fc871a1b48fb4e584cbafab20aa03968f5864a8503fcc17f35616d670b41fb:37a901c4f91c375e5b2ce915089751f68aa2f80e3a9590fee8edc1247ea80612:clang-18.1.8-coverage-state-load-v1,deepseek-v4-pro-0813-off,post-loop-state,all-arms,dynamic,Omega_hat_NativeTrace,1815,0
dynamic::deepseek-v4-pro-0813-off::all-arms::Omega_hat_NativeTrace,deepseek-v4-pro-0813-off::codecontests-validation-1556f::inside-loop-state,codecontests-validation-1556f,0e7c6745273acd61e256dc45eed260d91a4acbd2606e470d7a226f83219ed9a3:360f25d334dd3eaa6f292d435c7982dff837d18936d1fefe83699b0b1d6fbc85:clang-18.1.8-coverage-state-load-v1,deepseek-v4-pro-0813-off,inside-loop-state,all-arms,dynamic,Omega_hat_NativeTrace,202474,0
dynamic::deepseek-v4-pro-0813-off::all-arms::Omega_hat_NativeTrace,deepseek-v4-pro-0813-off::codecontests-validation-1556f::post-loop-state,codecontests-validation-1556f,355b4d9cf793a850c31de90bbad276f4be650b3ce01e56f464054f85d4c2ec45:360f25d334dd3eaa6f292d435c7982dff837d18936d1fefe83699b0b1d6fbc85:clang-18.1.8-coverage-state-load-v1,deepseek-v4-pro-0813-off,post-loop-state,all-arms,dynamic,Omega_hat_NativeTrace,17086448,0
dynamic::deepseek-v4-pro-0813-off::all-arms::Omega_hat_NativeTrace,deepseek-v4-pro-0813-off::codecontests-validation-1556f::long-trace-final,codecontests-validation-1556f,67dbad2177030b263347ba9ff0c3aa5d2e1eb57d456d177fad25eee3f31a9a76:360f25d334dd3eaa6f292d435c7982dff837d18936d1fefe83699b0b1d6fbc85:clang-18.1.8-coverage-state-load-v1,deepseek-v4-pro-0813-off,long-trace-final,all-arms,dynamic,Omega_hat_NativeTrace,17617324,0
dynamic::deepseek-v4-pro-0813-off::all-arms::Omega_hat_NativeTrace,deepseek-v4-pro-0813-off::codecontests-validation-1556f::short-trace-final,codecontests-validation-1556f,67dbad2177030b263347ba9ff0c3aa5d2e1eb57d456d177fad25eee3f31a9a76:fdcb27265764b2a73c62380d364aa177b18028a2d6fffe621bac5a23affde265:clang-18.1.8-coverage-state-load-v1,deepseek-v4-pro-0813-off,short-trace-final,all-arms,dynamic,Omega_hat_NativeTrace,475,0
dynamic::deepseek-v4-pro-0813-off::all-arms::Omega_hat_NativeTrace,deepseek-v4-pro-0813-off::codecontests-validation-1567f::inside-loop-state,codecontests-validation-1567f,05cf93795d2245abb6f842b4f278fe70746b159f5aba398e285981a3d3ab0415:5ca513ae33f231741e8f5bce074557104f0ac96debe4329731eb41fe859f6fa9:clang-18.1.8-coverage-state-load-v1,deepseek-v4-pro-0813-off,inside-loop-state,all-arms,dynamic,Omega_hat_NativeTrace,3975,0
dynamic::deepseek-v4-pro-0813-off::all-arms::Omega_hat_NativeTrace,deepseek-v4-pro-0813-off::codecontests-validation-1567f::long-trace-final,codecontests-validation-1567f,1d2e0467d959ffad5c713fa10c2142c44b5f542e00ce390504aea6f73e976053:5ca513ae33f231741e8f5bce074557104f0ac96debe4329731eb41fe859f6fa9:clang-18.1.8-coverage-state-load-v1,deepseek-v4-pro-0813-off,long-trace-final,all-arms,dynamic,Omega_hat_NativeTrace,7387,0
dynamic::deepseek-v4-pro-0813-off::all-arms::Omega_hat_NativeTrace,deepseek-v4-pro-0813-off::codecontests-validation-1567f::short-trace-final,codecontests-validation-1567f,1d2e0467d959ffad5c713fa10c2142c44b5f542e00ce390504aea6f73e976053:8ac1f9fa9e2847575b2ced3fd892b2845557a6c485f5fa9413a699b8efbc3ad3:clang-18.1.8-coverage-state-load-v1,deepseek-v4-pro-0813-off,short-trace-final,all-arms,dynamic,Omega_hat_NativeTrace,2028,0
dynamic::deepseek-v4-pro-0813-off::all-arms::Omega_hat_NativeTrace,deepseek-v4-pro-0813-off::codecontests-validation-1567f::post-loop-state,codecontests-validation-1567f,91b04a25af0d8354eca4b22a5c307be7e0d71719c1e56c1036c67f37cec6a7d0:5ca513ae33f231741e8f5bce074557104f0ac96debe4329731eb41fe859f6fa9:clang-18.1.8-coverage-state-load-v1,deepseek-v4-pro-0813-off,post-loop-state,all-arms,dynamic,Omega_hat_NativeTrace,3936,0
dynamic::deepseek-v4-pro-0813-off::all-arms::Omega_hat_NativeTrace,deepseek-v4-pro-0813-off::codecontests-validation-1569e::inside-loop-state,codecontests-validation-1569e,8c7846a3a40110fa05257b67da8e6f63f945c711305a1df88b97e8d00396db64:b5fabe923ecc6b7534566fbeb72577fd896c2d74b9374afe3bed49a16217cf73:clang-18.1.8-coverage-state-load-v1,deepseek-v4-pro-0813-off,inside-loop-state,all-arms,dynamic,Omega_hat_NativeTrace,14587,0
dynamic::deepseek-v4-pro-0813-off::all-arms::Omega_hat_NativeTrace,deepseek-v4-pro-0813-off::codecontests-validation-1569e::post-loop-state,codecontests-validation-1569e,b6b18517a3e59e80fb145dd8b32144c363e2872690c8f1c80a42a71bbc7adff3:b5fabe923ecc6b7534566fbeb72577fd896c2d74b9374afe3bed49a16217cf73:clang-18.1.8-coverage-state-load-v1,deepseek-v4-pro-0813-off,post-loop-state,all-arms,dynamic,Omega_hat_NativeTrace,4686010,0
dynamic::deepseek-v4-pro-0813-off::all-arms::Omega_hat_NativeTrace,deepseek-v4-pro-0813-off::codecontests-validation-1569e::short-trace-final,codecontests-validation-1569e,d7b30d4383431a38ca1bd0ea4847aec892b939921afb04a5e0975d8dfe5a98c9:479def58965386a05050611157259ef82bfeb49b520e8bff8f6ffde3b23af8a8:clang-18.1.8-coverage-state-load-v1,deepseek-v4-pro-0813-off,short-trace-final,all-arms,dynamic,Omega_hat_NativeTrace,963,0
dynamic::deepseek-v4-pro-0813-off::all-arms::Omega_hat_NativeTrace,deepseek-v4-pro-0813-off::codecontests-validation-1569e::long-trace-final,codecontests-validation-1569e,d7b30d4383431a38ca1bd0ea4847aec892b939921afb04a5e0975d8dfe5a98c9:b5fabe923ecc6b7534566fbeb72577fd896c2d74b9374afe3bed49a16217cf73:clang-18.1.8-coverage-state-load-v1,deepseek-v4-pro-0813-off,long-trace-final,all-arms,dynamic,Omega_hat_NativeTrace,9765064,0
dynamic::deepseek-v4-pro-0813-off::all-arms::Omega_hat_NativeTrace,deepseek-v4-pro-0813-off::codecontests-validation-1569f::long-trace-final,codecontests-validation-1569f,2301e337b5fb3f9549acef3c07f9bd5019e6234c7a2311a7c4f57763e18e5b83:0b0d290fe1c8a4b6c275d3cd68f10e26117cce6a7a535e05cb67a9483c2ca982:clang-18.1.8-coverage-state-load-v1,deepseek-v4-pro-0813-off,long-trace-final,all-arms,dynamic,Omega_hat_NativeTrace,150522,1
dynamic::deepseek-v4-pro-0813-off::all-arms::Omega_hat_NativeTrace,deepseek-v4-pro-0813-off::codecontests-validation-1569f::short-trace-final,codecontests-validation-1569f,2301e337b5fb3f9549acef3c07f9bd5019e6234c7a2311a7c4f57763e18e5b83:26b7657bcd3b796488b0a9677b14cced50fbbf3da549885bc44c2917cf610cff:clang-18.1.8-coverage-state-load-v1,deepseek-v4-pro-0813-off,short-trace-final,all-arms,dynamic,Omega_hat_NativeTrace,9950,0
dynamic::deepseek-v4-pro-0813-off::all-arms::Omega_hat_NativeTrace,deepseek-v4-pro-0813-off::codecontests-validation-1569f::post-loop-state,codecontests-validation-1569f,9b44483ac309757aa4c354b7152a87dcbcef7f14befc99fd5d5420fba2550477:0b0d290fe1c8a4b6c275d3cd68f10e26117cce6a7a535e05cb67a9483c2ca982:clang-18.1.8-coverage-state-load-v1,deepseek-v4-pro-0813-off,post-loop-state,all-arms,dynamic,Omega_hat_NativeTrace,118625,0
dynamic::deepseek-v4-pro-0813-off::all-arms::Omega_hat_NativeTrace,deepseek-v4-pro-0813-off::codecontests-validation-1569f::inside-loop-state,codecontests-validation-1569f,bd6341080b17f11d66607db0012ce4f3cf4107ce205c35c39ff21ea2a4d40857:0b0d290fe1c8a4b6c275d3cd68f10e26117cce6a7a535e05cb67a9483c2ca982:clang-18.1.8-coverage-state-load-v1,deepseek-v4-pro-0813-off,inside-loop-state,all-arms,dynamic,Omega_hat_NativeTrace,118714,0
dynamic::deepseek-v4-pro-0813-off::all-arms::Omega_hat_NativeTrace,deepseek-v4-pro-0813-off::codecontests-validation-1572d::post-loop-state,codecontests-validation-1572d,10b3ea8d407a851cbb94d856638ba9ee3b5658eb0b43ab595c686887ee58e23a:2215213a1789f807060a057e634ddb262a27f09b8292f964f58f42acbe1d0616:clang-18.1.8-coverage-state-load-v1,deepseek-v4-pro-0813-off,post-loop-state,all-arms,dynamic,Omega_hat_NativeTrace,1703,0
dynamic::deepseek-v4-pro-0813-off::all-arms::Omega_hat_NativeTrace,deepseek-v4-pro-0813-off::codecontests-validation-1572d::long-trace-final,codecontests-validation-1572d,4ef728a87836baeb0af64467718c76401006223c75d5b80c74b59eb56b109b72:2215213a1789f807060a057e634ddb262a27f09b8292f964f58f42acbe1d0616:clang-18.1.8-coverage-state-load-v1,deepseek-v4-pro-0813-off,long-trace-final,all-arms,dynamic,Omega_hat_NativeTrace,1887,0
dynamic::deepseek-v4-pro-0813-off::all-arms::Omega_hat_NativeTrace,deepseek-v4-pro-0813-off::codecontests-validation-1572d::short-trace-final,codecontests-validation-1572d,4ef728a87836baeb0af64467718c76401006223c75d5b80c74b59eb56b109b72:eb418658a51efc355a88b1c44df821bcabf17ae92e052c3f3f3790755404491d:clang-18.1.8-coverage-state-load-v1,deepseek-v4-pro-0813-off,short-trace-final,all-arms,dynamic,Omega_hat_NativeTrace,888,0
dynamic::deepseek-v4-pro-0813-off::all-arms::Omega_hat_NativeTrace,deepseek-v4-pro-0813-off::codecontests-validation-1572d::inside-loop-state,codecontests-validation-1572d,e4be3de81a2d2af89166e441b8d5adf8e73d19e2c217707d996b1af00c028ff1:2215213a1789f807060a057e634ddb262a27f09b8292f964f58f42acbe1d0616:clang-18.1.8-coverage-state-load-v1,deepseek-v4-pro-0813-off,inside-loop-state,all-arms,dynamic,Omega_hat_NativeTrace,1793,0
dynamic::deepseek-v4-pro-0813-off::all-arms::Omega_hat_NativeTrace,deepseek-v4-pro-0813-off::codecontests-validation-1572e::post-loop-state,codecontests-validation-1572e,437fad31af4f51960c3b7aff0ceecd6ad236aeccd08417e320d5ef307f021027:ce0eb773178bbc4bdc901ed4555433f201b9cbbd416231d7a0b82b41c1e59270:clang-18.1.8-coverage-state-load-v1,deepseek-v4-pro-0813-off,post-loop-state,all-arms,dynamic,Omega_hat_NativeTrace,1903,0
dynamic::deepseek-v4-pro-0813-off::all-arms::Omega_hat_NativeTrace,deepseek-v4-pro-0813-off::codecontests-validation-1572e::inside-loop-state,codecontests-validation-1572e,a29023c7f4c26bae0b4eef37581882d729a33402e3f2d96d9c4e4e82f216cc0f:ce0eb773178bbc4bdc901ed4555433f201b9cbbd416231d7a0b82b41c1e59270:clang-18.1.8-coverage-state-load-v1,deepseek-v4-pro-0813-off,inside-loop-state,all-arms,dynamic,Omega_hat_NativeTrace,1931,0
dynamic::deepseek-v4-pro-0813-off::all-arms::Omega_hat_NativeTrace,deepseek-v4-pro-0813-off::codecontests-validation-1572e::short-trace-final,codecontests-validation-1572e,c6871efc570f44806a970f43053b081d731f519c2b4a95b2aa54ee53df958fcf:c8391dd8e574d61edf3a7c188f1bce010f51566bb2347b029afb3faa08679767:clang-18.1.8-coverage-state-load-v1,deepseek-v4-pro-0813-off,short-trace-final,all-arms,dynamic,Omega_hat_NativeTrace,17610,0
dynamic::deepseek-v4-pro-0813-off::all-arms::Omega_hat_NativeTrace,deepseek-v4-pro-0813-off::codecontests-validation-1572e::long-trace-final,codecontests-validation-1572e,c6871efc570f44806a970f43053b081d731f519c2b4a95b2aa54ee53df958fcf:ce0eb773178bbc4bdc901ed4555433f201b9cbbd416231d7a0b82b41c1e59270:clang-18.1.8-coverage-state-load-v1,deepseek-v4-pro-0813-off,long-trace-final,all-arms,dynamic,Omega_hat_NativeTrace,94129,0
dynamic::deepseek-v4-pro-0813-off::all-arms::Omega_hat_NativeTrace,deepseek-v4-pro-0813-off::codecontests-validation-1574f::post-loop-state,codecontests-validation-1574f,121cb978200a7d65abf8d20a567bf9a991547f94cb17d49e90c39970b27fb179:03d3d7a8c8364341064965d240bc633999a3624096573e7dd9ff9b2e4332d221:clang-18.1.8-coverage-state-load-v1,deepseek-v4-pro-0813-off,post-loop-state,all-arms,dynamic,Omega_hat_NativeTrace,16200040,0
dynamic::deepseek-v4-pro-0813-off::all-arms::Omega_hat_NativeTrace,deepseek-v4-pro-0813-off::codecontests-validation-1574f::inside-loop-state,codecontests-validation-1574f,54d2aa075790d96b16094d1110b1ff4cc42e649f39b55cf10a14e19f5a25bdd0:03d3d7a8c8364341064965d240bc633999a3624096573e7dd9ff9b2e4332d221:clang-18.1.8-coverage-state-load-v1,deepseek-v4-pro-0813-off,inside-loop-state,all-arms,dynamic,Omega_hat_NativeTrace,8102841,0
dynamic::deepseek-v4-pro-0813-off::all-arms::Omega_hat_NativeTrace,deepseek-v4-pro-0813-off::codecontests-validation-1574f::long-trace-final,codecontests-validation-1574f,7daa73692acaf41812edcde3c45ecdfa6e0c91a99ce6e3557836323cf0386084:03d3d7a8c8364341064965d240bc633999a3624096573e7dd9ff9b2e4332d221:clang-18.1.8-coverage-state-load-v1,deepseek-v4-pro-0813-off,long-trace-final,all-arms,dynamic,Omega_hat_NativeTrace,1513963426,0
dynamic::deepseek-v4-pro-0813-off::all-arms::Omega_hat_NativeTrace,deepseek-v4-pro-0813-off::codecontests-validation-1574f::short-trace-final,codecontests-validation-1574f,7daa73692acaf41812edcde3c45ecdfa6e0c91a99ce6e3557836323cf0386084:a00a4e49bac1dc0515ea109cbef81f6fec9f42207b2ac47d95d4f9fb95859331:clang-18.1.8-coverage-state-load-v1,deepseek-v4-pro-0813-off,short-trace-final,all-arms,dynamic,Omega_hat_NativeTrace,1209,0
dynamic::deepseek-v4-pro-0813-off::all-arms::Omega_hat_StateLoad,deepseek-v4-pro-0813-off::codecontests-test-1580b::post-loop-state,codecontests-test-1580b,651daa060f41dcbf742f65839b776fde4796201d3b99d00773278bba61645417:01bf10bc19e4055efc275e06e8439f42cb308446a927457954f085b1c36f701a:clang-18.1.8-coverage-state-load-v1,deepseek-v4-pro-0813-off,post-loop-state,all-arms,dynamic,Omega_hat_StateLoad,634227280,0
dynamic::deepseek-v4-pro-0813-off::all-arms::Omega_hat_StateLoad,deepseek-v4-pro-0813-off::codecontests-test-1580b::inside-loop-state,codecontests-test-1580b,de821758d705b3efd9657c5b7021e5d724533788eed2c97f5213f6ee05a90127:01bf10bc19e4055efc275e06e8439f42cb308446a927457954f085b1c36f701a:clang-18.1.8-coverage-state-load-v1,deepseek-v4-pro-0813-off,inside-loop-state,all-arms,dynamic,Omega_hat_StateLoad,624486447,0
dynamic::deepseek-v4-pro-0813-off::all-arms::Omega_hat_StateLoad,deepseek-v4-pro-0813-off::codecontests-test-1580b::long-trace-final,codecontests-test-1580b,e49cc24f56c43dda6796ffbf38185eb1f4f689c19e9ec2b7010717fbd33f09cd:01bf10bc19e4055efc275e06e8439f42cb308446a927457954f085b1c36f701a:clang-18.1.8-coverage-state-load-v1,deepseek-v4-pro-0813-off,long-trace-final,all-arms,dynamic,Omega_hat_StateLoad,123221869874820,0
dynamic::deepseek-v4-pro-0813-off::all-arms::Omega_hat_StateLoad,deepseek-v4-pro-0813-off::codecontests-test-1580b::short-trace-final,codecontests-test-1580b,e49cc24f56c43dda6796ffbf38185eb1f4f689c19e9ec2b7010717fbd33f09cd:4badc34556ceafd1c2c4699ce5b2a3bc32594a4b7e29c24a4068f61563022cdc:clang-18.1.8-coverage-state-load-v1,deepseek-v4-pro-0813-off,short-trace-final,all-arms,dynamic,Omega_hat_StateLoad,1334498244,0
dynamic::deepseek-v4-pro-0813-off::all-arms::Omega_hat_StateLoad,deepseek-v4-pro-0813-off::codecontests-test-1580f::short-trace-final,codecontests-test-1580f,14ddc455906166c8cc9ba66260dd1ee85ca6354b865eda03f0f3871dae33ae17:66cad223eb4b52b45ee49a6f14a923756f9c308fb0a2f62f02808d1d2491969e:clang-18.1.8-coverage-state-load-v1,deepseek-v4-pro-0813-off,short-trace-final,all-arms,dynamic,Omega_hat_StateLoad,41166621651798,0
dynamic::deepseek-v4-pro-0813-off::all-arms::Omega_hat_StateLoad,deepseek-v4-pro-0813-off::codecontests-test-1580f::long-trace-final,codecontests-test-1580f,14ddc455906166c8cc9ba66260dd1ee85ca6354b865eda03f0f3871dae33ae17:d72b57384d564b166e605cb1fe15b30202227d8df8021b4e67f0275e92852971:clang-18.1.8-coverage-state-load-v1,deepseek-v4-pro-0813-off,long-trace-final,all-arms,dynamic,Omega_hat_StateLoad,41173337298488,0
dynamic::deepseek-v4-pro-0813-off::all-arms::Omega_hat_StateLoad,deepseek-v4-pro-0813-off::codecontests-test-1580f::post-loop-state,codecontests-test-1580f,8526c634fe8de6d447557c0456ea3013ff50b851688579983204c869ac4dcb57:d72b57384d564b166e605cb1fe15b30202227d8df8021b4e67f0275e92852971:clang-18.1.8-coverage-state-load-v1,deepseek-v4-pro-0813-off,post-loop-state,all-arms,dynamic,Omega_hat_StateLoad,41157233657412,0
dynamic::deepseek-v4-pro-0813-off::all-arms::Omega_hat_StateLoad,deepseek-v4-pro-0813-off::codecontests-test-1580f::inside-loop-state,codecontests-test-1580f,bfcc98152560bffe5dfc4d96ac7ad6087d8a47a1cf596714f45a7366a323508a:d72b57384d564b166e605cb1fe15b30202227d8df8021b4e67f0275e92852971:clang-18.1.8-coverage-state-load-v1,deepseek-v4-pro-0813-off,inside-loop-state,all-arms,dynamic,Omega_hat_StateLoad,41157227775110,0
dynamic::deepseek-v4-pro-0813-off::all-arms::Omega_hat_StateLoad,deepseek-v4-pro-0813-off::codecontests-test-1586f::long-trace-final,codecontests-test-1586f,50fa6366595a53ba7e82bd4bc65563c718c29a2a4b9c1b4e6f80fab5bdeabd90:e7a0a218331b68b73ad7ba079fd54be2a7cd8090a6e96eba3f4ee3001dc1d2dc:clang-18.1.8-coverage-state-load-v1,deepseek-v4-pro-0813-off,long-trace-final,all-arms,dynamic,Omega_hat_StateLoad,44184529715,0
dynamic::deepseek-v4-pro-0813-off::all-arms::Omega_hat_StateLoad,deepseek-v4-pro-0813-off::codecontests-test-1586f::short-trace-final,codecontests-test-1586f,50fa6366595a53ba7e82bd4bc65563c718c29a2a4b9c1b4e6f80fab5bdeabd90:ece3d232c1ca9ef8a80b6fdb1585b8f5cf653b9dd023b0521c8da64db859ffac:clang-18.1.8-coverage-state-load-v1,deepseek-v4-pro-0813-off,short-trace-final,all-arms,dynamic,Omega_hat_StateLoad,145590447,0
dynamic::deepseek-v4-pro-0813-off::all-arms::Omega_hat_StateLoad,deepseek-v4-pro-0813-off::codecontests-test-1586f::inside-loop-state,codecontests-test-1586f,c2fff1ad8c28452ca3e75e2efc59934a22d91572d3cde13bc7c743de6d34b147:e7a0a218331b68b73ad7ba079fd54be2a7cd8090a6e96eba3f4ee3001dc1d2dc:clang-18.1.8-coverage-state-load-v1,deepseek-v4-pro-0813-off,inside-loop-state,all-arms,dynamic,Omega_hat_StateLoad,4453997983,0
dynamic::deepseek-v4-pro-0813-off::all-arms::Omega_hat_StateLoad,deepseek-v4-pro-0813-off::codecontests-test-1586f::post-loop-state,codecontests-test-1586f,cf6f023469c0bb5ffbb00877e5468516893961999aa07f0ecb8ade5ed40b2096:e7a0a218331b68b73ad7ba079fd54be2a7cd8090a6e96eba3f4ee3001dc1d2dc:clang-18.1.8-coverage-state-load-v1,deepseek-v4-pro-0813-off,post-loop-state,all-arms,dynamic,Omega_hat_StateLoad,4459054592,0
dynamic::deepseek-v4-pro-0813-off::all-arms::Omega_hat_StateLoad,deepseek-v4-pro-0813-off::codecontests-test-1598f::short-trace-final,codecontests-test-1598f,c86397161467c48a05a8a1c3b9d9cdc968122973e7759a52edbfee55607a0c48:0c302e793e9db86915c6163fbabb9d0a9976859eb54448cb12f96c3a4ff52328:clang-18.1.8-coverage-state-load-v1,deepseek-v4-pro-0813-off,short-trace-final,all-arms,dynamic,Omega_hat_StateLoad,896,0
dynamic::deepseek-v4-pro-0813-off::all-arms::Omega_hat_StateLoad,deepseek-v4-pro-0813-off::codecontests-test-1598f::long-trace-final,codecontests-test-1598f,c86397161467c48a05a8a1c3b9d9cdc968122973e7759a52edbfee55607a0c48:7035767df0d876ec6a211af258eda3b340f5ba719f1d3c8f30d890596458ed17:clang-18.1.8-coverage-state-load-v1,deepseek-v4-pro-0813-off,long-trace-final,all-arms,dynamic,Omega_hat_StateLoad,98536591,0
dynamic::deepseek-v4-pro-0813-off::all-arms::Omega_hat_StateLoad,deepseek-v4-pro-0813-off::codecontests-test-1598f::post-loop-state,codecontests-test-1598f,cb278e842ab865add5e5b08afeae6d96c07cdcbf64ca0a38de643e3879f68585:7035767df0d876ec6a211af258eda3b340f5ba719f1d3c8f30d890596458ed17:clang-18.1.8-coverage-state-load-v1,deepseek-v4-pro-0813-off,post-loop-state,all-arms,dynamic,Omega_hat_StateLoad,1321625,0
dynamic::deepseek-v4-pro-0813-off::all-arms::Omega_hat_StateLoad,deepseek-v4-pro-0813-off::codecontests-test-1598f::inside-loop-state,codecontests-test-1598f,f41875fa3f7692eefec1a62e67928717fb5e40acf042c603e3120e581750a59b:7035767df0d876ec6a211af258eda3b340f5ba719f1d3c8f30d890596458ed17:clang-18.1.8-coverage-state-load-v1,deepseek-v4-pro-0813-off,inside-loop-state,all-arms,dynamic,Omega_hat_StateLoad,1298913,0
dynamic::deepseek-v4-pro-0813-off::all-arms::Omega_hat_StateLoad,deepseek-v4-pro-0813-off::codecontests-test-1599d::inside-loop-state,codecontests-test-1599d,0a2dad56c9e815f7f708d26c2a62b89ce07f5ea76c71a50f36d86924cf05b943:e4a285c493f93a570627f5a05671eae6a4363f4464831e0f98d5ba3690d0ee67:clang-18.1.8-coverage-state-load-v1,deepseek-v4-pro-0813-off,inside-loop-state,all-arms,dynamic,Omega_hat_StateLoad,11758615723,0
dynamic::deepseek-v4-pro-0813-off::all-arms::Omega_hat_StateLoad,deepseek-v4-pro-0813-off::codecontests-test-1599d::short-trace-final,codecontests-test-1599d,933b32aa65d3b25d1afa06e801f5b72dff619eaf7fc4ac6a4a0270e85d49214c:665093871dbe3de8e75d8a816a8378ca11e9e560947ddf4d94207a1e2173820b:clang-18.1.8-coverage-state-load-v1,deepseek-v4-pro-0813-off,short-trace-final,all-arms,dynamic,Omega_hat_StateLoad,2823867851,0
dynamic::deepseek-v4-pro-0813-off::all-arms::Omega_hat_StateLoad,deepseek-v4-pro-0813-off::codecontests-test-1599d::long-trace-final,codecontests-test-1599d,933b32aa65d3b25d1afa06e801f5b72dff619eaf7fc4ac6a4a0270e85d49214c:e4a285c493f93a570627f5a05671eae6a4363f4464831e0f98d5ba3690d0ee67:clang-18.1.8-coverage-state-load-v1,deepseek-v4-pro-0813-off,long-trace-final,all-arms,dynamic,Omega_hat_StateLoad,12567049367,0
dynamic::deepseek-v4-pro-0813-off::all-arms::Omega_hat_StateLoad,deepseek-v4-pro-0813-off::codecontests-test-1599d::post-loop-state,codecontests-test-1599d,aa9020619d95e0c11306c231f42dc16fbedc1b8833557cfba9a3855ceab5d625:e4a285c493f93a570627f5a05671eae6a4363f4464831e0f98d5ba3690d0ee67:clang-18.1.8-coverage-state-load-v1,deepseek-v4-pro-0813-off,post-loop-state,all-arms,dynamic,Omega_hat_StateLoad,11898690449,0
dynamic::deepseek-v4-pro-0813-off::all-arms::Omega_hat_StateLoad,deepseek-v4-pro-0813-off::codecontests-test-1599j::post-loop-state,codecontests-test-1599j,3435dafe215df6aaa0d67c6cfc947efc0a0e44650fe50967a6ba0b248d4b7fe6:cf6d365ac492de069f119d50091851656ea5679fa08c558d3f071a383b4e0df0:clang-18.1.8-coverage-state-load-v1,deepseek-v4-pro-0813-off,post-loop-state,all-arms,dynamic,Omega_hat_StateLoad,564916,0
dynamic::deepseek-v4-pro-0813-off::all-arms::Omega_hat_StateLoad,deepseek-v4-pro-0813-off::codecontests-test-1599j::short-trace-final,codecontests-test-1599j,ab4e36e90fc02ef9ec4e2ca7dec9cf4caee8e6aaeed78b0ea3ac83c28ac8147c:15a15c047478f3e0e3cab6ed3f632a29e89952fba136b5a78394d1c0ad79c6e5:clang-18.1.8-coverage-state-load-v1,deepseek-v4-pro-0813-off,short-trace-final,all-arms,dynamic,Omega_hat_StateLoad,9170,0
dynamic::deepseek-v4-pro-0813-off::all-arms::Omega_hat_StateLoad,deepseek-v4-pro-0813-off::codecontests-test-1599j::long-trace-final,codecontests-test-1599j,ab4e36e90fc02ef9ec4e2ca7dec9cf4caee8e6aaeed78b0ea3ac83c28ac8147c:cf6d365ac492de069f119d50091851656ea5679fa08c558d3f071a383b4e0df0:clang-18.1.8-coverage-state-load-v1,deepseek-v4-pro-0813-off,long-trace-final,all-arms,dynamic,Omega_hat_StateLoad,12322184,1
dynamic::deepseek-v4-pro-0813-off::all-arms::Omega_hat_StateLoad,deepseek-v4-pro-0813-off::codecontests-test-1599j::inside-loop-state,codecontests-test-1599j,b327432c0b51f79599142f457651ed07c753892f7bc8fc32eae261455a14a8df:cf6d365ac492de069f119d50091851656ea5679fa08c558d3f071a383b4e0df0:clang-18.1.8-coverage-state-load-v1,deepseek-v4-pro-0813-off,inside-loop-state,all-arms,dynamic,Omega_hat_StateLoad,475722,0
dynamic::deepseek-v4-pro-0813-off::all-arms::Omega_hat_StateLoad,deepseek-v4-pro-0813-off::codecontests-test-1603e::long-trace-final,codecontests-test-1603e,d7fe25a19d626e555247a54b1650138c821111d60e20cca5c73ec3112ca1e525:16115f14b1d3589d0841b36fa922b477b58347dad5e3d021df0ae33ab64fa7a6:clang-18.1.8-coverage-state-load-v1,deepseek-v4-pro-0813-off,long-trace-final,all-arms,dynamic,Omega_hat_StateLoad,4501797683908,0
dynamic::deepseek-v4-pro-0813-off::all-arms::Omega_hat_StateLoad,deepseek-v4-pro-0813-off::codecontests-test-1603e::short-trace-final,codecontests-test-1603e,d7fe25a19d626e555247a54b1650138c821111d60e20cca5c73ec3112ca1e525:56128c78d54bd858b1f0a7710cc6ed6c0ee23efbe9034d42dc8ce6339a26f6bf:clang-18.1.8-coverage-state-load-v1,deepseek-v4-pro-0813-off,short-trace-final,all-arms,dynamic,Omega_hat_StateLoad,909408818,0
dynamic::deepseek-v4-pro-0813-off::all-arms::Omega_hat_StateLoad,deepseek-v4-pro-0813-off::codecontests-test-1603e::inside-loop-state,codecontests-test-1603e,f3186b205da6d6dcc9ea29d1c2d2e8b3e694f96a5c55cf87108c065fb309d17d:16115f14b1d3589d0841b36fa922b477b58347dad5e3d021df0ae33ab64fa7a6:clang-18.1.8-coverage-state-load-v1,deepseek-v4-pro-0813-off,inside-loop-state,all-arms,dynamic,Omega_hat_StateLoad,189201355791,0
dynamic::deepseek-v4-pro-0813-off::all-arms::Omega_hat_StateLoad,deepseek-v4-pro-0813-off::codecontests-test-1603e::post-loop-state,codecontests-test-1603e,f412e755c350f9ce1c88cfff52e57c62ae92474f822504d6558ee65de9e4ed4d:16115f14b1d3589d0841b36fa922b477b58347dad5e3d021df0ae33ab64fa7a6:clang-18.1.8-coverage-state-load-v1,deepseek-v4-pro-0813-off,post-loop-state,all-arms,dynamic,Omega_hat_StateLoad,194205315507,0
dynamic::deepseek-v4-pro-0813-off::all-arms::Omega_hat_StateLoad,deepseek-v4-pro-0813-off::codecontests-test-1608e::short-trace-final,codecontests-test-1608e,646dbc65fdea7bc8e3170908e4578902800b470e97d05e2454f0d26884e92df7:a2f5b5c4b5f17740e75fa5913cbf0bcde3191c7cb615765a3dfa89ab90e0e728:clang-18.1.8-coverage-state-load-v1,deepseek-v4-pro-0813-off,short-trace-final,all-arms,dynamic,Omega_hat_StateLoad,62438640242,1
dynamic::deepseek-v4-pro-0813-off::all-arms::Omega_hat_StateLoad,deepseek-v4-pro-0813-off::codecontests-test-1608e::long-trace-final,codecontests-test-1608e,646dbc65fdea7bc8e3170908e4578902800b470e97d05e2454f0d26884e92df7:f55be964bd2cc68afe5b9ad8f942604e10918169e7160750406727f80984c504:clang-18.1.8-coverage-state-load-v1,deepseek-v4-pro-0813-off,long-trace-final,all-arms,dynamic,Omega_hat_StateLoad,405236280252,0
dynamic::deepseek-v4-pro-0813-off::all-arms::Omega_hat_StateLoad,deepseek-v4-pro-0813-off::codecontests-test-1608e::inside-loop-state,codecontests-test-1608e,667c28dbcfd364ae586ae9cd21bf6fd959db38f0147f2a6cb6289ec447eb9a22:f55be964bd2cc68afe5b9ad8f942604e10918169e7160750406727f80984c504:clang-18.1.8-coverage-state-load-v1,deepseek-v4-pro-0813-off,inside-loop-state,all-arms,dynamic,Omega_hat_StateLoad,175461364750,0
dynamic::deepseek-v4-pro-0813-off::all-arms::Omega_hat_StateLoad,deepseek-v4-pro-0813-off::codecontests-test-1608e::post-loop-state,codecontests-test-1608e,b3c2da25bedf53cb9761b05fae26f46e4cf88607b5e31132dd26180b52bbaf2b:f55be964bd2cc68afe5b9ad8f942604e10918169e7160750406727f80984c504:clang-18.1.8-coverage-state-load-v1,deepseek-v4-pro-0813-off,post-loop-state,all-arms,dynamic,Omega_hat_StateLoad,189044239492,0
dynamic::deepseek-v4-pro-0813-off::all-arms::Omega_hat_StateLoad,deepseek-v4-pro-0813-off::codecontests-test-1608f::short-trace-final,codecontests-test-1608f,3b1188cf9f4294e77fd38eb7d8098dfcfb19fbdd0ef6e9a3fe8d63adfeb2abbf:8ad616db4fe9bd467b7ab16879f97c77503d2b22431ce9705293bfe707f20a7f:clang-18.1.8-coverage-state-load-v1,deepseek-v4-pro-0813-off,short-trace-final,all-arms,dynamic,Omega_hat_StateLoad,151484570,0
dynamic::deepseek-v4-pro-0813-off::all-arms::Omega_hat_StateLoad,deepseek-v4-pro-0813-off::codecontests-test-1608f::long-trace-final,codecontests-test-1608f,3b1188cf9f4294e77fd38eb7d8098dfcfb19fbdd0ef6e9a3fe8d63adfeb2abbf:b3e5d9410e92ec6feb64678dbc4fc691cb4660d89a83baf0e0a219123c05b450:clang-18.1.8-coverage-state-load-v1,deepseek-v4-pro-0813-off,long-trace-final,all-arms,dynamic,Omega_hat_StateLoad,54207437289,0
dynamic::deepseek-v4-pro-0813-off::all-arms::Omega_hat_StateLoad,deepseek-v4-pro-0813-off::codecontests-test-1608f::inside-loop-state,codecontests-test-1608f,9864fd100347bbad0e115c788da3250c68253007614da622a5ee02799527370f:b3e5d9410e92ec6feb64678dbc4fc691cb4660d89a83baf0e0a219123c05b450:clang-18.1.8-coverage-state-load-v1,deepseek-v4-pro-0813-off,inside-loop-state,all-arms,dynamic,Omega_hat_StateLoad,20733502691,0
dynamic::deepseek-v4-pro-0813-off::all-arms::Omega_hat_StateLoad,deepseek-v4-pro-0813-off::codecontests-test-1608f::post-loop-state,codecontests-test-1608f,ef77878c7f3b869738b3ff6a4965c679f33909d0914e136f66f6c522b7b20c01:b3e5d9410e92ec6feb64678dbc4fc691cb4660d89a83baf0e0a219123c05b450:clang-18.1.8-coverage-state-load-v1,deepseek-v4-pro-0813-off,post-loop-state,all-arms,dynamic,Omega_hat_StateLoad,20758637829,0
dynamic::deepseek-v4-pro-0813-off::all-arms::Omega_hat_StateLoad,deepseek-v4-pro-0813-off::codecontests-test-1615g::post-loop-state,codecontests-test-1615g,0933389f16bc0f8f1a15f83914fd800b2881de1ed6b02e9104c48207b1cde312:73a6420953313f0860ecac8f963f63bd594f27eacb54f75047c6e7f224445982:clang-18.1.8-coverage-state-load-v1,deepseek-v4-pro-0813-off,post-loop-state,all-arms,dynamic,Omega_hat_StateLoad,6582454,0
dynamic::deepseek-v4-pro-0813-off::all-arms::Omega_hat_StateLoad,deepseek-v4-pro-0813-off::codecontests-test-1615g::inside-loop-state,codecontests-test-1615g,acc1b2cc8cfb5ad702c4fd69f49f49e609d604888c2fc3c44a8fa83a57d3de81:73a6420953313f0860ecac8f963f63bd594f27eacb54f75047c6e7f224445982:clang-18.1.8-coverage-state-load-v1,deepseek-v4-pro-0813-off,inside-loop-state,all-arms,dynamic,Omega_hat_StateLoad,6401288,0
dynamic::deepseek-v4-pro-0813-off::all-arms::Omega_hat_StateLoad,deepseek-v4-pro-0813-off::codecontests-test-1615g::long-trace-final,codecontests-test-1615g,ad373333e07dc4e3b058568facb985af09bac3ef8991907c430b33236999f394:73a6420953313f0860ecac8f963f63bd594f27eacb54f75047c6e7f224445982:clang-18.1.8-coverage-state-load-v1,deepseek-v4-pro-0813-off,long-trace-final,all-arms,dynamic,Omega_hat_StateLoad,2793543,0
dynamic::deepseek-v4-pro-0813-off::all-arms::Omega_hat_StateLoad,deepseek-v4-pro-0813-off::codecontests-test-1615g::short-trace-final,codecontests-test-1615g,ad373333e07dc4e3b058568facb985af09bac3ef8991907c430b33236999f394:8b8d92f6cd116121a9e352a9d6bbbeea5f82cc1c848aaea202eee9901fb39d86:clang-18.1.8-coverage-state-load-v1,deepseek-v4-pro-0813-off,short-trace-final,all-arms,dynamic,Omega_hat_StateLoad,6874,1
dynamic::deepseek-v4-pro-0813-off::all-arms::Omega_hat_StateLoad,deepseek-v4-pro-0813-off::codecontests-test-1615h::post-loop-state,codecontests-test-1615h,6bac151ec0f25226a8145178cf0e367fb811beb86ff6196070e20565c4d00642:76e3b7b1ea299988012bab23cbfde0d8790d1c57e7f0994947beee3f546bc9a5:clang-18.1.8-coverage-state-load-v1,deepseek-v4-pro-0813-off,post-loop-state,all-arms,dynamic,Omega_hat_StateLoad,205469759,0
dynamic::deepseek-v4-pro-0813-off::all-arms::Omega_hat_StateLoad,deepseek-v4-pro-0813-off::codecontests-test-1615h::long-trace-final,codecontests-test-1615h,a71a99b21177af38ad289c00ff979be40a690e727f285153ed3faee690b3a321:76e3b7b1ea299988012bab23cbfde0d8790d1c57e7f0994947beee3f546bc9a5:clang-18.1.8-coverage-state-load-v1,deepseek-v4-pro-0813-off,long-trace-final,all-arms,dynamic,Omega_hat_StateLoad,316956724,0
dynamic::deepseek-v4-pro-0813-off::all-arms::Omega_hat_StateLoad,deepseek-v4-pro-0813-off::codecontests-test-1615h::short-trace-final,codecontests-test-1615h,a71a99b21177af38ad289c00ff979be40a690e727f285153ed3faee690b3a321:7f143eea0a3c840bf12e8184b4972d492f981fbb9a266339cd86299dae1d4413:clang-18.1.8-coverage-state-load-v1,deepseek-v4-pro-0813-off,short-trace-final,all-arms,dynamic,Omega_hat_StateLoad,168597991,0
dynamic::deepseek-v4-pro-0813-off::all-arms::Omega_hat_StateLoad,deepseek-v4-pro-0813-off::codecontests-test-1615h::inside-loop-state,codecontests-test-1615h,bb1f2ab66b584a159dee436bfee61e9740c864d881dce54d93f0220164d96c1a:76e3b7b1ea299988012bab23cbfde0d8790d1c57e7f0994947beee3f546bc9a5:clang-18.1.8-coverage-state-load-v1,deepseek-v4-pro-0813-off,inside-loop-state,all-arms,dynamic,Omega_hat_StateLoad,204519776,0
dynamic::deepseek-v4-pro-0813-off::all-arms::Omega_hat_StateLoad,deepseek-v4-pro-0813-off::codecontests-test-1617e::inside-loop-state,codecontests-test-1617e,395db0129fb099ac1b5af30458379f3c64b2c8e1ba3267544689e9a721e0a1a2:f34973899b03d91dd93fd9ca7bca992fc2b381fea1800c11fc29bf25c01efe97:clang-18.1.8-coverage-state-load-v1,deepseek-v4-pro-0813-off,inside-loop-state,all-arms,dynamic,Omega_hat_StateLoad,274981556,0
dynamic::deepseek-v4-pro-0813-off::all-arms::Omega_hat_StateLoad,deepseek-v4-pro-0813-off::codecontests-test-1617e::post-loop-state,codecontests-test-1617e,a34fa455cb2724c38f9fc74f8d38161dbfbff4a0a0d9c9c94c1bfa734b45a015:f34973899b03d91dd93fd9ca7bca992fc2b381fea1800c11fc29bf25c01efe97:clang-18.1.8-coverage-state-load-v1,deepseek-v4-pro-0813-off,post-loop-state,all-arms,dynamic,Omega_hat_StateLoad,302812024,0
dynamic::deepseek-v4-pro-0813-off::all-arms::Omega_hat_StateLoad,deepseek-v4-pro-0813-off::codecontests-test-1617e::short-trace-final,codecontests-test-1617e,c416bb8d3b25fd4c76bdb6e17ff595707f9479e2af79b63f90090979b8df2512:7a8e064d952789abfdfd6043d44530bd5de0228d7963b1c4a3a194695b246bdd:clang-18.1.8-coverage-state-load-v1,deepseek-v4-pro-0813-off,short-trace-final,all-arms,dynamic,Omega_hat_StateLoad,208350789,0
dynamic::deepseek-v4-pro-0813-off::all-arms::Omega_hat_StateLoad,deepseek-v4-pro-0813-off::codecontests-test-1617e::long-trace-final,codecontests-test-1617e,c416bb8d3b25fd4c76bdb6e17ff595707f9479e2af79b63f90090979b8df2512:f34973899b03d91dd93fd9ca7bca992fc2b381fea1800c11fc29bf25c01efe97:clang-18.1.8-coverage-state-load-v1,deepseek-v4-pro-0813-off,long-trace-final,all-arms,dynamic,Omega_hat_StateLoad,4912863519,0
dynamic::deepseek-v4-pro-0813-off::all-arms::Omega_hat_StateLoad,deepseek-v4-pro-0813-off::codecontests-test-1620g::post-loop-state,codecontests-test-1620g,90b42a3a02b64368871b040777d72a1fae560ae9bae9612e2ab271e58b363cec:d17fc49cd397378f23ba09a1d25ed63dd16e1ca27e2fef716941dab7e3d260e9:clang-18.1.8-coverage-state-load-v1,deepseek-v4-pro-0813-off,post-loop-state,all-arms,dynamic,Omega_hat_StateLoad,10058693310,0
dynamic::deepseek-v4-pro-0813-off::all-arms::Omega_hat_StateLoad,deepseek-v4-pro-0813-off::codecontests-test-1620g::short-trace-final,codecontests-test-1620g,dc5b0364fffb69d059ac406180373038b2947bf8b018c0eb5ad6bdab89607c28:47fdb134316707b54ae926b4ba0b8e2ffa13b01f961ee3bdbd4367e9493f9d43:clang-18.1.8-coverage-state-load-v1,deepseek-v4-pro-0813-off,short-trace-final,all-arms,dynamic,Omega_hat_StateLoad,2156032471,0
dynamic::deepseek-v4-pro-0813-off::all-arms::Omega_hat_StateLoad,deepseek-v4-pro-0813-off::codecontests-test-1620g::long-trace-final,codecontests-test-1620g,dc5b0364fffb69d059ac406180373038b2947bf8b018c0eb5ad6bdab89607c28:d17fc49cd397378f23ba09a1d25ed63dd16e1ca27e2fef716941dab7e3d260e9:clang-18.1.8-coverage-state-load-v1,deepseek-v4-pro-0813-off,long-trace-final,all-arms,dynamic,Omega_hat_StateLoad,48229717663,0
dynamic::deepseek-v4-pro-0813-off::all-arms::Omega_hat_StateLoad,deepseek-v4-pro-0813-off::codecontests-test-1620g::inside-loop-state,codecontests-test-1620g,f68b5d2afda3ef6b63ec68b53e390dc857f47e5bdf2f3f2e1081414a31775f0d:d17fc49cd397378f23ba09a1d25ed63dd16e1ca27e2fef716941dab7e3d260e9:clang-18.1.8-coverage-state-load-v1,deepseek-v4-pro-0813-off,inside-loop-state,all-arms,dynamic,Omega_hat_StateLoad,10033525628,0
dynamic::deepseek-v4-pro-0813-off::all-arms::Omega_hat_StateLoad,deepseek-v4-pro-0813-off::codecontests-validation-1552g::short-trace-final,codecontests-validation-1552g,89b65341f1c6fe3a0a9df0a69ade235027daa7f39d3002954f6f632919791b3f:6575c487ddb8c661ec94ac0aa126db71015d196d35a568acfd62ad87a004ec72:clang-18.1.8-coverage-state-load-v1,deepseek-v4-pro-0813-off,short-trace-final,all-arms,dynamic,Omega_hat_StateLoad,95040,1
dynamic::deepseek-v4-pro-0813-off::all-arms::Omega_hat_StateLoad,deepseek-v4-pro-0813-off::codecontests-validation-1552g::long-trace-final,codecontests-validation-1552g,89b65341f1c6fe3a0a9df0a69ade235027daa7f39d3002954f6f632919791b3f:a23a879e789c630dbbae0133f0eb5577c8e5e3a711d2d32ec6d6c244f930f0a1:clang-18.1.8-coverage-state-load-v1,deepseek-v4-pro-0813-off,long-trace-final,all-arms,dynamic,Omega_hat_StateLoad,351855,1
dynamic::deepseek-v4-pro-0813-off::all-arms::Omega_hat_StateLoad,deepseek-v4-pro-0813-off::codecontests-validation-1552g::post-loop-state,codecontests-validation-1552g,b5f0a9481460f80246bf1a24dda90224f8dc49a793565d9ab27a357e86c4e053:a23a879e789c630dbbae0133f0eb5577c8e5e3a711d2d32ec6d6c244f930f0a1:clang-18.1.8-coverage-state-load-v1,deepseek-v4-pro-0813-off,post-loop-state,all-arms,dynamic,Omega_hat_StateLoad,56528,0
dynamic::deepseek-v4-pro-0813-off::all-arms::Omega_hat_StateLoad,deepseek-v4-pro-0813-off::codecontests-validation-1552g::inside-loop-state,codecontests-validation-1552g,feb96da038972104d010503bb0068d9694d4cebae2d34993c61d2dcd7002c600:a23a879e789c630dbbae0133f0eb5577c8e5e3a711d2d32ec6d6c244f930f0a1:clang-18.1.8-coverage-state-load-v1,deepseek-v4-pro-0813-off,inside-loop-state,all-arms,dynamic,Omega_hat_StateLoad,54746,0
dynamic::deepseek-v4-pro-0813-off::all-arms::Omega_hat_StateLoad,deepseek-v4-pro-0813-off::codecontests-validation-1553h::inside-loop-state,codecontests-validation-1553h,261f2a5460690985d0feaadb3435366c997ed89f15809dc921c0a13726ae899d:37a901c4f91c375e5b2ce915089751f68aa2f80e3a9590fee8edc1247ea80612:clang-18.1.8-coverage-state-load-v1,deepseek-v4-pro-0813-off,inside-loop-state,all-arms,dynamic,Omega_hat_StateLoad,270178,0
dynamic::deepseek-v4-pro-0813-off::all-arms::Omega_hat_StateLoad,deepseek-v4-pro-0813-off::codecontests-validation-1553h::long-trace-final,codecontests-validation-1553h,6e44abb67b8129df7e6c9c2bb7f0603020a46107f0b5aaa85480dcf00b6d8ee5:37a901c4f91c375e5b2ce915089751f68aa2f80e3a9590fee8edc1247ea80612:clang-18.1.8-coverage-state-load-v1,deepseek-v4-pro-0813-off,long-trace-final,all-arms,dynamic,Omega_hat_StateLoad,288995,0
dynamic::deepseek-v4-pro-0813-off::all-arms::Omega_hat_StateLoad,deepseek-v4-pro-0813-off::codecontests-validation-1553h::short-trace-final,codecontests-validation-1553h,6e44abb67b8129df7e6c9c2bb7f0603020a46107f0b5aaa85480dcf00b6d8ee5:4f701d041f6b57b35a63af3be10f040298aa86385ad4da04b1daa6df2663a712:clang-18.1.8-coverage-state-load-v1,deepseek-v4-pro-0813-off,short-trace-final,all-arms,dynamic,Omega_hat_StateLoad,7814,0
dynamic::deepseek-v4-pro-0813-off::all-arms::Omega_hat_StateLoad,deepseek-v4-pro-0813-off::codecontests-validation-1553h::post-loop-state,codecontests-validation-1553h,a0fc871a1b48fb4e584cbafab20aa03968f5864a8503fcc17f35616d670b41fb:37a901c4f91c375e5b2ce915089751f68aa2f80e3a9590fee8edc1247ea80612:clang-18.1.8-coverage-state-load-v1,deepseek-v4-pro-0813-off,post-loop-state,all-arms,dynamic,Omega_hat_StateLoad,275715,0
dynamic::deepseek-v4-pro-0813-off::all-arms::Omega_hat_StateLoad,deepseek-v4-pro-0813-off::codecontests-validation-1556f::inside-loop-state,codecontests-validation-1556f,0e7c6745273acd61e256dc45eed260d91a4acbd2606e470d7a226f83219ed9a3:360f25d334dd3eaa6f292d435c7982dff837d18936d1fefe83699b0b1d6fbc85:clang-18.1.8-coverage-state-load-v1,deepseek-v4-pro-0813-off,inside-loop-state,all-arms,dynamic,Omega_hat_StateLoad,329414216,0
dynamic::deepseek-v4-pro-0813-off::all-arms::Omega_hat_StateLoad,deepseek-v4-pro-0813-off::codecontests-validation-1556f::post-loop-state,codecontests-validation-1556f,355b4d9cf793a850c31de90bbad276f4be650b3ce01e56f464054f85d4c2ec45:360f25d334dd3eaa6f292d435c7982dff837d18936d1fefe83699b0b1d6fbc85:clang-18.1.8-coverage-state-load-v1,deepseek-v4-pro-0813-off,post-loop-state,all-arms,dynamic,Omega_hat_StateLoad,28447327936,0
dynamic::deepseek-v4-pro-0813-off::all-arms::Omega_hat_StateLoad,deepseek-v4-pro-0813-off::codecontests-validation-1556f::long-trace-final,codecontests-validation-1556f,67dbad2177030b263347ba9ff0c3aa5d2e1eb57d456d177fad25eee3f31a9a76:360f25d334dd3eaa6f292d435c7982dff837d18936d1fefe83699b0b1d6fbc85:clang-18.1.8-coverage-state-load-v1,deepseek-v4-pro-0813-off,long-trace-final,all-arms,dynamic,Omega_hat_StateLoad,29408855404,0
dynamic::deepseek-v4-pro-0813-off::all-arms::Omega_hat_StateLoad,deepseek-v4-pro-0813-off::codecontests-validation-1556f::short-trace-final,codecontests-validation-1556f,67dbad2177030b263347ba9ff0c3aa5d2e1eb57d456d177fad25eee3f31a9a76:fdcb27265764b2a73c62380d364aa177b18028a2d6fffe621bac5a23affde265:clang-18.1.8-coverage-state-load-v1,deepseek-v4-pro-0813-off,short-trace-final,all-arms,dynamic,Omega_hat_StateLoad,14256,0
dynamic::deepseek-v4-pro-0813-off::all-arms::Omega_hat_StateLoad,deepseek-v4-pro-0813-off::codecontests-validation-1567f::inside-loop-state,codecontests-validation-1567f,05cf93795d2245abb6f842b4f278fe70746b159f5aba398e285981a3d3ab0415:5ca513ae33f231741e8f5bce074557104f0ac96debe4329731eb41fe859f6fa9:clang-18.1.8-coverage-state-load-v1,deepseek-v4-pro-0813-off,inside-loop-state,all-arms,dynamic,Omega_hat_StateLoad,978954476445,0
dynamic::deepseek-v4-pro-0813-off::all-arms::Omega_hat_StateLoad,deepseek-v4-pro-0813-off::codecontests-validation-1567f::long-trace-final,codecontests-validation-1567f,1d2e0467d959ffad5c713fa10c2142c44b5f542e00ce390504aea6f73e976053:5ca513ae33f231741e8f5bce074557104f0ac96debe4329731eb41fe859f6fa9:clang-18.1.8-coverage-state-load-v1,deepseek-v4-pro-0813-off,long-trace-final,all-arms,dynamic,Omega_hat_StateLoad,981523833176,0
dynamic::deepseek-v4-pro-0813-off::all-arms::Omega_hat_StateLoad,deepseek-v4-pro-0813-off::codecontests-validation-1567f::short-trace-final,codecontests-validation-1567f,1d2e0467d959ffad5c713fa10c2142c44b5f542e00ce390504aea6f73e976053:8ac1f9fa9e2847575b2ced3fd892b2845557a6c485f5fa9413a699b8efbc3ad3:clang-18.1.8-coverage-state-load-v1,deepseek-v4-pro-0813-off,short-trace-final,all-arms,dynamic,Omega_hat_StateLoad,977810827294,0
dynamic::deepseek-v4-pro-0813-off::all-arms::Omega_hat_StateLoad,deepseek-v4-pro-0813-off::codecontests-validation-1567f::post-loop-state,codecontests-validation-1567f,91b04a25af0d8354eca4b22a5c307be7e0d71719c1e56c1036c67f37cec6a7d0:5ca513ae33f231741e8f5bce074557104f0ac96debe4329731eb41fe859f6fa9:clang-18.1.8-coverage-state-load-v1,deepseek-v4-pro-0813-off,post-loop-state,all-arms,dynamic,Omega_hat_StateLoad,978984848378,0
dynamic::deepseek-v4-pro-0813-off::all-arms::Omega_hat_StateLoad,deepseek-v4-pro-0813-off::codecontests-validation-1569e::inside-loop-state,codecontests-validation-1569e,8c7846a3a40110fa05257b67da8e6f63f945c711305a1df88b97e8d00396db64:b5fabe923ecc6b7534566fbeb72577fd896c2d74b9374afe3bed49a16217cf73:clang-18.1.8-coverage-state-load-v1,deepseek-v4-pro-0813-off,inside-loop-state,all-arms,dynamic,Omega_hat_StateLoad,28664383,0
dynamic::deepseek-v4-pro-0813-off::all-arms::Omega_hat_StateLoad,deepseek-v4-pro-0813-off::codecontests-validation-1569e::post-loop-state,codecontests-validation-1569e,b6b18517a3e59e80fb145dd8b32144c363e2872690c8f1c80a42a71bbc7adff3:b5fabe923ecc6b7534566fbeb72577fd896c2d74b9374afe3bed49a16217cf73:clang-18.1.8-coverage-state-load-v1,deepseek-v4-pro-0813-off,post-loop-state,all-arms,dynamic,Omega_hat_StateLoad,314421572899,0
dynamic::deepseek-v4-pro-0813-off::all-arms::Omega_hat_StateLoad,deepseek-v4-pro-0813-off::codecontests-validation-1569e::short-trace-final,codecontests-validation-1569e,d7b30d4383431a38ca1bd0ea4847aec892b939921afb04a5e0975d8dfe5a98c9:479def58965386a05050611157259ef82bfeb49b520e8bff8f6ffde3b23af8a8:clang-18.1.8-coverage-state-load-v1,deepseek-v4-pro-0813-off,short-trace-final,all-arms,dynamic,Omega_hat_StateLoad,2080621,0
dynamic::deepseek-v4-pro-0813-off::all-arms::Omega_hat_StateLoad,deepseek-v4-pro-0813-off::codecontests-validation-1569e::long-trace-final,codecontests-validation-1569e,d7b30d4383431a38ca1bd0ea4847aec892b939921afb04a5e0975d8dfe5a98c9:b5fabe923ecc6b7534566fbeb72577fd896c2d74b9374afe3bed49a16217cf73:clang-18.1.8-coverage-state-load-v1,deepseek-v4-pro-0813-off,long-trace-final,all-arms,dynamic,Omega_hat_StateLoad,1344652839825,0
dynamic::deepseek-v4-pro-0813-off::all-arms::Omega_hat_StateLoad,deepseek-v4-pro-0813-off::codecontests-validation-1569f::long-trace-final,codecontests-validation-1569f,2301e337b5fb3f9549acef3c07f9bd5019e6234c7a2311a7c4f57763e18e5b83:0b0d290fe1c8a4b6c275d3cd68f10e26117cce6a7a535e05cb67a9483c2ca982:clang-18.1.8-coverage-state-load-v1,deepseek-v4-pro-0813-off,long-trace-final,all-arms,dynamic,Omega_hat_StateLoad,31005550097240,1
dynamic::deepseek-v4-pro-0813-off::all-arms::Omega_hat_StateLoad,deepseek-v4-pro-0813-off::codecontests-validation-1569f::short-trace-final,codecontests-validation-1569f,2301e337b5fb3f9549acef3c07f9bd5019e6234c7a2311a7c4f57763e18e5b83:26b7657bcd3b796488b0a9677b14cced50fbbf3da549885bc44c2917cf610cff:clang-18.1.8-coverage-state-load-v1,deepseek-v4-pro-0813-off,short-trace-final,all-arms,dynamic,Omega_hat_StateLoad,30961555303243,0
dynamic::deepseek-v4-pro-0813-off::all-arms::Omega_hat_StateLoad,deepseek-v4-pro-0813-off::codecontests-validation-1569f::post-loop-state,codecontests-validation-1569f,9b44483ac309757aa4c354b7152a87dcbcef7f14befc99fd5d5420fba2550477:0b0d290fe1c8a4b6c275d3cd68f10e26117cce6a7a535e05cb67a9483c2ca982:clang-18.1.8-coverage-state-load-v1,deepseek-v4-pro-0813-off,post-loop-state,all-arms,dynamic,Omega_hat_StateLoad,30965722726988,0
dynamic::deepseek-v4-pro-0813-off::all-arms::Omega_hat_StateLoad,deepseek-v4-pro-0813-off::codecontests-validation-1569f::inside-loop-state,codecontests-validation-1569f,bd6341080b17f11d66607db0012ce4f3cf4107ce205c35c39ff21ea2a4d40857:0b0d290fe1c8a4b6c275d3cd68f10e26117cce6a7a535e05cb67a9483c2ca982:clang-18.1.8-coverage-state-load-v1,deepseek-v4-pro-0813-off,inside-loop-state,all-arms,dynamic,Omega_hat_StateLoad,30965699084189,0
dynamic::deepseek-v4-pro-0813-off::all-arms::Omega_hat_StateLoad,deepseek-v4-pro-0813-off::codecontests-validation-1572d::post-loop-state,codecontests-validation-1572d,10b3ea8d407a851cbb94d856638ba9ee3b5658eb0b43ab595c686887ee58e23a:2215213a1789f807060a057e634ddb262a27f09b8292f964f58f42acbe1d0616:clang-18.1.8-coverage-state-load-v1,deepseek-v4-pro-0813-off,post-loop-state,all-arms,dynamic,Omega_hat_StateLoad,10976962293,0
dynamic::deepseek-v4-pro-0813-off::all-arms::Omega_hat_StateLoad,deepseek-v4-pro-0813-off::codecontests-validation-1572d::long-trace-final,codecontests-validation-1572d,4ef728a87836baeb0af64467718c76401006223c75d5b80c74b59eb56b109b72:2215213a1789f807060a057e634ddb262a27f09b8292f964f58f42acbe1d0616:clang-18.1.8-coverage-state-load-v1,deepseek-v4-pro-0813-off,long-trace-final,all-arms,dynamic,Omega_hat_StateLoad,9933542529,0
dynamic::deepseek-v4-pro-0813-off::all-arms::Omega_hat_StateLoad,deepseek-v4-pro-0813-off::codecontests-validation-1572d::short-trace-final,codecontests-validation-1572d,4ef728a87836baeb0af64467718c76401006223c75d5b80c74b59eb56b109b72:eb418658a51efc355a88b1c44df821bcabf17ae92e052c3f3f3790755404491d:clang-18.1.8-coverage-state-load-v1,deepseek-v4-pro-0813-off,short-trace-final,all-arms,dynamic,Omega_hat_StateLoad,4040733206,0
dynamic::deepseek-v4-pro-0813-off::all-arms::Omega_hat_StateLoad,deepseek-v4-pro-0813-off::codecontests-validation-1572d::inside-loop-state,codecontests-validation-1572d,e4be3de81a2d2af89166e441b8d5adf8e73d19e2c217707d996b1af00c028ff1:2215213a1789f807060a057e634ddb262a27f09b8292f964f58f42acbe1d0616:clang-18.1.8-coverage-state-load-v1,deepseek-v4-pro-0813-off,inside-loop-state,all-arms,dynamic,Omega_hat_StateLoad,10817965812,0
dynamic::deepseek-v4-pro-0813-off::all-arms::Omega_hat_StateLoad,deepseek-v4-pro-0813-off::codecontests-validation-1572e::post-loop-state,codecontests-validation-1572e,437fad31af4f51960c3b7aff0ceecd6ad236aeccd08417e320d5ef307f021027:ce0eb773178bbc4bdc901ed4555433f201b9cbbd416231d7a0b82b41c1e59270:clang-18.1.8-coverage-state-load-v1,deepseek-v4-pro-0813-off,post-loop-state,all-arms,dynamic,Omega_hat_StateLoad,284284662,0
dynamic::deepseek-v4-pro-0813-off::all-arms::Omega_hat_StateLoad,deepseek-v4-pro-0813-off::codecontests-validation-1572e::inside-loop-state,codecontests-validation-1572e,a29023c7f4c26bae0b4eef37581882d729a33402e3f2d96d9c4e4e82f216cc0f:ce0eb773178bbc4bdc901ed4555433f201b9cbbd416231d7a0b82b41c1e59270:clang-18.1.8-coverage-state-load-v1,deepseek-v4-pro-0813-off,inside-loop-state,all-arms,dynamic,Omega_hat_StateLoad,268420712,0
dynamic::deepseek-v4-pro-0813-off::all-arms::Omega_hat_StateLoad,deepseek-v4-pro-0813-off::codecontests-validation-1572e::short-trace-final,codecontests-validation-1572e,c6871efc570f44806a970f43053b081d731f519c2b4a95b2aa54ee53df958fcf:c8391dd8e574d61edf3a7c188f1bce010f51566bb2347b029afb3faa08679767:clang-18.1.8-coverage-state-load-v1,deepseek-v4-pro-0813-off,short-trace-final,all-arms,dynamic,Omega_hat_StateLoad,2943713730,0
dynamic::deepseek-v4-pro-0813-off::all-arms::Omega_hat_StateLoad,deepseek-v4-pro-0813-off::codecontests-validation-1572e::long-trace-final,codecontests-validation-1572e,c6871efc570f44806a970f43053b081d731f519c2b4a95b2aa54ee53df958fcf:ce0eb773178bbc4bdc901ed4555433f201b9cbbd416231d7a0b82b41c1e59270:clang-18.1.8-coverage-state-load-v1,deepseek-v4-pro-0813-off,long-trace-final,all-arms,dynamic,Omega_hat_StateLoad,17161896034,0
dynamic::deepseek-v4-pro-0813-off::all-arms::Omega_hat_StateLoad,deepseek-v4-pro-0813-off::codecontests-validation-1574f::post-loop-state,codecontests-validation-1574f,121cb978200a7d65abf8d20a567bf9a991547f94cb17d49e90c39970b27fb179:03d3d7a8c8364341064965d240bc633999a3624096573e7dd9ff9b2e4332d221:clang-18.1.8-coverage-state-load-v1,deepseek-v4-pro-0813-off,post-loop-state,all-arms,dynamic,Omega_hat_StateLoad,51166072353683,0
dynamic::deepseek-v4-pro-0813-off::all-arms::Omega_hat_StateLoad,deepseek-v4-pro-0813-off::codecontests-validation-1574f::inside-loop-state,codecontests-validation-1574f,54d2aa075790d96b16094d1110b1ff4cc42e649f39b55cf10a14e19f5a25bdd0:03d3d7a8c8364341064965d240bc633999a3624096573e7dd9ff9b2e4332d221:clang-18.1.8-coverage-state-load-v1,deepseek-v4-pro-0813-off,inside-loop-state,all-arms,dynamic,Omega_hat_StateLoad,35511036245914,0
dynamic::deepseek-v4-pro-0813-off::all-arms::Omega_hat_StateLoad,deepseek-v4-pro-0813-off::codecontests-validation-1574f::long-trace-final,codecontests-validation-1574f,7daa73692acaf41812edcde3c45ecdfa6e0c91a99ce6e3557836323cf0386084:03d3d7a8c8364341064965d240bc633999a3624096573e7dd9ff9b2e4332d221:clang-18.1.8-coverage-state-load-v1,deepseek-v4-pro-0813-off,long-trace-final,all-arms,dynamic,Omega_hat_StateLoad,29414118644551660,0
dynamic::deepseek-v4-pro-0813-off::all-arms::Omega_hat_StateLoad,deepseek-v4-pro-0813-off::codecontests-validation-1574f::short-trace-final,codecontests-validation-1574f,7daa73692acaf41812edcde3c45ecdfa6e0c91a99ce6e3557836323cf0386084:a00a4e49bac1dc0515ea109cbef81f6fec9f42207b2ac47d95d4f9fb95859331:clang-18.1.8-coverage-state-load-v1,deepseek-v4-pro-0813-off,short-trace-final,all-arms,dynamic,Omega_hat_StateLoad,228330,0
dynamic::deepseek-v4-pro-0813-off::all-arms::Omega_hat_StateSize,deepseek-v4-pro-0813-off::codecontests-test-1580b::post-loop-state,codecontests-test-1580b,651daa060f41dcbf742f65839b776fde4796201d3b99d00773278bba61645417:01bf10bc19e4055efc275e06e8439f42cb308446a927457954f085b1c36f701a:clang-18.1.8-coverage-state-load-v1,deepseek-v4-pro-0813-off,post-loop-state,all-arms,dynamic,Omega_hat_StateSize,1082352,0
dynamic::deepseek-v4-pro-0813-off::all-arms::Omega_hat_StateSize,deepseek-v4-pro-0813-off::codecontests-test-1580b::inside-loop-state,codecontests-test-1580b,de821758d705b3efd9657c5b7021e5d724533788eed2c97f5213f6ee05a90127:01bf10bc19e4055efc275e06e8439f42cb308446a927457954f085b1c36f701a:clang-18.1.8-coverage-state-load-v1,deepseek-v4-pro-0813-off,inside-loop-state,all-arms,dynamic,Omega_hat_StateSize,1082353,0
dynamic::deepseek-v4-pro-0813-off::all-arms::Omega_hat_StateSize,deepseek-v4-pro-0813-off::codecontests-test-1580b::long-trace-final,codecontests-test-1580b,e49cc24f56c43dda6796ffbf38185eb1f4f689c19e9ec2b7010717fbd33f09cd:01bf10bc19e4055efc275e06e8439f42cb308446a927457954f085b1c36f701a:clang-18.1.8-coverage-state-load-v1,deepseek-v4-pro-0813-off,long-trace-final,all-arms,dynamic,Omega_hat_StateSize,1082455,0
dynamic::deepseek-v4-pro-0813-off::all-arms::Omega_hat_StateSize,deepseek-v4-pro-0813-off::codecontests-test-1580b::short-trace-final,codecontests-test-1580b,e49cc24f56c43dda6796ffbf38185eb1f4f689c19e9ec2b7010717fbd33f09cd:4badc34556ceafd1c2c4699ce5b2a3bc32594a4b7e29c24a4068f61563022cdc:clang-18.1.8-coverage-state-load-v1,deepseek-v4-pro-0813-off,short-trace-final,all-arms,dynamic,Omega_hat_StateSize,1082351,0
dynamic::deepseek-v4-pro-0813-off::all-arms::Omega_hat_StateSize,deepseek-v4-pro-0813-off::codecontests-test-1580f::short-trace-final,codecontests-test-1580f,14ddc455906166c8cc9ba66260dd1ee85ca6354b865eda03f0f3871dae33ae17:66cad223eb4b52b45ee49a6f14a923756f9c308fb0a2f62f02808d1d2491969e:clang-18.1.8-coverage-state-load-v1,deepseek-v4-pro-0813-off,short-trace-final,all-arms,dynamic,Omega_hat_StateSize,840185,0
dynamic::deepseek-v4-pro-0813-off::all-arms::Omega_hat_StateSize,deepseek-v4-pro-0813-off::codecontests-test-1580f::long-trace-final,codecontests-test-1580f,14ddc455906166c8cc9ba66260dd1ee85ca6354b865eda03f0f3871dae33ae17:d72b57384d564b166e605cb1fe15b30202227d8df8021b4e67f0275e92852971:clang-18.1.8-coverage-state-load-v1,deepseek-v4-pro-0813-off,long-trace-final,all-arms,dynamic,Omega_hat_StateSize,840619,0
dynamic::deepseek-v4-pro-0813-off::all-arms::Omega_hat_StateSize,deepseek-v4-pro-0813-off::codecontests-test-1580f::post-loop-state,codecontests-test-1580f,8526c634fe8de6d447557c0456ea3013ff50b851688579983204c869ac4dcb57:d72b57384d564b166e605cb1fe15b30202227d8df8021b4e67f0275e92852971:clang-18.1.8-coverage-state-load-v1,deepseek-v4-pro-0813-off,post-loop-state,all-arms,dynamic,Omega_hat_StateSize,840524,0
dynamic::deepseek-v4-pro-0813-off::all-arms::Omega_hat_StateSize,deepseek-v4-pro-0813-off::codecontests-test-1580f::inside-loop-state,codecontests-test-1580f,bfcc98152560bffe5dfc4d96ac7ad6087d8a47a1cf596714f45a7366a323508a:d72b57384d564b166e605cb1fe15b30202227d8df8021b4e67f0275e92852971:clang-18.1.8-coverage-state-load-v1,deepseek-v4-pro-0813-off,inside-loop-state,all-arms,dynamic,Omega_hat_StateSize,840524,0
dynamic::deepseek-v4-pro-0813-off::all-arms::Omega_hat_StateSize,deepseek-v4-pro-0813-off::codecontests-test-1586f::long-trace-final,codecontests-test-1586f,50fa6366595a53ba7e82bd4bc65563c718c29a2a4b9c1b4e6f80fab5bdeabd90:e7a0a218331b68b73ad7ba079fd54be2a7cd8090a6e96eba3f4ee3001dc1d2dc:clang-18.1.8-coverage-state-load-v1,deepseek-v4-pro-0813-off,long-trace-final,all-arms,dynamic,Omega_hat_StateSize,1011696,0
dynamic::deepseek-v4-pro-0813-off::all-arms::Omega_hat_StateSize,deepseek-v4-pro-0813-off::codecontests-test-1586f::short-trace-final,codecontests-test-1586f,50fa6366595a53ba7e82bd4bc65563c718c29a2a4b9c1b4e6f80fab5bdeabd90:ece3d232c1ca9ef8a80b6fdb1585b8f5cf653b9dd023b0521c8da64db859ffac:clang-18.1.8-coverage-state-load-v1,deepseek-v4-pro-0813-off,short-trace-final,all-arms,dynamic,Omega_hat_StateSize,1011054,0
dynamic::deepseek-v4-pro-0813-off::all-arms::Omega_hat_StateSize,deepseek-v4-pro-0813-off::codecontests-test-1586f::inside-loop-state,codecontests-test-1586f,c2fff1ad8c28452ca3e75e2efc59934a22d91572d3cde13bc7c743de6d34b147:e7a0a218331b68b73ad7ba079fd54be2a7cd8090a6e96eba3f4ee3001dc1d2dc:clang-18.1.8-coverage-state-load-v1,deepseek-v4-pro-0813-off,inside-loop-state,all-arms,dynamic,Omega_hat_StateSize,1011696,0
dynamic::deepseek-v4-pro-0813-off::all-arms::Omega_hat_StateSize,deepseek-v4-pro-0813-off::codecontests-test-1586f::post-loop-state,codecontests-test-1586f,cf6f023469c0bb5ffbb00877e5468516893961999aa07f0ecb8ade5ed40b2096:e7a0a218331b68b73ad7ba079fd54be2a7cd8090a6e96eba3f4ee3001dc1d2dc:clang-18.1.8-coverage-state-load-v1,deepseek-v4-pro-0813-off,post-loop-state,all-arms,dynamic,Omega_hat_StateSize,1011696,0
dynamic::deepseek-v4-pro-0813-off::all-arms::Omega_hat_StateSize,deepseek-v4-pro-0813-off::codecontests-test-1598f::short-trace-final,codecontests-test-1598f,c86397161467c48a05a8a1c3b9d9cdc968122973e7759a52edbfee55607a0c48:0c302e793e9db86915c6163fbabb9d0a9976859eb54448cb12f96c3a4ff52328:clang-18.1.8-coverage-state-load-v1,deepseek-v4-pro-0813-off,short-trace-final,all-arms,dynamic,Omega_hat_StateSize,20,0
dynamic::deepseek-v4-pro-0813-off::all-arms::Omega_hat_StateSize,deepseek-v4-pro-0813-off::codecontests-test-1598f::long-trace-final,codecontests-test-1598f,c86397161467c48a05a8a1c3b9d9cdc968122973e7759a52edbfee55607a0c48:7035767df0d876ec6a211af258eda3b340f5ba719f1d3c8f30d890596458ed17:clang-18.1.8-coverage-state-load-v1,deepseek-v4-pro-0813-off,long-trace-final,all-arms,dynamic,Omega_hat_StateSize,1483,0
dynamic::deepseek-v4-pro-0813-off::all-arms::Omega_hat_StateSize,deepseek-v4-pro-0813-off::codecontests-test-1598f::post-loop-state,codecontests-test-1598f,cb278e842ab865add5e5b08afeae6d96c07cdcbf64ca0a38de643e3879f68585:7035767df0d876ec6a211af258eda3b340f5ba719f1d3c8f30d890596458ed17:clang-18.1.8-coverage-state-load-v1,deepseek-v4-pro-0813-off,post-loop-state,all-arms,dynamic,Omega_hat_StateSize,1199,0
dynamic::deepseek-v4-pro-0813-off::all-arms::Omega_hat_StateSize,deepseek-v4-pro-0813-off::codecontests-test-1598f::inside-loop-state,codecontests-test-1598f,f41875fa3f7692eefec1a62e67928717fb5e40acf042c603e3120e581750a59b:7035767df0d876ec6a211af258eda3b340f5ba719f1d3c8f30d890596458ed17:clang-18.1.8-coverage-state-load-v1,deepseek-v4-pro-0813-off,inside-loop-state,all-arms,dynamic,Omega_hat_StateSize,1199,0
dynamic::deepseek-v4-pro-0813-off::all-arms::Omega_hat_StateSize,deepseek-v4-pro-0813-off::codecontests-test-1599d::inside-loop-state,codecontests-test-1599d,0a2dad56c9e815f7f708d26c2a62b89ce07f5ea76c71a50f36d86924cf05b943:e4a285c493f93a570627f5a05671eae6a4363f4464831e0f98d5ba3690d0ee67:clang-18.1.8-coverage-state-load-v1,deepseek-v4-pro-0813-off,inside-loop-state,all-arms,dynamic,Omega_hat_StateSize,4002178,0
dynamic::deepseek-v4-pro-0813-off::all-arms::Omega_hat_StateSize,deepseek-v4-pro-0813-off::codecontests-test-1599d::short-trace-final,codecontests-test-1599d,933b32aa65d3b25d1afa06e801f5b72dff619eaf7fc4ac6a4a0270e85d49214c:665093871dbe3de8e75d8a816a8378ca11e9e560947ddf4d94207a1e2173820b:clang-18.1.8-coverage-state-load-v1,deepseek-v4-pro-0813-off,short-trace-final,all-arms,dynamic,Omega_hat_StateSize,4002117,0
dynamic::deepseek-v4-pro-0813-off::all-arms::Omega_hat_StateSize,deepseek-v4-pro-0813-off::codecontests-test-1599d::long-trace-final,codecontests-test-1599d,933b32aa65d3b25d1afa06e801f5b72dff619eaf7fc4ac6a4a0270e85d49214c:e4a285c493f93a570627f5a05671eae6a4363f4464831e0f98d5ba3690d0ee67:clang-18.1.8-coverage-state-load-v1,deepseek-v4-pro-0813-off,long-trace-final,all-arms,dynamic,Omega_hat_StateSize,4002178,0
dynamic::deepseek-v4-pro-0813-off::all-arms::Omega_hat_StateSize,deepseek-v4-pro-0813-off::codecontests-test-1599d::post-loop-state,codecontests-test-1599d,aa9020619d95e0c11306c231f42dc16fbedc1b8833557cfba9a3855ceab5d625:e4a285c493f93a570627f5a05671eae6a4363f4464831e0f98d5ba3690d0ee67:clang-18.1.8-coverage-state-load-v1,deepseek-v4-pro-0813-off,post-loop-state,all-arms,dynamic,Omega_hat_StateSize,4002178,0
dynamic::deepseek-v4-pro-0813-off::all-arms::Omega_hat_StateSize,deepseek-v4-pro-0813-off::codecontests-test-1599j::post-loop-state,codecontests-test-1599j,3435dafe215df6aaa0d67c6cfc947efc0a0e44650fe50967a6ba0b248d4b7fe6:cf6d365ac492de069f119d50091851656ea5679fa08c558d3f071a383b4e0df0:clang-18.1.8-coverage-state-load-v1,deepseek-v4-pro-0813-off,post-loop-state,all-arms,dynamic,Omega_hat_StateSize,522,0
dynamic::deepseek-v4-pro-0813-off::all-arms::Omega_hat_StateSize,deepseek-v4-pro-0813-off::codecontests-test-1599j::short-trace-final,codecontests-test-1599j,ab4e36e90fc02ef9ec4e2ca7dec9cf4caee8e6aaeed78b0ea3ac83c28ac8147c:15a15c047478f3e0e3cab6ed3f632a29e89952fba136b5a78394d1c0ad79c6e5:clang-18.1.8-coverage-state-load-v1,deepseek-v4-pro-0813-off,short-trace-final,all-arms,dynamic,Omega_hat_StateSize,70,0
dynamic::deepseek-v4-pro-0813-off::all-arms::Omega_hat_StateSize,deepseek-v4-pro-0813-off::codecontests-test-1599j::long-trace-final,codecontests-test-1599j,ab4e36e90fc02ef9ec4e2ca7dec9cf4caee8e6aaeed78b0ea3ac83c28ac8147c:cf6d365ac492de069f119d50091851656ea5679fa08c558d3f071a383b4e0df0:clang-18.1.8-coverage-state-load-v1,deepseek-v4-pro-0813-off,long-trace-final,all-arms,dynamic,Omega_hat_StateSize,930,1
dynamic::deepseek-v4-pro-0813-off::all-arms::Omega_hat_StateSize,deepseek-v4-pro-0813-off::codecontests-test-1599j::inside-loop-state,codecontests-test-1599j,b327432c0b51f79599142f457651ed07c753892f7bc8fc32eae261455a14a8df:cf6d365ac492de069f119d50091851656ea5679fa08c558d3f071a383b4e0df0:clang-18.1.8-coverage-state-load-v1,deepseek-v4-pro-0813-off,inside-loop-state,all-arms,dynamic,Omega_hat_StateSize,479,0
dynamic::deepseek-v4-pro-0813-off::all-arms::Omega_hat_StateSize,deepseek-v4-pro-0813-off::codecontests-test-1603e::long-trace-final,codecontests-test-1603e,d7fe25a19d626e555247a54b1650138c821111d60e20cca5c73ec3112ca1e525:16115f14b1d3589d0841b36fa922b477b58347dad5e3d021df0ae33ab64fa7a6:clang-18.1.8-coverage-state-load-v1,deepseek-v4-pro-0813-off,long-trace-final,all-arms,dynamic,Omega_hat_StateSize,1478716,0
dynamic::deepseek-v4-pro-0813-off::all-arms::Omega_hat_StateSize,deepseek-v4-pro-0813-off::codecontests-test-1603e::short-trace-final,codecontests-test-1603e,d7fe25a19d626e555247a54b1650138c821111d60e20cca5c73ec3112ca1e525:56128c78d54bd858b1f0a7710cc6ed6c0ee23efbe9034d42dc8ce6339a26f6bf:clang-18.1.8-coverage-state-load-v1,deepseek-v4-pro-0813-off,short-trace-final,all-arms,dynamic,Omega_hat_StateSize,1478716,0
dynamic::deepseek-v4-pro-0813-off::all-arms::Omega_hat_StateSize,deepseek-v4-pro-0813-off::codecontests-test-1603e::inside-loop-state,codecontests-test-1603e,f3186b205da6d6dcc9ea29d1c2d2e8b3e694f96a5c55cf87108c065fb309d17d:16115f14b1d3589d0841b36fa922b477b58347dad5e3d021df0ae33ab64fa7a6:clang-18.1.8-coverage-state-load-v1,deepseek-v4-pro-0813-off,inside-loop-state,all-arms,dynamic,Omega_hat_StateSize,1478716,0
dynamic::deepseek-v4-pro-0813-off::all-arms::Omega_hat_StateSize,deepseek-v4-pro-0813-off::codecontests-test-1603e::post-loop-state,codecontests-test-1603e,f412e755c350f9ce1c88cfff52e57c62ae92474f822504d6558ee65de9e4ed4d:16115f14b1d3589d0841b36fa922b477b58347dad5e3d021df0ae33ab64fa7a6:clang-18.1.8-coverage-state-load-v1,deepseek-v4-pro-0813-off,post-loop-state,all-arms,dynamic,Omega_hat_StateSize,1478716,0
dynamic::deepseek-v4-pro-0813-off::all-arms::Omega_hat_StateSize,deepseek-v4-pro-0813-off::codecontests-test-1608e::short-trace-final,codecontests-test-1608e,646dbc65fdea7bc8e3170908e4578902800b470e97d05e2454f0d26884e92df7:a2f5b5c4b5f17740e75fa5913cbf0bcde3191c7cb615765a3dfa89ab90e0e728:clang-18.1.8-coverage-state-load-v1,deepseek-v4-pro-0813-off,short-trace-final,all-arms,dynamic,Omega_hat_StateSize,25200111,1
dynamic::deepseek-v4-pro-0813-off::all-arms::Omega_hat_StateSize,deepseek-v4-pro-0813-off::codecontests-test-1608e::long-trace-final,codecontests-test-1608e,646dbc65fdea7bc8e3170908e4578902800b470e97d05e2454f0d26884e92df7:f55be964bd2cc68afe5b9ad8f942604e10918169e7160750406727f80984c504:clang-18.1.8-coverage-state-load-v1,deepseek-v4-pro-0813-off,long-trace-final,all-arms,dynamic,Omega_hat_StateSize,25200169,0
dynamic::deepseek-v4-pro-0813-off::all-arms::Omega_hat_StateSize,deepseek-v4-pro-0813-off::codecontests-test-1608e::inside-loop-state,codecontests-test-1608e,667c28dbcfd364ae586ae9cd21bf6fd959db38f0147f2a6cb6289ec447eb9a22:f55be964bd2cc68afe5b9ad8f942604e10918169e7160750406727f80984c504:clang-18.1.8-coverage-state-load-v1,deepseek-v4-pro-0813-off,inside-loop-state,all-arms,dynamic,Omega_hat_StateSize,25200162,0
dynamic::deepseek-v4-pro-0813-off::all-arms::Omega_hat_StateSize,deepseek-v4-pro-0813-off::codecontests-test-1608e::post-loop-state,codecontests-test-1608e,b3c2da25bedf53cb9761b05fae26f46e4cf88607b5e31132dd26180b52bbaf2b:f55be964bd2cc68afe5b9ad8f942604e10918169e7160750406727f80984c504:clang-18.1.8-coverage-state-load-v1,deepseek-v4-pro-0813-off,post-loop-state,all-arms,dynamic,Omega_hat_StateSize,25200162,0
dynamic::deepseek-v4-pro-0813-off::all-arms::Omega_hat_StateSize,deepseek-v4-pro-0813-off::codecontests-test-1608f::short-trace-final,codecontests-test-1608f,3b1188cf9f4294e77fd38eb7d8098dfcfb19fbdd0ef6e9a3fe8d63adfeb2abbf:8ad616db4fe9bd467b7ab16879f97c77503d2b22431ce9705293bfe707f20a7f:clang-18.1.8-coverage-state-load-v1,deepseek-v4-pro-0813-off,short-trace-final,all-arms,dynamic,Omega_hat_StateSize,457776,0
dynamic::deepseek-v4-pro-0813-off::all-arms::Omega_hat_StateSize,deepseek-v4-pro-0813-off::codecontests-test-1608f::long-trace-final,codecontests-test-1608f,3b1188cf9f4294e77fd38eb7d8098dfcfb19fbdd0ef6e9a3fe8d63adfeb2abbf:b3e5d9410e92ec6feb64678dbc4fc691cb4660d89a83baf0e0a219123c05b450:clang-18.1.8-coverage-state-load-v1,deepseek-v4-pro-0813-off,long-trace-final,all-arms,dynamic,Omega_hat_StateSize,457776,0
dynamic::deepseek-v4-pro-0813-off::all-arms::Omega_hat_StateSize,deepseek-v4-pro-0813-off::codecontests-test-1608f::inside-loop-state,codecontests-test-1608f,9864fd100347bbad0e115c788da3250c68253007614da622a5ee02799527370f:b3e5d9410e92ec6feb64678dbc4fc691cb4660d89a83baf0e0a219123c05b450:clang-18.1.8-coverage-state-load-v1,deepseek-v4-pro-0813-off,inside-loop-state,all-arms,dynamic,Omega_hat_StateSize,463089,0
dynamic::deepseek-v4-pro-0813-off::all-arms::Omega_hat_StateSize,deepseek-v4-pro-0813-off::codecontests-test-1608f::post-loop-state,codecontests-test-1608f,ef77878c7f3b869738b3ff6a4965c679f33909d0914e136f66f6c522b7b20c01:b3e5d9410e92ec6feb64678dbc4fc691cb4660d89a83baf0e0a219123c05b450:clang-18.1.8-coverage-state-load-v1,deepseek-v4-pro-0813-off,post-loop-state,all-arms,dynamic,Omega_hat_StateSize,463088,0
dynamic::deepseek-v4-pro-0813-off::all-arms::Omega_hat_StateSize,deepseek-v4-pro-0813-off::codecontests-test-1615g::post-loop-state,codecontests-test-1615g,0933389f16bc0f8f1a15f83914fd800b2881de1ed6b02e9104c48207b1cde312:73a6420953313f0860ecac8f963f63bd594f27eacb54f75047c6e7f224445982:clang-18.1.8-coverage-state-load-v1,deepseek-v4-pro-0813-off,post-loop-state,all-arms,dynamic,Omega_hat_StateSize,1108,0
dynamic::deepseek-v4-pro-0813-off::all-arms::Omega_hat_StateSize,deepseek-v4-pro-0813-off::codecontests-test-1615g::inside-loop-state,codecontests-test-1615g,acc1b2cc8cfb5ad702c4fd69f49f49e609d604888c2fc3c44a8fa83a57d3de81:73a6420953313f0860ecac8f963f63bd594f27eacb54f75047c6e7f224445982:clang-18.1.8-coverage-state-load-v1,deepseek-v4-pro-0813-off,inside-loop-state,all-arms,dynamic,Omega_hat_StateSize,1108,0
dynamic::deepseek-v4-pro-0813-off::all-arms::Omega_hat_StateSize,deepseek-v4-pro-0813-off::codecontests-test-1615g::long-trace-final,codecontests-test-1615g,ad373333e07dc4e3b058568facb985af09bac3ef8991907c430b33236999f394:73a6420953313f0860ecac8f963f63bd594f27eacb54f75047c6e7f224445982:clang-18.1.8-coverage-state-load-v1,deepseek-v4-pro-0813-off,long-trace-final,all-arms,dynamic,Omega_hat_StateSize,1108,0
dynamic::deepseek-v4-pro-0813-off::all-arms::Omega_hat_StateSize,deepseek-v4-pro-0813-off::codecontests-test-1615g::short-trace-final,codecontests-test-1615g,ad373333e07dc4e3b058568facb985af09bac3ef8991907c430b33236999f394:8b8d92f6cd116121a9e352a9d6bbbeea5f82cc1c848aaea202eee9901fb39d86:clang-18.1.8-coverage-state-load-v1,deepseek-v4-pro-0813-off,short-trace-final,all-arms,dynamic,Omega_hat_StateSize,70,1
dynamic::deepseek-v4-pro-0813-off::all-arms::Omega_hat_StateSize,deepseek-v4-pro-0813-off::codecontests-test-1615h::post-loop-state,codecontests-test-1615h,6bac151ec0f25226a8145178cf0e367fb811beb86ff6196070e20565c4d00642:76e3b7b1ea299988012bab23cbfde0d8790d1c57e7f0994947beee3f546bc9a5:clang-18.1.8-coverage-state-load-v1,deepseek-v4-pro-0813-off,post-loop-state,all-arms,dynamic,Omega_hat_StateSize,32763,0
dynamic::deepseek-v4-pro-0813-off::all-arms::Omega_hat_StateSize,deepseek-v4-pro-0813-off::codecontests-test-1615h::long-trace-final,codecontests-test-1615h,a71a99b21177af38ad289c00ff979be40a690e727f285153ed3faee690b3a321:76e3b7b1ea299988012bab23cbfde0d8790d1c57e7f0994947beee3f546bc9a5:clang-18.1.8-coverage-state-load-v1,deepseek-v4-pro-0813-off,long-trace-final,all-arms,dynamic,Omega_hat_StateSize,32835,0
dynamic::deepseek-v4-pro-0813-off::all-arms::Omega_hat_StateSize,deepseek-v4-pro-0813-off::codecontests-test-1615h::short-trace-final,codecontests-test-1615h,a71a99b21177af38ad289c00ff979be40a690e727f285153ed3faee690b3a321:7f143eea0a3c840bf12e8184b4972d492f981fbb9a266339cd86299dae1d4413:clang-18.1.8-coverage-state-load-v1,deepseek-v4-pro-0813-off,short-trace-final,all-arms,dynamic,Omega_hat_StateSize,32724,0
dynamic::deepseek-v4-pro-0813-off::all-arms::Omega_hat_StateSize,deepseek-v4-pro-0813-off::codecontests-test-1615h::inside-loop-state,codecontests-test-1615h,bb1f2ab66b584a159dee436bfee61e9740c864d881dce54d93f0220164d96c1a:76e3b7b1ea299988012bab23cbfde0d8790d1c57e7f0994947beee3f546bc9a5:clang-18.1.8-coverage-state-load-v1,deepseek-v4-pro-0813-off,inside-loop-state,all-arms,dynamic,Omega_hat_StateSize,32763,0
dynamic::deepseek-v4-pro-0813-off::all-arms::Omega_hat_StateSize,deepseek-v4-pro-0813-off::codecontests-test-1617e::inside-loop-state,codecontests-test-1617e,395db0129fb099ac1b5af30458379f3c64b2c8e1ba3267544689e9a721e0a1a2:f34973899b03d91dd93fd9ca7bca992fc2b381fea1800c11fc29bf25c01efe97:clang-18.1.8-coverage-state-load-v1,deepseek-v4-pro-0813-off,inside-loop-state,all-arms,dynamic,Omega_hat_StateSize,200204,0
dynamic::deepseek-v4-pro-0813-off::all-arms::Omega_hat_StateSize,deepseek-v4-pro-0813-off::codecontests-test-1617e::post-loop-state,codecontests-test-1617e,a34fa455cb2724c38f9fc74f8d38161dbfbff4a0a0d9c9c94c1bfa734b45a015:f34973899b03d91dd93fd9ca7bca992fc2b381fea1800c11fc29bf25c01efe97:clang-18.1.8-coverage-state-load-v1,deepseek-v4-pro-0813-off,post-loop-state,all-arms,dynamic,Omega_hat_StateSize,200231,0
dynamic::deepseek-v4-pro-0813-off::all-arms::Omega_hat_StateSize,deepseek-v4-pro-0813-off::codecontests-test-1617e::short-trace-final,codecontests-test-1617e,c416bb8d3b25fd4c76bdb6e17ff595707f9479e2af79b63f90090979b8df2512:7a8e064d952789abfdfd6043d44530bd5de0228d7963b1c4a3a194695b246bdd:clang-18.1.8-coverage-state-load-v1,deepseek-v4-pro-0813-off,short-trace-final,all-arms,dynamic,Omega_hat_StateSize,200424,0
dynamic::deepseek-v4-pro-0813-off::all-arms::Omega_hat_StateSize,deepseek-v4-pro-0813-off::codecontests-test-1617e::long-trace-final,codecontests-test-1617e,c416bb8d3b25fd4c76bdb6e17ff595707f9479e2af79b63f90090979b8df2512:f34973899b03d91dd93fd9ca7bca992fc2b381fea1800c11fc29bf25c01efe97:clang-18.1.8-coverage-state-load-v1,deepseek-v4-pro-0813-off,long-trace-final,all-arms,dynamic,Omega_hat_StateSize,201774,0
dynamic::deepseek-v4-pro-0813-off::all-arms::Omega_hat_StateSize,deepseek-v4-pro-0813-off::codecontests-test-1620g::post-loop-state,codecontests-test-1620g,90b42a3a02b64368871b040777d72a1fae560ae9bae9612e2ab271e58b363cec:d17fc49cd397378f23ba09a1d25ed63dd16e1ca27e2fef716941dab7e3d260e9:clang-18.1.8-coverage-state-load-v1,deepseek-v4-pro-0813-off,post-loop-state,all-arms,dynamic,Omega_hat_StateSize,8389243,0
dynamic::deepseek-v4-pro-0813-off::all-arms::Omega_hat_StateSize,deepseek-v4-pro-0813-off::codecontests-test-1620g::short-trace-final,codecontests-test-1620g,dc5b0364fffb69d059ac406180373038b2947bf8b018c0eb5ad6bdab89607c28:47fdb134316707b54ae926b4ba0b8e2ffa13b01f961ee3bdbd4367e9493f9d43:clang-18.1.8-coverage-state-load-v1,deepseek-v4-pro-0813-off,short-trace-final,all-arms,dynamic,Omega_hat_StateSize,8389238,0
dynamic::deepseek-v4-pro-0813-off::all-arms::Omega_hat_StateSize,deepseek-v4-pro-0813-off::codecontests-test-1620g::long-trace-final,codecontests-test-1620g,dc5b0364fffb69d059ac406180373038b2947bf8b018c0eb5ad6bdab89607c28:d17fc49cd397378f23ba09a1d25ed63dd16e1ca27e2fef716941dab7e3d260e9:clang-18.1.8-coverage-state-load-v1,deepseek-v4-pro-0813-off,long-trace-final,all-arms,dynamic,Omega_hat_StateSize,8389243,0
dynamic::deepseek-v4-pro-0813-off::all-arms::Omega_hat_StateSize,deepseek-v4-pro-0813-off::codecontests-test-1620g::inside-loop-state,codecontests-test-1620g,f68b5d2afda3ef6b63ec68b53e390dc857f47e5bdf2f3f2e1081414a31775f0d:d17fc49cd397378f23ba09a1d25ed63dd16e1ca27e2fef716941dab7e3d260e9:clang-18.1.8-coverage-state-load-v1,deepseek-v4-pro-0813-off,inside-loop-state,all-arms,dynamic,Omega_hat_StateSize,8389243,0
dynamic::deepseek-v4-pro-0813-off::all-arms::Omega_hat_StateSize,deepseek-v4-pro-0813-off::codecontests-validation-1552g::short-trace-final,codecontests-validation-1552g,89b65341f1c6fe3a0a9df0a69ade235027daa7f39d3002954f6f632919791b3f:6575c487ddb8c661ec94ac0aa126db71015d196d35a568acfd62ad87a004ec72:clang-18.1.8-coverage-state-load-v1,deepseek-v4-pro-0813-off,short-trace-final,all-arms,dynamic,Omega_hat_StateSize,239,1
dynamic::deepseek-v4-pro-0813-off::all-arms::Omega_hat_StateSize,deepseek-v4-pro-0813-off::codecontests-validation-1552g::long-trace-final,codecontests-validation-1552g,89b65341f1c6fe3a0a9df0a69ade235027daa7f39d3002954f6f632919791b3f:a23a879e789c630dbbae0133f0eb5577c8e5e3a711d2d32ec6d6c244f930f0a1:clang-18.1.8-coverage-state-load-v1,deepseek-v4-pro-0813-off,long-trace-final,all-arms,dynamic,Omega_hat_StateSize,202,1
dynamic::deepseek-v4-pro-0813-off::all-arms::Omega_hat_StateSize,deepseek-v4-pro-0813-off::codecontests-validation-1552g::post-loop-state,codecontests-validation-1552g,b5f0a9481460f80246bf1a24dda90224f8dc49a793565d9ab27a357e86c4e053:a23a879e789c630dbbae0133f0eb5577c8e5e3a711d2d32ec6d6c244f930f0a1:clang-18.1.8-coverage-state-load-v1,deepseek-v4-pro-0813-off,post-loop-state,all-arms,dynamic,Omega_hat_StateSize,204,0
dynamic::deepseek-v4-pro-0813-off::all-arms::Omega_hat_StateSize,deepseek-v4-pro-0813-off::codecontests-validation-1552g::inside-loop-state,codecontests-validation-1552g,feb96da038972104d010503bb0068d9694d4cebae2d34993c61d2dcd7002c600:a23a879e789c630dbbae0133f0eb5577c8e5e3a711d2d32ec6d6c244f930f0a1:clang-18.1.8-coverage-state-load-v1,deepseek-v4-pro-0813-off,inside-loop-state,all-arms,dynamic,Omega_hat_StateSize,205,0
dynamic::deepseek-v4-pro-0813-off::all-arms::Omega_hat_StateSize,deepseek-v4-pro-0813-off::codecontests-validation-1553h::inside-loop-state,codecontests-validation-1553h,261f2a5460690985d0feaadb3435366c997ed89f15809dc921c0a13726ae899d:37a901c4f91c375e5b2ce915089751f68aa2f80e3a9590fee8edc1247ea80612:clang-18.1.8-coverage-state-load-v1,deepseek-v4-pro-0813-off,inside-loop-state,all-arms,dynamic,Omega_hat_StateSize,212,0
dynamic::deepseek-v4-pro-0813-off::all-arms::Omega_hat_StateSize,deepseek-v4-pro-0813-off::codecontests-validation-1553h::long-trace-final,codecontests-validation-1553h,6e44abb67b8129df7e6c9c2bb7f0603020a46107f0b5aaa85480dcf00b6d8ee5:37a901c4f91c375e5b2ce915089751f68aa2f80e3a9590fee8edc1247ea80612:clang-18.1.8-coverage-state-load-v1,deepseek-v4-pro-0813-off,long-trace-final,all-arms,dynamic,Omega_hat_StateSize,213,0
dynamic::deepseek-v4-pro-0813-off::all-arms::Omega_hat_StateSize,deepseek-v4-pro-0813-off::codecontests-validation-1553h::short-trace-final,codecontests-validation-1553h,6e44abb67b8129df7e6c9c2bb7f0603020a46107f0b5aaa85480dcf00b6d8ee5:4f701d041f6b57b35a63af3be10f040298aa86385ad4da04b1daa6df2663a712:clang-18.1.8-coverage-state-load-v1,deepseek-v4-pro-0813-off,short-trace-final,all-arms,dynamic,Omega_hat_StateSize,42,0
dynamic::deepseek-v4-pro-0813-off::all-arms::Omega_hat_StateSize,deepseek-v4-pro-0813-off::codecontests-validation-1553h::post-loop-state,codecontests-validation-1553h,a0fc871a1b48fb4e584cbafab20aa03968f5864a8503fcc17f35616d670b41fb:37a901c4f91c375e5b2ce915089751f68aa2f80e3a9590fee8edc1247ea80612:clang-18.1.8-coverage-state-load-v1,deepseek-v4-pro-0813-off,post-loop-state,all-arms,dynamic,Omega_hat_StateSize,213,0
dynamic::deepseek-v4-pro-0813-off::all-arms::Omega_hat_StateSize,deepseek-v4-pro-0813-off::codecontests-validation-1556f::inside-loop-state,codecontests-validation-1556f,0e7c6745273acd61e256dc45eed260d91a4acbd2606e470d7a226f83219ed9a3:360f25d334dd3eaa6f292d435c7982dff837d18936d1fefe83699b0b1d6fbc85:clang-18.1.8-coverage-state-load-v1,deepseek-v4-pro-0813-off,inside-loop-state,all-arms,dynamic,Omega_hat_StateSize,3313,0
dynamic::deepseek-v4-pro-0813-off::all-arms::Omega_hat_StateSize,deepseek-v4-pro-0813-off::codecontests-validation-1556f::post-loop-state,codecontests-validation-1556f,355b4d9cf793a850c31de90bbad276f4be650b3ce01e56f464054f85d4c2ec45:360f25d334dd3eaa6f292d435c7982dff837d18936d1fefe83699b0b1d6fbc85:clang-18.1.8-coverage-state-load-v1,deepseek-v4-pro-0813-off,post-loop-state,all-arms,dynamic,Omega_hat_StateSize,3312,0
dynamic::deepseek-v4-pro-0813-off::all-arms::Omega_hat_StateSize,deepseek-v4-pro-0813-off::codecontests-validation-1556f::long-trace-final,codecontests-validation-1556f,67dbad2177030b263347ba9ff0c3aa5d2e1eb57d456d177fad25eee3f31a9a76:360f25d334dd3eaa6f292d435c7982dff837d18936d1fefe83699b0b1d6fbc85:clang-18.1.8-coverage-state-load-v1,deepseek-v4-pro-0813-off,long-trace-final,all-arms,dynamic,Omega_hat_StateSize,2289,0
dynamic::deepseek-v4-pro-0813-off::all-arms::Omega_hat_StateSize,deepseek-v4-pro-0813-off::codecontests-validation-1556f::short-trace-final,codecontests-validation-1556f,67dbad2177030b263347ba9ff0c3aa5d2e1eb57d456d177fad25eee3f31a9a76:fdcb27265764b2a73c62380d364aa177b18028a2d6fffe621bac5a23affde265:clang-18.1.8-coverage-state-load-v1,deepseek-v4-pro-0813-off,short-trace-final,all-arms,dynamic,Omega_hat_StateSize,33,0
dynamic::deepseek-v4-pro-0813-off::all-arms::Omega_hat_StateSize,deepseek-v4-pro-0813-off::codecontests-validation-1567f::inside-loop-state,codecontests-validation-1567f,05cf93795d2245abb6f842b4f278fe70746b159f5aba398e285981a3d3ab0415:5ca513ae33f231741e8f5bce074557104f0ac96debe4329731eb41fe859f6fa9:clang-18.1.8-coverage-state-load-v1,deepseek-v4-pro-0813-off,inside-loop-state,all-arms,dynamic,Omega_hat_StateSize,2041801,0
dynamic::deepseek-v4-pro-0813-off::all-arms::Omega_hat_StateSize,deepseek-v4-pro-0813-off::codecontests-validation-1567f::long-trace-final,codecontests-validation-1567f,1d2e0467d959ffad5c713fa10c2142c44b5f542e00ce390504aea6f73e976053:5ca513ae33f231741e8f5bce074557104f0ac96debe4329731eb41fe859f6fa9:clang-18.1.8-coverage-state-load-v1,deepseek-v4-pro-0813-off,long-trace-final,all-arms,dynamic,Omega_hat_StateSize,2041833,0
dynamic::deepseek-v4-pro-0813-off::all-arms::Omega_hat_StateSize,deepseek-v4-pro-0813-off::codecontests-validation-1567f::short-trace-final,codecontests-validation-1567f,1d2e0467d959ffad5c713fa10c2142c44b5f542e00ce390504aea6f73e976053:8ac1f9fa9e2847575b2ced3fd892b2845557a6c485f5fa9413a699b8efbc3ad3:clang-18.1.8-coverage-state-load-v1,deepseek-v4-pro-0813-off,short-trace-final,all-arms,dynamic,Omega_hat_StateSize,2041765,0
dynamic::deepseek-v4-pro-0813-off::all-arms::Omega_hat_StateSize,deepseek-v4-pro-0813-off::codecontests-validation-1567f::post-loop-state,codecontests-validation-1567f,91b04a25af0d8354eca4b22a5c307be7e0d71719c1e56c1036c67f37cec6a7d0:5ca513ae33f231741e8f5bce074557104f0ac96debe4329731eb41fe859f6fa9:clang-18.1.8-coverage-state-load-v1,deepseek-v4-pro-0813-off,post-loop-state,all-arms,dynamic,Omega_hat_StateSize,2041801,0
dynamic::deepseek-v4-pro-0813-off::all-arms::Omega_hat_StateSize,deepseek-v4-pro-0813-off::codecontests-validation-1569e::inside-loop-state,codecontests-validation-1569e,8c7846a3a40110fa05257b67da8e6f63f945c711305a1df88b97e8d00396db64:b5fabe923ecc6b7534566fbeb72577fd896c2d74b9374afe3bed49a16217cf73:clang-18.1.8-coverage-state-load-v1,deepseek-v4-pro-0813-off,inside-loop-state,all-arms,dynamic,Omega_hat_StateSize,3310,0
dynamic::deepseek-v4-pro-0813-off::all-arms::Omega_hat_StateSize,deepseek-v4-pro-0813-off::codecontests-validation-1569e::post-loop-state,codecontests-validation-1569e,b6b18517a3e59e80fb145dd8b32144c363e2872690c8f1c80a42a71bbc7adff3:b5fabe923ecc6b7534566fbeb72577fd896c2d74b9374afe3bed49a16217cf73:clang-18.1.8-coverage-state-load-v1,deepseek-v4-pro-0813-off,post-loop-state,all-arms,dynamic,Omega_hat_StateSize,199318,0
dynamic::deepseek-v4-pro-0813-off::all-arms::Omega_hat_StateSize,deepseek-v4-pro-0813-off::codecontests-validation-1569e::short-trace-final,codecontests-validation-1569e,d7b30d4383431a38ca1bd0ea4847aec892b939921afb04a5e0975d8dfe5a98c9:479def58965386a05050611157259ef82bfeb49b520e8bff8f6ffde3b23af8a8:clang-18.1.8-coverage-state-load-v1,deepseek-v4-pro-0813-off,short-trace-final,all-arms,dynamic,Omega_hat_StateSize,2796,0
dynamic::deepseek-v4-pro-0813-off::all-arms::Omega_hat_StateSize,deepseek-v4-pro-0813-off::codecontests-validation-1569e::long-trace-final,codecontests-validation-1569e,d7b30d4383431a38ca1bd0ea4847aec892b939921afb04a5e0975d8dfe5a98c9:b5fabe923ecc6b7534566fbeb72577fd896c2d74b9374afe3bed49a16217cf73:clang-18.1.8-coverage-state-load-v1,deepseek-v4-pro-0813-off,long-trace-final,all-arms,dynamic,Omega_hat_StateSize,395926,0
dynamic::deepseek-v4-pro-0813-off::all-arms::Omega_hat_StateSize,deepseek-v4-pro-0813-off::codecontests-validation-1569f::long-trace-final,codecontests-validation-1569f,2301e337b5fb3f9549acef3c07f9bd5019e6234c7a2311a7c4f57763e18e5b83:0b0d290fe1c8a4b6c275d3cd68f10e26117cce6a7a535e05cb67a9483c2ca982:clang-18.1.8-coverage-state-load-v1,deepseek-v4-pro-0813-off,long-trace-final,all-arms,dynamic,Omega_hat_StateSize,8692304,1
dynamic::deepseek-v4-pro-0813-off::all-arms::Omega_hat_StateSize,deepseek-v4-pro-0813-off::codecontests-validation-1569f::short-trace-final,codecontests-validation-1569f,2301e337b5fb3f9549acef3c07f9bd5019e6234c7a2311a7c4f57763e18e5b83:26b7657bcd3b796488b0a9677b14cced50fbbf3da549885bc44c2917cf610cff:clang-18.1.8-coverage-state-load-v1,deepseek-v4-pro-0813-off,short-trace-final,all-arms,dynamic,Omega_hat_StateSize,8692110,0
dynamic::deepseek-v4-pro-0813-off::all-arms::Omega_hat_StateSize,deepseek-v4-pro-0813-off::codecontests-validation-1569f::post-loop-state,codecontests-validation-1569f,9b44483ac309757aa4c354b7152a87dcbcef7f14befc99fd5d5420fba2550477:0b0d290fe1c8a4b6c275d3cd68f10e26117cce6a7a535e05cb67a9483c2ca982:clang-18.1.8-coverage-state-load-v1,deepseek-v4-pro-0813-off,post-loop-state,all-arms,dynamic,Omega_hat_StateSize,8692013,0
dynamic::deepseek-v4-pro-0813-off::all-arms::Omega_hat_StateSize,deepseek-v4-pro-0813-off::codecontests-validation-1569f::inside-loop-state,codecontests-validation-1569f,bd6341080b17f11d66607db0012ce4f3cf4107ce205c35c39ff21ea2a4d40857:0b0d290fe1c8a4b6c275d3cd68f10e26117cce6a7a535e05cb67a9483c2ca982:clang-18.1.8-coverage-state-load-v1,deepseek-v4-pro-0813-off,inside-loop-state,all-arms,dynamic,Omega_hat_StateSize,8692014,0
dynamic::deepseek-v4-pro-0813-off::all-arms::Omega_hat_StateSize,deepseek-v4-pro-0813-off::codecontests-validation-1572d::post-loop-state,codecontests-validation-1572d,10b3ea8d407a851cbb94d856638ba9ee3b5658eb0b43ab595c686887ee58e23a:2215213a1789f807060a057e634ddb262a27f09b8292f964f58f42acbe1d0616:clang-18.1.8-coverage-state-load-v1,deepseek-v4-pro-0813-off,post-loop-state,all-arms,dynamic,Omega_hat_StateSize,9937306,0
dynamic::deepseek-v4-pro-0813-off::all-arms::Omega_hat_StateSize,deepseek-v4-pro-0813-off::codecontests-validation-1572d::long-trace-final,codecontests-validation-1572d,4ef728a87836baeb0af64467718c76401006223c75d5b80c74b59eb56b109b72:2215213a1789f807060a057e634ddb262a27f09b8292f964f58f42acbe1d0616:clang-18.1.8-coverage-state-load-v1,deepseek-v4-pro-0813-off,long-trace-final,all-arms,dynamic,Omega_hat_StateSize,9937295,0
dynamic::deepseek-v4-pro-0813-off::all-arms::Omega_hat_StateSize,deepseek-v4-pro-0813-off::codecontests-validation-1572d::short-trace-final,codecontests-validation-1572d,4ef728a87836baeb0af64467718c76401006223c75d5b80c74b59eb56b109b72:eb418658a51efc355a88b1c44df821bcabf17ae92e052c3f3f3790755404491d:clang-18.1.8-coverage-state-load-v1,deepseek-v4-pro-0813-off,short-trace-final,all-arms,dynamic,Omega_hat_StateSize,9937295,0
dynamic::deepseek-v4-pro-0813-off::all-arms::Omega_hat_StateSize,deepseek-v4-pro-0813-off::codecontests-validation-1572d::inside-loop-state,codecontests-validation-1572d,e4be3de81a2d2af89166e441b8d5adf8e73d19e2c217707d996b1af00c028ff1:2215213a1789f807060a057e634ddb262a27f09b8292f964f58f42acbe1d0616:clang-18.1.8-coverage-state-load-v1,deepseek-v4-pro-0813-off,inside-loop-state,all-arms,dynamic,Omega_hat_StateSize,9937306,0
dynamic::deepseek-v4-pro-0813-off::all-arms::Omega_hat_StateSize,deepseek-v4-pro-0813-off::codecontests-validation-1572e::post-loop-state,codecontests-validation-1572e,437fad31af4f51960c3b7aff0ceecd6ad236aeccd08417e320d5ef307f021027:ce0eb773178bbc4bdc901ed4555433f201b9cbbd416231d7a0b82b41c1e59270:clang-18.1.8-coverage-state-load-v1,deepseek-v4-pro-0813-off,post-loop-state,all-arms,dynamic,Omega_hat_StateSize,126917,0
dynamic::deepseek-v4-pro-0813-off::all-arms::Omega_hat_StateSize,deepseek-v4-pro-0813-off::codecontests-validation-1572e::inside-loop-state,codecontests-validation-1572e,a29023c7f4c26bae0b4eef37581882d729a33402e3f2d96d9c4e4e82f216cc0f:ce0eb773178bbc4bdc901ed4555433f201b9cbbd416231d7a0b82b41c1e59270:clang-18.1.8-coverage-state-load-v1,deepseek-v4-pro-0813-off,inside-loop-state,all-arms,dynamic,Omega_hat_StateSize,126917,0
dynamic::deepseek-v4-pro-0813-off::all-arms::Omega_hat_StateSize,deepseek-v4-pro-0813-off::codecontests-validation-1572e::short-trace-final,codecontests-validation-1572e,c6871efc570f44806a970f43053b081d731f519c2b4a95b2aa54ee53df958fcf:c8391dd8e574d61edf3a7c188f1bce010f51566bb2347b029afb3faa08679767:clang-18.1.8-coverage-state-load-v1,deepseek-v4-pro-0813-off,short-trace-final,all-arms,dynamic,Omega_hat_StateSize,126917,0
dynamic::deepseek-v4-pro-0813-off::all-arms::Omega_hat_StateSize,deepseek-v4-pro-0813-off::codecontests-validation-1572e::long-trace-final,codecontests-validation-1572e,c6871efc570f44806a970f43053b081d731f519c2b4a95b2aa54ee53df958fcf:ce0eb773178bbc4bdc901ed4555433f201b9cbbd416231d7a0b82b41c1e59270:clang-18.1.8-coverage-state-load-v1,deepseek-v4-pro-0813-off,long-trace-final,all-arms,dynamic,Omega_hat_StateSize,126917,0
dynamic::deepseek-v4-pro-0813-off::all-arms::Omega_hat_StateSize,deepseek-v4-pro-0813-off::codecontests-validation-1574f::post-loop-state,codecontests-validation-1574f,121cb978200a7d65abf8d20a567bf9a991547f94cb17d49e90c39970b27fb179:03d3d7a8c8364341064965d240bc633999a3624096573e7dd9ff9b2e4332d221:clang-18.1.8-coverage-state-load-v1,deepseek-v4-pro-0813-off,post-loop-state,all-arms,dynamic,Omega_hat_StateSize,2100035,0
dynamic::deepseek-v4-pro-0813-off::all-arms::Omega_hat_StateSize,deepseek-v4-pro-0813-off::codecontests-validation-1574f::inside-loop-state,codecontests-validation-1574f,54d2aa075790d96b16094d1110b1ff4cc42e649f39b55cf10a14e19f5a25bdd0:03d3d7a8c8364341064965d240bc633999a3624096573e7dd9ff9b2e4332d221:clang-18.1.8-coverage-state-load-v1,deepseek-v4-pro-0813-off,inside-loop-state,all-arms,dynamic,Omega_hat_StateSize,2100036,0
dynamic::deepseek-v4-pro-0813-off::all-arms::Omega_hat_StateSize,deepseek-v4-pro-0813-off::codecontests-validation-1574f::long-trace-final,codecontests-validation-1574f,7daa73692acaf41812edcde3c45ecdfa6e0c91a99ce6e3557836323cf0386084:03d3d7a8c8364341064965d240bc633999a3624096573e7dd9ff9b2e4332d221:clang-18.1.8-coverage-state-load-v1,deepseek-v4-pro-0813-off,long-trace-final,all-arms,dynamic,Omega_hat_StateSize,11912938,0
dynamic::deepseek-v4-pro-0813-off::all-arms::Omega_hat_StateSize,deepseek-v4-pro-0813-off::codecontests-validation-1574f::short-trace-final,codecontests-validation-1574f,7daa73692acaf41812edcde3c45ecdfa6e0c91a99ce6e3557836323cf0386084:a00a4e49bac1dc0515ea109cbef81f6fec9f42207b2ac47d95d4f9fb95859331:clang-18.1.8-coverage-state-load-v1,deepseek-v4-pro-0813-off,short-trace-final,all-arms,dynamic,Omega_hat_StateSize,163,0
dynamic::glm-5.3-high::all-arms::Omega_hat_NativeTrace,glm-5.3-high::codecontests-test-1580b::post-loop-state,codecontests-test-1580b,651daa060f41dcbf742f65839b776fde4796201d3b99d00773278bba61645417:01bf10bc19e4055efc275e06e8439f42cb308446a927457954f085b1c36f701a:clang-18.1.8-coverage-state-load-v1,glm-5.3-high,post-loop-state,all-arms,dynamic,Omega_hat_NativeTrace,753,1
dynamic::glm-5.3-high::all-arms::Omega_hat_NativeTrace,glm-5.3-high::codecontests-test-1580b::inside-loop-state,codecontests-test-1580b,de821758d705b3efd9657c5b7021e5d724533788eed2c97f5213f6ee05a90127:01bf10bc19e4055efc275e06e8439f42cb308446a927457954f085b1c36f701a:clang-18.1.8-coverage-state-load-v1,glm-5.3-high,inside-loop-state,all-arms,dynamic,Omega_hat_NativeTrace,839,1
dynamic::glm-5.3-high::all-arms::Omega_hat_NativeTrace,glm-5.3-high::codecontests-test-1580b::long-trace-final,codecontests-test-1580b,e49cc24f56c43dda6796ffbf38185eb1f4f689c19e9ec2b7010717fbd33f09cd:01bf10bc19e4055efc275e06e8439f42cb308446a927457954f085b1c36f701a:clang-18.1.8-coverage-state-load-v1,glm-5.3-high,long-trace-final,all-arms,dynamic,Omega_hat_NativeTrace,164275450,0
dynamic::glm-5.3-high::all-arms::Omega_hat_NativeTrace,glm-5.3-high::codecontests-test-1580b::short-trace-final,codecontests-test-1580b,e49cc24f56c43dda6796ffbf38185eb1f4f689c19e9ec2b7010717fbd33f09cd:4badc34556ceafd1c2c4699ce5b2a3bc32594a4b7e29c24a4068f61563022cdc:clang-18.1.8-coverage-state-load-v1,glm-5.3-high,short-trace-final,all-arms,dynamic,Omega_hat_NativeTrace,2095,1
dynamic::glm-5.3-high::all-arms::Omega_hat_NativeTrace,glm-5.3-high::codecontests-test-1580f::short-trace-final,codecontests-test-1580f,14ddc455906166c8cc9ba66260dd1ee85ca6354b865eda03f0f3871dae33ae17:66cad223eb4b52b45ee49a6f14a923756f9c308fb0a2f62f02808d1d2491969e:clang-18.1.8-coverage-state-load-v1,glm-5.3-high,short-trace-final,all-arms,dynamic,Omega_hat_NativeTrace,58249376,1
dynamic::glm-5.3-high::all-arms::Omega_hat_NativeTrace,glm-5.3-high::codecontests-test-1580f::long-trace-final,codecontests-test-1580f,14ddc455906166c8cc9ba66260dd1ee85ca6354b865eda03f0f3871dae33ae17:d72b57384d564b166e605cb1fe15b30202227d8df8021b4e67f0275e92852971:clang-18.1.8-coverage-state-load-v1,glm-5.3-high,long-trace-final,all-arms,dynamic,Omega_hat_NativeTrace,58258370,1
dynamic::glm-5.3-high::all-arms::Omega_hat_NativeTrace,glm-5.3-high::codecontests-test-1580f::post-loop-state,codecontests-test-1580f,8526c634fe8de6d447557c0456ea3013ff50b851688579983204c869ac4dcb57:d72b57384d564b166e605cb1fe15b30202227d8df8021b4e67f0275e92852971:clang-18.1.8-coverage-state-load-v1,glm-5.3-high,post-loop-state,all-arms,dynamic,Omega_hat_NativeTrace,58233011,0
dynamic::glm-5.3-high::all-arms::Omega_hat_NativeTrace,glm-5.3-high::codecontests-test-1580f::inside-loop-state,codecontests-test-1580f,bfcc98152560bffe5dfc4d96ac7ad6087d8a47a1cf596714f45a7366a323508a:d72b57384d564b166e605cb1fe15b30202227d8df8021b4e67f0275e92852971:clang-18.1.8-coverage-state-load-v1,glm-5.3-high,inside-loop-state,all-arms,dynamic,Omega_hat_NativeTrace,58233084,0
dynamic::glm-5.3-high::all-arms::Omega_hat_NativeTrace,glm-5.3-high::codecontests-test-1586f::long-trace-final,codecontests-test-1586f,50fa6366595a53ba7e82bd4bc65563c718c29a2a4b9c1b4e6f80fab5bdeabd90:e7a0a218331b68b73ad7ba079fd54be2a7cd8090a6e96eba3f4ee3001dc1d2dc:clang-18.1.8-coverage-state-load-v1,glm-5.3-high,long-trace-final,all-arms,dynamic,Omega_hat_NativeTrace,41386,0
dynamic::glm-5.3-high::all-arms::Omega_hat_NativeTrace,glm-5.3-high::codecontests-test-1586f::short-trace-final,codecontests-test-1586f,50fa6366595a53ba7e82bd4bc65563c718c29a2a4b9c1b4e6f80fab5bdeabd90:ece3d232c1ca9ef8a80b6fdb1585b8f5cf653b9dd023b0521c8da64db859ffac:clang-18.1.8-coverage-state-load-v1,glm-5.3-high,short-trace-final,all-arms,dynamic,Omega_hat_NativeTrace,110,1
dynamic::glm-5.3-high::all-arms::Omega_hat_NativeTrace,glm-5.3-high::codecontests-test-1586f::inside-loop-state,codecontests-test-1586f,c2fff1ad8c28452ca3e75e2efc59934a22d91572d3cde13bc7c743de6d34b147:e7a0a218331b68b73ad7ba079fd54be2a7cd8090a6e96eba3f4ee3001dc1d2dc:clang-18.1.8-coverage-state-load-v1,glm-5.3-high,inside-loop-state,all-arms,dynamic,Omega_hat_NativeTrace,2866,0
dynamic::glm-5.3-high::all-arms::Omega_hat_NativeTrace,glm-5.3-high::codecontests-test-1586f::post-loop-state,codecontests-test-1586f,cf6f023469c0bb5ffbb00877e5468516893961999aa07f0ecb8ade5ed40b2096:e7a0a218331b68b73ad7ba079fd54be2a7cd8090a6e96eba3f4ee3001dc1d2dc:clang-18.1.8-coverage-state-load-v1,glm-5.3-high,post-loop-state,all-arms,dynamic,Omega_hat_NativeTrace,2768,1
dynamic::glm-5.3-high::all-arms::Omega_hat_NativeTrace,glm-5.3-high::codecontests-test-1598f::short-trace-final,codecontests-test-1598f,c86397161467c48a05a8a1c3b9d9cdc968122973e7759a52edbfee55607a0c48:0c302e793e9db86915c6163fbabb9d0a9976859eb54448cb12f96c3a4ff52328:clang-18.1.8-coverage-state-load-v1,glm-5.3-high,short-trace-final,all-arms,dynamic,Omega_hat_NativeTrace,59,0
dynamic::glm-5.3-high::all-arms::Omega_hat_NativeTrace,glm-5.3-high::codecontests-test-1598f::long-trace-final,codecontests-test-1598f,c86397161467c48a05a8a1c3b9d9cdc968122973e7759a52edbfee55607a0c48:7035767df0d876ec6a211af258eda3b340f5ba719f1d3c8f30d890596458ed17:clang-18.1.8-coverage-state-load-v1,glm-5.3-high,long-trace-final,all-arms,dynamic,Omega_hat_NativeTrace,112813,1
dynamic::glm-5.3-high::all-arms::Omega_hat_NativeTrace,glm-5.3-high::codecontests-test-1598f::post-loop-state,codecontests-test-1598f,cb278e842ab865add5e5b08afeae6d96c07cdcbf64ca0a38de643e3879f68585:7035767df0d876ec6a211af258eda3b340f5ba719f1d3c8f30d890596458ed17:clang-18.1.8-coverage-state-load-v1,glm-5.3-high,post-loop-state,all-arms,dynamic,Omega_hat_NativeTrace,1432,1
dynamic::glm-5.3-high::all-arms::Omega_hat_NativeTrace,glm-5.3-high::codecontests-test-1598f::inside-loop-state,codecontests-test-1598f,f41875fa3f7692eefec1a62e67928717fb5e40acf042c603e3120e581750a59b:7035767df0d876ec6a211af258eda3b340f5ba719f1d3c8f30d890596458ed17:clang-18.1.8-coverage-state-load-v1,glm-5.3-high,inside-loop-state,all-arms,dynamic,Omega_hat_NativeTrace,1491,1
dynamic::glm-5.3-high::all-arms::Omega_hat_NativeTrace,glm-5.3-high::codecontests-test-1599d::inside-loop-state,codecontests-test-1599d,0a2dad56c9e815f7f708d26c2a62b89ce07f5ea76c71a50f36d86924cf05b943:e4a285c493f93a570627f5a05671eae6a4363f4464831e0f98d5ba3690d0ee67:clang-18.1.8-coverage-state-load-v1,glm-5.3-high,inside-loop-state,all-arms,dynamic,Omega_hat_NativeTrace,104008,1
dynamic::glm-5.3-high::all-arms::Omega_hat_NativeTrace,glm-5.3-high::codecontests-test-1599d::short-trace-final,codecontests-test-1599d,933b32aa65d3b25d1afa06e801f5b72dff619eaf7fc4ac6a4a0270e85d49214c:665093871dbe3de8e75d8a816a8378ca11e9e560947ddf4d94207a1e2173820b:clang-18.1.8-coverage-state-load-v1,glm-5.3-high,short-trace-final,all-arms,dynamic,Omega_hat_NativeTrace,101190,1
dynamic::glm-5.3-high::all-arms::Omega_hat_NativeTrace,glm-5.3-high::codecontests-test-1599d::long-trace-final,codecontests-test-1599d,933b32aa65d3b25d1afa06e801f5b72dff619eaf7fc4ac6a4a0270e85d49214c:e4a285c493f93a570627f5a05671eae6a4363f4464831e0f98d5ba3690d0ee67:clang-18.1.8-coverage-state-load-v1,glm-5.3-high,long-trace-final,all-arms,dynamic,Omega_hat_NativeTrace,105223,1
dynamic::glm-5.3-high::all-arms::Omega_hat_NativeTrace,glm-5.3-high::codecontests-test-1599d::post-loop-state,codecontests-test-1599d,aa9020619d95e0c11306c231f42dc16fbedc1b8833557cfba9a3855ceab5d625:e4a285c493f93a570627f5a05671eae6a4363f4464831e0f98d5ba3690d0ee67:clang-18.1.8-coverage-state-load-v1,glm-5.3-high,post-loop-state,all-arms,dynamic,Omega_hat_NativeTrace,103972,1
dynamic::glm-5.3-high::all-arms::Omega_hat_NativeTrace,glm-5.3-high::codecontests-test-1599j::post-loop-state,codecontests-test-1599j,3435dafe215df6aaa0d67c6cfc947efc0a0e44650fe50967a6ba0b248d4b7fe6:cf6d365ac492de069f119d50091851656ea5679fa08c558d3f071a383b4e0df0:clang-18.1.8-coverage-state-load-v1,glm-5.3-high,post-loop-state,all-arms,dynamic,Omega_hat_NativeTrace,4930,0
dynamic::glm-5.3-high::all-arms::Omega_hat_NativeTrace,glm-5.3-high::codecontests-test-1599j::short-trace-final,codecontests-test-1599j,ab4e36e90fc02ef9ec4e2ca7dec9cf4caee8e6aaeed78b0ea3ac83c28ac8147c:15a15c047478f3e0e3cab6ed3f632a29e89952fba136b5a78394d1c0ad79c6e5:clang-18.1.8-coverage-state-load-v1,glm-5.3-high,short-trace-final,all-arms,dynamic,Omega_hat_NativeTrace,341,1
dynamic::glm-5.3-high::all-arms::Omega_hat_NativeTrace,glm-5.3-high::codecontests-test-1599j::long-trace-final,codecontests-test-1599j,ab4e36e90fc02ef9ec4e2ca7dec9cf4caee8e6aaeed78b0ea3ac83c28ac8147c:cf6d365ac492de069f119d50091851656ea5679fa08c558d3f071a383b4e0df0:clang-18.1.8-coverage-state-load-v1,glm-5.3-high,long-trace-final,all-arms,dynamic,Omega_hat_NativeTrace,45221,0
dynamic::glm-5.3-high::all-arms::Omega_hat_NativeTrace,glm-5.3-high::codecontests-test-1599j::inside-loop-state,codecontests-test-1599j,b327432c0b51f79599142f457651ed07c753892f7bc8fc32eae261455a14a8df:cf6d365ac492de069f119d50091851656ea5679fa08c558d3f071a383b4e0df0:clang-18.1.8-coverage-state-load-v1,glm-5.3-high,inside-loop-state,all-arms,dynamic,Omega_hat_NativeTrace,4562,1
dynamic::glm-5.3-high::all-arms::Omega_hat_NativeTrace,glm-5.3-high::codecontests-test-1603e::long-trace-final,codecontests-test-1603e,d7fe25a19d626e555247a54b1650138c821111d60e20cca5c73ec3112ca1e525:16115f14b1d3589d0841b36fa922b477b58347dad5e3d021df0ae33ab64fa7a6:clang-18.1.8-coverage-state-load-v1,glm-5.3-high,long-trace-final,all-arms,dynamic,Omega_hat_NativeTrace,20737394,0
dynamic::glm-5.3-high::all-arms::Omega_hat_NativeTrace,glm-5.3-high::codecontests-test-1603e::short-trace-final,codecontests-test-1603e,d7fe25a19d626e555247a54b1650138c821111d60e20cca5c73ec3112ca1e525:56128c78d54bd858b1f0a7710cc6ed6c0ee23efbe9034d42dc8ce6339a26f6bf:clang-18.1.8-coverage-state-load-v1,glm-5.3-high,short-trace-final,all-arms,dynamic,Omega_hat_NativeTrace,2469,1
dynamic::glm-5.3-high::all-arms::Omega_hat_NativeTrace,glm-5.3-high::codecontests-test-1603e::inside-loop-state,codecontests-test-1603e,f3186b205da6d6dcc9ea29d1c2d2e8b3e694f96a5c55cf87108c065fb309d17d:16115f14b1d3589d0841b36fa922b477b58347dad5e3d021df0ae33ab64fa7a6:clang-18.1.8-coverage-state-load-v1,glm-5.3-high,inside-loop-state,all-arms,dynamic,Omega_hat_NativeTrace,3687795,1
dynamic::glm-5.3-high::all-arms::Omega_hat_NativeTrace,glm-5.3-high::codecontests-test-1603e::post-loop-state,codecontests-test-1603e,f412e755c350f9ce1c88cfff52e57c62ae92474f822504d6558ee65de9e4ed4d:16115f14b1d3589d0841b36fa922b477b58347dad5e3d021df0ae33ab64fa7a6:clang-18.1.8-coverage-state-load-v1,glm-5.3-high,post-loop-state,all-arms,dynamic,Omega_hat_NativeTrace,4331747,0
dynamic::glm-5.3-high::all-arms::Omega_hat_NativeTrace,glm-5.3-high::codecontests-test-1608e::short-trace-final,codecontests-test-1608e,646dbc65fdea7bc8e3170908e4578902800b470e97d05e2454f0d26884e92df7:a2f5b5c4b5f17740e75fa5913cbf0bcde3191c7cb615765a3dfa89ab90e0e728:clang-18.1.8-coverage-state-load-v1,glm-5.3-high,short-trace-final,all-arms,dynamic,Omega_hat_NativeTrace,3627,1
dynamic::glm-5.3-high::all-arms::Omega_hat_NativeTrace,glm-5.3-high::codecontests-test-1608e::long-trace-final,codecontests-test-1608e,646dbc65fdea7bc8e3170908e4578902800b470e97d05e2454f0d26884e92df7:f55be964bd2cc68afe5b9ad8f942604e10918169e7160750406727f80984c504:clang-18.1.8-coverage-state-load-v1,glm-5.3-high,long-trace-final,all-arms,dynamic,Omega_hat_NativeTrace,17917,1
dynamic::glm-5.3-high::all-arms::Omega_hat_NativeTrace,glm-5.3-high::codecontests-test-1608e::inside-loop-state,codecontests-test-1608e,667c28dbcfd364ae586ae9cd21bf6fd959db38f0147f2a6cb6289ec447eb9a22:f55be964bd2cc68afe5b9ad8f942604e10918169e7160750406727f80984c504:clang-18.1.8-coverage-state-load-v1,glm-5.3-high,inside-loop-state,all-arms,dynamic,Omega_hat_NativeTrace,7468,1
dynamic::glm-5.3-high::all-arms::Omega_hat_NativeTrace,glm-5.3-high::codecontests-test-1608e::post-loop-state,codecontests-test-1608e,b3c2da25bedf53cb9761b05fae26f46e4cf88607b5e31132dd26180b52bbaf2b:f55be964bd2cc68afe5b9ad8f942604e10918169e7160750406727f80984c504:clang-18.1.8-coverage-state-load-v1,glm-5.3-high,post-loop-state,all-arms,dynamic,Omega_hat_NativeTrace,7931,0
dynamic::glm-5.3-high::all-arms::Omega_hat_NativeTrace,glm-5.3-high::codecontests-test-1608f::short-trace-final,codecontests-test-1608f,3b1188cf9f4294e77fd38eb7d8098dfcfb19fbdd0ef6e9a3fe8d63adfeb2abbf:8ad616db4fe9bd467b7ab16879f97c77503d2b22431ce9705293bfe707f20a7f:clang-18.1.8-coverage-state-load-v1,glm-5.3-high,short-trace-final,all-arms,dynamic,Omega_hat_NativeTrace,1337,0
dynamic::glm-5.3-high::all-arms::Omega_hat_NativeTrace,glm-5.3-high::codecontests-test-1608f::long-trace-final,codecontests-test-1608f,3b1188cf9f4294e77fd38eb7d8098dfcfb19fbdd0ef6e9a3fe8d63adfeb2abbf:b3e5d9410e92ec6feb64678dbc4fc691cb4660d89a83baf0e0a219123c05b450:clang-18.1.8-coverage-state-load-v1,glm-5.3-high,long-trace-final,all-arms,dynamic,Omega_hat_NativeTrace,607758,0
dynamic::glm-5.3-high::all-arms::Omega_hat_NativeTrace,glm-5.3-high::codecontests-test-1608f::inside-loop-state,codecontests-test-1608f,9864fd100347bbad0e115c788da3250c68253007614da622a5ee02799527370f:b3e5d9410e92ec6feb64678dbc4fc691cb4660d89a83baf0e0a219123c05b450:clang-18.1.8-coverage-state-load-v1,glm-5.3-high,inside-loop-state,all-arms,dynamic,Omega_hat_NativeTrace,36748,0
dynamic::glm-5.3-high::all-arms::Omega_hat_NativeTrace,glm-5.3-high::codecontests-test-1608f::post-loop-state,codecontests-test-1608f,ef77878c7f3b869738b3ff6a4965c679f33909d0914e136f66f6c522b7b20c01:b3e5d9410e92ec6feb64678dbc4fc691cb4660d89a83baf0e0a219123c05b450:clang-18.1.8-coverage-state-load-v1,glm-5.3-high,post-loop-state,all-arms,dynamic,Omega_hat_NativeTrace,36955,0
dynamic::glm-5.3-high::all-arms::Omega_hat_NativeTrace,glm-5.3-high::codecontests-test-1615g::post-loop-state,codecontests-test-1615g,0933389f16bc0f8f1a15f83914fd800b2881de1ed6b02e9104c48207b1cde312:73a6420953313f0860ecac8f963f63bd594f27eacb54f75047c6e7f224445982:clang-18.1.8-coverage-state-load-v1,glm-5.3-high,post-loop-state,all-arms,dynamic,Omega_hat_NativeTrace,6693,0
dynamic::glm-5.3-high::all-arms::Omega_hat_NativeTrace,glm-5.3-high::codecontests-test-1615g::inside-loop-state,codecontests-test-1615g,acc1b2cc8cfb5ad702c4fd69f49f49e609d604888c2fc3c44a8fa83a57d3de81:73a6420953313f0860ecac8f963f63bd594f27eacb54f75047c6e7f224445982:clang-18.1.8-coverage-state-load-v1,glm-5.3-high,inside-loop-state,all-arms,dynamic,Omega_hat_NativeTrace,6517,0
dynamic::glm-5.3-high::all-arms::Omega_hat_NativeTrace,glm-5.3-high::codecontests-test-1615g::long-trace-final,codecontests-test-1615g,ad373333e07dc4e3b058568facb985af09bac3ef8991907c430b33236999f394:73a6420953313f0860ecac8f963f63bd594f27eacb54f75047c6e7f224445982:clang-18.1.8-coverage-state-load-v1,glm-5.3-high,long-trace-final,all-arms,dynamic,Omega_hat_NativeTrace,5325,1
dynamic::glm-5.3-high::all-arms::Omega_hat_NativeTrace,glm-5.3-high::codecontests-test-1615g::short-trace-final,codecontests-test-1615g,ad373333e07dc4e3b058568facb985af09bac3ef8991907c430b33236999f394:8b8d92f6cd116121a9e352a9d6bbbeea5f82cc1c848aaea202eee9901fb39d86:clang-18.1.8-coverage-state-load-v1,glm-5.3-high,short-trace-final,all-arms,dynamic,Omega_hat_NativeTrace,194,1
dynamic::glm-5.3-high::all-arms::Omega_hat_NativeTrace,glm-5.3-high::codecontests-test-1615h::post-loop-state,codecontests-test-1615h,6bac151ec0f25226a8145178cf0e367fb811beb86ff6196070e20565c4d00642:76e3b7b1ea299988012bab23cbfde0d8790d1c57e7f0994947beee3f546bc9a5:clang-18.1.8-coverage-state-load-v1,glm-5.3-high,post-loop-state,all-arms,dynamic,Omega_hat_NativeTrace,8891,1
dynamic::glm-5.3-high::all-arms::Omega_hat_NativeTrace,glm-5.3-high::codecontests-test-1615h::long-trace-final,codecontests-test-1615h,a71a99b21177af38ad289c00ff979be40a690e727f285153ed3faee690b3a321:76e3b7b1ea299988012bab23cbfde0d8790d1c57e7f0994947beee3f546bc9a5:clang-18.1.8-coverage-state-load-v1,glm-5.3-high,long-trace-final,all-arms,dynamic,Omega_hat_NativeTrace,15049,1
dynamic::glm-5.3-high::all-arms::Omega_hat_NativeTrace,glm-5.3-high::codecontests-test-1615h::short-trace-final,codecontests-test-1615h,a71a99b21177af38ad289c00ff979be40a690e727f285153ed3faee690b3a321:7f143eea0a3c840bf12e8184b4972d492f981fbb9a266339cd86299dae1d4413:clang-18.1.8-coverage-state-load-v1,glm-5.3-high,short-trace-final,all-arms,dynamic,Omega_hat_NativeTrace,5714,1
dynamic::glm-5.3-high::all-arms::Omega_hat_NativeTrace,glm-5.3-high::codecontests-test-1615h::inside-loop-state,codecontests-test-1615h,bb1f2ab66b584a159dee436bfee61e9740c864d881dce54d93f0220164d96c1a:76e3b7b1ea299988012bab23cbfde0d8790d1c57e7f0994947beee3f546bc9a5:clang-18.1.8-coverage-state-load-v1,glm-5.3-high,inside-loop-state,all-arms,dynamic,Omega_hat_NativeTrace,8943,0
dynamic::glm-5.3-high::all-arms::Omega_hat_NativeTrace,glm-5.3-high::codecontests-test-1617e::inside-loop-state,codecontests-test-1617e,395db0129fb099ac1b5af30458379f3c64b2c8e1ba3267544689e9a721e0a1a2:f34973899b03d91dd93fd9ca7bca992fc2b381fea1800c11fc29bf25c01efe97:clang-18.1.8-coverage-state-load-v1,glm-5.3-high,inside-loop-state,all-arms,dynamic,Omega_hat_NativeTrace,3086,1
dynamic::glm-5.3-high::all-arms::Omega_hat_NativeTrace,glm-5.3-high::codecontests-test-1617e::post-loop-state,codecontests-test-1617e,a34fa455cb2724c38f9fc74f8d38161dbfbff4a0a0d9c9c94c1bfa734b45a015:f34973899b03d91dd93fd9ca7bca992fc2b381fea1800c11fc29bf25c01efe97:clang-18.1.8-coverage-state-load-v1,glm-5.3-high,post-loop-state,all-arms,dynamic,Omega_hat_NativeTrace,3349,0
dynamic::glm-5.3-high::all-arms::Omega_hat_NativeTrace,glm-5.3-high::codecontests-test-1617e::short-trace-final,codecontests-test-1617e,c416bb8d3b25fd4c76bdb6e17ff595707f9479e2af79b63f90090979b8df2512:7a8e064d952789abfdfd6043d44530bd5de0228d7963b1c4a3a194695b246bdd:clang-18.1.8-coverage-state-load-v1,glm-5.3-high,short-trace-final,all-arms,dynamic,Omega_hat_NativeTrace,2124,1
dynamic::glm-5.3-high::all-arms::Omega_hat_NativeTrace,glm-5.3-high::codecontests-test-1617e::long-trace-final,codecontests-test-1617e,c416bb8d3b25fd4c76bdb6e17ff595707f9479e2af79b63f90090979b8df2512:f34973899b03d91dd93fd9ca7bca992fc2b381fea1800c11fc29bf25c01efe97:clang-18.1.8-coverage-state-load-v1,glm-5.3-high,long-trace-final,all-arms,dynamic,Omega_hat_NativeTrace,50271,1
dynamic::glm-5.3-high::all-arms::Omega_hat_NativeTrace,glm-5.3-high::codecontests-test-1620g::post-loop-state,codecontests-test-1620g,90b42a3a02b64368871b040777d72a1fae560ae9bae9612e2ab271e58b363cec:d17fc49cd397378f23ba09a1d25ed63dd16e1ca27e2fef716941dab7e3d260e9:clang-18.1.8-coverage-state-load-v1,glm-5.3-high,post-loop-state,all-arms,dynamic,Omega_hat_NativeTrace,6476,1
dynamic::glm-5.3-high::all-arms::Omega_hat_NativeTrace,glm-5.3-high::codecontests-test-1620g::short-trace-final,codecontests-test-1620g,dc5b0364fffb69d059ac406180373038b2947bf8b018c0eb5ad6bdab89607c28:47fdb134316707b54ae926b4ba0b8e2ffa13b01f961ee3bdbd4367e9493f9d43:clang-18.1.8-coverage-state-load-v1,glm-5.3-high,short-trace-final,all-arms,dynamic,Omega_hat_NativeTrace,1031,1
dynamic::glm-5.3-high::all-arms::Omega_hat_NativeTrace,glm-5.3-high::codecontests-test-1620g::long-trace-final,codecontests-test-1620g,dc5b0364fffb69d059ac406180373038b2947bf8b018c0eb5ad6bdab89607c28:d17fc49cd397378f23ba09a1d25ed63dd16e1ca27e2fef716941dab7e3d260e9:clang-18.1.8-coverage-state-load-v1,glm-5.3-high,long-trace-final,all-arms,dynamic,Omega_hat_NativeTrace,32711,0
dynamic::glm-5.3-high::all-arms::Omega_hat_NativeTrace,glm-5.3-high::codecontests-test-1620g::inside-loop-state,codecontests-test-1620g,f68b5d2afda3ef6b63ec68b53e390dc857f47e5bdf2f3f2e1081414a31775f0d:d17fc49cd397378f23ba09a1d25ed63dd16e1ca27e2fef716941dab7e3d260e9:clang-18.1.8-coverage-state-load-v1,glm-5.3-high,inside-loop-state,all-arms,dynamic,Omega_hat_NativeTrace,6489,1
dynamic::glm-5.3-high::all-arms::Omega_hat_NativeTrace,glm-5.3-high::codecontests-validation-1552g::short-trace-final,codecontests-validation-1552g,89b65341f1c6fe3a0a9df0a69ade235027daa7f39d3002954f6f632919791b3f:6575c487ddb8c661ec94ac0aa126db71015d196d35a568acfd62ad87a004ec72:clang-18.1.8-coverage-state-load-v1,glm-5.3-high,short-trace-final,all-arms,dynamic,Omega_hat_NativeTrace,473,1
dynamic::glm-5.3-high::all-arms::Omega_hat_NativeTrace,glm-5.3-high::codecontests-validation-1552g::long-trace-final,codecontests-validation-1552g,89b65341f1c6fe3a0a9df0a69ade235027daa7f39d3002954f6f632919791b3f:a23a879e789c630dbbae0133f0eb5577c8e5e3a711d2d32ec6d6c244f930f0a1:clang-18.1.8-coverage-state-load-v1,glm-5.3-high,long-trace-final,all-arms,dynamic,Omega_hat_NativeTrace,2634,1
dynamic::glm-5.3-high::all-arms::Omega_hat_NativeTrace,glm-5.3-high::codecontests-validation-1552g::post-loop-state,codecontests-validation-1552g,b5f0a9481460f80246bf1a24dda90224f8dc49a793565d9ab27a357e86c4e053:a23a879e789c630dbbae0133f0eb5577c8e5e3a711d2d32ec6d6c244f930f0a1:clang-18.1.8-coverage-state-load-v1,glm-5.3-high,post-loop-state,all-arms,dynamic,Omega_hat_NativeTrace,378,0
dynamic::glm-5.3-high::all-arms::Omega_hat_NativeTrace,glm-5.3-high::codecontests-validation-1552g::inside-loop-state,codecontests-validation-1552g,feb96da038972104d010503bb0068d9694d4cebae2d34993c61d2dcd7002c600:a23a879e789c630dbbae0133f0eb5577c8e5e3a711d2d32ec6d6c244f930f0a1:clang-18.1.8-coverage-state-load-v1,glm-5.3-high,inside-loop-state,all-arms,dynamic,Omega_hat_NativeTrace,464,1
dynamic::glm-5.3-high::all-arms::Omega_hat_NativeTrace,glm-5.3-high::codecontests-validation-1553h::inside-loop-state,codecontests-validation-1553h,261f2a5460690985d0feaadb3435366c997ed89f15809dc921c0a13726ae899d:37a901c4f91c375e5b2ce915089751f68aa2f80e3a9590fee8edc1247ea80612:clang-18.1.8-coverage-state-load-v1,glm-5.3-high,inside-loop-state,all-arms,dynamic,Omega_hat_NativeTrace,1846,0
dynamic::glm-5.3-high::all-arms::Omega_hat_NativeTrace,glm-5.3-high::codecontests-validation-1553h::long-trace-final,codecontests-validation-1553h,6e44abb67b8129df7e6c9c2bb7f0603020a46107f0b5aaa85480dcf00b6d8ee5:37a901c4f91c375e5b2ce915089751f68aa2f80e3a9590fee8edc1247ea80612:clang-18.1.8-coverage-state-load-v1,glm-5.3-high,long-trace-final,all-arms,dynamic,Omega_hat_NativeTrace,2577,1
dynamic::glm-5.3-high::all-arms::Omega_hat_NativeTrace,glm-5.3-high::codecontests-validation-1553h::short-trace-final,codecontests-validation-1553h,6e44abb67b8129df7e6c9c2bb7f0603020a46107f0b5aaa85480dcf00b6d8ee5:4f701d041f6b57b35a63af3be10f040298aa86385ad4da04b1daa6df2663a712:clang-18.1.8-coverage-state-load-v1,glm-5.3-high,short-trace-final,all-arms,dynamic,Omega_hat_NativeTrace,371,1
dynamic::glm-5.3-high::all-arms::Omega_hat_NativeTrace,glm-5.3-high::codecontests-validation-1553h::post-loop-state,codecontests-validation-1553h,a0fc871a1b48fb4e584cbafab20aa03968f5864a8503fcc17f35616d670b41fb:37a901c4f91c375e5b2ce915089751f68aa2f80e3a9590fee8edc1247ea80612:clang-18.1.8-coverage-state-load-v1,glm-5.3-high,post-loop-state,all-arms,dynamic,Omega_hat_NativeTrace,1815,0
dynamic::glm-5.3-high::all-arms::Omega_hat_NativeTrace,glm-5.3-high::codecontests-validation-1556f::inside-loop-state,codecontests-validation-1556f,0e7c6745273acd61e256dc45eed260d91a4acbd2606e470d7a226f83219ed9a3:360f25d334dd3eaa6f292d435c7982dff837d18936d1fefe83699b0b1d6fbc85:clang-18.1.8-coverage-state-load-v1,glm-5.3-high,inside-loop-state,all-arms,dynamic,Omega_hat_NativeTrace,202474,0
dynamic::glm-5.3-high::all-arms::Omega_hat_NativeTrace,glm-5.3-high::codecontests-validation-1556f::post-loop-state,codecontests-validation-1556f,355b4d9cf793a850c31de90bbad276f4be650b3ce01e56f464054f85d4c2ec45:360f25d334dd3eaa6f292d435c7982dff837d18936d1fefe83699b0b1d6fbc85:clang-18.1.8-coverage-state-load-v1,glm-5.3-high,post-loop-state,all-arms,dynamic,Omega_hat_NativeTrace,17086448,0
dynamic::glm-5.3-high::all-arms::Omega_hat_NativeTrace,glm-5.3-high::codecontests-validation-1556f::long-trace-final,codecontests-validation-1556f,67dbad2177030b263347ba9ff0c3aa5d2e1eb57d456d177fad25eee3f31a9a76:360f25d334dd3eaa6f292d435c7982dff837d18936d1fefe83699b0b1d6fbc85:clang-18.1.8-coverage-state-load-v1,glm-5.3-high,long-trace-final,all-arms,dynamic,Omega_hat_NativeTrace,17617324,0
dynamic::glm-5.3-high::all-arms::Omega_hat_NativeTrace,glm-5.3-high::codecontests-validation-1556f::short-trace-final,codecontests-validation-1556f,67dbad2177030b263347ba9ff0c3aa5d2e1eb57d456d177fad25eee3f31a9a76:fdcb27265764b2a73c62380d364aa177b18028a2d6fffe621bac5a23affde265:clang-18.1.8-coverage-state-load-v1,glm-5.3-high,short-trace-final,all-arms,dynamic,Omega_hat_NativeTrace,475,1
dynamic::glm-5.3-high::all-arms::Omega_hat_NativeTrace,glm-5.3-high::codecontests-validation-1567f::inside-loop-state,codecontests-validation-1567f,05cf93795d2245abb6f842b4f278fe70746b159f5aba398e285981a3d3ab0415:5ca513ae33f231741e8f5bce074557104f0ac96debe4329731eb41fe859f6fa9:clang-18.1.8-coverage-state-load-v1,glm-5.3-high,inside-loop-state,all-arms,dynamic,Omega_hat_NativeTrace,3975,1
dynamic::glm-5.3-high::all-arms::Omega_hat_NativeTrace,glm-5.3-high::codecontests-validation-1567f::long-trace-final,codecontests-validation-1567f,1d2e0467d959ffad5c713fa10c2142c44b5f542e00ce390504aea6f73e976053:5ca513ae33f231741e8f5bce074557104f0ac96debe4329731eb41fe859f6fa9:clang-18.1.8-coverage-state-load-v1,glm-5.3-high,long-trace-final,all-arms,dynamic,Omega_hat_NativeTrace,7387,1
dynamic::glm-5.3-high::all-arms::Omega_hat_NativeTrace,glm-5.3-high::codecontests-validation-1567f::short-trace-final,codecontests-validation-1567f,1d2e0467d959ffad5c713fa10c2142c44b5f542e00ce390504aea6f73e976053:8ac1f9fa9e2847575b2ced3fd892b2845557a6c485f5fa9413a699b8efbc3ad3:clang-18.1.8-coverage-state-load-v1,glm-5.3-high,short-trace-final,all-arms,dynamic,Omega_hat_NativeTrace,2028,1
dynamic::glm-5.3-high::all-arms::Omega_hat_NativeTrace,glm-5.3-high::codecontests-validation-1567f::post-loop-state,codecontests-validation-1567f,91b04a25af0d8354eca4b22a5c307be7e0d71719c1e56c1036c67f37cec6a7d0:5ca513ae33f231741e8f5bce074557104f0ac96debe4329731eb41fe859f6fa9:clang-18.1.8-coverage-state-load-v1,glm-5.3-high,post-loop-state,all-arms,dynamic,Omega_hat_NativeTrace,3936,1
dynamic::glm-5.3-high::all-arms::Omega_hat_NativeTrace,glm-5.3-high::codecontests-validation-1569e::inside-loop-state,codecontests-validation-1569e,8c7846a3a40110fa05257b67da8e6f63f945c711305a1df88b97e8d00396db64:b5fabe923ecc6b7534566fbeb72577fd896c2d74b9374afe3bed49a16217cf73:clang-18.1.8-coverage-state-load-v1,glm-5.3-high,inside-loop-state,all-arms,dynamic,Omega_hat_NativeTrace,14587,0
dynamic::glm-5.3-high::all-arms::Omega_hat_NativeTrace,glm-5.3-high::codecontests-validation-1569e::post-loop-state,codecontests-validation-1569e,b6b18517a3e59e80fb145dd8b32144c363e2872690c8f1c80a42a71bbc7adff3:b5fabe923ecc6b7534566fbeb72577fd896c2d74b9374afe3bed49a16217cf73:clang-18.1.8-coverage-state-load-v1,glm-5.3-high,post-loop-state,all-arms,dynamic,Omega_hat_NativeTrace,4686010,0
dynamic::glm-5.3-high::all-arms::Omega_hat_NativeTrace,glm-5.3-high::codecontests-validation-1569e::short-trace-final,codecontests-validation-1569e,d7b30d4383431a38ca1bd0ea4847aec892b939921afb04a5e0975d8dfe5a98c9:479def58965386a05050611157259ef82bfeb49b520e8bff8f6ffde3b23af8a8:clang-18.1.8-coverage-state-load-v1,glm-5.3-high,short-trace-final,all-arms,dynamic,Omega_hat_NativeTrace,963,1
dynamic::glm-5.3-high::all-arms::Omega_hat_NativeTrace,glm-5.3-high::codecontests-validation-1569e::long-trace-final,codecontests-validation-1569e,d7b30d4383431a38ca1bd0ea4847aec892b939921afb04a5e0975d8dfe5a98c9:b5fabe923ecc6b7534566fbeb72577fd896c2d74b9374afe3bed49a16217cf73:clang-18.1.8-coverage-state-load-v1,glm-5.3-high,long-trace-final,all-arms,dynamic,Omega_hat_NativeTrace,9765064,1
dynamic::glm-5.3-high::all-arms::Omega_hat_NativeTrace,glm-5.3-high::codecontests-validation-1569f::long-trace-final,codecontests-validation-1569f,2301e337b5fb3f9549acef3c07f9bd5019e6234c7a2311a7c4f57763e18e5b83:0b0d290fe1c8a4b6c275d3cd68f10e26117cce6a7a535e05cb67a9483c2ca982:clang-18.1.8-coverage-state-load-v1,glm-5.3-high,long-trace-final,all-arms,dynamic,Omega_hat_NativeTrace,150522,1
dynamic::glm-5.3-high::all-arms::Omega_hat_NativeTrace,glm-5.3-high::codecontests-validation-1569f::short-trace-final,codecontests-validation-1569f,2301e337b5fb3f9549acef3c07f9bd5019e6234c7a2311a7c4f57763e18e5b83:26b7657bcd3b796488b0a9677b14cced50fbbf3da549885bc44c2917cf610cff:clang-18.1.8-coverage-state-load-v1,glm-5.3-high,short-trace-final,all-arms,dynamic,Omega_hat_NativeTrace,9950,1
dynamic::glm-5.3-high::all-arms::Omega_hat_NativeTrace,glm-5.3-high::codecontests-validation-1569f::post-loop-state,codecontests-validation-1569f,9b44483ac309757aa4c354b7152a87dcbcef7f14befc99fd5d5420fba2550477:0b0d290fe1c8a4b6c275d3cd68f10e26117cce6a7a535e05cb67a9483c2ca982:clang-18.1.8-coverage-state-load-v1,glm-5.3-high,post-loop-state,all-arms,dynamic,Omega_hat_NativeTrace,118625,1
dynamic::glm-5.3-high::all-arms::Omega_hat_NativeTrace,glm-5.3-high::codecontests-validation-1569f::inside-loop-state,codecontests-validation-1569f,bd6341080b17f11d66607db0012ce4f3cf4107ce205c35c39ff21ea2a4d40857:0b0d290fe1c8a4b6c275d3cd68f10e26117cce6a7a535e05cb67a9483c2ca982:clang-18.1.8-coverage-state-load-v1,glm-5.3-high,inside-loop-state,all-arms,dynamic,Omega_hat_NativeTrace,118714,1
dynamic::glm-5.3-high::all-arms::Omega_hat_NativeTrace,glm-5.3-high::codecontests-validation-1572d::post-loop-state,codecontests-validation-1572d,10b3ea8d407a851cbb94d856638ba9ee3b5658eb0b43ab595c686887ee58e23a:2215213a1789f807060a057e634ddb262a27f09b8292f964f58f42acbe1d0616:clang-18.1.8-coverage-state-load-v1,glm-5.3-high,post-loop-state,all-arms,dynamic,Omega_hat_NativeTrace,1703,0
dynamic::glm-5.3-high::all-arms::Omega_hat_NativeTrace,glm-5.3-high::codecontests-validation-1572d::long-trace-final,codecontests-validation-1572d,4ef728a87836baeb0af64467718c76401006223c75d5b80c74b59eb56b109b72:2215213a1789f807060a057e634ddb262a27f09b8292f964f58f42acbe1d0616:clang-18.1.8-coverage-state-load-v1,glm-5.3-high,long-trace-final,all-arms,dynamic,Omega_hat_NativeTrace,1887,1
dynamic::glm-5.3-high::all-arms::Omega_hat_NativeTrace,glm-5.3-high::codecontests-validation-1572d::short-trace-final,codecontests-validation-1572d,4ef728a87836baeb0af64467718c76401006223c75d5b80c74b59eb56b109b72:eb418658a51efc355a88b1c44df821bcabf17ae92e052c3f3f3790755404491d:clang-18.1.8-coverage-state-load-v1,glm-5.3-high,short-trace-final,all-arms,dynamic,Omega_hat_NativeTrace,888,1
dynamic::glm-5.3-high::all-arms::Omega_hat_NativeTrace,glm-5.3-high::codecontests-validation-1572d::inside-loop-state,codecontests-validation-1572d,e4be3de81a2d2af89166e441b8d5adf8e73d19e2c217707d996b1af00c028ff1:2215213a1789f807060a057e634ddb262a27f09b8292f964f58f42acbe1d0616:clang-18.1.8-coverage-state-load-v1,glm-5.3-high,inside-loop-state,all-arms,dynamic,Omega_hat_NativeTrace,1793,0
dynamic::glm-5.3-high::all-arms::Omega_hat_NativeTrace,glm-5.3-high::codecontests-validation-1572e::post-loop-state,codecontests-validation-1572e,437fad31af4f51960c3b7aff0ceecd6ad236aeccd08417e320d5ef307f021027:ce0eb773178bbc4bdc901ed4555433f201b9cbbd416231d7a0b82b41c1e59270:clang-18.1.8-coverage-state-load-v1,glm-5.3-high,post-loop-state,all-arms,dynamic,Omega_hat_NativeTrace,1903,1
dynamic::glm-5.3-high::all-arms::Omega_hat_NativeTrace,glm-5.3-high::codecontests-validation-1572e::inside-loop-state,codecontests-validation-1572e,a29023c7f4c26bae0b4eef37581882d729a33402e3f2d96d9c4e4e82f216cc0f:ce0eb773178bbc4bdc901ed4555433f201b9cbbd416231d7a0b82b41c1e59270:clang-18.1.8-coverage-state-load-v1,glm-5.3-high,inside-loop-state,all-arms,dynamic,Omega_hat_NativeTrace,1931,1
dynamic::glm-5.3-high::all-arms::Omega_hat_NativeTrace,glm-5.3-high::codecontests-validation-1572e::short-trace-final,codecontests-validation-1572e,c6871efc570f44806a970f43053b081d731f519c2b4a95b2aa54ee53df958fcf:c8391dd8e574d61edf3a7c188f1bce010f51566bb2347b029afb3faa08679767:clang-18.1.8-coverage-state-load-v1,glm-5.3-high,short-trace-final,all-arms,dynamic,Omega_hat_NativeTrace,17610,0
dynamic::glm-5.3-high::all-arms::Omega_hat_NativeTrace,glm-5.3-high::codecontests-validation-1572e::long-trace-final,codecontests-validation-1572e,c6871efc570f44806a970f43053b081d731f519c2b4a95b2aa54ee53df958fcf:ce0eb773178bbc4bdc901ed4555433f201b9cbbd416231d7a0b82b41c1e59270:clang-18.1.8-coverage-state-load-v1,glm-5.3-high,long-trace-final,all-arms,dynamic,Omega_hat_NativeTrace,94129,1
dynamic::glm-5.3-high::all-arms::Omega_hat_NativeTrace,glm-5.3-high::codecontests-validation-1574f::post-loop-state,codecontests-validation-1574f,121cb978200a7d65abf8d20a567bf9a991547f94cb17d49e90c39970b27fb179:03d3d7a8c8364341064965d240bc633999a3624096573e7dd9ff9b2e4332d221:clang-18.1.8-coverage-state-load-v1,glm-5.3-high,post-loop-state,all-arms,dynamic,Omega_hat_NativeTrace,16200040,0
dynamic::glm-5.3-high::all-arms::Omega_hat_NativeTrace,glm-5.3-high::codecontests-validation-1574f::inside-loop-state,codecontests-validation-1574f,54d2aa075790d96b16094d1110b1ff4cc42e649f39b55cf10a14e19f5a25bdd0:03d3d7a8c8364341064965d240bc633999a3624096573e7dd9ff9b2e4332d221:clang-18.1.8-coverage-state-load-v1,glm-5.3-high,inside-loop-state,all-arms,dynamic,Omega_hat_NativeTrace,8102841,0
dynamic::glm-5.3-high::all-arms::Omega_hat_NativeTrace,glm-5.3-high::codecontests-validation-1574f::long-trace-final,codecontests-validation-1574f,7daa73692acaf41812edcde3c45ecdfa6e0c91a99ce6e3557836323cf0386084:03d3d7a8c8364341064965d240bc633999a3624096573e7dd9ff9b2e4332d221:clang-18.1.8-coverage-state-load-v1,glm-5.3-high,long-trace-final,all-arms,dynamic,Omega_hat_NativeTrace,1513963426,0
dynamic::glm-5.3-high::all-arms::Omega_hat_NativeTrace,glm-5.3-high::codecontests-validation-1574f::short-trace-final,codecontests-validation-1574f,7daa73692acaf41812edcde3c45ecdfa6e0c91a99ce6e3557836323cf0386084:a00a4e49bac1dc0515ea109cbef81f6fec9f42207b2ac47d95d4f9fb95859331:clang-18.1.8-coverage-state-load-v1,glm-5.3-high,short-trace-final,all-arms,dynamic,Omega_hat_NativeTrace,1209,1
dynamic::glm-5.3-high::all-arms::Omega_hat_StateLoad,glm-5.3-high::codecontests-test-1580b::post-loop-state,codecontests-test-1580b,651daa060f41dcbf742f65839b776fde4796201d3b99d00773278bba61645417:01bf10bc19e4055efc275e06e8439f42cb308446a927457954f085b1c36f701a:clang-18.1.8-coverage-state-load-v1,glm-5.3-high,post-loop-state,all-arms,dynamic,Omega_hat_StateLoad,634227280,1
dynamic::glm-5.3-high::all-arms::Omega_hat_StateLoad,glm-5.3-high::codecontests-test-1580b::inside-loop-state,codecontests-test-1580b,de821758d705b3efd9657c5b7021e5d724533788eed2c97f5213f6ee05a90127:01bf10bc19e4055efc275e06e8439f42cb308446a927457954f085b1c36f701a:clang-18.1.8-coverage-state-load-v1,glm-5.3-high,inside-loop-state,all-arms,dynamic,Omega_hat_StateLoad,624486447,1
dynamic::glm-5.3-high::all-arms::Omega_hat_StateLoad,glm-5.3-high::codecontests-test-1580b::long-trace-final,codecontests-test-1580b,e49cc24f56c43dda6796ffbf38185eb1f4f689c19e9ec2b7010717fbd33f09cd:01bf10bc19e4055efc275e06e8439f42cb308446a927457954f085b1c36f701a:clang-18.1.8-coverage-state-load-v1,glm-5.3-high,long-trace-final,all-arms,dynamic,Omega_hat_StateLoad,123221869874820,0
dynamic::glm-5.3-high::all-arms::Omega_hat_StateLoad,glm-5.3-high::codecontests-test-1580b::short-trace-final,codecontests-test-1580b,e49cc24f56c43dda6796ffbf38185eb1f4f689c19e9ec2b7010717fbd33f09cd:4badc34556ceafd1c2c4699ce5b2a3bc32594a4b7e29c24a4068f61563022cdc:clang-18.1.8-coverage-state-load-v1,glm-5.3-high,short-trace-final,all-arms,dynamic,Omega_hat_StateLoad,1334498244,1
dynamic::glm-5.3-high::all-arms::Omega_hat_StateLoad,glm-5.3-high::codecontests-test-1580f::short-trace-final,codecontests-test-1580f,14ddc455906166c8cc9ba66260dd1ee85ca6354b865eda03f0f3871dae33ae17:66cad223eb4b52b45ee49a6f14a923756f9c308fb0a2f62f02808d1d2491969e:clang-18.1.8-coverage-state-load-v1,glm-5.3-high,short-trace-final,all-arms,dynamic,Omega_hat_StateLoad,41166621651798,1
dynamic::glm-5.3-high::all-arms::Omega_hat_StateLoad,glm-5.3-high::codecontests-test-1580f::long-trace-final,codecontests-test-1580f,14ddc455906166c8cc9ba66260dd1ee85ca6354b865eda03f0f3871dae33ae17:d72b57384d564b166e605cb1fe15b30202227d8df8021b4e67f0275e92852971:clang-18.1.8-coverage-state-load-v1,glm-5.3-high,long-trace-final,all-arms,dynamic,Omega_hat_StateLoad,41173337298488,1
dynamic::glm-5.3-high::all-arms::Omega_hat_StateLoad,glm-5.3-high::codecontests-test-1580f::post-loop-state,codecontests-test-1580f,8526c634fe8de6d447557c0456ea3013ff50b851688579983204c869ac4dcb57:d72b57384d564b166e605cb1fe15b30202227d8df8021b4e67f0275e92852971:clang-18.1.8-coverage-state-load-v1,glm-5.3-high,post-loop-state,all-arms,dynamic,Omega_hat_StateLoad,41157233657412,0
dynamic::glm-5.3-high::all-arms::Omega_hat_StateLoad,glm-5.3-high::codecontests-test-1580f::inside-loop-state,codecontests-test-1580f,bfcc98152560bffe5dfc4d96ac7ad6087d8a47a1cf596714f45a7366a323508a:d72b57384d564b166e605cb1fe15b30202227d8df8021b4e67f0275e92852971:clang-18.1.8-coverage-state-load-v1,glm-5.3-high,inside-loop-state,all-arms,dynamic,Omega_hat_StateLoad,41157227775110,0
dynamic::glm-5.3-high::all-arms::Omega_hat_StateLoad,glm-5.3-high::codecontests-test-1586f::long-trace-final,codecontests-test-1586f,50fa6366595a53ba7e82bd4bc65563c718c29a2a4b9c1b4e6f80fab5bdeabd90:e7a0a218331b68b73ad7ba079fd54be2a7cd8090a6e96eba3f4ee3001dc1d2dc:clang-18.1.8-coverage-state-load-v1,glm-5.3-high,long-trace-final,all-arms,dynamic,Omega_hat_StateLoad,44184529715,0
dynamic::glm-5.3-high::all-arms::Omega_hat_StateLoad,glm-5.3-high::codecontests-test-1586f::short-trace-final,codecontests-test-1586f,50fa6366595a53ba7e82bd4bc65563c718c29a2a4b9c1b4e6f80fab5bdeabd90:ece3d232c1ca9ef8a80b6fdb1585b8f5cf653b9dd023b0521c8da64db859ffac:clang-18.1.8-coverage-state-load-v1,glm-5.3-high,short-trace-final,all-arms,dynamic,Omega_hat_StateLoad,145590447,1
dynamic::glm-5.3-high::all-arms::Omega_hat_StateLoad,glm-5.3-high::codecontests-test-1586f::inside-loop-state,codecontests-test-1586f,c2fff1ad8c28452ca3e75e2efc59934a22d91572d3cde13bc7c743de6d34b147:e7a0a218331b68b73ad7ba079fd54be2a7cd8090a6e96eba3f4ee3001dc1d2dc:clang-18.1.8-coverage-state-load-v1,glm-5.3-high,inside-loop-state,all-arms,dynamic,Omega_hat_StateLoad,4453997983,0
dynamic::glm-5.3-high::all-arms::Omega_hat_StateLoad,glm-5.3-high::codecontests-test-1586f::post-loop-state,codecontests-test-1586f,cf6f023469c0bb5ffbb00877e5468516893961999aa07f0ecb8ade5ed40b2096:e7a0a218331b68b73ad7ba079fd54be2a7cd8090a6e96eba3f4ee3001dc1d2dc:clang-18.1.8-coverage-state-load-v1,glm-5.3-high,post-loop-state,all-arms,dynamic,Omega_hat_StateLoad,4459054592,1
dynamic::glm-5.3-high::all-arms::Omega_hat_StateLoad,glm-5.3-high::codecontests-test-1598f::short-trace-final,codecontests-test-1598f,c86397161467c48a05a8a1c3b9d9cdc968122973e7759a52edbfee55607a0c48:0c302e793e9db86915c6163fbabb9d0a9976859eb54448cb12f96c3a4ff52328:clang-18.1.8-coverage-state-load-v1,glm-5.3-high,short-trace-final,all-arms,dynamic,Omega_hat_StateLoad,896,0
dynamic::glm-5.3-high::all-arms::Omega_hat_StateLoad,glm-5.3-high::codecontests-test-1598f::long-trace-final,codecontests-test-1598f,c86397161467c48a05a8a1c3b9d9cdc968122973e7759a52edbfee55607a0c48:7035767df0d876ec6a211af258eda3b340f5ba719f1d3c8f30d890596458ed17:clang-18.1.8-coverage-state-load-v1,glm-5.3-high,long-trace-final,all-arms,dynamic,Omega_hat_StateLoad,98536591,1
dynamic::glm-5.3-high::all-arms::Omega_hat_StateLoad,glm-5.3-high::codecontests-test-1598f::post-loop-state,codecontests-test-1598f,cb278e842ab865add5e5b08afeae6d96c07cdcbf64ca0a38de643e3879f68585:7035767df0d876ec6a211af258eda3b340f5ba719f1d3c8f30d890596458ed17:clang-18.1.8-coverage-state-load-v1,glm-5.3-high,post-loop-state,all-arms,dynamic,Omega_hat_StateLoad,1321625,1
dynamic::glm-5.3-high::all-arms::Omega_hat_StateLoad,glm-5.3-high::codecontests-test-1598f::inside-loop-state,codecontests-test-1598f,f41875fa3f7692eefec1a62e67928717fb5e40acf042c603e3120e581750a59b:7035767df0d876ec6a211af258eda3b340f5ba719f1d3c8f30d890596458ed17:clang-18.1.8-coverage-state-load-v1,glm-5.3-high,inside-loop-state,all-arms,dynamic,Omega_hat_StateLoad,1298913,1
dynamic::glm-5.3-high::all-arms::Omega_hat_StateLoad,glm-5.3-high::codecontests-test-1599d::inside-loop-state,codecontests-test-1599d,0a2dad56c9e815f7f708d26c2a62b89ce07f5ea76c71a50f36d86924cf05b943:e4a285c493f93a570627f5a05671eae6a4363f4464831e0f98d5ba3690d0ee67:clang-18.1.8-coverage-state-load-v1,glm-5.3-high,inside-loop-state,all-arms,dynamic,Omega_hat_StateLoad,11758615723,1
dynamic::glm-5.3-high::all-arms::Omega_hat_StateLoad,glm-5.3-high::codecontests-test-1599d::short-trace-final,codecontests-test-1599d,933b32aa65d3b25d1afa06e801f5b72dff619eaf7fc4ac6a4a0270e85d49214c:665093871dbe3de8e75d8a816a8378ca11e9e560947ddf4d94207a1e2173820b:clang-18.1.8-coverage-state-load-v1,glm-5.3-high,short-trace-final,all-arms,dynamic,Omega_hat_StateLoad,2823867851,1
dynamic::glm-5.3-high::all-arms::Omega_hat_StateLoad,glm-5.3-high::codecontests-test-1599d::long-trace-final,codecontests-test-1599d,933b32aa65d3b25d1afa06e801f5b72dff619eaf7fc4ac6a4a0270e85d49214c:e4a285c493f93a570627f5a05671eae6a4363f4464831e0f98d5ba3690d0ee67:clang-18.1.8-coverage-state-load-v1,glm-5.3-high,long-trace-final,all-arms,dynamic,Omega_hat_StateLoad,12567049367,1
dynamic::glm-5.3-high::all-arms::Omega_hat_StateLoad,glm-5.3-high::codecontests-test-1599d::post-loop-state,codecontests-test-1599d,aa9020619d95e0c11306c231f42dc16fbedc1b8833557cfba9a3855ceab5d625:e4a285c493f93a570627f5a05671eae6a4363f4464831e0f98d5ba3690d0ee67:clang-18.1.8-coverage-state-load-v1,glm-5.3-high,post-loop-state,all-arms,dynamic,Omega_hat_StateLoad,11898690449,1
dynamic::glm-5.3-high::all-arms::Omega_hat_StateLoad,glm-5.3-high::codecontests-test-1599j::post-loop-state,codecontests-test-1599j,3435dafe215df6aaa0d67c6cfc947efc0a0e44650fe50967a6ba0b248d4b7fe6:cf6d365ac492de069f119d50091851656ea5679fa08c558d3f071a383b4e0df0:clang-18.1.8-coverage-state-load-v1,glm-5.3-high,post-loop-state,all-arms,dynamic,Omega_hat_StateLoad,564916,0
dynamic::glm-5.3-high::all-arms::Omega_hat_StateLoad,glm-5.3-high::codecontests-test-1599j::short-trace-final,codecontests-test-1599j,ab4e36e90fc02ef9ec4e2ca7dec9cf4caee8e6aaeed78b0ea3ac83c28ac8147c:15a15c047478f3e0e3cab6ed3f632a29e89952fba136b5a78394d1c0ad79c6e5:clang-18.1.8-coverage-state-load-v1,glm-5.3-high,short-trace-final,all-arms,dynamic,Omega_hat_StateLoad,9170,1
dynamic::glm-5.3-high::all-arms::Omega_hat_StateLoad,glm-5.3-high::codecontests-test-1599j::long-trace-final,codecontests-test-1599j,ab4e36e90fc02ef9ec4e2ca7dec9cf4caee8e6aaeed78b0ea3ac83c28ac8147c:cf6d365ac492de069f119d50091851656ea5679fa08c558d3f071a383b4e0df0:clang-18.1.8-coverage-state-load-v1,glm-5.3-high,long-trace-final,all-arms,dynamic,Omega_hat_StateLoad,12322184,0
dynamic::glm-5.3-high::all-arms::Omega_hat_StateLoad,glm-5.3-high::codecontests-test-1599j::inside-loop-state,codecontests-test-1599j,b327432c0b51f79599142f457651ed07c753892f7bc8fc32eae261455a14a8df:cf6d365ac492de069f119d50091851656ea5679fa08c558d3f071a383b4e0df0:clang-18.1.8-coverage-state-load-v1,glm-5.3-high,inside-loop-state,all-arms,dynamic,Omega_hat_StateLoad,475722,1
dynamic::glm-5.3-high::all-arms::Omega_hat_StateLoad,glm-5.3-high::codecontests-test-1603e::long-trace-final,codecontests-test-1603e,d7fe25a19d626e555247a54b1650138c821111d60e20cca5c73ec3112ca1e525:16115f14b1d3589d0841b36fa922b477b58347dad5e3d021df0ae33ab64fa7a6:clang-18.1.8-coverage-state-load-v1,glm-5.3-high,long-trace-final,all-arms,dynamic,Omega_hat_StateLoad,4501797683908,0
dynamic::glm-5.3-high::all-arms::Omega_hat_StateLoad,glm-5.3-high::codecontests-test-1603e::short-trace-final,codecontests-test-1603e,d7fe25a19d626e555247a54b1650138c821111d60e20cca5c73ec3112ca1e525:56128c78d54bd858b1f0a7710cc6ed6c0ee23efbe9034d42dc8ce6339a26f6bf:clang-18.1.8-coverage-state-load-v1,glm-5.3-high,short-trace-final,all-arms,dynamic,Omega_hat_StateLoad,909408818,1
dynamic::glm-5.3-high::all-arms::Omega_hat_StateLoad,glm-5.3-high::codecontests-test-1603e::inside-loop-state,codecontests-test-1603e,f3186b205da6d6dcc9ea29d1c2d2e8b3e694f96a5c55cf87108c065fb309d17d:16115f14b1d3589d0841b36fa922b477b58347dad5e3d021df0ae33ab64fa7a6:clang-18.1.8-coverage-state-load-v1,glm-5.3-high,inside-loop-state,all-arms,dynamic,Omega_hat_StateLoad,189201355791,1
dynamic::glm-5.3-high::all-arms::Omega_hat_StateLoad,glm-5.3-high::codecontests-test-1603e::post-loop-state,codecontests-test-1603e,f412e755c350f9ce1c88cfff52e57c62ae92474f822504d6558ee65de9e4ed4d:16115f14b1d3589d0841b36fa922b477b58347dad5e3d021df0ae33ab64fa7a6:clang-18.1.8-coverage-state-load-v1,glm-5.3-high,post-loop-state,all-arms,dynamic,Omega_hat_StateLoad,194205315507,0
dynamic::glm-5.3-high::all-arms::Omega_hat_StateLoad,glm-5.3-high::codecontests-test-1608e::short-trace-final,codecontests-test-1608e,646dbc65fdea7bc8e3170908e4578902800b470e97d05e2454f0d26884e92df7:a2f5b5c4b5f17740e75fa5913cbf0bcde3191c7cb615765a3dfa89ab90e0e728:clang-18.1.8-coverage-state-load-v1,glm-5.3-high,short-trace-final,all-arms,dynamic,Omega_hat_StateLoad,62438640242,1
dynamic::glm-5.3-high::all-arms::Omega_hat_StateLoad,glm-5.3-high::codecontests-test-1608e::long-trace-final,codecontests-test-1608e,646dbc65fdea7bc8e3170908e4578902800b470e97d05e2454f0d26884e92df7:f55be964bd2cc68afe5b9ad8f942604e10918169e7160750406727f80984c504:clang-18.1.8-coverage-state-load-v1,glm-5.3-high,long-trace-final,all-arms,dynamic,Omega_hat_StateLoad,405236280252,1
dynamic::glm-5.3-high::all-arms::Omega_hat_StateLoad,glm-5.3-high::codecontests-test-1608e::inside-loop-state,codecontests-test-1608e,667c28dbcfd364ae586ae9cd21bf6fd959db38f0147f2a6cb6289ec447eb9a22:f55be964bd2cc68afe5b9ad8f942604e10918169e7160750406727f80984c504:clang-18.1.8-coverage-state-load-v1,glm-5.3-high,inside-loop-state,all-arms,dynamic,Omega_hat_StateLoad,175461364750,1
dynamic::glm-5.3-high::all-arms::Omega_hat_StateLoad,glm-5.3-high::codecontests-test-1608e::post-loop-state,codecontests-test-1608e,b3c2da25bedf53cb9761b05fae26f46e4cf88607b5e31132dd26180b52bbaf2b:f55be964bd2cc68afe5b9ad8f942604e10918169e7160750406727f80984c504:clang-18.1.8-coverage-state-load-v1,glm-5.3-high,post-loop-state,all-arms,dynamic,Omega_hat_StateLoad,189044239492,0
dynamic::glm-5.3-high::all-arms::Omega_hat_StateLoad,glm-5.3-high::codecontests-test-1608f::short-trace-final,codecontests-test-1608f,3b1188cf9f4294e77fd38eb7d8098dfcfb19fbdd0ef6e9a3fe8d63adfeb2abbf:8ad616db4fe9bd467b7ab16879f97c77503d2b22431ce9705293bfe707f20a7f:clang-18.1.8-coverage-state-load-v1,glm-5.3-high,short-trace-final,all-arms,dynamic,Omega_hat_StateLoad,151484570,0
dynamic::glm-5.3-high::all-arms::Omega_hat_StateLoad,glm-5.3-high::codecontests-test-1608f::long-trace-final,codecontests-test-1608f,3b1188cf9f4294e77fd38eb7d8098dfcfb19fbdd0ef6e9a3fe8d63adfeb2abbf:b3e5d9410e92ec6feb64678dbc4fc691cb4660d89a83baf0e0a219123c05b450:clang-18.1.8-coverage-state-load-v1,glm-5.3-high,long-trace-final,all-arms,dynamic,Omega_hat_StateLoad,54207437289,0
dynamic::glm-5.3-high::all-arms::Omega_hat_StateLoad,glm-5.3-high::codecontests-test-1608f::inside-loop-state,codecontests-test-1608f,9864fd100347bbad0e115c788da3250c68253007614da622a5ee02799527370f:b3e5d9410e92ec6feb64678dbc4fc691cb4660d89a83baf0e0a219123c05b450:clang-18.1.8-coverage-state-load-v1,glm-5.3-high,inside-loop-state,all-arms,dynamic,Omega_hat_StateLoad,20733502691,0
dynamic::glm-5.3-high::all-arms::Omega_hat_StateLoad,glm-5.3-high::codecontests-test-1608f::post-loop-state,codecontests-test-1608f,ef77878c7f3b869738b3ff6a4965c679f33909d0914e136f66f6c522b7b20c01:b3e5d9410e92ec6feb64678dbc4fc691cb4660d89a83baf0e0a219123c05b450:clang-18.1.8-coverage-state-load-v1,glm-5.3-high,post-loop-state,all-arms,dynamic,Omega_hat_StateLoad,20758637829,0
dynamic::glm-5.3-high::all-arms::Omega_hat_StateLoad,glm-5.3-high::codecontests-test-1615g::post-loop-state,codecontests-test-1615g,0933389f16bc0f8f1a15f83914fd800b2881de1ed6b02e9104c48207b1cde312:73a6420953313f0860ecac8f963f63bd594f27eacb54f75047c6e7f224445982:clang-18.1.8-coverage-state-load-v1,glm-5.3-high,post-loop-state,all-arms,dynamic,Omega_hat_StateLoad,6582454,0
dynamic::glm-5.3-high::all-arms::Omega_hat_StateLoad,glm-5.3-high::codecontests-test-1615g::inside-loop-state,codecontests-test-1615g,acc1b2cc8cfb5ad702c4fd69f49f49e609d604888c2fc3c44a8fa83a57d3de81:73a6420953313f0860ecac8f963f63bd594f27eacb54f75047c6e7f224445982:clang-18.1.8-coverage-state-load-v1,glm-5.3-high,inside-loop-state,all-arms,dynamic,Omega_hat_StateLoad,6401288,0
dynamic::glm-5.3-high::all-arms::Omega_hat_StateLoad,glm-5.3-high::codecontests-test-1615g::long-trace-final,codecontests-test-1615g,ad373333e07dc4e3b058568facb985af09bac3ef8991907c430b33236999f394:73a6420953313f0860ecac8f963f63bd594f27eacb54f75047c6e7f224445982:clang-18.1.8-coverage-state-load-v1,glm-5.3-high,long-trace-final,all-arms,dynamic,Omega_hat_StateLoad,2793543,1
dynamic::glm-5.3-high::all-arms::Omega_hat_StateLoad,glm-5.3-high::codecontests-test-1615g::short-trace-final,codecontests-test-1615g,ad373333e07dc4e3b058568facb985af09bac3ef8991907c430b33236999f394:8b8d92f6cd116121a9e352a9d6bbbeea5f82cc1c848aaea202eee9901fb39d86:clang-18.1.8-coverage-state-load-v1,glm-5.3-high,short-trace-final,all-arms,dynamic,Omega_hat_StateLoad,6874,1
dynamic::glm-5.3-high::all-arms::Omega_hat_StateLoad,glm-5.3-high::codecontests-test-1615h::post-loop-state,codecontests-test-1615h,6bac151ec0f25226a8145178cf0e367fb811beb86ff6196070e20565c4d00642:76e3b7b1ea299988012bab23cbfde0d8790d1c57e7f0994947beee3f546bc9a5:clang-18.1.8-coverage-state-load-v1,glm-5.3-high,post-loop-state,all-arms,dynamic,Omega_hat_StateLoad,205469759,1
dynamic::glm-5.3-high::all-arms::Omega_hat_StateLoad,glm-5.3-high::codecontests-test-1615h::long-trace-final,codecontests-test-1615h,a71a99b21177af38ad289c00ff979be40a690e727f285153ed3faee690b3a321:76e3b7b1ea299988012bab23cbfde0d8790d1c57e7f0994947beee3f546bc9a5:clang-18.1.8-coverage-state-load-v1,glm-5.3-high,long-trace-final,all-arms,dynamic,Omega_hat_StateLoad,316956724,1
dynamic::glm-5.3-high::all-arms::Omega_hat_StateLoad,glm-5.3-high::codecontests-test-1615h::short-trace-final,codecontests-test-1615h,a71a99b21177af38ad289c00ff979be40a690e727f285153ed3faee690b3a321:7f143eea0a3c840bf12e8184b4972d492f981fbb9a266339cd86299dae1d4413:clang-18.1.8-coverage-state-load-v1,glm-5.3-high,short-trace-final,all-arms,dynamic,Omega_hat_StateLoad,168597991,1
dynamic::glm-5.3-high::all-arms::Omega_hat_StateLoad,glm-5.3-high::codecontests-test-1615h::inside-loop-state,codecontests-test-1615h,bb1f2ab66b584a159dee436bfee61e9740c864d881dce54d93f0220164d96c1a:76e3b7b1ea299988012bab23cbfde0d8790d1c57e7f0994947beee3f546bc9a5:clang-18.1.8-coverage-state-load-v1,glm-5.3-high,inside-loop-state,all-arms,dynamic,Omega_hat_StateLoad,204519776,0
dynamic::glm-5.3-high::all-arms::Omega_hat_StateLoad,glm-5.3-high::codecontests-test-1617e::inside-loop-state,codecontests-test-1617e,395db0129fb099ac1b5af30458379f3c64b2c8e1ba3267544689e9a721e0a1a2:f34973899b03d91dd93fd9ca7bca992fc2b381fea1800c11fc29bf25c01efe97:clang-18.1.8-coverage-state-load-v1,glm-5.3-high,inside-loop-state,all-arms,dynamic,Omega_hat_StateLoad,274981556,1
dynamic::glm-5.3-high::all-arms::Omega_hat_StateLoad,glm-5.3-high::codecontests-test-1617e::post-loop-state,codecontests-test-1617e,a34fa455cb2724c38f9fc74f8d38161dbfbff4a0a0d9c9c94c1bfa734b45a015:f34973899b03d91dd93fd9ca7bca992fc2b381fea1800c11fc29bf25c01efe97:clang-18.1.8-coverage-state-load-v1,glm-5.3-high,post-loop-state,all-arms,dynamic,Omega_hat_StateLoad,302812024,0
dynamic::glm-5.3-high::all-arms::Omega_hat_StateLoad,glm-5.3-high::codecontests-test-1617e::short-trace-final,codecontests-test-1617e,c416bb8d3b25fd4c76bdb6e17ff595707f9479e2af79b63f90090979b8df2512:7a8e064d952789abfdfd6043d44530bd5de0228d7963b1c4a3a194695b246bdd:clang-18.1.8-coverage-state-load-v1,glm-5.3-high,short-trace-final,all-arms,dynamic,Omega_hat_StateLoad,208350789,1
dynamic::glm-5.3-high::all-arms::Omega_hat_StateLoad,glm-5.3-high::codecontests-test-1617e::long-trace-final,codecontests-test-1617e,c416bb8d3b25fd4c76bdb6e17ff595707f9479e2af79b63f90090979b8df2512:f34973899b03d91dd93fd9ca7bca992fc2b381fea1800c11fc29bf25c01efe97:clang-18.1.8-coverage-state-load-v1,glm-5.3-high,long-trace-final,all-arms,dynamic,Omega_hat_StateLoad,4912863519,1
dynamic::glm-5.3-high::all-arms::Omega_hat_StateLoad,glm-5.3-high::codecontests-test-1620g::post-loop-state,codecontests-test-1620g,90b42a3a02b64368871b040777d72a1fae560ae9bae9612e2ab271e58b363cec:d17fc49cd397378f23ba09a1d25ed63dd16e1ca27e2fef716941dab7e3d260e9:clang-18.1.8-coverage-state-load-v1,glm-5.3-high,post-loop-state,all-arms,dynamic,Omega_hat_StateLoad,10058693310,1
dynamic::glm-5.3-high::all-arms::Omega_hat_StateLoad,glm-5.3-high::codecontests-test-1620g::short-trace-final,codecontests-test-1620g,dc5b0364fffb69d059ac406180373038b2947bf8b018c0eb5ad6bdab89607c28:47fdb134316707b54ae926b4ba0b8e2ffa13b01f961ee3bdbd4367e9493f9d43:clang-18.1.8-coverage-state-load-v1,glm-5.3-high,short-trace-final,all-arms,dynamic,Omega_hat_StateLoad,2156032471,1
dynamic::glm-5.3-high::all-arms::Omega_hat_StateLoad,glm-5.3-high::codecontests-test-1620g::long-trace-final,codecontests-test-1620g,dc5b0364fffb69d059ac406180373038b2947bf8b018c0eb5ad6bdab89607c28:d17fc49cd397378f23ba09a1d25ed63dd16e1ca27e2fef716941dab7e3d260e9:clang-18.1.8-coverage-state-load-v1,glm-5.3-high,long-trace-final,all-arms,dynamic,Omega_hat_StateLoad,48229717663,0
dynamic::glm-5.3-high::all-arms::Omega_hat_StateLoad,glm-5.3-high::codecontests-test-1620g::inside-loop-state,codecontests-test-1620g,f68b5d2afda3ef6b63ec68b53e390dc857f47e5bdf2f3f2e1081414a31775f0d:d17fc49cd397378f23ba09a1d25ed63dd16e1ca27e2fef716941dab7e3d260e9:clang-18.1.8-coverage-state-load-v1,glm-5.3-high,inside-loop-state,all-arms,dynamic,Omega_hat_StateLoad,10033525628,1
dynamic::glm-5.3-high::all-arms::Omega_hat_StateLoad,glm-5.3-high::codecontests-validation-1552g::short-trace-final,codecontests-validation-1552g,89b65341f1c6fe3a0a9df0a69ade235027daa7f39d3002954f6f632919791b3f:6575c487ddb8c661ec94ac0aa126db71015d196d35a568acfd62ad87a004ec72:clang-18.1.8-coverage-state-load-v1,glm-5.3-high,short-trace-final,all-arms,dynamic,Omega_hat_StateLoad,95040,1
dynamic::glm-5.3-high::all-arms::Omega_hat_StateLoad,glm-5.3-high::codecontests-validation-1552g::long-trace-final,codecontests-validation-1552g,89b65341f1c6fe3a0a9df0a69ade235027daa7f39d3002954f6f632919791b3f:a23a879e789c630dbbae0133f0eb5577c8e5e3a711d2d32ec6d6c244f930f0a1:clang-18.1.8-coverage-state-load-v1,glm-5.3-high,long-trace-final,all-arms,dynamic,Omega_hat_StateLoad,351855,1
dynamic::glm-5.3-high::all-arms::Omega_hat_StateLoad,glm-5.3-high::codecontests-validation-1552g::post-loop-state,codecontests-validation-1552g,b5f0a9481460f80246bf1a24dda90224f8dc49a793565d9ab27a357e86c4e053:a23a879e789c630dbbae0133f0eb5577c8e5e3a711d2d32ec6d6c244f930f0a1:clang-18.1.8-coverage-state-load-v1,glm-5.3-high,post-loop-state,all-arms,dynamic,Omega_hat_StateLoad,56528,0
dynamic::glm-5.3-high::all-arms::Omega_hat_StateLoad,glm-5.3-high::codecontests-validation-1552g::inside-loop-state,codecontests-validation-1552g,feb96da038972104d010503bb0068d9694d4cebae2d34993c61d2dcd7002c600:a23a879e789c630dbbae0133f0eb5577c8e5e3a711d2d32ec6d6c244f930f0a1:clang-18.1.8-coverage-state-load-v1,glm-5.3-high,inside-loop-state,all-arms,dynamic,Omega_hat_StateLoad,54746,1
dynamic::glm-5.3-high::all-arms::Omega_hat_StateLoad,glm-5.3-high::codecontests-validation-1553h::inside-loop-state,codecontests-validation-1553h,261f2a5460690985d0feaadb3435366c997ed89f15809dc921c0a13726ae899d:37a901c4f91c375e5b2ce915089751f68aa2f80e3a9590fee8edc1247ea80612:clang-18.1.8-coverage-state-load-v1,glm-5.3-high,inside-loop-state,all-arms,dynamic,Omega_hat_StateLoad,270178,0
dynamic::glm-5.3-high::all-arms::Omega_hat_StateLoad,glm-5.3-high::codecontests-validation-1553h::long-trace-final,codecontests-validation-1553h,6e44abb67b8129df7e6c9c2bb7f0603020a46107f0b5aaa85480dcf00b6d8ee5:37a901c4f91c375e5b2ce915089751f68aa2f80e3a9590fee8edc1247ea80612:clang-18.1.8-coverage-state-load-v1,glm-5.3-high,long-trace-final,all-arms,dynamic,Omega_hat_StateLoad,288995,1
dynamic::glm-5.3-high::all-arms::Omega_hat_StateLoad,glm-5.3-high::codecontests-validation-1553h::short-trace-final,codecontests-validation-1553h,6e44abb67b8129df7e6c9c2bb7f0603020a46107f0b5aaa85480dcf00b6d8ee5:4f701d041f6b57b35a63af3be10f040298aa86385ad4da04b1daa6df2663a712:clang-18.1.8-coverage-state-load-v1,glm-5.3-high,short-trace-final,all-arms,dynamic,Omega_hat_StateLoad,7814,1
dynamic::glm-5.3-high::all-arms::Omega_hat_StateLoad,glm-5.3-high::codecontests-validation-1553h::post-loop-state,codecontests-validation-1553h,a0fc871a1b48fb4e584cbafab20aa03968f5864a8503fcc17f35616d670b41fb:37a901c4f91c375e5b2ce915089751f68aa2f80e3a9590fee8edc1247ea80612:clang-18.1.8-coverage-state-load-v1,glm-5.3-high,post-loop-state,all-arms,dynamic,Omega_hat_StateLoad,275715,0
dynamic::glm-5.3-high::all-arms::Omega_hat_StateLoad,glm-5.3-high::codecontests-validation-1556f::inside-loop-state,codecontests-validation-1556f,0e7c6745273acd61e256dc45eed260d91a4acbd2606e470d7a226f83219ed9a3:360f25d334dd3eaa6f292d435c7982dff837d18936d1fefe83699b0b1d6fbc85:clang-18.1.8-coverage-state-load-v1,glm-5.3-high,inside-loop-state,all-arms,dynamic,Omega_hat_StateLoad,329414216,0
dynamic::glm-5.3-high::all-arms::Omega_hat_StateLoad,glm-5.3-high::codecontests-validation-1556f::post-loop-state,codecontests-validation-1556f,355b4d9cf793a850c31de90bbad276f4be650b3ce01e56f464054f85d4c2ec45:360f25d334dd3eaa6f292d435c7982dff837d18936d1fefe83699b0b1d6fbc85:clang-18.1.8-coverage-state-load-v1,glm-5.3-high,post-loop-state,all-arms,dynamic,Omega_hat_StateLoad,28447327936,0
dynamic::glm-5.3-high::all-arms::Omega_hat_StateLoad,glm-5.3-high::codecontests-validation-1556f::long-trace-final,codecontests-validation-1556f,67dbad2177030b263347ba9ff0c3aa5d2e1eb57d456d177fad25eee3f31a9a76:360f25d334dd3eaa6f292d435c7982dff837d18936d1fefe83699b0b1d6fbc85:clang-18.1.8-coverage-state-load-v1,glm-5.3-high,long-trace-final,all-arms,dynamic,Omega_hat_StateLoad,29408855404,0
dynamic::glm-5.3-high::all-arms::Omega_hat_StateLoad,glm-5.3-high::codecontests-validation-1556f::short-trace-final,codecontests-validation-1556f,67dbad2177030b263347ba9ff0c3aa5d2e1eb57d456d177fad25eee3f31a9a76:fdcb27265764b2a73c62380d364aa177b18028a2d6fffe621bac5a23affde265:clang-18.1.8-coverage-state-load-v1,glm-5.3-high,short-trace-final,all-arms,dynamic,Omega_hat_StateLoad,14256,1
dynamic::glm-5.3-high::all-arms::Omega_hat_StateLoad,glm-5.3-high::codecontests-validation-1567f::inside-loop-state,codecontests-validation-1567f,05cf93795d2245abb6f842b4f278fe70746b159f5aba398e285981a3d3ab0415:5ca513ae33f231741e8f5bce074557104f0ac96debe4329731eb41fe859f6fa9:clang-18.1.8-coverage-state-load-v1,glm-5.3-high,inside-loop-state,all-arms,dynamic,Omega_hat_StateLoad,978954476445,1
dynamic::glm-5.3-high::all-arms::Omega_hat_StateLoad,glm-5.3-high::codecontests-validation-1567f::long-trace-final,codecontests-validation-1567f,1d2e0467d959ffad5c713fa10c2142c44b5f542e00ce390504aea6f73e976053:5ca513ae33f231741e8f5bce074557104f0ac96debe4329731eb41fe859f6fa9:clang-18.1.8-coverage-state-load-v1,glm-5.3-high,long-trace-final,all-arms,dynamic,Omega_hat_StateLoad,981523833176,1
dynamic::glm-5.3-high::all-arms::Omega_hat_StateLoad,glm-5.3-high::codecontests-validation-1567f::short-trace-final,codecontests-validation-1567f,1d2e0467d959ffad5c713fa10c2142c44b5f542e00ce390504aea6f73e976053:8ac1f9fa9e2847575b2ced3fd892b2845557a6c485f5fa9413a699b8efbc3ad3:clang-18.1.8-coverage-state-load-v1,glm-5.3-high,short-trace-final,all-arms,dynamic,Omega_hat_StateLoad,977810827294,1
dynamic::glm-5.3-high::all-arms::Omega_hat_StateLoad,glm-5.3-high::codecontests-validation-1567f::post-loop-state,codecontests-validation-1567f,91b04a25af0d8354eca4b22a5c307be7e0d71719c1e56c1036c67f37cec6a7d0:5ca513ae33f231741e8f5bce074557104f0ac96debe4329731eb41fe859f6fa9:clang-18.1.8-coverage-state-load-v1,glm-5.3-high,post-loop-state,all-arms,dynamic,Omega_hat_StateLoad,978984848378,1
dynamic::glm-5.3-high::all-arms::Omega_hat_StateLoad,glm-5.3-high::codecontests-validation-1569e::inside-loop-state,codecontests-validation-1569e,8c7846a3a40110fa05257b67da8e6f63f945c711305a1df88b97e8d00396db64:b5fabe923ecc6b7534566fbeb72577fd896c2d74b9374afe3bed49a16217cf73:clang-18.1.8-coverage-state-load-v1,glm-5.3-high,inside-loop-state,all-arms,dynamic,Omega_hat_StateLoad,28664383,0
dynamic::glm-5.3-high::all-arms::Omega_hat_StateLoad,glm-5.3-high::codecontests-validation-1569e::post-loop-state,codecontests-validation-1569e,b6b18517a3e59e80fb145dd8b32144c363e2872690c8f1c80a42a71bbc7adff3:b5fabe923ecc6b7534566fbeb72577fd896c2d74b9374afe3bed49a16217cf73:clang-18.1.8-coverage-state-load-v1,glm-5.3-high,post-loop-state,all-arms,dynamic,Omega_hat_StateLoad,314421572899,0
dynamic::glm-5.3-high::all-arms::Omega_hat_StateLoad,glm-5.3-high::codecontests-validation-1569e::short-trace-final,codecontests-validation-1569e,d7b30d4383431a38ca1bd0ea4847aec892b939921afb04a5e0975d8dfe5a98c9:479def58965386a05050611157259ef82bfeb49b520e8bff8f6ffde3b23af8a8:clang-18.1.8-coverage-state-load-v1,glm-5.3-high,short-trace-final,all-arms,dynamic,Omega_hat_StateLoad,2080621,1
dynamic::glm-5.3-high::all-arms::Omega_hat_StateLoad,glm-5.3-high::codecontests-validation-1569e::long-trace-final,codecontests-validation-1569e,d7b30d4383431a38ca1bd0ea4847aec892b939921afb04a5e0975d8dfe5a98c9:b5fabe923ecc6b7534566fbeb72577fd896c2d74b9374afe3bed49a16217cf73:clang-18.1.8-coverage-state-load-v1,glm-5.3-high,long-trace-final,all-arms,dynamic,Omega_hat_StateLoad,1344652839825,1
dynamic::glm-5.3-high::all-arms::Omega_hat_StateLoad,glm-5.3-high::codecontests-validation-1569f::long-trace-final,codecontests-validation-1569f,2301e337b5fb3f9549acef3c07f9bd5019e6234c7a2311a7c4f57763e18e5b83:0b0d290fe1c8a4b6c275d3cd68f10e26117cce6a7a535e05cb67a9483c2ca982:clang-18.1.8-coverage-state-load-v1,glm-5.3-high,long-trace-final,all-arms,dynamic,Omega_hat_StateLoad,31005550097240,1
dynamic::glm-5.3-high::all-arms::Omega_hat_StateLoad,glm-5.3-high::codecontests-validation-1569f::short-trace-final,codecontests-validation-1569f,2301e337b5fb3f9549acef3c07f9bd5019e6234c7a2311a7c4f57763e18e5b83:26b7657bcd3b796488b0a9677b14cced50fbbf3da549885bc44c2917cf610cff:clang-18.1.8-coverage-state-load-v1,glm-5.3-high,short-trace-final,all-arms,dynamic,Omega_hat_StateLoad,30961555303243,1
dynamic::glm-5.3-high::all-arms::Omega_hat_StateLoad,glm-5.3-high::codecontests-validation-1569f::post-loop-state,codecontests-validation-1569f,9b44483ac309757aa4c354b7152a87dcbcef7f14befc99fd5d5420fba2550477:0b0d290fe1c8a4b6c275d3cd68f10e26117cce6a7a535e05cb67a9483c2ca982:clang-18.1.8-coverage-state-load-v1,glm-5.3-high,post-loop-state,all-arms,dynamic,Omega_hat_StateLoad,30965722726988,1
dynamic::glm-5.3-high::all-arms::Omega_hat_StateLoad,glm-5.3-high::codecontests-validation-1569f::inside-loop-state,codecontests-validation-1569f,bd6341080b17f11d66607db0012ce4f3cf4107ce205c35c39ff21ea2a4d40857:0b0d290fe1c8a4b6c275d3cd68f10e26117cce6a7a535e05cb67a9483c2ca982:clang-18.1.8-coverage-state-load-v1,glm-5.3-high,inside-loop-state,all-arms,dynamic,Omega_hat_StateLoad,30965699084189,1
dynamic::glm-5.3-high::all-arms::Omega_hat_StateLoad,glm-5.3-high::codecontests-validation-1572d::post-loop-state,codecontests-validation-1572d,10b3ea8d407a851cbb94d856638ba9ee3b5658eb0b43ab595c686887ee58e23a:2215213a1789f807060a057e634ddb262a27f09b8292f964f58f42acbe1d0616:clang-18.1.8-coverage-state-load-v1,glm-5.3-high,post-loop-state,all-arms,dynamic,Omega_hat_StateLoad,10976962293,0
dynamic::glm-5.3-high::all-arms::Omega_hat_StateLoad,glm-5.3-high::codecontests-validation-1572d::long-trace-final,codecontests-validation-1572d,4ef728a87836baeb0af64467718c76401006223c75d5b80c74b59eb56b109b72:2215213a1789f807060a057e634ddb262a27f09b8292f964f58f42acbe1d0616:clang-18.1.8-coverage-state-load-v1,glm-5.3-high,long-trace-final,all-arms,dynamic,Omega_hat_StateLoad,9933542529,1
dynamic::glm-5.3-high::all-arms::Omega_hat_StateLoad,glm-5.3-high::codecontests-validation-1572d::short-trace-final,codecontests-validation-1572d,4ef728a87836baeb0af64467718c76401006223c75d5b80c74b59eb56b109b72:eb418658a51efc355a88b1c44df821bcabf17ae92e052c3f3f3790755404491d:clang-18.1.8-coverage-state-load-v1,glm-5.3-high,short-trace-final,all-arms,dynamic,Omega_hat_StateLoad,4040733206,1
dynamic::glm-5.3-high::all-arms::Omega_hat_StateLoad,glm-5.3-high::codecontests-validation-1572d::inside-loop-state,codecontests-validation-1572d,e4be3de81a2d2af89166e441b8d5adf8e73d19e2c217707d996b1af00c028ff1:2215213a1789f807060a057e634ddb262a27f09b8292f964f58f42acbe1d0616:clang-18.1.8-coverage-state-load-v1,glm-5.3-high,inside-loop-state,all-arms,dynamic,Omega_hat_StateLoad,10817965812,0
dynamic::glm-5.3-high::all-arms::Omega_hat_StateLoad,glm-5.3-high::codecontests-validation-1572e::post-loop-state,codecontests-validation-1572e,437fad31af4f51960c3b7aff0ceecd6ad236aeccd08417e320d5ef307f021027:ce0eb773178bbc4bdc901ed4555433f201b9cbbd416231d7a0b82b41c1e59270:clang-18.1.8-coverage-state-load-v1,glm-5.3-high,post-loop-state,all-arms,dynamic,Omega_hat_StateLoad,284284662,1
dynamic::glm-5.3-high::all-arms::Omega_hat_StateLoad,glm-5.3-high::codecontests-validation-1572e::inside-loop-state,codecontests-validation-1572e,a29023c7f4c26bae0b4eef37581882d729a33402e3f2d96d9c4e4e82f216cc0f:ce0eb773178bbc4bdc901ed4555433f201b9cbbd416231d7a0b82b41c1e59270:clang-18.1.8-coverage-state-load-v1,glm-5.3-high,inside-loop-state,all-arms,dynamic,Omega_hat_StateLoad,268420712,1
dynamic::glm-5.3-high::all-arms::Omega_hat_StateLoad,glm-5.3-high::codecontests-validation-1572e::short-trace-final,codecontests-validation-1572e,c6871efc570f44806a970f43053b081d731f519c2b4a95b2aa54ee53df958fcf:c8391dd8e574d61edf3a7c188f1bce010f51566bb2347b029afb3faa08679767:clang-18.1.8-coverage-state-load-v1,glm-5.3-high,short-trace-final,all-arms,dynamic,Omega_hat_StateLoad,2943713730,0
dynamic::glm-5.3-high::all-arms::Omega_hat_StateLoad,glm-5.3-high::codecontests-validation-1572e::long-trace-final,codecontests-validation-1572e,c6871efc570f44806a970f43053b081d731f519c2b4a95b2aa54ee53df958fcf:ce0eb773178bbc4bdc901ed4555433f201b9cbbd416231d7a0b82b41c1e59270:clang-18.1.8-coverage-state-load-v1,glm-5.3-high,long-trace-final,all-arms,dynamic,Omega_hat_StateLoad,17161896034,1
dynamic::glm-5.3-high::all-arms::Omega_hat_StateLoad,glm-5.3-high::codecontests-validation-1574f::post-loop-state,codecontests-validation-1574f,121cb978200a7d65abf8d20a567bf9a991547f94cb17d49e90c39970b27fb179:03d3d7a8c8364341064965d240bc633999a3624096573e7dd9ff9b2e4332d221:clang-18.1.8-coverage-state-load-v1,glm-5.3-high,post-loop-state,all-arms,dynamic,Omega_hat_StateLoad,51166072353683,0
dynamic::glm-5.3-high::all-arms::Omega_hat_StateLoad,glm-5.3-high::codecontests-validation-1574f::inside-loop-state,codecontests-validation-1574f,54d2aa075790d96b16094d1110b1ff4cc42e649f39b55cf10a14e19f5a25bdd0:03d3d7a8c8364341064965d240bc633999a3624096573e7dd9ff9b2e4332d221:clang-18.1.8-coverage-state-load-v1,glm-5.3-high,inside-loop-state,all-arms,dynamic,Omega_hat_StateLoad,35511036245914,0
dynamic::glm-5.3-high::all-arms::Omega_hat_StateLoad,glm-5.3-high::codecontests-validation-1574f::long-trace-final,codecontests-validation-1574f,7daa73692acaf41812edcde3c45ecdfa6e0c91a99ce6e3557836323cf0386084:03d3d7a8c8364341064965d240bc633999a3624096573e7dd9ff9b2e4332d221:clang-18.1.8-coverage-state-load-v1,glm-5.3-high,long-trace-final,all-arms,dynamic,Omega_hat_StateLoad,29414118644551660,0
dynamic::glm-5.3-high::all-arms::Omega_hat_StateLoad,glm-5.3-high::codecontests-validation-1574f::short-trace-final,codecontests-validation-1574f,7daa73692acaf41812edcde3c45ecdfa6e0c91a99ce6e3557836323cf0386084:a00a4e49bac1dc0515ea109cbef81f6fec9f42207b2ac47d95d4f9fb95859331:clang-18.1.8-coverage-state-load-v1,glm-5.3-high,short-trace-final,all-arms,dynamic,Omega_hat_StateLoad,228330,1
dynamic::glm-5.3-high::all-arms::Omega_hat_StateSize,glm-5.3-high::codecontests-test-1580b::post-loop-state,codecontests-test-1580b,651daa060f41dcbf742f65839b776fde4796201d3b99d00773278bba61645417:01bf10bc19e4055efc275e06e8439f42cb308446a927457954f085b1c36f701a:clang-18.1.8-coverage-state-load-v1,glm-5.3-high,post-loop-state,all-arms,dynamic,Omega_hat_StateSize,1082352,1
dynamic::glm-5.3-high::all-arms::Omega_hat_StateSize,glm-5.3-high::codecontests-test-1580b::inside-loop-state,codecontests-test-1580b,de821758d705b3efd9657c5b7021e5d724533788eed2c97f5213f6ee05a90127:01bf10bc19e4055efc275e06e8439f42cb308446a927457954f085b1c36f701a:clang-18.1.8-coverage-state-load-v1,glm-5.3-high,inside-loop-state,all-arms,dynamic,Omega_hat_StateSize,1082353,1
dynamic::glm-5.3-high::all-arms::Omega_hat_StateSize,glm-5.3-high::codecontests-test-1580b::long-trace-final,codecontests-test-1580b,e49cc24f56c43dda6796ffbf38185eb1f4f689c19e9ec2b7010717fbd33f09cd:01bf10bc19e4055efc275e06e8439f42cb308446a927457954f085b1c36f701a:clang-18.1.8-coverage-state-load-v1,glm-5.3-high,long-trace-final,all-arms,dynamic,Omega_hat_StateSize,1082455,0
dynamic::glm-5.3-high::all-arms::Omega_hat_StateSize,glm-5.3-high::codecontests-test-1580b::short-trace-final,codecontests-test-1580b,e49cc24f56c43dda6796ffbf38185eb1f4f689c19e9ec2b7010717fbd33f09cd:4badc34556ceafd1c2c4699ce5b2a3bc32594a4b7e29c24a4068f61563022cdc:clang-18.1.8-coverage-state-load-v1,glm-5.3-high,short-trace-final,all-arms,dynamic,Omega_hat_StateSize,1082351,1
dynamic::glm-5.3-high::all-arms::Omega_hat_StateSize,glm-5.3-high::codecontests-test-1580f::short-trace-final,codecontests-test-1580f,14ddc455906166c8cc9ba66260dd1ee85ca6354b865eda03f0f3871dae33ae17:66cad223eb4b52b45ee49a6f14a923756f9c308fb0a2f62f02808d1d2491969e:clang-18.1.8-coverage-state-load-v1,glm-5.3-high,short-trace-final,all-arms,dynamic,Omega_hat_StateSize,840185,1
dynamic::glm-5.3-high::all-arms::Omega_hat_StateSize,glm-5.3-high::codecontests-test-1580f::long-trace-final,codecontests-test-1580f,14ddc455906166c8cc9ba66260dd1ee85ca6354b865eda03f0f3871dae33ae17:d72b57384d564b166e605cb1fe15b30202227d8df8021b4e67f0275e92852971:clang-18.1.8-coverage-state-load-v1,glm-5.3-high,long-trace-final,all-arms,dynamic,Omega_hat_StateSize,840619,1
dynamic::glm-5.3-high::all-arms::Omega_hat_StateSize,glm-5.3-high::codecontests-test-1580f::post-loop-state,codecontests-test-1580f,8526c634fe8de6d447557c0456ea3013ff50b851688579983204c869ac4dcb57:d72b57384d564b166e605cb1fe15b30202227d8df8021b4e67f0275e92852971:clang-18.1.8-coverage-state-load-v1,glm-5.3-high,post-loop-state,all-arms,dynamic,Omega_hat_StateSize,840524,0
dynamic::glm-5.3-high::all-arms::Omega_hat_StateSize,glm-5.3-high::codecontests-test-1580f::inside-loop-state,codecontests-test-1580f,bfcc98152560bffe5dfc4d96ac7ad6087d8a47a1cf596714f45a7366a323508a:d72b57384d564b166e605cb1fe15b30202227d8df8021b4e67f0275e92852971:clang-18.1.8-coverage-state-load-v1,glm-5.3-high,inside-loop-state,all-arms,dynamic,Omega_hat_StateSize,840524,0
dynamic::glm-5.3-high::all-arms::Omega_hat_StateSize,glm-5.3-high::codecontests-test-1586f::long-trace-final,codecontests-test-1586f,50fa6366595a53ba7e82bd4bc65563c718c29a2a4b9c1b4e6f80fab5bdeabd90:e7a0a218331b68b73ad7ba079fd54be2a7cd8090a6e96eba3f4ee3001dc1d2dc:clang-18.1.8-coverage-state-load-v1,glm-5.3-high,long-trace-final,all-arms,dynamic,Omega_hat_StateSize,1011696,0
dynamic::glm-5.3-high::all-arms::Omega_hat_StateSize,glm-5.3-high::codecontests-test-1586f::short-trace-final,codecontests-test-1586f,50fa6366595a53ba7e82bd4bc65563c718c29a2a4b9c1b4e6f80fab5bdeabd90:ece3d232c1ca9ef8a80b6fdb1585b8f5cf653b9dd023b0521c8da64db859ffac:clang-18.1.8-coverage-state-load-v1,glm-5.3-high,short-trace-final,all-arms,dynamic,Omega_hat_StateSize,1011054,1
dynamic::glm-5.3-high::all-arms::Omega_hat_StateSize,glm-5.3-high::codecontests-test-1586f::inside-loop-state,codecontests-test-1586f,c2fff1ad8c28452ca3e75e2efc59934a22d91572d3cde13bc7c743de6d34b147:e7a0a218331b68b73ad7ba079fd54be2a7cd8090a6e96eba3f4ee3001dc1d2dc:clang-18.1.8-coverage-state-load-v1,glm-5.3-high,inside-loop-state,all-arms,dynamic,Omega_hat_StateSize,1011696,0
dynamic::glm-5.3-high::all-arms::Omega_hat_StateSize,glm-5.3-high::codecontests-test-1586f::post-loop-state,codecontests-test-1586f,cf6f023469c0bb5ffbb00877e5468516893961999aa07f0ecb8ade5ed40b2096:e7a0a218331b68b73ad7ba079fd54be2a7cd8090a6e96eba3f4ee3001dc1d2dc:clang-18.1.8-coverage-state-load-v1,glm-5.3-high,post-loop-state,all-arms,dynamic,Omega_hat_StateSize,1011696,1
dynamic::glm-5.3-high::all-arms::Omega_hat_StateSize,glm-5.3-high::codecontests-test-1598f::short-trace-final,codecontests-test-1598f,c86397161467c48a05a8a1c3b9d9cdc968122973e7759a52edbfee55607a0c48:0c302e793e9db86915c6163fbabb9d0a9976859eb54448cb12f96c3a4ff52328:clang-18.1.8-coverage-state-load-v1,glm-5.3-high,short-trace-final,all-arms,dynamic,Omega_hat_StateSize,20,0
dynamic::glm-5.3-high::all-arms::Omega_hat_StateSize,glm-5.3-high::codecontests-test-1598f::long-trace-final,codecontests-test-1598f,c86397161467c48a05a8a1c3b9d9cdc968122973e7759a52edbfee55607a0c48:7035767df0d876ec6a211af258eda3b340f5ba719f1d3c8f30d890596458ed17:clang-18.1.8-coverage-state-load-v1,glm-5.3-high,long-trace-final,all-arms,dynamic,Omega_hat_StateSize,1483,1
dynamic::glm-5.3-high::all-arms::Omega_hat_StateSize,glm-5.3-high::codecontests-test-1598f::post-loop-state,codecontests-test-1598f,cb278e842ab865add5e5b08afeae6d96c07cdcbf64ca0a38de643e3879f68585:7035767df0d876ec6a211af258eda3b340f5ba719f1d3c8f30d890596458ed17:clang-18.1.8-coverage-state-load-v1,glm-5.3-high,post-loop-state,all-arms,dynamic,Omega_hat_StateSize,1199,1
dynamic::glm-5.3-high::all-arms::Omega_hat_StateSize,glm-5.3-high::codecontests-test-1598f::inside-loop-state,codecontests-test-1598f,f41875fa3f7692eefec1a62e67928717fb5e40acf042c603e3120e581750a59b:7035767df0d876ec6a211af258eda3b340f5ba719f1d3c8f30d890596458ed17:clang-18.1.8-coverage-state-load-v1,glm-5.3-high,inside-loop-state,all-arms,dynamic,Omega_hat_StateSize,1199,1
dynamic::glm-5.3-high::all-arms::Omega_hat_StateSize,glm-5.3-high::codecontests-test-1599d::inside-loop-state,codecontests-test-1599d,0a2dad56c9e815f7f708d26c2a62b89ce07f5ea76c71a50f36d86924cf05b943:e4a285c493f93a570627f5a05671eae6a4363f4464831e0f98d5ba3690d0ee67:clang-18.1.8-coverage-state-load-v1,glm-5.3-high,inside-loop-state,all-arms,dynamic,Omega_hat_StateSize,4002178,1
dynamic::glm-5.3-high::all-arms::Omega_hat_StateSize,glm-5.3-high::codecontests-test-1599d::short-trace-final,codecontests-test-1599d,933b32aa65d3b25d1afa06e801f5b72dff619eaf7fc4ac6a4a0270e85d49214c:665093871dbe3de8e75d8a816a8378ca11e9e560947ddf4d94207a1e2173820b:clang-18.1.8-coverage-state-load-v1,glm-5.3-high,short-trace-final,all-arms,dynamic,Omega_hat_StateSize,4002117,1
dynamic::glm-5.3-high::all-arms::Omega_hat_StateSize,glm-5.3-high::codecontests-test-1599d::long-trace-final,codecontests-test-1599d,933b32aa65d3b25d1afa06e801f5b72dff619eaf7fc4ac6a4a0270e85d49214c:e4a285c493f93a570627f5a05671eae6a4363f4464831e0f98d5ba3690d0ee67:clang-18.1.8-coverage-state-load-v1,glm-5.3-high,long-trace-final,all-arms,dynamic,Omega_hat_StateSize,4002178,1
dynamic::glm-5.3-high::all-arms::Omega_hat_StateSize,glm-5.3-high::codecontests-test-1599d::post-loop-state,codecontests-test-1599d,aa9020619d95e0c11306c231f42dc16fbedc1b8833557cfba9a3855ceab5d625:e4a285c493f93a570627f5a05671eae6a4363f4464831e0f98d5ba3690d0ee67:clang-18.1.8-coverage-state-load-v1,glm-5.3-high,post-loop-state,all-arms,dynamic,Omega_hat_StateSize,4002178,1
dynamic::glm-5.3-high::all-arms::Omega_hat_StateSize,glm-5.3-high::codecontests-test-1599j::post-loop-state,codecontests-test-1599j,3435dafe215df6aaa0d67c6cfc947efc0a0e44650fe50967a6ba0b248d4b7fe6:cf6d365ac492de069f119d50091851656ea5679fa08c558d3f071a383b4e0df0:clang-18.1.8-coverage-state-load-v1,glm-5.3-high,post-loop-state,all-arms,dynamic,Omega_hat_StateSize,522,0
dynamic::glm-5.3-high::all-arms::Omega_hat_StateSize,glm-5.3-high::codecontests-test-1599j::short-trace-final,codecontests-test-1599j,ab4e36e90fc02ef9ec4e2ca7dec9cf4caee8e6aaeed78b0ea3ac83c28ac8147c:15a15c047478f3e0e3cab6ed3f632a29e89952fba136b5a78394d1c0ad79c6e5:clang-18.1.8-coverage-state-load-v1,glm-5.3-high,short-trace-final,all-arms,dynamic,Omega_hat_StateSize,70,1
dynamic::glm-5.3-high::all-arms::Omega_hat_StateSize,glm-5.3-high::codecontests-test-1599j::long-trace-final,codecontests-test-1599j,ab4e36e90fc02ef9ec4e2ca7dec9cf4caee8e6aaeed78b0ea3ac83c28ac8147c:cf6d365ac492de069f119d50091851656ea5679fa08c558d3f071a383b4e0df0:clang-18.1.8-coverage-state-load-v1,glm-5.3-high,long-trace-final,all-arms,dynamic,Omega_hat_StateSize,930,0
dynamic::glm-5.3-high::all-arms::Omega_hat_StateSize,glm-5.3-high::codecontests-test-1599j::inside-loop-state,codecontests-test-1599j,b327432c0b51f79599142f457651ed07c753892f7bc8fc32eae261455a14a8df:cf6d365ac492de069f119d50091851656ea5679fa08c558d3f071a383b4e0df0:clang-18.1.8-coverage-state-load-v1,glm-5.3-high,inside-loop-state,all-arms,dynamic,Omega_hat_StateSize,479,1
dynamic::glm-5.3-high::all-arms::Omega_hat_StateSize,glm-5.3-high::codecontests-test-1603e::long-trace-final,codecontests-test-1603e,d7fe25a19d626e555247a54b1650138c821111d60e20cca5c73ec3112ca1e525:16115f14b1d3589d0841b36fa922b477b58347dad5e3d021df0ae33ab64fa7a6:clang-18.1.8-coverage-state-load-v1,glm-5.3-high,long-trace-final,all-arms,dynamic,Omega_hat_StateSize,1478716,0
dynamic::glm-5.3-high::all-arms::Omega_hat_StateSize,glm-5.3-high::codecontests-test-1603e::short-trace-final,codecontests-test-1603e,d7fe25a19d626e555247a54b1650138c821111d60e20cca5c73ec3112ca1e525:56128c78d54bd858b1f0a7710cc6ed6c0ee23efbe9034d42dc8ce6339a26f6bf:clang-18.1.8-coverage-state-load-v1,glm-5.3-high,short-trace-final,all-arms,dynamic,Omega_hat_StateSize,1478716,1
dynamic::glm-5.3-high::all-arms::Omega_hat_StateSize,glm-5.3-high::codecontests-test-1603e::inside-loop-state,codecontests-test-1603e,f3186b205da6d6dcc9ea29d1c2d2e8b3e694f96a5c55cf87108c065fb309d17d:16115f14b1d3589d0841b36fa922b477b58347dad5e3d021df0ae33ab64fa7a6:clang-18.1.8-coverage-state-load-v1,glm-5.3-high,inside-loop-state,all-arms,dynamic,Omega_hat_StateSize,1478716,1
dynamic::glm-5.3-high::all-arms::Omega_hat_StateSize,glm-5.3-high::codecontests-test-1603e::post-loop-state,codecontests-test-1603e,f412e755c350f9ce1c88cfff52e57c62ae92474f822504d6558ee65de9e4ed4d:16115f14b1d3589d0841b36fa922b477b58347dad5e3d021df0ae33ab64fa7a6:clang-18.1.8-coverage-state-load-v1,glm-5.3-high,post-loop-state,all-arms,dynamic,Omega_hat_StateSize,1478716,0
dynamic::glm-5.3-high::all-arms::Omega_hat_StateSize,glm-5.3-high::codecontests-test-1608e::short-trace-final,codecontests-test-1608e,646dbc65fdea7bc8e3170908e4578902800b470e97d05e2454f0d26884e92df7:a2f5b5c4b5f17740e75fa5913cbf0bcde3191c7cb615765a3dfa89ab90e0e728:clang-18.1.8-coverage-state-load-v1,glm-5.3-high,short-trace-final,all-arms,dynamic,Omega_hat_StateSize,25200111,1
dynamic::glm-5.3-high::all-arms::Omega_hat_StateSize,glm-5.3-high::codecontests-test-1608e::long-trace-final,codecontests-test-1608e,646dbc65fdea7bc8e3170908e4578902800b470e97d05e2454f0d26884e92df7:f55be964bd2cc68afe5b9ad8f942604e10918169e7160750406727f80984c504:clang-18.1.8-coverage-state-load-v1,glm-5.3-high,long-trace-final,all-arms,dynamic,Omega_hat_StateSize,25200169,1
dynamic::glm-5.3-high::all-arms::Omega_hat_StateSize,glm-5.3-high::codecontests-test-1608e::inside-loop-state,codecontests-test-1608e,667c28dbcfd364ae586ae9cd21bf6fd959db38f0147f2a6cb6289ec447eb9a22:f55be964bd2cc68afe5b9ad8f942604e10918169e7160750406727f80984c504:clang-18.1.8-coverage-state-load-v1,glm-5.3-high,inside-loop-state,all-arms,dynamic,Omega_hat_StateSize,25200162,1
dynamic::glm-5.3-high::all-arms::Omega_hat_StateSize,glm-5.3-high::codecontests-test-1608e::post-loop-state,codecontests-test-1608e,b3c2da25bedf53cb9761b05fae26f46e4cf88607b5e31132dd26180b52bbaf2b:f55be964bd2cc68afe5b9ad8f942604e10918169e7160750406727f80984c504:clang-18.1.8-coverage-state-load-v1,glm-5.3-high,post-loop-state,all-arms,dynamic,Omega_hat_StateSize,25200162,0
dynamic::glm-5.3-high::all-arms::Omega_hat_StateSize,glm-5.3-high::codecontests-test-1608f::short-trace-final,codecontests-test-1608f,3b1188cf9f4294e77fd38eb7d8098dfcfb19fbdd0ef6e9a3fe8d63adfeb2abbf:8ad616db4fe9bd467b7ab16879f97c77503d2b22431ce9705293bfe707f20a7f:clang-18.1.8-coverage-state-load-v1,glm-5.3-high,short-trace-final,all-arms,dynamic,Omega_hat_StateSize,457776,0
dynamic::glm-5.3-high::all-arms::Omega_hat_StateSize,glm-5.3-high::codecontests-test-1608f::long-trace-final,codecontests-test-1608f,3b1188cf9f4294e77fd38eb7d8098dfcfb19fbdd0ef6e9a3fe8d63adfeb2abbf:b3e5d9410e92ec6feb64678dbc4fc691cb4660d89a83baf0e0a219123c05b450:clang-18.1.8-coverage-state-load-v1,glm-5.3-high,long-trace-final,all-arms,dynamic,Omega_hat_StateSize,457776,0
dynamic::glm-5.3-high::all-arms::Omega_hat_StateSize,glm-5.3-high::codecontests-test-1608f::inside-loop-state,codecontests-test-1608f,9864fd100347bbad0e115c788da3250c68253007614da622a5ee02799527370f:b3e5d9410e92ec6feb64678dbc4fc691cb4660d89a83baf0e0a219123c05b450:clang-18.1.8-coverage-state-load-v1,glm-5.3-high,inside-loop-state,all-arms,dynamic,Omega_hat_StateSize,463089,0
dynamic::glm-5.3-high::all-arms::Omega_hat_StateSize,glm-5.3-high::codecontests-test-1608f::post-loop-state,codecontests-test-1608f,ef77878c7f3b869738b3ff6a4965c679f33909d0914e136f66f6c522b7b20c01:b3e5d9410e92ec6feb64678dbc4fc691cb4660d89a83baf0e0a219123c05b450:clang-18.1.8-coverage-state-load-v1,glm-5.3-high,post-loop-state,all-arms,dynamic,Omega_hat_StateSize,463088,0
dynamic::glm-5.3-high::all-arms::Omega_hat_StateSize,glm-5.3-high::codecontests-test-1615g::post-loop-state,codecontests-test-1615g,0933389f16bc0f8f1a15f83914fd800b2881de1ed6b02e9104c48207b1cde312:73a6420953313f0860ecac8f963f63bd594f27eacb54f75047c6e7f224445982:clang-18.1.8-coverage-state-load-v1,glm-5.3-high,post-loop-state,all-arms,dynamic,Omega_hat_StateSize,1108,0
dynamic::glm-5.3-high::all-arms::Omega_hat_StateSize,glm-5.3-high::codecontests-test-1615g::inside-loop-state,codecontests-test-1615g,acc1b2cc8cfb5ad702c4fd69f49f49e609d604888c2fc3c44a8fa83a57d3de81:73a6420953313f0860ecac8f963f63bd594f27eacb54f75047c6e7f224445982:clang-18.1.8-coverage-state-load-v1,glm-5.3-high,inside-loop-state,all-arms,dynamic,Omega_hat_StateSize,1108,0
dynamic::glm-5.3-high::all-arms::Omega_hat_StateSize,glm-5.3-high::codecontests-test-1615g::long-trace-final,codecontests-test-1615g,ad373333e07dc4e3b058568facb985af09bac3ef8991907c430b33236999f394:73a6420953313f0860ecac8f963f63bd594f27eacb54f75047c6e7f224445982:clang-18.1.8-coverage-state-load-v1,glm-5.3-high,long-trace-final,all-arms,dynamic,Omega_hat_StateSize,1108,1
dynamic::glm-5.3-high::all-arms::Omega_hat_StateSize,glm-5.3-high::codecontests-test-1615g::short-trace-final,codecontests-test-1615g,ad373333e07dc4e3b058568facb985af09bac3ef8991907c430b33236999f394:8b8d92f6cd116121a9e352a9d6bbbeea5f82cc1c848aaea202eee9901fb39d86:clang-18.1.8-coverage-state-load-v1,glm-5.3-high,short-trace-final,all-arms,dynamic,Omega_hat_StateSize,70,1
dynamic::glm-5.3-high::all-arms::Omega_hat_StateSize,glm-5.3-high::codecontests-test-1615h::post-loop-state,codecontests-test-1615h,6bac151ec0f25226a8145178cf0e367fb811beb86ff6196070e20565c4d00642:76e3b7b1ea299988012bab23cbfde0d8790d1c57e7f0994947beee3f546bc9a5:clang-18.1.8-coverage-state-load-v1,glm-5.3-high,post-loop-state,all-arms,dynamic,Omega_hat_StateSize,32763,1
dynamic::glm-5.3-high::all-arms::Omega_hat_StateSize,glm-5.3-high::codecontests-test-1615h::long-trace-final,codecontests-test-1615h,a71a99b21177af38ad289c00ff979be40a690e727f285153ed3faee690b3a321:76e3b7b1ea299988012bab23cbfde0d8790d1c57e7f0994947beee3f546bc9a5:clang-18.1.8-coverage-state-load-v1,glm-5.3-high,long-trace-final,all-arms,dynamic,Omega_hat_StateSize,32835,1
dynamic::glm-5.3-high::all-arms::Omega_hat_StateSize,glm-5.3-high::codecontests-test-1615h::short-trace-final,codecontests-test-1615h,a71a99b21177af38ad289c00ff979be40a690e727f285153ed3faee690b3a321:7f143eea0a3c840bf12e8184b4972d492f981fbb9a266339cd86299dae1d4413:clang-18.1.8-coverage-state-load-v1,glm-5.3-high,short-trace-final,all-arms,dynamic,Omega_hat_StateSize,32724,1
dynamic::glm-5.3-high::all-arms::Omega_hat_StateSize,glm-5.3-high::codecontests-test-1615h::inside-loop-state,codecontests-test-1615h,bb1f2ab66b584a159dee436bfee61e9740c864d881dce54d93f0220164d96c1a:76e3b7b1ea299988012bab23cbfde0d8790d1c57e7f0994947beee3f546bc9a5:clang-18.1.8-coverage-state-load-v1,glm-5.3-high,inside-loop-state,all-arms,dynamic,Omega_hat_StateSize,32763,0
dynamic::glm-5.3-high::all-arms::Omega_hat_StateSize,glm-5.3-high::codecontests-test-1617e::inside-loop-state,codecontests-test-1617e,395db0129fb099ac1b5af30458379f3c64b2c8e1ba3267544689e9a721e0a1a2:f34973899b03d91dd93fd9ca7bca992fc2b381fea1800c11fc29bf25c01efe97:clang-18.1.8-coverage-state-load-v1,glm-5.3-high,inside-loop-state,all-arms,dynamic,Omega_hat_StateSize,200204,1
dynamic::glm-5.3-high::all-arms::Omega_hat_StateSize,glm-5.3-high::codecontests-test-1617e::post-loop-state,codecontests-test-1617e,a34fa455cb2724c38f9fc74f8d38161dbfbff4a0a0d9c9c94c1bfa734b45a015:f34973899b03d91dd93fd9ca7bca992fc2b381fea1800c11fc29bf25c01efe97:clang-18.1.8-coverage-state-load-v1,glm-5.3-high,post-loop-state,all-arms,dynamic,Omega_hat_StateSize,200231,0
dynamic::glm-5.3-high::all-arms::Omega_hat_StateSize,glm-5.3-high::codecontests-test-1617e::short-trace-final,codecontests-test-1617e,c416bb8d3b25fd4c76bdb6e17ff595707f9479e2af79b63f90090979b8df2512:7a8e064d952789abfdfd6043d44530bd5de0228d7963b1c4a3a194695b246bdd:clang-18.1.8-coverage-state-load-v1,glm-5.3-high,short-trace-final,all-arms,dynamic,Omega_hat_StateSize,200424,1
dynamic::glm-5.3-high::all-arms::Omega_hat_StateSize,glm-5.3-high::codecontests-test-1617e::long-trace-final,codecontests-test-1617e,c416bb8d3b25fd4c76bdb6e17ff595707f9479e2af79b63f90090979b8df2512:f34973899b03d91dd93fd9ca7bca992fc2b381fea1800c11fc29bf25c01efe97:clang-18.1.8-coverage-state-load-v1,glm-5.3-high,long-trace-final,all-arms,dynamic,Omega_hat_StateSize,201774,1
dynamic::glm-5.3-high::all-arms::Omega_hat_StateSize,glm-5.3-high::codecontests-test-1620g::post-loop-state,codecontests-test-1620g,90b42a3a02b64368871b040777d72a1fae560ae9bae9612e2ab271e58b363cec:d17fc49cd397378f23ba09a1d25ed63dd16e1ca27e2fef716941dab7e3d260e9:clang-18.1.8-coverage-state-load-v1,glm-5.3-high,post-loop-state,all-arms,dynamic,Omega_hat_StateSize,8389243,1
dynamic::glm-5.3-high::all-arms::Omega_hat_StateSize,glm-5.3-high::codecontests-test-1620g::short-trace-final,codecontests-test-1620g,dc5b0364fffb69d059ac406180373038b2947bf8b018c0eb5ad6bdab89607c28:47fdb134316707b54ae926b4ba0b8e2ffa13b01f961ee3bdbd4367e9493f9d43:clang-18.1.8-coverage-state-load-v1,glm-5.3-high,short-trace-final,all-arms,dynamic,Omega_hat_StateSize,8389238,1
dynamic::glm-5.3-high::all-arms::Omega_hat_StateSize,glm-5.3-high::codecontests-test-1620g::long-trace-final,codecontests-test-1620g,dc5b0364fffb69d059ac406180373038b2947bf8b018c0eb5ad6bdab89607c28:d17fc49cd397378f23ba09a1d25ed63dd16e1ca27e2fef716941dab7e3d260e9:clang-18.1.8-coverage-state-load-v1,glm-5.3-high,long-trace-final,all-arms,dynamic,Omega_hat_StateSize,8389243,0
dynamic::glm-5.3-high::all-arms::Omega_hat_StateSize,glm-5.3-high::codecontests-test-1620g::inside-loop-state,codecontests-test-1620g,f68b5d2afda3ef6b63ec68b53e390dc857f47e5bdf2f3f2e1081414a31775f0d:d17fc49cd397378f23ba09a1d25ed63dd16e1ca27e2fef716941dab7e3d260e9:clang-18.1.8-coverage-state-load-v1,glm-5.3-high,inside-loop-state,all-arms,dynamic,Omega_hat_StateSize,8389243,1
dynamic::glm-5.3-high::all-arms::Omega_hat_StateSize,glm-5.3-high::codecontests-validation-1552g::short-trace-final,codecontests-validation-1552g,89b65341f1c6fe3a0a9df0a69ade235027daa7f39d3002954f6f632919791b3f:6575c487ddb8c661ec94ac0aa126db71015d196d35a568acfd62ad87a004ec72:clang-18.1.8-coverage-state-load-v1,glm-5.3-high,short-trace-final,all-arms,dynamic,Omega_hat_StateSize,239,1
dynamic::glm-5.3-high::all-arms::Omega_hat_StateSize,glm-5.3-high::codecontests-validation-1552g::long-trace-final,codecontests-validation-1552g,89b65341f1c6fe3a0a9df0a69ade235027daa7f39d3002954f6f632919791b3f:a23a879e789c630dbbae0133f0eb5577c8e5e3a711d2d32ec6d6c244f930f0a1:clang-18.1.8-coverage-state-load-v1,glm-5.3-high,long-trace-final,all-arms,dynamic,Omega_hat_StateSize,202,1
dynamic::glm-5.3-high::all-arms::Omega_hat_StateSize,glm-5.3-high::codecontests-validation-1552g::post-loop-state,codecontests-validation-1552g,b5f0a9481460f80246bf1a24dda90224f8dc49a793565d9ab27a357e86c4e053:a23a879e789c630dbbae0133f0eb5577c8e5e3a711d2d32ec6d6c244f930f0a1:clang-18.1.8-coverage-state-load-v1,glm-5.3-high,post-loop-state,all-arms,dynamic,Omega_hat_StateSize,204,0
dynamic::glm-5.3-high::all-arms::Omega_hat_StateSize,glm-5.3-high::codecontests-validation-1552g::inside-loop-state,codecontests-validation-1552g,feb96da038972104d010503bb0068d9694d4cebae2d34993c61d2dcd7002c600:a23a879e789c630dbbae0133f0eb5577c8e5e3a711d2d32ec6d6c244f930f0a1:clang-18.1.8-coverage-state-load-v1,glm-5.3-high,inside-loop-state,all-arms,dynamic,Omega_hat_StateSize,205,1
dynamic::glm-5.3-high::all-arms::Omega_hat_StateSize,glm-5.3-high::codecontests-validation-1553h::inside-loop-state,codecontests-validation-1553h,261f2a5460690985d0feaadb3435366c997ed89f15809dc921c0a13726ae899d:37a901c4f91c375e5b2ce915089751f68aa2f80e3a9590fee8edc1247ea80612:clang-18.1.8-coverage-state-load-v1,glm-5.3-high,inside-loop-state,all-arms,dynamic,Omega_hat_StateSize,212,0
dynamic::glm-5.3-high::all-arms::Omega_hat_StateSize,glm-5.3-high::codecontests-validation-1553h::long-trace-final,codecontests-validation-1553h,6e44abb67b8129df7e6c9c2bb7f0603020a46107f0b5aaa85480dcf00b6d8ee5:37a901c4f91c375e5b2ce915089751f68aa2f80e3a9590fee8edc1247ea80612:clang-18.1.8-coverage-state-load-v1,glm-5.3-high,long-trace-final,all-arms,dynamic,Omega_hat_StateSize,213,1
dynamic::glm-5.3-high::all-arms::Omega_hat_StateSize,glm-5.3-high::codecontests-validation-1553h::short-trace-final,codecontests-validation-1553h,6e44abb67b8129df7e6c9c2bb7f0603020a46107f0b5aaa85480dcf00b6d8ee5:4f701d041f6b57b35a63af3be10f040298aa86385ad4da04b1daa6df2663a712:clang-18.1.8-coverage-state-load-v1,glm-5.3-high,short-trace-final,all-arms,dynamic,Omega_hat_StateSize,42,1
dynamic::glm-5.3-high::all-arms::Omega_hat_StateSize,glm-5.3-high::codecontests-validation-1553h::post-loop-state,codecontests-validation-1553h,a0fc871a1b48fb4e584cbafab20aa03968f5864a8503fcc17f35616d670b41fb:37a901c4f91c375e5b2ce915089751f68aa2f80e3a9590fee8edc1247ea80612:clang-18.1.8-coverage-state-load-v1,glm-5.3-high,post-loop-state,all-arms,dynamic,Omega_hat_StateSize,213,0
dynamic::glm-5.3-high::all-arms::Omega_hat_StateSize,glm-5.3-high::codecontests-validation-1556f::inside-loop-state,codecontests-validation-1556f,0e7c6745273acd61e256dc45eed260d91a4acbd2606e470d7a226f83219ed9a3:360f25d334dd3eaa6f292d435c7982dff837d18936d1fefe83699b0b1d6fbc85:clang-18.1.8-coverage-state-load-v1,glm-5.3-high,inside-loop-state,all-arms,dynamic,Omega_hat_StateSize,3313,0
dynamic::glm-5.3-high::all-arms::Omega_hat_StateSize,glm-5.3-high::codecontests-validation-1556f::post-loop-state,codecontests-validation-1556f,355b4d9cf793a850c31de90bbad276f4be650b3ce01e56f464054f85d4c2ec45:360f25d334dd3eaa6f292d435c7982dff837d18936d1fefe83699b0b1d6fbc85:clang-18.1.8-coverage-state-load-v1,glm-5.3-high,post-loop-state,all-arms,dynamic,Omega_hat_StateSize,3312,0
dynamic::glm-5.3-high::all-arms::Omega_hat_StateSize,glm-5.3-high::codecontests-validation-1556f::long-trace-final,codecontests-validation-1556f,67dbad2177030b263347ba9ff0c3aa5d2e1eb57d456d177fad25eee3f31a9a76:360f25d334dd3eaa6f292d435c7982dff837d18936d1fefe83699b0b1d6fbc85:clang-18.1.8-coverage-state-load-v1,glm-5.3-high,long-trace-final,all-arms,dynamic,Omega_hat_StateSize,2289,0
dynamic::glm-5.3-high::all-arms::Omega_hat_StateSize,glm-5.3-high::codecontests-validation-1556f::short-trace-final,codecontests-validation-1556f,67dbad2177030b263347ba9ff0c3aa5d2e1eb57d456d177fad25eee3f31a9a76:fdcb27265764b2a73c62380d364aa177b18028a2d6fffe621bac5a23affde265:clang-18.1.8-coverage-state-load-v1,glm-5.3-high,short-trace-final,all-arms,dynamic,Omega_hat_StateSize,33,1
dynamic::glm-5.3-high::all-arms::Omega_hat_StateSize,glm-5.3-high::codecontests-validation-1567f::inside-loop-state,codecontests-validation-1567f,05cf93795d2245abb6f842b4f278fe70746b159f5aba398e285981a3d3ab0415:5ca513ae33f231741e8f5bce074557104f0ac96debe4329731eb41fe859f6fa9:clang-18.1.8-coverage-state-load-v1,glm-5.3-high,inside-loop-state,all-arms,dynamic,Omega_hat_StateSize,2041801,1
dynamic::glm-5.3-high::all-arms::Omega_hat_StateSize,glm-5.3-high::codecontests-validation-1567f::long-trace-final,codecontests-validation-1567f,1d2e0467d959ffad5c713fa10c2142c44b5f542e00ce390504aea6f73e976053:5ca513ae33f231741e8f5bce074557104f0ac96debe4329731eb41fe859f6fa9:clang-18.1.8-coverage-state-load-v1,glm-5.3-high,long-trace-final,all-arms,dynamic,Omega_hat_StateSize,2041833,1
dynamic::glm-5.3-high::all-arms::Omega_hat_StateSize,glm-5.3-high::codecontests-validation-1567f::short-trace-final,codecontests-validation-1567f,1d2e0467d959ffad5c713fa10c2142c44b5f542e00ce390504aea6f73e976053:8ac1f9fa9e2847575b2ced3fd892b2845557a6c485f5fa9413a699b8efbc3ad3:clang-18.1.8-coverage-state-load-v1,glm-5.3-high,short-trace-final,all-arms,dynamic,Omega_hat_StateSize,2041765,1
dynamic::glm-5.3-high::all-arms::Omega_hat_StateSize,glm-5.3-high::codecontests-validation-1567f::post-loop-state,codecontests-validation-1567f,91b04a25af0d8354eca4b22a5c307be7e0d71719c1e56c1036c67f37cec6a7d0:5ca513ae33f231741e8f5bce074557104f0ac96debe4329731eb41fe859f6fa9:clang-18.1.8-coverage-state-load-v1,glm-5.3-high,post-loop-state,all-arms,dynamic,Omega_hat_StateSize,2041801,1
dynamic::glm-5.3-high::all-arms::Omega_hat_StateSize,glm-5.3-high::codecontests-validation-1569e::inside-loop-state,codecontests-validation-1569e,8c7846a3a40110fa05257b67da8e6f63f945c711305a1df88b97e8d00396db64:b5fabe923ecc6b7534566fbeb72577fd896c2d74b9374afe3bed49a16217cf73:clang-18.1.8-coverage-state-load-v1,glm-5.3-high,inside-loop-state,all-arms,dynamic,Omega_hat_StateSize,3310,0
dynamic::glm-5.3-high::all-arms::Omega_hat_StateSize,glm-5.3-high::codecontests-validation-1569e::post-loop-state,codecontests-validation-1569e,b6b18517a3e59e80fb145dd8b32144c363e2872690c8f1c80a42a71bbc7adff3:b5fabe923ecc6b7534566fbeb72577fd896c2d74b9374afe3bed49a16217cf73:clang-18.1.8-coverage-state-load-v1,glm-5.3-high,post-loop-state,all-arms,dynamic,Omega_hat_StateSize,199318,0
dynamic::glm-5.3-high::all-arms::Omega_hat_StateSize,glm-5.3-high::codecontests-validation-1569e::short-trace-final,codecontests-validation-1569e,d7b30d4383431a38ca1bd0ea4847aec892b939921afb04a5e0975d8dfe5a98c9:479def58965386a05050611157259ef82bfeb49b520e8bff8f6ffde3b23af8a8:clang-18.1.8-coverage-state-load-v1,glm-5.3-high,short-trace-final,all-arms,dynamic,Omega_hat_StateSize,2796,1
dynamic::glm-5.3-high::all-arms::Omega_hat_StateSize,glm-5.3-high::codecontests-validation-1569e::long-trace-final,codecontests-validation-1569e,d7b30d4383431a38ca1bd0ea4847aec892b939921afb04a5e0975d8dfe5a98c9:b5fabe923ecc6b7534566fbeb72577fd896c2d74b9374afe3bed49a16217cf73:clang-18.1.8-coverage-state-load-v1,glm-5.3-high,long-trace-final,all-arms,dynamic,Omega_hat_StateSize,395926,1
dynamic::glm-5.3-high::all-arms::Omega_hat_StateSize,glm-5.3-high::codecontests-validation-1569f::long-trace-final,codecontests-validation-1569f,2301e337b5fb3f9549acef3c07f9bd5019e6234c7a2311a7c4f57763e18e5b83:0b0d290fe1c8a4b6c275d3cd68f10e26117cce6a7a535e05cb67a9483c2ca982:clang-18.1.8-coverage-state-load-v1,glm-5.3-high,long-trace-final,all-arms,dynamic,Omega_hat_StateSize,8692304,1
dynamic::glm-5.3-high::all-arms::Omega_hat_StateSize,glm-5.3-high::codecontests-validation-1569f::short-trace-final,codecontests-validation-1569f,2301e337b5fb3f9549acef3c07f9bd5019e6234c7a2311a7c4f57763e18e5b83:26b7657bcd3b796488b0a9677b14cced50fbbf3da549885bc44c2917cf610cff:clang-18.1.8-coverage-state-load-v1,glm-5.3-high,short-trace-final,all-arms,dynamic,Omega_hat_StateSize,8692110,1
dynamic::glm-5.3-high::all-arms::Omega_hat_StateSize,glm-5.3-high::codecontests-validation-1569f::post-loop-state,codecontests-validation-1569f,9b44483ac309757aa4c354b7152a87dcbcef7f14befc99fd5d5420fba2550477:0b0d290fe1c8a4b6c275d3cd68f10e26117cce6a7a535e05cb67a9483c2ca982:clang-18.1.8-coverage-state-load-v1,glm-5.3-high,post-loop-state,all-arms,dynamic,Omega_hat_StateSize,8692013,1
dynamic::glm-5.3-high::all-arms::Omega_hat_StateSize,glm-5.3-high::codecontests-validation-1569f::inside-loop-state,codecontests-validation-1569f,bd6341080b17f11d66607db0012ce4f3cf4107ce205c35c39ff21ea2a4d40857:0b0d290fe1c8a4b6c275d3cd68f10e26117cce6a7a535e05cb67a9483c2ca982:clang-18.1.8-coverage-state-load-v1,glm-5.3-high,inside-loop-state,all-arms,dynamic,Omega_hat_StateSize,8692014,1
dynamic::glm-5.3-high::all-arms::Omega_hat_StateSize,glm-5.3-high::codecontests-validation-1572d::post-loop-state,codecontests-validation-1572d,10b3ea8d407a851cbb94d856638ba9ee3b5658eb0b43ab595c686887ee58e23a:2215213a1789f807060a057e634ddb262a27f09b8292f964f58f42acbe1d0616:clang-18.1.8-coverage-state-load-v1,glm-5.3-high,post-loop-state,all-arms,dynamic,Omega_hat_StateSize,9937306,0
dynamic::glm-5.3-high::all-arms::Omega_hat_StateSize,glm-5.3-high::codecontests-validation-1572d::long-trace-final,codecontests-validation-1572d,4ef728a87836baeb0af64467718c76401006223c75d5b80c74b59eb56b109b72:2215213a1789f807060a057e634ddb262a27f09b8292f964f58f42acbe1d0616:clang-18.1.8-coverage-state-load-v1,glm-5.3-high,long-trace-final,all-arms,dynamic,Omega_hat_StateSize,9937295,1
dynamic::glm-5.3-high::all-arms::Omega_hat_StateSize,glm-5.3-high::codecontests-validation-1572d::short-trace-final,codecontests-validation-1572d,4ef728a87836baeb0af64467718c76401006223c75d5b80c74b59eb56b109b72:eb418658a51efc355a88b1c44df821bcabf17ae92e052c3f3f3790755404491d:clang-18.1.8-coverage-state-load-v1,glm-5.3-high,short-trace-final,all-arms,dynamic,Omega_hat_StateSize,9937295,1
dynamic::glm-5.3-high::all-arms::Omega_hat_StateSize,glm-5.3-high::codecontests-validation-1572d::inside-loop-state,codecontests-validation-1572d,e4be3de81a2d2af89166e441b8d5adf8e73d19e2c217707d996b1af00c028ff1:2215213a1789f807060a057e634ddb262a27f09b8292f964f58f42acbe1d0616:clang-18.1.8-coverage-state-load-v1,glm-5.3-high,inside-loop-state,all-arms,dynamic,Omega_hat_StateSize,9937306,0
dynamic::glm-5.3-high::all-arms::Omega_hat_StateSize,glm-5.3-high::codecontests-validation-1572e::post-loop-state,codecontests-validation-1572e,437fad31af4f51960c3b7aff0ceecd6ad236aeccd08417e320d5ef307f021027:ce0eb773178bbc4bdc901ed4555433f201b9cbbd416231d7a0b82b41c1e59270:clang-18.1.8-coverage-state-load-v1,glm-5.3-high,post-loop-state,all-arms,dynamic,Omega_hat_StateSize,126917,1
dynamic::glm-5.3-high::all-arms::Omega_hat_StateSize,glm-5.3-high::codecontests-validation-1572e::inside-loop-state,codecontests-validation-1572e,a29023c7f4c26bae0b4eef37581882d729a33402e3f2d96d9c4e4e82f216cc0f:ce0eb773178bbc4bdc901ed4555433f201b9cbbd416231d7a0b82b41c1e59270:clang-18.1.8-coverage-state-load-v1,glm-5.3-high,inside-loop-state,all-arms,dynamic,Omega_hat_StateSize,126917,1
dynamic::glm-5.3-high::all-arms::Omega_hat_StateSize,glm-5.3-high::codecontests-validation-1572e::short-trace-final,codecontests-validation-1572e,c6871efc570f44806a970f43053b081d731f519c2b4a95b2aa54ee53df958fcf:c8391dd8e574d61edf3a7c188f1bce010f51566bb2347b029afb3faa08679767:clang-18.1.8-coverage-state-load-v1,glm-5.3-high,short-trace-final,all-arms,dynamic,Omega_hat_StateSize,126917,0
dynamic::glm-5.3-high::all-arms::Omega_hat_StateSize,glm-5.3-high::codecontests-validation-1572e::long-trace-final,codecontests-validation-1572e,c6871efc570f44806a970f43053b081d731f519c2b4a95b2aa54ee53df958fcf:ce0eb773178bbc4bdc901ed4555433f201b9cbbd416231d7a0b82b41c1e59270:clang-18.1.8-coverage-state-load-v1,glm-5.3-high,long-trace-final,all-arms,dynamic,Omega_hat_StateSize,126917,1
dynamic::glm-5.3-high::all-arms::Omega_hat_StateSize,glm-5.3-high::codecontests-validation-1574f::post-loop-state,codecontests-validation-1574f,121cb978200a7d65abf8d20a567bf9a991547f94cb17d49e90c39970b27fb179:03d3d7a8c8364341064965d240bc633999a3624096573e7dd9ff9b2e4332d221:clang-18.1.8-coverage-state-load-v1,glm-5.3-high,post-loop-state,all-arms,dynamic,Omega_hat_StateSize,2100035,0
dynamic::glm-5.3-high::all-arms::Omega_hat_StateSize,glm-5.3-high::codecontests-validation-1574f::inside-loop-state,codecontests-validation-1574f,54d2aa075790d96b16094d1110b1ff4cc42e649f39b55cf10a14e19f5a25bdd0:03d3d7a8c8364341064965d240bc633999a3624096573e7dd9ff9b2e4332d221:clang-18.1.8-coverage-state-load-v1,glm-5.3-high,inside-loop-state,all-arms,dynamic,Omega_hat_StateSize,2100036,0
dynamic::glm-5.3-high::all-arms::Omega_hat_StateSize,glm-5.3-high::codecontests-validation-1574f::long-trace-final,codecontests-validation-1574f,7daa73692acaf41812edcde3c45ecdfa6e0c91a99ce6e3557836323cf0386084:03d3d7a8c8364341064965d240bc633999a3624096573e7dd9ff9b2e4332d221:clang-18.1.8-coverage-state-load-v1,glm-5.3-high,long-trace-final,all-arms,dynamic,Omega_hat_StateSize,11912938,0
dynamic::glm-5.3-high::all-arms::Omega_hat_StateSize,glm-5.3-high::codecontests-validation-1574f::short-trace-final,codecontests-validation-1574f,7daa73692acaf41812edcde3c45ecdfa6e0c91a99ce6e3557836323cf0386084:a00a4e49bac1dc0515ea109cbef81f6fec9f42207b2ac47d95d4f9fb95859331:clang-18.1.8-coverage-state-load-v1,glm-5.3-high,short-trace-final,all-arms,dynamic,Omega_hat_StateSize,163,1
dynamic::gpt-5.6-sol-high::all-arms::Omega_hat_NativeTrace,gpt-5.6-sol-high::codecontests-test-1580b::post-loop-state,codecontests-test-1580b,651daa060f41dcbf742f65839b776fde4796201d3b99d00773278bba61645417:01bf10bc19e4055efc275e06e8439f42cb308446a927457954f085b1c36f701a:clang-18.1.8-coverage-state-load-v1,gpt-5.6-sol-high,post-loop-state,all-arms,dynamic,Omega_hat_NativeTrace,753,1
dynamic::gpt-5.6-sol-high::all-arms::Omega_hat_NativeTrace,gpt-5.6-sol-high::codecontests-test-1580b::inside-loop-state,codecontests-test-1580b,de821758d705b3efd9657c5b7021e5d724533788eed2c97f5213f6ee05a90127:01bf10bc19e4055efc275e06e8439f42cb308446a927457954f085b1c36f701a:clang-18.1.8-coverage-state-load-v1,gpt-5.6-sol-high,inside-loop-state,all-arms,dynamic,Omega_hat_NativeTrace,839,1
dynamic::gpt-5.6-sol-high::all-arms::Omega_hat_NativeTrace,gpt-5.6-sol-high::codecontests-test-1580b::long-trace-final,codecontests-test-1580b,e49cc24f56c43dda6796ffbf38185eb1f4f689c19e9ec2b7010717fbd33f09cd:01bf10bc19e4055efc275e06e8439f42cb308446a927457954f085b1c36f701a:clang-18.1.8-coverage-state-load-v1,gpt-5.6-sol-high,long-trace-final,all-arms,dynamic,Omega_hat_NativeTrace,164275450,0
dynamic::gpt-5.6-sol-high::all-arms::Omega_hat_NativeTrace,gpt-5.6-sol-high::codecontests-test-1580b::short-trace-final,codecontests-test-1580b,e49cc24f56c43dda6796ffbf38185eb1f4f689c19e9ec2b7010717fbd33f09cd:4badc34556ceafd1c2c4699ce5b2a3bc32594a4b7e29c24a4068f61563022cdc:clang-18.1.8-coverage-state-load-v1,gpt-5.6-sol-high,short-trace-final,all-arms,dynamic,Omega_hat_NativeTrace,2095,1
dynamic::gpt-5.6-sol-high::all-arms::Omega_hat_NativeTrace,gpt-5.6-sol-high::codecontests-test-1580f::short-trace-final,codecontests-test-1580f,14ddc455906166c8cc9ba66260dd1ee85ca6354b865eda03f0f3871dae33ae17:66cad223eb4b52b45ee49a6f14a923756f9c308fb0a2f62f02808d1d2491969e:clang-18.1.8-coverage-state-load-v1,gpt-5.6-sol-high,short-trace-final,all-arms,dynamic,Omega_hat_NativeTrace,58249376,1
dynamic::gpt-5.6-sol-high::all-arms::Omega_hat_NativeTrace,gpt-5.6-sol-high::codecontests-test-1580f::long-trace-final,codecontests-test-1580f,14ddc455906166c8cc9ba66260dd1ee85ca6354b865eda03f0f3871dae33ae17:d72b57384d564b166e605cb1fe15b30202227d8df8021b4e67f0275e92852971:clang-18.1.8-coverage-state-load-v1,gpt-5.6-sol-high,long-trace-final,all-arms,dynamic,Omega_hat_NativeTrace,58258370,1
dynamic::gpt-5.6-sol-high::all-arms::Omega_hat_NativeTrace,gpt-5.6-sol-high::codecontests-test-1580f::post-loop-state,codecontests-test-1580f,8526c634fe8de6d447557c0456ea3013ff50b851688579983204c869ac4dcb57:d72b57384d564b166e605cb1fe15b30202227d8df8021b4e67f0275e92852971:clang-18.1.8-coverage-state-load-v1,gpt-5.6-sol-high,post-loop-state,all-arms,dynamic,Omega_hat_NativeTrace,58233011,1
dynamic::gpt-5.6-sol-high::all-arms::Omega_hat_NativeTrace,gpt-5.6-sol-high::codecontests-test-1580f::inside-loop-state,codecontests-test-1580f,bfcc98152560bffe5dfc4d96ac7ad6087d8a47a1cf596714f45a7366a323508a:d72b57384d564b166e605cb1fe15b30202227d8df8021b4e67f0275e92852971:clang-18.1.8-coverage-state-load-v1,gpt-5.6-sol-high,inside-loop-state,all-arms,dynamic,Omega_hat_NativeTrace,58233084,1
dynamic::gpt-5.6-sol-high::all-arms::Omega_hat_NativeTrace,gpt-5.6-sol-high::codecontests-test-1586f::long-trace-final,codecontests-test-1586f,50fa6366595a53ba7e82bd4bc65563c718c29a2a4b9c1b4e6f80fab5bdeabd90:e7a0a218331b68b73ad7ba079fd54be2a7cd8090a6e96eba3f4ee3001dc1d2dc:clang-18.1.8-coverage-state-load-v1,gpt-5.6-sol-high,long-trace-final,all-arms,dynamic,Omega_hat_NativeTrace,41386,0
dynamic::gpt-5.6-sol-high::all-arms::Omega_hat_NativeTrace,gpt-5.6-sol-high::codecontests-test-1586f::short-trace-final,codecontests-test-1586f,50fa6366595a53ba7e82bd4bc65563c718c29a2a4b9c1b4e6f80fab5bdeabd90:ece3d232c1ca9ef8a80b6fdb1585b8f5cf653b9dd023b0521c8da64db859ffac:clang-18.1.8-coverage-state-load-v1,gpt-5.6-sol-high,short-trace-final,all-arms,dynamic,Omega_hat_NativeTrace,110,1
dynamic::gpt-5.6-sol-high::all-arms::Omega_hat_NativeTrace,gpt-5.6-sol-high::codecontests-test-1586f::inside-loop-state,codecontests-test-1586f,c2fff1ad8c28452ca3e75e2efc59934a22d91572d3cde13bc7c743de6d34b147:e7a0a218331b68b73ad7ba079fd54be2a7cd8090a6e96eba3f4ee3001dc1d2dc:clang-18.1.8-coverage-state-load-v1,gpt-5.6-sol-high,inside-loop-state,all-arms,dynamic,Omega_hat_NativeTrace,2866,1
dynamic::gpt-5.6-sol-high::all-arms::Omega_hat_NativeTrace,gpt-5.6-sol-high::codecontests-test-1586f::post-loop-state,codecontests-test-1586f,cf6f023469c0bb5ffbb00877e5468516893961999aa07f0ecb8ade5ed40b2096:e7a0a218331b68b73ad7ba079fd54be2a7cd8090a6e96eba3f4ee3001dc1d2dc:clang-18.1.8-coverage-state-load-v1,gpt-5.6-sol-high,post-loop-state,all-arms,dynamic,Omega_hat_NativeTrace,2768,1
dynamic::gpt-5.6-sol-high::all-arms::Omega_hat_NativeTrace,gpt-5.6-sol-high::codecontests-test-1598f::short-trace-final,codecontests-test-1598f,c86397161467c48a05a8a1c3b9d9cdc968122973e7759a52edbfee55607a0c48:0c302e793e9db86915c6163fbabb9d0a9976859eb54448cb12f96c3a4ff52328:clang-18.1.8-coverage-state-load-v1,gpt-5.6-sol-high,short-trace-final,all-arms,dynamic,Omega_hat_NativeTrace,59,1
dynamic::gpt-5.6-sol-high::all-arms::Omega_hat_NativeTrace,gpt-5.6-sol-high::codecontests-test-1598f::long-trace-final,codecontests-test-1598f,c86397161467c48a05a8a1c3b9d9cdc968122973e7759a52edbfee55607a0c48:7035767df0d876ec6a211af258eda3b340f5ba719f1d3c8f30d890596458ed17:clang-18.1.8-coverage-state-load-v1,gpt-5.6-sol-high,long-trace-final,all-arms,dynamic,Omega_hat_NativeTrace,112813,1
dynamic::gpt-5.6-sol-high::all-arms::Omega_hat_NativeTrace,gpt-5.6-sol-high::codecontests-test-1598f::post-loop-state,codecontests-test-1598f,cb278e842ab865add5e5b08afeae6d96c07cdcbf64ca0a38de643e3879f68585:7035767df0d876ec6a211af258eda3b340f5ba719f1d3c8f30d890596458ed17:clang-18.1.8-coverage-state-load-v1,gpt-5.6-sol-high,post-loop-state,all-arms,dynamic,Omega_hat_NativeTrace,1432,1
dynamic::gpt-5.6-sol-high::all-arms::Omega_hat_NativeTrace,gpt-5.6-sol-high::codecontests-test-1598f::inside-loop-state,codecontests-test-1598f,f41875fa3f7692eefec1a62e67928717fb5e40acf042c603e3120e581750a59b:7035767df0d876ec6a211af258eda3b340f5ba719f1d3c8f30d890596458ed17:clang-18.1.8-coverage-state-load-v1,gpt-5.6-sol-high,inside-loop-state,all-arms,dynamic,Omega_hat_NativeTrace,1491,1
dynamic::gpt-5.6-sol-high::all-arms::Omega_hat_NativeTrace,gpt-5.6-sol-high::codecontests-test-1599d::inside-loop-state,codecontests-test-1599d,0a2dad56c9e815f7f708d26c2a62b89ce07f5ea76c71a50f36d86924cf05b943:e4a285c493f93a570627f5a05671eae6a4363f4464831e0f98d5ba3690d0ee67:clang-18.1.8-coverage-state-load-v1,gpt-5.6-sol-high,inside-loop-state,all-arms,dynamic,Omega_hat_NativeTrace,104008,1
dynamic::gpt-5.6-sol-high::all-arms::Omega_hat_NativeTrace,gpt-5.6-sol-high::codecontests-test-1599d::short-trace-final,codecontests-test-1599d,933b32aa65d3b25d1afa06e801f5b72dff619eaf7fc4ac6a4a0270e85d49214c:665093871dbe3de8e75d8a816a8378ca11e9e560947ddf4d94207a1e2173820b:clang-18.1.8-coverage-state-load-v1,gpt-5.6-sol-high,short-trace-final,all-arms,dynamic,Omega_hat_NativeTrace,101190,1
dynamic::gpt-5.6-sol-high::all-arms::Omega_hat_NativeTrace,gpt-5.6-sol-high::codecontests-test-1599d::long-trace-final,codecontests-test-1599d,933b32aa65d3b25d1afa06e801f5b72dff619eaf7fc4ac6a4a0270e85d49214c:e4a285c493f93a570627f5a05671eae6a4363f4464831e0f98d5ba3690d0ee67:clang-18.1.8-coverage-state-load-v1,gpt-5.6-sol-high,long-trace-final,all-arms,dynamic,Omega_hat_NativeTrace,105223,1
dynamic::gpt-5.6-sol-high::all-arms::Omega_hat_NativeTrace,gpt-5.6-sol-high::codecontests-test-1599d::post-loop-state,codecontests-test-1599d,aa9020619d95e0c11306c231f42dc16fbedc1b8833557cfba9a3855ceab5d625:e4a285c493f93a570627f5a05671eae6a4363f4464831e0f98d5ba3690d0ee67:clang-18.1.8-coverage-state-load-v1,gpt-5.6-sol-high,post-loop-state,all-arms,dynamic,Omega_hat_NativeTrace,103972,1
dynamic::gpt-5.6-sol-high::all-arms::Omega_hat_NativeTrace,gpt-5.6-sol-high::codecontests-test-1599j::post-loop-state,codecontests-test-1599j,3435dafe215df6aaa0d67c6cfc947efc0a0e44650fe50967a6ba0b248d4b7fe6:cf6d365ac492de069f119d50091851656ea5679fa08c558d3f071a383b4e0df0:clang-18.1.8-coverage-state-load-v1,gpt-5.6-sol-high,post-loop-state,all-arms,dynamic,Omega_hat_NativeTrace,4930,1
dynamic::gpt-5.6-sol-high::all-arms::Omega_hat_NativeTrace,gpt-5.6-sol-high::codecontests-test-1599j::short-trace-final,codecontests-test-1599j,ab4e36e90fc02ef9ec4e2ca7dec9cf4caee8e6aaeed78b0ea3ac83c28ac8147c:15a15c047478f3e0e3cab6ed3f632a29e89952fba136b5a78394d1c0ad79c6e5:clang-18.1.8-coverage-state-load-v1,gpt-5.6-sol-high,short-trace-final,all-arms,dynamic,Omega_hat_NativeTrace,341,1
dynamic::gpt-5.6-sol-high::all-arms::Omega_hat_NativeTrace,gpt-5.6-sol-high::codecontests-test-1599j::long-trace-final,codecontests-test-1599j,ab4e36e90fc02ef9ec4e2ca7dec9cf4caee8e6aaeed78b0ea3ac83c28ac8147c:cf6d365ac492de069f119d50091851656ea5679fa08c558d3f071a383b4e0df0:clang-18.1.8-coverage-state-load-v1,gpt-5.6-sol-high,long-trace-final,all-arms,dynamic,Omega_hat_NativeTrace,45221,1
dynamic::gpt-5.6-sol-high::all-arms::Omega_hat_NativeTrace,gpt-5.6-sol-high::codecontests-test-1599j::inside-loop-state,codecontests-test-1599j,b327432c0b51f79599142f457651ed07c753892f7bc8fc32eae261455a14a8df:cf6d365ac492de069f119d50091851656ea5679fa08c558d3f071a383b4e0df0:clang-18.1.8-coverage-state-load-v1,gpt-5.6-sol-high,inside-loop-state,all-arms,dynamic,Omega_hat_NativeTrace,4562,1
dynamic::gpt-5.6-sol-high::all-arms::Omega_hat_NativeTrace,gpt-5.6-sol-high::codecontests-test-1603e::long-trace-final,codecontests-test-1603e,d7fe25a19d626e555247a54b1650138c821111d60e20cca5c73ec3112ca1e525:16115f14b1d3589d0841b36fa922b477b58347dad5e3d021df0ae33ab64fa7a6:clang-18.1.8-coverage-state-load-v1,gpt-5.6-sol-high,long-trace-final,all-arms,dynamic,Omega_hat_NativeTrace,20737394,0
dynamic::gpt-5.6-sol-high::all-arms::Omega_hat_NativeTrace,gpt-5.6-sol-high::codecontests-test-1603e::short-trace-final,codecontests-test-1603e,d7fe25a19d626e555247a54b1650138c821111d60e20cca5c73ec3112ca1e525:56128c78d54bd858b1f0a7710cc6ed6c0ee23efbe9034d42dc8ce6339a26f6bf:clang-18.1.8-coverage-state-load-v1,gpt-5.6-sol-high,short-trace-final,all-arms,dynamic,Omega_hat_NativeTrace,2469,1
dynamic::gpt-5.6-sol-high::all-arms::Omega_hat_NativeTrace,gpt-5.6-sol-high::codecontests-test-1603e::inside-loop-state,codecontests-test-1603e,f3186b205da6d6dcc9ea29d1c2d2e8b3e694f96a5c55cf87108c065fb309d17d:16115f14b1d3589d0841b36fa922b477b58347dad5e3d021df0ae33ab64fa7a6:clang-18.1.8-coverage-state-load-v1,gpt-5.6-sol-high,inside-loop-state,all-arms,dynamic,Omega_hat_NativeTrace,3687795,1
dynamic::gpt-5.6-sol-high::all-arms::Omega_hat_NativeTrace,gpt-5.6-sol-high::codecontests-test-1603e::post-loop-state,codecontests-test-1603e,f412e755c350f9ce1c88cfff52e57c62ae92474f822504d6558ee65de9e4ed4d:16115f14b1d3589d0841b36fa922b477b58347dad5e3d021df0ae33ab64fa7a6:clang-18.1.8-coverage-state-load-v1,gpt-5.6-sol-high,post-loop-state,all-arms,dynamic,Omega_hat_NativeTrace,4331747,1
dynamic::gpt-5.6-sol-high::all-arms::Omega_hat_NativeTrace,gpt-5.6-sol-high::codecontests-test-1608e::short-trace-final,codecontests-test-1608e,646dbc65fdea7bc8e3170908e4578902800b470e97d05e2454f0d26884e92df7:a2f5b5c4b5f17740e75fa5913cbf0bcde3191c7cb615765a3dfa89ab90e0e728:clang-18.1.8-coverage-state-load-v1,gpt-5.6-sol-high,short-trace-final,all-arms,dynamic,Omega_hat_NativeTrace,3627,1
dynamic::gpt-5.6-sol-high::all-arms::Omega_hat_NativeTrace,gpt-5.6-sol-high::codecontests-test-1608e::long-trace-final,codecontests-test-1608e,646dbc65fdea7bc8e3170908e4578902800b470e97d05e2454f0d26884e92df7:f55be964bd2cc68afe5b9ad8f942604e10918169e7160750406727f80984c504:clang-18.1.8-coverage-state-load-v1,gpt-5.6-sol-high,long-trace-final,all-arms,dynamic,Omega_hat_NativeTrace,17917,1
dynamic::gpt-5.6-sol-high::all-arms::Omega_hat_NativeTrace,gpt-5.6-sol-high::codecontests-test-1608e::inside-loop-state,codecontests-test-1608e,667c28dbcfd364ae586ae9cd21bf6fd959db38f0147f2a6cb6289ec447eb9a22:f55be964bd2cc68afe5b9ad8f942604e10918169e7160750406727f80984c504:clang-18.1.8-coverage-state-load-v1,gpt-5.6-sol-high,inside-loop-state,all-arms,dynamic,Omega_hat_NativeTrace,7468,1
dynamic::gpt-5.6-sol-high::all-arms::Omega_hat_NativeTrace,gpt-5.6-sol-high::codecontests-test-1608e::post-loop-state,codecontests-test-1608e,b3c2da25bedf53cb9761b05fae26f46e4cf88607b5e31132dd26180b52bbaf2b:f55be964bd2cc68afe5b9ad8f942604e10918169e7160750406727f80984c504:clang-18.1.8-coverage-state-load-v1,gpt-5.6-sol-high,post-loop-state,all-arms,dynamic,Omega_hat_NativeTrace,7931,1
dynamic::gpt-5.6-sol-high::all-arms::Omega_hat_NativeTrace,gpt-5.6-sol-high::codecontests-test-1608f::short-trace-final,codecontests-test-1608f,3b1188cf9f4294e77fd38eb7d8098dfcfb19fbdd0ef6e9a3fe8d63adfeb2abbf:8ad616db4fe9bd467b7ab16879f97c77503d2b22431ce9705293bfe707f20a7f:clang-18.1.8-coverage-state-load-v1,gpt-5.6-sol-high,short-trace-final,all-arms,dynamic,Omega_hat_NativeTrace,1337,1
dynamic::gpt-5.6-sol-high::all-arms::Omega_hat_NativeTrace,gpt-5.6-sol-high::codecontests-test-1608f::long-trace-final,codecontests-test-1608f,3b1188cf9f4294e77fd38eb7d8098dfcfb19fbdd0ef6e9a3fe8d63adfeb2abbf:b3e5d9410e92ec6feb64678dbc4fc691cb4660d89a83baf0e0a219123c05b450:clang-18.1.8-coverage-state-load-v1,gpt-5.6-sol-high,long-trace-final,all-arms,dynamic,Omega_hat_NativeTrace,607758,0
dynamic::gpt-5.6-sol-high::all-arms::Omega_hat_NativeTrace,gpt-5.6-sol-high::codecontests-test-1608f::inside-loop-state,codecontests-test-1608f,9864fd100347bbad0e115c788da3250c68253007614da622a5ee02799527370f:b3e5d9410e92ec6feb64678dbc4fc691cb4660d89a83baf0e0a219123c05b450:clang-18.1.8-coverage-state-load-v1,gpt-5.6-sol-high,inside-loop-state,all-arms,dynamic,Omega_hat_NativeTrace,36748,0
dynamic::gpt-5.6-sol-high::all-arms::Omega_hat_NativeTrace,gpt-5.6-sol-high::codecontests-test-1608f::post-loop-state,codecontests-test-1608f,ef77878c7f3b869738b3ff6a4965c679f33909d0914e136f66f6c522b7b20c01:b3e5d9410e92ec6feb64678dbc4fc691cb4660d89a83baf0e0a219123c05b450:clang-18.1.8-coverage-state-load-v1,gpt-5.6-sol-high,post-loop-state,all-arms,dynamic,Omega_hat_NativeTrace,36955,0
dynamic::gpt-5.6-sol-high::all-arms::Omega_hat_NativeTrace,gpt-5.6-sol-high::codecontests-test-1615g::post-loop-state,codecontests-test-1615g,0933389f16bc0f8f1a15f83914fd800b2881de1ed6b02e9104c48207b1cde312:73a6420953313f0860ecac8f963f63bd594f27eacb54f75047c6e7f224445982:clang-18.1.8-coverage-state-load-v1,gpt-5.6-sol-high,post-loop-state,all-arms,dynamic,Omega_hat_NativeTrace,6693,1
dynamic::gpt-5.6-sol-high::all-arms::Omega_hat_NativeTrace,gpt-5.6-sol-high::codecontests-test-1615g::inside-loop-state,codecontests-test-1615g,acc1b2cc8cfb5ad702c4fd69f49f49e609d604888c2fc3c44a8fa83a57d3de81:73a6420953313f0860ecac8f963f63bd594f27eacb54f75047c6e7f224445982:clang-18.1.8-coverage-state-load-v1,gpt-5.6-sol-high,inside-loop-state,all-arms,dynamic,Omega_hat_NativeTrace,6517,0
dynamic::gpt-5.6-sol-high::all-arms::Omega_hat_NativeTrace,gpt-5.6-sol-high::codecontests-test-1615g::long-trace-final,codecontests-test-1615g,ad373333e07dc4e3b058568facb985af09bac3ef8991907c430b33236999f394:73a6420953313f0860ecac8f963f63bd594f27eacb54f75047c6e7f224445982:clang-18.1.8-coverage-state-load-v1,gpt-5.6-sol-high,long-trace-final,all-arms,dynamic,Omega_hat_NativeTrace,5325,1
dynamic::gpt-5.6-sol-high::all-arms::Omega_hat_NativeTrace,gpt-5.6-sol-high::codecontests-test-1615g::short-trace-final,codecontests-test-1615g,ad373333e07dc4e3b058568facb985af09bac3ef8991907c430b33236999f394:8b8d92f6cd116121a9e352a9d6bbbeea5f82cc1c848aaea202eee9901fb39d86:clang-18.1.8-coverage-state-load-v1,gpt-5.6-sol-high,short-trace-final,all-arms,dynamic,Omega_hat_NativeTrace,194,1
dynamic::gpt-5.6-sol-high::all-arms::Omega_hat_NativeTrace,gpt-5.6-sol-high::codecontests-test-1615h::post-loop-state,codecontests-test-1615h,6bac151ec0f25226a8145178cf0e367fb811beb86ff6196070e20565c4d00642:76e3b7b1ea299988012bab23cbfde0d8790d1c57e7f0994947beee3f546bc9a5:clang-18.1.8-coverage-state-load-v1,gpt-5.6-sol-high,post-loop-state,all-arms,dynamic,Omega_hat_NativeTrace,8891,0
dynamic::gpt-5.6-sol-high::all-arms::Omega_hat_NativeTrace,gpt-5.6-sol-high::codecontests-test-1615h::long-trace-final,codecontests-test-1615h,a71a99b21177af38ad289c00ff979be40a690e727f285153ed3faee690b3a321:76e3b7b1ea299988012bab23cbfde0d8790d1c57e7f0994947beee3f546bc9a5:clang-18.1.8-coverage-state-load-v1,gpt-5.6-sol-high,long-trace-final,all-arms,dynamic,Omega_hat_NativeTrace,15049,1
dynamic::gpt-5.6-sol-high::all-arms::Omega_hat_NativeTrace,gpt-5.6-sol-high::codecontests-test-1615h::short-trace-final,codecontests-test-1615h,a71a99b21177af38ad289c00ff979be40a690e727f285153ed3faee690b3a321:7f143eea0a3c840bf12e8184b4972d492f981fbb9a266339cd86299dae1d4413:clang-18.1.8-coverage-state-load-v1,gpt-5.6-sol-high,short-trace-final,all-arms,dynamic,Omega_hat_NativeTrace,5714,1
dynamic::gpt-5.6-sol-high::all-arms::Omega_hat_NativeTrace,gpt-5.6-sol-high::codecontests-test-1615h::inside-loop-state,codecontests-test-1615h,bb1f2ab66b584a159dee436bfee61e9740c864d881dce54d93f0220164d96c1a:76e3b7b1ea299988012bab23cbfde0d8790d1c57e7f0994947beee3f546bc9a5:clang-18.1.8-coverage-state-load-v1,gpt-5.6-sol-high,inside-loop-state,all-arms,dynamic,Omega_hat_NativeTrace,8943,0
dynamic::gpt-5.6-sol-high::all-arms::Omega_hat_NativeTrace,gpt-5.6-sol-high::codecontests-test-1617e::inside-loop-state,codecontests-test-1617e,395db0129fb099ac1b5af30458379f3c64b2c8e1ba3267544689e9a721e0a1a2:f34973899b03d91dd93fd9ca7bca992fc2b381fea1800c11fc29bf25c01efe97:clang-18.1.8-coverage-state-load-v1,gpt-5.6-sol-high,inside-loop-state,all-arms,dynamic,Omega_hat_NativeTrace,3086,1
dynamic::gpt-5.6-sol-high::all-arms::Omega_hat_NativeTrace,gpt-5.6-sol-high::codecontests-test-1617e::post-loop-state,codecontests-test-1617e,a34fa455cb2724c38f9fc74f8d38161dbfbff4a0a0d9c9c94c1bfa734b45a015:f34973899b03d91dd93fd9ca7bca992fc2b381fea1800c11fc29bf25c01efe97:clang-18.1.8-coverage-state-load-v1,gpt-5.6-sol-high,post-loop-state,all-arms,dynamic,Omega_hat_NativeTrace,3349,1
dynamic::gpt-5.6-sol-high::all-arms::Omega_hat_NativeTrace,gpt-5.6-sol-high::codecontests-test-1617e::short-trace-final,codecontests-test-1617e,c416bb8d3b25fd4c76bdb6e17ff595707f9479e2af79b63f90090979b8df2512:7a8e064d952789abfdfd6043d44530bd5de0228d7963b1c4a3a194695b246bdd:clang-18.1.8-coverage-state-load-v1,gpt-5.6-sol-high,short-trace-final,all-arms,dynamic,Omega_hat_NativeTrace,2124,1
dynamic::gpt-5.6-sol-high::all-arms::Omega_hat_NativeTrace,gpt-5.6-sol-high::codecontests-test-1617e::long-trace-final,codecontests-test-1617e,c416bb8d3b25fd4c76bdb6e17ff595707f9479e2af79b63f90090979b8df2512:f34973899b03d91dd93fd9ca7bca992fc2b381fea1800c11fc29bf25c01efe97:clang-18.1.8-coverage-state-load-v1,gpt-5.6-sol-high,long-trace-final,all-arms,dynamic,Omega_hat_NativeTrace,50271,1
dynamic::gpt-5.6-sol-high::all-arms::Omega_hat_NativeTrace,gpt-5.6-sol-high::codecontests-test-1620g::post-loop-state,codecontests-test-1620g,90b42a3a02b64368871b040777d72a1fae560ae9bae9612e2ab271e58b363cec:d17fc49cd397378f23ba09a1d25ed63dd16e1ca27e2fef716941dab7e3d260e9:clang-18.1.8-coverage-state-load-v1,gpt-5.6-sol-high,post-loop-state,all-arms,dynamic,Omega_hat_NativeTrace,6476,1
dynamic::gpt-5.6-sol-high::all-arms::Omega_hat_NativeTrace,gpt-5.6-sol-high::codecontests-test-1620g::short-trace-final,codecontests-test-1620g,dc5b0364fffb69d059ac406180373038b2947bf8b018c0eb5ad6bdab89607c28:47fdb134316707b54ae926b4ba0b8e2ffa13b01f961ee3bdbd4367e9493f9d43:clang-18.1.8-coverage-state-load-v1,gpt-5.6-sol-high,short-trace-final,all-arms,dynamic,Omega_hat_NativeTrace,1031,1
dynamic::gpt-5.6-sol-high::all-arms::Omega_hat_NativeTrace,gpt-5.6-sol-high::codecontests-test-1620g::long-trace-final,codecontests-test-1620g,dc5b0364fffb69d059ac406180373038b2947bf8b018c0eb5ad6bdab89607c28:d17fc49cd397378f23ba09a1d25ed63dd16e1ca27e2fef716941dab7e3d260e9:clang-18.1.8-coverage-state-load-v1,gpt-5.6-sol-high,long-trace-final,all-arms,dynamic,Omega_hat_NativeTrace,32711,1
dynamic::gpt-5.6-sol-high::all-arms::Omega_hat_NativeTrace,gpt-5.6-sol-high::codecontests-test-1620g::inside-loop-state,codecontests-test-1620g,f68b5d2afda3ef6b63ec68b53e390dc857f47e5bdf2f3f2e1081414a31775f0d:d17fc49cd397378f23ba09a1d25ed63dd16e1ca27e2fef716941dab7e3d260e9:clang-18.1.8-coverage-state-load-v1,gpt-5.6-sol-high,inside-loop-state,all-arms,dynamic,Omega_hat_NativeTrace,6489,1
dynamic::gpt-5.6-sol-high::all-arms::Omega_hat_NativeTrace,gpt-5.6-sol-high::codecontests-validation-1552g::short-trace-final,codecontests-validation-1552g,89b65341f1c6fe3a0a9df0a69ade235027daa7f39d3002954f6f632919791b3f:6575c487ddb8c661ec94ac0aa126db71015d196d35a568acfd62ad87a004ec72:clang-18.1.8-coverage-state-load-v1,gpt-5.6-sol-high,short-trace-final,all-arms,dynamic,Omega_hat_NativeTrace,473,1
dynamic::gpt-5.6-sol-high::all-arms::Omega_hat_NativeTrace,gpt-5.6-sol-high::codecontests-validation-1552g::long-trace-final,codecontests-validation-1552g,89b65341f1c6fe3a0a9df0a69ade235027daa7f39d3002954f6f632919791b3f:a23a879e789c630dbbae0133f0eb5577c8e5e3a711d2d32ec6d6c244f930f0a1:clang-18.1.8-coverage-state-load-v1,gpt-5.6-sol-high,long-trace-final,all-arms,dynamic,Omega_hat_NativeTrace,2634,1
dynamic::gpt-5.6-sol-high::all-arms::Omega_hat_NativeTrace,gpt-5.6-sol-high::codecontests-validation-1552g::post-loop-state,codecontests-validation-1552g,b5f0a9481460f80246bf1a24dda90224f8dc49a793565d9ab27a357e86c4e053:a23a879e789c630dbbae0133f0eb5577c8e5e3a711d2d32ec6d6c244f930f0a1:clang-18.1.8-coverage-state-load-v1,gpt-5.6-sol-high,post-loop-state,all-arms,dynamic,Omega_hat_NativeTrace,378,1
dynamic::gpt-5.6-sol-high::all-arms::Omega_hat_NativeTrace,gpt-5.6-sol-high::codecontests-validation-1552g::inside-loop-state,codecontests-validation-1552g,feb96da038972104d010503bb0068d9694d4cebae2d34993c61d2dcd7002c600:a23a879e789c630dbbae0133f0eb5577c8e5e3a711d2d32ec6d6c244f930f0a1:clang-18.1.8-coverage-state-load-v1,gpt-5.6-sol-high,inside-loop-state,all-arms,dynamic,Omega_hat_NativeTrace,464,1
dynamic::gpt-5.6-sol-high::all-arms::Omega_hat_NativeTrace,gpt-5.6-sol-high::codecontests-validation-1553h::inside-loop-state,codecontests-validation-1553h,261f2a5460690985d0feaadb3435366c997ed89f15809dc921c0a13726ae899d:37a901c4f91c375e5b2ce915089751f68aa2f80e3a9590fee8edc1247ea80612:clang-18.1.8-coverage-state-load-v1,gpt-5.6-sol-high,inside-loop-state,all-arms,dynamic,Omega_hat_NativeTrace,1846,1
dynamic::gpt-5.6-sol-high::all-arms::Omega_hat_NativeTrace,gpt-5.6-sol-high::codecontests-validation-1553h::long-trace-final,codecontests-validation-1553h,6e44abb67b8129df7e6c9c2bb7f0603020a46107f0b5aaa85480dcf00b6d8ee5:37a901c4f91c375e5b2ce915089751f68aa2f80e3a9590fee8edc1247ea80612:clang-18.1.8-coverage-state-load-v1,gpt-5.6-sol-high,long-trace-final,all-arms,dynamic,Omega_hat_NativeTrace,2577,1
dynamic::gpt-5.6-sol-high::all-arms::Omega_hat_NativeTrace,gpt-5.6-sol-high::codecontests-validation-1553h::short-trace-final,codecontests-validation-1553h,6e44abb67b8129df7e6c9c2bb7f0603020a46107f0b5aaa85480dcf00b6d8ee5:4f701d041f6b57b35a63af3be10f040298aa86385ad4da04b1daa6df2663a712:clang-18.1.8-coverage-state-load-v1,gpt-5.6-sol-high,short-trace-final,all-arms,dynamic,Omega_hat_NativeTrace,371,1
dynamic::gpt-5.6-sol-high::all-arms::Omega_hat_NativeTrace,gpt-5.6-sol-high::codecontests-validation-1553h::post-loop-state,codecontests-validation-1553h,a0fc871a1b48fb4e584cbafab20aa03968f5864a8503fcc17f35616d670b41fb:37a901c4f91c375e5b2ce915089751f68aa2f80e3a9590fee8edc1247ea80612:clang-18.1.8-coverage-state-load-v1,gpt-5.6-sol-high,post-loop-state,all-arms,dynamic,Omega_hat_NativeTrace,1815,1
dynamic::gpt-5.6-sol-high::all-arms::Omega_hat_NativeTrace,gpt-5.6-sol-high::codecontests-validation-1556f::inside-loop-state,codecontests-validation-1556f,0e7c6745273acd61e256dc45eed260d91a4acbd2606e470d7a226f83219ed9a3:360f25d334dd3eaa6f292d435c7982dff837d18936d1fefe83699b0b1d6fbc85:clang-18.1.8-coverage-state-load-v1,gpt-5.6-sol-high,inside-loop-state,all-arms,dynamic,Omega_hat_NativeTrace,202474,0
dynamic::gpt-5.6-sol-high::all-arms::Omega_hat_NativeTrace,gpt-5.6-sol-high::codecontests-validation-1556f::post-loop-state,codecontests-validation-1556f,355b4d9cf793a850c31de90bbad276f4be650b3ce01e56f464054f85d4c2ec45:360f25d334dd3eaa6f292d435c7982dff837d18936d1fefe83699b0b1d6fbc85:clang-18.1.8-coverage-state-load-v1,gpt-5.6-sol-high,post-loop-state,all-arms,dynamic,Omega_hat_NativeTrace,17086448,0
dynamic::gpt-5.6-sol-high::all-arms::Omega_hat_NativeTrace,gpt-5.6-sol-high::codecontests-validation-1556f::long-trace-final,codecontests-validation-1556f,67dbad2177030b263347ba9ff0c3aa5d2e1eb57d456d177fad25eee3f31a9a76:360f25d334dd3eaa6f292d435c7982dff837d18936d1fefe83699b0b1d6fbc85:clang-18.1.8-coverage-state-load-v1,gpt-5.6-sol-high,long-trace-final,all-arms,dynamic,Omega_hat_NativeTrace,17617324,0
dynamic::gpt-5.6-sol-high::all-arms::Omega_hat_NativeTrace,gpt-5.6-sol-high::codecontests-validation-1556f::short-trace-final,codecontests-validation-1556f,67dbad2177030b263347ba9ff0c3aa5d2e1eb57d456d177fad25eee3f31a9a76:fdcb27265764b2a73c62380d364aa177b18028a2d6fffe621bac5a23affde265:clang-18.1.8-coverage-state-load-v1,gpt-5.6-sol-high,short-trace-final,all-arms,dynamic,Omega_hat_NativeTrace,475,1
dynamic::gpt-5.6-sol-high::all-arms::Omega_hat_NativeTrace,gpt-5.6-sol-high::codecontests-validation-1567f::inside-loop-state,codecontests-validation-1567f,05cf93795d2245abb6f842b4f278fe70746b159f5aba398e285981a3d3ab0415:5ca513ae33f231741e8f5bce074557104f0ac96debe4329731eb41fe859f6fa9:clang-18.1.8-coverage-state-load-v1,gpt-5.6-sol-high,inside-loop-state,all-arms,dynamic,Omega_hat_NativeTrace,3975,1
dynamic::gpt-5.6-sol-high::all-arms::Omega_hat_NativeTrace,gpt-5.6-sol-high::codecontests-validation-1567f::long-trace-final,codecontests-validation-1567f,1d2e0467d959ffad5c713fa10c2142c44b5f542e00ce390504aea6f73e976053:5ca513ae33f231741e8f5bce074557104f0ac96debe4329731eb41fe859f6fa9:clang-18.1.8-coverage-state-load-v1,gpt-5.6-sol-high,long-trace-final,all-arms,dynamic,Omega_hat_NativeTrace,7387,1
dynamic::gpt-5.6-sol-high::all-arms::Omega_hat_NativeTrace,gpt-5.6-sol-high::codecontests-validation-1567f::short-trace-final,codecontests-validation-1567f,1d2e0467d959ffad5c713fa10c2142c44b5f542e00ce390504aea6f73e976053:8ac1f9fa9e2847575b2ced3fd892b2845557a6c485f5fa9413a699b8efbc3ad3:clang-18.1.8-coverage-state-load-v1,gpt-5.6-sol-high,short-trace-final,all-arms,dynamic,Omega_hat_NativeTrace,2028,1
dynamic::gpt-5.6-sol-high::all-arms::Omega_hat_NativeTrace,gpt-5.6-sol-high::codecontests-validation-1567f::post-loop-state,codecontests-validation-1567f,91b04a25af0d8354eca4b22a5c307be7e0d71719c1e56c1036c67f37cec6a7d0:5ca513ae33f231741e8f5bce074557104f0ac96debe4329731eb41fe859f6fa9:clang-18.1.8-coverage-state-load-v1,gpt-5.6-sol-high,post-loop-state,all-arms,dynamic,Omega_hat_NativeTrace,3936,1
dynamic::gpt-5.6-sol-high::all-arms::Omega_hat_NativeTrace,gpt-5.6-sol-high::codecontests-validation-1569e::inside-loop-state,codecontests-validation-1569e,8c7846a3a40110fa05257b67da8e6f63f945c711305a1df88b97e8d00396db64:b5fabe923ecc6b7534566fbeb72577fd896c2d74b9374afe3bed49a16217cf73:clang-18.1.8-coverage-state-load-v1,gpt-5.6-sol-high,inside-loop-state,all-arms,dynamic,Omega_hat_NativeTrace,14587,1
dynamic::gpt-5.6-sol-high::all-arms::Omega_hat_NativeTrace,gpt-5.6-sol-high::codecontests-validation-1569e::post-loop-state,codecontests-validation-1569e,b6b18517a3e59e80fb145dd8b32144c363e2872690c8f1c80a42a71bbc7adff3:b5fabe923ecc6b7534566fbeb72577fd896c2d74b9374afe3bed49a16217cf73:clang-18.1.8-coverage-state-load-v1,gpt-5.6-sol-high,post-loop-state,all-arms,dynamic,Omega_hat_NativeTrace,4686010,1
dynamic::gpt-5.6-sol-high::all-arms::Omega_hat_NativeTrace,gpt-5.6-sol-high::codecontests-validation-1569e::short-trace-final,codecontests-validation-1569e,d7b30d4383431a38ca1bd0ea4847aec892b939921afb04a5e0975d8dfe5a98c9:479def58965386a05050611157259ef82bfeb49b520e8bff8f6ffde3b23af8a8:clang-18.1.8-coverage-state-load-v1,gpt-5.6-sol-high,short-trace-final,all-arms,dynamic,Omega_hat_NativeTrace,963,1
dynamic::gpt-5.6-sol-high::all-arms::Omega_hat_NativeTrace,gpt-5.6-sol-high::codecontests-validation-1569e::long-trace-final,codecontests-validation-1569e,d7b30d4383431a38ca1bd0ea4847aec892b939921afb04a5e0975d8dfe5a98c9:b5fabe923ecc6b7534566fbeb72577fd896c2d74b9374afe3bed49a16217cf73:clang-18.1.8-coverage-state-load-v1,gpt-5.6-sol-high,long-trace-final,all-arms,dynamic,Omega_hat_NativeTrace,9765064,1
dynamic::gpt-5.6-sol-high::all-arms::Omega_hat_NativeTrace,gpt-5.6-sol-high::codecontests-validation-1569f::long-trace-final,codecontests-validation-1569f,2301e337b5fb3f9549acef3c07f9bd5019e6234c7a2311a7c4f57763e18e5b83:0b0d290fe1c8a4b6c275d3cd68f10e26117cce6a7a535e05cb67a9483c2ca982:clang-18.1.8-coverage-state-load-v1,gpt-5.6-sol-high,long-trace-final,all-arms,dynamic,Omega_hat_NativeTrace,150522,1
dynamic::gpt-5.6-sol-high::all-arms::Omega_hat_NativeTrace,gpt-5.6-sol-high::codecontests-validation-1569f::short-trace-final,codecontests-validation-1569f,2301e337b5fb3f9549acef3c07f9bd5019e6234c7a2311a7c4f57763e18e5b83:26b7657bcd3b796488b0a9677b14cced50fbbf3da549885bc44c2917cf610cff:clang-18.1.8-coverage-state-load-v1,gpt-5.6-sol-high,short-trace-final,all-arms,dynamic,Omega_hat_NativeTrace,9950,1
dynamic::gpt-5.6-sol-high::all-arms::Omega_hat_NativeTrace,gpt-5.6-sol-high::codecontests-validation-1569f::post-loop-state,codecontests-validation-1569f,9b44483ac309757aa4c354b7152a87dcbcef7f14befc99fd5d5420fba2550477:0b0d290fe1c8a4b6c275d3cd68f10e26117cce6a7a535e05cb67a9483c2ca982:clang-18.1.8-coverage-state-load-v1,gpt-5.6-sol-high,post-loop-state,all-arms,dynamic,Omega_hat_NativeTrace,118625,1
dynamic::gpt-5.6-sol-high::all-arms::Omega_hat_NativeTrace,gpt-5.6-sol-high::codecontests-validation-1569f::inside-loop-state,codecontests-validation-1569f,bd6341080b17f11d66607db0012ce4f3cf4107ce205c35c39ff21ea2a4d40857:0b0d290fe1c8a4b6c275d3cd68f10e26117cce6a7a535e05cb67a9483c2ca982:clang-18.1.8-coverage-state-load-v1,gpt-5.6-sol-high,inside-loop-state,all-arms,dynamic,Omega_hat_NativeTrace,118714,1
dynamic::gpt-5.6-sol-high::all-arms::Omega_hat_NativeTrace,gpt-5.6-sol-high::codecontests-validation-1572d::post-loop-state,codecontests-validation-1572d,10b3ea8d407a851cbb94d856638ba9ee3b5658eb0b43ab595c686887ee58e23a:2215213a1789f807060a057e634ddb262a27f09b8292f964f58f42acbe1d0616:clang-18.1.8-coverage-state-load-v1,gpt-5.6-sol-high,post-loop-state,all-arms,dynamic,Omega_hat_NativeTrace,1703,0
dynamic::gpt-5.6-sol-high::all-arms::Omega_hat_NativeTrace,gpt-5.6-sol-high::codecontests-validation-1572d::long-trace-final,codecontests-validation-1572d,4ef728a87836baeb0af64467718c76401006223c75d5b80c74b59eb56b109b72:2215213a1789f807060a057e634ddb262a27f09b8292f964f58f42acbe1d0616:clang-18.1.8-coverage-state-load-v1,gpt-5.6-sol-high,long-trace-final,all-arms,dynamic,Omega_hat_NativeTrace,1887,1
dynamic::gpt-5.6-sol-high::all-arms::Omega_hat_NativeTrace,gpt-5.6-sol-high::codecontests-validation-1572d::short-trace-final,codecontests-validation-1572d,4ef728a87836baeb0af64467718c76401006223c75d5b80c74b59eb56b109b72:eb418658a51efc355a88b1c44df821bcabf17ae92e052c3f3f3790755404491d:clang-18.1.8-coverage-state-load-v1,gpt-5.6-sol-high,short-trace-final,all-arms,dynamic,Omega_hat_NativeTrace,888,1
dynamic::gpt-5.6-sol-high::all-arms::Omega_hat_NativeTrace,gpt-5.6-sol-high::codecontests-validation-1572d::inside-loop-state,codecontests-validation-1572d,e4be3de81a2d2af89166e441b8d5adf8e73d19e2c217707d996b1af00c028ff1:2215213a1789f807060a057e634ddb262a27f09b8292f964f58f42acbe1d0616:clang-18.1.8-coverage-state-load-v1,gpt-5.6-sol-high,inside-loop-state,all-arms,dynamic,Omega_hat_NativeTrace,1793,1
dynamic::gpt-5.6-sol-high::all-arms::Omega_hat_NativeTrace,gpt-5.6-sol-high::codecontests-validation-1572e::post-loop-state,codecontests-validation-1572e,437fad31af4f51960c3b7aff0ceecd6ad236aeccd08417e320d5ef307f021027:ce0eb773178bbc4bdc901ed4555433f201b9cbbd416231d7a0b82b41c1e59270:clang-18.1.8-coverage-state-load-v1,gpt-5.6-sol-high,post-loop-state,all-arms,dynamic,Omega_hat_NativeTrace,1903,1
dynamic::gpt-5.6-sol-high::all-arms::Omega_hat_NativeTrace,gpt-5.6-sol-high::codecontests-validation-1572e::inside-loop-state,codecontests-validation-1572e,a29023c7f4c26bae0b4eef37581882d729a33402e3f2d96d9c4e4e82f216cc0f:ce0eb773178bbc4bdc901ed4555433f201b9cbbd416231d7a0b82b41c1e59270:clang-18.1.8-coverage-state-load-v1,gpt-5.6-sol-high,inside-loop-state,all-arms,dynamic,Omega_hat_NativeTrace,1931,1
dynamic::gpt-5.6-sol-high::all-arms::Omega_hat_NativeTrace,gpt-5.6-sol-high::codecontests-validation-1572e::short-trace-final,codecontests-validation-1572e,c6871efc570f44806a970f43053b081d731f519c2b4a95b2aa54ee53df958fcf:c8391dd8e574d61edf3a7c188f1bce010f51566bb2347b029afb3faa08679767:clang-18.1.8-coverage-state-load-v1,gpt-5.6-sol-high,short-trace-final,all-arms,dynamic,Omega_hat_NativeTrace,17610,1
dynamic::gpt-5.6-sol-high::all-arms::Omega_hat_NativeTrace,gpt-5.6-sol-high::codecontests-validation-1572e::long-trace-final,codecontests-validation-1572e,c6871efc570f44806a970f43053b081d731f519c2b4a95b2aa54ee53df958fcf:ce0eb773178bbc4bdc901ed4555433f201b9cbbd416231d7a0b82b41c1e59270:clang-18.1.8-coverage-state-load-v1,gpt-5.6-sol-high,long-trace-final,all-arms,dynamic,Omega_hat_NativeTrace,94129,1
dynamic::gpt-5.6-sol-high::all-arms::Omega_hat_NativeTrace,gpt-5.6-sol-high::codecontests-validation-1574f::post-loop-state,codecontests-validation-1574f,121cb978200a7d65abf8d20a567bf9a991547f94cb17d49e90c39970b27fb179:03d3d7a8c8364341064965d240bc633999a3624096573e7dd9ff9b2e4332d221:clang-18.1.8-coverage-state-load-v1,gpt-5.6-sol-high,post-loop-state,all-arms,dynamic,Omega_hat_NativeTrace,16200040,0
dynamic::gpt-5.6-sol-high::all-arms::Omega_hat_NativeTrace,gpt-5.6-sol-high::codecontests-validation-1574f::inside-loop-state,codecontests-validation-1574f,54d2aa075790d96b16094d1110b1ff4cc42e649f39b55cf10a14e19f5a25bdd0:03d3d7a8c8364341064965d240bc633999a3624096573e7dd9ff9b2e4332d221:clang-18.1.8-coverage-state-load-v1,gpt-5.6-sol-high,inside-loop-state,all-arms,dynamic,Omega_hat_NativeTrace,8102841,0
dynamic::gpt-5.6-sol-high::all-arms::Omega_hat_NativeTrace,gpt-5.6-sol-high::codecontests-validation-1574f::long-trace-final,codecontests-validation-1574f,7daa73692acaf41812edcde3c45ecdfa6e0c91a99ce6e3557836323cf0386084:03d3d7a8c8364341064965d240bc633999a3624096573e7dd9ff9b2e4332d221:clang-18.1.8-coverage-state-load-v1,gpt-5.6-sol-high,long-trace-final,all-arms,dynamic,Omega_hat_NativeTrace,1513963426,0
dynamic::gpt-5.6-sol-high::all-arms::Omega_hat_NativeTrace,gpt-5.6-sol-high::codecontests-validation-1574f::short-trace-final,codecontests-validation-1574f,7daa73692acaf41812edcde3c45ecdfa6e0c91a99ce6e3557836323cf0386084:a00a4e49bac1dc0515ea109cbef81f6fec9f42207b2ac47d95d4f9fb95859331:clang-18.1.8-coverage-state-load-v1,gpt-5.6-sol-high,short-trace-final,all-arms,dynamic,Omega_hat_NativeTrace,1209,1
dynamic::gpt-5.6-sol-high::all-arms::Omega_hat_StateLoad,gpt-5.6-sol-high::codecontests-test-1580b::post-loop-state,codecontests-test-1580b,651daa060f41dcbf742f65839b776fde4796201d3b99d00773278bba61645417:01bf10bc19e4055efc275e06e8439f42cb308446a927457954f085b1c36f701a:clang-18.1.8-coverage-state-load-v1,gpt-5.6-sol-high,post-loop-state,all-arms,dynamic,Omega_hat_StateLoad,634227280,1
dynamic::gpt-5.6-sol-high::all-arms::Omega_hat_StateLoad,gpt-5.6-sol-high::codecontests-test-1580b::inside-loop-state,codecontests-test-1580b,de821758d705b3efd9657c5b7021e5d724533788eed2c97f5213f6ee05a90127:01bf10bc19e4055efc275e06e8439f42cb308446a927457954f085b1c36f701a:clang-18.1.8-coverage-state-load-v1,gpt-5.6-sol-high,inside-loop-state,all-arms,dynamic,Omega_hat_StateLoad,624486447,1
dynamic::gpt-5.6-sol-high::all-arms::Omega_hat_StateLoad,gpt-5.6-sol-high::codecontests-test-1580b::long-trace-final,codecontests-test-1580b,e49cc24f56c43dda6796ffbf38185eb1f4f689c19e9ec2b7010717fbd33f09cd:01bf10bc19e4055efc275e06e8439f42cb308446a927457954f085b1c36f701a:clang-18.1.8-coverage-state-load-v1,gpt-5.6-sol-high,long-trace-final,all-arms,dynamic,Omega_hat_StateLoad,123221869874820,0
dynamic::gpt-5.6-sol-high::all-arms::Omega_hat_StateLoad,gpt-5.6-sol-high::codecontests-test-1580b::short-trace-final,codecontests-test-1580b,e49cc24f56c43dda6796ffbf38185eb1f4f689c19e9ec2b7010717fbd33f09cd:4badc34556ceafd1c2c4699ce5b2a3bc32594a4b7e29c24a4068f61563022cdc:clang-18.1.8-coverage-state-load-v1,gpt-5.6-sol-high,short-trace-final,all-arms,dynamic,Omega_hat_StateLoad,1334498244,1
dynamic::gpt-5.6-sol-high::all-arms::Omega_hat_StateLoad,gpt-5.6-sol-high::codecontests-test-1580f::short-trace-final,codecontests-test-1580f,14ddc455906166c8cc9ba66260dd1ee85ca6354b865eda03f0f3871dae33ae17:66cad223eb4b52b45ee49a6f14a923756f9c308fb0a2f62f02808d1d2491969e:clang-18.1.8-coverage-state-load-v1,gpt-5.6-sol-high,short-trace-final,all-arms,dynamic,Omega_hat_StateLoad,41166621651798,1
dynamic::gpt-5.6-sol-high::all-arms::Omega_hat_StateLoad,gpt-5.6-sol-high::codecontests-test-1580f::long-trace-final,codecontests-test-1580f,14ddc455906166c8cc9ba66260dd1ee85ca6354b865eda03f0f3871dae33ae17:d72b57384d564b166e605cb1fe15b30202227d8df8021b4e67f0275e92852971:clang-18.1.8-coverage-state-load-v1,gpt-5.6-sol-high,long-trace-final,all-arms,dynamic,Omega_hat_StateLoad,41173337298488,1
dynamic::gpt-5.6-sol-high::all-arms::Omega_hat_StateLoad,gpt-5.6-sol-high::codecontests-test-1580f::post-loop-state,codecontests-test-1580f,8526c634fe8de6d447557c0456ea3013ff50b851688579983204c869ac4dcb57:d72b57384d564b166e605cb1fe15b30202227d8df8021b4e67f0275e92852971:clang-18.1.8-coverage-state-load-v1,gpt-5.6-sol-high,post-loop-state,all-arms,dynamic,Omega_hat_StateLoad,41157233657412,1
dynamic::gpt-5.6-sol-high::all-arms::Omega_hat_StateLoad,gpt-5.6-sol-high::codecontests-test-1580f::inside-loop-state,codecontests-test-1580f,bfcc98152560bffe5dfc4d96ac7ad6087d8a47a1cf596714f45a7366a323508a:d72b57384d564b166e605cb1fe15b30202227d8df8021b4e67f0275e92852971:clang-18.1.8-coverage-state-load-v1,gpt-5.6-sol-high,inside-loop-state,all-arms,dynamic,Omega_hat_StateLoad,41157227775110,1
dynamic::gpt-5.6-sol-high::all-arms::Omega_hat_StateLoad,gpt-5.6-sol-high::codecontests-test-1586f::long-trace-final,codecontests-test-1586f,50fa6366595a53ba7e82bd4bc65563c718c29a2a4b9c1b4e6f80fab5bdeabd90:e7a0a218331b68b73ad7ba079fd54be2a7cd8090a6e96eba3f4ee3001dc1d2dc:clang-18.1.8-coverage-state-load-v1,gpt-5.6-sol-high,long-trace-final,all-arms,dynamic,Omega_hat_StateLoad,44184529715,0
dynamic::gpt-5.6-sol-high::all-arms::Omega_hat_StateLoad,gpt-5.6-sol-high::codecontests-test-1586f::short-trace-final,codecontests-test-1586f,50fa6366595a53ba7e82bd4bc65563c718c29a2a4b9c1b4e6f80fab5bdeabd90:ece3d232c1ca9ef8a80b6fdb1585b8f5cf653b9dd023b0521c8da64db859ffac:clang-18.1.8-coverage-state-load-v1,gpt-5.6-sol-high,short-trace-final,all-arms,dynamic,Omega_hat_StateLoad,145590447,1
dynamic::gpt-5.6-sol-high::all-arms::Omega_hat_StateLoad,gpt-5.6-sol-high::codecontests-test-1586f::inside-loop-state,codecontests-test-1586f,c2fff1ad8c28452ca3e75e2efc59934a22d91572d3cde13bc7c743de6d34b147:e7a0a218331b68b73ad7ba079fd54be2a7cd8090a6e96eba3f4ee3001dc1d2dc:clang-18.1.8-coverage-state-load-v1,gpt-5.6-sol-high,inside-loop-state,all-arms,dynamic,Omega_hat_StateLoad,4453997983,1
dynamic::gpt-5.6-sol-high::all-arms::Omega_hat_StateLoad,gpt-5.6-sol-high::codecontests-test-1586f::post-loop-state,codecontests-test-1586f,cf6f023469c0bb5ffbb00877e5468516893961999aa07f0ecb8ade5ed40b2096:e7a0a218331b68b73ad7ba079fd54be2a7cd8090a6e96eba3f4ee3001dc1d2dc:clang-18.1.8-coverage-state-load-v1,gpt-5.6-sol-high,post-loop-state,all-arms,dynamic,Omega_hat_StateLoad,4459054592,1
dynamic::gpt-5.6-sol-high::all-arms::Omega_hat_StateLoad,gpt-5.6-sol-high::codecontests-test-1598f::short-trace-final,codecontests-test-1598f,c86397161467c48a05a8a1c3b9d9cdc968122973e7759a52edbfee55607a0c48:0c302e793e9db86915c6163fbabb9d0a9976859eb54448cb12f96c3a4ff52328:clang-18.1.8-coverage-state-load-v1,gpt-5.6-sol-high,short-trace-final,all-arms,dynamic,Omega_hat_StateLoad,896,1
dynamic::gpt-5.6-sol-high::all-arms::Omega_hat_StateLoad,gpt-5.6-sol-high::codecontests-test-1598f::long-trace-final,codecontests-test-1598f,c86397161467c48a05a8a1c3b9d9cdc968122973e7759a52edbfee55607a0c48:7035767df0d876ec6a211af258eda3b340f5ba719f1d3c8f30d890596458ed17:clang-18.1.8-coverage-state-load-v1,gpt-5.6-sol-high,long-trace-final,all-arms,dynamic,Omega_hat_StateLoad,98536591,1
dynamic::gpt-5.6-sol-high::all-arms::Omega_hat_StateLoad,gpt-5.6-sol-high::codecontests-test-1598f::post-loop-state,codecontests-test-1598f,cb278e842ab865add5e5b08afeae6d96c07cdcbf64ca0a38de643e3879f68585:7035767df0d876ec6a211af258eda3b340f5ba719f1d3c8f30d890596458ed17:clang-18.1.8-coverage-state-load-v1,gpt-5.6-sol-high,post-loop-state,all-arms,dynamic,Omega_hat_StateLoad,1321625,1
dynamic::gpt-5.6-sol-high::all-arms::Omega_hat_StateLoad,gpt-5.6-sol-high::codecontests-test-1598f::inside-loop-state,codecontests-test-1598f,f41875fa3f7692eefec1a62e67928717fb5e40acf042c603e3120e581750a59b:7035767df0d876ec6a211af258eda3b340f5ba719f1d3c8f30d890596458ed17:clang-18.1.8-coverage-state-load-v1,gpt-5.6-sol-high,inside-loop-state,all-arms,dynamic,Omega_hat_StateLoad,1298913,1
dynamic::gpt-5.6-sol-high::all-arms::Omega_hat_StateLoad,gpt-5.6-sol-high::codecontests-test-1599d::inside-loop-state,codecontests-test-1599d,0a2dad56c9e815f7f708d26c2a62b89ce07f5ea76c71a50f36d86924cf05b943:e4a285c493f93a570627f5a05671eae6a4363f4464831e0f98d5ba3690d0ee67:clang-18.1.8-coverage-state-load-v1,gpt-5.6-sol-high,inside-loop-state,all-arms,dynamic,Omega_hat_StateLoad,11758615723,1
dynamic::gpt-5.6-sol-high::all-arms::Omega_hat_StateLoad,gpt-5.6-sol-high::codecontests-test-1599d::short-trace-final,codecontests-test-1599d,933b32aa65d3b25d1afa06e801f5b72dff619eaf7fc4ac6a4a0270e85d49214c:665093871dbe3de8e75d8a816a8378ca11e9e560947ddf4d94207a1e2173820b:clang-18.1.8-coverage-state-load-v1,gpt-5.6-sol-high,short-trace-final,all-arms,dynamic,Omega_hat_StateLoad,2823867851,1
dynamic::gpt-5.6-sol-high::all-arms::Omega_hat_StateLoad,gpt-5.6-sol-high::codecontests-test-1599d::long-trace-final,codecontests-test-1599d,933b32aa65d3b25d1afa06e801f5b72dff619eaf7fc4ac6a4a0270e85d49214c:e4a285c493f93a570627f5a05671eae6a4363f4464831e0f98d5ba3690d0ee67:clang-18.1.8-coverage-state-load-v1,gpt-5.6-sol-high,long-trace-final,all-arms,dynamic,Omega_hat_StateLoad,12567049367,1
dynamic::gpt-5.6-sol-high::all-arms::Omega_hat_StateLoad,gpt-5.6-sol-high::codecontests-test-1599d::post-loop-state,codecontests-test-1599d,aa9020619d95e0c11306c231f42dc16fbedc1b8833557cfba9a3855ceab5d625:e4a285c493f93a570627f5a05671eae6a4363f4464831e0f98d5ba3690d0ee67:clang-18.1.8-coverage-state-load-v1,gpt-5.6-sol-high,post-loop-state,all-arms,dynamic,Omega_hat_StateLoad,11898690449,1
dynamic::gpt-5.6-sol-high::all-arms::Omega_hat_StateLoad,gpt-5.6-sol-high::codecontests-test-1599j::post-loop-state,codecontests-test-1599j,3435dafe215df6aaa0d67c6cfc947efc0a0e44650fe50967a6ba0b248d4b7fe6:cf6d365ac492de069f119d50091851656ea5679fa08c558d3f071a383b4e0df0:clang-18.1.8-coverage-state-load-v1,gpt-5.6-sol-high,post-loop-state,all-arms,dynamic,Omega_hat_StateLoad,564916,1
dynamic::gpt-5.6-sol-high::all-arms::Omega_hat_StateLoad,gpt-5.6-sol-high::codecontests-test-1599j::short-trace-final,codecontests-test-1599j,ab4e36e90fc02ef9ec4e2ca7dec9cf4caee8e6aaeed78b0ea3ac83c28ac8147c:15a15c047478f3e0e3cab6ed3f632a29e89952fba136b5a78394d1c0ad79c6e5:clang-18.1.8-coverage-state-load-v1,gpt-5.6-sol-high,short-trace-final,all-arms,dynamic,Omega_hat_StateLoad,9170,1
dynamic::gpt-5.6-sol-high::all-arms::Omega_hat_StateLoad,gpt-5.6-sol-high::codecontests-test-1599j::long-trace-final,codecontests-test-1599j,ab4e36e90fc02ef9ec4e2ca7dec9cf4caee8e6aaeed78b0ea3ac83c28ac8147c:cf6d365ac492de069f119d50091851656ea5679fa08c558d3f071a383b4e0df0:clang-18.1.8-coverage-state-load-v1,gpt-5.6-sol-high,long-trace-final,all-arms,dynamic,Omega_hat_StateLoad,12322184,1
dynamic::gpt-5.6-sol-high::all-arms::Omega_hat_StateLoad,gpt-5.6-sol-high::codecontests-test-1599j::inside-loop-state,codecontests-test-1599j,b327432c0b51f79599142f457651ed07c753892f7bc8fc32eae261455a14a8df:cf6d365ac492de069f119d50091851656ea5679fa08c558d3f071a383b4e0df0:clang-18.1.8-coverage-state-load-v1,gpt-5.6-sol-high,inside-loop-state,all-arms,dynamic,Omega_hat_StateLoad,475722,1
dynamic::gpt-5.6-sol-high::all-arms::Omega_hat_StateLoad,gpt-5.6-sol-high::codecontests-test-1603e::long-trace-final,codecontests-test-1603e,d7fe25a19d626e555247a54b1650138c821111d60e20cca5c73ec3112ca1e525:16115f14b1d3589d0841b36fa922b477b58347dad5e3d021df0ae33ab64fa7a6:clang-18.1.8-coverage-state-load-v1,gpt-5.6-sol-high,long-trace-final,all-arms,dynamic,Omega_hat_StateLoad,4501797683908,0
dynamic::gpt-5.6-sol-high::all-arms::Omega_hat_StateLoad,gpt-5.6-sol-high::codecontests-test-1603e::short-trace-final,codecontests-test-1603e,d7fe25a19d626e555247a54b1650138c821111d60e20cca5c73ec3112ca1e525:56128c78d54bd858b1f0a7710cc6ed6c0ee23efbe9034d42dc8ce6339a26f6bf:clang-18.1.8-coverage-state-load-v1,gpt-5.6-sol-high,short-trace-final,all-arms,dynamic,Omega_hat_StateLoad,909408818,1
dynamic::gpt-5.6-sol-high::all-arms::Omega_hat_StateLoad,gpt-5.6-sol-high::codecontests-test-1603e::inside-loop-state,codecontests-test-1603e,f3186b205da6d6dcc9ea29d1c2d2e8b3e694f96a5c55cf87108c065fb309d17d:16115f14b1d3589d0841b36fa922b477b58347dad5e3d021df0ae33ab64fa7a6:clang-18.1.8-coverage-state-load-v1,gpt-5.6-sol-high,inside-loop-state,all-arms,dynamic,Omega_hat_StateLoad,189201355791,1
dynamic::gpt-5.6-sol-high::all-arms::Omega_hat_StateLoad,gpt-5.6-sol-high::codecontests-test-1603e::post-loop-state,codecontests-test-1603e,f412e755c350f9ce1c88cfff52e57c62ae92474f822504d6558ee65de9e4ed4d:16115f14b1d3589d0841b36fa922b477b58347dad5e3d021df0ae33ab64fa7a6:clang-18.1.8-coverage-state-load-v1,gpt-5.6-sol-high,post-loop-state,all-arms,dynamic,Omega_hat_StateLoad,194205315507,1
dynamic::gpt-5.6-sol-high::all-arms::Omega_hat_StateLoad,gpt-5.6-sol-high::codecontests-test-1608e::short-trace-final,codecontests-test-1608e,646dbc65fdea7bc8e3170908e4578902800b470e97d05e2454f0d26884e92df7:a2f5b5c4b5f17740e75fa5913cbf0bcde3191c7cb615765a3dfa89ab90e0e728:clang-18.1.8-coverage-state-load-v1,gpt-5.6-sol-high,short-trace-final,all-arms,dynamic,Omega_hat_StateLoad,62438640242,1
dynamic::gpt-5.6-sol-high::all-arms::Omega_hat_StateLoad,gpt-5.6-sol-high::codecontests-test-1608e::long-trace-final,codecontests-test-1608e,646dbc65fdea7bc8e3170908e4578902800b470e97d05e2454f0d26884e92df7:f55be964bd2cc68afe5b9ad8f942604e10918169e7160750406727f80984c504:clang-18.1.8-coverage-state-load-v1,gpt-5.6-sol-high,long-trace-final,all-arms,dynamic,Omega_hat_StateLoad,405236280252,1
dynamic::gpt-5.6-sol-high::all-arms::Omega_hat_StateLoad,gpt-5.6-sol-high::codecontests-test-1608e::inside-loop-state,codecontests-test-1608e,667c28dbcfd364ae586ae9cd21bf6fd959db38f0147f2a6cb6289ec447eb9a22:f55be964bd2cc68afe5b9ad8f942604e10918169e7160750406727f80984c504:clang-18.1.8-coverage-state-load-v1,gpt-5.6-sol-high,inside-loop-state,all-arms,dynamic,Omega_hat_StateLoad,175461364750,1
dynamic::gpt-5.6-sol-high::all-arms::Omega_hat_StateLoad,gpt-5.6-sol-high::codecontests-test-1608e::post-loop-state,codecontests-test-1608e,b3c2da25bedf53cb9761b05fae26f46e4cf88607b5e31132dd26180b52bbaf2b:f55be964bd2cc68afe5b9ad8f942604e10918169e7160750406727f80984c504:clang-18.1.8-coverage-state-load-v1,gpt-5.6-sol-high,post-loop-state,all-arms,dynamic,Omega_hat_StateLoad,189044239492,1
dynamic::gpt-5.6-sol-high::all-arms::Omega_hat_StateLoad,gpt-5.6-sol-high::codecontests-test-1608f::short-trace-final,codecontests-test-1608f,3b1188cf9f4294e77fd38eb7d8098dfcfb19fbdd0ef6e9a3fe8d63adfeb2abbf:8ad616db4fe9bd467b7ab16879f97c77503d2b22431ce9705293bfe707f20a7f:clang-18.1.8-coverage-state-load-v1,gpt-5.6-sol-high,short-trace-final,all-arms,dynamic,Omega_hat_StateLoad,151484570,1
dynamic::gpt-5.6-sol-high::all-arms::Omega_hat_StateLoad,gpt-5.6-sol-high::codecontests-test-1608f::long-trace-final,codecontests-test-1608f,3b1188cf9f4294e77fd38eb7d8098dfcfb19fbdd0ef6e9a3fe8d63adfeb2abbf:b3e5d9410e92ec6feb64678dbc4fc691cb4660d89a83baf0e0a219123c05b450:clang-18.1.8-coverage-state-load-v1,gpt-5.6-sol-high,long-trace-final,all-arms,dynamic,Omega_hat_StateLoad,54207437289,0
dynamic::gpt-5.6-sol-high::all-arms::Omega_hat_StateLoad,gpt-5.6-sol-high::codecontests-test-1608f::inside-loop-state,codecontests-test-1608f,9864fd100347bbad0e115c788da3250c68253007614da622a5ee02799527370f:b3e5d9410e92ec6feb64678dbc4fc691cb4660d89a83baf0e0a219123c05b450:clang-18.1.8-coverage-state-load-v1,gpt-5.6-sol-high,inside-loop-state,all-arms,dynamic,Omega_hat_StateLoad,20733502691,0
dynamic::gpt-5.6-sol-high::all-arms::Omega_hat_StateLoad,gpt-5.6-sol-high::codecontests-test-1608f::post-loop-state,codecontests-test-1608f,ef77878c7f3b869738b3ff6a4965c679f33909d0914e136f66f6c522b7b20c01:b3e5d9410e92ec6feb64678dbc4fc691cb4660d89a83baf0e0a219123c05b450:clang-18.1.8-coverage-state-load-v1,gpt-5.6-sol-high,post-loop-state,all-arms,dynamic,Omega_hat_StateLoad,20758637829,0
dynamic::gpt-5.6-sol-high::all-arms::Omega_hat_StateLoad,gpt-5.6-sol-high::codecontests-test-1615g::post-loop-state,codecontests-test-1615g,0933389f16bc0f8f1a15f83914fd800b2881de1ed6b02e9104c48207b1cde312:73a6420953313f0860ecac8f963f63bd594f27eacb54f75047c6e7f224445982:clang-18.1.8-coverage-state-load-v1,gpt-5.6-sol-high,post-loop-state,all-arms,dynamic,Omega_hat_StateLoad,6582454,1
dynamic::gpt-5.6-sol-high::all-arms::Omega_hat_StateLoad,gpt-5.6-sol-high::codecontests-test-1615g::inside-loop-state,codecontests-test-1615g,acc1b2cc8cfb5ad702c4fd69f49f49e609d604888c2fc3c44a8fa83a57d3de81:73a6420953313f0860ecac8f963f63bd594f27eacb54f75047c6e7f224445982:clang-18.1.8-coverage-state-load-v1,gpt-5.6-sol-high,inside-loop-state,all-arms,dynamic,Omega_hat_StateLoad,6401288,0
dynamic::gpt-5.6-sol-high::all-arms::Omega_hat_StateLoad,gpt-5.6-sol-high::codecontests-test-1615g::long-trace-final,codecontests-test-1615g,ad373333e07dc4e3b058568facb985af09bac3ef8991907c430b33236999f394:73a6420953313f0860ecac8f963f63bd594f27eacb54f75047c6e7f224445982:clang-18.1.8-coverage-state-load-v1,gpt-5.6-sol-high,long-trace-final,all-arms,dynamic,Omega_hat_StateLoad,2793543,1
dynamic::gpt-5.6-sol-high::all-arms::Omega_hat_StateLoad,gpt-5.6-sol-high::codecontests-test-1615g::short-trace-final,codecontests-test-1615g,ad373333e07dc4e3b058568facb985af09bac3ef8991907c430b33236999f394:8b8d92f6cd116121a9e352a9d6bbbeea5f82cc1c848aaea202eee9901fb39d86:clang-18.1.8-coverage-state-load-v1,gpt-5.6-sol-high,short-trace-final,all-arms,dynamic,Omega_hat_StateLoad,6874,1
dynamic::gpt-5.6-sol-high::all-arms::Omega_hat_StateLoad,gpt-5.6-sol-high::codecontests-test-1615h::post-loop-state,codecontests-test-1615h,6bac151ec0f25226a8145178cf0e367fb811beb86ff6196070e20565c4d00642:76e3b7b1ea299988012bab23cbfde0d8790d1c57e7f0994947beee3f546bc9a5:clang-18.1.8-coverage-state-load-v1,gpt-5.6-sol-high,post-loop-state,all-arms,dynamic,Omega_hat_StateLoad,205469759,0
dynamic::gpt-5.6-sol-high::all-arms::Omega_hat_StateLoad,gpt-5.6-sol-high::codecontests-test-1615h::long-trace-final,codecontests-test-1615h,a71a99b21177af38ad289c00ff979be40a690e727f285153ed3faee690b3a321:76e3b7b1ea299988012bab23cbfde0d8790d1c57e7f0994947beee3f546bc9a5:clang-18.1.8-coverage-state-load-v1,gpt-5.6-sol-high,long-trace-final,all-arms,dynamic,Omega_hat_StateLoad,316956724,1
dynamic::gpt-5.6-sol-high::all-arms::Omega_hat_StateLoad,gpt-5.6-sol-high::codecontests-test-1615h::short-trace-final,codecontests-test-1615h,a71a99b21177af38ad289c00ff979be40a690e727f285153ed3faee690b3a321:7f143eea0a3c840bf12e8184b4972d492f981fbb9a266339cd86299dae1d4413:clang-18.1.8-coverage-state-load-v1,gpt-5.6-sol-high,short-trace-final,all-arms,dynamic,Omega_hat_StateLoad,168597991,1
dynamic::gpt-5.6-sol-high::all-arms::Omega_hat_StateLoad,gpt-5.6-sol-high::codecontests-test-1615h::inside-loop-state,codecontests-test-1615h,bb1f2ab66b584a159dee436bfee61e9740c864d881dce54d93f0220164d96c1a:76e3b7b1ea299988012bab23cbfde0d8790d1c57e7f0994947beee3f546bc9a5:clang-18.1.8-coverage-state-load-v1,gpt-5.6-sol-high,inside-loop-state,all-arms,dynamic,Omega_hat_StateLoad,204519776,0
dynamic::gpt-5.6-sol-high::all-arms::Omega_hat_StateLoad,gpt-5.6-sol-high::codecontests-test-1617e::inside-loop-state,codecontests-test-1617e,395db0129fb099ac1b5af30458379f3c64b2c8e1ba3267544689e9a721e0a1a2:f34973899b03d91dd93fd9ca7bca992fc2b381fea1800c11fc29bf25c01efe97:clang-18.1.8-coverage-state-load-v1,gpt-5.6-sol-high,inside-loop-state,all-arms,dynamic,Omega_hat_StateLoad,274981556,1
dynamic::gpt-5.6-sol-high::all-arms::Omega_hat_StateLoad,gpt-5.6-sol-high::codecontests-test-1617e::post-loop-state,codecontests-test-1617e,a34fa455cb2724c38f9fc74f8d38161dbfbff4a0a0d9c9c94c1bfa734b45a015:f34973899b03d91dd93fd9ca7bca992fc2b381fea1800c11fc29bf25c01efe97:clang-18.1.8-coverage-state-load-v1,gpt-5.6-sol-high,post-loop-state,all-arms,dynamic,Omega_hat_StateLoad,302812024,1
dynamic::gpt-5.6-sol-high::all-arms::Omega_hat_StateLoad,gpt-5.6-sol-high::codecontests-test-1617e::short-trace-final,codecontests-test-1617e,c416bb8d3b25fd4c76bdb6e17ff595707f9479e2af79b63f90090979b8df2512:7a8e064d952789abfdfd6043d44530bd5de0228d7963b1c4a3a194695b246bdd:clang-18.1.8-coverage-state-load-v1,gpt-5.6-sol-high,short-trace-final,all-arms,dynamic,Omega_hat_StateLoad,208350789,1
dynamic::gpt-5.6-sol-high::all-arms::Omega_hat_StateLoad,gpt-5.6-sol-high::codecontests-test-1617e::long-trace-final,codecontests-test-1617e,c416bb8d3b25fd4c76bdb6e17ff595707f9479e2af79b63f90090979b8df2512:f34973899b03d91dd93fd9ca7bca992fc2b381fea1800c11fc29bf25c01efe97:clang-18.1.8-coverage-state-load-v1,gpt-5.6-sol-high,long-trace-final,all-arms,dynamic,Omega_hat_StateLoad,4912863519,1
dynamic::gpt-5.6-sol-high::all-arms::Omega_hat_StateLoad,gpt-5.6-sol-high::codecontests-test-1620g::post-loop-state,codecontests-test-1620g,90b42a3a02b64368871b040777d72a1fae560ae9bae9612e2ab271e58b363cec:d17fc49cd397378f23ba09a1d25ed63dd16e1ca27e2fef716941dab7e3d260e9:clang-18.1.8-coverage-state-load-v1,gpt-5.6-sol-high,post-loop-state,all-arms,dynamic,Omega_hat_StateLoad,10058693310,1
dynamic::gpt-5.6-sol-high::all-arms::Omega_hat_StateLoad,gpt-5.6-sol-high::codecontests-test-1620g::short-trace-final,codecontests-test-1620g,dc5b0364fffb69d059ac406180373038b2947bf8b018c0eb5ad6bdab89607c28:47fdb134316707b54ae926b4ba0b8e2ffa13b01f961ee3bdbd4367e9493f9d43:clang-18.1.8-coverage-state-load-v1,gpt-5.6-sol-high,short-trace-final,all-arms,dynamic,Omega_hat_StateLoad,2156032471,1
dynamic::gpt-5.6-sol-high::all-arms::Omega_hat_StateLoad,gpt-5.6-sol-high::codecontests-test-1620g::long-trace-final,codecontests-test-1620g,dc5b0364fffb69d059ac406180373038b2947bf8b018c0eb5ad6bdab89607c28:d17fc49cd397378f23ba09a1d25ed63dd16e1ca27e2fef716941dab7e3d260e9:clang-18.1.8-coverage-state-load-v1,gpt-5.6-sol-high,long-trace-final,all-arms,dynamic,Omega_hat_StateLoad,48229717663,1
dynamic::gpt-5.6-sol-high::all-arms::Omega_hat_StateLoad,gpt-5.6-sol-high::codecontests-test-1620g::inside-loop-state,codecontests-test-1620g,f68b5d2afda3ef6b63ec68b53e390dc857f47e5bdf2f3f2e1081414a31775f0d:d17fc49cd397378f23ba09a1d25ed63dd16e1ca27e2fef716941dab7e3d260e9:clang-18.1.8-coverage-state-load-v1,gpt-5.6-sol-high,inside-loop-state,all-arms,dynamic,Omega_hat_StateLoad,10033525628,1
dynamic::gpt-5.6-sol-high::all-arms::Omega_hat_StateLoad,gpt-5.6-sol-high::codecontests-validation-1552g::short-trace-final,codecontests-validation-1552g,89b65341f1c6fe3a0a9df0a69ade235027daa7f39d3002954f6f632919791b3f:6575c487ddb8c661ec94ac0aa126db71015d196d35a568acfd62ad87a004ec72:clang-18.1.8-coverage-state-load-v1,gpt-5.6-sol-high,short-trace-final,all-arms,dynamic,Omega_hat_StateLoad,95040,1
dynamic::gpt-5.6-sol-high::all-arms::Omega_hat_StateLoad,gpt-5.6-sol-high::codecontests-validation-1552g::long-trace-final,codecontests-validation-1552g,89b65341f1c6fe3a0a9df0a69ade235027daa7f39d3002954f6f632919791b3f:a23a879e789c630dbbae0133f0eb5577c8e5e3a711d2d32ec6d6c244f930f0a1:clang-18.1.8-coverage-state-load-v1,gpt-5.6-sol-high,long-trace-final,all-arms,dynamic,Omega_hat_StateLoad,351855,1
dynamic::gpt-5.6-sol-high::all-arms::Omega_hat_StateLoad,gpt-5.6-sol-high::codecontests-validation-1552g::post-loop-state,codecontests-validation-1552g,b5f0a9481460f80246bf1a24dda90224f8dc49a793565d9ab27a357e86c4e053:a23a879e789c630dbbae0133f0eb5577c8e5e3a711d2d32ec6d6c244f930f0a1:clang-18.1.8-coverage-state-load-v1,gpt-5.6-sol-high,post-loop-state,all-arms,dynamic,Omega_hat_StateLoad,56528,1
dynamic::gpt-5.6-sol-high::all-arms::Omega_hat_StateLoad,gpt-5.6-sol-high::codecontests-validation-1552g::inside-loop-state,codecontests-validation-1552g,feb96da038972104d010503bb0068d9694d4cebae2d34993c61d2dcd7002c600:a23a879e789c630dbbae0133f0eb5577c8e5e3a711d2d32ec6d6c244f930f0a1:clang-18.1.8-coverage-state-load-v1,gpt-5.6-sol-high,inside-loop-state,all-arms,dynamic,Omega_hat_StateLoad,54746,1
dynamic::gpt-5.6-sol-high::all-arms::Omega_hat_StateLoad,gpt-5.6-sol-high::codecontests-validation-1553h::inside-loop-state,codecontests-validation-1553h,261f2a5460690985d0feaadb3435366c997ed89f15809dc921c0a13726ae899d:37a901c4f91c375e5b2ce915089751f68aa2f80e3a9590fee8edc1247ea80612:clang-18.1.8-coverage-state-load-v1,gpt-5.6-sol-high,inside-loop-state,all-arms,dynamic,Omega_hat_StateLoad,270178,1
dynamic::gpt-5.6-sol-high::all-arms::Omega_hat_StateLoad,gpt-5.6-sol-high::codecontests-validation-1553h::long-trace-final,codecontests-validation-1553h,6e44abb67b8129df7e6c9c2bb7f0603020a46107f0b5aaa85480dcf00b6d8ee5:37a901c4f91c375e5b2ce915089751f68aa2f80e3a9590fee8edc1247ea80612:clang-18.1.8-coverage-state-load-v1,gpt-5.6-sol-high,long-trace-final,all-arms,dynamic,Omega_hat_StateLoad,288995,1
dynamic::gpt-5.6-sol-high::all-arms::Omega_hat_StateLoad,gpt-5.6-sol-high::codecontests-validation-1553h::short-trace-final,codecontests-validation-1553h,6e44abb67b8129df7e6c9c2bb7f0603020a46107f0b5aaa85480dcf00b6d8ee5:4f701d041f6b57b35a63af3be10f040298aa86385ad4da04b1daa6df2663a712:clang-18.1.8-coverage-state-load-v1,gpt-5.6-sol-high,short-trace-final,all-arms,dynamic,Omega_hat_StateLoad,7814,1
dynamic::gpt-5.6-sol-high::all-arms::Omega_hat_StateLoad,gpt-5.6-sol-high::codecontests-validation-1553h::post-loop-state,codecontests-validation-1553h,a0fc871a1b48fb4e584cbafab20aa03968f5864a8503fcc17f35616d670b41fb:37a901c4f91c375e5b2ce915089751f68aa2f80e3a9590fee8edc1247ea80612:clang-18.1.8-coverage-state-load-v1,gpt-5.6-sol-high,post-loop-state,all-arms,dynamic,Omega_hat_StateLoad,275715,1
dynamic::gpt-5.6-sol-high::all-arms::Omega_hat_StateLoad,gpt-5.6-sol-high::codecontests-validation-1556f::inside-loop-state,codecontests-validation-1556f,0e7c6745273acd61e256dc45eed260d91a4acbd2606e470d7a226f83219ed9a3:360f25d334dd3eaa6f292d435c7982dff837d18936d1fefe83699b0b1d6fbc85:clang-18.1.8-coverage-state-load-v1,gpt-5.6-sol-high,inside-loop-state,all-arms,dynamic,Omega_hat_StateLoad,329414216,0
dynamic::gpt-5.6-sol-high::all-arms::Omega_hat_StateLoad,gpt-5.6-sol-high::codecontests-validation-1556f::post-loop-state,codecontests-validation-1556f,355b4d9cf793a850c31de90bbad276f4be650b3ce01e56f464054f85d4c2ec45:360f25d334dd3eaa6f292d435c7982dff837d18936d1fefe83699b0b1d6fbc85:clang-18.1.8-coverage-state-load-v1,gpt-5.6-sol-high,post-loop-state,all-arms,dynamic,Omega_hat_StateLoad,28447327936,0
dynamic::gpt-5.6-sol-high::all-arms::Omega_hat_StateLoad,gpt-5.6-sol-high::codecontests-validation-1556f::long-trace-final,codecontests-validation-1556f,67dbad2177030b263347ba9ff0c3aa5d2e1eb57d456d177fad25eee3f31a9a76:360f25d334dd3eaa6f292d435c7982dff837d18936d1fefe83699b0b1d6fbc85:clang-18.1.8-coverage-state-load-v1,gpt-5.6-sol-high,long-trace-final,all-arms,dynamic,Omega_hat_StateLoad,29408855404,0
dynamic::gpt-5.6-sol-high::all-arms::Omega_hat_StateLoad,gpt-5.6-sol-high::codecontests-validation-1556f::short-trace-final,codecontests-validation-1556f,67dbad2177030b263347ba9ff0c3aa5d2e1eb57d456d177fad25eee3f31a9a76:fdcb27265764b2a73c62380d364aa177b18028a2d6fffe621bac5a23affde265:clang-18.1.8-coverage-state-load-v1,gpt-5.6-sol-high,short-trace-final,all-arms,dynamic,Omega_hat_StateLoad,14256,1
dynamic::gpt-5.6-sol-high::all-arms::Omega_hat_StateLoad,gpt-5.6-sol-high::codecontests-validation-1567f::inside-loop-state,codecontests-validation-1567f,05cf93795d2245abb6f842b4f278fe70746b159f5aba398e285981a3d3ab0415:5ca513ae33f231741e8f5bce074557104f0ac96debe4329731eb41fe859f6fa9:clang-18.1.8-coverage-state-load-v1,gpt-5.6-sol-high,inside-loop-state,all-arms,dynamic,Omega_hat_StateLoad,978954476445,1
dynamic::gpt-5.6-sol-high::all-arms::Omega_hat_StateLoad,gpt-5.6-sol-high::codecontests-validation-1567f::long-trace-final,codecontests-validation-1567f,1d2e0467d959ffad5c713fa10c2142c44b5f542e00ce390504aea6f73e976053:5ca513ae33f231741e8f5bce074557104f0ac96debe4329731eb41fe859f6fa9:clang-18.1.8-coverage-state-load-v1,gpt-5.6-sol-high,long-trace-final,all-arms,dynamic,Omega_hat_StateLoad,981523833176,1
dynamic::gpt-5.6-sol-high::all-arms::Omega_hat_StateLoad,gpt-5.6-sol-high::codecontests-validation-1567f::short-trace-final,codecontests-validation-1567f,1d2e0467d959ffad5c713fa10c2142c44b5f542e00ce390504aea6f73e976053:8ac1f9fa9e2847575b2ced3fd892b2845557a6c485f5fa9413a699b8efbc3ad3:clang-18.1.8-coverage-state-load-v1,gpt-5.6-sol-high,short-trace-final,all-arms,dynamic,Omega_hat_StateLoad,977810827294,1
dynamic::gpt-5.6-sol-high::all-arms::Omega_hat_StateLoad,gpt-5.6-sol-high::codecontests-validation-1567f::post-loop-state,codecontests-validation-1567f,91b04a25af0d8354eca4b22a5c307be7e0d71719c1e56c1036c67f37cec6a7d0:5ca513ae33f231741e8f5bce074557104f0ac96debe4329731eb41fe859f6fa9:clang-18.1.8-coverage-state-load-v1,gpt-5.6-sol-high,post-loop-state,all-arms,dynamic,Omega_hat_StateLoad,978984848378,1
dynamic::gpt-5.6-sol-high::all-arms::Omega_hat_StateLoad,gpt-5.6-sol-high::codecontests-validation-1569e::inside-loop-state,codecontests-validation-1569e,8c7846a3a40110fa05257b67da8e6f63f945c711305a1df88b97e8d00396db64:b5fabe923ecc6b7534566fbeb72577fd896c2d74b9374afe3bed49a16217cf73:clang-18.1.8-coverage-state-load-v1,gpt-5.6-sol-high,inside-loop-state,all-arms,dynamic,Omega_hat_StateLoad,28664383,1
dynamic::gpt-5.6-sol-high::all-arms::Omega_hat_StateLoad,gpt-5.6-sol-high::codecontests-validation-1569e::post-loop-state,codecontests-validation-1569e,b6b18517a3e59e80fb145dd8b32144c363e2872690c8f1c80a42a71bbc7adff3:b5fabe923ecc6b7534566fbeb72577fd896c2d74b9374afe3bed49a16217cf73:clang-18.1.8-coverage-state-load-v1,gpt-5.6-sol-high,post-loop-state,all-arms,dynamic,Omega_hat_StateLoad,314421572899,1
dynamic::gpt-5.6-sol-high::all-arms::Omega_hat_StateLoad,gpt-5.6-sol-high::codecontests-validation-1569e::short-trace-final,codecontests-validation-1569e,d7b30d4383431a38ca1bd0ea4847aec892b939921afb04a5e0975d8dfe5a98c9:479def58965386a05050611157259ef82bfeb49b520e8bff8f6ffde3b23af8a8:clang-18.1.8-coverage-state-load-v1,gpt-5.6-sol-high,short-trace-final,all-arms,dynamic,Omega_hat_StateLoad,2080621,1
dynamic::gpt-5.6-sol-high::all-arms::Omega_hat_StateLoad,gpt-5.6-sol-high::codecontests-validation-1569e::long-trace-final,codecontests-validation-1569e,d7b30d4383431a38ca1bd0ea4847aec892b939921afb04a5e0975d8dfe5a98c9:b5fabe923ecc6b7534566fbeb72577fd896c2d74b9374afe3bed49a16217cf73:clang-18.1.8-coverage-state-load-v1,gpt-5.6-sol-high,long-trace-final,all-arms,dynamic,Omega_hat_StateLoad,1344652839825,1
dynamic::gpt-5.6-sol-high::all-arms::Omega_hat_StateLoad,gpt-5.6-sol-high::codecontests-validation-1569f::long-trace-final,codecontests-validation-1569f,2301e337b5fb3f9549acef3c07f9bd5019e6234c7a2311a7c4f57763e18e5b83:0b0d290fe1c8a4b6c275d3cd68f10e26117cce6a7a535e05cb67a9483c2ca982:clang-18.1.8-coverage-state-load-v1,gpt-5.6-sol-high,long-trace-final,all-arms,dynamic,Omega_hat_StateLoad,31005550097240,1
dynamic::gpt-5.6-sol-high::all-arms::Omega_hat_StateLoad,gpt-5.6-sol-high::codecontests-validation-1569f::short-trace-final,codecontests-validation-1569f,2301e337b5fb3f9549acef3c07f9bd5019e6234c7a2311a7c4f57763e18e5b83:26b7657bcd3b796488b0a9677b14cced50fbbf3da549885bc44c2917cf610cff:clang-18.1.8-coverage-state-load-v1,gpt-5.6-sol-high,short-trace-final,all-arms,dynamic,Omega_hat_StateLoad,30961555303243,1
dynamic::gpt-5.6-sol-high::all-arms::Omega_hat_StateLoad,gpt-5.6-sol-high::codecontests-validation-1569f::post-loop-state,codecontests-validation-1569f,9b44483ac309757aa4c354b7152a87dcbcef7f14befc99fd5d5420fba2550477:0b0d290fe1c8a4b6c275d3cd68f10e26117cce6a7a535e05cb67a9483c2ca982:clang-18.1.8-coverage-state-load-v1,gpt-5.6-sol-high,post-loop-state,all-arms,dynamic,Omega_hat_StateLoad,30965722726988,1
dynamic::gpt-5.6-sol-high::all-arms::Omega_hat_StateLoad,gpt-5.6-sol-high::codecontests-validation-1569f::inside-loop-state,codecontests-validation-1569f,bd6341080b17f11d66607db0012ce4f3cf4107ce205c35c39ff21ea2a4d40857:0b0d290fe1c8a4b6c275d3cd68f10e26117cce6a7a535e05cb67a9483c2ca982:clang-18.1.8-coverage-state-load-v1,gpt-5.6-sol-high,inside-loop-state,all-arms,dynamic,Omega_hat_StateLoad,30965699084189,1
dynamic::gpt-5.6-sol-high::all-arms::Omega_hat_StateLoad,gpt-5.6-sol-high::codecontests-validation-1572d::post-loop-state,codecontests-validation-1572d,10b3ea8d407a851cbb94d856638ba9ee3b5658eb0b43ab595c686887ee58e23a:2215213a1789f807060a057e634ddb262a27f09b8292f964f58f42acbe1d0616:clang-18.1.8-coverage-state-load-v1,gpt-5.6-sol-high,post-loop-state,all-arms,dynamic,Omega_hat_StateLoad,10976962293,0
dynamic::gpt-5.6-sol-high::all-arms::Omega_hat_StateLoad,gpt-5.6-sol-high::codecontests-validation-1572d::long-trace-final,codecontests-validation-1572d,4ef728a87836baeb0af64467718c76401006223c75d5b80c74b59eb56b109b72:2215213a1789f807060a057e634ddb262a27f09b8292f964f58f42acbe1d0616:clang-18.1.8-coverage-state-load-v1,gpt-5.6-sol-high,long-trace-final,all-arms,dynamic,Omega_hat_StateLoad,9933542529,1
dynamic::gpt-5.6-sol-high::all-arms::Omega_hat_StateLoad,gpt-5.6-sol-high::codecontests-validation-1572d::short-trace-final,codecontests-validation-1572d,4ef728a87836baeb0af64467718c76401006223c75d5b80c74b59eb56b109b72:eb418658a51efc355a88b1c44df821bcabf17ae92e052c3f3f3790755404491d:clang-18.1.8-coverage-state-load-v1,gpt-5.6-sol-high,short-trace-final,all-arms,dynamic,Omega_hat_StateLoad,4040733206,1
dynamic::gpt-5.6-sol-high::all-arms::Omega_hat_StateLoad,gpt-5.6-sol-high::codecontests-validation-1572d::inside-loop-state,codecontests-validation-1572d,e4be3de81a2d2af89166e441b8d5adf8e73d19e2c217707d996b1af00c028ff1:2215213a1789f807060a057e634ddb262a27f09b8292f964f58f42acbe1d0616:clang-18.1.8-coverage-state-load-v1,gpt-5.6-sol-high,inside-loop-state,all-arms,dynamic,Omega_hat_StateLoad,10817965812,1
dynamic::gpt-5.6-sol-high::all-arms::Omega_hat_StateLoad,gpt-5.6-sol-high::codecontests-validation-1572e::post-loop-state,codecontests-validation-1572e,437fad31af4f51960c3b7aff0ceecd6ad236aeccd08417e320d5ef307f021027:ce0eb773178bbc4bdc901ed4555433f201b9cbbd416231d7a0b82b41c1e59270:clang-18.1.8-coverage-state-load-v1,gpt-5.6-sol-high,post-loop-state,all-arms,dynamic,Omega_hat_StateLoad,284284662,1
dynamic::gpt-5.6-sol-high::all-arms::Omega_hat_StateLoad,gpt-5.6-sol-high::codecontests-validation-1572e::inside-loop-state,codecontests-validation-1572e,a29023c7f4c26bae0b4eef37581882d729a33402e3f2d96d9c4e4e82f216cc0f:ce0eb773178bbc4bdc901ed4555433f201b9cbbd416231d7a0b82b41c1e59270:clang-18.1.8-coverage-state-load-v1,gpt-5.6-sol-high,inside-loop-state,all-arms,dynamic,Omega_hat_StateLoad,268420712,1
dynamic::gpt-5.6-sol-high::all-arms::Omega_hat_StateLoad,gpt-5.6-sol-high::codecontests-validation-1572e::short-trace-final,codecontests-validation-1572e,c6871efc570f44806a970f43053b081d731f519c2b4a95b2aa54ee53df958fcf:c8391dd8e574d61edf3a7c188f1bce010f51566bb2347b029afb3faa08679767:clang-18.1.8-coverage-state-load-v1,gpt-5.6-sol-high,short-trace-final,all-arms,dynamic,Omega_hat_StateLoad,2943713730,1
dynamic::gpt-5.6-sol-high::all-arms::Omega_hat_StateLoad,gpt-5.6-sol-high::codecontests-validation-1572e::long-trace-final,codecontests-validation-1572e,c6871efc570f44806a970f43053b081d731f519c2b4a95b2aa54ee53df958fcf:ce0eb773178bbc4bdc901ed4555433f201b9cbbd416231d7a0b82b41c1e59270:clang-18.1.8-coverage-state-load-v1,gpt-5.6-sol-high,long-trace-final,all-arms,dynamic,Omega_hat_StateLoad,17161896034,1
dynamic::gpt-5.6-sol-high::all-arms::Omega_hat_StateLoad,gpt-5.6-sol-high::codecontests-validation-1574f::post-loop-state,codecontests-validation-1574f,121cb978200a7d65abf8d20a567bf9a991547f94cb17d49e90c39970b27fb179:03d3d7a8c8364341064965d240bc633999a3624096573e7dd9ff9b2e4332d221:clang-18.1.8-coverage-state-load-v1,gpt-5.6-sol-high,post-loop-state,all-arms,dynamic,Omega_hat_StateLoad,51166072353683,0
dynamic::gpt-5.6-sol-high::all-arms::Omega_hat_StateLoad,gpt-5.6-sol-high::codecontests-validation-1574f::inside-loop-state,codecontests-validation-1574f,54d2aa075790d96b16094d1110b1ff4cc42e649f39b55cf10a14e19f5a25bdd0:03d3d7a8c8364341064965d240bc633999a3624096573e7dd9ff9b2e4332d221:clang-18.1.8-coverage-state-load-v1,gpt-5.6-sol-high,inside-loop-state,all-arms,dynamic,Omega_hat_StateLoad,35511036245914,0
dynamic::gpt-5.6-sol-high::all-arms::Omega_hat_StateLoad,gpt-5.6-sol-high::codecontests-validation-1574f::long-trace-final,codecontests-validation-1574f,7daa73692acaf41812edcde3c45ecdfa6e0c91a99ce6e3557836323cf0386084:03d3d7a8c8364341064965d240bc633999a3624096573e7dd9ff9b2e4332d221:clang-18.1.8-coverage-state-load-v1,gpt-5.6-sol-high,long-trace-final,all-arms,dynamic,Omega_hat_StateLoad,29414118644551660,0
dynamic::gpt-5.6-sol-high::all-arms::Omega_hat_StateLoad,gpt-5.6-sol-high::codecontests-validation-1574f::short-trace-final,codecontests-validation-1574f,7daa73692acaf41812edcde3c45ecdfa6e0c91a99ce6e3557836323cf0386084:a00a4e49bac1dc0515ea109cbef81f6fec9f42207b2ac47d95d4f9fb95859331:clang-18.1.8-coverage-state-load-v1,gpt-5.6-sol-high,short-trace-final,all-arms,dynamic,Omega_hat_StateLoad,228330,1
dynamic::gpt-5.6-sol-high::all-arms::Omega_hat_StateSize,gpt-5.6-sol-high::codecontests-test-1580b::post-loop-state,codecontests-test-1580b,651daa060f41dcbf742f65839b776fde4796201d3b99d00773278bba61645417:01bf10bc19e4055efc275e06e8439f42cb308446a927457954f085b1c36f701a:clang-18.1.8-coverage-state-load-v1,gpt-5.6-sol-high,post-loop-state,all-arms,dynamic,Omega_hat_StateSize,1082352,1
dynamic::gpt-5.6-sol-high::all-arms::Omega_hat_StateSize,gpt-5.6-sol-high::codecontests-test-1580b::inside-loop-state,codecontests-test-1580b,de821758d705b3efd9657c5b7021e5d724533788eed2c97f5213f6ee05a90127:01bf10bc19e4055efc275e06e8439f42cb308446a927457954f085b1c36f701a:clang-18.1.8-coverage-state-load-v1,gpt-5.6-sol-high,inside-loop-state,all-arms,dynamic,Omega_hat_StateSize,1082353,1
dynamic::gpt-5.6-sol-high::all-arms::Omega_hat_StateSize,gpt-5.6-sol-high::codecontests-test-1580b::long-trace-final,codecontests-test-1580b,e49cc24f56c43dda6796ffbf38185eb1f4f689c19e9ec2b7010717fbd33f09cd:01bf10bc19e4055efc275e06e8439f42cb308446a927457954f085b1c36f701a:clang-18.1.8-coverage-state-load-v1,gpt-5.6-sol-high,long-trace-final,all-arms,dynamic,Omega_hat_StateSize,1082455,0
dynamic::gpt-5.6-sol-high::all-arms::Omega_hat_StateSize,gpt-5.6-sol-high::codecontests-test-1580b::short-trace-final,codecontests-test-1580b,e49cc24f56c43dda6796ffbf38185eb1f4f689c19e9ec2b7010717fbd33f09cd:4badc34556ceafd1c2c4699ce5b2a3bc32594a4b7e29c24a4068f61563022cdc:clang-18.1.8-coverage-state-load-v1,gpt-5.6-sol-high,short-trace-final,all-arms,dynamic,Omega_hat_StateSize,1082351,1
dynamic::gpt-5.6-sol-high::all-arms::Omega_hat_StateSize,gpt-5.6-sol-high::codecontests-test-1580f::short-trace-final,codecontests-test-1580f,14ddc455906166c8cc9ba66260dd1ee85ca6354b865eda03f0f3871dae33ae17:66cad223eb4b52b45ee49a6f14a923756f9c308fb0a2f62f02808d1d2491969e:clang-18.1.8-coverage-state-load-v1,gpt-5.6-sol-high,short-trace-final,all-arms,dynamic,Omega_hat_StateSize,840185,1
dynamic::gpt-5.6-sol-high::all-arms::Omega_hat_StateSize,gpt-5.6-sol-high::codecontests-test-1580f::long-trace-final,codecontests-test-1580f,14ddc455906166c8cc9ba66260dd1ee85ca6354b865eda03f0f3871dae33ae17:d72b57384d564b166e605cb1fe15b30202227d8df8021b4e67f0275e92852971:clang-18.1.8-coverage-state-load-v1,gpt-5.6-sol-high,long-trace-final,all-arms,dynamic,Omega_hat_StateSize,840619,1
dynamic::gpt-5.6-sol-high::all-arms::Omega_hat_StateSize,gpt-5.6-sol-high::codecontests-test-1580f::post-loop-state,codecontests-test-1580f,8526c634fe8de6d447557c0456ea3013ff50b851688579983204c869ac4dcb57:d72b57384d564b166e605cb1fe15b30202227d8df8021b4e67f0275e92852971:clang-18.1.8-coverage-state-load-v1,gpt-5.6-sol-high,post-loop-state,all-arms,dynamic,Omega_hat_StateSize,840524,1
dynamic::gpt-5.6-sol-high::all-arms::Omega_hat_StateSize,gpt-5.6-sol-high::codecontests-test-1580f::inside-loop-state,codecontests-test-1580f,bfcc98152560bffe5dfc4d96ac7ad6087d8a47a1cf596714f45a7366a323508a:d72b57384d564b166e605cb1fe15b30202227d8df8021b4e67f0275e92852971:clang-18.1.8-coverage-state-load-v1,gpt-5.6-sol-high,inside-loop-state,all-arms,dynamic,Omega_hat_StateSize,840524,1
dynamic::gpt-5.6-sol-high::all-arms::Omega_hat_StateSize,gpt-5.6-sol-high::codecontests-test-1586f::long-trace-final,codecontests-test-1586f,50fa6366595a53ba7e82bd4bc65563c718c29a2a4b9c1b4e6f80fab5bdeabd90:e7a0a218331b68b73ad7ba079fd54be2a7cd8090a6e96eba3f4ee3001dc1d2dc:clang-18.1.8-coverage-state-load-v1,gpt-5.6-sol-high,long-trace-final,all-arms,dynamic,Omega_hat_StateSize,1011696,0
dynamic::gpt-5.6-sol-high::all-arms::Omega_hat_StateSize,gpt-5.6-sol-high::codecontests-test-1586f::short-trace-final,codecontests-test-1586f,50fa6366595a53ba7e82bd4bc65563c718c29a2a4b9c1b4e6f80fab5bdeabd90:ece3d232c1ca9ef8a80b6fdb1585b8f5cf653b9dd023b0521c8da64db859ffac:clang-18.1.8-coverage-state-load-v1,gpt-5.6-sol-high,short-trace-final,all-arms,dynamic,Omega_hat_StateSize,1011054,1
dynamic::gpt-5.6-sol-high::all-arms::Omega_hat_StateSize,gpt-5.6-sol-high::codecontests-test-1586f::inside-loop-state,codecontests-test-1586f,c2fff1ad8c28452ca3e75e2efc59934a22d91572d3cde13bc7c743de6d34b147:e7a0a218331b68b73ad7ba079fd54be2a7cd8090a6e96eba3f4ee3001dc1d2dc:clang-18.1.8-coverage-state-load-v1,gpt-5.6-sol-high,inside-loop-state,all-arms,dynamic,Omega_hat_StateSize,1011696,1
dynamic::gpt-5.6-sol-high::all-arms::Omega_hat_StateSize,gpt-5.6-sol-high::codecontests-test-1586f::post-loop-state,codecontests-test-1586f,cf6f023469c0bb5ffbb00877e5468516893961999aa07f0ecb8ade5ed40b2096:e7a0a218331b68b73ad7ba079fd54be2a7cd8090a6e96eba3f4ee3001dc1d2dc:clang-18.1.8-coverage-state-load-v1,gpt-5.6-sol-high,post-loop-state,all-arms,dynamic,Omega_hat_StateSize,1011696,1
dynamic::gpt-5.6-sol-high::all-arms::Omega_hat_StateSize,gpt-5.6-sol-high::codecontests-test-1598f::short-trace-final,codecontests-test-1598f,c86397161467c48a05a8a1c3b9d9cdc968122973e7759a52edbfee55607a0c48:0c302e793e9db86915c6163fbabb9d0a9976859eb54448cb12f96c3a4ff52328:clang-18.1.8-coverage-state-load-v1,gpt-5.6-sol-high,short-trace-final,all-arms,dynamic,Omega_hat_StateSize,20,1
dynamic::gpt-5.6-sol-high::all-arms::Omega_hat_StateSize,gpt-5.6-sol-high::codecontests-test-1598f::long-trace-final,codecontests-test-1598f,c86397161467c48a05a8a1c3b9d9cdc968122973e7759a52edbfee55607a0c48:7035767df0d876ec6a211af258eda3b340f5ba719f1d3c8f30d890596458ed17:clang-18.1.8-coverage-state-load-v1,gpt-5.6-sol-high,long-trace-final,all-arms,dynamic,Omega_hat_StateSize,1483,1
dynamic::gpt-5.6-sol-high::all-arms::Omega_hat_StateSize,gpt-5.6-sol-high::codecontests-test-1598f::post-loop-state,codecontests-test-1598f,cb278e842ab865add5e5b08afeae6d96c07cdcbf64ca0a38de643e3879f68585:7035767df0d876ec6a211af258eda3b340f5ba719f1d3c8f30d890596458ed17:clang-18.1.8-coverage-state-load-v1,gpt-5.6-sol-high,post-loop-state,all-arms,dynamic,Omega_hat_StateSize,1199,1
dynamic::gpt-5.6-sol-high::all-arms::Omega_hat_StateSize,gpt-5.6-sol-high::codecontests-test-1598f::inside-loop-state,codecontests-test-1598f,f41875fa3f7692eefec1a62e67928717fb5e40acf042c603e3120e581750a59b:7035767df0d876ec6a211af258eda3b340f5ba719f1d3c8f30d890596458ed17:clang-18.1.8-coverage-state-load-v1,gpt-5.6-sol-high,inside-loop-state,all-arms,dynamic,Omega_hat_StateSize,1199,1
dynamic::gpt-5.6-sol-high::all-arms::Omega_hat_StateSize,gpt-5.6-sol-high::codecontests-test-1599d::inside-loop-state,codecontests-test-1599d,0a2dad56c9e815f7f708d26c2a62b89ce07f5ea76c71a50f36d86924cf05b943:e4a285c493f93a570627f5a05671eae6a4363f4464831e0f98d5ba3690d0ee67:clang-18.1.8-coverage-state-load-v1,gpt-5.6-sol-high,inside-loop-state,all-arms,dynamic,Omega_hat_StateSize,4002178,1
dynamic::gpt-5.6-sol-high::all-arms::Omega_hat_StateSize,gpt-5.6-sol-high::codecontests-test-1599d::short-trace-final,codecontests-test-1599d,933b32aa65d3b25d1afa06e801f5b72dff619eaf7fc4ac6a4a0270e85d49214c:665093871dbe3de8e75d8a816a8378ca11e9e560947ddf4d94207a1e2173820b:clang-18.1.8-coverage-state-load-v1,gpt-5.6-sol-high,short-trace-final,all-arms,dynamic,Omega_hat_StateSize,4002117,1
dynamic::gpt-5.6-sol-high::all-arms::Omega_hat_StateSize,gpt-5.6-sol-high::codecontests-test-1599d::long-trace-final,codecontests-test-1599d,933b32aa65d3b25d1afa06e801f5b72dff619eaf7fc4ac6a4a0270e85d49214c:e4a285c493f93a570627f5a05671eae6a4363f4464831e0f98d5ba3690d0ee67:clang-18.1.8-coverage-state-load-v1,gpt-5.6-sol-high,long-trace-final,all-arms,dynamic,Omega_hat_StateSize,4002178,1
dynamic::gpt-5.6-sol-high::all-arms::Omega_hat_StateSize,gpt-5.6-sol-high::codecontests-test-1599d::post-loop-state,codecontests-test-1599d,aa9020619d95e0c11306c231f42dc16fbedc1b8833557cfba9a3855ceab5d625:e4a285c493f93a570627f5a05671eae6a4363f4464831e0f98d5ba3690d0ee67:clang-18.1.8-coverage-state-load-v1,gpt-5.6-sol-high,post-loop-state,all-arms,dynamic,Omega_hat_StateSize,4002178,1
dynamic::gpt-5.6-sol-high::all-arms::Omega_hat_StateSize,gpt-5.6-sol-high::codecontests-test-1599j::post-loop-state,codecontests-test-1599j,3435dafe215df6aaa0d67c6cfc947efc0a0e44650fe50967a6ba0b248d4b7fe6:cf6d365ac492de069f119d50091851656ea5679fa08c558d3f071a383b4e0df0:clang-18.1.8-coverage-state-load-v1,gpt-5.6-sol-high,post-loop-state,all-arms,dynamic,Omega_hat_StateSize,522,1
dynamic::gpt-5.6-sol-high::all-arms::Omega_hat_StateSize,gpt-5.6-sol-high::codecontests-test-1599j::short-trace-final,codecontests-test-1599j,ab4e36e90fc02ef9ec4e2ca7dec9cf4caee8e6aaeed78b0ea3ac83c28ac8147c:15a15c047478f3e0e3cab6ed3f632a29e89952fba136b5a78394d1c0ad79c6e5:clang-18.1.8-coverage-state-load-v1,gpt-5.6-sol-high,short-trace-final,all-arms,dynamic,Omega_hat_StateSize,70,1
dynamic::gpt-5.6-sol-high::all-arms::Omega_hat_StateSize,gpt-5.6-sol-high::codecontests-test-1599j::long-trace-final,codecontests-test-1599j,ab4e36e90fc02ef9ec4e2ca7dec9cf4caee8e6aaeed78b0ea3ac83c28ac8147c:cf6d365ac492de069f119d50091851656ea5679fa08c558d3f071a383b4e0df0:clang-18.1.8-coverage-state-load-v1,gpt-5.6-sol-high,long-trace-final,all-arms,dynamic,Omega_hat_StateSize,930,1
dynamic::gpt-5.6-sol-high::all-arms::Omega_hat_StateSize,gpt-5.6-sol-high::codecontests-test-1599j::inside-loop-state,codecontests-test-1599j,b327432c0b51f79599142f457651ed07c753892f7bc8fc32eae261455a14a8df:cf6d365ac492de069f119d50091851656ea5679fa08c558d3f071a383b4e0df0:clang-18.1.8-coverage-state-load-v1,gpt-5.6-sol-high,inside-loop-state,all-arms,dynamic,Omega_hat_StateSize,479,1
dynamic::gpt-5.6-sol-high::all-arms::Omega_hat_StateSize,gpt-5.6-sol-high::codecontests-test-1603e::long-trace-final,codecontests-test-1603e,d7fe25a19d626e555247a54b1650138c821111d60e20cca5c73ec3112ca1e525:16115f14b1d3589d0841b36fa922b477b58347dad5e3d021df0ae33ab64fa7a6:clang-18.1.8-coverage-state-load-v1,gpt-5.6-sol-high,long-trace-final,all-arms,dynamic,Omega_hat_StateSize,1478716,0
dynamic::gpt-5.6-sol-high::all-arms::Omega_hat_StateSize,gpt-5.6-sol-high::codecontests-test-1603e::short-trace-final,codecontests-test-1603e,d7fe25a19d626e555247a54b1650138c821111d60e20cca5c73ec3112ca1e525:56128c78d54bd858b1f0a7710cc6ed6c0ee23efbe9034d42dc8ce6339a26f6bf:clang-18.1.8-coverage-state-load-v1,gpt-5.6-sol-high,short-trace-final,all-arms,dynamic,Omega_hat_StateSize,1478716,1
dynamic::gpt-5.6-sol-high::all-arms::Omega_hat_StateSize,gpt-5.6-sol-high::codecontests-test-1603e::inside-loop-state,codecontests-test-1603e,f3186b205da6d6dcc9ea29d1c2d2e8b3e694f96a5c55cf87108c065fb309d17d:16115f14b1d3589d0841b36fa922b477b58347dad5e3d021df0ae33ab64fa7a6:clang-18.1.8-coverage-state-load-v1,gpt-5.6-sol-high,inside-loop-state,all-arms,dynamic,Omega_hat_StateSize,1478716,1
dynamic::gpt-5.6-sol-high::all-arms::Omega_hat_StateSize,gpt-5.6-sol-high::codecontests-test-1603e::post-loop-state,codecontests-test-1603e,f412e755c350f9ce1c88cfff52e57c62ae92474f822504d6558ee65de9e4ed4d:16115f14b1d3589d0841b36fa922b477b58347dad5e3d021df0ae33ab64fa7a6:clang-18.1.8-coverage-state-load-v1,gpt-5.6-sol-high,post-loop-state,all-arms,dynamic,Omega_hat_StateSize,1478716,1
dynamic::gpt-5.6-sol-high::all-arms::Omega_hat_StateSize,gpt-5.6-sol-high::codecontests-test-1608e::short-trace-final,codecontests-test-1608e,646dbc65fdea7bc8e3170908e4578902800b470e97d05e2454f0d26884e92df7:a2f5b5c4b5f17740e75fa5913cbf0bcde3191c7cb615765a3dfa89ab90e0e728:clang-18.1.8-coverage-state-load-v1,gpt-5.6-sol-high,short-trace-final,all-arms,dynamic,Omega_hat_StateSize,25200111,1
dynamic::gpt-5.6-sol-high::all-arms::Omega_hat_StateSize,gpt-5.6-sol-high::codecontests-test-1608e::long-trace-final,codecontests-test-1608e,646dbc65fdea7bc8e3170908e4578902800b470e97d05e2454f0d26884e92df7:f55be964bd2cc68afe5b9ad8f942604e10918169e7160750406727f80984c504:clang-18.1.8-coverage-state-load-v1,gpt-5.6-sol-high,long-trace-final,all-arms,dynamic,Omega_hat_StateSize,25200169,1
dynamic::gpt-5.6-sol-high::all-arms::Omega_hat_StateSize,gpt-5.6-sol-high::codecontests-test-1608e::inside-loop-state,codecontests-test-1608e,667c28dbcfd364ae586ae9cd21bf6fd959db38f0147f2a6cb6289ec447eb9a22:f55be964bd2cc68afe5b9ad8f942604e10918169e7160750406727f80984c504:clang-18.1.8-coverage-state-load-v1,gpt-5.6-sol-high,inside-loop-state,all-arms,dynamic,Omega_hat_StateSize,25200162,1
dynamic::gpt-5.6-sol-high::all-arms::Omega_hat_StateSize,gpt-5.6-sol-high::codecontests-test-1608e::post-loop-state,codecontests-test-1608e,b3c2da25bedf53cb9761b05fae26f46e4cf88607b5e31132dd26180b52bbaf2b:f55be964bd2cc68afe5b9ad8f942604e10918169e7160750406727f80984c504:clang-18.1.8-coverage-state-load-v1,gpt-5.6-sol-high,post-loop-state,all-arms,dynamic,Omega_hat_StateSize,25200162,1
dynamic::gpt-5.6-sol-high::all-arms::Omega_hat_StateSize,gpt-5.6-sol-high::codecontests-test-1608f::short-trace-final,codecontests-test-1608f,3b1188cf9f4294e77fd38eb7d8098dfcfb19fbdd0ef6e9a3fe8d63adfeb2abbf:8ad616db4fe9bd467b7ab16879f97c77503d2b22431ce9705293bfe707f20a7f:clang-18.1.8-coverage-state-load-v1,gpt-5.6-sol-high,short-trace-final,all-arms,dynamic,Omega_hat_StateSize,457776,1
dynamic::gpt-5.6-sol-high::all-arms::Omega_hat_StateSize,gpt-5.6-sol-high::codecontests-test-1608f::long-trace-final,codecontests-test-1608f,3b1188cf9f4294e77fd38eb7d8098dfcfb19fbdd0ef6e9a3fe8d63adfeb2abbf:b3e5d9410e92ec6feb64678dbc4fc691cb4660d89a83baf0e0a219123c05b450:clang-18.1.8-coverage-state-load-v1,gpt-5.6-sol-high,long-trace-final,all-arms,dynamic,Omega_hat_StateSize,457776,0
dynamic::gpt-5.6-sol-high::all-arms::Omega_hat_StateSize,gpt-5.6-sol-high::codecontests-test-1608f::inside-loop-state,codecontests-test-1608f,9864fd100347bbad0e115c788da3250c68253007614da622a5ee02799527370f:b3e5d9410e92ec6feb64678dbc4fc691cb4660d89a83baf0e0a219123c05b450:clang-18.1.8-coverage-state-load-v1,gpt-5.6-sol-high,inside-loop-state,all-arms,dynamic,Omega_hat_StateSize,463089,0
dynamic::gpt-5.6-sol-high::all-arms::Omega_hat_StateSize,gpt-5.6-sol-high::codecontests-test-1608f::post-loop-state,codecontests-test-1608f,ef77878c7f3b869738b3ff6a4965c679f33909d0914e136f66f6c522b7b20c01:b3e5d9410e92ec6feb64678dbc4fc691cb4660d89a83baf0e0a219123c05b450:clang-18.1.8-coverage-state-load-v1,gpt-5.6-sol-high,post-loop-state,all-arms,dynamic,Omega_hat_StateSize,463088,0
dynamic::gpt-5.6-sol-high::all-arms::Omega_hat_StateSize,gpt-5.6-sol-high::codecontests-test-1615g::post-loop-state,codecontests-test-1615g,0933389f16bc0f8f1a15f83914fd800b2881de1ed6b02e9104c48207b1cde312:73a6420953313f0860ecac8f963f63bd594f27eacb54f75047c6e7f224445982:clang-18.1.8-coverage-state-load-v1,gpt-5.6-sol-high,post-loop-state,all-arms,dynamic,Omega_hat_StateSize,1108,1
dynamic::gpt-5.6-sol-high::all-arms::Omega_hat_StateSize,gpt-5.6-sol-high::codecontests-test-1615g::inside-loop-state,codecontests-test-1615g,acc1b2cc8cfb5ad702c4fd69f49f49e609d604888c2fc3c44a8fa83a57d3de81:73a6420953313f0860ecac8f963f63bd594f27eacb54f75047c6e7f224445982:clang-18.1.8-coverage-state-load-v1,gpt-5.6-sol-high,inside-loop-state,all-arms,dynamic,Omega_hat_StateSize,1108,0
dynamic::gpt-5.6-sol-high::all-arms::Omega_hat_StateSize,gpt-5.6-sol-high::codecontests-test-1615g::long-trace-final,codecontests-test-1615g,ad373333e07dc4e3b058568facb985af09bac3ef8991907c430b33236999f394:73a6420953313f0860ecac8f963f63bd594f27eacb54f75047c6e7f224445982:clang-18.1.8-coverage-state-load-v1,gpt-5.6-sol-high,long-trace-final,all-arms,dynamic,Omega_hat_StateSize,1108,1
dynamic::gpt-5.6-sol-high::all-arms::Omega_hat_StateSize,gpt-5.6-sol-high::codecontests-test-1615g::short-trace-final,codecontests-test-1615g,ad373333e07dc4e3b058568facb985af09bac3ef8991907c430b33236999f394:8b8d92f6cd116121a9e352a9d6bbbeea5f82cc1c848aaea202eee9901fb39d86:clang-18.1.8-coverage-state-load-v1,gpt-5.6-sol-high,short-trace-final,all-arms,dynamic,Omega_hat_StateSize,70,1
dynamic::gpt-5.6-sol-high::all-arms::Omega_hat_StateSize,gpt-5.6-sol-high::codecontests-test-1615h::post-loop-state,codecontests-test-1615h,6bac151ec0f25226a8145178cf0e367fb811beb86ff6196070e20565c4d00642:76e3b7b1ea299988012bab23cbfde0d8790d1c57e7f0994947beee3f546bc9a5:clang-18.1.8-coverage-state-load-v1,gpt-5.6-sol-high,post-loop-state,all-arms,dynamic,Omega_hat_StateSize,32763,0
dynamic::gpt-5.6-sol-high::all-arms::Omega_hat_StateSize,gpt-5.6-sol-high::codecontests-test-1615h::long-trace-final,codecontests-test-1615h,a71a99b21177af38ad289c00ff979be40a690e727f285153ed3faee690b3a321:76e3b7b1ea299988012bab23cbfde0d8790d1c57e7f0994947beee3f546bc9a5:clang-18.1.8-coverage-state-load-v1,gpt-5.6-sol-high,long-trace-final,all-arms,dynamic,Omega_hat_StateSize,32835,1
dynamic::gpt-5.6-sol-high::all-arms::Omega_hat_StateSize,gpt-5.6-sol-high::codecontests-test-1615h::short-trace-final,codecontests-test-1615h,a71a99b21177af38ad289c00ff979be40a690e727f285153ed3faee690b3a321:7f143eea0a3c840bf12e8184b4972d492f981fbb9a266339cd86299dae1d4413:clang-18.1.8-coverage-state-load-v1,gpt-5.6-sol-high,short-trace-final,all-arms,dynamic,Omega_hat_StateSize,32724,1
dynamic::gpt-5.6-sol-high::all-arms::Omega_hat_StateSize,gpt-5.6-sol-high::codecontests-test-1615h::inside-loop-state,codecontests-test-1615h,bb1f2ab66b584a159dee436bfee61e9740c864d881dce54d93f0220164d96c1a:76e3b7b1ea299988012bab23cbfde0d8790d1c57e7f0994947beee3f546bc9a5:clang-18.1.8-coverage-state-load-v1,gpt-5.6-sol-high,inside-loop-state,all-arms,dynamic,Omega_hat_StateSize,32763,0
dynamic::gpt-5.6-sol-high::all-arms::Omega_hat_StateSize,gpt-5.6-sol-high::codecontests-test-1617e::inside-loop-state,codecontests-test-1617e,395db0129fb099ac1b5af30458379f3c64b2c8e1ba3267544689e9a721e0a1a2:f34973899b03d91dd93fd9ca7bca992fc2b381fea1800c11fc29bf25c01efe97:clang-18.1.8-coverage-state-load-v1,gpt-5.6-sol-high,inside-loop-state,all-arms,dynamic,Omega_hat_StateSize,200204,1
dynamic::gpt-5.6-sol-high::all-arms::Omega_hat_StateSize,gpt-5.6-sol-high::codecontests-test-1617e::post-loop-state,codecontests-test-1617e,a34fa455cb2724c38f9fc74f8d38161dbfbff4a0a0d9c9c94c1bfa734b45a015:f34973899b03d91dd93fd9ca7bca992fc2b381fea1800c11fc29bf25c01efe97:clang-18.1.8-coverage-state-load-v1,gpt-5.6-sol-high,post-loop-state,all-arms,dynamic,Omega_hat_StateSize,200231,1
dynamic::gpt-5.6-sol-high::all-arms::Omega_hat_StateSize,gpt-5.6-sol-high::codecontests-test-1617e::short-trace-final,codecontests-test-1617e,c416bb8d3b25fd4c76bdb6e17ff595707f9479e2af79b63f90090979b8df2512:7a8e064d952789abfdfd6043d44530bd5de0228d7963b1c4a3a194695b246bdd:clang-18.1.8-coverage-state-load-v1,gpt-5.6-sol-high,short-trace-final,all-arms,dynamic,Omega_hat_StateSize,200424,1
dynamic::gpt-5.6-sol-high::all-arms::Omega_hat_StateSize,gpt-5.6-sol-high::codecontests-test-1617e::long-trace-final,codecontests-test-1617e,c416bb8d3b25fd4c76bdb6e17ff595707f9479e2af79b63f90090979b8df2512:f34973899b03d91dd93fd9ca7bca992fc2b381fea1800c11fc29bf25c01efe97:clang-18.1.8-coverage-state-load-v1,gpt-5.6-sol-high,long-trace-final,all-arms,dynamic,Omega_hat_StateSize,201774,1
dynamic::gpt-5.6-sol-high::all-arms::Omega_hat_StateSize,gpt-5.6-sol-high::codecontests-test-1620g::post-loop-state,codecontests-test-1620g,90b42a3a02b64368871b040777d72a1fae560ae9bae9612e2ab271e58b363cec:d17fc49cd397378f23ba09a1d25ed63dd16e1ca27e2fef716941dab7e3d260e9:clang-18.1.8-coverage-state-load-v1,gpt-5.6-sol-high,post-loop-state,all-arms,dynamic,Omega_hat_StateSize,8389243,1
dynamic::gpt-5.6-sol-high::all-arms::Omega_hat_StateSize,gpt-5.6-sol-high::codecontests-test-1620g::short-trace-final,codecontests-test-1620g,dc5b0364fffb69d059ac406180373038b2947bf8b018c0eb5ad6bdab89607c28:47fdb134316707b54ae926b4ba0b8e2ffa13b01f961ee3bdbd4367e9493f9d43:clang-18.1.8-coverage-state-load-v1,gpt-5.6-sol-high,short-trace-final,all-arms,dynamic,Omega_hat_StateSize,8389238,1
dynamic::gpt-5.6-sol-high::all-arms::Omega_hat_StateSize,gpt-5.6-sol-high::codecontests-test-1620g::long-trace-final,codecontests-test-1620g,dc5b0364fffb69d059ac406180373038b2947bf8b018c0eb5ad6bdab89607c28:d17fc49cd397378f23ba09a1d25ed63dd16e1ca27e2fef716941dab7e3d260e9:clang-18.1.8-coverage-state-load-v1,gpt-5.6-sol-high,long-trace-final,all-arms,dynamic,Omega_hat_StateSize,8389243,1
dynamic::gpt-5.6-sol-high::all-arms::Omega_hat_StateSize,gpt-5.6-sol-high::codecontests-test-1620g::inside-loop-state,codecontests-test-1620g,f68b5d2afda3ef6b63ec68b53e390dc857f47e5bdf2f3f2e1081414a31775f0d:d17fc49cd397378f23ba09a1d25ed63dd16e1ca27e2fef716941dab7e3d260e9:clang-18.1.8-coverage-state-load-v1,gpt-5.6-sol-high,inside-loop-state,all-arms,dynamic,Omega_hat_StateSize,8389243,1
dynamic::gpt-5.6-sol-high::all-arms::Omega_hat_StateSize,gpt-5.6-sol-high::codecontests-validation-1552g::short-trace-final,codecontests-validation-1552g,89b65341f1c6fe3a0a9df0a69ade235027daa7f39d3002954f6f632919791b3f:6575c487ddb8c661ec94ac0aa126db71015d196d35a568acfd62ad87a004ec72:clang-18.1.8-coverage-state-load-v1,gpt-5.6-sol-high,short-trace-final,all-arms,dynamic,Omega_hat_StateSize,239,1
dynamic::gpt-5.6-sol-high::all-arms::Omega_hat_StateSize,gpt-5.6-sol-high::codecontests-validation-1552g::long-trace-final,codecontests-validation-1552g,89b65341f1c6fe3a0a9df0a69ade235027daa7f39d3002954f6f632919791b3f:a23a879e789c630dbbae0133f0eb5577c8e5e3a711d2d32ec6d6c244f930f0a1:clang-18.1.8-coverage-state-load-v1,gpt-5.6-sol-high,long-trace-final,all-arms,dynamic,Omega_hat_StateSize,202,1
dynamic::gpt-5.6-sol-high::all-arms::Omega_hat_StateSize,gpt-5.6-sol-high::codecontests-validation-1552g::post-loop-state,codecontests-validation-1552g,b5f0a9481460f80246bf1a24dda90224f8dc49a793565d9ab27a357e86c4e053:a23a879e789c630dbbae0133f0eb5577c8e5e3a711d2d32ec6d6c244f930f0a1:clang-18.1.8-coverage-state-load-v1,gpt-5.6-sol-high,post-loop-state,all-arms,dynamic,Omega_hat_StateSize,204,1
dynamic::gpt-5.6-sol-high::all-arms::Omega_hat_StateSize,gpt-5.6-sol-high::codecontests-validation-1552g::inside-loop-state,codecontests-validation-1552g,feb96da038972104d010503bb0068d9694d4cebae2d34993c61d2dcd7002c600:a23a879e789c630dbbae0133f0eb5577c8e5e3a711d2d32ec6d6c244f930f0a1:clang-18.1.8-coverage-state-load-v1,gpt-5.6-sol-high,inside-loop-state,all-arms,dynamic,Omega_hat_StateSize,205,1
dynamic::gpt-5.6-sol-high::all-arms::Omega_hat_StateSize,gpt-5.6-sol-high::codecontests-validation-1553h::inside-loop-state,codecontests-validation-1553h,261f2a5460690985d0feaadb3435366c997ed89f15809dc921c0a13726ae899d:37a901c4f91c375e5b2ce915089751f68aa2f80e3a9590fee8edc1247ea80612:clang-18.1.8-coverage-state-load-v1,gpt-5.6-sol-high,inside-loop-state,all-arms,dynamic,Omega_hat_StateSize,212,1
dynamic::gpt-5.6-sol-high::all-arms::Omega_hat_StateSize,gpt-5.6-sol-high::codecontests-validation-1553h::long-trace-final,codecontests-validation-1553h,6e44abb67b8129df7e6c9c2bb7f0603020a46107f0b5aaa85480dcf00b6d8ee5:37a901c4f91c375e5b2ce915089751f68aa2f80e3a9590fee8edc1247ea80612:clang-18.1.8-coverage-state-load-v1,gpt-5.6-sol-high,long-trace-final,all-arms,dynamic,Omega_hat_StateSize,213,1
dynamic::gpt-5.6-sol-high::all-arms::Omega_hat_StateSize,gpt-5.6-sol-high::codecontests-validation-1553h::short-trace-final,codecontests-validation-1553h,6e44abb67b8129df7e6c9c2bb7f0603020a46107f0b5aaa85480dcf00b6d8ee5:4f701d041f6b57b35a63af3be10f040298aa86385ad4da04b1daa6df2663a712:clang-18.1.8-coverage-state-load-v1,gpt-5.6-sol-high,short-trace-final,all-arms,dynamic,Omega_hat_StateSize,42,1
dynamic::gpt-5.6-sol-high::all-arms::Omega_hat_StateSize,gpt-5.6-sol-high::codecontests-validation-1553h::post-loop-state,codecontests-validation-1553h,a0fc871a1b48fb4e584cbafab20aa03968f5864a8503fcc17f35616d670b41fb:37a901c4f91c375e5b2ce915089751f68aa2f80e3a9590fee8edc1247ea80612:clang-18.1.8-coverage-state-load-v1,gpt-5.6-sol-high,post-loop-state,all-arms,dynamic,Omega_hat_StateSize,213,1
dynamic::gpt-5.6-sol-high::all-arms::Omega_hat_StateSize,gpt-5.6-sol-high::codecontests-validation-1556f::inside-loop-state,codecontests-validation-1556f,0e7c6745273acd61e256dc45eed260d91a4acbd2606e470d7a226f83219ed9a3:360f25d334dd3eaa6f292d435c7982dff837d18936d1fefe83699b0b1d6fbc85:clang-18.1.8-coverage-state-load-v1,gpt-5.6-sol-high,inside-loop-state,all-arms,dynamic,Omega_hat_StateSize,3313,0
dynamic::gpt-5.6-sol-high::all-arms::Omega_hat_StateSize,gpt-5.6-sol-high::codecontests-validation-1556f::post-loop-state,codecontests-validation-1556f,355b4d9cf793a850c31de90bbad276f4be650b3ce01e56f464054f85d4c2ec45:360f25d334dd3eaa6f292d435c7982dff837d18936d1fefe83699b0b1d6fbc85:clang-18.1.8-coverage-state-load-v1,gpt-5.6-sol-high,post-loop-state,all-arms,dynamic,Omega_hat_StateSize,3312,0
dynamic::gpt-5.6-sol-high::all-arms::Omega_hat_StateSize,gpt-5.6-sol-high::codecontests-validation-1556f::long-trace-final,codecontests-validation-1556f,67dbad2177030b263347ba9ff0c3aa5d2e1eb57d456d177fad25eee3f31a9a76:360f25d334dd3eaa6f292d435c7982dff837d18936d1fefe83699b0b1d6fbc85:clang-18.1.8-coverage-state-load-v1,gpt-5.6-sol-high,long-trace-final,all-arms,dynamic,Omega_hat_StateSize,2289,0
dynamic::gpt-5.6-sol-high::all-arms::Omega_hat_StateSize,gpt-5.6-sol-high::codecontests-validation-1556f::short-trace-final,codecontests-validation-1556f,67dbad2177030b263347ba9ff0c3aa5d2e1eb57d456d177fad25eee3f31a9a76:fdcb27265764b2a73c62380d364aa177b18028a2d6fffe621bac5a23affde265:clang-18.1.8-coverage-state-load-v1,gpt-5.6-sol-high,short-trace-final,all-arms,dynamic,Omega_hat_StateSize,33,1
dynamic::gpt-5.6-sol-high::all-arms::Omega_hat_StateSize,gpt-5.6-sol-high::codecontests-validation-1567f::inside-loop-state,codecontests-validation-1567f,05cf93795d2245abb6f842b4f278fe70746b159f5aba398e285981a3d3ab0415:5ca513ae33f231741e8f5bce074557104f0ac96debe4329731eb41fe859f6fa9:clang-18.1.8-coverage-state-load-v1,gpt-5.6-sol-high,inside-loop-state,all-arms,dynamic,Omega_hat_StateSize,2041801,1
dynamic::gpt-5.6-sol-high::all-arms::Omega_hat_StateSize,gpt-5.6-sol-high::codecontests-validation-1567f::long-trace-final,codecontests-validation-1567f,1d2e0467d959ffad5c713fa10c2142c44b5f542e00ce390504aea6f73e976053:5ca513ae33f231741e8f5bce074557104f0ac96debe4329731eb41fe859f6fa9:clang-18.1.8-coverage-state-load-v1,gpt-5.6-sol-high,long-trace-final,all-arms,dynamic,Omega_hat_StateSize,2041833,1
dynamic::gpt-5.6-sol-high::all-arms::Omega_hat_StateSize,gpt-5.6-sol-high::codecontests-validation-1567f::short-trace-final,codecontests-validation-1567f,1d2e0467d959ffad5c713fa10c2142c44b5f542e00ce390504aea6f73e976053:8ac1f9fa9e2847575b2ced3fd892b2845557a6c485f5fa9413a699b8efbc3ad3:clang-18.1.8-coverage-state-load-v1,gpt-5.6-sol-high,short-trace-final,all-arms,dynamic,Omega_hat_StateSize,2041765,1
dynamic::gpt-5.6-sol-high::all-arms::Omega_hat_StateSize,gpt-5.6-sol-high::codecontests-validation-1567f::post-loop-state,codecontests-validation-1567f,91b04a25af0d8354eca4b22a5c307be7e0d71719c1e56c1036c67f37cec6a7d0:5ca513ae33f231741e8f5bce074557104f0ac96debe4329731eb41fe859f6fa9:clang-18.1.8-coverage-state-load-v1,gpt-5.6-sol-high,post-loop-state,all-arms,dynamic,Omega_hat_StateSize,2041801,1
dynamic::gpt-5.6-sol-high::all-arms::Omega_hat_StateSize,gpt-5.6-sol-high::codecontests-validation-1569e::inside-loop-state,codecontests-validation-1569e,8c7846a3a40110fa05257b67da8e6f63f945c711305a1df88b97e8d00396db64:b5fabe923ecc6b7534566fbeb72577fd896c2d74b9374afe3bed49a16217cf73:clang-18.1.8-coverage-state-load-v1,gpt-5.6-sol-high,inside-loop-state,all-arms,dynamic,Omega_hat_StateSize,3310,1
dynamic::gpt-5.6-sol-high::all-arms::Omega_hat_StateSize,gpt-5.6-sol-high::codecontests-validation-1569e::post-loop-state,codecontests-validation-1569e,b6b18517a3e59e80fb145dd8b32144c363e2872690c8f1c80a42a71bbc7adff3:b5fabe923ecc6b7534566fbeb72577fd896c2d74b9374afe3bed49a16217cf73:clang-18.1.8-coverage-state-load-v1,gpt-5.6-sol-high,post-loop-state,all-arms,dynamic,Omega_hat_StateSize,199318,1
dynamic::gpt-5.6-sol-high::all-arms::Omega_hat_StateSize,gpt-5.6-sol-high::codecontests-validation-1569e::short-trace-final,codecontests-validation-1569e,d7b30d4383431a38ca1bd0ea4847aec892b939921afb04a5e0975d8dfe5a98c9:479def58965386a05050611157259ef82bfeb49b520e8bff8f6ffde3b23af8a8:clang-18.1.8-coverage-state-load-v1,gpt-5.6-sol-high,short-trace-final,all-arms,dynamic,Omega_hat_StateSize,2796,1
dynamic::gpt-5.6-sol-high::all-arms::Omega_hat_StateSize,gpt-5.6-sol-high::codecontests-validation-1569e::long-trace-final,codecontests-validation-1569e,d7b30d4383431a38ca1bd0ea4847aec892b939921afb04a5e0975d8dfe5a98c9:b5fabe923ecc6b7534566fbeb72577fd896c2d74b9374afe3bed49a16217cf73:clang-18.1.8-coverage-state-load-v1,gpt-5.6-sol-high,long-trace-final,all-arms,dynamic,Omega_hat_StateSize,395926,1
dynamic::gpt-5.6-sol-high::all-arms::Omega_hat_StateSize,gpt-5.6-sol-high::codecontests-validation-1569f::long-trace-final,codecontests-validation-1569f,2301e337b5fb3f9549acef3c07f9bd5019e6234c7a2311a7c4f57763e18e5b83:0b0d290fe1c8a4b6c275d3cd68f10e26117cce6a7a535e05cb67a9483c2ca982:clang-18.1.8-coverage-state-load-v1,gpt-5.6-sol-high,long-trace-final,all-arms,dynamic,Omega_hat_StateSize,8692304,1
dynamic::gpt-5.6-sol-high::all-arms::Omega_hat_StateSize,gpt-5.6-sol-high::codecontests-validation-1569f::short-trace-final,codecontests-validation-1569f,2301e337b5fb3f9549acef3c07f9bd5019e6234c7a2311a7c4f57763e18e5b83:26b7657bcd3b796488b0a9677b14cced50fbbf3da549885bc44c2917cf610cff:clang-18.1.8-coverage-state-load-v1,gpt-5.6-sol-high,short-trace-final,all-arms,dynamic,Omega_hat_StateSize,8692110,1
dynamic::gpt-5.6-sol-high::all-arms::Omega_hat_StateSize,gpt-5.6-sol-high::codecontests-validation-1569f::post-loop-state,codecontests-validation-1569f,9b44483ac309757aa4c354b7152a87dcbcef7f14befc99fd5d5420fba2550477:0b0d290fe1c8a4b6c275d3cd68f10e26117cce6a7a535e05cb67a9483c2ca982:clang-18.1.8-coverage-state-load-v1,gpt-5.6-sol-high,post-loop-state,all-arms,dynamic,Omega_hat_StateSize,8692013,1
dynamic::gpt-5.6-sol-high::all-arms::Omega_hat_StateSize,gpt-5.6-sol-high::codecontests-validation-1569f::inside-loop-state,codecontests-validation-1569f,bd6341080b17f11d66607db0012ce4f3cf4107ce205c35c39ff21ea2a4d40857:0b0d290fe1c8a4b6c275d3cd68f10e26117cce6a7a535e05cb67a9483c2ca982:clang-18.1.8-coverage-state-load-v1,gpt-5.6-sol-high,inside-loop-state,all-arms,dynamic,Omega_hat_StateSize,8692014,1
dynamic::gpt-5.6-sol-high::all-arms::Omega_hat_StateSize,gpt-5.6-sol-high::codecontests-validation-1572d::post-loop-state,codecontests-validation-1572d,10b3ea8d407a851cbb94d856638ba9ee3b5658eb0b43ab595c686887ee58e23a:2215213a1789f807060a057e634ddb262a27f09b8292f964f58f42acbe1d0616:clang-18.1.8-coverage-state-load-v1,gpt-5.6-sol-high,post-loop-state,all-arms,dynamic,Omega_hat_StateSize,9937306,0
dynamic::gpt-5.6-sol-high::all-arms::Omega_hat_StateSize,gpt-5.6-sol-high::codecontests-validation-1572d::long-trace-final,codecontests-validation-1572d,4ef728a87836baeb0af64467718c76401006223c75d5b80c74b59eb56b109b72:2215213a1789f807060a057e634ddb262a27f09b8292f964f58f42acbe1d0616:clang-18.1.8-coverage-state-load-v1,gpt-5.6-sol-high,long-trace-final,all-arms,dynamic,Omega_hat_StateSize,9937295,1
dynamic::gpt-5.6-sol-high::all-arms::Omega_hat_StateSize,gpt-5.6-sol-high::codecontests-validation-1572d::short-trace-final,codecontests-validation-1572d,4ef728a87836baeb0af64467718c76401006223c75d5b80c74b59eb56b109b72:eb418658a51efc355a88b1c44df821bcabf17ae92e052c3f3f3790755404491d:clang-18.1.8-coverage-state-load-v1,gpt-5.6-sol-high,short-trace-final,all-arms,dynamic,Omega_hat_StateSize,9937295,1
dynamic::gpt-5.6-sol-high::all-arms::Omega_hat_StateSize,gpt-5.6-sol-high::codecontests-validation-1572d::inside-loop-state,codecontests-validation-1572d,e4be3de81a2d2af89166e441b8d5adf8e73d19e2c217707d996b1af00c028ff1:2215213a1789f807060a057e634ddb262a27f09b8292f964f58f42acbe1d0616:clang-18.1.8-coverage-state-load-v1,gpt-5.6-sol-high,inside-loop-state,all-arms,dynamic,Omega_hat_StateSize,9937306,1
dynamic::gpt-5.6-sol-high::all-arms::Omega_hat_StateSize,gpt-5.6-sol-high::codecontests-validation-1572e::post-loop-state,codecontests-validation-1572e,437fad31af4f51960c3b7aff0ceecd6ad236aeccd08417e320d5ef307f021027:ce0eb773178bbc4bdc901ed4555433f201b9cbbd416231d7a0b82b41c1e59270:clang-18.1.8-coverage-state-load-v1,gpt-5.6-sol-high,post-loop-state,all-arms,dynamic,Omega_hat_StateSize,126917,1
dynamic::gpt-5.6-sol-high::all-arms::Omega_hat_StateSize,gpt-5.6-sol-high::codecontests-validation-1572e::inside-loop-state,codecontests-validation-1572e,a29023c7f4c26bae0b4eef37581882d729a33402e3f2d96d9c4e4e82f216cc0f:ce0eb773178bbc4bdc901ed4555433f201b9cbbd416231d7a0b82b41c1e59270:clang-18.1.8-coverage-state-load-v1,gpt-5.6-sol-high,inside-loop-state,all-arms,dynamic,Omega_hat_StateSize,126917,1
dynamic::gpt-5.6-sol-high::all-arms::Omega_hat_StateSize,gpt-5.6-sol-high::codecontests-validation-1572e::short-trace-final,codecontests-validation-1572e,c6871efc570f44806a970f43053b081d731f519c2b4a95b2aa54ee53df958fcf:c8391dd8e574d61edf3a7c188f1bce010f51566bb2347b029afb3faa08679767:clang-18.1.8-coverage-state-load-v1,gpt-5.6-sol-high,short-trace-final,all-arms,dynamic,Omega_hat_StateSize,126917,1
dynamic::gpt-5.6-sol-high::all-arms::Omega_hat_StateSize,gpt-5.6-sol-high::codecontests-validation-1572e::long-trace-final,codecontests-validation-1572e,c6871efc570f44806a970f43053b081d731f519c2b4a95b2aa54ee53df958fcf:ce0eb773178bbc4bdc901ed4555433f201b9cbbd416231d7a0b82b41c1e59270:clang-18.1.8-coverage-state-load-v1,gpt-5.6-sol-high,long-trace-final,all-arms,dynamic,Omega_hat_StateSize,126917,1
dynamic::gpt-5.6-sol-high::all-arms::Omega_hat_StateSize,gpt-5.6-sol-high::codecontests-validation-1574f::post-loop-state,codecontests-validation-1574f,121cb978200a7d65abf8d20a567bf9a991547f94cb17d49e90c39970b27fb179:03d3d7a8c8364341064965d240bc633999a3624096573e7dd9ff9b2e4332d221:clang-18.1.8-coverage-state-load-v1,gpt-5.6-sol-high,post-loop-state,all-arms,dynamic,Omega_hat_StateSize,2100035,0
dynamic::gpt-5.6-sol-high::all-arms::Omega_hat_StateSize,gpt-5.6-sol-high::codecontests-validation-1574f::inside-loop-state,codecontests-validation-1574f,54d2aa075790d96b16094d1110b1ff4cc42e649f39b55cf10a14e19f5a25bdd0:03d3d7a8c8364341064965d240bc633999a3624096573e7dd9ff9b2e4332d221:clang-18.1.8-coverage-state-load-v1,gpt-5.6-sol-high,inside-loop-state,all-arms,dynamic,Omega_hat_StateSize,2100036,0
dynamic::gpt-5.6-sol-high::all-arms::Omega_hat_StateSize,gpt-5.6-sol-high::codecontests-validation-1574f::long-trace-final,codecontests-validation-1574f,7daa73692acaf41812edcde3c45ecdfa6e0c91a99ce6e3557836323cf0386084:03d3d7a8c8364341064965d240bc633999a3624096573e7dd9ff9b2e4332d221:clang-18.1.8-coverage-state-load-v1,gpt-5.6-sol-high,long-trace-final,all-arms,dynamic,Omega_hat_StateSize,11912938,0
dynamic::gpt-5.6-sol-high::all-arms::Omega_hat_StateSize,gpt-5.6-sol-high::codecontests-validation-1574f::short-trace-final,codecontests-validation-1574f,7daa73692acaf41812edcde3c45ecdfa6e0c91a99ce6e3557836323cf0386084:a00a4e49bac1dc0515ea109cbef81f6fec9f42207b2ac47d95d4f9fb95859331:clang-18.1.8-coverage-state-load-v1,gpt-5.6-sol-high,short-trace-final,all-arms,dynamic,Omega_hat_StateSize,163,1
dynamic::gpt-5.6-sol-off::all-arms::Omega_hat_NativeTrace,gpt-5.6-sol-off::codecontests-test-1580b::post-loop-state,codecontests-test-1580b,651daa060f41dcbf742f65839b776fde4796201d3b99d00773278bba61645417:01bf10bc19e4055efc275e06e8439f42cb308446a927457954f085b1c36f701a:clang-18.1.8-coverage-state-load-v1,gpt-5.6-sol-off,post-loop-state,all-arms,dynamic,Omega_hat_NativeTrace,753,1
dynamic::gpt-5.6-sol-off::all-arms::Omega_hat_NativeTrace,gpt-5.6-sol-off::codecontests-test-1580b::inside-loop-state,codecontests-test-1580b,de821758d705b3efd9657c5b7021e5d724533788eed2c97f5213f6ee05a90127:01bf10bc19e4055efc275e06e8439f42cb308446a927457954f085b1c36f701a:clang-18.1.8-coverage-state-load-v1,gpt-5.6-sol-off,inside-loop-state,all-arms,dynamic,Omega_hat_NativeTrace,839,0
dynamic::gpt-5.6-sol-off::all-arms::Omega_hat_NativeTrace,gpt-5.6-sol-off::codecontests-test-1580b::long-trace-final,codecontests-test-1580b,e49cc24f56c43dda6796ffbf38185eb1f4f689c19e9ec2b7010717fbd33f09cd:01bf10bc19e4055efc275e06e8439f42cb308446a927457954f085b1c36f701a:clang-18.1.8-coverage-state-load-v1,gpt-5.6-sol-off,long-trace-final,all-arms,dynamic,Omega_hat_NativeTrace,164275450,0
dynamic::gpt-5.6-sol-off::all-arms::Omega_hat_NativeTrace,gpt-5.6-sol-off::codecontests-test-1580b::short-trace-final,codecontests-test-1580b,e49cc24f56c43dda6796ffbf38185eb1f4f689c19e9ec2b7010717fbd33f09cd:4badc34556ceafd1c2c4699ce5b2a3bc32594a4b7e29c24a4068f61563022cdc:clang-18.1.8-coverage-state-load-v1,gpt-5.6-sol-off,short-trace-final,all-arms,dynamic,Omega_hat_NativeTrace,2095,0
dynamic::gpt-5.6-sol-off::all-arms::Omega_hat_NativeTrace,gpt-5.6-sol-off::codecontests-test-1580f::short-trace-final,codecontests-test-1580f,14ddc455906166c8cc9ba66260dd1ee85ca6354b865eda03f0f3871dae33ae17:66cad223eb4b52b45ee49a6f14a923756f9c308fb0a2f62f02808d1d2491969e:clang-18.1.8-coverage-state-load-v1,gpt-5.6-sol-off,short-trace-final,all-arms,dynamic,Omega_hat_NativeTrace,58249376,0
dynamic::gpt-5.6-sol-off::all-arms::Omega_hat_NativeTrace,gpt-5.6-sol-off::codecontests-test-1580f::long-trace-final,codecontests-test-1580f,14ddc455906166c8cc9ba66260dd1ee85ca6354b865eda03f0f3871dae33ae17:d72b57384d564b166e605cb1fe15b30202227d8df8021b4e67f0275e92852971:clang-18.1.8-coverage-state-load-v1,gpt-5.6-sol-off,long-trace-final,all-arms,dynamic,Omega_hat_NativeTrace,58258370,1
dynamic::gpt-5.6-sol-off::all-arms::Omega_hat_NativeTrace,gpt-5.6-sol-off::codecontests-test-1580f::post-loop-state,codecontests-test-1580f,8526c634fe8de6d447557c0456ea3013ff50b851688579983204c869ac4dcb57:d72b57384d564b166e605cb1fe15b30202227d8df8021b4e67f0275e92852971:clang-18.1.8-coverage-state-load-v1,gpt-5.6-sol-off,post-loop-state,all-arms,dynamic,Omega_hat_NativeTrace,58233011,0
dynamic::gpt-5.6-sol-off::all-arms::Omega_hat_NativeTrace,gpt-5.6-sol-off::codecontests-test-1580f::inside-loop-state,codecontests-test-1580f,bfcc98152560bffe5dfc4d96ac7ad6087d8a47a1cf596714f45a7366a323508a:d72b57384d564b166e605cb1fe15b30202227d8df8021b4e67f0275e92852971:clang-18.1.8-coverage-state-load-v1,gpt-5.6-sol-off,inside-loop-state,all-arms,dynamic,Omega_hat_NativeTrace,58233084,0
dynamic::gpt-5.6-sol-off::all-arms::Omega_hat_NativeTrace,gpt-5.6-sol-off::codecontests-test-1586f::long-trace-final,codecontests-test-1586f,50fa6366595a53ba7e82bd4bc65563c718c29a2a4b9c1b4e6f80fab5bdeabd90:e7a0a218331b68b73ad7ba079fd54be2a7cd8090a6e96eba3f4ee3001dc1d2dc:clang-18.1.8-coverage-state-load-v1,gpt-5.6-sol-off,long-trace-final,all-arms,dynamic,Omega_hat_NativeTrace,41386,0
dynamic::gpt-5.6-sol-off::all-arms::Omega_hat_NativeTrace,gpt-5.6-sol-off::codecontests-test-1586f::short-trace-final,codecontests-test-1586f,50fa6366595a53ba7e82bd4bc65563c718c29a2a4b9c1b4e6f80fab5bdeabd90:ece3d232c1ca9ef8a80b6fdb1585b8f5cf653b9dd023b0521c8da64db859ffac:clang-18.1.8-coverage-state-load-v1,gpt-5.6-sol-off,short-trace-final,all-arms,dynamic,Omega_hat_NativeTrace,110,1
dynamic::gpt-5.6-sol-off::all-arms::Omega_hat_NativeTrace,gpt-5.6-sol-off::codecontests-test-1586f::inside-loop-state,codecontests-test-1586f,c2fff1ad8c28452ca3e75e2efc59934a22d91572d3cde13bc7c743de6d34b147:e7a0a218331b68b73ad7ba079fd54be2a7cd8090a6e96eba3f4ee3001dc1d2dc:clang-18.1.8-coverage-state-load-v1,gpt-5.6-sol-off,inside-loop-state,all-arms,dynamic,Omega_hat_NativeTrace,2866,0
dynamic::gpt-5.6-sol-off::all-arms::Omega_hat_NativeTrace,gpt-5.6-sol-off::codecontests-test-1586f::post-loop-state,codecontests-test-1586f,cf6f023469c0bb5ffbb00877e5468516893961999aa07f0ecb8ade5ed40b2096:e7a0a218331b68b73ad7ba079fd54be2a7cd8090a6e96eba3f4ee3001dc1d2dc:clang-18.1.8-coverage-state-load-v1,gpt-5.6-sol-off,post-loop-state,all-arms,dynamic,Omega_hat_NativeTrace,2768,0
dynamic::gpt-5.6-sol-off::all-arms::Omega_hat_NativeTrace,gpt-5.6-sol-off::codecontests-test-1598f::short-trace-final,codecontests-test-1598f,c86397161467c48a05a8a1c3b9d9cdc968122973e7759a52edbfee55607a0c48:0c302e793e9db86915c6163fbabb9d0a9976859eb54448cb12f96c3a4ff52328:clang-18.1.8-coverage-state-load-v1,gpt-5.6-sol-off,short-trace-final,all-arms,dynamic,Omega_hat_NativeTrace,59,1
dynamic::gpt-5.6-sol-off::all-arms::Omega_hat_NativeTrace,gpt-5.6-sol-off::codecontests-test-1598f::long-trace-final,codecontests-test-1598f,c86397161467c48a05a8a1c3b9d9cdc968122973e7759a52edbfee55607a0c48:7035767df0d876ec6a211af258eda3b340f5ba719f1d3c8f30d890596458ed17:clang-18.1.8-coverage-state-load-v1,gpt-5.6-sol-off,long-trace-final,all-arms,dynamic,Omega_hat_NativeTrace,112813,0
dynamic::gpt-5.6-sol-off::all-arms::Omega_hat_NativeTrace,gpt-5.6-sol-off::codecontests-test-1598f::post-loop-state,codecontests-test-1598f,cb278e842ab865add5e5b08afeae6d96c07cdcbf64ca0a38de643e3879f68585:7035767df0d876ec6a211af258eda3b340f5ba719f1d3c8f30d890596458ed17:clang-18.1.8-coverage-state-load-v1,gpt-5.6-sol-off,post-loop-state,all-arms,dynamic,Omega_hat_NativeTrace,1432,1
dynamic::gpt-5.6-sol-off::all-arms::Omega_hat_NativeTrace,gpt-5.6-sol-off::codecontests-test-1598f::inside-loop-state,codecontests-test-1598f,f41875fa3f7692eefec1a62e67928717fb5e40acf042c603e3120e581750a59b:7035767df0d876ec6a211af258eda3b340f5ba719f1d3c8f30d890596458ed17:clang-18.1.8-coverage-state-load-v1,gpt-5.6-sol-off,inside-loop-state,all-arms,dynamic,Omega_hat_NativeTrace,1491,0
dynamic::gpt-5.6-sol-off::all-arms::Omega_hat_NativeTrace,gpt-5.6-sol-off::codecontests-test-1599d::inside-loop-state,codecontests-test-1599d,0a2dad56c9e815f7f708d26c2a62b89ce07f5ea76c71a50f36d86924cf05b943:e4a285c493f93a570627f5a05671eae6a4363f4464831e0f98d5ba3690d0ee67:clang-18.1.8-coverage-state-load-v1,gpt-5.6-sol-off,inside-loop-state,all-arms,dynamic,Omega_hat_NativeTrace,104008,0
dynamic::gpt-5.6-sol-off::all-arms::Omega_hat_NativeTrace,gpt-5.6-sol-off::codecontests-test-1599d::short-trace-final,codecontests-test-1599d,933b32aa65d3b25d1afa06e801f5b72dff619eaf7fc4ac6a4a0270e85d49214c:665093871dbe3de8e75d8a816a8378ca11e9e560947ddf4d94207a1e2173820b:clang-18.1.8-coverage-state-load-v1,gpt-5.6-sol-off,short-trace-final,all-arms,dynamic,Omega_hat_NativeTrace,101190,0
dynamic::gpt-5.6-sol-off::all-arms::Omega_hat_NativeTrace,gpt-5.6-sol-off::codecontests-test-1599d::long-trace-final,codecontests-test-1599d,933b32aa65d3b25d1afa06e801f5b72dff619eaf7fc4ac6a4a0270e85d49214c:e4a285c493f93a570627f5a05671eae6a4363f4464831e0f98d5ba3690d0ee67:clang-18.1.8-coverage-state-load-v1,gpt-5.6-sol-off,long-trace-final,all-arms,dynamic,Omega_hat_NativeTrace,105223,0
dynamic::gpt-5.6-sol-off::all-arms::Omega_hat_NativeTrace,gpt-5.6-sol-off::codecontests-test-1599d::post-loop-state,codecontests-test-1599d,aa9020619d95e0c11306c231f42dc16fbedc1b8833557cfba9a3855ceab5d625:e4a285c493f93a570627f5a05671eae6a4363f4464831e0f98d5ba3690d0ee67:clang-18.1.8-coverage-state-load-v1,gpt-5.6-sol-off,post-loop-state,all-arms,dynamic,Omega_hat_NativeTrace,103972,0
dynamic::gpt-5.6-sol-off::all-arms::Omega_hat_NativeTrace,gpt-5.6-sol-off::codecontests-test-1599j::post-loop-state,codecontests-test-1599j,3435dafe215df6aaa0d67c6cfc947efc0a0e44650fe50967a6ba0b248d4b7fe6:cf6d365ac492de069f119d50091851656ea5679fa08c558d3f071a383b4e0df0:clang-18.1.8-coverage-state-load-v1,gpt-5.6-sol-off,post-loop-state,all-arms,dynamic,Omega_hat_NativeTrace,4930,0
dynamic::gpt-5.6-sol-off::all-arms::Omega_hat_NativeTrace,gpt-5.6-sol-off::codecontests-test-1599j::short-trace-final,codecontests-test-1599j,ab4e36e90fc02ef9ec4e2ca7dec9cf4caee8e6aaeed78b0ea3ac83c28ac8147c:15a15c047478f3e0e3cab6ed3f632a29e89952fba136b5a78394d1c0ad79c6e5:clang-18.1.8-coverage-state-load-v1,gpt-5.6-sol-off,short-trace-final,all-arms,dynamic,Omega_hat_NativeTrace,341,0
dynamic::gpt-5.6-sol-off::all-arms::Omega_hat_NativeTrace,gpt-5.6-sol-off::codecontests-test-1599j::long-trace-final,codecontests-test-1599j,ab4e36e90fc02ef9ec4e2ca7dec9cf4caee8e6aaeed78b0ea3ac83c28ac8147c:cf6d365ac492de069f119d50091851656ea5679fa08c558d3f071a383b4e0df0:clang-18.1.8-coverage-state-load-v1,gpt-5.6-sol-off,long-trace-final,all-arms,dynamic,Omega_hat_NativeTrace,45221,0
dynamic::gpt-5.6-sol-off::all-arms::Omega_hat_NativeTrace,gpt-5.6-sol-off::codecontests-test-1599j::inside-loop-state,codecontests-test-1599j,b327432c0b51f79599142f457651ed07c753892f7bc8fc32eae261455a14a8df:cf6d365ac492de069f119d50091851656ea5679fa08c558d3f071a383b4e0df0:clang-18.1.8-coverage-state-load-v1,gpt-5.6-sol-off,inside-loop-state,all-arms,dynamic,Omega_hat_NativeTrace,4562,0
dynamic::gpt-5.6-sol-off::all-arms::Omega_hat_NativeTrace,gpt-5.6-sol-off::codecontests-test-1603e::long-trace-final,codecontests-test-1603e,d7fe25a19d626e555247a54b1650138c821111d60e20cca5c73ec3112ca1e525:16115f14b1d3589d0841b36fa922b477b58347dad5e3d021df0ae33ab64fa7a6:clang-18.1.8-coverage-state-load-v1,gpt-5.6-sol-off,long-trace-final,all-arms,dynamic,Omega_hat_NativeTrace,20737394,0
dynamic::gpt-5.6-sol-off::all-arms::Omega_hat_NativeTrace,gpt-5.6-sol-off::codecontests-test-1603e::short-trace-final,codecontests-test-1603e,d7fe25a19d626e555247a54b1650138c821111d60e20cca5c73ec3112ca1e525:56128c78d54bd858b1f0a7710cc6ed6c0ee23efbe9034d42dc8ce6339a26f6bf:clang-18.1.8-coverage-state-load-v1,gpt-5.6-sol-off,short-trace-final,all-arms,dynamic,Omega_hat_NativeTrace,2469,0
dynamic::gpt-5.6-sol-off::all-arms::Omega_hat_NativeTrace,gpt-5.6-sol-off::codecontests-test-1603e::inside-loop-state,codecontests-test-1603e,f3186b205da6d6dcc9ea29d1c2d2e8b3e694f96a5c55cf87108c065fb309d17d:16115f14b1d3589d0841b36fa922b477b58347dad5e3d021df0ae33ab64fa7a6:clang-18.1.8-coverage-state-load-v1,gpt-5.6-sol-off,inside-loop-state,all-arms,dynamic,Omega_hat_NativeTrace,3687795,0
dynamic::gpt-5.6-sol-off::all-arms::Omega_hat_NativeTrace,gpt-5.6-sol-off::codecontests-test-1603e::post-loop-state,codecontests-test-1603e,f412e755c350f9ce1c88cfff52e57c62ae92474f822504d6558ee65de9e4ed4d:16115f14b1d3589d0841b36fa922b477b58347dad5e3d021df0ae33ab64fa7a6:clang-18.1.8-coverage-state-load-v1,gpt-5.6-sol-off,post-loop-state,all-arms,dynamic,Omega_hat_NativeTrace,4331747,1
dynamic::gpt-5.6-sol-off::all-arms::Omega_hat_NativeTrace,gpt-5.6-sol-off::codecontests-test-1608e::short-trace-final,codecontests-test-1608e,646dbc65fdea7bc8e3170908e4578902800b470e97d05e2454f0d26884e92df7:a2f5b5c4b5f17740e75fa5913cbf0bcde3191c7cb615765a3dfa89ab90e0e728:clang-18.1.8-coverage-state-load-v1,gpt-5.6-sol-off,short-trace-final,all-arms,dynamic,Omega_hat_NativeTrace,3627,0
dynamic::gpt-5.6-sol-off::all-arms::Omega_hat_NativeTrace,gpt-5.6-sol-off::codecontests-test-1608e::long-trace-final,codecontests-test-1608e,646dbc65fdea7bc8e3170908e4578902800b470e97d05e2454f0d26884e92df7:f55be964bd2cc68afe5b9ad8f942604e10918169e7160750406727f80984c504:clang-18.1.8-coverage-state-load-v1,gpt-5.6-sol-off,long-trace-final,all-arms,dynamic,Omega_hat_NativeTrace,17917,0
dynamic::gpt-5.6-sol-off::all-arms::Omega_hat_NativeTrace,gpt-5.6-sol-off::codecontests-test-1608e::inside-loop-state,codecontests-test-1608e,667c28dbcfd364ae586ae9cd21bf6fd959db38f0147f2a6cb6289ec447eb9a22:f55be964bd2cc68afe5b9ad8f942604e10918169e7160750406727f80984c504:clang-18.1.8-coverage-state-load-v1,gpt-5.6-sol-off,inside-loop-state,all-arms,dynamic,Omega_hat_NativeTrace,7468,0
dynamic::gpt-5.6-sol-off::all-arms::Omega_hat_NativeTrace,gpt-5.6-sol-off::codecontests-test-1608e::post-loop-state,codecontests-test-1608e,b3c2da25bedf53cb9761b05fae26f46e4cf88607b5e31132dd26180b52bbaf2b:f55be964bd2cc68afe5b9ad8f942604e10918169e7160750406727f80984c504:clang-18.1.8-coverage-state-load-v1,gpt-5.6-sol-off,post-loop-state,all-arms,dynamic,Omega_hat_NativeTrace,7931,1
dynamic::gpt-5.6-sol-off::all-arms::Omega_hat_NativeTrace,gpt-5.6-sol-off::codecontests-test-1608f::short-trace-final,codecontests-test-1608f,3b1188cf9f4294e77fd38eb7d8098dfcfb19fbdd0ef6e9a3fe8d63adfeb2abbf:8ad616db4fe9bd467b7ab16879f97c77503d2b22431ce9705293bfe707f20a7f:clang-18.1.8-coverage-state-load-v1,gpt-5.6-sol-off,short-trace-final,all-arms,dynamic,Omega_hat_NativeTrace,1337,0
dynamic::gpt-5.6-sol-off::all-arms::Omega_hat_NativeTrace,gpt-5.6-sol-off::codecontests-test-1608f::long-trace-final,codecontests-test-1608f,3b1188cf9f4294e77fd38eb7d8098dfcfb19fbdd0ef6e9a3fe8d63adfeb2abbf:b3e5d9410e92ec6feb64678dbc4fc691cb4660d89a83baf0e0a219123c05b450:clang-18.1.8-coverage-state-load-v1,gpt-5.6-sol-off,long-trace-final,all-arms,dynamic,Omega_hat_NativeTrace,607758,0
dynamic::gpt-5.6-sol-off::all-arms::Omega_hat_NativeTrace,gpt-5.6-sol-off::codecontests-test-1608f::post-loop-state,codecontests-test-1608f,ef77878c7f3b869738b3ff6a4965c679f33909d0914e136f66f6c522b7b20c01:b3e5d9410e92ec6feb64678dbc4fc691cb4660d89a83baf0e0a219123c05b450:clang-18.1.8-coverage-state-load-v1,gpt-5.6-sol-off,post-loop-state,all-arms,dynamic,Omega_hat_NativeTrace,36955,0
dynamic::gpt-5.6-sol-off::all-arms::Omega_hat_NativeTrace,gpt-5.6-sol-off::codecontests-test-1615g::post-loop-state,codecontests-test-1615g,0933389f16bc0f8f1a15f83914fd800b2881de1ed6b02e9104c48207b1cde312:73a6420953313f0860ecac8f963f63bd594f27eacb54f75047c6e7f224445982:clang-18.1.8-coverage-state-load-v1,gpt-5.6-sol-off,post-loop-state,all-arms,dynamic,Omega_hat_NativeTrace,6693,0
dynamic::gpt-5.6-sol-off::all-arms::Omega_hat_NativeTrace,gpt-5.6-sol-off::codecontests-test-1615g::inside-loop-state,codecontests-test-1615g,acc1b2cc8cfb5ad702c4fd69f49f49e609d604888c2fc3c44a8fa83a57d3de81:73a6420953313f0860ecac8f963f63bd594f27eacb54f75047c6e7f224445982:clang-18.1.8-coverage-state-load-v1,gpt-5.6-sol-off,inside-loop-state,all-arms,dynamic,Omega_hat_NativeTrace,6517,0
dynamic::gpt-5.6-sol-off::all-arms::Omega_hat_NativeTrace,gpt-5.6-sol-off::codecontests-test-1615g::long-trace-final,codecontests-test-1615g,ad373333e07dc4e3b058568facb985af09bac3ef8991907c430b33236999f394:73a6420953313f0860ecac8f963f63bd594f27eacb54f75047c6e7f224445982:clang-18.1.8-coverage-state-load-v1,gpt-5.6-sol-off,long-trace-final,all-arms,dynamic,Omega_hat_NativeTrace,5325,0
dynamic::gpt-5.6-sol-off::all-arms::Omega_hat_NativeTrace,gpt-5.6-sol-off::codecontests-test-1615g::short-trace-final,codecontests-test-1615g,ad373333e07dc4e3b058568facb985af09bac3ef8991907c430b33236999f394:8b8d92f6cd116121a9e352a9d6bbbeea5f82cc1c848aaea202eee9901fb39d86:clang-18.1.8-coverage-state-load-v1,gpt-5.6-sol-off,short-trace-final,all-arms,dynamic,Omega_hat_NativeTrace,194,1
dynamic::gpt-5.6-sol-off::all-arms::Omega_hat_NativeTrace,gpt-5.6-sol-off::codecontests-test-1615h::post-loop-state,codecontests-test-1615h,6bac151ec0f25226a8145178cf0e367fb811beb86ff6196070e20565c4d00642:76e3b7b1ea299988012bab23cbfde0d8790d1c57e7f0994947beee3f546bc9a5:clang-18.1.8-coverage-state-load-v1,gpt-5.6-sol-off,post-loop-state,all-arms,dynamic,Omega_hat_NativeTrace,8891,0
dynamic::gpt-5.6-sol-off::all-arms::Omega_hat_NativeTrace,gpt-5.6-sol-off::codecontests-test-1615h::long-trace-final,codecontests-test-1615h,a71a99b21177af38ad289c00ff979be40a690e727f285153ed3faee690b3a321:76e3b7b1ea299988012bab23cbfde0d8790d1c57e7f0994947beee3f546bc9a5:clang-18.1.8-coverage-state-load-v1,gpt-5.6-sol-off,long-trace-final,all-arms,dynamic,Omega_hat_NativeTrace,15049,0
dynamic::gpt-5.6-sol-off::all-arms::Omega_hat_NativeTrace,gpt-5.6-sol-off::codecontests-test-1615h::short-trace-final,codecontests-test-1615h,a71a99b21177af38ad289c00ff979be40a690e727f285153ed3faee690b3a321:7f143eea0a3c840bf12e8184b4972d492f981fbb9a266339cd86299dae1d4413:clang-18.1.8-coverage-state-load-v1,gpt-5.6-sol-off,short-trace-final,all-arms,dynamic,Omega_hat_NativeTrace,5714,0
dynamic::gpt-5.6-sol-off::all-arms::Omega_hat_NativeTrace,gpt-5.6-sol-off::codecontests-test-1615h::inside-loop-state,codecontests-test-1615h,bb1f2ab66b584a159dee436bfee61e9740c864d881dce54d93f0220164d96c1a:76e3b7b1ea299988012bab23cbfde0d8790d1c57e7f0994947beee3f546bc9a5:clang-18.1.8-coverage-state-load-v1,gpt-5.6-sol-off,inside-loop-state,all-arms,dynamic,Omega_hat_NativeTrace,8943,0
dynamic::gpt-5.6-sol-off::all-arms::Omega_hat_NativeTrace,gpt-5.6-sol-off::codecontests-test-1617e::inside-loop-state,codecontests-test-1617e,395db0129fb099ac1b5af30458379f3c64b2c8e1ba3267544689e9a721e0a1a2:f34973899b03d91dd93fd9ca7bca992fc2b381fea1800c11fc29bf25c01efe97:clang-18.1.8-coverage-state-load-v1,gpt-5.6-sol-off,inside-loop-state,all-arms,dynamic,Omega_hat_NativeTrace,3086,0
dynamic::gpt-5.6-sol-off::all-arms::Omega_hat_NativeTrace,gpt-5.6-sol-off::codecontests-test-1617e::post-loop-state,codecontests-test-1617e,a34fa455cb2724c38f9fc74f8d38161dbfbff4a0a0d9c9c94c1bfa734b45a015:f34973899b03d91dd93fd9ca7bca992fc2b381fea1800c11fc29bf25c01efe97:clang-18.1.8-coverage-state-load-v1,gpt-5.6-sol-off,post-loop-state,all-arms,dynamic,Omega_hat_NativeTrace,3349,0
dynamic::gpt-5.6-sol-off::all-arms::Omega_hat_NativeTrace,gpt-5.6-sol-off::codecontests-test-1617e::short-trace-final,codecontests-test-1617e,c416bb8d3b25fd4c76bdb6e17ff595707f9479e2af79b63f90090979b8df2512:7a8e064d952789abfdfd6043d44530bd5de0228d7963b1c4a3a194695b246bdd:clang-18.1.8-coverage-state-load-v1,gpt-5.6-sol-off,short-trace-final,all-arms,dynamic,Omega_hat_NativeTrace,2124,0
dynamic::gpt-5.6-sol-off::all-arms::Omega_hat_NativeTrace,gpt-5.6-sol-off::codecontests-test-1617e::long-trace-final,codecontests-test-1617e,c416bb8d3b25fd4c76bdb6e17ff595707f9479e2af79b63f90090979b8df2512:f34973899b03d91dd93fd9ca7bca992fc2b381fea1800c11fc29bf25c01efe97:clang-18.1.8-coverage-state-load-v1,gpt-5.6-sol-off,long-trace-final,all-arms,dynamic,Omega_hat_NativeTrace,50271,0
dynamic::gpt-5.6-sol-off::all-arms::Omega_hat_NativeTrace,gpt-5.6-sol-off::codecontests-test-1620g::post-loop-state,codecontests-test-1620g,90b42a3a02b64368871b040777d72a1fae560ae9bae9612e2ab271e58b363cec:d17fc49cd397378f23ba09a1d25ed63dd16e1ca27e2fef716941dab7e3d260e9:clang-18.1.8-coverage-state-load-v1,gpt-5.6-sol-off,post-loop-state,all-arms,dynamic,Omega_hat_NativeTrace,6476,0
dynamic::gpt-5.6-sol-off::all-arms::Omega_hat_NativeTrace,gpt-5.6-sol-off::codecontests-test-1620g::short-trace-final,codecontests-test-1620g,dc5b0364fffb69d059ac406180373038b2947bf8b018c0eb5ad6bdab89607c28:47fdb134316707b54ae926b4ba0b8e2ffa13b01f961ee3bdbd4367e9493f9d43:clang-18.1.8-coverage-state-load-v1,gpt-5.6-sol-off,short-trace-final,all-arms,dynamic,Omega_hat_NativeTrace,1031,0
dynamic::gpt-5.6-sol-off::all-arms::Omega_hat_NativeTrace,gpt-5.6-sol-off::codecontests-test-1620g::long-trace-final,codecontests-test-1620g,dc5b0364fffb69d059ac406180373038b2947bf8b018c0eb5ad6bdab89607c28:d17fc49cd397378f23ba09a1d25ed63dd16e1ca27e2fef716941dab7e3d260e9:clang-18.1.8-coverage-state-load-v1,gpt-5.6-sol-off,long-trace-final,all-arms,dynamic,Omega_hat_NativeTrace,32711,0
dynamic::gpt-5.6-sol-off::all-arms::Omega_hat_NativeTrace,gpt-5.6-sol-off::codecontests-test-1620g::inside-loop-state,codecontests-test-1620g,f68b5d2afda3ef6b63ec68b53e390dc857f47e5bdf2f3f2e1081414a31775f0d:d17fc49cd397378f23ba09a1d25ed63dd16e1ca27e2fef716941dab7e3d260e9:clang-18.1.8-coverage-state-load-v1,gpt-5.6-sol-off,inside-loop-state,all-arms,dynamic,Omega_hat_NativeTrace,6489,0
dynamic::gpt-5.6-sol-off::all-arms::Omega_hat_NativeTrace,gpt-5.6-sol-off::codecontests-validation-1552g::short-trace-final,codecontests-validation-1552g,89b65341f1c6fe3a0a9df0a69ade235027daa7f39d3002954f6f632919791b3f:6575c487ddb8c661ec94ac0aa126db71015d196d35a568acfd62ad87a004ec72:clang-18.1.8-coverage-state-load-v1,gpt-5.6-sol-off,short-trace-final,all-arms,dynamic,Omega_hat_NativeTrace,473,1
dynamic::gpt-5.6-sol-off::all-arms::Omega_hat_NativeTrace,gpt-5.6-sol-off::codecontests-validation-1552g::long-trace-final,codecontests-validation-1552g,89b65341f1c6fe3a0a9df0a69ade235027daa7f39d3002954f6f632919791b3f:a23a879e789c630dbbae0133f0eb5577c8e5e3a711d2d32ec6d6c244f930f0a1:clang-18.1.8-coverage-state-load-v1,gpt-5.6-sol-off,long-trace-final,all-arms,dynamic,Omega_hat_NativeTrace,2634,1
dynamic::gpt-5.6-sol-off::all-arms::Omega_hat_NativeTrace,gpt-5.6-sol-off::codecontests-validation-1552g::post-loop-state,codecontests-validation-1552g,b5f0a9481460f80246bf1a24dda90224f8dc49a793565d9ab27a357e86c4e053:a23a879e789c630dbbae0133f0eb5577c8e5e3a711d2d32ec6d6c244f930f0a1:clang-18.1.8-coverage-state-load-v1,gpt-5.6-sol-off,post-loop-state,all-arms,dynamic,Omega_hat_NativeTrace,378,0
dynamic::gpt-5.6-sol-off::all-arms::Omega_hat_NativeTrace,gpt-5.6-sol-off::codecontests-validation-1552g::inside-loop-state,codecontests-validation-1552g,feb96da038972104d010503bb0068d9694d4cebae2d34993c61d2dcd7002c600:a23a879e789c630dbbae0133f0eb5577c8e5e3a711d2d32ec6d6c244f930f0a1:clang-18.1.8-coverage-state-load-v1,gpt-5.6-sol-off,inside-loop-state,all-arms,dynamic,Omega_hat_NativeTrace,464,0
dynamic::gpt-5.6-sol-off::all-arms::Omega_hat_NativeTrace,gpt-5.6-sol-off::codecontests-validation-1553h::inside-loop-state,codecontests-validation-1553h,261f2a5460690985d0feaadb3435366c997ed89f15809dc921c0a13726ae899d:37a901c4f91c375e5b2ce915089751f68aa2f80e3a9590fee8edc1247ea80612:clang-18.1.8-coverage-state-load-v1,gpt-5.6-sol-off,inside-loop-state,all-arms,dynamic,Omega_hat_NativeTrace,1846,0
dynamic::gpt-5.6-sol-off::all-arms::Omega_hat_NativeTrace,gpt-5.6-sol-off::codecontests-validation-1553h::long-trace-final,codecontests-validation-1553h,6e44abb67b8129df7e6c9c2bb7f0603020a46107f0b5aaa85480dcf00b6d8ee5:37a901c4f91c375e5b2ce915089751f68aa2f80e3a9590fee8edc1247ea80612:clang-18.1.8-coverage-state-load-v1,gpt-5.6-sol-off,long-trace-final,all-arms,dynamic,Omega_hat_NativeTrace,2577,0
dynamic::gpt-5.6-sol-off::all-arms::Omega_hat_NativeTrace,gpt-5.6-sol-off::codecontests-validation-1553h::short-trace-final,codecontests-validation-1553h,6e44abb67b8129df7e6c9c2bb7f0603020a46107f0b5aaa85480dcf00b6d8ee5:4f701d041f6b57b35a63af3be10f040298aa86385ad4da04b1daa6df2663a712:clang-18.1.8-coverage-state-load-v1,gpt-5.6-sol-off,short-trace-final,all-arms,dynamic,Omega_hat_NativeTrace,371,0
dynamic::gpt-5.6-sol-off::all-arms::Omega_hat_NativeTrace,gpt-5.6-sol-off::codecontests-validation-1553h::post-loop-state,codecontests-validation-1553h,a0fc871a1b48fb4e584cbafab20aa03968f5864a8503fcc17f35616d670b41fb:37a901c4f91c375e5b2ce915089751f68aa2f80e3a9590fee8edc1247ea80612:clang-18.1.8-coverage-state-load-v1,gpt-5.6-sol-off,post-loop-state,all-arms,dynamic,Omega_hat_NativeTrace,1815,0
dynamic::gpt-5.6-sol-off::all-arms::Omega_hat_NativeTrace,gpt-5.6-sol-off::codecontests-validation-1556f::inside-loop-state,codecontests-validation-1556f,0e7c6745273acd61e256dc45eed260d91a4acbd2606e470d7a226f83219ed9a3:360f25d334dd3eaa6f292d435c7982dff837d18936d1fefe83699b0b1d6fbc85:clang-18.1.8-coverage-state-load-v1,gpt-5.6-sol-off,inside-loop-state,all-arms,dynamic,Omega_hat_NativeTrace,202474,0
dynamic::gpt-5.6-sol-off::all-arms::Omega_hat_NativeTrace,gpt-5.6-sol-off::codecontests-validation-1556f::post-loop-state,codecontests-validation-1556f,355b4d9cf793a850c31de90bbad276f4be650b3ce01e56f464054f85d4c2ec45:360f25d334dd3eaa6f292d435c7982dff837d18936d1fefe83699b0b1d6fbc85:clang-18.1.8-coverage-state-load-v1,gpt-5.6-sol-off,post-loop-state,all-arms,dynamic,Omega_hat_NativeTrace,17086448,0
dynamic::gpt-5.6-sol-off::all-arms::Omega_hat_NativeTrace,gpt-5.6-sol-off::codecontests-validation-1556f::long-trace-final,codecontests-validation-1556f,67dbad2177030b263347ba9ff0c3aa5d2e1eb57d456d177fad25eee3f31a9a76:360f25d334dd3eaa6f292d435c7982dff837d18936d1fefe83699b0b1d6fbc85:clang-18.1.8-coverage-state-load-v1,gpt-5.6-sol-off,long-trace-final,all-arms,dynamic,Omega_hat_NativeTrace,17617324,0
dynamic::gpt-5.6-sol-off::all-arms::Omega_hat_NativeTrace,gpt-5.6-sol-off::codecontests-validation-1556f::short-trace-final,codecontests-validation-1556f,67dbad2177030b263347ba9ff0c3aa5d2e1eb57d456d177fad25eee3f31a9a76:fdcb27265764b2a73c62380d364aa177b18028a2d6fffe621bac5a23affde265:clang-18.1.8-coverage-state-load-v1,gpt-5.6-sol-off,short-trace-final,all-arms,dynamic,Omega_hat_NativeTrace,475,0
dynamic::gpt-5.6-sol-off::all-arms::Omega_hat_NativeTrace,gpt-5.6-sol-off::codecontests-validation-1567f::inside-loop-state,codecontests-validation-1567f,05cf93795d2245abb6f842b4f278fe70746b159f5aba398e285981a3d3ab0415:5ca513ae33f231741e8f5bce074557104f0ac96debe4329731eb41fe859f6fa9:clang-18.1.8-coverage-state-load-v1,gpt-5.6-sol-off,inside-loop-state,all-arms,dynamic,Omega_hat_NativeTrace,3975,0
dynamic::gpt-5.6-sol-off::all-arms::Omega_hat_NativeTrace,gpt-5.6-sol-off::codecontests-validation-1567f::long-trace-final,codecontests-validation-1567f,1d2e0467d959ffad5c713fa10c2142c44b5f542e00ce390504aea6f73e976053:5ca513ae33f231741e8f5bce074557104f0ac96debe4329731eb41fe859f6fa9:clang-18.1.8-coverage-state-load-v1,gpt-5.6-sol-off,long-trace-final,all-arms,dynamic,Omega_hat_NativeTrace,7387,0
dynamic::gpt-5.6-sol-off::all-arms::Omega_hat_NativeTrace,gpt-5.6-sol-off::codecontests-validation-1567f::short-trace-final,codecontests-validation-1567f,1d2e0467d959ffad5c713fa10c2142c44b5f542e00ce390504aea6f73e976053:8ac1f9fa9e2847575b2ced3fd892b2845557a6c485f5fa9413a699b8efbc3ad3:clang-18.1.8-coverage-state-load-v1,gpt-5.6-sol-off,short-trace-final,all-arms,dynamic,Omega_hat_NativeTrace,2028,0
dynamic::gpt-5.6-sol-off::all-arms::Omega_hat_NativeTrace,gpt-5.6-sol-off::codecontests-validation-1567f::post-loop-state,codecontests-validation-1567f,91b04a25af0d8354eca4b22a5c307be7e0d71719c1e56c1036c67f37cec6a7d0:5ca513ae33f231741e8f5bce074557104f0ac96debe4329731eb41fe859f6fa9:clang-18.1.8-coverage-state-load-v1,gpt-5.6-sol-off,post-loop-state,all-arms,dynamic,Omega_hat_NativeTrace,3936,0
dynamic::gpt-5.6-sol-off::all-arms::Omega_hat_NativeTrace,gpt-5.6-sol-off::codecontests-validation-1569e::inside-loop-state,codecontests-validation-1569e,8c7846a3a40110fa05257b67da8e6f63f945c711305a1df88b97e8d00396db64:b5fabe923ecc6b7534566fbeb72577fd896c2d74b9374afe3bed49a16217cf73:clang-18.1.8-coverage-state-load-v1,gpt-5.6-sol-off,inside-loop-state,all-arms,dynamic,Omega_hat_NativeTrace,14587,0
dynamic::gpt-5.6-sol-off::all-arms::Omega_hat_NativeTrace,gpt-5.6-sol-off::codecontests-validation-1569e::post-loop-state,codecontests-validation-1569e,b6b18517a3e59e80fb145dd8b32144c363e2872690c8f1c80a42a71bbc7adff3:b5fabe923ecc6b7534566fbeb72577fd896c2d74b9374afe3bed49a16217cf73:clang-18.1.8-coverage-state-load-v1,gpt-5.6-sol-off,post-loop-state,all-arms,dynamic,Omega_hat_NativeTrace,4686010,0
dynamic::gpt-5.6-sol-off::all-arms::Omega_hat_NativeTrace,gpt-5.6-sol-off::codecontests-validation-1569e::short-trace-final,codecontests-validation-1569e,d7b30d4383431a38ca1bd0ea4847aec892b939921afb04a5e0975d8dfe5a98c9:479def58965386a05050611157259ef82bfeb49b520e8bff8f6ffde3b23af8a8:clang-18.1.8-coverage-state-load-v1,gpt-5.6-sol-off,short-trace-final,all-arms,dynamic,Omega_hat_NativeTrace,963,0
dynamic::gpt-5.6-sol-off::all-arms::Omega_hat_NativeTrace,gpt-5.6-sol-off::codecontests-validation-1569e::long-trace-final,codecontests-validation-1569e,d7b30d4383431a38ca1bd0ea4847aec892b939921afb04a5e0975d8dfe5a98c9:b5fabe923ecc6b7534566fbeb72577fd896c2d74b9374afe3bed49a16217cf73:clang-18.1.8-coverage-state-load-v1,gpt-5.6-sol-off,long-trace-final,all-arms,dynamic,Omega_hat_NativeTrace,9765064,0
dynamic::gpt-5.6-sol-off::all-arms::Omega_hat_NativeTrace,gpt-5.6-sol-off::codecontests-validation-1569f::long-trace-final,codecontests-validation-1569f,2301e337b5fb3f9549acef3c07f9bd5019e6234c7a2311a7c4f57763e18e5b83:0b0d290fe1c8a4b6c275d3cd68f10e26117cce6a7a535e05cb67a9483c2ca982:clang-18.1.8-coverage-state-load-v1,gpt-5.6-sol-off,long-trace-final,all-arms,dynamic,Omega_hat_NativeTrace,150522,1
dynamic::gpt-5.6-sol-off::all-arms::Omega_hat_NativeTrace,gpt-5.6-sol-off::codecontests-validation-1569f::short-trace-final,codecontests-validation-1569f,2301e337b5fb3f9549acef3c07f9bd5019e6234c7a2311a7c4f57763e18e5b83:26b7657bcd3b796488b0a9677b14cced50fbbf3da549885bc44c2917cf610cff:clang-18.1.8-coverage-state-load-v1,gpt-5.6-sol-off,short-trace-final,all-arms,dynamic,Omega_hat_NativeTrace,9950,0
dynamic::gpt-5.6-sol-off::all-arms::Omega_hat_NativeTrace,gpt-5.6-sol-off::codecontests-validation-1569f::post-loop-state,codecontests-validation-1569f,9b44483ac309757aa4c354b7152a87dcbcef7f14befc99fd5d5420fba2550477:0b0d290fe1c8a4b6c275d3cd68f10e26117cce6a7a535e05cb67a9483c2ca982:clang-18.1.8-coverage-state-load-v1,gpt-5.6-sol-off,post-loop-state,all-arms,dynamic,Omega_hat_NativeTrace,118625,0
dynamic::gpt-5.6-sol-off::all-arms::Omega_hat_NativeTrace,gpt-5.6-sol-off::codecontests-validation-1569f::inside-loop-state,codecontests-validation-1569f,bd6341080b17f11d66607db0012ce4f3cf4107ce205c35c39ff21ea2a4d40857:0b0d290fe1c8a4b6c275d3cd68f10e26117cce6a7a535e05cb67a9483c2ca982:clang-18.1.8-coverage-state-load-v1,gpt-5.6-sol-off,inside-loop-state,all-arms,dynamic,Omega_hat_NativeTrace,118714,0
dynamic::gpt-5.6-sol-off::all-arms::Omega_hat_NativeTrace,gpt-5.6-sol-off::codecontests-validation-1572d::post-loop-state,codecontests-validation-1572d,10b3ea8d407a851cbb94d856638ba9ee3b5658eb0b43ab595c686887ee58e23a:2215213a1789f807060a057e634ddb262a27f09b8292f964f58f42acbe1d0616:clang-18.1.8-coverage-state-load-v1,gpt-5.6-sol-off,post-loop-state,all-arms,dynamic,Omega_hat_NativeTrace,1703,0
dynamic::gpt-5.6-sol-off::all-arms::Omega_hat_NativeTrace,gpt-5.6-sol-off::codecontests-validation-1572d::long-trace-final,codecontests-validation-1572d,4ef728a87836baeb0af64467718c76401006223c75d5b80c74b59eb56b109b72:2215213a1789f807060a057e634ddb262a27f09b8292f964f58f42acbe1d0616:clang-18.1.8-coverage-state-load-v1,gpt-5.6-sol-off,long-trace-final,all-arms,dynamic,Omega_hat_NativeTrace,1887,1
dynamic::gpt-5.6-sol-off::all-arms::Omega_hat_NativeTrace,gpt-5.6-sol-off::codecontests-validation-1572d::short-trace-final,codecontests-validation-1572d,4ef728a87836baeb0af64467718c76401006223c75d5b80c74b59eb56b109b72:eb418658a51efc355a88b1c44df821bcabf17ae92e052c3f3f3790755404491d:clang-18.1.8-coverage-state-load-v1,gpt-5.6-sol-off,short-trace-final,all-arms,dynamic,Omega_hat_NativeTrace,888,0
dynamic::gpt-5.6-sol-off::all-arms::Omega_hat_NativeTrace,gpt-5.6-sol-off::codecontests-validation-1572d::inside-loop-state,codecontests-validation-1572d,e4be3de81a2d2af89166e441b8d5adf8e73d19e2c217707d996b1af00c028ff1:2215213a1789f807060a057e634ddb262a27f09b8292f964f58f42acbe1d0616:clang-18.1.8-coverage-state-load-v1,gpt-5.6-sol-off,inside-loop-state,all-arms,dynamic,Omega_hat_NativeTrace,1793,0
dynamic::gpt-5.6-sol-off::all-arms::Omega_hat_NativeTrace,gpt-5.6-sol-off::codecontests-validation-1572e::post-loop-state,codecontests-validation-1572e,437fad31af4f51960c3b7aff0ceecd6ad236aeccd08417e320d5ef307f021027:ce0eb773178bbc4bdc901ed4555433f201b9cbbd416231d7a0b82b41c1e59270:clang-18.1.8-coverage-state-load-v1,gpt-5.6-sol-off,post-loop-state,all-arms,dynamic,Omega_hat_NativeTrace,1903,0
dynamic::gpt-5.6-sol-off::all-arms::Omega_hat_NativeTrace,gpt-5.6-sol-off::codecontests-validation-1572e::inside-loop-state,codecontests-validation-1572e,a29023c7f4c26bae0b4eef37581882d729a33402e3f2d96d9c4e4e82f216cc0f:ce0eb773178bbc4bdc901ed4555433f201b9cbbd416231d7a0b82b41c1e59270:clang-18.1.8-coverage-state-load-v1,gpt-5.6-sol-off,inside-loop-state,all-arms,dynamic,Omega_hat_NativeTrace,1931,0
dynamic::gpt-5.6-sol-off::all-arms::Omega_hat_NativeTrace,gpt-5.6-sol-off::codecontests-validation-1572e::short-trace-final,codecontests-validation-1572e,c6871efc570f44806a970f43053b081d731f519c2b4a95b2aa54ee53df958fcf:c8391dd8e574d61edf3a7c188f1bce010f51566bb2347b029afb3faa08679767:clang-18.1.8-coverage-state-load-v1,gpt-5.6-sol-off,short-trace-final,all-arms,dynamic,Omega_hat_NativeTrace,17610,1
dynamic::gpt-5.6-sol-off::all-arms::Omega_hat_NativeTrace,gpt-5.6-sol-off::codecontests-validation-1572e::long-trace-final,codecontests-validation-1572e,c6871efc570f44806a970f43053b081d731f519c2b4a95b2aa54ee53df958fcf:ce0eb773178bbc4bdc901ed4555433f201b9cbbd416231d7a0b82b41c1e59270:clang-18.1.8-coverage-state-load-v1,gpt-5.6-sol-off,long-trace-final,all-arms,dynamic,Omega_hat_NativeTrace,94129,0
dynamic::gpt-5.6-sol-off::all-arms::Omega_hat_NativeTrace,gpt-5.6-sol-off::codecontests-validation-1574f::inside-loop-state,codecontests-validation-1574f,54d2aa075790d96b16094d1110b1ff4cc42e649f39b55cf10a14e19f5a25bdd0:03d3d7a8c8364341064965d240bc633999a3624096573e7dd9ff9b2e4332d221:clang-18.1.8-coverage-state-load-v1,gpt-5.6-sol-off,inside-loop-state,all-arms,dynamic,Omega_hat_NativeTrace,8102841,0
dynamic::gpt-5.6-sol-off::all-arms::Omega_hat_NativeTrace,gpt-5.6-sol-off::codecontests-validation-1574f::long-trace-final,codecontests-validation-1574f,7daa73692acaf41812edcde3c45ecdfa6e0c91a99ce6e3557836323cf0386084:03d3d7a8c8364341064965d240bc633999a3624096573e7dd9ff9b2e4332d221:clang-18.1.8-coverage-state-load-v1,gpt-5.6-sol-off,long-trace-final,all-arms,dynamic,Omega_hat_NativeTrace,1513963426,0
dynamic::gpt-5.6-sol-off::all-arms::Omega_hat_NativeTrace,gpt-5.6-sol-off::codecontests-validation-1574f::short-trace-final,codecontests-validation-1574f,7daa73692acaf41812edcde3c45ecdfa6e0c91a99ce6e3557836323cf0386084:a00a4e49bac1dc0515ea109cbef81f6fec9f42207b2ac47d95d4f9fb95859331:clang-18.1.8-coverage-state-load-v1,gpt-5.6-sol-off,short-trace-final,all-arms,dynamic,Omega_hat_NativeTrace,1209,0
dynamic::gpt-5.6-sol-off::all-arms::Omega_hat_StateLoad,gpt-5.6-sol-off::codecontests-test-1580b::post-loop-state,codecontests-test-1580b,651daa060f41dcbf742f65839b776fde4796201d3b99d00773278bba61645417:01bf10bc19e4055efc275e06e8439f42cb308446a927457954f085b1c36f701a:clang-18.1.8-coverage-state-load-v1,gpt-5.6-sol-off,post-loop-state,all-arms,dynamic,Omega_hat_StateLoad,634227280,1
dynamic::gpt-5.6-sol-off::all-arms::Omega_hat_StateLoad,gpt-5.6-sol-off::codecontests-test-1580b::inside-loop-state,codecontests-test-1580b,de821758d705b3efd9657c5b7021e5d724533788eed2c97f5213f6ee05a90127:01bf10bc19e4055efc275e06e8439f42cb308446a927457954f085b1c36f701a:clang-18.1.8-coverage-state-load-v1,gpt-5.6-sol-off,inside-loop-state,all-arms,dynamic,Omega_hat_StateLoad,624486447,0
dynamic::gpt-5.6-sol-off::all-arms::Omega_hat_StateLoad,gpt-5.6-sol-off::codecontests-test-1580b::long-trace-final,codecontests-test-1580b,e49cc24f56c43dda6796ffbf38185eb1f4f689c19e9ec2b7010717fbd33f09cd:01bf10bc19e4055efc275e06e8439f42cb308446a927457954f085b1c36f701a:clang-18.1.8-coverage-state-load-v1,gpt-5.6-sol-off,long-trace-final,all-arms,dynamic,Omega_hat_StateLoad,123221869874820,0
dynamic::gpt-5.6-sol-off::all-arms::Omega_hat_StateLoad,gpt-5.6-sol-off::codecontests-test-1580b::short-trace-final,codecontests-test-1580b,e49cc24f56c43dda6796ffbf38185eb1f4f689c19e9ec2b7010717fbd33f09cd:4badc34556ceafd1c2c4699ce5b2a3bc32594a4b7e29c24a4068f61563022cdc:clang-18.1.8-coverage-state-load-v1,gpt-5.6-sol-off,short-trace-final,all-arms,dynamic,Omega_hat_StateLoad,1334498244,0
dynamic::gpt-5.6-sol-off::all-arms::Omega_hat_StateLoad,gpt-5.6-sol-off::codecontests-test-1580f::short-trace-final,codecontests-test-1580f,14ddc455906166c8cc9ba66260dd1ee85ca6354b865eda03f0f3871dae33ae17:66cad223eb4b52b45ee49a6f14a923756f9c308fb0a2f62f02808d1d2491969e:clang-18.1.8-coverage-state-load-v1,gpt-5.6-sol-off,short-trace-final,all-arms,dynamic,Omega_hat_StateLoad,41166621651798,0
dynamic::gpt-5.6-sol-off::all-arms::Omega_hat_StateLoad,gpt-5.6-sol-off::codecontests-test-1580f::long-trace-final,codecontests-test-1580f,14ddc455906166c8cc9ba66260dd1ee85ca6354b865eda03f0f3871dae33ae17:d72b57384d564b166e605cb1fe15b30202227d8df8021b4e67f0275e92852971:clang-18.1.8-coverage-state-load-v1,gpt-5.6-sol-off,long-trace-final,all-arms,dynamic,Omega_hat_StateLoad,41173337298488,1
dynamic::gpt-5.6-sol-off::all-arms::Omega_hat_StateLoad,gpt-5.6-sol-off::codecontests-test-1580f::post-loop-state,codecontests-test-1580f,8526c634fe8de6d447557c0456ea3013ff50b851688579983204c869ac4dcb57:d72b57384d564b166e605cb1fe15b30202227d8df8021b4e67f0275e92852971:clang-18.1.8-coverage-state-load-v1,gpt-5.6-sol-off,post-loop-state,all-arms,dynamic,Omega_hat_StateLoad,41157233657412,0
dynamic::gpt-5.6-sol-off::all-arms::Omega_hat_StateLoad,gpt-5.6-sol-off::codecontests-test-1580f::inside-loop-state,codecontests-test-1580f,bfcc98152560bffe5dfc4d96ac7ad6087d8a47a1cf596714f45a7366a323508a:d72b57384d564b166e605cb1fe15b30202227d8df8021b4e67f0275e92852971:clang-18.1.8-coverage-state-load-v1,gpt-5.6-sol-off,inside-loop-state,all-arms,dynamic,Omega_hat_StateLoad,41157227775110,0
dynamic::gpt-5.6-sol-off::all-arms::Omega_hat_StateLoad,gpt-5.6-sol-off::codecontests-test-1586f::long-trace-final,codecontests-test-1586f,50fa6366595a53ba7e82bd4bc65563c718c29a2a4b9c1b4e6f80fab5bdeabd90:e7a0a218331b68b73ad7ba079fd54be2a7cd8090a6e96eba3f4ee3001dc1d2dc:clang-18.1.8-coverage-state-load-v1,gpt-5.6-sol-off,long-trace-final,all-arms,dynamic,Omega_hat_StateLoad,44184529715,0
dynamic::gpt-5.6-sol-off::all-arms::Omega_hat_StateLoad,gpt-5.6-sol-off::codecontests-test-1586f::short-trace-final,codecontests-test-1586f,50fa6366595a53ba7e82bd4bc65563c718c29a2a4b9c1b4e6f80fab5bdeabd90:ece3d232c1ca9ef8a80b6fdb1585b8f5cf653b9dd023b0521c8da64db859ffac:clang-18.1.8-coverage-state-load-v1,gpt-5.6-sol-off,short-trace-final,all-arms,dynamic,Omega_hat_StateLoad,145590447,1
dynamic::gpt-5.6-sol-off::all-arms::Omega_hat_StateLoad,gpt-5.6-sol-off::codecontests-test-1586f::inside-loop-state,codecontests-test-1586f,c2fff1ad8c28452ca3e75e2efc59934a22d91572d3cde13bc7c743de6d34b147:e7a0a218331b68b73ad7ba079fd54be2a7cd8090a6e96eba3f4ee3001dc1d2dc:clang-18.1.8-coverage-state-load-v1,gpt-5.6-sol-off,inside-loop-state,all-arms,dynamic,Omega_hat_StateLoad,4453997983,0
dynamic::gpt-5.6-sol-off::all-arms::Omega_hat_StateLoad,gpt-5.6-sol-off::codecontests-test-1586f::post-loop-state,codecontests-test-1586f,cf6f023469c0bb5ffbb00877e5468516893961999aa07f0ecb8ade5ed40b2096:e7a0a218331b68b73ad7ba079fd54be2a7cd8090a6e96eba3f4ee3001dc1d2dc:clang-18.1.8-coverage-state-load-v1,gpt-5.6-sol-off,post-loop-state,all-arms,dynamic,Omega_hat_StateLoad,4459054592,0
dynamic::gpt-5.6-sol-off::all-arms::Omega_hat_StateLoad,gpt-5.6-sol-off::codecontests-test-1598f::short-trace-final,codecontests-test-1598f,c86397161467c48a05a8a1c3b9d9cdc968122973e7759a52edbfee55607a0c48:0c302e793e9db86915c6163fbabb9d0a9976859eb54448cb12f96c3a4ff52328:clang-18.1.8-coverage-state-load-v1,gpt-5.6-sol-off,short-trace-final,all-arms,dynamic,Omega_hat_StateLoad,896,1
dynamic::gpt-5.6-sol-off::all-arms::Omega_hat_StateLoad,gpt-5.6-sol-off::codecontests-test-1598f::long-trace-final,codecontests-test-1598f,c86397161467c48a05a8a1c3b9d9cdc968122973e7759a52edbfee55607a0c48:7035767df0d876ec6a211af258eda3b340f5ba719f1d3c8f30d890596458ed17:clang-18.1.8-coverage-state-load-v1,gpt-5.6-sol-off,long-trace-final,all-arms,dynamic,Omega_hat_StateLoad,98536591,0
dynamic::gpt-5.6-sol-off::all-arms::Omega_hat_StateLoad,gpt-5.6-sol-off::codecontests-test-1598f::post-loop-state,codecontests-test-1598f,cb278e842ab865add5e5b08afeae6d96c07cdcbf64ca0a38de643e3879f68585:7035767df0d876ec6a211af258eda3b340f5ba719f1d3c8f30d890596458ed17:clang-18.1.8-coverage-state-load-v1,gpt-5.6-sol-off,post-loop-state,all-arms,dynamic,Omega_hat_StateLoad,1321625,1
dynamic::gpt-5.6-sol-off::all-arms::Omega_hat_StateLoad,gpt-5.6-sol-off::codecontests-test-1598f::inside-loop-state,codecontests-test-1598f,f41875fa3f7692eefec1a62e67928717fb5e40acf042c603e3120e581750a59b:7035767df0d876ec6a211af258eda3b340f5ba719f1d3c8f30d890596458ed17:clang-18.1.8-coverage-state-load-v1,gpt-5.6-sol-off,inside-loop-state,all-arms,dynamic,Omega_hat_StateLoad,1298913,0
dynamic::gpt-5.6-sol-off::all-arms::Omega_hat_StateLoad,gpt-5.6-sol-off::codecontests-test-1599d::inside-loop-state,codecontests-test-1599d,0a2dad56c9e815f7f708d26c2a62b89ce07f5ea76c71a50f36d86924cf05b943:e4a285c493f93a570627f5a05671eae6a4363f4464831e0f98d5ba3690d0ee67:clang-18.1.8-coverage-state-load-v1,gpt-5.6-sol-off,inside-loop-state,all-arms,dynamic,Omega_hat_StateLoad,11758615723,0
dynamic::gpt-5.6-sol-off::all-arms::Omega_hat_StateLoad,gpt-5.6-sol-off::codecontests-test-1599d::short-trace-final,codecontests-test-1599d,933b32aa65d3b25d1afa06e801f5b72dff619eaf7fc4ac6a4a0270e85d49214c:665093871dbe3de8e75d8a816a8378ca11e9e560947ddf4d94207a1e2173820b:clang-18.1.8-coverage-state-load-v1,gpt-5.6-sol-off,short-trace-final,all-arms,dynamic,Omega_hat_StateLoad,2823867851,0
dynamic::gpt-5.6-sol-off::all-arms::Omega_hat_StateLoad,gpt-5.6-sol-off::codecontests-test-1599d::long-trace-final,codecontests-test-1599d,933b32aa65d3b25d1afa06e801f5b72dff619eaf7fc4ac6a4a0270e85d49214c:e4a285c493f93a570627f5a05671eae6a4363f4464831e0f98d5ba3690d0ee67:clang-18.1.8-coverage-state-load-v1,gpt-5.6-sol-off,long-trace-final,all-arms,dynamic,Omega_hat_StateLoad,12567049367,0
dynamic::gpt-5.6-sol-off::all-arms::Omega_hat_StateLoad,gpt-5.6-sol-off::codecontests-test-1599d::post-loop-state,codecontests-test-1599d,aa9020619d95e0c11306c231f42dc16fbedc1b8833557cfba9a3855ceab5d625:e4a285c493f93a570627f5a05671eae6a4363f4464831e0f98d5ba3690d0ee67:clang-18.1.8-coverage-state-load-v1,gpt-5.6-sol-off,post-loop-state,all-arms,dynamic,Omega_hat_StateLoad,11898690449,0
dynamic::gpt-5.6-sol-off::all-arms::Omega_hat_StateLoad,gpt-5.6-sol-off::codecontests-test-1599j::post-loop-state,codecontests-test-1599j,3435dafe215df6aaa0d67c6cfc947efc0a0e44650fe50967a6ba0b248d4b7fe6:cf6d365ac492de069f119d50091851656ea5679fa08c558d3f071a383b4e0df0:clang-18.1.8-coverage-state-load-v1,gpt-5.6-sol-off,post-loop-state,all-arms,dynamic,Omega_hat_StateLoad,564916,0
dynamic::gpt-5.6-sol-off::all-arms::Omega_hat_StateLoad,gpt-5.6-sol-off::codecontests-test-1599j::short-trace-final,codecontests-test-1599j,ab4e36e90fc02ef9ec4e2ca7dec9cf4caee8e6aaeed78b0ea3ac83c28ac8147c:15a15c047478f3e0e3cab6ed3f632a29e89952fba136b5a78394d1c0ad79c6e5:clang-18.1.8-coverage-state-load-v1,gpt-5.6-sol-off,short-trace-final,all-arms,dynamic,Omega_hat_StateLoad,9170,0
dynamic::gpt-5.6-sol-off::all-arms::Omega_hat_StateLoad,gpt-5.6-sol-off::codecontests-test-1599j::long-trace-final,codecontests-test-1599j,ab4e36e90fc02ef9ec4e2ca7dec9cf4caee8e6aaeed78b0ea3ac83c28ac8147c:cf6d365ac492de069f119d50091851656ea5679fa08c558d3f071a383b4e0df0:clang-18.1.8-coverage-state-load-v1,gpt-5.6-sol-off,long-trace-final,all-arms,dynamic,Omega_hat_StateLoad,12322184,0
dynamic::gpt-5.6-sol-off::all-arms::Omega_hat_StateLoad,gpt-5.6-sol-off::codecontests-test-1599j::inside-loop-state,codecontests-test-1599j,b327432c0b51f79599142f457651ed07c753892f7bc8fc32eae261455a14a8df:cf6d365ac492de069f119d50091851656ea5679fa08c558d3f071a383b4e0df0:clang-18.1.8-coverage-state-load-v1,gpt-5.6-sol-off,inside-loop-state,all-arms,dynamic,Omega_hat_StateLoad,475722,0
dynamic::gpt-5.6-sol-off::all-arms::Omega_hat_StateLoad,gpt-5.6-sol-off::codecontests-test-1603e::long-trace-final,codecontests-test-1603e,d7fe25a19d626e555247a54b1650138c821111d60e20cca5c73ec3112ca1e525:16115f14b1d3589d0841b36fa922b477b58347dad5e3d021df0ae33ab64fa7a6:clang-18.1.8-coverage-state-load-v1,gpt-5.6-sol-off,long-trace-final,all-arms,dynamic,Omega_hat_StateLoad,4501797683908,0
dynamic::gpt-5.6-sol-off::all-arms::Omega_hat_StateLoad,gpt-5.6-sol-off::codecontests-test-1603e::short-trace-final,codecontests-test-1603e,d7fe25a19d626e555247a54b1650138c821111d60e20cca5c73ec3112ca1e525:56128c78d54bd858b1f0a7710cc6ed6c0ee23efbe9034d42dc8ce6339a26f6bf:clang-18.1.8-coverage-state-load-v1,gpt-5.6-sol-off,short-trace-final,all-arms,dynamic,Omega_hat_StateLoad,909408818,0
dynamic::gpt-5.6-sol-off::all-arms::Omega_hat_StateLoad,gpt-5.6-sol-off::codecontests-test-1603e::inside-loop-state,codecontests-test-1603e,f3186b205da6d6dcc9ea29d1c2d2e8b3e694f96a5c55cf87108c065fb309d17d:16115f14b1d3589d0841b36fa922b477b58347dad5e3d021df0ae33ab64fa7a6:clang-18.1.8-coverage-state-load-v1,gpt-5.6-sol-off,inside-loop-state,all-arms,dynamic,Omega_hat_StateLoad,189201355791,0
dynamic::gpt-5.6-sol-off::all-arms::Omega_hat_StateLoad,gpt-5.6-sol-off::codecontests-test-1603e::post-loop-state,codecontests-test-1603e,f412e755c350f9ce1c88cfff52e57c62ae92474f822504d6558ee65de9e4ed4d:16115f14b1d3589d0841b36fa922b477b58347dad5e3d021df0ae33ab64fa7a6:clang-18.1.8-coverage-state-load-v1,gpt-5.6-sol-off,post-loop-state,all-arms,dynamic,Omega_hat_StateLoad,194205315507,1
dynamic::gpt-5.6-sol-off::all-arms::Omega_hat_StateLoad,gpt-5.6-sol-off::codecontests-test-1608e::short-trace-final,codecontests-test-1608e,646dbc65fdea7bc8e3170908e4578902800b470e97d05e2454f0d26884e92df7:a2f5b5c4b5f17740e75fa5913cbf0bcde3191c7cb615765a3dfa89ab90e0e728:clang-18.1.8-coverage-state-load-v1,gpt-5.6-sol-off,short-trace-final,all-arms,dynamic,Omega_hat_StateLoad,62438640242,0
dynamic::gpt-5.6-sol-off::all-arms::Omega_hat_StateLoad,gpt-5.6-sol-off::codecontests-test-1608e::long-trace-final,codecontests-test-1608e,646dbc65fdea7bc8e3170908e4578902800b470e97d05e2454f0d26884e92df7:f55be964bd2cc68afe5b9ad8f942604e10918169e7160750406727f80984c504:clang-18.1.8-coverage-state-load-v1,gpt-5.6-sol-off,long-trace-final,all-arms,dynamic,Omega_hat_StateLoad,405236280252,0
dynamic::gpt-5.6-sol-off::all-arms::Omega_hat_StateLoad,gpt-5.6-sol-off::codecontests-test-1608e::inside-loop-state,codecontests-test-1608e,667c28dbcfd364ae586ae9cd21bf6fd959db38f0147f2a6cb6289ec447eb9a22:f55be964bd2cc68afe5b9ad8f942604e10918169e7160750406727f80984c504:clang-18.1.8-coverage-state-load-v1,gpt-5.6-sol-off,inside-loop-state,all-arms,dynamic,Omega_hat_StateLoad,175461364750,0
dynamic::gpt-5.6-sol-off::all-arms::Omega_hat_StateLoad,gpt-5.6-sol-off::codecontests-test-1608e::post-loop-state,codecontests-test-1608e,b3c2da25bedf53cb9761b05fae26f46e4cf88607b5e31132dd26180b52bbaf2b:f55be964bd2cc68afe5b9ad8f942604e10918169e7160750406727f80984c504:clang-18.1.8-coverage-state-load-v1,gpt-5.6-sol-off,post-loop-state,all-arms,dynamic,Omega_hat_StateLoad,189044239492,1
dynamic::gpt-5.6-sol-off::all-arms::Omega_hat_StateLoad,gpt-5.6-sol-off::codecontests-test-1608f::short-trace-final,codecontests-test-1608f,3b1188cf9f4294e77fd38eb7d8098dfcfb19fbdd0ef6e9a3fe8d63adfeb2abbf:8ad616db4fe9bd467b7ab16879f97c77503d2b22431ce9705293bfe707f20a7f:clang-18.1.8-coverage-state-load-v1,gpt-5.6-sol-off,short-trace-final,all-arms,dynamic,Omega_hat_StateLoad,151484570,0
dynamic::gpt-5.6-sol-off::all-arms::Omega_hat_StateLoad,gpt-5.6-sol-off::codecontests-test-1608f::long-trace-final,codecontests-test-1608f,3b1188cf9f4294e77fd38eb7d8098dfcfb19fbdd0ef6e9a3fe8d63adfeb2abbf:b3e5d9410e92ec6feb64678dbc4fc691cb4660d89a83baf0e0a219123c05b450:clang-18.1.8-coverage-state-load-v1,gpt-5.6-sol-off,long-trace-final,all-arms,dynamic,Omega_hat_StateLoad,54207437289,0
dynamic::gpt-5.6-sol-off::all-arms::Omega_hat_StateLoad,gpt-5.6-sol-off::codecontests-test-1608f::post-loop-state,codecontests-test-1608f,ef77878c7f3b869738b3ff6a4965c679f33909d0914e136f66f6c522b7b20c01:b3e5d9410e92ec6feb64678dbc4fc691cb4660d89a83baf0e0a219123c05b450:clang-18.1.8-coverage-state-load-v1,gpt-5.6-sol-off,post-loop-state,all-arms,dynamic,Omega_hat_StateLoad,20758637829,0
dynamic::gpt-5.6-sol-off::all-arms::Omega_hat_StateLoad,gpt-5.6-sol-off::codecontests-test-1615g::post-loop-state,codecontests-test-1615g,0933389f16bc0f8f1a15f83914fd800b2881de1ed6b02e9104c48207b1cde312:73a6420953313f0860ecac8f963f63bd594f27eacb54f75047c6e7f224445982:clang-18.1.8-coverage-state-load-v1,gpt-5.6-sol-off,post-loop-state,all-arms,dynamic,Omega_hat_StateLoad,6582454,0
dynamic::gpt-5.6-sol-off::all-arms::Omega_hat_StateLoad,gpt-5.6-sol-off::codecontests-test-1615g::inside-loop-state,codecontests-test-1615g,acc1b2cc8cfb5ad702c4fd69f49f49e609d604888c2fc3c44a8fa83a57d3de81:73a6420953313f0860ecac8f963f63bd594f27eacb54f75047c6e7f224445982:clang-18.1.8-coverage-state-load-v1,gpt-5.6-sol-off,inside-loop-state,all-arms,dynamic,Omega_hat_StateLoad,6401288,0
dynamic::gpt-5.6-sol-off::all-arms::Omega_hat_StateLoad,gpt-5.6-sol-off::codecontests-test-1615g::long-trace-final,codecontests-test-1615g,ad373333e07dc4e3b058568facb985af09bac3ef8991907c430b33236999f394:73a6420953313f0860ecac8f963f63bd594f27eacb54f75047c6e7f224445982:clang-18.1.8-coverage-state-load-v1,gpt-5.6-sol-off,long-trace-final,all-arms,dynamic,Omega_hat_StateLoad,2793543,0
dynamic::gpt-5.6-sol-off::all-arms::Omega_hat_StateLoad,gpt-5.6-sol-off::codecontests-test-1615g::short-trace-final,codecontests-test-1615g,ad373333e07dc4e3b058568facb985af09bac3ef8991907c430b33236999f394:8b8d92f6cd116121a9e352a9d6bbbeea5f82cc1c848aaea202eee9901fb39d86:clang-18.1.8-coverage-state-load-v1,gpt-5.6-sol-off,short-trace-final,all-arms,dynamic,Omega_hat_StateLoad,6874,1
dynamic::gpt-5.6-sol-off::all-arms::Omega_hat_StateLoad,gpt-5.6-sol-off::codecontests-test-1615h::post-loop-state,codecontests-test-1615h,6bac151ec0f25226a8145178cf0e367fb811beb86ff6196070e20565c4d00642:76e3b7b1ea299988012bab23cbfde0d8790d1c57e7f0994947beee3f546bc9a5:clang-18.1.8-coverage-state-load-v1,gpt-5.6-sol-off,post-loop-state,all-arms,dynamic,Omega_hat_StateLoad,205469759,0
dynamic::gpt-5.6-sol-off::all-arms::Omega_hat_StateLoad,gpt-5.6-sol-off::codecontests-test-1615h::long-trace-final,codecontests-test-1615h,a71a99b21177af38ad289c00ff979be40a690e727f285153ed3faee690b3a321:76e3b7b1ea299988012bab23cbfde0d8790d1c57e7f0994947beee3f546bc9a5:clang-18.1.8-coverage-state-load-v1,gpt-5.6-sol-off,long-trace-final,all-arms,dynamic,Omega_hat_StateLoad,316956724,0
dynamic::gpt-5.6-sol-off::all-arms::Omega_hat_StateLoad,gpt-5.6-sol-off::codecontests-test-1615h::short-trace-final,codecontests-test-1615h,a71a99b21177af38ad289c00ff979be40a690e727f285153ed3faee690b3a321:7f143eea0a3c840bf12e8184b4972d492f981fbb9a266339cd86299dae1d4413:clang-18.1.8-coverage-state-load-v1,gpt-5.6-sol-off,short-trace-final,all-arms,dynamic,Omega_hat_StateLoad,168597991,0
dynamic::gpt-5.6-sol-off::all-arms::Omega_hat_StateLoad,gpt-5.6-sol-off::codecontests-test-1615h::inside-loop-state,codecontests-test-1615h,bb1f2ab66b584a159dee436bfee61e9740c864d881dce54d93f0220164d96c1a:76e3b7b1ea299988012bab23cbfde0d8790d1c57e7f0994947beee3f546bc9a5:clang-18.1.8-coverage-state-load-v1,gpt-5.6-sol-off,inside-loop-state,all-arms,dynamic,Omega_hat_StateLoad,204519776,0
dynamic::gpt-5.6-sol-off::all-arms::Omega_hat_StateLoad,gpt-5.6-sol-off::codecontests-test-1617e::inside-loop-state,codecontests-test-1617e,395db0129fb099ac1b5af30458379f3c64b2c8e1ba3267544689e9a721e0a1a2:f34973899b03d91dd93fd9ca7bca992fc2b381fea1800c11fc29bf25c01efe97:clang-18.1.8-coverage-state-load-v1,gpt-5.6-sol-off,inside-loop-state,all-arms,dynamic,Omega_hat_StateLoad,274981556,0
dynamic::gpt-5.6-sol-off::all-arms::Omega_hat_StateLoad,gpt-5.6-sol-off::codecontests-test-1617e::post-loop-state,codecontests-test-1617e,a34fa455cb2724c38f9fc74f8d38161dbfbff4a0a0d9c9c94c1bfa734b45a015:f34973899b03d91dd93fd9ca7bca992fc2b381fea1800c11fc29bf25c01efe97:clang-18.1.8-coverage-state-load-v1,gpt-5.6-sol-off,post-loop-state,all-arms,dynamic,Omega_hat_StateLoad,302812024,0
dynamic::gpt-5.6-sol-off::all-arms::Omega_hat_StateLoad,gpt-5.6-sol-off::codecontests-test-1617e::short-trace-final,codecontests-test-1617e,c416bb8d3b25fd4c76bdb6e17ff595707f9479e2af79b63f90090979b8df2512:7a8e064d952789abfdfd6043d44530bd5de0228d7963b1c4a3a194695b246bdd:clang-18.1.8-coverage-state-load-v1,gpt-5.6-sol-off,short-trace-final,all-arms,dynamic,Omega_hat_StateLoad,208350789,0
dynamic::gpt-5.6-sol-off::all-arms::Omega_hat_StateLoad,gpt-5.6-sol-off::codecontests-test-1617e::long-trace-final,codecontests-test-1617e,c416bb8d3b25fd4c76bdb6e17ff595707f9479e2af79b63f90090979b8df2512:f34973899b03d91dd93fd9ca7bca992fc2b381fea1800c11fc29bf25c01efe97:clang-18.1.8-coverage-state-load-v1,gpt-5.6-sol-off,long-trace-final,all-arms,dynamic,Omega_hat_StateLoad,4912863519,0
dynamic::gpt-5.6-sol-off::all-arms::Omega_hat_StateLoad,gpt-5.6-sol-off::codecontests-test-1620g::post-loop-state,codecontests-test-1620g,90b42a3a02b64368871b040777d72a1fae560ae9bae9612e2ab271e58b363cec:d17fc49cd397378f23ba09a1d25ed63dd16e1ca27e2fef716941dab7e3d260e9:clang-18.1.8-coverage-state-load-v1,gpt-5.6-sol-off,post-loop-state,all-arms,dynamic,Omega_hat_StateLoad,10058693310,0
dynamic::gpt-5.6-sol-off::all-arms::Omega_hat_StateLoad,gpt-5.6-sol-off::codecontests-test-1620g::short-trace-final,codecontests-test-1620g,dc5b0364fffb69d059ac406180373038b2947bf8b018c0eb5ad6bdab89607c28:47fdb134316707b54ae926b4ba0b8e2ffa13b01f961ee3bdbd4367e9493f9d43:clang-18.1.8-coverage-state-load-v1,gpt-5.6-sol-off,short-trace-final,all-arms,dynamic,Omega_hat_StateLoad,2156032471,0
dynamic::gpt-5.6-sol-off::all-arms::Omega_hat_StateLoad,gpt-5.6-sol-off::codecontests-test-1620g::long-trace-final,codecontests-test-1620g,dc5b0364fffb69d059ac406180373038b2947bf8b018c0eb5ad6bdab89607c28:d17fc49cd397378f23ba09a1d25ed63dd16e1ca27e2fef716941dab7e3d260e9:clang-18.1.8-coverage-state-load-v1,gpt-5.6-sol-off,long-trace-final,all-arms,dynamic,Omega_hat_StateLoad,48229717663,0
dynamic::gpt-5.6-sol-off::all-arms::Omega_hat_StateLoad,gpt-5.6-sol-off::codecontests-test-1620g::inside-loop-state,codecontests-test-1620g,f68b5d2afda3ef6b63ec68b53e390dc857f47e5bdf2f3f2e1081414a31775f0d:d17fc49cd397378f23ba09a1d25ed63dd16e1ca27e2fef716941dab7e3d260e9:clang-18.1.8-coverage-state-load-v1,gpt-5.6-sol-off,inside-loop-state,all-arms,dynamic,Omega_hat_StateLoad,10033525628,0
dynamic::gpt-5.6-sol-off::all-arms::Omega_hat_StateLoad,gpt-5.6-sol-off::codecontests-validation-1552g::short-trace-final,codecontests-validation-1552g,89b65341f1c6fe3a0a9df0a69ade235027daa7f39d3002954f6f632919791b3f:6575c487ddb8c661ec94ac0aa126db71015d196d35a568acfd62ad87a004ec72:clang-18.1.8-coverage-state-load-v1,gpt-5.6-sol-off,short-trace-final,all-arms,dynamic,Omega_hat_StateLoad,95040,1
dynamic::gpt-5.6-sol-off::all-arms::Omega_hat_StateLoad,gpt-5.6-sol-off::codecontests-validation-1552g::long-trace-final,codecontests-validation-1552g,89b65341f1c6fe3a0a9df0a69ade235027daa7f39d3002954f6f632919791b3f:a23a879e789c630dbbae0133f0eb5577c8e5e3a711d2d32ec6d6c244f930f0a1:clang-18.1.8-coverage-state-load-v1,gpt-5.6-sol-off,long-trace-final,all-arms,dynamic,Omega_hat_StateLoad,351855,1
dynamic::gpt-5.6-sol-off::all-arms::Omega_hat_StateLoad,gpt-5.6-sol-off::codecontests-validation-1552g::post-loop-state,codecontests-validation-1552g,b5f0a9481460f80246bf1a24dda90224f8dc49a793565d9ab27a357e86c4e053:a23a879e789c630dbbae0133f0eb5577c8e5e3a711d2d32ec6d6c244f930f0a1:clang-18.1.8-coverage-state-load-v1,gpt-5.6-sol-off,post-loop-state,all-arms,dynamic,Omega_hat_StateLoad,56528,0
dynamic::gpt-5.6-sol-off::all-arms::Omega_hat_StateLoad,gpt-5.6-sol-off::codecontests-validation-1552g::inside-loop-state,codecontests-validation-1552g,feb96da038972104d010503bb0068d9694d4cebae2d34993c61d2dcd7002c600:a23a879e789c630dbbae0133f0eb5577c8e5e3a711d2d32ec6d6c244f930f0a1:clang-18.1.8-coverage-state-load-v1,gpt-5.6-sol-off,inside-loop-state,all-arms,dynamic,Omega_hat_StateLoad,54746,0
dynamic::gpt-5.6-sol-off::all-arms::Omega_hat_StateLoad,gpt-5.6-sol-off::codecontests-validation-1553h::inside-loop-state,codecontests-validation-1553h,261f2a5460690985d0feaadb3435366c997ed89f15809dc921c0a13726ae899d:37a901c4f91c375e5b2ce915089751f68aa2f80e3a9590fee8edc1247ea80612:clang-18.1.8-coverage-state-load-v1,gpt-5.6-sol-off,inside-loop-state,all-arms,dynamic,Omega_hat_StateLoad,270178,0
dynamic::gpt-5.6-sol-off::all-arms::Omega_hat_StateLoad,gpt-5.6-sol-off::codecontests-validation-1553h::long-trace-final,codecontests-validation-1553h,6e44abb67b8129df7e6c9c2bb7f0603020a46107f0b5aaa85480dcf00b6d8ee5:37a901c4f91c375e5b2ce915089751f68aa2f80e3a9590fee8edc1247ea80612:clang-18.1.8-coverage-state-load-v1,gpt-5.6-sol-off,long-trace-final,all-arms,dynamic,Omega_hat_StateLoad,288995,0
dynamic::gpt-5.6-sol-off::all-arms::Omega_hat_StateLoad,gpt-5.6-sol-off::codecontests-validation-1553h::short-trace-final,codecontests-validation-1553h,6e44abb67b8129df7e6c9c2bb7f0603020a46107f0b5aaa85480dcf00b6d8ee5:4f701d041f6b57b35a63af3be10f040298aa86385ad4da04b1daa6df2663a712:clang-18.1.8-coverage-state-load-v1,gpt-5.6-sol-off,short-trace-final,all-arms,dynamic,Omega_hat_StateLoad,7814,0
dynamic::gpt-5.6-sol-off::all-arms::Omega_hat_StateLoad,gpt-5.6-sol-off::codecontests-validation-1553h::post-loop-state,codecontests-validation-1553h,a0fc871a1b48fb4e584cbafab20aa03968f5864a8503fcc17f35616d670b41fb:37a901c4f91c375e5b2ce915089751f68aa2f80e3a9590fee8edc1247ea80612:clang-18.1.8-coverage-state-load-v1,gpt-5.6-sol-off,post-loop-state,all-arms,dynamic,Omega_hat_StateLoad,275715,0
dynamic::gpt-5.6-sol-off::all-arms::Omega_hat_StateLoad,gpt-5.6-sol-off::codecontests-validation-1556f::inside-loop-state,codecontests-validation-1556f,0e7c6745273acd61e256dc45eed260d91a4acbd2606e470d7a226f83219ed9a3:360f25d334dd3eaa6f292d435c7982dff837d18936d1fefe83699b0b1d6fbc85:clang-18.1.8-coverage-state-load-v1,gpt-5.6-sol-off,inside-loop-state,all-arms,dynamic,Omega_hat_StateLoad,329414216,0
dynamic::gpt-5.6-sol-off::all-arms::Omega_hat_StateLoad,gpt-5.6-sol-off::codecontests-validation-1556f::post-loop-state,codecontests-validation-1556f,355b4d9cf793a850c31de90bbad276f4be650b3ce01e56f464054f85d4c2ec45:360f25d334dd3eaa6f292d435c7982dff837d18936d1fefe83699b0b1d6fbc85:clang-18.1.8-coverage-state-load-v1,gpt-5.6-sol-off,post-loop-state,all-arms,dynamic,Omega_hat_StateLoad,28447327936,0
dynamic::gpt-5.6-sol-off::all-arms::Omega_hat_StateLoad,gpt-5.6-sol-off::codecontests-validation-1556f::long-trace-final,codecontests-validation-1556f,67dbad2177030b263347ba9ff0c3aa5d2e1eb57d456d177fad25eee3f31a9a76:360f25d334dd3eaa6f292d435c7982dff837d18936d1fefe83699b0b1d6fbc85:clang-18.1.8-coverage-state-load-v1,gpt-5.6-sol-off,long-trace-final,all-arms,dynamic,Omega_hat_StateLoad,29408855404,0
dynamic::gpt-5.6-sol-off::all-arms::Omega_hat_StateLoad,gpt-5.6-sol-off::codecontests-validation-1556f::short-trace-final,codecontests-validation-1556f,67dbad2177030b263347ba9ff0c3aa5d2e1eb57d456d177fad25eee3f31a9a76:fdcb27265764b2a73c62380d364aa177b18028a2d6fffe621bac5a23affde265:clang-18.1.8-coverage-state-load-v1,gpt-5.6-sol-off,short-trace-final,all-arms,dynamic,Omega_hat_StateLoad,14256,0
dynamic::gpt-5.6-sol-off::all-arms::Omega_hat_StateLoad,gpt-5.6-sol-off::codecontests-validation-1567f::inside-loop-state,codecontests-validation-1567f,05cf93795d2245abb6f842b4f278fe70746b159f5aba398e285981a3d3ab0415:5ca513ae33f231741e8f5bce074557104f0ac96debe4329731eb41fe859f6fa9:clang-18.1.8-coverage-state-load-v1,gpt-5.6-sol-off,inside-loop-state,all-arms,dynamic,Omega_hat_StateLoad,978954476445,0
dynamic::gpt-5.6-sol-off::all-arms::Omega_hat_StateLoad,gpt-5.6-sol-off::codecontests-validation-1567f::long-trace-final,codecontests-validation-1567f,1d2e0467d959ffad5c713fa10c2142c44b5f542e00ce390504aea6f73e976053:5ca513ae33f231741e8f5bce074557104f0ac96debe4329731eb41fe859f6fa9:clang-18.1.8-coverage-state-load-v1,gpt-5.6-sol-off,long-trace-final,all-arms,dynamic,Omega_hat_StateLoad,981523833176,0
dynamic::gpt-5.6-sol-off::all-arms::Omega_hat_StateLoad,gpt-5.6-sol-off::codecontests-validation-1567f::short-trace-final,codecontests-validation-1567f,1d2e0467d959ffad5c713fa10c2142c44b5f542e00ce390504aea6f73e976053:8ac1f9fa9e2847575b2ced3fd892b2845557a6c485f5fa9413a699b8efbc3ad3:clang-18.1.8-coverage-state-load-v1,gpt-5.6-sol-off,short-trace-final,all-arms,dynamic,Omega_hat_StateLoad,977810827294,0
dynamic::gpt-5.6-sol-off::all-arms::Omega_hat_StateLoad,gpt-5.6-sol-off::codecontests-validation-1567f::post-loop-state,codecontests-validation-1567f,91b04a25af0d8354eca4b22a5c307be7e0d71719c1e56c1036c67f37cec6a7d0:5ca513ae33f231741e8f5bce074557104f0ac96debe4329731eb41fe859f6fa9:clang-18.1.8-coverage-state-load-v1,gpt-5.6-sol-off,post-loop-state,all-arms,dynamic,Omega_hat_StateLoad,978984848378,0
dynamic::gpt-5.6-sol-off::all-arms::Omega_hat_StateLoad,gpt-5.6-sol-off::codecontests-validation-1569e::inside-loop-state,codecontests-validation-1569e,8c7846a3a40110fa05257b67da8e6f63f945c711305a1df88b97e8d00396db64:b5fabe923ecc6b7534566fbeb72577fd896c2d74b9374afe3bed49a16217cf73:clang-18.1.8-coverage-state-load-v1,gpt-5.6-sol-off,inside-loop-state,all-arms,dynamic,Omega_hat_StateLoad,28664383,0
dynamic::gpt-5.6-sol-off::all-arms::Omega_hat_StateLoad,gpt-5.6-sol-off::codecontests-validation-1569e::post-loop-state,codecontests-validation-1569e,b6b18517a3e59e80fb145dd8b32144c363e2872690c8f1c80a42a71bbc7adff3:b5fabe923ecc6b7534566fbeb72577fd896c2d74b9374afe3bed49a16217cf73:clang-18.1.8-coverage-state-load-v1,gpt-5.6-sol-off,post-loop-state,all-arms,dynamic,Omega_hat_StateLoad,314421572899,0
dynamic::gpt-5.6-sol-off::all-arms::Omega_hat_StateLoad,gpt-5.6-sol-off::codecontests-validation-1569e::short-trace-final,codecontests-validation-1569e,d7b30d4383431a38ca1bd0ea4847aec892b939921afb04a5e0975d8dfe5a98c9:479def58965386a05050611157259ef82bfeb49b520e8bff8f6ffde3b23af8a8:clang-18.1.8-coverage-state-load-v1,gpt-5.6-sol-off,short-trace-final,all-arms,dynamic,Omega_hat_StateLoad,2080621,0
dynamic::gpt-5.6-sol-off::all-arms::Omega_hat_StateLoad,gpt-5.6-sol-off::codecontests-validation-1569e::long-trace-final,codecontests-validation-1569e,d7b30d4383431a38ca1bd0ea4847aec892b939921afb04a5e0975d8dfe5a98c9:b5fabe923ecc6b7534566fbeb72577fd896c2d74b9374afe3bed49a16217cf73:clang-18.1.8-coverage-state-load-v1,gpt-5.6-sol-off,long-trace-final,all-arms,dynamic,Omega_hat_StateLoad,1344652839825,0
dynamic::gpt-5.6-sol-off::all-arms::Omega_hat_StateLoad,gpt-5.6-sol-off::codecontests-validation-1569f::long-trace-final,codecontests-validation-1569f,2301e337b5fb3f9549acef3c07f9bd5019e6234c7a2311a7c4f57763e18e5b83:0b0d290fe1c8a4b6c275d3cd68f10e26117cce6a7a535e05cb67a9483c2ca982:clang-18.1.8-coverage-state-load-v1,gpt-5.6-sol-off,long-trace-final,all-arms,dynamic,Omega_hat_StateLoad,31005550097240,1
dynamic::gpt-5.6-sol-off::all-arms::Omega_hat_StateLoad,gpt-5.6-sol-off::codecontests-validation-1569f::short-trace-final,codecontests-validation-1569f,2301e337b5fb3f9549acef3c07f9bd5019e6234c7a2311a7c4f57763e18e5b83:26b7657bcd3b796488b0a9677b14cced50fbbf3da549885bc44c2917cf610cff:clang-18.1.8-coverage-state-load-v1,gpt-5.6-sol-off,short-trace-final,all-arms,dynamic,Omega_hat_StateLoad,30961555303243,0
dynamic::gpt-5.6-sol-off::all-arms::Omega_hat_StateLoad,gpt-5.6-sol-off::codecontests-validation-1569f::post-loop-state,codecontests-validation-1569f,9b44483ac309757aa4c354b7152a87dcbcef7f14befc99fd5d5420fba2550477:0b0d290fe1c8a4b6c275d3cd68f10e26117cce6a7a535e05cb67a9483c2ca982:clang-18.1.8-coverage-state-load-v1,gpt-5.6-sol-off,post-loop-state,all-arms,dynamic,Omega_hat_StateLoad,30965722726988,0
dynamic::gpt-5.6-sol-off::all-arms::Omega_hat_StateLoad,gpt-5.6-sol-off::codecontests-validation-1569f::inside-loop-state,codecontests-validation-1569f,bd6341080b17f11d66607db0012ce4f3cf4107ce205c35c39ff21ea2a4d40857:0b0d290fe1c8a4b6c275d3cd68f10e26117cce6a7a535e05cb67a9483c2ca982:clang-18.1.8-coverage-state-load-v1,gpt-5.6-sol-off,inside-loop-state,all-arms,dynamic,Omega_hat_StateLoad,30965699084189,0
dynamic::gpt-5.6-sol-off::all-arms::Omega_hat_StateLoad,gpt-5.6-sol-off::codecontests-validation-1572d::post-loop-state,codecontests-validation-1572d,10b3ea8d407a851cbb94d856638ba9ee3b5658eb0b43ab595c686887ee58e23a:2215213a1789f807060a057e634ddb262a27f09b8292f964f58f42acbe1d0616:clang-18.1.8-coverage-state-load-v1,gpt-5.6-sol-off,post-loop-state,all-arms,dynamic,Omega_hat_StateLoad,10976962293,0
dynamic::gpt-5.6-sol-off::all-arms::Omega_hat_StateLoad,gpt-5.6-sol-off::codecontests-validation-1572d::long-trace-final,codecontests-validation-1572d,4ef728a87836baeb0af64467718c76401006223c75d5b80c74b59eb56b109b72:2215213a1789f807060a057e634ddb262a27f09b8292f964f58f42acbe1d0616:clang-18.1.8-coverage-state-load-v1,gpt-5.6-sol-off,long-trace-final,all-arms,dynamic,Omega_hat_StateLoad,9933542529,1
dynamic::gpt-5.6-sol-off::all-arms::Omega_hat_StateLoad,gpt-5.6-sol-off::codecontests-validation-1572d::short-trace-final,codecontests-validation-1572d,4ef728a87836baeb0af64467718c76401006223c75d5b80c74b59eb56b109b72:eb418658a51efc355a88b1c44df821bcabf17ae92e052c3f3f3790755404491d:clang-18.1.8-coverage-state-load-v1,gpt-5.6-sol-off,short-trace-final,all-arms,dynamic,Omega_hat_StateLoad,4040733206,0
dynamic::gpt-5.6-sol-off::all-arms::Omega_hat_StateLoad,gpt-5.6-sol-off::codecontests-validation-1572d::inside-loop-state,codecontests-validation-1572d,e4be3de81a2d2af89166e441b8d5adf8e73d19e2c217707d996b1af00c028ff1:2215213a1789f807060a057e634ddb262a27f09b8292f964f58f42acbe1d0616:clang-18.1.8-coverage-state-load-v1,gpt-5.6-sol-off,inside-loop-state,all-arms,dynamic,Omega_hat_StateLoad,10817965812,0
dynamic::gpt-5.6-sol-off::all-arms::Omega_hat_StateLoad,gpt-5.6-sol-off::codecontests-validation-1572e::post-loop-state,codecontests-validation-1572e,437fad31af4f51960c3b7aff0ceecd6ad236aeccd08417e320d5ef307f021027:ce0eb773178bbc4bdc901ed4555433f201b9cbbd416231d7a0b82b41c1e59270:clang-18.1.8-coverage-state-load-v1,gpt-5.6-sol-off,post-loop-state,all-arms,dynamic,Omega_hat_StateLoad,284284662,0
dynamic::gpt-5.6-sol-off::all-arms::Omega_hat_StateLoad,gpt-5.6-sol-off::codecontests-validation-1572e::inside-loop-state,codecontests-validation-1572e,a29023c7f4c26bae0b4eef37581882d729a33402e3f2d96d9c4e4e82f216cc0f:ce0eb773178bbc4bdc901ed4555433f201b9cbbd416231d7a0b82b41c1e59270:clang-18.1.8-coverage-state-load-v1,gpt-5.6-sol-off,inside-loop-state,all-arms,dynamic,Omega_hat_StateLoad,268420712,0
dynamic::gpt-5.6-sol-off::all-arms::Omega_hat_StateLoad,gpt-5.6-sol-off::codecontests-validation-1572e::short-trace-final,codecontests-validation-1572e,c6871efc570f44806a970f43053b081d731f519c2b4a95b2aa54ee53df958fcf:c8391dd8e574d61edf3a7c188f1bce010f51566bb2347b029afb3faa08679767:clang-18.1.8-coverage-state-load-v1,gpt-5.6-sol-off,short-trace-final,all-arms,dynamic,Omega_hat_StateLoad,2943713730,1
dynamic::gpt-5.6-sol-off::all-arms::Omega_hat_StateLoad,gpt-5.6-sol-off::codecontests-validation-1572e::long-trace-final,codecontests-validation-1572e,c6871efc570f44806a970f43053b081d731f519c2b4a95b2aa54ee53df958fcf:ce0eb773178bbc4bdc901ed4555433f201b9cbbd416231d7a0b82b41c1e59270:clang-18.1.8-coverage-state-load-v1,gpt-5.6-sol-off,long-trace-final,all-arms,dynamic,Omega_hat_StateLoad,17161896034,0
dynamic::gpt-5.6-sol-off::all-arms::Omega_hat_StateLoad,gpt-5.6-sol-off::codecontests-validation-1574f::inside-loop-state,codecontests-validation-1574f,54d2aa075790d96b16094d1110b1ff4cc42e649f39b55cf10a14e19f5a25bdd0:03d3d7a8c8364341064965d240bc633999a3624096573e7dd9ff9b2e4332d221:clang-18.1.8-coverage-state-load-v1,gpt-5.6-sol-off,inside-loop-state,all-arms,dynamic,Omega_hat_StateLoad,35511036245914,0
dynamic::gpt-5.6-sol-off::all-arms::Omega_hat_StateLoad,gpt-5.6-sol-off::codecontests-validation-1574f::long-trace-final,codecontests-validation-1574f,7daa73692acaf41812edcde3c45ecdfa6e0c91a99ce6e3557836323cf0386084:03d3d7a8c8364341064965d240bc633999a3624096573e7dd9ff9b2e4332d221:clang-18.1.8-coverage-state-load-v1,gpt-5.6-sol-off,long-trace-final,all-arms,dynamic,Omega_hat_StateLoad,29414118644551660,0
dynamic::gpt-5.6-sol-off::all-arms::Omega_hat_StateLoad,gpt-5.6-sol-off::codecontests-validation-1574f::short-trace-final,codecontests-validation-1574f,7daa73692acaf41812edcde3c45ecdfa6e0c91a99ce6e3557836323cf0386084:a00a4e49bac1dc0515ea109cbef81f6fec9f42207b2ac47d95d4f9fb95859331:clang-18.1.8-coverage-state-load-v1,gpt-5.6-sol-off,short-trace-final,all-arms,dynamic,Omega_hat_StateLoad,228330,0
dynamic::gpt-5.6-sol-off::all-arms::Omega_hat_StateSize,gpt-5.6-sol-off::codecontests-test-1580b::post-loop-state,codecontests-test-1580b,651daa060f41dcbf742f65839b776fde4796201d3b99d00773278bba61645417:01bf10bc19e4055efc275e06e8439f42cb308446a927457954f085b1c36f701a:clang-18.1.8-coverage-state-load-v1,gpt-5.6-sol-off,post-loop-state,all-arms,dynamic,Omega_hat_StateSize,1082352,1
dynamic::gpt-5.6-sol-off::all-arms::Omega_hat_StateSize,gpt-5.6-sol-off::codecontests-test-1580b::inside-loop-state,codecontests-test-1580b,de821758d705b3efd9657c5b7021e5d724533788eed2c97f5213f6ee05a90127:01bf10bc19e4055efc275e06e8439f42cb308446a927457954f085b1c36f701a:clang-18.1.8-coverage-state-load-v1,gpt-5.6-sol-off,inside-loop-state,all-arms,dynamic,Omega_hat_StateSize,1082353,0
dynamic::gpt-5.6-sol-off::all-arms::Omega_hat_StateSize,gpt-5.6-sol-off::codecontests-test-1580b::long-trace-final,codecontests-test-1580b,e49cc24f56c43dda6796ffbf38185eb1f4f689c19e9ec2b7010717fbd33f09cd:01bf10bc19e4055efc275e06e8439f42cb308446a927457954f085b1c36f701a:clang-18.1.8-coverage-state-load-v1,gpt-5.6-sol-off,long-trace-final,all-arms,dynamic,Omega_hat_StateSize,1082455,0
dynamic::gpt-5.6-sol-off::all-arms::Omega_hat_StateSize,gpt-5.6-sol-off::codecontests-test-1580b::short-trace-final,codecontests-test-1580b,e49cc24f56c43dda6796ffbf38185eb1f4f689c19e9ec2b7010717fbd33f09cd:4badc34556ceafd1c2c4699ce5b2a3bc32594a4b7e29c24a4068f61563022cdc:clang-18.1.8-coverage-state-load-v1,gpt-5.6-sol-off,short-trace-final,all-arms,dynamic,Omega_hat_StateSize,1082351,0
dynamic::gpt-5.6-sol-off::all-arms::Omega_hat_StateSize,gpt-5.6-sol-off::codecontests-test-1580f::short-trace-final,codecontests-test-1580f,14ddc455906166c8cc9ba66260dd1ee85ca6354b865eda03f0f3871dae33ae17:66cad223eb4b52b45ee49a6f14a923756f9c308fb0a2f62f02808d1d2491969e:clang-18.1.8-coverage-state-load-v1,gpt-5.6-sol-off,short-trace-final,all-arms,dynamic,Omega_hat_StateSize,840185,0
dynamic::gpt-5.6-sol-off::all-arms::Omega_hat_StateSize,gpt-5.6-sol-off::codecontests-test-1580f::long-trace-final,codecontests-test-1580f,14ddc455906166c8cc9ba66260dd1ee85ca6354b865eda03f0f3871dae33ae17:d72b57384d564b166e605cb1fe15b30202227d8df8021b4e67f0275e92852971:clang-18.1.8-coverage-state-load-v1,gpt-5.6-sol-off,long-trace-final,all-arms,dynamic,Omega_hat_StateSize,840619,1
dynamic::gpt-5.6-sol-off::all-arms::Omega_hat_StateSize,gpt-5.6-sol-off::codecontests-test-1580f::post-loop-state,codecontests-test-1580f,8526c634fe8de6d447557c0456ea3013ff50b851688579983204c869ac4dcb57:d72b57384d564b166e605cb1fe15b30202227d8df8021b4e67f0275e92852971:clang-18.1.8-coverage-state-load-v1,gpt-5.6-sol-off,post-loop-state,all-arms,dynamic,Omega_hat_StateSize,840524,0
dynamic::gpt-5.6-sol-off::all-arms::Omega_hat_StateSize,gpt-5.6-sol-off::codecontests-test-1580f::inside-loop-state,codecontests-test-1580f,bfcc98152560bffe5dfc4d96ac7ad6087d8a47a1cf596714f45a7366a323508a:d72b57384d564b166e605cb1fe15b30202227d8df8021b4e67f0275e92852971:clang-18.1.8-coverage-state-load-v1,gpt-5.6-sol-off,inside-loop-state,all-arms,dynamic,Omega_hat_StateSize,840524,0
dynamic::gpt-5.6-sol-off::all-arms::Omega_hat_StateSize,gpt-5.6-sol-off::codecontests-test-1586f::long-trace-final,codecontests-test-1586f,50fa6366595a53ba7e82bd4bc65563c718c29a2a4b9c1b4e6f80fab5bdeabd90:e7a0a218331b68b73ad7ba079fd54be2a7cd8090a6e96eba3f4ee3001dc1d2dc:clang-18.1.8-coverage-state-load-v1,gpt-5.6-sol-off,long-trace-final,all-arms,dynamic,Omega_hat_StateSize,1011696,0
dynamic::gpt-5.6-sol-off::all-arms::Omega_hat_StateSize,gpt-5.6-sol-off::codecontests-test-1586f::short-trace-final,codecontests-test-1586f,50fa6366595a53ba7e82bd4bc65563c718c29a2a4b9c1b4e6f80fab5bdeabd90:ece3d232c1ca9ef8a80b6fdb1585b8f5cf653b9dd023b0521c8da64db859ffac:clang-18.1.8-coverage-state-load-v1,gpt-5.6-sol-off,short-trace-final,all-arms,dynamic,Omega_hat_StateSize,1011054,1
dynamic::gpt-5.6-sol-off::all-arms::Omega_hat_StateSize,gpt-5.6-sol-off::codecontests-test-1586f::inside-loop-state,codecontests-test-1586f,c2fff1ad8c28452ca3e75e2efc59934a22d91572d3cde13bc7c743de6d34b147:e7a0a218331b68b73ad7ba079fd54be2a7cd8090a6e96eba3f4ee3001dc1d2dc:clang-18.1.8-coverage-state-load-v1,gpt-5.6-sol-off,inside-loop-state,all-arms,dynamic,Omega_hat_StateSize,1011696,0
dynamic::gpt-5.6-sol-off::all-arms::Omega_hat_StateSize,gpt-5.6-sol-off::codecontests-test-1586f::post-loop-state,codecontests-test-1586f,cf6f023469c0bb5ffbb00877e5468516893961999aa07f0ecb8ade5ed40b2096:e7a0a218331b68b73ad7ba079fd54be2a7cd8090a6e96eba3f4ee3001dc1d2dc:clang-18.1.8-coverage-state-load-v1,gpt-5.6-sol-off,post-loop-state,all-arms,dynamic,Omega_hat_StateSize,1011696,0
dynamic::gpt-5.6-sol-off::all-arms::Omega_hat_StateSize,gpt-5.6-sol-off::codecontests-test-1598f::short-trace-final,codecontests-test-1598f,c86397161467c48a05a8a1c3b9d9cdc968122973e7759a52edbfee55607a0c48:0c302e793e9db86915c6163fbabb9d0a9976859eb54448cb12f96c3a4ff52328:clang-18.1.8-coverage-state-load-v1,gpt-5.6-sol-off,short-trace-final,all-arms,dynamic,Omega_hat_StateSize,20,1
dynamic::gpt-5.6-sol-off::all-arms::Omega_hat_StateSize,gpt-5.6-sol-off::codecontests-test-1598f::long-trace-final,codecontests-test-1598f,c86397161467c48a05a8a1c3b9d9cdc968122973e7759a52edbfee55607a0c48:7035767df0d876ec6a211af258eda3b340f5ba719f1d3c8f30d890596458ed17:clang-18.1.8-coverage-state-load-v1,gpt-5.6-sol-off,long-trace-final,all-arms,dynamic,Omega_hat_StateSize,1483,0
dynamic::gpt-5.6-sol-off::all-arms::Omega_hat_StateSize,gpt-5.6-sol-off::codecontests-test-1598f::post-loop-state,codecontests-test-1598f,cb278e842ab865add5e5b08afeae6d96c07cdcbf64ca0a38de643e3879f68585:7035767df0d876ec6a211af258eda3b340f5ba719f1d3c8f30d890596458ed17:clang-18.1.8-coverage-state-load-v1,gpt-5.6-sol-off,post-loop-state,all-arms,dynamic,Omega_hat_StateSize,1199,1
dynamic::gpt-5.6-sol-off::all-arms::Omega_hat_StateSize,gpt-5.6-sol-off::codecontests-test-1598f::inside-loop-state,codecontests-test-1598f,f41875fa3f7692eefec1a62e67928717fb5e40acf042c603e3120e581750a59b:7035767df0d876ec6a211af258eda3b340f5ba719f1d3c8f30d890596458ed17:clang-18.1.8-coverage-state-load-v1,gpt-5.6-sol-off,inside-loop-state,all-arms,dynamic,Omega_hat_StateSize,1199,0
dynamic::gpt-5.6-sol-off::all-arms::Omega_hat_StateSize,gpt-5.6-sol-off::codecontests-test-1599d::inside-loop-state,codecontests-test-1599d,0a2dad56c9e815f7f708d26c2a62b89ce07f5ea76c71a50f36d86924cf05b943:e4a285c493f93a570627f5a05671eae6a4363f4464831e0f98d5ba3690d0ee67:clang-18.1.8-coverage-state-load-v1,gpt-5.6-sol-off,inside-loop-state,all-arms,dynamic,Omega_hat_StateSize,4002178,0
dynamic::gpt-5.6-sol-off::all-arms::Omega_hat_StateSize,gpt-5.6-sol-off::codecontests-test-1599d::short-trace-final,codecontests-test-1599d,933b32aa65d3b25d1afa06e801f5b72dff619eaf7fc4ac6a4a0270e85d49214c:665093871dbe3de8e75d8a816a8378ca11e9e560947ddf4d94207a1e2173820b:clang-18.1.8-coverage-state-load-v1,gpt-5.6-sol-off,short-trace-final,all-arms,dynamic,Omega_hat_StateSize,4002117,0
dynamic::gpt-5.6-sol-off::all-arms::Omega_hat_StateSize,gpt-5.6-sol-off::codecontests-test-1599d::long-trace-final,codecontests-test-1599d,933b32aa65d3b25d1afa06e801f5b72dff619eaf7fc4ac6a4a0270e85d49214c:e4a285c493f93a570627f5a05671eae6a4363f4464831e0f98d5ba3690d0ee67:clang-18.1.8-coverage-state-load-v1,gpt-5.6-sol-off,long-trace-final,all-arms,dynamic,Omega_hat_StateSize,4002178,0
dynamic::gpt-5.6-sol-off::all-arms::Omega_hat_StateSize,gpt-5.6-sol-off::codecontests-test-1599d::post-loop-state,codecontests-test-1599d,aa9020619d95e0c11306c231f42dc16fbedc1b8833557cfba9a3855ceab5d625:e4a285c493f93a570627f5a05671eae6a4363f4464831e0f98d5ba3690d0ee67:clang-18.1.8-coverage-state-load-v1,gpt-5.6-sol-off,post-loop-state,all-arms,dynamic,Omega_hat_StateSize,4002178,0
dynamic::gpt-5.6-sol-off::all-arms::Omega_hat_StateSize,gpt-5.6-sol-off::codecontests-test-1599j::post-loop-state,codecontests-test-1599j,3435dafe215df6aaa0d67c6cfc947efc0a0e44650fe50967a6ba0b248d4b7fe6:cf6d365ac492de069f119d50091851656ea5679fa08c558d3f071a383b4e0df0:clang-18.1.8-coverage-state-load-v1,gpt-5.6-sol-off,post-loop-state,all-arms,dynamic,Omega_hat_StateSize,522,0
dynamic::gpt-5.6-sol-off::all-arms::Omega_hat_StateSize,gpt-5.6-sol-off::codecontests-test-1599j::short-trace-final,codecontests-test-1599j,ab4e36e90fc02ef9ec4e2ca7dec9cf4caee8e6aaeed78b0ea3ac83c28ac8147c:15a15c047478f3e0e3cab6ed3f632a29e89952fba136b5a78394d1c0ad79c6e5:clang-18.1.8-coverage-state-load-v1,gpt-5.6-sol-off,short-trace-final,all-arms,dynamic,Omega_hat_StateSize,70,0
dynamic::gpt-5.6-sol-off::all-arms::Omega_hat_StateSize,gpt-5.6-sol-off::codecontests-test-1599j::long-trace-final,codecontests-test-1599j,ab4e36e90fc02ef9ec4e2ca7dec9cf4caee8e6aaeed78b0ea3ac83c28ac8147c:cf6d365ac492de069f119d50091851656ea5679fa08c558d3f071a383b4e0df0:clang-18.1.8-coverage-state-load-v1,gpt-5.6-sol-off,long-trace-final,all-arms,dynamic,Omega_hat_StateSize,930,0
dynamic::gpt-5.6-sol-off::all-arms::Omega_hat_StateSize,gpt-5.6-sol-off::codecontests-test-1599j::inside-loop-state,codecontests-test-1599j,b327432c0b51f79599142f457651ed07c753892f7bc8fc32eae261455a14a8df:cf6d365ac492de069f119d50091851656ea5679fa08c558d3f071a383b4e0df0:clang-18.1.8-coverage-state-load-v1,gpt-5.6-sol-off,inside-loop-state,all-arms,dynamic,Omega_hat_StateSize,479,0
dynamic::gpt-5.6-sol-off::all-arms::Omega_hat_StateSize,gpt-5.6-sol-off::codecontests-test-1603e::long-trace-final,codecontests-test-1603e,d7fe25a19d626e555247a54b1650138c821111d60e20cca5c73ec3112ca1e525:16115f14b1d3589d0841b36fa922b477b58347dad5e3d021df0ae33ab64fa7a6:clang-18.1.8-coverage-state-load-v1,gpt-5.6-sol-off,long-trace-final,all-arms,dynamic,Omega_hat_StateSize,1478716,0
dynamic::gpt-5.6-sol-off::all-arms::Omega_hat_StateSize,gpt-5.6-sol-off::codecontests-test-1603e::short-trace-final,codecontests-test-1603e,d7fe25a19d626e555247a54b1650138c821111d60e20cca5c73ec3112ca1e525:56128c78d54bd858b1f0a7710cc6ed6c0ee23efbe9034d42dc8ce6339a26f6bf:clang-18.1.8-coverage-state-load-v1,gpt-5.6-sol-off,short-trace-final,all-arms,dynamic,Omega_hat_StateSize,1478716,0
dynamic::gpt-5.6-sol-off::all-arms::Omega_hat_StateSize,gpt-5.6-sol-off::codecontests-test-1603e::inside-loop-state,codecontests-test-1603e,f3186b205da6d6dcc9ea29d1c2d2e8b3e694f96a5c55cf87108c065fb309d17d:16115f14b1d3589d0841b36fa922b477b58347dad5e3d021df0ae33ab64fa7a6:clang-18.1.8-coverage-state-load-v1,gpt-5.6-sol-off,inside-loop-state,all-arms,dynamic,Omega_hat_StateSize,1478716,0
dynamic::gpt-5.6-sol-off::all-arms::Omega_hat_StateSize,gpt-5.6-sol-off::codecontests-test-1603e::post-loop-state,codecontests-test-1603e,f412e755c350f9ce1c88cfff52e57c62ae92474f822504d6558ee65de9e4ed4d:16115f14b1d3589d0841b36fa922b477b58347dad5e3d021df0ae33ab64fa7a6:clang-18.1.8-coverage-state-load-v1,gpt-5.6-sol-off,post-loop-state,all-arms,dynamic,Omega_hat_StateSize,1478716,1
dynamic::gpt-5.6-sol-off::all-arms::Omega_hat_StateSize,gpt-5.6-sol-off::codecontests-test-1608e::short-trace-final,codecontests-test-1608e,646dbc65fdea7bc8e3170908e4578902800b470e97d05e2454f0d26884e92df7:a2f5b5c4b5f17740e75fa5913cbf0bcde3191c7cb615765a3dfa89ab90e0e728:clang-18.1.8-coverage-state-load-v1,gpt-5.6-sol-off,short-trace-final,all-arms,dynamic,Omega_hat_StateSize,25200111,0
dynamic::gpt-5.6-sol-off::all-arms::Omega_hat_StateSize,gpt-5.6-sol-off::codecontests-test-1608e::long-trace-final,codecontests-test-1608e,646dbc65fdea7bc8e3170908e4578902800b470e97d05e2454f0d26884e92df7:f55be964bd2cc68afe5b9ad8f942604e10918169e7160750406727f80984c504:clang-18.1.8-coverage-state-load-v1,gpt-5.6-sol-off,long-trace-final,all-arms,dynamic,Omega_hat_StateSize,25200169,0
dynamic::gpt-5.6-sol-off::all-arms::Omega_hat_StateSize,gpt-5.6-sol-off::codecontests-test-1608e::inside-loop-state,codecontests-test-1608e,667c28dbcfd364ae586ae9cd21bf6fd959db38f0147f2a6cb6289ec447eb9a22:f55be964bd2cc68afe5b9ad8f942604e10918169e7160750406727f80984c504:clang-18.1.8-coverage-state-load-v1,gpt-5.6-sol-off,inside-loop-state,all-arms,dynamic,Omega_hat_StateSize,25200162,0
dynamic::gpt-5.6-sol-off::all-arms::Omega_hat_StateSize,gpt-5.6-sol-off::codecontests-test-1608e::post-loop-state,codecontests-test-1608e,b3c2da25bedf53cb9761b05fae26f46e4cf88607b5e31132dd26180b52bbaf2b:f55be964bd2cc68afe5b9ad8f942604e10918169e7160750406727f80984c504:clang-18.1.8-coverage-state-load-v1,gpt-5.6-sol-off,post-loop-state,all-arms,dynamic,Omega_hat_StateSize,25200162,1
dynamic::gpt-5.6-sol-off::all-arms::Omega_hat_StateSize,gpt-5.6-sol-off::codecontests-test-1608f::short-trace-final,codecontests-test-1608f,3b1188cf9f4294e77fd38eb7d8098dfcfb19fbdd0ef6e9a3fe8d63adfeb2abbf:8ad616db4fe9bd467b7ab16879f97c77503d2b22431ce9705293bfe707f20a7f:clang-18.1.8-coverage-state-load-v1,gpt-5.6-sol-off,short-trace-final,all-arms,dynamic,Omega_hat_StateSize,457776,0
dynamic::gpt-5.6-sol-off::all-arms::Omega_hat_StateSize,gpt-5.6-sol-off::codecontests-test-1608f::long-trace-final,codecontests-test-1608f,3b1188cf9f4294e77fd38eb7d8098dfcfb19fbdd0ef6e9a3fe8d63adfeb2abbf:b3e5d9410e92ec6feb64678dbc4fc691cb4660d89a83baf0e0a219123c05b450:clang-18.1.8-coverage-state-load-v1,gpt-5.6-sol-off,long-trace-final,all-arms,dynamic,Omega_hat_StateSize,457776,0
dynamic::gpt-5.6-sol-off::all-arms::Omega_hat_StateSize,gpt-5.6-sol-off::codecontests-test-1608f::post-loop-state,codecontests-test-1608f,ef77878c7f3b869738b3ff6a4965c679f33909d0914e136f66f6c522b7b20c01:b3e5d9410e92ec6feb64678dbc4fc691cb4660d89a83baf0e0a219123c05b450:clang-18.1.8-coverage-state-load-v1,gpt-5.6-sol-off,post-loop-state,all-arms,dynamic,Omega_hat_StateSize,463088,0
dynamic::gpt-5.6-sol-off::all-arms::Omega_hat_StateSize,gpt-5.6-sol-off::codecontests-test-1615g::post-loop-state,codecontests-test-1615g,0933389f16bc0f8f1a15f83914fd800b2881de1ed6b02e9104c48207b1cde312:73a6420953313f0860ecac8f963f63bd594f27eacb54f75047c6e7f224445982:clang-18.1.8-coverage-state-load-v1,gpt-5.6-sol-off,post-loop-state,all-arms,dynamic,Omega_hat_StateSize,1108,0
dynamic::gpt-5.6-sol-off::all-arms::Omega_hat_StateSize,gpt-5.6-sol-off::codecontests-test-1615g::inside-loop-state,codecontests-test-1615g,acc1b2cc8cfb5ad702c4fd69f49f49e609d604888c2fc3c44a8fa83a57d3de81:73a6420953313f0860ecac8f963f63bd594f27eacb54f75047c6e7f224445982:clang-18.1.8-coverage-state-load-v1,gpt-5.6-sol-off,inside-loop-state,all-arms,dynamic,Omega_hat_StateSize,1108,0
dynamic::gpt-5.6-sol-off::all-arms::Omega_hat_StateSize,gpt-5.6-sol-off::codecontests-test-1615g::long-trace-final,codecontests-test-1615g,ad373333e07dc4e3b058568facb985af09bac3ef8991907c430b33236999f394:73a6420953313f0860ecac8f963f63bd594f27eacb54f75047c6e7f224445982:clang-18.1.8-coverage-state-load-v1,gpt-5.6-sol-off,long-trace-final,all-arms,dynamic,Omega_hat_StateSize,1108,0
dynamic::gpt-5.6-sol-off::all-arms::Omega_hat_StateSize,gpt-5.6-sol-off::codecontests-test-1615g::short-trace-final,codecontests-test-1615g,ad373333e07dc4e3b058568facb985af09bac3ef8991907c430b33236999f394:8b8d92f6cd116121a9e352a9d6bbbeea5f82cc1c848aaea202eee9901fb39d86:clang-18.1.8-coverage-state-load-v1,gpt-5.6-sol-off,short-trace-final,all-arms,dynamic,Omega_hat_StateSize,70,1
dynamic::gpt-5.6-sol-off::all-arms::Omega_hat_StateSize,gpt-5.6-sol-off::codecontests-test-1615h::post-loop-state,codecontests-test-1615h,6bac151ec0f25226a8145178cf0e367fb811beb86ff6196070e20565c4d00642:76e3b7b1ea299988012bab23cbfde0d8790d1c57e7f0994947beee3f546bc9a5:clang-18.1.8-coverage-state-load-v1,gpt-5.6-sol-off,post-loop-state,all-arms,dynamic,Omega_hat_StateSize,32763,0
dynamic::gpt-5.6-sol-off::all-arms::Omega_hat_StateSize,gpt-5.6-sol-off::codecontests-test-1615h::long-trace-final,codecontests-test-1615h,a71a99b21177af38ad289c00ff979be40a690e727f285153ed3faee690b3a321:76e3b7b1ea299988012bab23cbfde0d8790d1c57e7f0994947beee3f546bc9a5:clang-18.1.8-coverage-state-load-v1,gpt-5.6-sol-off,long-trace-final,all-arms,dynamic,Omega_hat_StateSize,32835,0
dynamic::gpt-5.6-sol-off::all-arms::Omega_hat_StateSize,gpt-5.6-sol-off::codecontests-test-1615h::short-trace-final,codecontests-test-1615h,a71a99b21177af38ad289c00ff979be40a690e727f285153ed3faee690b3a321:7f143eea0a3c840bf12e8184b4972d492f981fbb9a266339cd86299dae1d4413:clang-18.1.8-coverage-state-load-v1,gpt-5.6-sol-off,short-trace-final,all-arms,dynamic,Omega_hat_StateSize,32724,0
dynamic::gpt-5.6-sol-off::all-arms::Omega_hat_StateSize,gpt-5.6-sol-off::codecontests-test-1615h::inside-loop-state,codecontests-test-1615h,bb1f2ab66b584a159dee436bfee61e9740c864d881dce54d93f0220164d96c1a:76e3b7b1ea299988012bab23cbfde0d8790d1c57e7f0994947beee3f546bc9a5:clang-18.1.8-coverage-state-load-v1,gpt-5.6-sol-off,inside-loop-state,all-arms,dynamic,Omega_hat_StateSize,32763,0
dynamic::gpt-5.6-sol-off::all-arms::Omega_hat_StateSize,gpt-5.6-sol-off::codecontests-test-1617e::inside-loop-state,codecontests-test-1617e,395db0129fb099ac1b5af30458379f3c64b2c8e1ba3267544689e9a721e0a1a2:f34973899b03d91dd93fd9ca7bca992fc2b381fea1800c11fc29bf25c01efe97:clang-18.1.8-coverage-state-load-v1,gpt-5.6-sol-off,inside-loop-state,all-arms,dynamic,Omega_hat_StateSize,200204,0
dynamic::gpt-5.6-sol-off::all-arms::Omega_hat_StateSize,gpt-5.6-sol-off::codecontests-test-1617e::post-loop-state,codecontests-test-1617e,a34fa455cb2724c38f9fc74f8d38161dbfbff4a0a0d9c9c94c1bfa734b45a015:f34973899b03d91dd93fd9ca7bca992fc2b381fea1800c11fc29bf25c01efe97:clang-18.1.8-coverage-state-load-v1,gpt-5.6-sol-off,post-loop-state,all-arms,dynamic,Omega_hat_StateSize,200231,0
dynamic::gpt-5.6-sol-off::all-arms::Omega_hat_StateSize,gpt-5.6-sol-off::codecontests-test-1617e::short-trace-final,codecontests-test-1617e,c416bb8d3b25fd4c76bdb6e17ff595707f9479e2af79b63f90090979b8df2512:7a8e064d952789abfdfd6043d44530bd5de0228d7963b1c4a3a194695b246bdd:clang-18.1.8-coverage-state-load-v1,gpt-5.6-sol-off,short-trace-final,all-arms,dynamic,Omega_hat_StateSize,200424,0
dynamic::gpt-5.6-sol-off::all-arms::Omega_hat_StateSize,gpt-5.6-sol-off::codecontests-test-1617e::long-trace-final,codecontests-test-1617e,c416bb8d3b25fd4c76bdb6e17ff595707f9479e2af79b63f90090979b8df2512:f34973899b03d91dd93fd9ca7bca992fc2b381fea1800c11fc29bf25c01efe97:clang-18.1.8-coverage-state-load-v1,gpt-5.6-sol-off,long-trace-final,all-arms,dynamic,Omega_hat_StateSize,201774,0
dynamic::gpt-5.6-sol-off::all-arms::Omega_hat_StateSize,gpt-5.6-sol-off::codecontests-test-1620g::post-loop-state,codecontests-test-1620g,90b42a3a02b64368871b040777d72a1fae560ae9bae9612e2ab271e58b363cec:d17fc49cd397378f23ba09a1d25ed63dd16e1ca27e2fef716941dab7e3d260e9:clang-18.1.8-coverage-state-load-v1,gpt-5.6-sol-off,post-loop-state,all-arms,dynamic,Omega_hat_StateSize,8389243,0
dynamic::gpt-5.6-sol-off::all-arms::Omega_hat_StateSize,gpt-5.6-sol-off::codecontests-test-1620g::short-trace-final,codecontests-test-1620g,dc5b0364fffb69d059ac406180373038b2947bf8b018c0eb5ad6bdab89607c28:47fdb134316707b54ae926b4ba0b8e2ffa13b01f961ee3bdbd4367e9493f9d43:clang-18.1.8-coverage-state-load-v1,gpt-5.6-sol-off,short-trace-final,all-arms,dynamic,Omega_hat_StateSize,8389238,0
dynamic::gpt-5.6-sol-off::all-arms::Omega_hat_StateSize,gpt-5.6-sol-off::codecontests-test-1620g::long-trace-final,codecontests-test-1620g,dc5b0364fffb69d059ac406180373038b2947bf8b018c0eb5ad6bdab89607c28:d17fc49cd397378f23ba09a1d25ed63dd16e1ca27e2fef716941dab7e3d260e9:clang-18.1.8-coverage-state-load-v1,gpt-5.6-sol-off,long-trace-final,all-arms,dynamic,Omega_hat_StateSize,8389243,0
dynamic::gpt-5.6-sol-off::all-arms::Omega_hat_StateSize,gpt-5.6-sol-off::codecontests-test-1620g::inside-loop-state,codecontests-test-1620g,f68b5d2afda3ef6b63ec68b53e390dc857f47e5bdf2f3f2e1081414a31775f0d:d17fc49cd397378f23ba09a1d25ed63dd16e1ca27e2fef716941dab7e3d260e9:clang-18.1.8-coverage-state-load-v1,gpt-5.6-sol-off,inside-loop-state,all-arms,dynamic,Omega_hat_StateSize,8389243,0
dynamic::gpt-5.6-sol-off::all-arms::Omega_hat_StateSize,gpt-5.6-sol-off::codecontests-validation-1552g::short-trace-final,codecontests-validation-1552g,89b65341f1c6fe3a0a9df0a69ade235027daa7f39d3002954f6f632919791b3f:6575c487ddb8c661ec94ac0aa126db71015d196d35a568acfd62ad87a004ec72:clang-18.1.8-coverage-state-load-v1,gpt-5.6-sol-off,short-trace-final,all-arms,dynamic,Omega_hat_StateSize,239,1
dynamic::gpt-5.6-sol-off::all-arms::Omega_hat_StateSize,gpt-5.6-sol-off::codecontests-validation-1552g::long-trace-final,codecontests-validation-1552g,89b65341f1c6fe3a0a9df0a69ade235027daa7f39d3002954f6f632919791b3f:a23a879e789c630dbbae0133f0eb5577c8e5e3a711d2d32ec6d6c244f930f0a1:clang-18.1.8-coverage-state-load-v1,gpt-5.6-sol-off,long-trace-final,all-arms,dynamic,Omega_hat_StateSize,202,1
dynamic::gpt-5.6-sol-off::all-arms::Omega_hat_StateSize,gpt-5.6-sol-off::codecontests-validation-1552g::post-loop-state,codecontests-validation-1552g,b5f0a9481460f80246bf1a24dda90224f8dc49a793565d9ab27a357e86c4e053:a23a879e789c630dbbae0133f0eb5577c8e5e3a711d2d32ec6d6c244f930f0a1:clang-18.1.8-coverage-state-load-v1,gpt-5.6-sol-off,post-loop-state,all-arms,dynamic,Omega_hat_StateSize,204,0
dynamic::gpt-5.6-sol-off::all-arms::Omega_hat_StateSize,gpt-5.6-sol-off::codecontests-validation-1552g::inside-loop-state,codecontests-validation-1552g,feb96da038972104d010503bb0068d9694d4cebae2d34993c61d2dcd7002c600:a23a879e789c630dbbae0133f0eb5577c8e5e3a711d2d32ec6d6c244f930f0a1:clang-18.1.8-coverage-state-load-v1,gpt-5.6-sol-off,inside-loop-state,all-arms,dynamic,Omega_hat_StateSize,205,0
dynamic::gpt-5.6-sol-off::all-arms::Omega_hat_StateSize,gpt-5.6-sol-off::codecontests-validation-1553h::inside-loop-state,codecontests-validation-1553h,261f2a5460690985d0feaadb3435366c997ed89f15809dc921c0a13726ae899d:37a901c4f91c375e5b2ce915089751f68aa2f80e3a9590fee8edc1247ea80612:clang-18.1.8-coverage-state-load-v1,gpt-5.6-sol-off,inside-loop-state,all-arms,dynamic,Omega_hat_StateSize,212,0
dynamic::gpt-5.6-sol-off::all-arms::Omega_hat_StateSize,gpt-5.6-sol-off::codecontests-validation-1553h::long-trace-final,codecontests-validation-1553h,6e44abb67b8129df7e6c9c2bb7f0603020a46107f0b5aaa85480dcf00b6d8ee5:37a901c4f91c375e5b2ce915089751f68aa2f80e3a9590fee8edc1247ea80612:clang-18.1.8-coverage-state-load-v1,gpt-5.6-sol-off,long-trace-final,all-arms,dynamic,Omega_hat_StateSize,213,0
dynamic::gpt-5.6-sol-off::all-arms::Omega_hat_StateSize,gpt-5.6-sol-off::codecontests-validation-1553h::short-trace-final,codecontests-validation-1553h,6e44abb67b8129df7e6c9c2bb7f0603020a46107f0b5aaa85480dcf00b6d8ee5:4f701d041f6b57b35a63af3be10f040298aa86385ad4da04b1daa6df2663a712:clang-18.1.8-coverage-state-load-v1,gpt-5.6-sol-off,short-trace-final,all-arms,dynamic,Omega_hat_StateSize,42,0
dynamic::gpt-5.6-sol-off::all-arms::Omega_hat_StateSize,gpt-5.6-sol-off::codecontests-validation-1553h::post-loop-state,codecontests-validation-1553h,a0fc871a1b48fb4e584cbafab20aa03968f5864a8503fcc17f35616d670b41fb:37a901c4f91c375e5b2ce915089751f68aa2f80e3a9590fee8edc1247ea80612:clang-18.1.8-coverage-state-load-v1,gpt-5.6-sol-off,post-loop-state,all-arms,dynamic,Omega_hat_StateSize,213,0
dynamic::gpt-5.6-sol-off::all-arms::Omega_hat_StateSize,gpt-5.6-sol-off::codecontests-validation-1556f::inside-loop-state,codecontests-validation-1556f,0e7c6745273acd61e256dc45eed260d91a4acbd2606e470d7a226f83219ed9a3:360f25d334dd3eaa6f292d435c7982dff837d18936d1fefe83699b0b1d6fbc85:clang-18.1.8-coverage-state-load-v1,gpt-5.6-sol-off,inside-loop-state,all-arms,dynamic,Omega_hat_StateSize,3313,0
dynamic::gpt-5.6-sol-off::all-arms::Omega_hat_StateSize,gpt-5.6-sol-off::codecontests-validation-1556f::post-loop-state,codecontests-validation-1556f,355b4d9cf793a850c31de90bbad276f4be650b3ce01e56f464054f85d4c2ec45:360f25d334dd3eaa6f292d435c7982dff837d18936d1fefe83699b0b1d6fbc85:clang-18.1.8-coverage-state-load-v1,gpt-5.6-sol-off,post-loop-state,all-arms,dynamic,Omega_hat_StateSize,3312,0
dynamic::gpt-5.6-sol-off::all-arms::Omega_hat_StateSize,gpt-5.6-sol-off::codecontests-validation-1556f::long-trace-final,codecontests-validation-1556f,67dbad2177030b263347ba9ff0c3aa5d2e1eb57d456d177fad25eee3f31a9a76:360f25d334dd3eaa6f292d435c7982dff837d18936d1fefe83699b0b1d6fbc85:clang-18.1.8-coverage-state-load-v1,gpt-5.6-sol-off,long-trace-final,all-arms,dynamic,Omega_hat_StateSize,2289,0
dynamic::gpt-5.6-sol-off::all-arms::Omega_hat_StateSize,gpt-5.6-sol-off::codecontests-validation-1556f::short-trace-final,codecontests-validation-1556f,67dbad2177030b263347ba9ff0c3aa5d2e1eb57d456d177fad25eee3f31a9a76:fdcb27265764b2a73c62380d364aa177b18028a2d6fffe621bac5a23affde265:clang-18.1.8-coverage-state-load-v1,gpt-5.6-sol-off,short-trace-final,all-arms,dynamic,Omega_hat_StateSize,33,0
dynamic::gpt-5.6-sol-off::all-arms::Omega_hat_StateSize,gpt-5.6-sol-off::codecontests-validation-1567f::inside-loop-state,codecontests-validation-1567f,05cf93795d2245abb6f842b4f278fe70746b159f5aba398e285981a3d3ab0415:5ca513ae33f231741e8f5bce074557104f0ac96debe4329731eb41fe859f6fa9:clang-18.1.8-coverage-state-load-v1,gpt-5.6-sol-off,inside-loop-state,all-arms,dynamic,Omega_hat_StateSize,2041801,0
dynamic::gpt-5.6-sol-off::all-arms::Omega_hat_StateSize,gpt-5.6-sol-off::codecontests-validation-1567f::long-trace-final,codecontests-validation-1567f,1d2e0467d959ffad5c713fa10c2142c44b5f542e00ce390504aea6f73e976053:5ca513ae33f231741e8f5bce074557104f0ac96debe4329731eb41fe859f6fa9:clang-18.1.8-coverage-state-load-v1,gpt-5.6-sol-off,long-trace-final,all-arms,dynamic,Omega_hat_StateSize,2041833,0
dynamic::gpt-5.6-sol-off::all-arms::Omega_hat_StateSize,gpt-5.6-sol-off::codecontests-validation-1567f::short-trace-final,codecontests-validation-1567f,1d2e0467d959ffad5c713fa10c2142c44b5f542e00ce390504aea6f73e976053:8ac1f9fa9e2847575b2ced3fd892b2845557a6c485f5fa9413a699b8efbc3ad3:clang-18.1.8-coverage-state-load-v1,gpt-5.6-sol-off,short-trace-final,all-arms,dynamic,Omega_hat_StateSize,2041765,0
dynamic::gpt-5.6-sol-off::all-arms::Omega_hat_StateSize,gpt-5.6-sol-off::codecontests-validation-1567f::post-loop-state,codecontests-validation-1567f,91b04a25af0d8354eca4b22a5c307be7e0d71719c1e56c1036c67f37cec6a7d0:5ca513ae33f231741e8f5bce074557104f0ac96debe4329731eb41fe859f6fa9:clang-18.1.8-coverage-state-load-v1,gpt-5.6-sol-off,post-loop-state,all-arms,dynamic,Omega_hat_StateSize,2041801,0
dynamic::gpt-5.6-sol-off::all-arms::Omega_hat_StateSize,gpt-5.6-sol-off::codecontests-validation-1569e::inside-loop-state,codecontests-validation-1569e,8c7846a3a40110fa05257b67da8e6f63f945c711305a1df88b97e8d00396db64:b5fabe923ecc6b7534566fbeb72577fd896c2d74b9374afe3bed49a16217cf73:clang-18.1.8-coverage-state-load-v1,gpt-5.6-sol-off,inside-loop-state,all-arms,dynamic,Omega_hat_StateSize,3310,0
dynamic::gpt-5.6-sol-off::all-arms::Omega_hat_StateSize,gpt-5.6-sol-off::codecontests-validation-1569e::post-loop-state,codecontests-validation-1569e,b6b18517a3e59e80fb145dd8b32144c363e2872690c8f1c80a42a71bbc7adff3:b5fabe923ecc6b7534566fbeb72577fd896c2d74b9374afe3bed49a16217cf73:clang-18.1.8-coverage-state-load-v1,gpt-5.6-sol-off,post-loop-state,all-arms,dynamic,Omega_hat_StateSize,199318,0
dynamic::gpt-5.6-sol-off::all-arms::Omega_hat_StateSize,gpt-5.6-sol-off::codecontests-validation-1569e::short-trace-final,codecontests-validation-1569e,d7b30d4383431a38ca1bd0ea4847aec892b939921afb04a5e0975d8dfe5a98c9:479def58965386a05050611157259ef82bfeb49b520e8bff8f6ffde3b23af8a8:clang-18.1.8-coverage-state-load-v1,gpt-5.6-sol-off,short-trace-final,all-arms,dynamic,Omega_hat_StateSize,2796,0
dynamic::gpt-5.6-sol-off::all-arms::Omega_hat_StateSize,gpt-5.6-sol-off::codecontests-validation-1569e::long-trace-final,codecontests-validation-1569e,d7b30d4383431a38ca1bd0ea4847aec892b939921afb04a5e0975d8dfe5a98c9:b5fabe923ecc6b7534566fbeb72577fd896c2d74b9374afe3bed49a16217cf73:clang-18.1.8-coverage-state-load-v1,gpt-5.6-sol-off,long-trace-final,all-arms,dynamic,Omega_hat_StateSize,395926,0
dynamic::gpt-5.6-sol-off::all-arms::Omega_hat_StateSize,gpt-5.6-sol-off::codecontests-validation-1569f::long-trace-final,codecontests-validation-1569f,2301e337b5fb3f9549acef3c07f9bd5019e6234c7a2311a7c4f57763e18e5b83:0b0d290fe1c8a4b6c275d3cd68f10e26117cce6a7a535e05cb67a9483c2ca982:clang-18.1.8-coverage-state-load-v1,gpt-5.6-sol-off,long-trace-final,all-arms,dynamic,Omega_hat_StateSize,8692304,1
dynamic::gpt-5.6-sol-off::all-arms::Omega_hat_StateSize,gpt-5.6-sol-off::codecontests-validation-1569f::short-trace-final,codecontests-validation-1569f,2301e337b5fb3f9549acef3c07f9bd5019e6234c7a2311a7c4f57763e18e5b83:26b7657bcd3b796488b0a9677b14cced50fbbf3da549885bc44c2917cf610cff:clang-18.1.8-coverage-state-load-v1,gpt-5.6-sol-off,short-trace-final,all-arms,dynamic,Omega_hat_StateSize,8692110,0
dynamic::gpt-5.6-sol-off::all-arms::Omega_hat_StateSize,gpt-5.6-sol-off::codecontests-validation-1569f::post-loop-state,codecontests-validation-1569f,9b44483ac309757aa4c354b7152a87dcbcef7f14befc99fd5d5420fba2550477:0b0d290fe1c8a4b6c275d3cd68f10e26117cce6a7a535e05cb67a9483c2ca982:clang-18.1.8-coverage-state-load-v1,gpt-5.6-sol-off,post-loop-state,all-arms,dynamic,Omega_hat_StateSize,8692013,0
dynamic::gpt-5.6-sol-off::all-arms::Omega_hat_StateSize,gpt-5.6-sol-off::codecontests-validation-1569f::inside-loop-state,codecontests-validation-1569f,bd6341080b17f11d66607db0012ce4f3cf4107ce205c35c39ff21ea2a4d40857:0b0d290fe1c8a4b6c275d3cd68f10e26117cce6a7a535e05cb67a9483c2ca982:clang-18.1.8-coverage-state-load-v1,gpt-5.6-sol-off,inside-loop-state,all-arms,dynamic,Omega_hat_StateSize,8692014,0
dynamic::gpt-5.6-sol-off::all-arms::Omega_hat_StateSize,gpt-5.6-sol-off::codecontests-validation-1572d::post-loop-state,codecontests-validation-1572d,10b3ea8d407a851cbb94d856638ba9ee3b5658eb0b43ab595c686887ee58e23a:2215213a1789f807060a057e634ddb262a27f09b8292f964f58f42acbe1d0616:clang-18.1.8-coverage-state-load-v1,gpt-5.6-sol-off,post-loop-state,all-arms,dynamic,Omega_hat_StateSize,9937306,0
dynamic::gpt-5.6-sol-off::all-arms::Omega_hat_StateSize,gpt-5.6-sol-off::codecontests-validation-1572d::long-trace-final,codecontests-validation-1572d,4ef728a87836baeb0af64467718c76401006223c75d5b80c74b59eb56b109b72:2215213a1789f807060a057e634ddb262a27f09b8292f964f58f42acbe1d0616:clang-18.1.8-coverage-state-load-v1,gpt-5.6-sol-off,long-trace-final,all-arms,dynamic,Omega_hat_StateSize,9937295,1
dynamic::gpt-5.6-sol-off::all-arms::Omega_hat_StateSize,gpt-5.6-sol-off::codecontests-validation-1572d::short-trace-final,codecontests-validation-1572d,4ef728a87836baeb0af64467718c76401006223c75d5b80c74b59eb56b109b72:eb418658a51efc355a88b1c44df821bcabf17ae92e052c3f3f3790755404491d:clang-18.1.8-coverage-state-load-v1,gpt-5.6-sol-off,short-trace-final,all-arms,dynamic,Omega_hat_StateSize,9937295,0
dynamic::gpt-5.6-sol-off::all-arms::Omega_hat_StateSize,gpt-5.6-sol-off::codecontests-validation-1572d::inside-loop-state,codecontests-validation-1572d,e4be3de81a2d2af89166e441b8d5adf8e73d19e2c217707d996b1af00c028ff1:2215213a1789f807060a057e634ddb262a27f09b8292f964f58f42acbe1d0616:clang-18.1.8-coverage-state-load-v1,gpt-5.6-sol-off,inside-loop-state,all-arms,dynamic,Omega_hat_StateSize,9937306,0
dynamic::gpt-5.6-sol-off::all-arms::Omega_hat_StateSize,gpt-5.6-sol-off::codecontests-validation-1572e::post-loop-state,codecontests-validation-1572e,437fad31af4f51960c3b7aff0ceecd6ad236aeccd08417e320d5ef307f021027:ce0eb773178bbc4bdc901ed4555433f201b9cbbd416231d7a0b82b41c1e59270:clang-18.1.8-coverage-state-load-v1,gpt-5.6-sol-off,post-loop-state,all-arms,dynamic,Omega_hat_StateSize,126917,0
dynamic::gpt-5.6-sol-off::all-arms::Omega_hat_StateSize,gpt-5.6-sol-off::codecontests-validation-1572e::inside-loop-state,codecontests-validation-1572e,a29023c7f4c26bae0b4eef37581882d729a33402e3f2d96d9c4e4e82f216cc0f:ce0eb773178bbc4bdc901ed4555433f201b9cbbd416231d7a0b82b41c1e59270:clang-18.1.8-coverage-state-load-v1,gpt-5.6-sol-off,inside-loop-state,all-arms,dynamic,Omega_hat_StateSize,126917,0
dynamic::gpt-5.6-sol-off::all-arms::Omega_hat_StateSize,gpt-5.6-sol-off::codecontests-validation-1572e::short-trace-final,codecontests-validation-1572e,c6871efc570f44806a970f43053b081d731f519c2b4a95b2aa54ee53df958fcf:c8391dd8e574d61edf3a7c188f1bce010f51566bb2347b029afb3faa08679767:clang-18.1.8-coverage-state-load-v1,gpt-5.6-sol-off,short-trace-final,all-arms,dynamic,Omega_hat_StateSize,126917,1
dynamic::gpt-5.6-sol-off::all-arms::Omega_hat_StateSize,gpt-5.6-sol-off::codecontests-validation-1572e::long-trace-final,codecontests-validation-1572e,c6871efc570f44806a970f43053b081d731f519c2b4a95b2aa54ee53df958fcf:ce0eb773178bbc4bdc901ed4555433f201b9cbbd416231d7a0b82b41c1e59270:clang-18.1.8-coverage-state-load-v1,gpt-5.6-sol-off,long-trace-final,all-arms,dynamic,Omega_hat_StateSize,126917,0
dynamic::gpt-5.6-sol-off::all-arms::Omega_hat_StateSize,gpt-5.6-sol-off::codecontests-validation-1574f::inside-loop-state,codecontests-validation-1574f,54d2aa075790d96b16094d1110b1ff4cc42e649f39b55cf10a14e19f5a25bdd0:03d3d7a8c8364341064965d240bc633999a3624096573e7dd9ff9b2e4332d221:clang-18.1.8-coverage-state-load-v1,gpt-5.6-sol-off,inside-loop-state,all-arms,dynamic,Omega_hat_StateSize,2100036,0
dynamic::gpt-5.6-sol-off::all-arms::Omega_hat_StateSize,gpt-5.6-sol-off::codecontests-validation-1574f::long-trace-final,codecontests-validation-1574f,7daa73692acaf41812edcde3c45ecdfa6e0c91a99ce6e3557836323cf0386084:03d3d7a8c8364341064965d240bc633999a3624096573e7dd9ff9b2e4332d221:clang-18.1.8-coverage-state-load-v1,gpt-5.6-sol-off,long-trace-final,all-arms,dynamic,Omega_hat_StateSize,11912938,0
dynamic::gpt-5.6-sol-off::all-arms::Omega_hat_StateSize,gpt-5.6-sol-off::codecontests-validation-1574f::short-trace-final,codecontests-validation-1574f,7daa73692acaf41812edcde3c45ecdfa6e0c91a99ce6e3557836323cf0386084:a00a4e49bac1dc0515ea109cbef81f6fec9f42207b2ac47d95d4f9fb95859331:clang-18.1.8-coverage-state-load-v1,gpt-5.6-sol-off,short-trace-final,all-arms,dynamic,Omega_hat_StateSize,163,0
dynamic::qwen3.8-27b-high::all-arms::Omega_hat_NativeTrace,qwen3.8-27b-high::codecontests-test-1580b::post-loop-state,codecontests-test-1580b,651daa060f41dcbf742f65839b776fde4796201d3b99d00773278bba61645417:01bf10bc19e4055efc275e06e8439f42cb308446a927457954f085b1c36f701a:clang-18.1.8-coverage-state-load-v1,qwen3.8-27b-high,post-loop-state,all-arms,dynamic,Omega_hat_NativeTrace,753,1
dynamic::qwen3.8-27b-high::all-arms::Omega_hat_NativeTrace,qwen3.8-27b-high::codecontests-test-1580b::inside-loop-state,codecontests-test-1580b,de821758d705b3efd9657c5b7021e5d724533788eed2c97f5213f6ee05a90127:01bf10bc19e4055efc275e06e8439f42cb308446a927457954f085b1c36f701a:clang-18.1.8-coverage-state-load-v1,qwen3.8-27b-high,inside-loop-state,all-arms,dynamic,Omega_hat_NativeTrace,839,1
dynamic::qwen3.8-27b-high::all-arms::Omega_hat_NativeTrace,qwen3.8-27b-high::codecontests-test-1580b::long-trace-final,codecontests-test-1580b,e49cc24f56c43dda6796ffbf38185eb1f4f689c19e9ec2b7010717fbd33f09cd:01bf10bc19e4055efc275e06e8439f42cb308446a927457954f085b1c36f701a:clang-18.1.8-coverage-state-load-v1,qwen3.8-27b-high,long-trace-final,all-arms,dynamic,Omega_hat_NativeTrace,164275450,0
dynamic::qwen3.8-27b-high::all-arms::Omega_hat_NativeTrace,qwen3.8-27b-high::codecontests-test-1580b::short-trace-final,codecontests-test-1580b,e49cc24f56c43dda6796ffbf38185eb1f4f689c19e9ec2b7010717fbd33f09cd:4badc34556ceafd1c2c4699ce5b2a3bc32594a4b7e29c24a4068f61563022cdc:clang-18.1.8-coverage-state-load-v1,qwen3.8-27b-high,short-trace-final,all-arms,dynamic,Omega_hat_NativeTrace,2095,0
dynamic::qwen3.8-27b-high::all-arms::Omega_hat_NativeTrace,qwen3.8-27b-high::codecontests-test-1580f::short-trace-final,codecontests-test-1580f,14ddc455906166c8cc9ba66260dd1ee85ca6354b865eda03f0f3871dae33ae17:66cad223eb4b52b45ee49a6f14a923756f9c308fb0a2f62f02808d1d2491969e:clang-18.1.8-coverage-state-load-v1,qwen3.8-27b-high,short-trace-final,all-arms,dynamic,Omega_hat_NativeTrace,58249376,0
dynamic::qwen3.8-27b-high::all-arms::Omega_hat_NativeTrace,qwen3.8-27b-high::codecontests-test-1580f::long-trace-final,codecontests-test-1580f,14ddc455906166c8cc9ba66260dd1ee85ca6354b865eda03f0f3871dae33ae17:d72b57384d564b166e605cb1fe15b30202227d8df8021b4e67f0275e92852971:clang-18.1.8-coverage-state-load-v1,qwen3.8-27b-high,long-trace-final,all-arms,dynamic,Omega_hat_NativeTrace,58258370,1
dynamic::qwen3.8-27b-high::all-arms::Omega_hat_NativeTrace,qwen3.8-27b-high::codecontests-test-1580f::post-loop-state,codecontests-test-1580f,8526c634fe8de6d447557c0456ea3013ff50b851688579983204c869ac4dcb57:d72b57384d564b166e605cb1fe15b30202227d8df8021b4e67f0275e92852971:clang-18.1.8-coverage-state-load-v1,qwen3.8-27b-high,post-loop-state,all-arms,dynamic,Omega_hat_NativeTrace,58233011,0
dynamic::qwen3.8-27b-high::all-arms::Omega_hat_NativeTrace,qwen3.8-27b-high::codecontests-test-1580f::inside-loop-state,codecontests-test-1580f,bfcc98152560bffe5dfc4d96ac7ad6087d8a47a1cf596714f45a7366a323508a:d72b57384d564b166e605cb1fe15b30202227d8df8021b4e67f0275e92852971:clang-18.1.8-coverage-state-load-v1,qwen3.8-27b-high,inside-loop-state,all-arms,dynamic,Omega_hat_NativeTrace,58233084,0
dynamic::qwen3.8-27b-high::all-arms::Omega_hat_NativeTrace,qwen3.8-27b-high::codecontests-test-1586f::long-trace-final,codecontests-test-1586f,50fa6366595a53ba7e82bd4bc65563c718c29a2a4b9c1b4e6f80fab5bdeabd90:e7a0a218331b68b73ad7ba079fd54be2a7cd8090a6e96eba3f4ee3001dc1d2dc:clang-18.1.8-coverage-state-load-v1,qwen3.8-27b-high,long-trace-final,all-arms,dynamic,Omega_hat_NativeTrace,41386,0
dynamic::qwen3.8-27b-high::all-arms::Omega_hat_NativeTrace,qwen3.8-27b-high::codecontests-test-1586f::short-trace-final,codecontests-test-1586f,50fa6366595a53ba7e82bd4bc65563c718c29a2a4b9c1b4e6f80fab5bdeabd90:ece3d232c1ca9ef8a80b6fdb1585b8f5cf653b9dd023b0521c8da64db859ffac:clang-18.1.8-coverage-state-load-v1,qwen3.8-27b-high,short-trace-final,all-arms,dynamic,Omega_hat_NativeTrace,110,1
dynamic::qwen3.8-27b-high::all-arms::Omega_hat_NativeTrace,qwen3.8-27b-high::codecontests-test-1586f::inside-loop-state,codecontests-test-1586f,c2fff1ad8c28452ca3e75e2efc59934a22d91572d3cde13bc7c743de6d34b147:e7a0a218331b68b73ad7ba079fd54be2a7cd8090a6e96eba3f4ee3001dc1d2dc:clang-18.1.8-coverage-state-load-v1,qwen3.8-27b-high,inside-loop-state,all-arms,dynamic,Omega_hat_NativeTrace,2866,1
dynamic::qwen3.8-27b-high::all-arms::Omega_hat_NativeTrace,qwen3.8-27b-high::codecontests-test-1586f::post-loop-state,codecontests-test-1586f,cf6f023469c0bb5ffbb00877e5468516893961999aa07f0ecb8ade5ed40b2096:e7a0a218331b68b73ad7ba079fd54be2a7cd8090a6e96eba3f4ee3001dc1d2dc:clang-18.1.8-coverage-state-load-v1,qwen3.8-27b-high,post-loop-state,all-arms,dynamic,Omega_hat_NativeTrace,2768,1
dynamic::qwen3.8-27b-high::all-arms::Omega_hat_NativeTrace,qwen3.8-27b-high::codecontests-test-1598f::short-trace-final,codecontests-test-1598f,c86397161467c48a05a8a1c3b9d9cdc968122973e7759a52edbfee55607a0c48:0c302e793e9db86915c6163fbabb9d0a9976859eb54448cb12f96c3a4ff52328:clang-18.1.8-coverage-state-load-v1,qwen3.8-27b-high,short-trace-final,all-arms,dynamic,Omega_hat_NativeTrace,59,1
dynamic::qwen3.8-27b-high::all-arms::Omega_hat_NativeTrace,qwen3.8-27b-high::codecontests-test-1598f::long-trace-final,codecontests-test-1598f,c86397161467c48a05a8a1c3b9d9cdc968122973e7759a52edbfee55607a0c48:7035767df0d876ec6a211af258eda3b340f5ba719f1d3c8f30d890596458ed17:clang-18.1.8-coverage-state-load-v1,qwen3.8-27b-high,long-trace-final,all-arms,dynamic,Omega_hat_NativeTrace,112813,1
dynamic::qwen3.8-27b-high::all-arms::Omega_hat_NativeTrace,qwen3.8-27b-high::codecontests-test-1598f::post-loop-state,codecontests-test-1598f,cb278e842ab865add5e5b08afeae6d96c07cdcbf64ca0a38de643e3879f68585:7035767df0d876ec6a211af258eda3b340f5ba719f1d3c8f30d890596458ed17:clang-18.1.8-coverage-state-load-v1,qwen3.8-27b-high,post-loop-state,all-arms,dynamic,Omega_hat_NativeTrace,1432,1
dynamic::qwen3.8-27b-high::all-arms::Omega_hat_NativeTrace,qwen3.8-27b-high::codecontests-test-1598f::inside-loop-state,codecontests-test-1598f,f41875fa3f7692eefec1a62e67928717fb5e40acf042c603e3120e581750a59b:7035767df0d876ec6a211af258eda3b340f5ba719f1d3c8f30d890596458ed17:clang-18.1.8-coverage-state-load-v1,qwen3.8-27b-high,inside-loop-state,all-arms,dynamic,Omega_hat_NativeTrace,1491,1
dynamic::qwen3.8-27b-high::all-arms::Omega_hat_NativeTrace,qwen3.8-27b-high::codecontests-test-1599d::inside-loop-state,codecontests-test-1599d,0a2dad56c9e815f7f708d26c2a62b89ce07f5ea76c71a50f36d86924cf05b943:e4a285c493f93a570627f5a05671eae6a4363f4464831e0f98d5ba3690d0ee67:clang-18.1.8-coverage-state-load-v1,qwen3.8-27b-high,inside-loop-state,all-arms,dynamic,Omega_hat_NativeTrace,104008,1
dynamic::qwen3.8-27b-high::all-arms::Omega_hat_NativeTrace,qwen3.8-27b-high::codecontests-test-1599d::short-trace-final,codecontests-test-1599d,933b32aa65d3b25d1afa06e801f5b72dff619eaf7fc4ac6a4a0270e85d49214c:665093871dbe3de8e75d8a816a8378ca11e9e560947ddf4d94207a1e2173820b:clang-18.1.8-coverage-state-load-v1,qwen3.8-27b-high,short-trace-final,all-arms,dynamic,Omega_hat_NativeTrace,101190,1
dynamic::qwen3.8-27b-high::all-arms::Omega_hat_NativeTrace,qwen3.8-27b-high::codecontests-test-1599d::long-trace-final,codecontests-test-1599d,933b32aa65d3b25d1afa06e801f5b72dff619eaf7fc4ac6a4a0270e85d49214c:e4a285c493f93a570627f5a05671eae6a4363f4464831e0f98d5ba3690d0ee67:clang-18.1.8-coverage-state-load-v1,qwen3.8-27b-high,long-trace-final,all-arms,dynamic,Omega_hat_NativeTrace,105223,1
dynamic::qwen3.8-27b-high::all-arms::Omega_hat_NativeTrace,qwen3.8-27b-high::codecontests-test-1599d::post-loop-state,codecontests-test-1599d,aa9020619d95e0c11306c231f42dc16fbedc1b8833557cfba9a3855ceab5d625:e4a285c493f93a570627f5a05671eae6a4363f4464831e0f98d5ba3690d0ee67:clang-18.1.8-coverage-state-load-v1,qwen3.8-27b-high,post-loop-state,all-arms,dynamic,Omega_hat_NativeTrace,103972,1
dynamic::qwen3.8-27b-high::all-arms::Omega_hat_NativeTrace,qwen3.8-27b-high::codecontests-test-1599j::post-loop-state,codecontests-test-1599j,3435dafe215df6aaa0d67c6cfc947efc0a0e44650fe50967a6ba0b248d4b7fe6:cf6d365ac492de069f119d50091851656ea5679fa08c558d3f071a383b4e0df0:clang-18.1.8-coverage-state-load-v1,qwen3.8-27b-high,post-loop-state,all-arms,dynamic,Omega_hat_NativeTrace,4930,0
dynamic::qwen3.8-27b-high::all-arms::Omega_hat_NativeTrace,qwen3.8-27b-high::codecontests-test-1599j::short-trace-final,codecontests-test-1599j,ab4e36e90fc02ef9ec4e2ca7dec9cf4caee8e6aaeed78b0ea3ac83c28ac8147c:15a15c047478f3e0e3cab6ed3f632a29e89952fba136b5a78394d1c0ad79c6e5:clang-18.1.8-coverage-state-load-v1,qwen3.8-27b-high,short-trace-final,all-arms,dynamic,Omega_hat_NativeTrace,341,0
dynamic::qwen3.8-27b-high::all-arms::Omega_hat_NativeTrace,qwen3.8-27b-high::codecontests-test-1599j::long-trace-final,codecontests-test-1599j,ab4e36e90fc02ef9ec4e2ca7dec9cf4caee8e6aaeed78b0ea3ac83c28ac8147c:cf6d365ac492de069f119d50091851656ea5679fa08c558d3f071a383b4e0df0:clang-18.1.8-coverage-state-load-v1,qwen3.8-27b-high,long-trace-final,all-arms,dynamic,Omega_hat_NativeTrace,45221,0
dynamic::qwen3.8-27b-high::all-arms::Omega_hat_NativeTrace,qwen3.8-27b-high::codecontests-test-1599j::inside-loop-state,codecontests-test-1599j,b327432c0b51f79599142f457651ed07c753892f7bc8fc32eae261455a14a8df:cf6d365ac492de069f119d50091851656ea5679fa08c558d3f071a383b4e0df0:clang-18.1.8-coverage-state-load-v1,qwen3.8-27b-high,inside-loop-state,all-arms,dynamic,Omega_hat_NativeTrace,4562,0
dynamic::qwen3.8-27b-high::all-arms::Omega_hat_NativeTrace,qwen3.8-27b-high::codecontests-test-1603e::long-trace-final,codecontests-test-1603e,d7fe25a19d626e555247a54b1650138c821111d60e20cca5c73ec3112ca1e525:16115f14b1d3589d0841b36fa922b477b58347dad5e3d021df0ae33ab64fa7a6:clang-18.1.8-coverage-state-load-v1,qwen3.8-27b-high,long-trace-final,all-arms,dynamic,Omega_hat_NativeTrace,20737394,0
dynamic::qwen3.8-27b-high::all-arms::Omega_hat_NativeTrace,qwen3.8-27b-high::codecontests-test-1603e::short-trace-final,codecontests-test-1603e,d7fe25a19d626e555247a54b1650138c821111d60e20cca5c73ec3112ca1e525:56128c78d54bd858b1f0a7710cc6ed6c0ee23efbe9034d42dc8ce6339a26f6bf:clang-18.1.8-coverage-state-load-v1,qwen3.8-27b-high,short-trace-final,all-arms,dynamic,Omega_hat_NativeTrace,2469,1
dynamic::qwen3.8-27b-high::all-arms::Omega_hat_NativeTrace,qwen3.8-27b-high::codecontests-test-1603e::inside-loop-state,codecontests-test-1603e,f3186b205da6d6dcc9ea29d1c2d2e8b3e694f96a5c55cf87108c065fb309d17d:16115f14b1d3589d0841b36fa922b477b58347dad5e3d021df0ae33ab64fa7a6:clang-18.1.8-coverage-state-load-v1,qwen3.8-27b-high,inside-loop-state,all-arms,dynamic,Omega_hat_NativeTrace,3687795,1
dynamic::qwen3.8-27b-high::all-arms::Omega_hat_NativeTrace,qwen3.8-27b-high::codecontests-test-1603e::post-loop-state,codecontests-test-1603e,f412e755c350f9ce1c88cfff52e57c62ae92474f822504d6558ee65de9e4ed4d:16115f14b1d3589d0841b36fa922b477b58347dad5e3d021df0ae33ab64fa7a6:clang-18.1.8-coverage-state-load-v1,qwen3.8-27b-high,post-loop-state,all-arms,dynamic,Omega_hat_NativeTrace,4331747,1
dynamic::qwen3.8-27b-high::all-arms::Omega_hat_NativeTrace,qwen3.8-27b-high::codecontests-test-1608e::short-trace-final,codecontests-test-1608e,646dbc65fdea7bc8e3170908e4578902800b470e97d05e2454f0d26884e92df7:a2f5b5c4b5f17740e75fa5913cbf0bcde3191c7cb615765a3dfa89ab90e0e728:clang-18.1.8-coverage-state-load-v1,qwen3.8-27b-high,short-trace-final,all-arms,dynamic,Omega_hat_NativeTrace,3627,1
dynamic::qwen3.8-27b-high::all-arms::Omega_hat_NativeTrace,qwen3.8-27b-high::codecontests-test-1608e::long-trace-final,codecontests-test-1608e,646dbc65fdea7bc8e3170908e4578902800b470e97d05e2454f0d26884e92df7:f55be964bd2cc68afe5b9ad8f942604e10918169e7160750406727f80984c504:clang-18.1.8-coverage-state-load-v1,qwen3.8-27b-high,long-trace-final,all-arms,dynamic,Omega_hat_NativeTrace,17917,0
dynamic::qwen3.8-27b-high::all-arms::Omega_hat_NativeTrace,qwen3.8-27b-high::codecontests-test-1608e::inside-loop-state,codecontests-test-1608e,667c28dbcfd364ae586ae9cd21bf6fd959db38f0147f2a6cb6289ec447eb9a22:f55be964bd2cc68afe5b9ad8f942604e10918169e7160750406727f80984c504:clang-18.1.8-coverage-state-load-v1,qwen3.8-27b-high,inside-loop-state,all-arms,dynamic,Omega_hat_NativeTrace,7468,1
dynamic::qwen3.8-27b-high::all-arms::Omega_hat_NativeTrace,qwen3.8-27b-high::codecontests-test-1608e::post-loop-state,codecontests-test-1608e,b3c2da25bedf53cb9761b05fae26f46e4cf88607b5e31132dd26180b52bbaf2b:f55be964bd2cc68afe5b9ad8f942604e10918169e7160750406727f80984c504:clang-18.1.8-coverage-state-load-v1,qwen3.8-27b-high,post-loop-state,all-arms,dynamic,Omega_hat_NativeTrace,7931,0
dynamic::qwen3.8-27b-high::all-arms::Omega_hat_NativeTrace,qwen3.8-27b-high::codecontests-test-1608f::short-trace-final,codecontests-test-1608f,3b1188cf9f4294e77fd38eb7d8098dfcfb19fbdd0ef6e9a3fe8d63adfeb2abbf:8ad616db4fe9bd467b7ab16879f97c77503d2b22431ce9705293bfe707f20a7f:clang-18.1.8-coverage-state-load-v1,qwen3.8-27b-high,short-trace-final,all-arms,dynamic,Omega_hat_NativeTrace,1337,0
dynamic::qwen3.8-27b-high::all-arms::Omega_hat_NativeTrace,qwen3.8-27b-high::codecontests-test-1608f::long-trace-final,codecontests-test-1608f,3b1188cf9f4294e77fd38eb7d8098dfcfb19fbdd0ef6e9a3fe8d63adfeb2abbf:b3e5d9410e92ec6feb64678dbc4fc691cb4660d89a83baf0e0a219123c05b450:clang-18.1.8-coverage-state-load-v1,qwen3.8-27b-high,long-trace-final,all-arms,dynamic,Omega_hat_NativeTrace,607758,0
dynamic::qwen3.8-27b-high::all-arms::Omega_hat_NativeTrace,qwen3.8-27b-high::codecontests-test-1608f::inside-loop-state,codecontests-test-1608f,9864fd100347bbad0e115c788da3250c68253007614da622a5ee02799527370f:b3e5d9410e92ec6feb64678dbc4fc691cb4660d89a83baf0e0a219123c05b450:clang-18.1.8-coverage-state-load-v1,qwen3.8-27b-high,inside-loop-state,all-arms,dynamic,Omega_hat_NativeTrace,36748,0
dynamic::qwen3.8-27b-high::all-arms::Omega_hat_NativeTrace,qwen3.8-27b-high::codecontests-test-1608f::post-loop-state,codecontests-test-1608f,ef77878c7f3b869738b3ff6a4965c679f33909d0914e136f66f6c522b7b20c01:b3e5d9410e92ec6feb64678dbc4fc691cb4660d89a83baf0e0a219123c05b450:clang-18.1.8-coverage-state-load-v1,qwen3.8-27b-high,post-loop-state,all-arms,dynamic,Omega_hat_NativeTrace,36955,0
dynamic::qwen3.8-27b-high::all-arms::Omega_hat_NativeTrace,qwen3.8-27b-high::codecontests-test-1615g::post-loop-state,codecontests-test-1615g,0933389f16bc0f8f1a15f83914fd800b2881de1ed6b02e9104c48207b1cde312:73a6420953313f0860ecac8f963f63bd594f27eacb54f75047c6e7f224445982:clang-18.1.8-coverage-state-load-v1,qwen3.8-27b-high,post-loop-state,all-arms,dynamic,Omega_hat_NativeTrace,6693,0
dynamic::qwen3.8-27b-high::all-arms::Omega_hat_NativeTrace,qwen3.8-27b-high::codecontests-test-1615g::inside-loop-state,codecontests-test-1615g,acc1b2cc8cfb5ad702c4fd69f49f49e609d604888c2fc3c44a8fa83a57d3de81:73a6420953313f0860ecac8f963f63bd594f27eacb54f75047c6e7f224445982:clang-18.1.8-coverage-state-load-v1,qwen3.8-27b-high,inside-loop-state,all-arms,dynamic,Omega_hat_NativeTrace,6517,0
dynamic::qwen3.8-27b-high::all-arms::Omega_hat_NativeTrace,qwen3.8-27b-high::codecontests-test-1615g::long-trace-final,codecontests-test-1615g,ad373333e07dc4e3b058568facb985af09bac3ef8991907c430b33236999f394:73a6420953313f0860ecac8f963f63bd594f27eacb54f75047c6e7f224445982:clang-18.1.8-coverage-state-load-v1,qwen3.8-27b-high,long-trace-final,all-arms,dynamic,Omega_hat_NativeTrace,5325,0
dynamic::qwen3.8-27b-high::all-arms::Omega_hat_NativeTrace,qwen3.8-27b-high::codecontests-test-1615g::short-trace-final,codecontests-test-1615g,ad373333e07dc4e3b058568facb985af09bac3ef8991907c430b33236999f394:8b8d92f6cd116121a9e352a9d6bbbeea5f82cc1c848aaea202eee9901fb39d86:clang-18.1.8-coverage-state-load-v1,qwen3.8-27b-high,short-trace-final,all-arms,dynamic,Omega_hat_NativeTrace,194,1
dynamic::qwen3.8-27b-high::all-arms::Omega_hat_NativeTrace,qwen3.8-27b-high::codecontests-test-1615h::post-loop-state,codecontests-test-1615h,6bac151ec0f25226a8145178cf0e367fb811beb86ff6196070e20565c4d00642:76e3b7b1ea299988012bab23cbfde0d8790d1c57e7f0994947beee3f546bc9a5:clang-18.1.8-coverage-state-load-v1,qwen3.8-27b-high,post-loop-state,all-arms,dynamic,Omega_hat_NativeTrace,8891,0
dynamic::qwen3.8-27b-high::all-arms::Omega_hat_NativeTrace,qwen3.8-27b-high::codecontests-test-1615h::long-trace-final,codecontests-test-1615h,a71a99b21177af38ad289c00ff979be40a690e727f285153ed3faee690b3a321:76e3b7b1ea299988012bab23cbfde0d8790d1c57e7f0994947beee3f546bc9a5:clang-18.1.8-coverage-state-load-v1,qwen3.8-27b-high,long-trace-final,all-arms,dynamic,Omega_hat_NativeTrace,15049,0
dynamic::qwen3.8-27b-high::all-arms::Omega_hat_NativeTrace,qwen3.8-27b-high::codecontests-test-1615h::short-trace-final,codecontests-test-1615h,a71a99b21177af38ad289c00ff979be40a690e727f285153ed3faee690b3a321:7f143eea0a3c840bf12e8184b4972d492f981fbb9a266339cd86299dae1d4413:clang-18.1.8-coverage-state-load-v1,qwen3.8-27b-high,short-trace-final,all-arms,dynamic,Omega_hat_NativeTrace,5714,1
dynamic::qwen3.8-27b-high::all-arms::Omega_hat_NativeTrace,qwen3.8-27b-high::codecontests-test-1615h::inside-loop-state,codecontests-test-1615h,bb1f2ab66b584a159dee436bfee61e9740c864d881dce54d93f0220164d96c1a:76e3b7b1ea299988012bab23cbfde0d8790d1c57e7f0994947beee3f546bc9a5:clang-18.1.8-coverage-state-load-v1,qwen3.8-27b-high,inside-loop-state,all-arms,dynamic,Omega_hat_NativeTrace,8943,0
dynamic::qwen3.8-27b-high::all-arms::Omega_hat_NativeTrace,qwen3.8-27b-high::codecontests-test-1617e::inside-loop-state,codecontests-test-1617e,395db0129fb099ac1b5af30458379f3c64b2c8e1ba3267544689e9a721e0a1a2:f34973899b03d91dd93fd9ca7bca992fc2b381fea1800c11fc29bf25c01efe97:clang-18.1.8-coverage-state-load-v1,qwen3.8-27b-high,inside-loop-state,all-arms,dynamic,Omega_hat_NativeTrace,3086,0
dynamic::qwen3.8-27b-high::all-arms::Omega_hat_NativeTrace,qwen3.8-27b-high::codecontests-test-1617e::post-loop-state,codecontests-test-1617e,a34fa455cb2724c38f9fc74f8d38161dbfbff4a0a0d9c9c94c1bfa734b45a015:f34973899b03d91dd93fd9ca7bca992fc2b381fea1800c11fc29bf25c01efe97:clang-18.1.8-coverage-state-load-v1,qwen3.8-27b-high,post-loop-state,all-arms,dynamic,Omega_hat_NativeTrace,3349,1
dynamic::qwen3.8-27b-high::all-arms::Omega_hat_NativeTrace,qwen3.8-27b-high::codecontests-test-1617e::short-trace-final,codecontests-test-1617e,c416bb8d3b25fd4c76bdb6e17ff595707f9479e2af79b63f90090979b8df2512:7a8e064d952789abfdfd6043d44530bd5de0228d7963b1c4a3a194695b246bdd:clang-18.1.8-coverage-state-load-v1,qwen3.8-27b-high,short-trace-final,all-arms,dynamic,Omega_hat_NativeTrace,2124,1
dynamic::qwen3.8-27b-high::all-arms::Omega_hat_NativeTrace,qwen3.8-27b-high::codecontests-test-1617e::long-trace-final,codecontests-test-1617e,c416bb8d3b25fd4c76bdb6e17ff595707f9479e2af79b63f90090979b8df2512:f34973899b03d91dd93fd9ca7bca992fc2b381fea1800c11fc29bf25c01efe97:clang-18.1.8-coverage-state-load-v1,qwen3.8-27b-high,long-trace-final,all-arms,dynamic,Omega_hat_NativeTrace,50271,0
dynamic::qwen3.8-27b-high::all-arms::Omega_hat_NativeTrace,qwen3.8-27b-high::codecontests-test-1620g::post-loop-state,codecontests-test-1620g,90b42a3a02b64368871b040777d72a1fae560ae9bae9612e2ab271e58b363cec:d17fc49cd397378f23ba09a1d25ed63dd16e1ca27e2fef716941dab7e3d260e9:clang-18.1.8-coverage-state-load-v1,qwen3.8-27b-high,post-loop-state,all-arms,dynamic,Omega_hat_NativeTrace,6476,1
dynamic::qwen3.8-27b-high::all-arms::Omega_hat_NativeTrace,qwen3.8-27b-high::codecontests-test-1620g::short-trace-final,codecontests-test-1620g,dc5b0364fffb69d059ac406180373038b2947bf8b018c0eb5ad6bdab89607c28:47fdb134316707b54ae926b4ba0b8e2ffa13b01f961ee3bdbd4367e9493f9d43:clang-18.1.8-coverage-state-load-v1,qwen3.8-27b-high,short-trace-final,all-arms,dynamic,Omega_hat_NativeTrace,1031,1
dynamic::qwen3.8-27b-high::all-arms::Omega_hat_NativeTrace,qwen3.8-27b-high::codecontests-test-1620g::long-trace-final,codecontests-test-1620g,dc5b0364fffb69d059ac406180373038b2947bf8b018c0eb5ad6bdab89607c28:d17fc49cd397378f23ba09a1d25ed63dd16e1ca27e2fef716941dab7e3d260e9:clang-18.1.8-coverage-state-load-v1,qwen3.8-27b-high,long-trace-final,all-arms,dynamic,Omega_hat_NativeTrace,32711,0
dynamic::qwen3.8-27b-high::all-arms::Omega_hat_NativeTrace,qwen3.8-27b-high::codecontests-test-1620g::inside-loop-state,codecontests-test-1620g,f68b5d2afda3ef6b63ec68b53e390dc857f47e5bdf2f3f2e1081414a31775f0d:d17fc49cd397378f23ba09a1d25ed63dd16e1ca27e2fef716941dab7e3d260e9:clang-18.1.8-coverage-state-load-v1,qwen3.8-27b-high,inside-loop-state,all-arms,dynamic,Omega_hat_NativeTrace,6489,0
dynamic::qwen3.8-27b-high::all-arms::Omega_hat_NativeTrace,qwen3.8-27b-high::codecontests-validation-1552g::short-trace-final,codecontests-validation-1552g,89b65341f1c6fe3a0a9df0a69ade235027daa7f39d3002954f6f632919791b3f:6575c487ddb8c661ec94ac0aa126db71015d196d35a568acfd62ad87a004ec72:clang-18.1.8-coverage-state-load-v1,qwen3.8-27b-high,short-trace-final,all-arms,dynamic,Omega_hat_NativeTrace,473,0
dynamic::qwen3.8-27b-high::all-arms::Omega_hat_NativeTrace,qwen3.8-27b-high::codecontests-validation-1552g::long-trace-final,codecontests-validation-1552g,89b65341f1c6fe3a0a9df0a69ade235027daa7f39d3002954f6f632919791b3f:a23a879e789c630dbbae0133f0eb5577c8e5e3a711d2d32ec6d6c244f930f0a1:clang-18.1.8-coverage-state-load-v1,qwen3.8-27b-high,long-trace-final,all-arms,dynamic,Omega_hat_NativeTrace,2634,1
dynamic::qwen3.8-27b-high::all-arms::Omega_hat_NativeTrace,qwen3.8-27b-high::codecontests-validation-1552g::post-loop-state,codecontests-validation-1552g,b5f0a9481460f80246bf1a24dda90224f8dc49a793565d9ab27a357e86c4e053:a23a879e789c630dbbae0133f0eb5577c8e5e3a711d2d32ec6d6c244f930f0a1:clang-18.1.8-coverage-state-load-v1,qwen3.8-27b-high,post-loop-state,all-arms,dynamic,Omega_hat_NativeTrace,378,1
dynamic::qwen3.8-27b-high::all-arms::Omega_hat_NativeTrace,qwen3.8-27b-high::codecontests-validation-1552g::inside-loop-state,codecontests-validation-1552g,feb96da038972104d010503bb0068d9694d4cebae2d34993c61d2dcd7002c600:a23a879e789c630dbbae0133f0eb5577c8e5e3a711d2d32ec6d6c244f930f0a1:clang-18.1.8-coverage-state-load-v1,qwen3.8-27b-high,inside-loop-state,all-arms,dynamic,Omega_hat_NativeTrace,464,0
dynamic::qwen3.8-27b-high::all-arms::Omega_hat_NativeTrace,qwen3.8-27b-high::codecontests-validation-1553h::long-trace-final,codecontests-validation-1553h,6e44abb67b8129df7e6c9c2bb7f0603020a46107f0b5aaa85480dcf00b6d8ee5:37a901c4f91c375e5b2ce915089751f68aa2f80e3a9590fee8edc1247ea80612:clang-18.1.8-coverage-state-load-v1,qwen3.8-27b-high,long-trace-final,all-arms,dynamic,Omega_hat_NativeTrace,2577,1
dynamic::qwen3.8-27b-high::all-arms::Omega_hat_NativeTrace,qwen3.8-27b-high::codecontests-validation-1553h::short-trace-final,codecontests-validation-1553h,6e44abb67b8129df7e6c9c2bb7f0603020a46107f0b5aaa85480dcf00b6d8ee5:4f701d041f6b57b35a63af3be10f040298aa86385ad4da04b1daa6df2663a712:clang-18.1.8-coverage-state-load-v1,qwen3.8-27b-high,short-trace-final,all-arms,dynamic,Omega_hat_NativeTrace,371,1
dynamic::qwen3.8-27b-high::all-arms::Omega_hat_NativeTrace,qwen3.8-27b-high::codecontests-validation-1556f::inside-loop-state,codecontests-validation-1556f,0e7c6745273acd61e256dc45eed260d91a4acbd2606e470d7a226f83219ed9a3:360f25d334dd3eaa6f292d435c7982dff837d18936d1fefe83699b0b1d6fbc85:clang-18.1.8-coverage-state-load-v1,qwen3.8-27b-high,inside-loop-state,all-arms,dynamic,Omega_hat_NativeTrace,202474,0
dynamic::qwen3.8-27b-high::all-arms::Omega_hat_NativeTrace,qwen3.8-27b-high::codecontests-validation-1556f::post-loop-state,codecontests-validation-1556f,355b4d9cf793a850c31de90bbad276f4be650b3ce01e56f464054f85d4c2ec45:360f25d334dd3eaa6f292d435c7982dff837d18936d1fefe83699b0b1d6fbc85:clang-18.1.8-coverage-state-load-v1,qwen3.8-27b-high,post-loop-state,all-arms,dynamic,Omega_hat_NativeTrace,17086448,0
dynamic::qwen3.8-27b-high::all-arms::Omega_hat_NativeTrace,qwen3.8-27b-high::codecontests-validation-1556f::long-trace-final,codecontests-validation-1556f,67dbad2177030b263347ba9ff0c3aa5d2e1eb57d456d177fad25eee3f31a9a76:360f25d334dd3eaa6f292d435c7982dff837d18936d1fefe83699b0b1d6fbc85:clang-18.1.8-coverage-state-load-v1,qwen3.8-27b-high,long-trace-final,all-arms,dynamic,Omega_hat_NativeTrace,17617324,0
dynamic::qwen3.8-27b-high::all-arms::Omega_hat_NativeTrace,qwen3.8-27b-high::codecontests-validation-1556f::short-trace-final,codecontests-validation-1556f,67dbad2177030b263347ba9ff0c3aa5d2e1eb57d456d177fad25eee3f31a9a76:fdcb27265764b2a73c62380d364aa177b18028a2d6fffe621bac5a23affde265:clang-18.1.8-coverage-state-load-v1,qwen3.8-27b-high,short-trace-final,all-arms,dynamic,Omega_hat_NativeTrace,475,1
dynamic::qwen3.8-27b-high::all-arms::Omega_hat_NativeTrace,qwen3.8-27b-high::codecontests-validation-1567f::inside-loop-state,codecontests-validation-1567f,05cf93795d2245abb6f842b4f278fe70746b159f5aba398e285981a3d3ab0415:5ca513ae33f231741e8f5bce074557104f0ac96debe4329731eb41fe859f6fa9:clang-18.1.8-coverage-state-load-v1,qwen3.8-27b-high,inside-loop-state,all-arms,dynamic,Omega_hat_NativeTrace,3975,1
dynamic::qwen3.8-27b-high::all-arms::Omega_hat_NativeTrace,qwen3.8-27b-high::codecontests-validation-1567f::long-trace-final,codecontests-validation-1567f,1d2e0467d959ffad5c713fa10c2142c44b5f542e00ce390504aea6f73e976053:5ca513ae33f231741e8f5bce074557104f0ac96debe4329731eb41fe859f6fa9:clang-18.1.8-coverage-state-load-v1,qwen3.8-27b-high,long-trace-final,all-arms,dynamic,Omega_hat_NativeTrace,7387,0
dynamic::qwen3.8-27b-high::all-arms::Omega_hat_NativeTrace,qwen3.8-27b-high::codecontests-validation-1567f::short-trace-final,codecontests-validation-1567f,1d2e0467d959ffad5c713fa10c2142c44b5f542e00ce390504aea6f73e976053:8ac1f9fa9e2847575b2ced3fd892b2845557a6c485f5fa9413a699b8efbc3ad3:clang-18.1.8-coverage-state-load-v1,qwen3.8-27b-high,short-trace-final,all-arms,dynamic,Omega_hat_NativeTrace,2028,1
dynamic::qwen3.8-27b-high::all-arms::Omega_hat_NativeTrace,qwen3.8-27b-high::codecontests-validation-1567f::post-loop-state,codecontests-validation-1567f,91b04a25af0d8354eca4b22a5c307be7e0d71719c1e56c1036c67f37cec6a7d0:5ca513ae33f231741e8f5bce074557104f0ac96debe4329731eb41fe859f6fa9:clang-18.1.8-coverage-state-load-v1,qwen3.8-27b-high,post-loop-state,all-arms,dynamic,Omega_hat_NativeTrace,3936,1
dynamic::qwen3.8-27b-high::all-arms::Omega_hat_NativeTrace,qwen3.8-27b-high::codecontests-validation-1569e::inside-loop-state,codecontests-validation-1569e,8c7846a3a40110fa05257b67da8e6f63f945c711305a1df88b97e8d00396db64:b5fabe923ecc6b7534566fbeb72577fd896c2d74b9374afe3bed49a16217cf73:clang-18.1.8-coverage-state-load-v1,qwen3.8-27b-high,inside-loop-state,all-arms,dynamic,Omega_hat_NativeTrace,14587,1
dynamic::qwen3.8-27b-high::all-arms::Omega_hat_NativeTrace,qwen3.8-27b-high::codecontests-validation-1569e::post-loop-state,codecontests-validation-1569e,b6b18517a3e59e80fb145dd8b32144c363e2872690c8f1c80a42a71bbc7adff3:b5fabe923ecc6b7534566fbeb72577fd896c2d74b9374afe3bed49a16217cf73:clang-18.1.8-coverage-state-load-v1,qwen3.8-27b-high,post-loop-state,all-arms,dynamic,Omega_hat_NativeTrace,4686010,1
dynamic::qwen3.8-27b-high::all-arms::Omega_hat_NativeTrace,qwen3.8-27b-high::codecontests-validation-1569e::short-trace-final,codecontests-validation-1569e,d7b30d4383431a38ca1bd0ea4847aec892b939921afb04a5e0975d8dfe5a98c9:479def58965386a05050611157259ef82bfeb49b520e8bff8f6ffde3b23af8a8:clang-18.1.8-coverage-state-load-v1,qwen3.8-27b-high,short-trace-final,all-arms,dynamic,Omega_hat_NativeTrace,963,0
dynamic::qwen3.8-27b-high::all-arms::Omega_hat_NativeTrace,qwen3.8-27b-high::codecontests-validation-1569e::long-trace-final,codecontests-validation-1569e,d7b30d4383431a38ca1bd0ea4847aec892b939921afb04a5e0975d8dfe5a98c9:b5fabe923ecc6b7534566fbeb72577fd896c2d74b9374afe3bed49a16217cf73:clang-18.1.8-coverage-state-load-v1,qwen3.8-27b-high,long-trace-final,all-arms,dynamic,Omega_hat_NativeTrace,9765064,1
dynamic::qwen3.8-27b-high::all-arms::Omega_hat_NativeTrace,qwen3.8-27b-high::codecontests-validation-1569f::long-trace-final,codecontests-validation-1569f,2301e337b5fb3f9549acef3c07f9bd5019e6234c7a2311a7c4f57763e18e5b83:0b0d290fe1c8a4b6c275d3cd68f10e26117cce6a7a535e05cb67a9483c2ca982:clang-18.1.8-coverage-state-load-v1,qwen3.8-27b-high,long-trace-final,all-arms,dynamic,Omega_hat_NativeTrace,150522,1
dynamic::qwen3.8-27b-high::all-arms::Omega_hat_NativeTrace,qwen3.8-27b-high::codecontests-validation-1569f::short-trace-final,codecontests-validation-1569f,2301e337b5fb3f9549acef3c07f9bd5019e6234c7a2311a7c4f57763e18e5b83:26b7657bcd3b796488b0a9677b14cced50fbbf3da549885bc44c2917cf610cff:clang-18.1.8-coverage-state-load-v1,qwen3.8-27b-high,short-trace-final,all-arms,dynamic,Omega_hat_NativeTrace,9950,1
dynamic::qwen3.8-27b-high::all-arms::Omega_hat_NativeTrace,qwen3.8-27b-high::codecontests-validation-1569f::post-loop-state,codecontests-validation-1569f,9b44483ac309757aa4c354b7152a87dcbcef7f14befc99fd5d5420fba2550477:0b0d290fe1c8a4b6c275d3cd68f10e26117cce6a7a535e05cb67a9483c2ca982:clang-18.1.8-coverage-state-load-v1,qwen3.8-27b-high,post-loop-state,all-arms,dynamic,Omega_hat_NativeTrace,118625,0
dynamic::qwen3.8-27b-high::all-arms::Omega_hat_NativeTrace,qwen3.8-27b-high::codecontests-validation-1569f::inside-loop-state,codecontests-validation-1569f,bd6341080b17f11d66607db0012ce4f3cf4107ce205c35c39ff21ea2a4d40857:0b0d290fe1c8a4b6c275d3cd68f10e26117cce6a7a535e05cb67a9483c2ca982:clang-18.1.8-coverage-state-load-v1,qwen3.8-27b-high,inside-loop-state,all-arms,dynamic,Omega_hat_NativeTrace,118714,0
dynamic::qwen3.8-27b-high::all-arms::Omega_hat_NativeTrace,qwen3.8-27b-high::codecontests-validation-1572d::post-loop-state,codecontests-validation-1572d,10b3ea8d407a851cbb94d856638ba9ee3b5658eb0b43ab595c686887ee58e23a:2215213a1789f807060a057e634ddb262a27f09b8292f964f58f42acbe1d0616:clang-18.1.8-coverage-state-load-v1,qwen3.8-27b-high,post-loop-state,all-arms,dynamic,Omega_hat_NativeTrace,1703,0
dynamic::qwen3.8-27b-high::all-arms::Omega_hat_NativeTrace,qwen3.8-27b-high::codecontests-validation-1572d::long-trace-final,codecontests-validation-1572d,4ef728a87836baeb0af64467718c76401006223c75d5b80c74b59eb56b109b72:2215213a1789f807060a057e634ddb262a27f09b8292f964f58f42acbe1d0616:clang-18.1.8-coverage-state-load-v1,qwen3.8-27b-high,long-trace-final,all-arms,dynamic,Omega_hat_NativeTrace,1887,0
dynamic::qwen3.8-27b-high::all-arms::Omega_hat_NativeTrace,qwen3.8-27b-high::codecontests-validation-1572d::short-trace-final,codecontests-validation-1572d,4ef728a87836baeb0af64467718c76401006223c75d5b80c74b59eb56b109b72:eb418658a51efc355a88b1c44df821bcabf17ae92e052c3f3f3790755404491d:clang-18.1.8-coverage-state-load-v1,qwen3.8-27b-high,short-trace-final,all-arms,dynamic,Omega_hat_NativeTrace,888,0
dynamic::qwen3.8-27b-high::all-arms::Omega_hat_NativeTrace,qwen3.8-27b-high::codecontests-validation-1572d::inside-loop-state,codecontests-validation-1572d,e4be3de81a2d2af89166e441b8d5adf8e73d19e2c217707d996b1af00c028ff1:2215213a1789f807060a057e634ddb262a27f09b8292f964f58f42acbe1d0616:clang-18.1.8-coverage-state-load-v1,qwen3.8-27b-high,inside-loop-state,all-arms,dynamic,Omega_hat_NativeTrace,1793,0
dynamic::qwen3.8-27b-high::all-arms::Omega_hat_NativeTrace,qwen3.8-27b-high::codecontests-validation-1572e::post-loop-state,codecontests-validation-1572e,437fad31af4f51960c3b7aff0ceecd6ad236aeccd08417e320d5ef307f021027:ce0eb773178bbc4bdc901ed4555433f201b9cbbd416231d7a0b82b41c1e59270:clang-18.1.8-coverage-state-load-v1,qwen3.8-27b-high,post-loop-state,all-arms,dynamic,Omega_hat_NativeTrace,1903,0
dynamic::qwen3.8-27b-high::all-arms::Omega_hat_NativeTrace,qwen3.8-27b-high::codecontests-validation-1572e::inside-loop-state,codecontests-validation-1572e,a29023c7f4c26bae0b4eef37581882d729a33402e3f2d96d9c4e4e82f216cc0f:ce0eb773178bbc4bdc901ed4555433f201b9cbbd416231d7a0b82b41c1e59270:clang-18.1.8-coverage-state-load-v1,qwen3.8-27b-high,inside-loop-state,all-arms,dynamic,Omega_hat_NativeTrace,1931,0
dynamic::qwen3.8-27b-high::all-arms::Omega_hat_NativeTrace,qwen3.8-27b-high::codecontests-validation-1572e::short-trace-final,codecontests-validation-1572e,c6871efc570f44806a970f43053b081d731f519c2b4a95b2aa54ee53df958fcf:c8391dd8e574d61edf3a7c188f1bce010f51566bb2347b029afb3faa08679767:clang-18.1.8-coverage-state-load-v1,qwen3.8-27b-high,short-trace-final,all-arms,dynamic,Omega_hat_NativeTrace,17610,1
dynamic::qwen3.8-27b-high::all-arms::Omega_hat_NativeTrace,qwen3.8-27b-high::codecontests-validation-1572e::long-trace-final,codecontests-validation-1572e,c6871efc570f44806a970f43053b081d731f519c2b4a95b2aa54ee53df958fcf:ce0eb773178bbc4bdc901ed4555433f201b9cbbd416231d7a0b82b41c1e59270:clang-18.1.8-coverage-state-load-v1,qwen3.8-27b-high,long-trace-final,all-arms,dynamic,Omega_hat_NativeTrace,94129,0
dynamic::qwen3.8-27b-high::all-arms::Omega_hat_NativeTrace,qwen3.8-27b-high::codecontests-validation-1574f::post-loop-state,codecontests-validation-1574f,121cb978200a7d65abf8d20a567bf9a991547f94cb17d49e90c39970b27fb179:03d3d7a8c8364341064965d240bc633999a3624096573e7dd9ff9b2e4332d221:clang-18.1.8-coverage-state-load-v1,qwen3.8-27b-high,post-loop-state,all-arms,dynamic,Omega_hat_NativeTrace,16200040,0
dynamic::qwen3.8-27b-high::all-arms::Omega_hat_NativeTrace,qwen3.8-27b-high::codecontests-validation-1574f::inside-loop-state,codecontests-validation-1574f,54d2aa075790d96b16094d1110b1ff4cc42e649f39b55cf10a14e19f5a25bdd0:03d3d7a8c8364341064965d240bc633999a3624096573e7dd9ff9b2e4332d221:clang-18.1.8-coverage-state-load-v1,qwen3.8-27b-high,inside-loop-state,all-arms,dynamic,Omega_hat_NativeTrace,8102841,0
dynamic::qwen3.8-27b-high::all-arms::Omega_hat_NativeTrace,qwen3.8-27b-high::codecontests-validation-1574f::long-trace-final,codecontests-validation-1574f,7daa73692acaf41812edcde3c45ecdfa6e0c91a99ce6e3557836323cf0386084:03d3d7a8c8364341064965d240bc633999a3624096573e7dd9ff9b2e4332d221:clang-18.1.8-coverage-state-load-v1,qwen3.8-27b-high,long-trace-final,all-arms,dynamic,Omega_hat_NativeTrace,1513963426,0
dynamic::qwen3.8-27b-high::all-arms::Omega_hat_NativeTrace,qwen3.8-27b-high::codecontests-validation-1574f::short-trace-final,codecontests-validation-1574f,7daa73692acaf41812edcde3c45ecdfa6e0c91a99ce6e3557836323cf0386084:a00a4e49bac1dc0515ea109cbef81f6fec9f42207b2ac47d95d4f9fb95859331:clang-18.1.8-coverage-state-load-v1,qwen3.8-27b-high,short-trace-final,all-arms,dynamic,Omega_hat_NativeTrace,1209,1
dynamic::qwen3.8-27b-high::all-arms::Omega_hat_StateLoad,qwen3.8-27b-high::codecontests-test-1580b::post-loop-state,codecontests-test-1580b,651daa060f41dcbf742f65839b776fde4796201d3b99d00773278bba61645417:01bf10bc19e4055efc275e06e8439f42cb308446a927457954f085b1c36f701a:clang-18.1.8-coverage-state-load-v1,qwen3.8-27b-high,post-loop-state,all-arms,dynamic,Omega_hat_StateLoad,634227280,1
dynamic::qwen3.8-27b-high::all-arms::Omega_hat_StateLoad,qwen3.8-27b-high::codecontests-test-1580b::inside-loop-state,codecontests-test-1580b,de821758d705b3efd9657c5b7021e5d724533788eed2c97f5213f6ee05a90127:01bf10bc19e4055efc275e06e8439f42cb308446a927457954f085b1c36f701a:clang-18.1.8-coverage-state-load-v1,qwen3.8-27b-high,inside-loop-state,all-arms,dynamic,Omega_hat_StateLoad,624486447,1
dynamic::qwen3.8-27b-high::all-arms::Omega_hat_StateLoad,qwen3.8-27b-high::codecontests-test-1580b::long-trace-final,codecontests-test-1580b,e49cc24f56c43dda6796ffbf38185eb1f4f689c19e9ec2b7010717fbd33f09cd:01bf10bc19e4055efc275e06e8439f42cb308446a927457954f085b1c36f701a:clang-18.1.8-coverage-state-load-v1,qwen3.8-27b-high,long-trace-final,all-arms,dynamic,Omega_hat_StateLoad,123221869874820,0
dynamic::qwen3.8-27b-high::all-arms::Omega_hat_StateLoad,qwen3.8-27b-high::codecontests-test-1580b::short-trace-final,codecontests-test-1580b,e49cc24f56c43dda6796ffbf38185eb1f4f689c19e9ec2b7010717fbd33f09cd:4badc34556ceafd1c2c4699ce5b2a3bc32594a4b7e29c24a4068f61563022cdc:clang-18.1.8-coverage-state-load-v1,qwen3.8-27b-high,short-trace-final,all-arms,dynamic,Omega_hat_StateLoad,1334498244,0
dynamic::qwen3.8-27b-high::all-arms::Omega_hat_StateLoad,qwen3.8-27b-high::codecontests-test-1580f::short-trace-final,codecontests-test-1580f,14ddc455906166c8cc9ba66260dd1ee85ca6354b865eda03f0f3871dae33ae17:66cad223eb4b52b45ee49a6f14a923756f9c308fb0a2f62f02808d1d2491969e:clang-18.1.8-coverage-state-load-v1,qwen3.8-27b-high,short-trace-final,all-arms,dynamic,Omega_hat_StateLoad,41166621651798,0
dynamic::qwen3.8-27b-high::all-arms::Omega_hat_StateLoad,qwen3.8-27b-high::codecontests-test-1580f::long-trace-final,codecontests-test-1580f,14ddc455906166c8cc9ba66260dd1ee85ca6354b865eda03f0f3871dae33ae17:d72b57384d564b166e605cb1fe15b30202227d8df8021b4e67f0275e92852971:clang-18.1.8-coverage-state-load-v1,qwen3.8-27b-high,long-trace-final,all-arms,dynamic,Omega_hat_StateLoad,41173337298488,1
dynamic::qwen3.8-27b-high::all-arms::Omega_hat_StateLoad,qwen3.8-27b-high::codecontests-test-1580f::post-loop-state,codecontests-test-1580f,8526c634fe8de6d447557c0456ea3013ff50b851688579983204c869ac4dcb57:d72b57384d564b166e605cb1fe15b30202227d8df8021b4e67f0275e92852971:clang-18.1.8-coverage-state-load-v1,qwen3.8-27b-high,post-loop-state,all-arms,dynamic,Omega_hat_StateLoad,41157233657412,0
dynamic::qwen3.8-27b-high::all-arms::Omega_hat_StateLoad,qwen3.8-27b-high::codecontests-test-1580f::inside-loop-state,codecontests-test-1580f,bfcc98152560bffe5dfc4d96ac7ad6087d8a47a1cf596714f45a7366a323508a:d72b57384d564b166e605cb1fe15b30202227d8df8021b4e67f0275e92852971:clang-18.1.8-coverage-state-load-v1,qwen3.8-27b-high,inside-loop-state,all-arms,dynamic,Omega_hat_StateLoad,41157227775110,0
dynamic::qwen3.8-27b-high::all-arms::Omega_hat_StateLoad,qwen3.8-27b-high::codecontests-test-1586f::long-trace-final,codecontests-test-1586f,50fa6366595a53ba7e82bd4bc65563c718c29a2a4b9c1b4e6f80fab5bdeabd90:e7a0a218331b68b73ad7ba079fd54be2a7cd8090a6e96eba3f4ee3001dc1d2dc:clang-18.1.8-coverage-state-load-v1,qwen3.8-27b-high,long-trace-final,all-arms,dynamic,Omega_hat_StateLoad,44184529715,0
dynamic::qwen3.8-27b-high::all-arms::Omega_hat_StateLoad,qwen3.8-27b-high::codecontests-test-1586f::short-trace-final,codecontests-test-1586f,50fa6366595a53ba7e82bd4bc65563c718c29a2a4b9c1b4e6f80fab5bdeabd90:ece3d232c1ca9ef8a80b6fdb1585b8f5cf653b9dd023b0521c8da64db859ffac:clang-18.1.8-coverage-state-load-v1,qwen3.8-27b-high,short-trace-final,all-arms,dynamic,Omega_hat_StateLoad,145590447,1
dynamic::qwen3.8-27b-high::all-arms::Omega_hat_StateLoad,qwen3.8-27b-high::codecontests-test-1586f::inside-loop-state,codecontests-test-1586f,c2fff1ad8c28452ca3e75e2efc59934a22d91572d3cde13bc7c743de6d34b147:e7a0a218331b68b73ad7ba079fd54be2a7cd8090a6e96eba3f4ee3001dc1d2dc:clang-18.1.8-coverage-state-load-v1,qwen3.8-27b-high,inside-loop-state,all-arms,dynamic,Omega_hat_StateLoad,4453997983,1
dynamic::qwen3.8-27b-high::all-arms::Omega_hat_StateLoad,qwen3.8-27b-high::codecontests-test-1586f::post-loop-state,codecontests-test-1586f,cf6f023469c0bb5ffbb00877e5468516893961999aa07f0ecb8ade5ed40b2096:e7a0a218331b68b73ad7ba079fd54be2a7cd8090a6e96eba3f4ee3001dc1d2dc:clang-18.1.8-coverage-state-load-v1,qwen3.8-27b-high,post-loop-state,all-arms,dynamic,Omega_hat_StateLoad,4459054592,1
dynamic::qwen3.8-27b-high::all-arms::Omega_hat_StateLoad,qwen3.8-27b-high::codecontests-test-1598f::short-trace-final,codecontests-test-1598f,c86397161467c48a05a8a1c3b9d9cdc968122973e7759a52edbfee55607a0c48:0c302e793e9db86915c6163fbabb9d0a9976859eb54448cb12f96c3a4ff52328:clang-18.1.8-coverage-state-load-v1,qwen3.8-27b-high,short-trace-final,all-arms,dynamic,Omega_hat_StateLoad,896,1
dynamic::qwen3.8-27b-high::all-arms::Omega_hat_StateLoad,qwen3.8-27b-high::codecontests-test-1598f::long-trace-final,codecontests-test-1598f,c86397161467c48a05a8a1c3b9d9cdc968122973e7759a52edbfee55607a0c48:7035767df0d876ec6a211af258eda3b340f5ba719f1d3c8f30d890596458ed17:clang-18.1.8-coverage-state-load-v1,qwen3.8-27b-high,long-trace-final,all-arms,dynamic,Omega_hat_StateLoad,98536591,1
dynamic::qwen3.8-27b-high::all-arms::Omega_hat_StateLoad,qwen3.8-27b-high::codecontests-test-1598f::post-loop-state,codecontests-test-1598f,cb278e842ab865add5e5b08afeae6d96c07cdcbf64ca0a38de643e3879f68585:7035767df0d876ec6a211af258eda3b340f5ba719f1d3c8f30d890596458ed17:clang-18.1.8-coverage-state-load-v1,qwen3.8-27b-high,post-loop-state,all-arms,dynamic,Omega_hat_StateLoad,1321625,1
dynamic::qwen3.8-27b-high::all-arms::Omega_hat_StateLoad,qwen3.8-27b-high::codecontests-test-1598f::inside-loop-state,codecontests-test-1598f,f41875fa3f7692eefec1a62e67928717fb5e40acf042c603e3120e581750a59b:7035767df0d876ec6a211af258eda3b340f5ba719f1d3c8f30d890596458ed17:clang-18.1.8-coverage-state-load-v1,qwen3.8-27b-high,inside-loop-state,all-arms,dynamic,Omega_hat_StateLoad,1298913,1
dynamic::qwen3.8-27b-high::all-arms::Omega_hat_StateLoad,qwen3.8-27b-high::codecontests-test-1599d::inside-loop-state,codecontests-test-1599d,0a2dad56c9e815f7f708d26c2a62b89ce07f5ea76c71a50f36d86924cf05b943:e4a285c493f93a570627f5a05671eae6a4363f4464831e0f98d5ba3690d0ee67:clang-18.1.8-coverage-state-load-v1,qwen3.8-27b-high,inside-loop-state,all-arms,dynamic,Omega_hat_StateLoad,11758615723,1
dynamic::qwen3.8-27b-high::all-arms::Omega_hat_StateLoad,qwen3.8-27b-high::codecontests-test-1599d::short-trace-final,codecontests-test-1599d,933b32aa65d3b25d1afa06e801f5b72dff619eaf7fc4ac6a4a0270e85d49214c:665093871dbe3de8e75d8a816a8378ca11e9e560947ddf4d94207a1e2173820b:clang-18.1.8-coverage-state-load-v1,qwen3.8-27b-high,short-trace-final,all-arms,dynamic,Omega_hat_StateLoad,2823867851,1
dynamic::qwen3.8-27b-high::all-arms::Omega_hat_StateLoad,qwen3.8-27b-high::codecontests-test-1599d::long-trace-final,codecontests-test-1599d,933b32aa65d3b25d1afa06e801f5b72dff619eaf7fc4ac6a4a0270e85d49214c:e4a285c493f93a570627f5a05671eae6a4363f4464831e0f98d5ba3690d0ee67:clang-18.1.8-coverage-state-load-v1,qwen3.8-27b-high,long-trace-final,all-arms,dynamic,Omega_hat_StateLoad,12567049367,1
dynamic::qwen3.8-27b-high::all-arms::Omega_hat_StateLoad,qwen3.8-27b-high::codecontests-test-1599d::post-loop-state,codecontests-test-1599d,aa9020619d95e0c11306c231f42dc16fbedc1b8833557cfba9a3855ceab5d625:e4a285c493f93a570627f5a05671eae6a4363f4464831e0f98d5ba3690d0ee67:clang-18.1.8-coverage-state-load-v1,qwen3.8-27b-high,post-loop-state,all-arms,dynamic,Omega_hat_StateLoad,11898690449,1
dynamic::qwen3.8-27b-high::all-arms::Omega_hat_StateLoad,qwen3.8-27b-high::codecontests-test-1599j::post-loop-state,codecontests-test-1599j,3435dafe215df6aaa0d67c6cfc947efc0a0e44650fe50967a6ba0b248d4b7fe6:cf6d365ac492de069f119d50091851656ea5679fa08c558d3f071a383b4e0df0:clang-18.1.8-coverage-state-load-v1,qwen3.8-27b-high,post-loop-state,all-arms,dynamic,Omega_hat_StateLoad,564916,0
dynamic::qwen3.8-27b-high::all-arms::Omega_hat_StateLoad,qwen3.8-27b-high::codecontests-test-1599j::short-trace-final,codecontests-test-1599j,ab4e36e90fc02ef9ec4e2ca7dec9cf4caee8e6aaeed78b0ea3ac83c28ac8147c:15a15c047478f3e0e3cab6ed3f632a29e89952fba136b5a78394d1c0ad79c6e5:clang-18.1.8-coverage-state-load-v1,qwen3.8-27b-high,short-trace-final,all-arms,dynamic,Omega_hat_StateLoad,9170,0
dynamic::qwen3.8-27b-high::all-arms::Omega_hat_StateLoad,qwen3.8-27b-high::codecontests-test-1599j::long-trace-final,codecontests-test-1599j,ab4e36e90fc02ef9ec4e2ca7dec9cf4caee8e6aaeed78b0ea3ac83c28ac8147c:cf6d365ac492de069f119d50091851656ea5679fa08c558d3f071a383b4e0df0:clang-18.1.8-coverage-state-load-v1,qwen3.8-27b-high,long-trace-final,all-arms,dynamic,Omega_hat_StateLoad,12322184,0
dynamic::qwen3.8-27b-high::all-arms::Omega_hat_StateLoad,qwen3.8-27b-high::codecontests-test-1599j::inside-loop-state,codecontests-test-1599j,b327432c0b51f79599142f457651ed07c753892f7bc8fc32eae261455a14a8df:cf6d365ac492de069f119d50091851656ea5679fa08c558d3f071a383b4e0df0:clang-18.1.8-coverage-state-load-v1,qwen3.8-27b-high,inside-loop-state,all-arms,dynamic,Omega_hat_StateLoad,475722,0
dynamic::qwen3.8-27b-high::all-arms::Omega_hat_StateLoad,qwen3.8-27b-high::codecontests-test-1603e::long-trace-final,codecontests-test-1603e,d7fe25a19d626e555247a54b1650138c821111d60e20cca5c73ec3112ca1e525:16115f14b1d3589d0841b36fa922b477b58347dad5e3d021df0ae33ab64fa7a6:clang-18.1.8-coverage-state-load-v1,qwen3.8-27b-high,long-trace-final,all-arms,dynamic,Omega_hat_StateLoad,4501797683908,0
dynamic::qwen3.8-27b-high::all-arms::Omega_hat_StateLoad,qwen3.8-27b-high::codecontests-test-1603e::short-trace-final,codecontests-test-1603e,d7fe25a19d626e555247a54b1650138c821111d60e20cca5c73ec3112ca1e525:56128c78d54bd858b1f0a7710cc6ed6c0ee23efbe9034d42dc8ce6339a26f6bf:clang-18.1.8-coverage-state-load-v1,qwen3.8-27b-high,short-trace-final,all-arms,dynamic,Omega_hat_StateLoad,909408818,1
dynamic::qwen3.8-27b-high::all-arms::Omega_hat_StateLoad,qwen3.8-27b-high::codecontests-test-1603e::inside-loop-state,codecontests-test-1603e,f3186b205da6d6dcc9ea29d1c2d2e8b3e694f96a5c55cf87108c065fb309d17d:16115f14b1d3589d0841b36fa922b477b58347dad5e3d021df0ae33ab64fa7a6:clang-18.1.8-coverage-state-load-v1,qwen3.8-27b-high,inside-loop-state,all-arms,dynamic,Omega_hat_StateLoad,189201355791,1
dynamic::qwen3.8-27b-high::all-arms::Omega_hat_StateLoad,qwen3.8-27b-high::codecontests-test-1603e::post-loop-state,codecontests-test-1603e,f412e755c350f9ce1c88cfff52e57c62ae92474f822504d6558ee65de9e4ed4d:16115f14b1d3589d0841b36fa922b477b58347dad5e3d021df0ae33ab64fa7a6:clang-18.1.8-coverage-state-load-v1,qwen3.8-27b-high,post-loop-state,all-arms,dynamic,Omega_hat_StateLoad,194205315507,1
dynamic::qwen3.8-27b-high::all-arms::Omega_hat_StateLoad,qwen3.8-27b-high::codecontests-test-1608e::short-trace-final,codecontests-test-1608e,646dbc65fdea7bc8e3170908e4578902800b470e97d05e2454f0d26884e92df7:a2f5b5c4b5f17740e75fa5913cbf0bcde3191c7cb615765a3dfa89ab90e0e728:clang-18.1.8-coverage-state-load-v1,qwen3.8-27b-high,short-trace-final,all-arms,dynamic,Omega_hat_StateLoad,62438640242,1
dynamic::qwen3.8-27b-high::all-arms::Omega_hat_StateLoad,qwen3.8-27b-high::codecontests-test-1608e::long-trace-final,codecontests-test-1608e,646dbc65fdea7bc8e3170908e4578902800b470e97d05e2454f0d26884e92df7:f55be964bd2cc68afe5b9ad8f942604e10918169e7160750406727f80984c504:clang-18.1.8-coverage-state-load-v1,qwen3.8-27b-high,long-trace-final,all-arms,dynamic,Omega_hat_StateLoad,405236280252,0
dynamic::qwen3.8-27b-high::all-arms::Omega_hat_StateLoad,qwen3.8-27b-high::codecontests-test-1608e::inside-loop-state,codecontests-test-1608e,667c28dbcfd364ae586ae9cd21bf6fd959db38f0147f2a6cb6289ec447eb9a22:f55be964bd2cc68afe5b9ad8f942604e10918169e7160750406727f80984c504:clang-18.1.8-coverage-state-load-v1,qwen3.8-27b-high,inside-loop-state,all-arms,dynamic,Omega_hat_StateLoad,175461364750,1
dynamic::qwen3.8-27b-high::all-arms::Omega_hat_StateLoad,qwen3.8-27b-high::codecontests-test-1608e::post-loop-state,codecontests-test-1608e,b3c2da25bedf53cb9761b05fae26f46e4cf88607b5e31132dd26180b52bbaf2b:f55be964bd2cc68afe5b9ad8f942604e10918169e7160750406727f80984c504:clang-18.1.8-coverage-state-load-v1,qwen3.8-27b-high,post-loop-state,all-arms,dynamic,Omega_hat_StateLoad,189044239492,0
dynamic::qwen3.8-27b-high::all-arms::Omega_hat_StateLoad,qwen3.8-27b-high::codecontests-test-1608f::short-trace-final,codecontests-test-1608f,3b1188cf9f4294e77fd38eb7d8098dfcfb19fbdd0ef6e9a3fe8d63adfeb2abbf:8ad616db4fe9bd467b7ab16879f97c77503d2b22431ce9705293bfe707f20a7f:clang-18.1.8-coverage-state-load-v1,qwen3.8-27b-high,short-trace-final,all-arms,dynamic,Omega_hat_StateLoad,151484570,0
dynamic::qwen3.8-27b-high::all-arms::Omega_hat_StateLoad,qwen3.8-27b-high::codecontests-test-1608f::long-trace-final,codecontests-test-1608f,3b1188cf9f4294e77fd38eb7d8098dfcfb19fbdd0ef6e9a3fe8d63adfeb2abbf:b3e5d9410e92ec6feb64678dbc4fc691cb4660d89a83baf0e0a219123c05b450:clang-18.1.8-coverage-state-load-v1,qwen3.8-27b-high,long-trace-final,all-arms,dynamic,Omega_hat_StateLoad,54207437289,0
dynamic::qwen3.8-27b-high::all-arms::Omega_hat_StateLoad,qwen3.8-27b-high::codecontests-test-1608f::inside-loop-state,codecontests-test-1608f,9864fd100347bbad0e115c788da3250c68253007614da622a5ee02799527370f:b3e5d9410e92ec6feb64678dbc4fc691cb4660d89a83baf0e0a219123c05b450:clang-18.1.8-coverage-state-load-v1,qwen3.8-27b-high,inside-loop-state,all-arms,dynamic,Omega_hat_StateLoad,20733502691,0
dynamic::qwen3.8-27b-high::all-arms::Omega_hat_StateLoad,qwen3.8-27b-high::codecontests-test-1608f::post-loop-state,codecontests-test-1608f,ef77878c7f3b869738b3ff6a4965c679f33909d0914e136f66f6c522b7b20c01:b3e5d9410e92ec6feb64678dbc4fc691cb4660d89a83baf0e0a219123c05b450:clang-18.1.8-coverage-state-load-v1,qwen3.8-27b-high,post-loop-state,all-arms,dynamic,Omega_hat_StateLoad,20758637829,0
dynamic::qwen3.8-27b-high::all-arms::Omega_hat_StateLoad,qwen3.8-27b-high::codecontests-test-1615g::post-loop-state,codecontests-test-1615g,0933389f16bc0f8f1a15f83914fd800b2881de1ed6b02e9104c48207b1cde312:73a6420953313f0860ecac8f963f63bd594f27eacb54f75047c6e7f224445982:clang-18.1.8-coverage-state-load-v1,qwen3.8-27b-high,post-loop-state,all-arms,dynamic,Omega_hat_StateLoad,6582454,0
dynamic::qwen3.8-27b-high::all-arms::Omega_hat_StateLoad,qwen3.8-27b-high::codecontests-test-1615g::inside-loop-state,codecontests-test-1615g,acc1b2cc8cfb5ad702c4fd69f49f49e609d604888c2fc3c44a8fa83a57d3de81:73a6420953313f0860ecac8f963f63bd594f27eacb54f75047c6e7f224445982:clang-18.1.8-coverage-state-load-v1,qwen3.8-27b-high,inside-loop-state,all-arms,dynamic,Omega_hat_StateLoad,6401288,0
dynamic::qwen3.8-27b-high::all-arms::Omega_hat_StateLoad,qwen3.8-27b-high::codecontests-test-1615g::long-trace-final,codecontests-test-1615g,ad373333e07dc4e3b058568facb985af09bac3ef8991907c430b33236999f394:73a6420953313f0860ecac8f963f63bd594f27eacb54f75047c6e7f224445982:clang-18.1.8-coverage-state-load-v1,qwen3.8-27b-high,long-trace-final,all-arms,dynamic,Omega_hat_StateLoad,2793543,0
dynamic::qwen3.8-27b-high::all-arms::Omega_hat_StateLoad,qwen3.8-27b-high::codecontests-test-1615g::short-trace-final,codecontests-test-1615g,ad373333e07dc4e3b058568facb985af09bac3ef8991907c430b33236999f394:8b8d92f6cd116121a9e352a9d6bbbeea5f82cc1c848aaea202eee9901fb39d86:clang-18.1.8-coverage-state-load-v1,qwen3.8-27b-high,short-trace-final,all-arms,dynamic,Omega_hat_StateLoad,6874,1
dynamic::qwen3.8-27b-high::all-arms::Omega_hat_StateLoad,qwen3.8-27b-high::codecontests-test-1615h::post-loop-state,codecontests-test-1615h,6bac151ec0f25226a8145178cf0e367fb811beb86ff6196070e20565c4d00642:76e3b7b1ea299988012bab23cbfde0d8790d1c57e7f0994947beee3f546bc9a5:clang-18.1.8-coverage-state-load-v1,qwen3.8-27b-high,post-loop-state,all-arms,dynamic,Omega_hat_StateLoad,205469759,0
dynamic::qwen3.8-27b-high::all-arms::Omega_hat_StateLoad,qwen3.8-27b-high::codecontests-test-1615h::long-trace-final,codecontests-test-1615h,a71a99b21177af38ad289c00ff979be40a690e727f285153ed3faee690b3a321:76e3b7b1ea299988012bab23cbfde0d8790d1c57e7f0994947beee3f546bc9a5:clang-18.1.8-coverage-state-load-v1,qwen3.8-27b-high,long-trace-final,all-arms,dynamic,Omega_hat_StateLoad,316956724,0
dynamic::qwen3.8-27b-high::all-arms::Omega_hat_StateLoad,qwen3.8-27b-high::codecontests-test-1615h::short-trace-final,codecontests-test-1615h,a71a99b21177af38ad289c00ff979be40a690e727f285153ed3faee690b3a321:7f143eea0a3c840bf12e8184b4972d492f981fbb9a266339cd86299dae1d4413:clang-18.1.8-coverage-state-load-v1,qwen3.8-27b-high,short-trace-final,all-arms,dynamic,Omega_hat_StateLoad,168597991,1
dynamic::qwen3.8-27b-high::all-arms::Omega_hat_StateLoad,qwen3.8-27b-high::codecontests-test-1615h::inside-loop-state,codecontests-test-1615h,bb1f2ab66b584a159dee436bfee61e9740c864d881dce54d93f0220164d96c1a:76e3b7b1ea299988012bab23cbfde0d8790d1c57e7f0994947beee3f546bc9a5:clang-18.1.8-coverage-state-load-v1,qwen3.8-27b-high,inside-loop-state,all-arms,dynamic,Omega_hat_StateLoad,204519776,0
dynamic::qwen3.8-27b-high::all-arms::Omega_hat_StateLoad,qwen3.8-27b-high::codecontests-test-1617e::inside-loop-state,codecontests-test-1617e,395db0129fb099ac1b5af30458379f3c64b2c8e1ba3267544689e9a721e0a1a2:f34973899b03d91dd93fd9ca7bca992fc2b381fea1800c11fc29bf25c01efe97:clang-18.1.8-coverage-state-load-v1,qwen3.8-27b-high,inside-loop-state,all-arms,dynamic,Omega_hat_StateLoad,274981556,0
dynamic::qwen3.8-27b-high::all-arms::Omega_hat_StateLoad,qwen3.8-27b-high::codecontests-test-1617e::post-loop-state,codecontests-test-1617e,a34fa455cb2724c38f9fc74f8d38161dbfbff4a0a0d9c9c94c1bfa734b45a015:f34973899b03d91dd93fd9ca7bca992fc2b381fea1800c11fc29bf25c01efe97:clang-18.1.8-coverage-state-load-v1,qwen3.8-27b-high,post-loop-state,all-arms,dynamic,Omega_hat_StateLoad,302812024,1
dynamic::qwen3.8-27b-high::all-arms::Omega_hat_StateLoad,qwen3.8-27b-high::codecontests-test-1617e::short-trace-final,codecontests-test-1617e,c416bb8d3b25fd4c76bdb6e17ff595707f9479e2af79b63f90090979b8df2512:7a8e064d952789abfdfd6043d44530bd5de0228d7963b1c4a3a194695b246bdd:clang-18.1.8-coverage-state-load-v1,qwen3.8-27b-high,short-trace-final,all-arms,dynamic,Omega_hat_StateLoad,208350789,1
dynamic::qwen3.8-27b-high::all-arms::Omega_hat_StateLoad,qwen3.8-27b-high::codecontests-test-1617e::long-trace-final,codecontests-test-1617e,c416bb8d3b25fd4c76bdb6e17ff595707f9479e2af79b63f90090979b8df2512:f34973899b03d91dd93fd9ca7bca992fc2b381fea1800c11fc29bf25c01efe97:clang-18.1.8-coverage-state-load-v1,qwen3.8-27b-high,long-trace-final,all-arms,dynamic,Omega_hat_StateLoad,4912863519,0
dynamic::qwen3.8-27b-high::all-arms::Omega_hat_StateLoad,qwen3.8-27b-high::codecontests-test-1620g::post-loop-state,codecontests-test-1620g,90b42a3a02b64368871b040777d72a1fae560ae9bae9612e2ab271e58b363cec:d17fc49cd397378f23ba09a1d25ed63dd16e1ca27e2fef716941dab7e3d260e9:clang-18.1.8-coverage-state-load-v1,qwen3.8-27b-high,post-loop-state,all-arms,dynamic,Omega_hat_StateLoad,10058693310,1
dynamic::qwen3.8-27b-high::all-arms::Omega_hat_StateLoad,qwen3.8-27b-high::codecontests-test-1620g::short-trace-final,codecontests-test-1620g,dc5b0364fffb69d059ac406180373038b2947bf8b018c0eb5ad6bdab89607c28:47fdb134316707b54ae926b4ba0b8e2ffa13b01f961ee3bdbd4367e9493f9d43:clang-18.1.8-coverage-state-load-v1,qwen3.8-27b-high,short-trace-final,all-arms,dynamic,Omega_hat_StateLoad,2156032471,1
dynamic::qwen3.8-27b-high::all-arms::Omega_hat_StateLoad,qwen3.8-27b-high::codecontests-test-1620g::long-trace-final,codecontests-test-1620g,dc5b0364fffb69d059ac406180373038b2947bf8b018c0eb5ad6bdab89607c28:d17fc49cd397378f23ba09a1d25ed63dd16e1ca27e2fef716941dab7e3d260e9:clang-18.1.8-coverage-state-load-v1,qwen3.8-27b-high,long-trace-final,all-arms,dynamic,Omega_hat_StateLoad,48229717663,0
dynamic::qwen3.8-27b-high::all-arms::Omega_hat_StateLoad,qwen3.8-27b-high::codecontests-test-1620g::inside-loop-state,codecontests-test-1620g,f68b5d2afda3ef6b63ec68b53e390dc857f47e5bdf2f3f2e1081414a31775f0d:d17fc49cd397378f23ba09a1d25ed63dd16e1ca27e2fef716941dab7e3d260e9:clang-18.1.8-coverage-state-load-v1,qwen3.8-27b-high,inside-loop-state,all-arms,dynamic,Omega_hat_StateLoad,10033525628,0
dynamic::qwen3.8-27b-high::all-arms::Omega_hat_StateLoad,qwen3.8-27b-high::codecontests-validation-1552g::short-trace-final,codecontests-validation-1552g,89b65341f1c6fe3a0a9df0a69ade235027daa7f39d3002954f6f632919791b3f:6575c487ddb8c661ec94ac0aa126db71015d196d35a568acfd62ad87a004ec72:clang-18.1.8-coverage-state-load-v1,qwen3.8-27b-high,short-trace-final,all-arms,dynamic,Omega_hat_StateLoad,95040,0
dynamic::qwen3.8-27b-high::all-arms::Omega_hat_StateLoad,qwen3.8-27b-high::codecontests-validation-1552g::long-trace-final,codecontests-validation-1552g,89b65341f1c6fe3a0a9df0a69ade235027daa7f39d3002954f6f632919791b3f:a23a879e789c630dbbae0133f0eb5577c8e5e3a711d2d32ec6d6c244f930f0a1:clang-18.1.8-coverage-state-load-v1,qwen3.8-27b-high,long-trace-final,all-arms,dynamic,Omega_hat_StateLoad,351855,1
dynamic::qwen3.8-27b-high::all-arms::Omega_hat_StateLoad,qwen3.8-27b-high::codecontests-validation-1552g::post-loop-state,codecontests-validation-1552g,b5f0a9481460f80246bf1a24dda90224f8dc49a793565d9ab27a357e86c4e053:a23a879e789c630dbbae0133f0eb5577c8e5e3a711d2d32ec6d6c244f930f0a1:clang-18.1.8-coverage-state-load-v1,qwen3.8-27b-high,post-loop-state,all-arms,dynamic,Omega_hat_StateLoad,56528,1
dynamic::qwen3.8-27b-high::all-arms::Omega_hat_StateLoad,qwen3.8-27b-high::codecontests-validation-1552g::inside-loop-state,codecontests-validation-1552g,feb96da038972104d010503bb0068d9694d4cebae2d34993c61d2dcd7002c600:a23a879e789c630dbbae0133f0eb5577c8e5e3a711d2d32ec6d6c244f930f0a1:clang-18.1.8-coverage-state-load-v1,qwen3.8-27b-high,inside-loop-state,all-arms,dynamic,Omega_hat_StateLoad,54746,0
dynamic::qwen3.8-27b-high::all-arms::Omega_hat_StateLoad,qwen3.8-27b-high::codecontests-validation-1553h::long-trace-final,codecontests-validation-1553h,6e44abb67b8129df7e6c9c2bb7f0603020a46107f0b5aaa85480dcf00b6d8ee5:37a901c4f91c375e5b2ce915089751f68aa2f80e3a9590fee8edc1247ea80612:clang-18.1.8-coverage-state-load-v1,qwen3.8-27b-high,long-trace-final,all-arms,dynamic,Omega_hat_StateLoad,288995,1
dynamic::qwen3.8-27b-high::all-arms::Omega_hat_StateLoad,qwen3.8-27b-high::codecontests-validation-1553h::short-trace-final,codecontests-validation-1553h,6e44abb67b8129df7e6c9c2bb7f0603020a46107f0b5aaa85480dcf00b6d8ee5:4f701d041f6b57b35a63af3be10f040298aa86385ad4da04b1daa6df2663a712:clang-18.1.8-coverage-state-load-v1,qwen3.8-27b-high,short-trace-final,all-arms,dynamic,Omega_hat_StateLoad,7814,1
dynamic::qwen3.8-27b-high::all-arms::Omega_hat_StateLoad,qwen3.8-27b-high::codecontests-validation-1556f::inside-loop-state,codecontests-validation-1556f,0e7c6745273acd61e256dc45eed260d91a4acbd2606e470d7a226f83219ed9a3:360f25d334dd3eaa6f292d435c7982dff837d18936d1fefe83699b0b1d6fbc85:clang-18.1.8-coverage-state-load-v1,qwen3.8-27b-high,inside-loop-state,all-arms,dynamic,Omega_hat_StateLoad,329414216,0
dynamic::qwen3.8-27b-high::all-arms::Omega_hat_StateLoad,qwen3.8-27b-high::codecontests-validation-1556f::post-loop-state,codecontests-validation-1556f,355b4d9cf793a850c31de90bbad276f4be650b3ce01e56f464054f85d4c2ec45:360f25d334dd3eaa6f292d435c7982dff837d18936d1fefe83699b0b1d6fbc85:clang-18.1.8-coverage-state-load-v1,qwen3.8-27b-high,post-loop-state,all-arms,dynamic,Omega_hat_StateLoad,28447327936,0
dynamic::qwen3.8-27b-high::all-arms::Omega_hat_StateLoad,qwen3.8-27b-high::codecontests-validation-1556f::long-trace-final,codecontests-validation-1556f,67dbad2177030b263347ba9ff0c3aa5d2e1eb57d456d177fad25eee3f31a9a76:360f25d334dd3eaa6f292d435c7982dff837d18936d1fefe83699b0b1d6fbc85:clang-18.1.8-coverage-state-load-v1,qwen3.8-27b-high,long-trace-final,all-arms,dynamic,Omega_hat_StateLoad,29408855404,0
dynamic::qwen3.8-27b-high::all-arms::Omega_hat_StateLoad,qwen3.8-27b-high::codecontests-validation-1556f::short-trace-final,codecontests-validation-1556f,67dbad2177030b263347ba9ff0c3aa5d2e1eb57d456d177fad25eee3f31a9a76:fdcb27265764b2a73c62380d364aa177b18028a2d6fffe621bac5a23affde265:clang-18.1.8-coverage-state-load-v1,qwen3.8-27b-high,short-trace-final,all-arms,dynamic,Omega_hat_StateLoad,14256,1
dynamic::qwen3.8-27b-high::all-arms::Omega_hat_StateLoad,qwen3.8-27b-high::codecontests-validation-1567f::inside-loop-state,codecontests-validation-1567f,05cf93795d2245abb6f842b4f278fe70746b159f5aba398e285981a3d3ab0415:5ca513ae33f231741e8f5bce074557104f0ac96debe4329731eb41fe859f6fa9:clang-18.1.8-coverage-state-load-v1,qwen3.8-27b-high,inside-loop-state,all-arms,dynamic,Omega_hat_StateLoad,978954476445,1
dynamic::qwen3.8-27b-high::all-arms::Omega_hat_StateLoad,qwen3.8-27b-high::codecontests-validation-1567f::long-trace-final,codecontests-validation-1567f,1d2e0467d959ffad5c713fa10c2142c44b5f542e00ce390504aea6f73e976053:5ca513ae33f231741e8f5bce074557104f0ac96debe4329731eb41fe859f6fa9:clang-18.1.8-coverage-state-load-v1,qwen3.8-27b-high,long-trace-final,all-arms,dynamic,Omega_hat_StateLoad,981523833176,0
dynamic::qwen3.8-27b-high::all-arms::Omega_hat_StateLoad,qwen3.8-27b-high::codecontests-validation-1567f::short-trace-final,codecontests-validation-1567f,1d2e0467d959ffad5c713fa10c2142c44b5f542e00ce390504aea6f73e976053:8ac1f9fa9e2847575b2ced3fd892b2845557a6c485f5fa9413a699b8efbc3ad3:clang-18.1.8-coverage-state-load-v1,qwen3.8-27b-high,short-trace-final,all-arms,dynamic,Omega_hat_StateLoad,977810827294,1
dynamic::qwen3.8-27b-high::all-arms::Omega_hat_StateLoad,qwen3.8-27b-high::codecontests-validation-1567f::post-loop-state,codecontests-validation-1567f,91b04a25af0d8354eca4b22a5c307be7e0d71719c1e56c1036c67f37cec6a7d0:5ca513ae33f231741e8f5bce074557104f0ac96debe4329731eb41fe859f6fa9:clang-18.1.8-coverage-state-load-v1,qwen3.8-27b-high,post-loop-state,all-arms,dynamic,Omega_hat_StateLoad,978984848378,1
dynamic::qwen3.8-27b-high::all-arms::Omega_hat_StateLoad,qwen3.8-27b-high::codecontests-validation-1569e::inside-loop-state,codecontests-validation-1569e,8c7846a3a40110fa05257b67da8e6f63f945c711305a1df88b97e8d00396db64:b5fabe923ecc6b7534566fbeb72577fd896c2d74b9374afe3bed49a16217cf73:clang-18.1.8-coverage-state-load-v1,qwen3.8-27b-high,inside-loop-state,all-arms,dynamic,Omega_hat_StateLoad,28664383,1
dynamic::qwen3.8-27b-high::all-arms::Omega_hat_StateLoad,qwen3.8-27b-high::codecontests-validation-1569e::post-loop-state,codecontests-validation-1569e,b6b18517a3e59e80fb145dd8b32144c363e2872690c8f1c80a42a71bbc7adff3:b5fabe923ecc6b7534566fbeb72577fd896c2d74b9374afe3bed49a16217cf73:clang-18.1.8-coverage-state-load-v1,qwen3.8-27b-high,post-loop-state,all-arms,dynamic,Omega_hat_StateLoad,314421572899,1
dynamic::qwen3.8-27b-high::all-arms::Omega_hat_StateLoad,qwen3.8-27b-high::codecontests-validation-1569e::short-trace-final,codecontests-validation-1569e,d7b30d4383431a38ca1bd0ea4847aec892b939921afb04a5e0975d8dfe5a98c9:479def58965386a05050611157259ef82bfeb49b520e8bff8f6ffde3b23af8a8:clang-18.1.8-coverage-state-load-v1,qwen3.8-27b-high,short-trace-final,all-arms,dynamic,Omega_hat_StateLoad,2080621,0
dynamic::qwen3.8-27b-high::all-arms::Omega_hat_StateLoad,qwen3.8-27b-high::codecontests-validation-1569e::long-trace-final,codecontests-validation-1569e,d7b30d4383431a38ca1bd0ea4847aec892b939921afb04a5e0975d8dfe5a98c9:b5fabe923ecc6b7534566fbeb72577fd896c2d74b9374afe3bed49a16217cf73:clang-18.1.8-coverage-state-load-v1,qwen3.8-27b-high,long-trace-final,all-arms,dynamic,Omega_hat_StateLoad,1344652839825,1
dynamic::qwen3.8-27b-high::all-arms::Omega_hat_StateLoad,qwen3.8-27b-high::codecontests-validation-1569f::long-trace-final,codecontests-validation-1569f,2301e337b5fb3f9549acef3c07f9bd5019e6234c7a2311a7c4f57763e18e5b83:0b0d290fe1c8a4b6c275d3cd68f10e26117cce6a7a535e05cb67a9483c2ca982:clang-18.1.8-coverage-state-load-v1,qwen3.8-27b-high,long-trace-final,all-arms,dynamic,Omega_hat_StateLoad,31005550097240,1
dynamic::qwen3.8-27b-high::all-arms::Omega_hat_StateLoad,qwen3.8-27b-high::codecontests-validation-1569f::short-trace-final,codecontests-validation-1569f,2301e337b5fb3f9549acef3c07f9bd5019e6234c7a2311a7c4f57763e18e5b83:26b7657bcd3b796488b0a9677b14cced50fbbf3da549885bc44c2917cf610cff:clang-18.1.8-coverage-state-load-v1,qwen3.8-27b-high,short-trace-final,all-arms,dynamic,Omega_hat_StateLoad,30961555303243,1
dynamic::qwen3.8-27b-high::all-arms::Omega_hat_StateLoad,qwen3.8-27b-high::codecontests-validation-1569f::post-loop-state,codecontests-validation-1569f,9b44483ac309757aa4c354b7152a87dcbcef7f14befc99fd5d5420fba2550477:0b0d290fe1c8a4b6c275d3cd68f10e26117cce6a7a535e05cb67a9483c2ca982:clang-18.1.8-coverage-state-load-v1,qwen3.8-27b-high,post-loop-state,all-arms,dynamic,Omega_hat_StateLoad,30965722726988,0
dynamic::qwen3.8-27b-high::all-arms::Omega_hat_StateLoad,qwen3.8-27b-high::codecontests-validation-1569f::inside-loop-state,codecontests-validation-1569f,bd6341080b17f11d66607db0012ce4f3cf4107ce205c35c39ff21ea2a4d40857:0b0d290fe1c8a4b6c275d3cd68f10e26117cce6a7a535e05cb67a9483c2ca982:clang-18.1.8-coverage-state-load-v1,qwen3.8-27b-high,inside-loop-state,all-arms,dynamic,Omega_hat_StateLoad,30965699084189,0
dynamic::qwen3.8-27b-high::all-arms::Omega_hat_StateLoad,qwen3.8-27b-high::codecontests-validation-1572d::post-loop-state,codecontests-validation-1572d,10b3ea8d407a851cbb94d856638ba9ee3b5658eb0b43ab595c686887ee58e23a:2215213a1789f807060a057e634ddb262a27f09b8292f964f58f42acbe1d0616:clang-18.1.8-coverage-state-load-v1,qwen3.8-27b-high,post-loop-state,all-arms,dynamic,Omega_hat_StateLoad,10976962293,0
dynamic::qwen3.8-27b-high::all-arms::Omega_hat_StateLoad,qwen3.8-27b-high::codecontests-validation-1572d::long-trace-final,codecontests-validation-1572d,4ef728a87836baeb0af64467718c76401006223c75d5b80c74b59eb56b109b72:2215213a1789f807060a057e634ddb262a27f09b8292f964f58f42acbe1d0616:clang-18.1.8-coverage-state-load-v1,qwen3.8-27b-high,long-trace-final,all-arms,dynamic,Omega_hat_StateLoad,9933542529,0
dynamic::qwen3.8-27b-high::all-arms::Omega_hat_StateLoad,qwen3.8-27b-high::codecontests-validation-1572d::short-trace-final,codecontests-validation-1572d,4ef728a87836baeb0af64467718c76401006223c75d5b80c74b59eb56b109b72:eb418658a51efc355a88b1c44df821bcabf17ae92e052c3f3f3790755404491d:clang-18.1.8-coverage-state-load-v1,qwen3.8-27b-high,short-trace-final,all-arms,dynamic,Omega_hat_StateLoad,4040733206,0
dynamic::qwen3.8-27b-high::all-arms::Omega_hat_StateLoad,qwen3.8-27b-high::codecontests-validation-1572d::inside-loop-state,codecontests-validation-1572d,e4be3de81a2d2af89166e441b8d5adf8e73d19e2c217707d996b1af00c028ff1:2215213a1789f807060a057e634ddb262a27f09b8292f964f58f42acbe1d0616:clang-18.1.8-coverage-state-load-v1,qwen3.8-27b-high,inside-loop-state,all-arms,dynamic,Omega_hat_StateLoad,10817965812,0
dynamic::qwen3.8-27b-high::all-arms::Omega_hat_StateLoad,qwen3.8-27b-high::codecontests-validation-1572e::post-loop-state,codecontests-validation-1572e,437fad31af4f51960c3b7aff0ceecd6ad236aeccd08417e320d5ef307f021027:ce0eb773178bbc4bdc901ed4555433f201b9cbbd416231d7a0b82b41c1e59270:clang-18.1.8-coverage-state-load-v1,qwen3.8-27b-high,post-loop-state,all-arms,dynamic,Omega_hat_StateLoad,284284662,0
dynamic::qwen3.8-27b-high::all-arms::Omega_hat_StateLoad,qwen3.8-27b-high::codecontests-validation-1572e::inside-loop-state,codecontests-validation-1572e,a29023c7f4c26bae0b4eef37581882d729a33402e3f2d96d9c4e4e82f216cc0f:ce0eb773178bbc4bdc901ed4555433f201b9cbbd416231d7a0b82b41c1e59270:clang-18.1.8-coverage-state-load-v1,qwen3.8-27b-high,inside-loop-state,all-arms,dynamic,Omega_hat_StateLoad,268420712,0
dynamic::qwen3.8-27b-high::all-arms::Omega_hat_StateLoad,qwen3.8-27b-high::codecontests-validation-1572e::short-trace-final,codecontests-validation-1572e,c6871efc570f44806a970f43053b081d731f519c2b4a95b2aa54ee53df958fcf:c8391dd8e574d61edf3a7c188f1bce010f51566bb2347b029afb3faa08679767:clang-18.1.8-coverage-state-load-v1,qwen3.8-27b-high,short-trace-final,all-arms,dynamic,Omega_hat_StateLoad,2943713730,1
dynamic::qwen3.8-27b-high::all-arms::Omega_hat_StateLoad,qwen3.8-27b-high::codecontests-validation-1572e::long-trace-final,codecontests-validation-1572e,c6871efc570f44806a970f43053b081d731f519c2b4a95b2aa54ee53df958fcf:ce0eb773178bbc4bdc901ed4555433f201b9cbbd416231d7a0b82b41c1e59270:clang-18.1.8-coverage-state-load-v1,qwen3.8-27b-high,long-trace-final,all-arms,dynamic,Omega_hat_StateLoad,17161896034,0
dynamic::qwen3.8-27b-high::all-arms::Omega_hat_StateLoad,qwen3.8-27b-high::codecontests-validation-1574f::post-loop-state,codecontests-validation-1574f,121cb978200a7d65abf8d20a567bf9a991547f94cb17d49e90c39970b27fb179:03d3d7a8c8364341064965d240bc633999a3624096573e7dd9ff9b2e4332d221:clang-18.1.8-coverage-state-load-v1,qwen3.8-27b-high,post-loop-state,all-arms,dynamic,Omega_hat_StateLoad,51166072353683,0
dynamic::qwen3.8-27b-high::all-arms::Omega_hat_StateLoad,qwen3.8-27b-high::codecontests-validation-1574f::inside-loop-state,codecontests-validation-1574f,54d2aa075790d96b16094d1110b1ff4cc42e649f39b55cf10a14e19f5a25bdd0:03d3d7a8c8364341064965d240bc633999a3624096573e7dd9ff9b2e4332d221:clang-18.1.8-coverage-state-load-v1,qwen3.8-27b-high,inside-loop-state,all-arms,dynamic,Omega_hat_StateLoad,35511036245914,0
dynamic::qwen3.8-27b-high::all-arms::Omega_hat_StateLoad,qwen3.8-27b-high::codecontests-validation-1574f::long-trace-final,codecontests-validation-1574f,7daa73692acaf41812edcde3c45ecdfa6e0c91a99ce6e3557836323cf0386084:03d3d7a8c8364341064965d240bc633999a3624096573e7dd9ff9b2e4332d221:clang-18.1.8-coverage-state-load-v1,qwen3.8-27b-high,long-trace-final,all-arms,dynamic,Omega_hat_StateLoad,29414118644551660,0
dynamic::qwen3.8-27b-high::all-arms::Omega_hat_StateLoad,qwen3.8-27b-high::codecontests-validation-1574f::short-trace-final,codecontests-validation-1574f,7daa73692acaf41812edcde3c45ecdfa6e0c91a99ce6e3557836323cf0386084:a00a4e49bac1dc0515ea109cbef81f6fec9f42207b2ac47d95d4f9fb95859331:clang-18.1.8-coverage-state-load-v1,qwen3.8-27b-high,short-trace-final,all-arms,dynamic,Omega_hat_StateLoad,228330,1
dynamic::qwen3.8-27b-high::all-arms::Omega_hat_StateSize,qwen3.8-27b-high::codecontests-test-1580b::post-loop-state,codecontests-test-1580b,651daa060f41dcbf742f65839b776fde4796201d3b99d00773278bba61645417:01bf10bc19e4055efc275e06e8439f42cb308446a927457954f085b1c36f701a:clang-18.1.8-coverage-state-load-v1,qwen3.8-27b-high,post-loop-state,all-arms,dynamic,Omega_hat_StateSize,1082352,1
dynamic::qwen3.8-27b-high::all-arms::Omega_hat_StateSize,qwen3.8-27b-high::codecontests-test-1580b::inside-loop-state,codecontests-test-1580b,de821758d705b3efd9657c5b7021e5d724533788eed2c97f5213f6ee05a90127:01bf10bc19e4055efc275e06e8439f42cb308446a927457954f085b1c36f701a:clang-18.1.8-coverage-state-load-v1,qwen3.8-27b-high,inside-loop-state,all-arms,dynamic,Omega_hat_StateSize,1082353,1
dynamic::qwen3.8-27b-high::all-arms::Omega_hat_StateSize,qwen3.8-27b-high::codecontests-test-1580b::long-trace-final,codecontests-test-1580b,e49cc24f56c43dda6796ffbf38185eb1f4f689c19e9ec2b7010717fbd33f09cd:01bf10bc19e4055efc275e06e8439f42cb308446a927457954f085b1c36f701a:clang-18.1.8-coverage-state-load-v1,qwen3.8-27b-high,long-trace-final,all-arms,dynamic,Omega_hat_StateSize,1082455,0
dynamic::qwen3.8-27b-high::all-arms::Omega_hat_StateSize,qwen3.8-27b-high::codecontests-test-1580b::short-trace-final,codecontests-test-1580b,e49cc24f56c43dda6796ffbf38185eb1f4f689c19e9ec2b7010717fbd33f09cd:4badc34556ceafd1c2c4699ce5b2a3bc32594a4b7e29c24a4068f61563022cdc:clang-18.1.8-coverage-state-load-v1,qwen3.8-27b-high,short-trace-final,all-arms,dynamic,Omega_hat_StateSize,1082351,0
dynamic::qwen3.8-27b-high::all-arms::Omega_hat_StateSize,qwen3.8-27b-high::codecontests-test-1580f::short-trace-final,codecontests-test-1580f,14ddc455906166c8cc9ba66260dd1ee85ca6354b865eda03f0f3871dae33ae17:66cad223eb4b52b45ee49a6f14a923756f9c308fb0a2f62f02808d1d2491969e:clang-18.1.8-coverage-state-load-v1,qwen3.8-27b-high,short-trace-final,all-arms,dynamic,Omega_hat_StateSize,840185,0
dynamic::qwen3.8-27b-high::all-arms::Omega_hat_StateSize,qwen3.8-27b-high::codecontests-test-1580f::long-trace-final,codecontests-test-1580f,14ddc455906166c8cc9ba66260dd1ee85ca6354b865eda03f0f3871dae33ae17:d72b57384d564b166e605cb1fe15b30202227d8df8021b4e67f0275e92852971:clang-18.1.8-coverage-state-load-v1,qwen3.8-27b-high,long-trace-final,all-arms,dynamic,Omega_hat_StateSize,840619,1
dynamic::qwen3.8-27b-high::all-arms::Omega_hat_StateSize,qwen3.8-27b-high::codecontests-test-1580f::post-loop-state,codecontests-test-1580f,8526c634fe8de6d447557c0456ea3013ff50b851688579983204c869ac4dcb57:d72b57384d564b166e605cb1fe15b30202227d8df8021b4e67f0275e92852971:clang-18.1.8-coverage-state-load-v1,qwen3.8-27b-high,post-loop-state,all-arms,dynamic,Omega_hat_StateSize,840524,0
dynamic::qwen3.8-27b-high::all-arms::Omega_hat_StateSize,qwen3.8-27b-high::codecontests-test-1580f::inside-loop-state,codecontests-test-1580f,bfcc98152560bffe5dfc4d96ac7ad6087d8a47a1cf596714f45a7366a323508a:d72b57384d564b166e605cb1fe15b30202227d8df8021b4e67f0275e92852971:clang-18.1.8-coverage-state-load-v1,qwen3.8-27b-high,inside-loop-state,all-arms,dynamic,Omega_hat_StateSize,840524,0
dynamic::qwen3.8-27b-high::all-arms::Omega_hat_StateSize,qwen3.8-27b-high::codecontests-test-1586f::long-trace-final,codecontests-test-1586f,50fa6366595a53ba7e82bd4bc65563c718c29a2a4b9c1b4e6f80fab5bdeabd90:e7a0a218331b68b73ad7ba079fd54be2a7cd8090a6e96eba3f4ee3001dc1d2dc:clang-18.1.8-coverage-state-load-v1,qwen3.8-27b-high,long-trace-final,all-arms,dynamic,Omega_hat_StateSize,1011696,0
dynamic::qwen3.8-27b-high::all-arms::Omega_hat_StateSize,qwen3.8-27b-high::codecontests-test-1586f::short-trace-final,codecontests-test-1586f,50fa6366595a53ba7e82bd4bc65563c718c29a2a4b9c1b4e6f80fab5bdeabd90:ece3d232c1ca9ef8a80b6fdb1585b8f5cf653b9dd023b0521c8da64db859ffac:clang-18.1.8-coverage-state-load-v1,qwen3.8-27b-high,short-trace-final,all-arms,dynamic,Omega_hat_StateSize,1011054,1
dynamic::qwen3.8-27b-high::all-arms::Omega_hat_StateSize,qwen3.8-27b-high::codecontests-test-1586f::inside-loop-state,codecontests-test-1586f,c2fff1ad8c28452ca3e75e2efc59934a22d91572d3cde13bc7c743de6d34b147:e7a0a218331b68b73ad7ba079fd54be2a7cd8090a6e96eba3f4ee3001dc1d2dc:clang-18.1.8-coverage-state-load-v1,qwen3.8-27b-high,inside-loop-state,all-arms,dynamic,Omega_hat_StateSize,1011696,1
dynamic::qwen3.8-27b-high::all-arms::Omega_hat_StateSize,qwen3.8-27b-high::codecontests-test-1586f::post-loop-state,codecontests-test-1586f,cf6f023469c0bb5ffbb00877e5468516893961999aa07f0ecb8ade5ed40b2096:e7a0a218331b68b73ad7ba079fd54be2a7cd8090a6e96eba3f4ee3001dc1d2dc:clang-18.1.8-coverage-state-load-v1,qwen3.8-27b-high,post-loop-state,all-arms,dynamic,Omega_hat_StateSize,1011696,1
dynamic::qwen3.8-27b-high::all-arms::Omega_hat_StateSize,qwen3.8-27b-high::codecontests-test-1598f::short-trace-final,codecontests-test-1598f,c86397161467c48a05a8a1c3b9d9cdc968122973e7759a52edbfee55607a0c48:0c302e793e9db86915c6163fbabb9d0a9976859eb54448cb12f96c3a4ff52328:clang-18.1.8-coverage-state-load-v1,qwen3.8-27b-high,short-trace-final,all-arms,dynamic,Omega_hat_StateSize,20,1
dynamic::qwen3.8-27b-high::all-arms::Omega_hat_StateSize,qwen3.8-27b-high::codecontests-test-1598f::long-trace-final,codecontests-test-1598f,c86397161467c48a05a8a1c3b9d9cdc968122973e7759a52edbfee55607a0c48:7035767df0d876ec6a211af258eda3b340f5ba719f1d3c8f30d890596458ed17:clang-18.1.8-coverage-state-load-v1,qwen3.8-27b-high,long-trace-final,all-arms,dynamic,Omega_hat_StateSize,1483,1
dynamic::qwen3.8-27b-high::all-arms::Omega_hat_StateSize,qwen3.8-27b-high::codecontests-test-1598f::post-loop-state,codecontests-test-1598f,cb278e842ab865add5e5b08afeae6d96c07cdcbf64ca0a38de643e3879f68585:7035767df0d876ec6a211af258eda3b340f5ba719f1d3c8f30d890596458ed17:clang-18.1.8-coverage-state-load-v1,qwen3.8-27b-high,post-loop-state,all-arms,dynamic,Omega_hat_StateSize,1199,1
dynamic::qwen3.8-27b-high::all-arms::Omega_hat_StateSize,qwen3.8-27b-high::codecontests-test-1598f::inside-loop-state,codecontests-test-1598f,f41875fa3f7692eefec1a62e67928717fb5e40acf042c603e3120e581750a59b:7035767df0d876ec6a211af258eda3b340f5ba719f1d3c8f30d890596458ed17:clang-18.1.8-coverage-state-load-v1,qwen3.8-27b-high,inside-loop-state,all-arms,dynamic,Omega_hat_StateSize,1199,1
dynamic::qwen3.8-27b-high::all-arms::Omega_hat_StateSize,qwen3.8-27b-high::codecontests-test-1599d::inside-loop-state,codecontests-test-1599d,0a2dad56c9e815f7f708d26c2a62b89ce07f5ea76c71a50f36d86924cf05b943:e4a285c493f93a570627f5a05671eae6a4363f4464831e0f98d5ba3690d0ee67:clang-18.1.8-coverage-state-load-v1,qwen3.8-27b-high,inside-loop-state,all-arms,dynamic,Omega_hat_StateSize,4002178,1
dynamic::qwen3.8-27b-high::all-arms::Omega_hat_StateSize,qwen3.8-27b-high::codecontests-test-1599d::short-trace-final,codecontests-test-1599d,933b32aa65d3b25d1afa06e801f5b72dff619eaf7fc4ac6a4a0270e85d49214c:665093871dbe3de8e75d8a816a8378ca11e9e560947ddf4d94207a1e2173820b:clang-18.1.8-coverage-state-load-v1,qwen3.8-27b-high,short-trace-final,all-arms,dynamic,Omega_hat_StateSize,4002117,1
dynamic::qwen3.8-27b-high::all-arms::Omega_hat_StateSize,qwen3.8-27b-high::codecontests-test-1599d::long-trace-final,codecontests-test-1599d,933b32aa65d3b25d1afa06e801f5b72dff619eaf7fc4ac6a4a0270e85d49214c:e4a285c493f93a570627f5a05671eae6a4363f4464831e0f98d5ba3690d0ee67:clang-18.1.8-coverage-state-load-v1,qwen3.8-27b-high,long-trace-final,all-arms,dynamic,Omega_hat_StateSize,4002178,1
dynamic::qwen3.8-27b-high::all-arms::Omega_hat_StateSize,qwen3.8-27b-high::codecontests-test-1599d::post-loop-state,codecontests-test-1599d,aa9020619d95e0c11306c231f42dc16fbedc1b8833557cfba9a3855ceab5d625:e4a285c493f93a570627f5a05671eae6a4363f4464831e0f98d5ba3690d0ee67:clang-18.1.8-coverage-state-load-v1,qwen3.8-27b-high,post-loop-state,all-arms,dynamic,Omega_hat_StateSize,4002178,1
dynamic::qwen3.8-27b-high::all-arms::Omega_hat_StateSize,qwen3.8-27b-high::codecontests-test-1599j::post-loop-state,codecontests-test-1599j,3435dafe215df6aaa0d67c6cfc947efc0a0e44650fe50967a6ba0b248d4b7fe6:cf6d365ac492de069f119d50091851656ea5679fa08c558d3f071a383b4e0df0:clang-18.1.8-coverage-state-load-v1,qwen3.8-27b-high,post-loop-state,all-arms,dynamic,Omega_hat_StateSize,522,0
dynamic::qwen3.8-27b-high::all-arms::Omega_hat_StateSize,qwen3.8-27b-high::codecontests-test-1599j::short-trace-final,codecontests-test-1599j,ab4e36e90fc02ef9ec4e2ca7dec9cf4caee8e6aaeed78b0ea3ac83c28ac8147c:15a15c047478f3e0e3cab6ed3f632a29e89952fba136b5a78394d1c0ad79c6e5:clang-18.1.8-coverage-state-load-v1,qwen3.8-27b-high,short-trace-final,all-arms,dynamic,Omega_hat_StateSize,70,0
dynamic::qwen3.8-27b-high::all-arms::Omega_hat_StateSize,qwen3.8-27b-high::codecontests-test-1599j::long-trace-final,codecontests-test-1599j,ab4e36e90fc02ef9ec4e2ca7dec9cf4caee8e6aaeed78b0ea3ac83c28ac8147c:cf6d365ac492de069f119d50091851656ea5679fa08c558d3f071a383b4e0df0:clang-18.1.8-coverage-state-load-v1,qwen3.8-27b-high,long-trace-final,all-arms,dynamic,Omega_hat_StateSize,930,0
dynamic::qwen3.8-27b-high::all-arms::Omega_hat_StateSize,qwen3.8-27b-high::codecontests-test-1599j::inside-loop-state,codecontests-test-1599j,b327432c0b51f79599142f457651ed07c753892f7bc8fc32eae261455a14a8df:cf6d365ac492de069f119d50091851656ea5679fa08c558d3f071a383b4e0df0:clang-18.1.8-coverage-state-load-v1,qwen3.8-27b-high,inside-loop-state,all-arms,dynamic,Omega_hat_StateSize,479,0
dynamic::qwen3.8-27b-high::all-arms::Omega_hat_StateSize,qwen3.8-27b-high::codecontests-test-1603e::long-trace-final,codecontests-test-1603e,d7fe25a19d626e555247a54b1650138c821111d60e20cca5c73ec3112ca1e525:16115f14b1d3589d0841b36fa922b477b58347dad5e3d021df0ae33ab64fa7a6:clang-18.1.8-coverage-state-load-v1,qwen3.8-27b-high,long-trace-final,all-arms,dynamic,Omega_hat_StateSize,1478716,0
dynamic::qwen3.8-27b-high::all-arms::Omega_hat_StateSize,qwen3.8-27b-high::codecontests-test-1603e::short-trace-final,codecontests-test-1603e,d7fe25a19d626e555247a54b1650138c821111d60e20cca5c73ec3112ca1e525:56128c78d54bd858b1f0a7710cc6ed6c0ee23efbe9034d42dc8ce6339a26f6bf:clang-18.1.8-coverage-state-load-v1,qwen3.8-27b-high,short-trace-final,all-arms,dynamic,Omega_hat_StateSize,1478716,1
dynamic::qwen3.8-27b-high::all-arms::Omega_hat_StateSize,qwen3.8-27b-high::codecontests-test-1603e::inside-loop-state,codecontests-test-1603e,f3186b205da6d6dcc9ea29d1c2d2e8b3e694f96a5c55cf87108c065fb309d17d:16115f14b1d3589d0841b36fa922b477b58347dad5e3d021df0ae33ab64fa7a6:clang-18.1.8-coverage-state-load-v1,qwen3.8-27b-high,inside-loop-state,all-arms,dynamic,Omega_hat_StateSize,1478716,1
dynamic::qwen3.8-27b-high::all-arms::Omega_hat_StateSize,qwen3.8-27b-high::codecontests-test-1603e::post-loop-state,codecontests-test-1603e,f412e755c350f9ce1c88cfff52e57c62ae92474f822504d6558ee65de9e4ed4d:16115f14b1d3589d0841b36fa922b477b58347dad5e3d021df0ae33ab64fa7a6:clang-18.1.8-coverage-state-load-v1,qwen3.8-27b-high,post-loop-state,all-arms,dynamic,Omega_hat_StateSize,1478716,1
dynamic::qwen3.8-27b-high::all-arms::Omega_hat_StateSize,qwen3.8-27b-high::codecontests-test-1608e::short-trace-final,codecontests-test-1608e,646dbc65fdea7bc8e3170908e4578902800b470e97d05e2454f0d26884e92df7:a2f5b5c4b5f17740e75fa5913cbf0bcde3191c7cb615765a3dfa89ab90e0e728:clang-18.1.8-coverage-state-load-v1,qwen3.8-27b-high,short-trace-final,all-arms,dynamic,Omega_hat_StateSize,25200111,1
dynamic::qwen3.8-27b-high::all-arms::Omega_hat_StateSize,qwen3.8-27b-high::codecontests-test-1608e::long-trace-final,codecontests-test-1608e,646dbc65fdea7bc8e3170908e4578902800b470e97d05e2454f0d26884e92df7:f55be964bd2cc68afe5b9ad8f942604e10918169e7160750406727f80984c504:clang-18.1.8-coverage-state-load-v1,qwen3.8-27b-high,long-trace-final,all-arms,dynamic,Omega_hat_StateSize,25200169,0
dynamic::qwen3.8-27b-high::all-arms::Omega_hat_StateSize,qwen3.8-27b-high::codecontests-test-1608e::inside-loop-state,codecontests-test-1608e,667c28dbcfd364ae586ae9cd21bf6fd959db38f0147f2a6cb6289ec447eb9a22:f55be964bd2cc68afe5b9ad8f942604e10918169e7160750406727f80984c504:clang-18.1.8-coverage-state-load-v1,qwen3.8-27b-high,inside-loop-state,all-arms,dynamic,Omega_hat_StateSize,25200162,1
dynamic::qwen3.8-27b-high::all-arms::Omega_hat_StateSize,qwen3.8-27b-high::codecontests-test-1608e::post-loop-state,codecontests-test-1608e,b3c2da25bedf53cb9761b05fae26f46e4cf88607b5e31132dd26180b52bbaf2b:f55be964bd2cc68afe5b9ad8f942604e10918169e7160750406727f80984c504:clang-18.1.8-coverage-state-load-v1,qwen3.8-27b-high,post-loop-state,all-arms,dynamic,Omega_hat_StateSize,25200162,0
dynamic::qwen3.8-27b-high::all-arms::Omega_hat_StateSize,qwen3.8-27b-high::codecontests-test-1608f::short-trace-final,codecontests-test-1608f,3b1188cf9f4294e77fd38eb7d8098dfcfb19fbdd0ef6e9a3fe8d63adfeb2abbf:8ad616db4fe9bd467b7ab16879f97c77503d2b22431ce9705293bfe707f20a7f:clang-18.1.8-coverage-state-load-v1,qwen3.8-27b-high,short-trace-final,all-arms,dynamic,Omega_hat_StateSize,457776,0
dynamic::qwen3.8-27b-high::all-arms::Omega_hat_StateSize,qwen3.8-27b-high::codecontests-test-1608f::long-trace-final,codecontests-test-1608f,3b1188cf9f4294e77fd38eb7d8098dfcfb19fbdd0ef6e9a3fe8d63adfeb2abbf:b3e5d9410e92ec6feb64678dbc4fc691cb4660d89a83baf0e0a219123c05b450:clang-18.1.8-coverage-state-load-v1,qwen3.8-27b-high,long-trace-final,all-arms,dynamic,Omega_hat_StateSize,457776,0
dynamic::qwen3.8-27b-high::all-arms::Omega_hat_StateSize,qwen3.8-27b-high::codecontests-test-1608f::inside-loop-state,codecontests-test-1608f,9864fd100347bbad0e115c788da3250c68253007614da622a5ee02799527370f:b3e5d9410e92ec6feb64678dbc4fc691cb4660d89a83baf0e0a219123c05b450:clang-18.1.8-coverage-state-load-v1,qwen3.8-27b-high,inside-loop-state,all-arms,dynamic,Omega_hat_StateSize,463089,0
dynamic::qwen3.8-27b-high::all-arms::Omega_hat_StateSize,qwen3.8-27b-high::codecontests-test-1608f::post-loop-state,codecontests-test-1608f,ef77878c7f3b869738b3ff6a4965c679f33909d0914e136f66f6c522b7b20c01:b3e5d9410e92ec6feb64678dbc4fc691cb4660d89a83baf0e0a219123c05b450:clang-18.1.8-coverage-state-load-v1,qwen3.8-27b-high,post-loop-state,all-arms,dynamic,Omega_hat_StateSize,463088,0
dynamic::qwen3.8-27b-high::all-arms::Omega_hat_StateSize,qwen3.8-27b-high::codecontests-test-1615g::post-loop-state,codecontests-test-1615g,0933389f16bc0f8f1a15f83914fd800b2881de1ed6b02e9104c48207b1cde312:73a6420953313f0860ecac8f963f63bd594f27eacb54f75047c6e7f224445982:clang-18.1.8-coverage-state-load-v1,qwen3.8-27b-high,post-loop-state,all-arms,dynamic,Omega_hat_StateSize,1108,0
dynamic::qwen3.8-27b-high::all-arms::Omega_hat_StateSize,qwen3.8-27b-high::codecontests-test-1615g::inside-loop-state,codecontests-test-1615g,acc1b2cc8cfb5ad702c4fd69f49f49e609d604888c2fc3c44a8fa83a57d3de81:73a6420953313f0860ecac8f963f63bd594f27eacb54f75047c6e7f224445982:clang-18.1.8-coverage-state-load-v1,qwen3.8-27b-high,inside-loop-state,all-arms,dynamic,Omega_hat_StateSize,1108,0
dynamic::qwen3.8-27b-high::all-arms::Omega_hat_StateSize,qwen3.8-27b-high::codecontests-test-1615g::long-trace-final,codecontests-test-1615g,ad373333e07dc4e3b058568facb985af09bac3ef8991907c430b33236999f394:73a6420953313f0860ecac8f963f63bd594f27eacb54f75047c6e7f224445982:clang-18.1.8-coverage-state-load-v1,qwen3.8-27b-high,long-trace-final,all-arms,dynamic,Omega_hat_StateSize,1108,0
dynamic::qwen3.8-27b-high::all-arms::Omega_hat_StateSize,qwen3.8-27b-high::codecontests-test-1615g::short-trace-final,codecontests-test-1615g,ad373333e07dc4e3b058568facb985af09bac3ef8991907c430b33236999f394:8b8d92f6cd116121a9e352a9d6bbbeea5f82cc1c848aaea202eee9901fb39d86:clang-18.1.8-coverage-state-load-v1,qwen3.8-27b-high,short-trace-final,all-arms,dynamic,Omega_hat_StateSize,70,1
dynamic::qwen3.8-27b-high::all-arms::Omega_hat_StateSize,qwen3.8-27b-high::codecontests-test-1615h::post-loop-state,codecontests-test-1615h,6bac151ec0f25226a8145178cf0e367fb811beb86ff6196070e20565c4d00642:76e3b7b1ea299988012bab23cbfde0d8790d1c57e7f0994947beee3f546bc9a5:clang-18.1.8-coverage-state-load-v1,qwen3.8-27b-high,post-loop-state,all-arms,dynamic,Omega_hat_StateSize,32763,0
dynamic::qwen3.8-27b-high::all-arms::Omega_hat_StateSize,qwen3.8-27b-high::codecontests-test-1615h::long-trace-final,codecontests-test-1615h,a71a99b21177af38ad289c00ff979be40a690e727f285153ed3faee690b3a321:76e3b7b1ea299988012bab23cbfde0d8790d1c57e7f0994947beee3f546bc9a5:clang-18.1.8-coverage-state-load-v1,qwen3.8-27b-high,long-trace-final,all-arms,dynamic,Omega_hat_StateSize,32835,0
dynamic::qwen3.8-27b-high::all-arms::Omega_hat_StateSize,qwen3.8-27b-high::codecontests-test-1615h::short-trace-final,codecontests-test-1615h,a71a99b21177af38ad289c00ff979be40a690e727f285153ed3faee690b3a321:7f143eea0a3c840bf12e8184b4972d492f981fbb9a266339cd86299dae1d4413:clang-18.1.8-coverage-state-load-v1,qwen3.8-27b-high,short-trace-final,all-arms,dynamic,Omega_hat_StateSize,32724,1
dynamic::qwen3.8-27b-high::all-arms::Omega_hat_StateSize,qwen3.8-27b-high::codecontests-test-1615h::inside-loop-state,codecontests-test-1615h,bb1f2ab66b584a159dee436bfee61e9740c864d881dce54d93f0220164d96c1a:76e3b7b1ea299988012bab23cbfde0d8790d1c57e7f0994947beee3f546bc9a5:clang-18.1.8-coverage-state-load-v1,qwen3.8-27b-high,inside-loop-state,all-arms,dynamic,Omega_hat_StateSize,32763,0
dynamic::qwen3.8-27b-high::all-arms::Omega_hat_StateSize,qwen3.8-27b-high::codecontests-test-1617e::inside-loop-state,codecontests-test-1617e,395db0129fb099ac1b5af30458379f3c64b2c8e1ba3267544689e9a721e0a1a2:f34973899b03d91dd93fd9ca7bca992fc2b381fea1800c11fc29bf25c01efe97:clang-18.1.8-coverage-state-load-v1,qwen3.8-27b-high,inside-loop-state,all-arms,dynamic,Omega_hat_StateSize,200204,0
dynamic::qwen3.8-27b-high::all-arms::Omega_hat_StateSize,qwen3.8-27b-high::codecontests-test-1617e::post-loop-state,codecontests-test-1617e,a34fa455cb2724c38f9fc74f8d38161dbfbff4a0a0d9c9c94c1bfa734b45a015:f34973899b03d91dd93fd9ca7bca992fc2b381fea1800c11fc29bf25c01efe97:clang-18.1.8-coverage-state-load-v1,qwen3.8-27b-high,post-loop-state,all-arms,dynamic,Omega_hat_StateSize,200231,1
dynamic::qwen3.8-27b-high::all-arms::Omega_hat_StateSize,qwen3.8-27b-high::codecontests-test-1617e::short-trace-final,codecontests-test-1617e,c416bb8d3b25fd4c76bdb6e17ff595707f9479e2af79b63f90090979b8df2512:7a8e064d952789abfdfd6043d44530bd5de0228d7963b1c4a3a194695b246bdd:clang-18.1.8-coverage-state-load-v1,qwen3.8-27b-high,short-trace-final,all-arms,dynamic,Omega_hat_StateSize,200424,1
dynamic::qwen3.8-27b-high::all-arms::Omega_hat_StateSize,qwen3.8-27b-high::codecontests-test-1617e::long-trace-final,codecontests-test-1617e,c416bb8d3b25fd4c76bdb6e17ff595707f9479e2af79b63f90090979b8df2512:f34973899b03d91dd93fd9ca7bca992fc2b381fea1800c11fc29bf25c01efe97:clang-18.1.8-coverage-state-load-v1,qwen3.8-27b-high,long-trace-final,all-arms,dynamic,Omega_hat_StateSize,201774,0
dynamic::qwen3.8-27b-high::all-arms::Omega_hat_StateSize,qwen3.8-27b-high::codecontests-test-1620g::post-loop-state,codecontests-test-1620g,90b42a3a02b64368871b040777d72a1fae560ae9bae9612e2ab271e58b363cec:d17fc49cd397378f23ba09a1d25ed63dd16e1ca27e2fef716941dab7e3d260e9:clang-18.1.8-coverage-state-load-v1,qwen3.8-27b-high,post-loop-state,all-arms,dynamic,Omega_hat_StateSize,8389243,1
dynamic::qwen3.8-27b-high::all-arms::Omega_hat_StateSize,qwen3.8-27b-high::codecontests-test-1620g::short-trace-final,codecontests-test-1620g,dc5b0364fffb69d059ac406180373038b2947bf8b018c0eb5ad6bdab89607c28:47fdb134316707b54ae926b4ba0b8e2ffa13b01f961ee3bdbd4367e9493f9d43:clang-18.1.8-coverage-state-load-v1,qwen3.8-27b-high,short-trace-final,all-arms,dynamic,Omega_hat_StateSize,8389238,1
dynamic::qwen3.8-27b-high::all-arms::Omega_hat_StateSize,qwen3.8-27b-high::codecontests-test-1620g::long-trace-final,codecontests-test-1620g,dc5b0364fffb69d059ac406180373038b2947bf8b018c0eb5ad6bdab89607c28:d17fc49cd397378f23ba09a1d25ed63dd16e1ca27e2fef716941dab7e3d260e9:clang-18.1.8-coverage-state-load-v1,qwen3.8-27b-high,long-trace-final,all-arms,dynamic,Omega_hat_StateSize,8389243,0
dynamic::qwen3.8-27b-high::all-arms::Omega_hat_StateSize,qwen3.8-27b-high::codecontests-test-1620g::inside-loop-state,codecontests-test-1620g,f68b5d2afda3ef6b63ec68b53e390dc857f47e5bdf2f3f2e1081414a31775f0d:d17fc49cd397378f23ba09a1d25ed63dd16e1ca27e2fef716941dab7e3d260e9:clang-18.1.8-coverage-state-load-v1,qwen3.8-27b-high,inside-loop-state,all-arms,dynamic,Omega_hat_StateSize,8389243,0
dynamic::qwen3.8-27b-high::all-arms::Omega_hat_StateSize,qwen3.8-27b-high::codecontests-validation-1552g::short-trace-final,codecontests-validation-1552g,89b65341f1c6fe3a0a9df0a69ade235027daa7f39d3002954f6f632919791b3f:6575c487ddb8c661ec94ac0aa126db71015d196d35a568acfd62ad87a004ec72:clang-18.1.8-coverage-state-load-v1,qwen3.8-27b-high,short-trace-final,all-arms,dynamic,Omega_hat_StateSize,239,0
dynamic::qwen3.8-27b-high::all-arms::Omega_hat_StateSize,qwen3.8-27b-high::codecontests-validation-1552g::long-trace-final,codecontests-validation-1552g,89b65341f1c6fe3a0a9df0a69ade235027daa7f39d3002954f6f632919791b3f:a23a879e789c630dbbae0133f0eb5577c8e5e3a711d2d32ec6d6c244f930f0a1:clang-18.1.8-coverage-state-load-v1,qwen3.8-27b-high,long-trace-final,all-arms,dynamic,Omega_hat_StateSize,202,1
dynamic::qwen3.8-27b-high::all-arms::Omega_hat_StateSize,qwen3.8-27b-high::codecontests-validation-1552g::post-loop-state,codecontests-validation-1552g,b5f0a9481460f80246bf1a24dda90224f8dc49a793565d9ab27a357e86c4e053:a23a879e789c630dbbae0133f0eb5577c8e5e3a711d2d32ec6d6c244f930f0a1:clang-18.1.8-coverage-state-load-v1,qwen3.8-27b-high,post-loop-state,all-arms,dynamic,Omega_hat_StateSize,204,1
dynamic::qwen3.8-27b-high::all-arms::Omega_hat_StateSize,qwen3.8-27b-high::codecontests-validation-1552g::inside-loop-state,codecontests-validation-1552g,feb96da038972104d010503bb0068d9694d4cebae2d34993c61d2dcd7002c600:a23a879e789c630dbbae0133f0eb5577c8e5e3a711d2d32ec6d6c244f930f0a1:clang-18.1.8-coverage-state-load-v1,qwen3.8-27b-high,inside-loop-state,all-arms,dynamic,Omega_hat_StateSize,205,0
dynamic::qwen3.8-27b-high::all-arms::Omega_hat_StateSize,qwen3.8-27b-high::codecontests-validation-1553h::long-trace-final,codecontests-validation-1553h,6e44abb67b8129df7e6c9c2bb7f0603020a46107f0b5aaa85480dcf00b6d8ee5:37a901c4f91c375e5b2ce915089751f68aa2f80e3a9590fee8edc1247ea80612:clang-18.1.8-coverage-state-load-v1,qwen3.8-27b-high,long-trace-final,all-arms,dynamic,Omega_hat_StateSize,213,1
dynamic::qwen3.8-27b-high::all-arms::Omega_hat_StateSize,qwen3.8-27b-high::codecontests-validation-1553h::short-trace-final,codecontests-validation-1553h,6e44abb67b8129df7e6c9c2bb7f0603020a46107f0b5aaa85480dcf00b6d8ee5:4f701d041f6b57b35a63af3be10f040298aa86385ad4da04b1daa6df2663a712:clang-18.1.8-coverage-state-load-v1,qwen3.8-27b-high,short-trace-final,all-arms,dynamic,Omega_hat_StateSize,42,1
dynamic::qwen3.8-27b-high::all-arms::Omega_hat_StateSize,qwen3.8-27b-high::codecontests-validation-1556f::inside-loop-state,codecontests-validation-1556f,0e7c6745273acd61e256dc45eed260d91a4acbd2606e470d7a226f83219ed9a3:360f25d334dd3eaa6f292d435c7982dff837d18936d1fefe83699b0b1d6fbc85:clang-18.1.8-coverage-state-load-v1,qwen3.8-27b-high,inside-loop-state,all-arms,dynamic,Omega_hat_StateSize,3313,0
dynamic::qwen3.8-27b-high::all-arms::Omega_hat_StateSize,qwen3.8-27b-high::codecontests-validation-1556f::post-loop-state,codecontests-validation-1556f,355b4d9cf793a850c31de90bbad276f4be650b3ce01e56f464054f85d4c2ec45:360f25d334dd3eaa6f292d435c7982dff837d18936d1fefe83699b0b1d6fbc85:clang-18.1.8-coverage-state-load-v1,qwen3.8-27b-high,post-loop-state,all-arms,dynamic,Omega_hat_StateSize,3312,0
dynamic::qwen3.8-27b-high::all-arms::Omega_hat_StateSize,qwen3.8-27b-high::codecontests-validation-1556f::long-trace-final,codecontests-validation-1556f,67dbad2177030b263347ba9ff0c3aa5d2e1eb57d456d177fad25eee3f31a9a76:360f25d334dd3eaa6f292d435c7982dff837d18936d1fefe83699b0b1d6fbc85:clang-18.1.8-coverage-state-load-v1,qwen3.8-27b-high,long-trace-final,all-arms,dynamic,Omega_hat_StateSize,2289,0
dynamic::qwen3.8-27b-high::all-arms::Omega_hat_StateSize,qwen3.8-27b-high::codecontests-validation-1556f::short-trace-final,codecontests-validation-1556f,67dbad2177030b263347ba9ff0c3aa5d2e1eb57d456d177fad25eee3f31a9a76:fdcb27265764b2a73c62380d364aa177b18028a2d6fffe621bac5a23affde265:clang-18.1.8-coverage-state-load-v1,qwen3.8-27b-high,short-trace-final,all-arms,dynamic,Omega_hat_StateSize,33,1
dynamic::qwen3.8-27b-high::all-arms::Omega_hat_StateSize,qwen3.8-27b-high::codecontests-validation-1567f::inside-loop-state,codecontests-validation-1567f,05cf93795d2245abb6f842b4f278fe70746b159f5aba398e285981a3d3ab0415:5ca513ae33f231741e8f5bce074557104f0ac96debe4329731eb41fe859f6fa9:clang-18.1.8-coverage-state-load-v1,qwen3.8-27b-high,inside-loop-state,all-arms,dynamic,Omega_hat_StateSize,2041801,1
dynamic::qwen3.8-27b-high::all-arms::Omega_hat_StateSize,qwen3.8-27b-high::codecontests-validation-1567f::long-trace-final,codecontests-validation-1567f,1d2e0467d959ffad5c713fa10c2142c44b5f542e00ce390504aea6f73e976053:5ca513ae33f231741e8f5bce074557104f0ac96debe4329731eb41fe859f6fa9:clang-18.1.8-coverage-state-load-v1,qwen3.8-27b-high,long-trace-final,all-arms,dynamic,Omega_hat_StateSize,2041833,0
dynamic::qwen3.8-27b-high::all-arms::Omega_hat_StateSize,qwen3.8-27b-high::codecontests-validation-1567f::short-trace-final,codecontests-validation-1567f,1d2e0467d959ffad5c713fa10c2142c44b5f542e00ce390504aea6f73e976053:8ac1f9fa9e2847575b2ced3fd892b2845557a6c485f5fa9413a699b8efbc3ad3:clang-18.1.8-coverage-state-load-v1,qwen3.8-27b-high,short-trace-final,all-arms,dynamic,Omega_hat_StateSize,2041765,1
dynamic::qwen3.8-27b-high::all-arms::Omega_hat_StateSize,qwen3.8-27b-high::codecontests-validation-1567f::post-loop-state,codecontests-validation-1567f,91b04a25af0d8354eca4b22a5c307be7e0d71719c1e56c1036c67f37cec6a7d0:5ca513ae33f231741e8f5bce074557104f0ac96debe4329731eb41fe859f6fa9:clang-18.1.8-coverage-state-load-v1,qwen3.8-27b-high,post-loop-state,all-arms,dynamic,Omega_hat_StateSize,2041801,1
dynamic::qwen3.8-27b-high::all-arms::Omega_hat_StateSize,qwen3.8-27b-high::codecontests-validation-1569e::inside-loop-state,codecontests-validation-1569e,8c7846a3a40110fa05257b67da8e6f63f945c711305a1df88b97e8d00396db64:b5fabe923ecc6b7534566fbeb72577fd896c2d74b9374afe3bed49a16217cf73:clang-18.1.8-coverage-state-load-v1,qwen3.8-27b-high,inside-loop-state,all-arms,dynamic,Omega_hat_StateSize,3310,1
dynamic::qwen3.8-27b-high::all-arms::Omega_hat_StateSize,qwen3.8-27b-high::codecontests-validation-1569e::post-loop-state,codecontests-validation-1569e,b6b18517a3e59e80fb145dd8b32144c363e2872690c8f1c80a42a71bbc7adff3:b5fabe923ecc6b7534566fbeb72577fd896c2d74b9374afe3bed49a16217cf73:clang-18.1.8-coverage-state-load-v1,qwen3.8-27b-high,post-loop-state,all-arms,dynamic,Omega_hat_StateSize,199318,1
dynamic::qwen3.8-27b-high::all-arms::Omega_hat_StateSize,qwen3.8-27b-high::codecontests-validation-1569e::short-trace-final,codecontests-validation-1569e,d7b30d4383431a38ca1bd0ea4847aec892b939921afb04a5e0975d8dfe5a98c9:479def58965386a05050611157259ef82bfeb49b520e8bff8f6ffde3b23af8a8:clang-18.1.8-coverage-state-load-v1,qwen3.8-27b-high,short-trace-final,all-arms,dynamic,Omega_hat_StateSize,2796,0
dynamic::qwen3.8-27b-high::all-arms::Omega_hat_StateSize,qwen3.8-27b-high::codecontests-validation-1569e::long-trace-final,codecontests-validation-1569e,d7b30d4383431a38ca1bd0ea4847aec892b939921afb04a5e0975d8dfe5a98c9:b5fabe923ecc6b7534566fbeb72577fd896c2d74b9374afe3bed49a16217cf73:clang-18.1.8-coverage-state-load-v1,qwen3.8-27b-high,long-trace-final,all-arms,dynamic,Omega_hat_StateSize,395926,1
dynamic::qwen3.8-27b-high::all-arms::Omega_hat_StateSize,qwen3.8-27b-high::codecontests-validation-1569f::long-trace-final,codecontests-validation-1569f,2301e337b5fb3f9549acef3c07f9bd5019e6234c7a2311a7c4f57763e18e5b83:0b0d290fe1c8a4b6c275d3cd68f10e26117cce6a7a535e05cb67a9483c2ca982:clang-18.1.8-coverage-state-load-v1,qwen3.8-27b-high,long-trace-final,all-arms,dynamic,Omega_hat_StateSize,8692304,1
dynamic::qwen3.8-27b-high::all-arms::Omega_hat_StateSize,qwen3.8-27b-high::codecontests-validation-1569f::short-trace-final,codecontests-validation-1569f,2301e337b5fb3f9549acef3c07f9bd5019e6234c7a2311a7c4f57763e18e5b83:26b7657bcd3b796488b0a9677b14cced50fbbf3da549885bc44c2917cf610cff:clang-18.1.8-coverage-state-load-v1,qwen3.8-27b-high,short-trace-final,all-arms,dynamic,Omega_hat_StateSize,8692110,1
dynamic::qwen3.8-27b-high::all-arms::Omega_hat_StateSize,qwen3.8-27b-high::codecontests-validation-1569f::post-loop-state,codecontests-validation-1569f,9b44483ac309757aa4c354b7152a87dcbcef7f14befc99fd5d5420fba2550477:0b0d290fe1c8a4b6c275d3cd68f10e26117cce6a7a535e05cb67a9483c2ca982:clang-18.1.8-coverage-state-load-v1,qwen3.8-27b-high,post-loop-state,all-arms,dynamic,Omega_hat_StateSize,8692013,0
dynamic::qwen3.8-27b-high::all-arms::Omega_hat_StateSize,qwen3.8-27b-high::codecontests-validation-1569f::inside-loop-state,codecontests-validation-1569f,bd6341080b17f11d66607db0012ce4f3cf4107ce205c35c39ff21ea2a4d40857:0b0d290fe1c8a4b6c275d3cd68f10e26117cce6a7a535e05cb67a9483c2ca982:clang-18.1.8-coverage-state-load-v1,qwen3.8-27b-high,inside-loop-state,all-arms,dynamic,Omega_hat_StateSize,8692014,0
dynamic::qwen3.8-27b-high::all-arms::Omega_hat_StateSize,qwen3.8-27b-high::codecontests-validation-1572d::post-loop-state,codecontests-validation-1572d,10b3ea8d407a851cbb94d856638ba9ee3b5658eb0b43ab595c686887ee58e23a:2215213a1789f807060a057e634ddb262a27f09b8292f964f58f42acbe1d0616:clang-18.1.8-coverage-state-load-v1,qwen3.8-27b-high,post-loop-state,all-arms,dynamic,Omega_hat_StateSize,9937306,0
dynamic::qwen3.8-27b-high::all-arms::Omega_hat_StateSize,qwen3.8-27b-high::codecontests-validation-1572d::long-trace-final,codecontests-validation-1572d,4ef728a87836baeb0af64467718c76401006223c75d5b80c74b59eb56b109b72:2215213a1789f807060a057e634ddb262a27f09b8292f964f58f42acbe1d0616:clang-18.1.8-coverage-state-load-v1,qwen3.8-27b-high,long-trace-final,all-arms,dynamic,Omega_hat_StateSize,9937295,0
dynamic::qwen3.8-27b-high::all-arms::Omega_hat_StateSize,qwen3.8-27b-high::codecontests-validation-1572d::short-trace-final,codecontests-validation-1572d,4ef728a87836baeb0af64467718c76401006223c75d5b80c74b59eb56b109b72:eb418658a51efc355a88b1c44df821bcabf17ae92e052c3f3f3790755404491d:clang-18.1.8-coverage-state-load-v1,qwen3.8-27b-high,short-trace-final,all-arms,dynamic,Omega_hat_StateSize,9937295,0
dynamic::qwen3.8-27b-high::all-arms::Omega_hat_StateSize,qwen3.8-27b-high::codecontests-validation-1572d::inside-loop-state,codecontests-validation-1572d,e4be3de81a2d2af89166e441b8d5adf8e73d19e2c217707d996b1af00c028ff1:2215213a1789f807060a057e634ddb262a27f09b8292f964f58f42acbe1d0616:clang-18.1.8-coverage-state-load-v1,qwen3.8-27b-high,inside-loop-state,all-arms,dynamic,Omega_hat_StateSize,9937306,0
dynamic::qwen3.8-27b-high::all-arms::Omega_hat_StateSize,qwen3.8-27b-high::codecontests-validation-1572e::post-loop-state,codecontests-validation-1572e,437fad31af4f51960c3b7aff0ceecd6ad236aeccd08417e320d5ef307f021027:ce0eb773178bbc4bdc901ed4555433f201b9cbbd416231d7a0b82b41c1e59270:clang-18.1.8-coverage-state-load-v1,qwen3.8-27b-high,post-loop-state,all-arms,dynamic,Omega_hat_StateSize,126917,0
dynamic::qwen3.8-27b-high::all-arms::Omega_hat_StateSize,qwen3.8-27b-high::codecontests-validation-1572e::inside-loop-state,codecontests-validation-1572e,a29023c7f4c26bae0b4eef37581882d729a33402e3f2d96d9c4e4e82f216cc0f:ce0eb773178bbc4bdc901ed4555433f201b9cbbd416231d7a0b82b41c1e59270:clang-18.1.8-coverage-state-load-v1,qwen3.8-27b-high,inside-loop-state,all-arms,dynamic,Omega_hat_StateSize,126917,0
dynamic::qwen3.8-27b-high::all-arms::Omega_hat_StateSize,qwen3.8-27b-high::codecontests-validation-1572e::short-trace-final,codecontests-validation-1572e,c6871efc570f44806a970f43053b081d731f519c2b4a95b2aa54ee53df958fcf:c8391dd8e574d61edf3a7c188f1bce010f51566bb2347b029afb3faa08679767:clang-18.1.8-coverage-state-load-v1,qwen3.8-27b-high,short-trace-final,all-arms,dynamic,Omega_hat_StateSize,126917,1
dynamic::qwen3.8-27b-high::all-arms::Omega_hat_StateSize,qwen3.8-27b-high::codecontests-validation-1572e::long-trace-final,codecontests-validation-1572e,c6871efc570f44806a970f43053b081d731f519c2b4a95b2aa54ee53df958fcf:ce0eb773178bbc4bdc901ed4555433f201b9cbbd416231d7a0b82b41c1e59270:clang-18.1.8-coverage-state-load-v1,qwen3.8-27b-high,long-trace-final,all-arms,dynamic,Omega_hat_StateSize,126917,0
dynamic::qwen3.8-27b-high::all-arms::Omega_hat_StateSize,qwen3.8-27b-high::codecontests-validation-1574f::post-loop-state,codecontests-validation-1574f,121cb978200a7d65abf8d20a567bf9a991547f94cb17d49e90c39970b27fb179:03d3d7a8c8364341064965d240bc633999a3624096573e7dd9ff9b2e4332d221:clang-18.1.8-coverage-state-load-v1,qwen3.8-27b-high,post-loop-state,all-arms,dynamic,Omega_hat_StateSize,2100035,0
dynamic::qwen3.8-27b-high::all-arms::Omega_hat_StateSize,qwen3.8-27b-high::codecontests-validation-1574f::inside-loop-state,codecontests-validation-1574f,54d2aa075790d96b16094d1110b1ff4cc42e649f39b55cf10a14e19f5a25bdd0:03d3d7a8c8364341064965d240bc633999a3624096573e7dd9ff9b2e4332d221:clang-18.1.8-coverage-state-load-v1,qwen3.8-27b-high,inside-loop-state,all-arms,dynamic,Omega_hat_StateSize,2100036,0
dynamic::qwen3.8-27b-high::all-arms::Omega_hat_StateSize,qwen3.8-27b-high::codecontests-validation-1574f::long-trace-final,codecontests-validation-1574f,7daa73692acaf41812edcde3c45ecdfa6e0c91a99ce6e3557836323cf0386084:03d3d7a8c8364341064965d240bc633999a3624096573e7dd9ff9b2e4332d221:clang-18.1.8-coverage-state-load-v1,qwen3.8-27b-high,long-trace-final,all-arms,dynamic,Omega_hat_StateSize,11912938,0
dynamic::qwen3.8-27b-high::all-arms::Omega_hat_StateSize,qwen3.8-27b-high::codecontests-validation-1574f::short-trace-final,codecontests-validation-1574f,7daa73692acaf41812edcde3c45ecdfa6e0c91a99ce6e3557836323cf0386084:a00a4e49bac1dc0515ea109cbef81f6fec9f42207b2ac47d95d4f9fb95859331:clang-18.1.8-coverage-state-load-v1,qwen3.8-27b-high,short-trace-final,all-arms,dynamic,Omega_hat_StateSize,163,1
dynamic::qwen3.8-27b-off::all-arms::Omega_hat_NativeTrace,qwen3.8-27b-off::codecontests-test-1580b::post-loop-state,codecontests-test-1580b,651daa060f41dcbf742f65839b776fde4796201d3b99d00773278bba61645417:01bf10bc19e4055efc275e06e8439f42cb308446a927457954f085b1c36f701a:clang-18.1.8-coverage-state-load-v1,qwen3.8-27b-off,post-loop-state,all-arms,dynamic,Omega_hat_NativeTrace,753,0
dynamic::qwen3.8-27b-off::all-arms::Omega_hat_NativeTrace,qwen3.8-27b-off::codecontests-test-1580b::inside-loop-state,codecontests-test-1580b,de821758d705b3efd9657c5b7021e5d724533788eed2c97f5213f6ee05a90127:01bf10bc19e4055efc275e06e8439f42cb308446a927457954f085b1c36f701a:clang-18.1.8-coverage-state-load-v1,qwen3.8-27b-off,inside-loop-state,all-arms,dynamic,Omega_hat_NativeTrace,839,0
dynamic::qwen3.8-27b-off::all-arms::Omega_hat_NativeTrace,qwen3.8-27b-off::codecontests-test-1580b::long-trace-final,codecontests-test-1580b,e49cc24f56c43dda6796ffbf38185eb1f4f689c19e9ec2b7010717fbd33f09cd:01bf10bc19e4055efc275e06e8439f42cb308446a927457954f085b1c36f701a:clang-18.1.8-coverage-state-load-v1,qwen3.8-27b-off,long-trace-final,all-arms,dynamic,Omega_hat_NativeTrace,164275450,0
dynamic::qwen3.8-27b-off::all-arms::Omega_hat_NativeTrace,qwen3.8-27b-off::codecontests-test-1580b::short-trace-final,codecontests-test-1580b,e49cc24f56c43dda6796ffbf38185eb1f4f689c19e9ec2b7010717fbd33f09cd:4badc34556ceafd1c2c4699ce5b2a3bc32594a4b7e29c24a4068f61563022cdc:clang-18.1.8-coverage-state-load-v1,qwen3.8-27b-off,short-trace-final,all-arms,dynamic,Omega_hat_NativeTrace,2095,0
dynamic::qwen3.8-27b-off::all-arms::Omega_hat_NativeTrace,qwen3.8-27b-off::codecontests-test-1580f::short-trace-final,codecontests-test-1580f,14ddc455906166c8cc9ba66260dd1ee85ca6354b865eda03f0f3871dae33ae17:66cad223eb4b52b45ee49a6f14a923756f9c308fb0a2f62f02808d1d2491969e:clang-18.1.8-coverage-state-load-v1,qwen3.8-27b-off,short-trace-final,all-arms,dynamic,Omega_hat_NativeTrace,58249376,0
dynamic::qwen3.8-27b-off::all-arms::Omega_hat_NativeTrace,qwen3.8-27b-off::codecontests-test-1580f::long-trace-final,codecontests-test-1580f,14ddc455906166c8cc9ba66260dd1ee85ca6354b865eda03f0f3871dae33ae17:d72b57384d564b166e605cb1fe15b30202227d8df8021b4e67f0275e92852971:clang-18.1.8-coverage-state-load-v1,qwen3.8-27b-off,long-trace-final,all-arms,dynamic,Omega_hat_NativeTrace,58258370,0
dynamic::qwen3.8-27b-off::all-arms::Omega_hat_NativeTrace,qwen3.8-27b-off::codecontests-test-1580f::post-loop-state,codecontests-test-1580f,8526c634fe8de6d447557c0456ea3013ff50b851688579983204c869ac4dcb57:d72b57384d564b166e605cb1fe15b30202227d8df8021b4e67f0275e92852971:clang-18.1.8-coverage-state-load-v1,qwen3.8-27b-off,post-loop-state,all-arms,dynamic,Omega_hat_NativeTrace,58233011,0
dynamic::qwen3.8-27b-off::all-arms::Omega_hat_NativeTrace,qwen3.8-27b-off::codecontests-test-1580f::inside-loop-state,codecontests-test-1580f,bfcc98152560bffe5dfc4d96ac7ad6087d8a47a1cf596714f45a7366a323508a:d72b57384d564b166e605cb1fe15b30202227d8df8021b4e67f0275e92852971:clang-18.1.8-coverage-state-load-v1,qwen3.8-27b-off,inside-loop-state,all-arms,dynamic,Omega_hat_NativeTrace,58233084,0
dynamic::qwen3.8-27b-off::all-arms::Omega_hat_NativeTrace,qwen3.8-27b-off::codecontests-test-1586f::long-trace-final,codecontests-test-1586f,50fa6366595a53ba7e82bd4bc65563c718c29a2a4b9c1b4e6f80fab5bdeabd90:e7a0a218331b68b73ad7ba079fd54be2a7cd8090a6e96eba3f4ee3001dc1d2dc:clang-18.1.8-coverage-state-load-v1,qwen3.8-27b-off,long-trace-final,all-arms,dynamic,Omega_hat_NativeTrace,41386,0
dynamic::qwen3.8-27b-off::all-arms::Omega_hat_NativeTrace,qwen3.8-27b-off::codecontests-test-1586f::short-trace-final,codecontests-test-1586f,50fa6366595a53ba7e82bd4bc65563c718c29a2a4b9c1b4e6f80fab5bdeabd90:ece3d232c1ca9ef8a80b6fdb1585b8f5cf653b9dd023b0521c8da64db859ffac:clang-18.1.8-coverage-state-load-v1,qwen3.8-27b-off,short-trace-final,all-arms,dynamic,Omega_hat_NativeTrace,110,0
dynamic::qwen3.8-27b-off::all-arms::Omega_hat_NativeTrace,qwen3.8-27b-off::codecontests-test-1586f::inside-loop-state,codecontests-test-1586f,c2fff1ad8c28452ca3e75e2efc59934a22d91572d3cde13bc7c743de6d34b147:e7a0a218331b68b73ad7ba079fd54be2a7cd8090a6e96eba3f4ee3001dc1d2dc:clang-18.1.8-coverage-state-load-v1,qwen3.8-27b-off,inside-loop-state,all-arms,dynamic,Omega_hat_NativeTrace,2866,0
dynamic::qwen3.8-27b-off::all-arms::Omega_hat_NativeTrace,qwen3.8-27b-off::codecontests-test-1586f::post-loop-state,codecontests-test-1586f,cf6f023469c0bb5ffbb00877e5468516893961999aa07f0ecb8ade5ed40b2096:e7a0a218331b68b73ad7ba079fd54be2a7cd8090a6e96eba3f4ee3001dc1d2dc:clang-18.1.8-coverage-state-load-v1,qwen3.8-27b-off,post-loop-state,all-arms,dynamic,Omega_hat_NativeTrace,2768,0
dynamic::qwen3.8-27b-off::all-arms::Omega_hat_NativeTrace,qwen3.8-27b-off::codecontests-test-1598f::short-trace-final,codecontests-test-1598f,c86397161467c48a05a8a1c3b9d9cdc968122973e7759a52edbfee55607a0c48:0c302e793e9db86915c6163fbabb9d0a9976859eb54448cb12f96c3a4ff52328:clang-18.1.8-coverage-state-load-v1,qwen3.8-27b-off,short-trace-final,all-arms,dynamic,Omega_hat_NativeTrace,59,1
dynamic::qwen3.8-27b-off::all-arms::Omega_hat_NativeTrace,qwen3.8-27b-off::codecontests-test-1598f::long-trace-final,codecontests-test-1598f,c86397161467c48a05a8a1c3b9d9cdc968122973e7759a52edbfee55607a0c48:7035767df0d876ec6a211af258eda3b340f5ba719f1d3c8f30d890596458ed17:clang-18.1.8-coverage-state-load-v1,qwen3.8-27b-off,long-trace-final,all-arms,dynamic,Omega_hat_NativeTrace,112813,1
dynamic::qwen3.8-27b-off::all-arms::Omega_hat_NativeTrace,qwen3.8-27b-off::codecontests-test-1598f::post-loop-state,codecontests-test-1598f,cb278e842ab865add5e5b08afeae6d96c07cdcbf64ca0a38de643e3879f68585:7035767df0d876ec6a211af258eda3b340f5ba719f1d3c8f30d890596458ed17:clang-18.1.8-coverage-state-load-v1,qwen3.8-27b-off,post-loop-state,all-arms,dynamic,Omega_hat_NativeTrace,1432,0
dynamic::qwen3.8-27b-off::all-arms::Omega_hat_NativeTrace,qwen3.8-27b-off::codecontests-test-1598f::inside-loop-state,codecontests-test-1598f,f41875fa3f7692eefec1a62e67928717fb5e40acf042c603e3120e581750a59b:7035767df0d876ec6a211af258eda3b340f5ba719f1d3c8f30d890596458ed17:clang-18.1.8-coverage-state-load-v1,qwen3.8-27b-off,inside-loop-state,all-arms,dynamic,Omega_hat_NativeTrace,1491,0
dynamic::qwen3.8-27b-off::all-arms::Omega_hat_NativeTrace,qwen3.8-27b-off::codecontests-test-1599d::inside-loop-state,codecontests-test-1599d,0a2dad56c9e815f7f708d26c2a62b89ce07f5ea76c71a50f36d86924cf05b943:e4a285c493f93a570627f5a05671eae6a4363f4464831e0f98d5ba3690d0ee67:clang-18.1.8-coverage-state-load-v1,qwen3.8-27b-off,inside-loop-state,all-arms,dynamic,Omega_hat_NativeTrace,104008,0
dynamic::qwen3.8-27b-off::all-arms::Omega_hat_NativeTrace,qwen3.8-27b-off::codecontests-test-1599d::short-trace-final,codecontests-test-1599d,933b32aa65d3b25d1afa06e801f5b72dff619eaf7fc4ac6a4a0270e85d49214c:665093871dbe3de8e75d8a816a8378ca11e9e560947ddf4d94207a1e2173820b:clang-18.1.8-coverage-state-load-v1,qwen3.8-27b-off,short-trace-final,all-arms,dynamic,Omega_hat_NativeTrace,101190,0
dynamic::qwen3.8-27b-off::all-arms::Omega_hat_NativeTrace,qwen3.8-27b-off::codecontests-test-1599d::long-trace-final,codecontests-test-1599d,933b32aa65d3b25d1afa06e801f5b72dff619eaf7fc4ac6a4a0270e85d49214c:e4a285c493f93a570627f5a05671eae6a4363f4464831e0f98d5ba3690d0ee67:clang-18.1.8-coverage-state-load-v1,qwen3.8-27b-off,long-trace-final,all-arms,dynamic,Omega_hat_NativeTrace,105223,0
dynamic::qwen3.8-27b-off::all-arms::Omega_hat_NativeTrace,qwen3.8-27b-off::codecontests-test-1599d::post-loop-state,codecontests-test-1599d,aa9020619d95e0c11306c231f42dc16fbedc1b8833557cfba9a3855ceab5d625:e4a285c493f93a570627f5a05671eae6a4363f4464831e0f98d5ba3690d0ee67:clang-18.1.8-coverage-state-load-v1,qwen3.8-27b-off,post-loop-state,all-arms,dynamic,Omega_hat_NativeTrace,103972,0
dynamic::qwen3.8-27b-off::all-arms::Omega_hat_NativeTrace,qwen3.8-27b-off::codecontests-test-1599j::post-loop-state,codecontests-test-1599j,3435dafe215df6aaa0d67c6cfc947efc0a0e44650fe50967a6ba0b248d4b7fe6:cf6d365ac492de069f119d50091851656ea5679fa08c558d3f071a383b4e0df0:clang-18.1.8-coverage-state-load-v1,qwen3.8-27b-off,post-loop-state,all-arms,dynamic,Omega_hat_NativeTrace,4930,0
dynamic::qwen3.8-27b-off::all-arms::Omega_hat_NativeTrace,qwen3.8-27b-off::codecontests-test-1599j::short-trace-final,codecontests-test-1599j,ab4e36e90fc02ef9ec4e2ca7dec9cf4caee8e6aaeed78b0ea3ac83c28ac8147c:15a15c047478f3e0e3cab6ed3f632a29e89952fba136b5a78394d1c0ad79c6e5:clang-18.1.8-coverage-state-load-v1,qwen3.8-27b-off,short-trace-final,all-arms,dynamic,Omega_hat_NativeTrace,341,0
dynamic::qwen3.8-27b-off::all-arms::Omega_hat_NativeTrace,qwen3.8-27b-off::codecontests-test-1599j::long-trace-final,codecontests-test-1599j,ab4e36e90fc02ef9ec4e2ca7dec9cf4caee8e6aaeed78b0ea3ac83c28ac8147c:cf6d365ac492de069f119d50091851656ea5679fa08c558d3f071a383b4e0df0:clang-18.1.8-coverage-state-load-v1,qwen3.8-27b-off,long-trace-final,all-arms,dynamic,Omega_hat_NativeTrace,45221,0
dynamic::qwen3.8-27b-off::all-arms::Omega_hat_NativeTrace,qwen3.8-27b-off::codecontests-test-1599j::inside-loop-state,codecontests-test-1599j,b327432c0b51f79599142f457651ed07c753892f7bc8fc32eae261455a14a8df:cf6d365ac492de069f119d50091851656ea5679fa08c558d3f071a383b4e0df0:clang-18.1.8-coverage-state-load-v1,qwen3.8-27b-off,inside-loop-state,all-arms,dynamic,Omega_hat_NativeTrace,4562,0
dynamic::qwen3.8-27b-off::all-arms::Omega_hat_NativeTrace,qwen3.8-27b-off::codecontests-test-1603e::long-trace-final,codecontests-test-1603e,d7fe25a19d626e555247a54b1650138c821111d60e20cca5c73ec3112ca1e525:16115f14b1d3589d0841b36fa922b477b58347dad5e3d021df0ae33ab64fa7a6:clang-18.1.8-coverage-state-load-v1,qwen3.8-27b-off,long-trace-final,all-arms,dynamic,Omega_hat_NativeTrace,20737394,0
dynamic::qwen3.8-27b-off::all-arms::Omega_hat_NativeTrace,qwen3.8-27b-off::codecontests-test-1603e::short-trace-final,codecontests-test-1603e,d7fe25a19d626e555247a54b1650138c821111d60e20cca5c73ec3112ca1e525:56128c78d54bd858b1f0a7710cc6ed6c0ee23efbe9034d42dc8ce6339a26f6bf:clang-18.1.8-coverage-state-load-v1,qwen3.8-27b-off,short-trace-final,all-arms,dynamic,Omega_hat_NativeTrace,2469,0
dynamic::qwen3.8-27b-off::all-arms::Omega_hat_NativeTrace,qwen3.8-27b-off::codecontests-test-1603e::inside-loop-state,codecontests-test-1603e,f3186b205da6d6dcc9ea29d1c2d2e8b3e694f96a5c55cf87108c065fb309d17d:16115f14b1d3589d0841b36fa922b477b58347dad5e3d021df0ae33ab64fa7a6:clang-18.1.8-coverage-state-load-v1,qwen3.8-27b-off,inside-loop-state,all-arms,dynamic,Omega_hat_NativeTrace,3687795,0
dynamic::qwen3.8-27b-off::all-arms::Omega_hat_NativeTrace,qwen3.8-27b-off::codecontests-test-1603e::post-loop-state,codecontests-test-1603e,f412e755c350f9ce1c88cfff52e57c62ae92474f822504d6558ee65de9e4ed4d:16115f14b1d3589d0841b36fa922b477b58347dad5e3d021df0ae33ab64fa7a6:clang-18.1.8-coverage-state-load-v1,qwen3.8-27b-off,post-loop-state,all-arms,dynamic,Omega_hat_NativeTrace,4331747,0
dynamic::qwen3.8-27b-off::all-arms::Omega_hat_NativeTrace,qwen3.8-27b-off::codecontests-test-1608e::short-trace-final,codecontests-test-1608e,646dbc65fdea7bc8e3170908e4578902800b470e97d05e2454f0d26884e92df7:a2f5b5c4b5f17740e75fa5913cbf0bcde3191c7cb615765a3dfa89ab90e0e728:clang-18.1.8-coverage-state-load-v1,qwen3.8-27b-off,short-trace-final,all-arms,dynamic,Omega_hat_NativeTrace,3627,1
dynamic::qwen3.8-27b-off::all-arms::Omega_hat_NativeTrace,qwen3.8-27b-off::codecontests-test-1608e::long-trace-final,codecontests-test-1608e,646dbc65fdea7bc8e3170908e4578902800b470e97d05e2454f0d26884e92df7:f55be964bd2cc68afe5b9ad8f942604e10918169e7160750406727f80984c504:clang-18.1.8-coverage-state-load-v1,qwen3.8-27b-off,long-trace-final,all-arms,dynamic,Omega_hat_NativeTrace,17917,0
dynamic::qwen3.8-27b-off::all-arms::Omega_hat_NativeTrace,qwen3.8-27b-off::codecontests-test-1608e::inside-loop-state,codecontests-test-1608e,667c28dbcfd364ae586ae9cd21bf6fd959db38f0147f2a6cb6289ec447eb9a22:f55be964bd2cc68afe5b9ad8f942604e10918169e7160750406727f80984c504:clang-18.1.8-coverage-state-load-v1,qwen3.8-27b-off,inside-loop-state,all-arms,dynamic,Omega_hat_NativeTrace,7468,0
dynamic::qwen3.8-27b-off::all-arms::Omega_hat_NativeTrace,qwen3.8-27b-off::codecontests-test-1608e::post-loop-state,codecontests-test-1608e,b3c2da25bedf53cb9761b05fae26f46e4cf88607b5e31132dd26180b52bbaf2b:f55be964bd2cc68afe5b9ad8f942604e10918169e7160750406727f80984c504:clang-18.1.8-coverage-state-load-v1,qwen3.8-27b-off,post-loop-state,all-arms,dynamic,Omega_hat_NativeTrace,7931,0
dynamic::qwen3.8-27b-off::all-arms::Omega_hat_NativeTrace,qwen3.8-27b-off::codecontests-test-1608f::short-trace-final,codecontests-test-1608f,3b1188cf9f4294e77fd38eb7d8098dfcfb19fbdd0ef6e9a3fe8d63adfeb2abbf:8ad616db4fe9bd467b7ab16879f97c77503d2b22431ce9705293bfe707f20a7f:clang-18.1.8-coverage-state-load-v1,qwen3.8-27b-off,short-trace-final,all-arms,dynamic,Omega_hat_NativeTrace,1337,0
dynamic::qwen3.8-27b-off::all-arms::Omega_hat_NativeTrace,qwen3.8-27b-off::codecontests-test-1608f::long-trace-final,codecontests-test-1608f,3b1188cf9f4294e77fd38eb7d8098dfcfb19fbdd0ef6e9a3fe8d63adfeb2abbf:b3e5d9410e92ec6feb64678dbc4fc691cb4660d89a83baf0e0a219123c05b450:clang-18.1.8-coverage-state-load-v1,qwen3.8-27b-off,long-trace-final,all-arms,dynamic,Omega_hat_NativeTrace,607758,0
dynamic::qwen3.8-27b-off::all-arms::Omega_hat_NativeTrace,qwen3.8-27b-off::codecontests-test-1608f::inside-loop-state,codecontests-test-1608f,9864fd100347bbad0e115c788da3250c68253007614da622a5ee02799527370f:b3e5d9410e92ec6feb64678dbc4fc691cb4660d89a83baf0e0a219123c05b450:clang-18.1.8-coverage-state-load-v1,qwen3.8-27b-off,inside-loop-state,all-arms,dynamic,Omega_hat_NativeTrace,36748,0
dynamic::qwen3.8-27b-off::all-arms::Omega_hat_NativeTrace,qwen3.8-27b-off::codecontests-test-1608f::post-loop-state,codecontests-test-1608f,ef77878c7f3b869738b3ff6a4965c679f33909d0914e136f66f6c522b7b20c01:b3e5d9410e92ec6feb64678dbc4fc691cb4660d89a83baf0e0a219123c05b450:clang-18.1.8-coverage-state-load-v1,qwen3.8-27b-off,post-loop-state,all-arms,dynamic,Omega_hat_NativeTrace,36955,0
dynamic::qwen3.8-27b-off::all-arms::Omega_hat_NativeTrace,qwen3.8-27b-off::codecontests-test-1615g::post-loop-state,codecontests-test-1615g,0933389f16bc0f8f1a15f83914fd800b2881de1ed6b02e9104c48207b1cde312:73a6420953313f0860ecac8f963f63bd594f27eacb54f75047c6e7f224445982:clang-18.1.8-coverage-state-load-v1,qwen3.8-27b-off,post-loop-state,all-arms,dynamic,Omega_hat_NativeTrace,6693,0
dynamic::qwen3.8-27b-off::all-arms::Omega_hat_NativeTrace,qwen3.8-27b-off::codecontests-test-1615g::inside-loop-state,codecontests-test-1615g,acc1b2cc8cfb5ad702c4fd69f49f49e609d604888c2fc3c44a8fa83a57d3de81:73a6420953313f0860ecac8f963f63bd594f27eacb54f75047c6e7f224445982:clang-18.1.8-coverage-state-load-v1,qwen3.8-27b-off,inside-loop-state,all-arms,dynamic,Omega_hat_NativeTrace,6517,0
dynamic::qwen3.8-27b-off::all-arms::Omega_hat_NativeTrace,qwen3.8-27b-off::codecontests-test-1615g::long-trace-final,codecontests-test-1615g,ad373333e07dc4e3b058568facb985af09bac3ef8991907c430b33236999f394:73a6420953313f0860ecac8f963f63bd594f27eacb54f75047c6e7f224445982:clang-18.1.8-coverage-state-load-v1,qwen3.8-27b-off,long-trace-final,all-arms,dynamic,Omega_hat_NativeTrace,5325,0
dynamic::qwen3.8-27b-off::all-arms::Omega_hat_NativeTrace,qwen3.8-27b-off::codecontests-test-1615g::short-trace-final,codecontests-test-1615g,ad373333e07dc4e3b058568facb985af09bac3ef8991907c430b33236999f394:8b8d92f6cd116121a9e352a9d6bbbeea5f82cc1c848aaea202eee9901fb39d86:clang-18.1.8-coverage-state-load-v1,qwen3.8-27b-off,short-trace-final,all-arms,dynamic,Omega_hat_NativeTrace,194,1
dynamic::qwen3.8-27b-off::all-arms::Omega_hat_NativeTrace,qwen3.8-27b-off::codecontests-test-1615h::post-loop-state,codecontests-test-1615h,6bac151ec0f25226a8145178cf0e367fb811beb86ff6196070e20565c4d00642:76e3b7b1ea299988012bab23cbfde0d8790d1c57e7f0994947beee3f546bc9a5:clang-18.1.8-coverage-state-load-v1,qwen3.8-27b-off,post-loop-state,all-arms,dynamic,Omega_hat_NativeTrace,8891,0
dynamic::qwen3.8-27b-off::all-arms::Omega_hat_NativeTrace,qwen3.8-27b-off::codecontests-test-1615h::long-trace-final,codecontests-test-1615h,a71a99b21177af38ad289c00ff979be40a690e727f285153ed3faee690b3a321:76e3b7b1ea299988012bab23cbfde0d8790d1c57e7f0994947beee3f546bc9a5:clang-18.1.8-coverage-state-load-v1,qwen3.8-27b-off,long-trace-final,all-arms,dynamic,Omega_hat_NativeTrace,15049,0
dynamic::qwen3.8-27b-off::all-arms::Omega_hat_NativeTrace,qwen3.8-27b-off::codecontests-test-1615h::short-trace-final,codecontests-test-1615h,a71a99b21177af38ad289c00ff979be40a690e727f285153ed3faee690b3a321:7f143eea0a3c840bf12e8184b4972d492f981fbb9a266339cd86299dae1d4413:clang-18.1.8-coverage-state-load-v1,qwen3.8-27b-off,short-trace-final,all-arms,dynamic,Omega_hat_NativeTrace,5714,0
dynamic::qwen3.8-27b-off::all-arms::Omega_hat_NativeTrace,qwen3.8-27b-off::codecontests-test-1615h::inside-loop-state,codecontests-test-1615h,bb1f2ab66b584a159dee436bfee61e9740c864d881dce54d93f0220164d96c1a:76e3b7b1ea299988012bab23cbfde0d8790d1c57e7f0994947beee3f546bc9a5:clang-18.1.8-coverage-state-load-v1,qwen3.8-27b-off,inside-loop-state,all-arms,dynamic,Omega_hat_NativeTrace,8943,0
dynamic::qwen3.8-27b-off::all-arms::Omega_hat_NativeTrace,qwen3.8-27b-off::codecontests-test-1617e::inside-loop-state,codecontests-test-1617e,395db0129fb099ac1b5af30458379f3c64b2c8e1ba3267544689e9a721e0a1a2:f34973899b03d91dd93fd9ca7bca992fc2b381fea1800c11fc29bf25c01efe97:clang-18.1.8-coverage-state-load-v1,qwen3.8-27b-off,inside-loop-state,all-arms,dynamic,Omega_hat_NativeTrace,3086,0
dynamic::qwen3.8-27b-off::all-arms::Omega_hat_NativeTrace,qwen3.8-27b-off::codecontests-test-1617e::post-loop-state,codecontests-test-1617e,a34fa455cb2724c38f9fc74f8d38161dbfbff4a0a0d9c9c94c1bfa734b45a015:f34973899b03d91dd93fd9ca7bca992fc2b381fea1800c11fc29bf25c01efe97:clang-18.1.8-coverage-state-load-v1,qwen3.8-27b-off,post-loop-state,all-arms,dynamic,Omega_hat_NativeTrace,3349,0
dynamic::qwen3.8-27b-off::all-arms::Omega_hat_NativeTrace,qwen3.8-27b-off::codecontests-test-1617e::short-trace-final,codecontests-test-1617e,c416bb8d3b25fd4c76bdb6e17ff595707f9479e2af79b63f90090979b8df2512:7a8e064d952789abfdfd6043d44530bd5de0228d7963b1c4a3a194695b246bdd:clang-18.1.8-coverage-state-load-v1,qwen3.8-27b-off,short-trace-final,all-arms,dynamic,Omega_hat_NativeTrace,2124,0
dynamic::qwen3.8-27b-off::all-arms::Omega_hat_NativeTrace,qwen3.8-27b-off::codecontests-test-1617e::long-trace-final,codecontests-test-1617e,c416bb8d3b25fd4c76bdb6e17ff595707f9479e2af79b63f90090979b8df2512:f34973899b03d91dd93fd9ca7bca992fc2b381fea1800c11fc29bf25c01efe97:clang-18.1.8-coverage-state-load-v1,qwen3.8-27b-off,long-trace-final,all-arms,dynamic,Omega_hat_NativeTrace,50271,0
dynamic::qwen3.8-27b-off::all-arms::Omega_hat_NativeTrace,qwen3.8-27b-off::codecontests-test-1620g::post-loop-state,codecontests-test-1620g,90b42a3a02b64368871b040777d72a1fae560ae9bae9612e2ab271e58b363cec:d17fc49cd397378f23ba09a1d25ed63dd16e1ca27e2fef716941dab7e3d260e9:clang-18.1.8-coverage-state-load-v1,qwen3.8-27b-off,post-loop-state,all-arms,dynamic,Omega_hat_NativeTrace,6476,0
dynamic::qwen3.8-27b-off::all-arms::Omega_hat_NativeTrace,qwen3.8-27b-off::codecontests-test-1620g::short-trace-final,codecontests-test-1620g,dc5b0364fffb69d059ac406180373038b2947bf8b018c0eb5ad6bdab89607c28:47fdb134316707b54ae926b4ba0b8e2ffa13b01f961ee3bdbd4367e9493f9d43:clang-18.1.8-coverage-state-load-v1,qwen3.8-27b-off,short-trace-final,all-arms,dynamic,Omega_hat_NativeTrace,1031,0
dynamic::qwen3.8-27b-off::all-arms::Omega_hat_NativeTrace,qwen3.8-27b-off::codecontests-test-1620g::long-trace-final,codecontests-test-1620g,dc5b0364fffb69d059ac406180373038b2947bf8b018c0eb5ad6bdab89607c28:d17fc49cd397378f23ba09a1d25ed63dd16e1ca27e2fef716941dab7e3d260e9:clang-18.1.8-coverage-state-load-v1,qwen3.8-27b-off,long-trace-final,all-arms,dynamic,Omega_hat_NativeTrace,32711,0
dynamic::qwen3.8-27b-off::all-arms::Omega_hat_NativeTrace,qwen3.8-27b-off::codecontests-test-1620g::inside-loop-state,codecontests-test-1620g,f68b5d2afda3ef6b63ec68b53e390dc857f47e5bdf2f3f2e1081414a31775f0d:d17fc49cd397378f23ba09a1d25ed63dd16e1ca27e2fef716941dab7e3d260e9:clang-18.1.8-coverage-state-load-v1,qwen3.8-27b-off,inside-loop-state,all-arms,dynamic,Omega_hat_NativeTrace,6489,0
dynamic::qwen3.8-27b-off::all-arms::Omega_hat_NativeTrace,qwen3.8-27b-off::codecontests-validation-1552g::short-trace-final,codecontests-validation-1552g,89b65341f1c6fe3a0a9df0a69ade235027daa7f39d3002954f6f632919791b3f:6575c487ddb8c661ec94ac0aa126db71015d196d35a568acfd62ad87a004ec72:clang-18.1.8-coverage-state-load-v1,qwen3.8-27b-off,short-trace-final,all-arms,dynamic,Omega_hat_NativeTrace,473,0
dynamic::qwen3.8-27b-off::all-arms::Omega_hat_NativeTrace,qwen3.8-27b-off::codecontests-validation-1552g::long-trace-final,codecontests-validation-1552g,89b65341f1c6fe3a0a9df0a69ade235027daa7f39d3002954f6f632919791b3f:a23a879e789c630dbbae0133f0eb5577c8e5e3a711d2d32ec6d6c244f930f0a1:clang-18.1.8-coverage-state-load-v1,qwen3.8-27b-off,long-trace-final,all-arms,dynamic,Omega_hat_NativeTrace,2634,0
dynamic::qwen3.8-27b-off::all-arms::Omega_hat_NativeTrace,qwen3.8-27b-off::codecontests-validation-1552g::post-loop-state,codecontests-validation-1552g,b5f0a9481460f80246bf1a24dda90224f8dc49a793565d9ab27a357e86c4e053:a23a879e789c630dbbae0133f0eb5577c8e5e3a711d2d32ec6d6c244f930f0a1:clang-18.1.8-coverage-state-load-v1,qwen3.8-27b-off,post-loop-state,all-arms,dynamic,Omega_hat_NativeTrace,378,0
dynamic::qwen3.8-27b-off::all-arms::Omega_hat_NativeTrace,qwen3.8-27b-off::codecontests-validation-1552g::inside-loop-state,codecontests-validation-1552g,feb96da038972104d010503bb0068d9694d4cebae2d34993c61d2dcd7002c600:a23a879e789c630dbbae0133f0eb5577c8e5e3a711d2d32ec6d6c244f930f0a1:clang-18.1.8-coverage-state-load-v1,qwen3.8-27b-off,inside-loop-state,all-arms,dynamic,Omega_hat_NativeTrace,464,0
dynamic::qwen3.8-27b-off::all-arms::Omega_hat_NativeTrace,qwen3.8-27b-off::codecontests-validation-1553h::inside-loop-state,codecontests-validation-1553h,261f2a5460690985d0feaadb3435366c997ed89f15809dc921c0a13726ae899d:37a901c4f91c375e5b2ce915089751f68aa2f80e3a9590fee8edc1247ea80612:clang-18.1.8-coverage-state-load-v1,qwen3.8-27b-off,inside-loop-state,all-arms,dynamic,Omega_hat_NativeTrace,1846,0
dynamic::qwen3.8-27b-off::all-arms::Omega_hat_NativeTrace,qwen3.8-27b-off::codecontests-validation-1553h::long-trace-final,codecontests-validation-1553h,6e44abb67b8129df7e6c9c2bb7f0603020a46107f0b5aaa85480dcf00b6d8ee5:37a901c4f91c375e5b2ce915089751f68aa2f80e3a9590fee8edc1247ea80612:clang-18.1.8-coverage-state-load-v1,qwen3.8-27b-off,long-trace-final,all-arms,dynamic,Omega_hat_NativeTrace,2577,0
dynamic::qwen3.8-27b-off::all-arms::Omega_hat_NativeTrace,qwen3.8-27b-off::codecontests-validation-1553h::short-trace-final,codecontests-validation-1553h,6e44abb67b8129df7e6c9c2bb7f0603020a46107f0b5aaa85480dcf00b6d8ee5:4f701d041f6b57b35a63af3be10f040298aa86385ad4da04b1daa6df2663a712:clang-18.1.8-coverage-state-load-v1,qwen3.8-27b-off,short-trace-final,all-arms,dynamic,Omega_hat_NativeTrace,371,0
dynamic::qwen3.8-27b-off::all-arms::Omega_hat_NativeTrace,qwen3.8-27b-off::codecontests-validation-1553h::post-loop-state,codecontests-validation-1553h,a0fc871a1b48fb4e584cbafab20aa03968f5864a8503fcc17f35616d670b41fb:37a901c4f91c375e5b2ce915089751f68aa2f80e3a9590fee8edc1247ea80612:clang-18.1.8-coverage-state-load-v1,qwen3.8-27b-off,post-loop-state,all-arms,dynamic,Omega_hat_NativeTrace,1815,0
dynamic::qwen3.8-27b-off::all-arms::Omega_hat_NativeTrace,qwen3.8-27b-off::codecontests-validation-1556f::inside-loop-state,codecontests-validation-1556f,0e7c6745273acd61e256dc45eed260d91a4acbd2606e470d7a226f83219ed9a3:360f25d334dd3eaa6f292d435c7982dff837d18936d1fefe83699b0b1d6fbc85:clang-18.1.8-coverage-state-load-v1,qwen3.8-27b-off,inside-loop-state,all-arms,dynamic,Omega_hat_NativeTrace,202474,0
dynamic::qwen3.8-27b-off::all-arms::Omega_hat_NativeTrace,qwen3.8-27b-off::codecontests-validation-1556f::post-loop-state,codecontests-validation-1556f,355b4d9cf793a850c31de90bbad276f4be650b3ce01e56f464054f85d4c2ec45:360f25d334dd3eaa6f292d435c7982dff837d18936d1fefe83699b0b1d6fbc85:clang-18.1.8-coverage-state-load-v1,qwen3.8-27b-off,post-loop-state,all-arms,dynamic,Omega_hat_NativeTrace,17086448,0
dynamic::qwen3.8-27b-off::all-arms::Omega_hat_NativeTrace,qwen3.8-27b-off::codecontests-validation-1556f::long-trace-final,codecontests-validation-1556f,67dbad2177030b263347ba9ff0c3aa5d2e1eb57d456d177fad25eee3f31a9a76:360f25d334dd3eaa6f292d435c7982dff837d18936d1fefe83699b0b1d6fbc85:clang-18.1.8-coverage-state-load-v1,qwen3.8-27b-off,long-trace-final,all-arms,dynamic,Omega_hat_NativeTrace,17617324,0
dynamic::qwen3.8-27b-off::all-arms::Omega_hat_NativeTrace,qwen3.8-27b-off::codecontests-validation-1556f::short-trace-final,codecontests-validation-1556f,67dbad2177030b263347ba9ff0c3aa5d2e1eb57d456d177fad25eee3f31a9a76:fdcb27265764b2a73c62380d364aa177b18028a2d6fffe621bac5a23affde265:clang-18.1.8-coverage-state-load-v1,qwen3.8-27b-off,short-trace-final,all-arms,dynamic,Omega_hat_NativeTrace,475,1
dynamic::qwen3.8-27b-off::all-arms::Omega_hat_NativeTrace,qwen3.8-27b-off::codecontests-validation-1567f::inside-loop-state,codecontests-validation-1567f,05cf93795d2245abb6f842b4f278fe70746b159f5aba398e285981a3d3ab0415:5ca513ae33f231741e8f5bce074557104f0ac96debe4329731eb41fe859f6fa9:clang-18.1.8-coverage-state-load-v1,qwen3.8-27b-off,inside-loop-state,all-arms,dynamic,Omega_hat_NativeTrace,3975,0
dynamic::qwen3.8-27b-off::all-arms::Omega_hat_NativeTrace,qwen3.8-27b-off::codecontests-validation-1567f::long-trace-final,codecontests-validation-1567f,1d2e0467d959ffad5c713fa10c2142c44b5f542e00ce390504aea6f73e976053:5ca513ae33f231741e8f5bce074557104f0ac96debe4329731eb41fe859f6fa9:clang-18.1.8-coverage-state-load-v1,qwen3.8-27b-off,long-trace-final,all-arms,dynamic,Omega_hat_NativeTrace,7387,0
dynamic::qwen3.8-27b-off::all-arms::Omega_hat_NativeTrace,qwen3.8-27b-off::codecontests-validation-1567f::short-trace-final,codecontests-validation-1567f,1d2e0467d959ffad5c713fa10c2142c44b5f542e00ce390504aea6f73e976053:8ac1f9fa9e2847575b2ced3fd892b2845557a6c485f5fa9413a699b8efbc3ad3:clang-18.1.8-coverage-state-load-v1,qwen3.8-27b-off,short-trace-final,all-arms,dynamic,Omega_hat_NativeTrace,2028,0
dynamic::qwen3.8-27b-off::all-arms::Omega_hat_NativeTrace,qwen3.8-27b-off::codecontests-validation-1567f::post-loop-state,codecontests-validation-1567f,91b04a25af0d8354eca4b22a5c307be7e0d71719c1e56c1036c67f37cec6a7d0:5ca513ae33f231741e8f5bce074557104f0ac96debe4329731eb41fe859f6fa9:clang-18.1.8-coverage-state-load-v1,qwen3.8-27b-off,post-loop-state,all-arms,dynamic,Omega_hat_NativeTrace,3936,0
dynamic::qwen3.8-27b-off::all-arms::Omega_hat_NativeTrace,qwen3.8-27b-off::codecontests-validation-1569e::inside-loop-state,codecontests-validation-1569e,8c7846a3a40110fa05257b67da8e6f63f945c711305a1df88b97e8d00396db64:b5fabe923ecc6b7534566fbeb72577fd896c2d74b9374afe3bed49a16217cf73:clang-18.1.8-coverage-state-load-v1,qwen3.8-27b-off,inside-loop-state,all-arms,dynamic,Omega_hat_NativeTrace,14587,0
dynamic::qwen3.8-27b-off::all-arms::Omega_hat_NativeTrace,qwen3.8-27b-off::codecontests-validation-1569e::post-loop-state,codecontests-validation-1569e,b6b18517a3e59e80fb145dd8b32144c363e2872690c8f1c80a42a71bbc7adff3:b5fabe923ecc6b7534566fbeb72577fd896c2d74b9374afe3bed49a16217cf73:clang-18.1.8-coverage-state-load-v1,qwen3.8-27b-off,post-loop-state,all-arms,dynamic,Omega_hat_NativeTrace,4686010,0
dynamic::qwen3.8-27b-off::all-arms::Omega_hat_NativeTrace,qwen3.8-27b-off::codecontests-validation-1569e::short-trace-final,codecontests-validation-1569e,d7b30d4383431a38ca1bd0ea4847aec892b939921afb04a5e0975d8dfe5a98c9:479def58965386a05050611157259ef82bfeb49b520e8bff8f6ffde3b23af8a8:clang-18.1.8-coverage-state-load-v1,qwen3.8-27b-off,short-trace-final,all-arms,dynamic,Omega_hat_NativeTrace,963,0
dynamic::qwen3.8-27b-off::all-arms::Omega_hat_NativeTrace,qwen3.8-27b-off::codecontests-validation-1569e::long-trace-final,codecontests-validation-1569e,d7b30d4383431a38ca1bd0ea4847aec892b939921afb04a5e0975d8dfe5a98c9:b5fabe923ecc6b7534566fbeb72577fd896c2d74b9374afe3bed49a16217cf73:clang-18.1.8-coverage-state-load-v1,qwen3.8-27b-off,long-trace-final,all-arms,dynamic,Omega_hat_NativeTrace,9765064,1
dynamic::qwen3.8-27b-off::all-arms::Omega_hat_NativeTrace,qwen3.8-27b-off::codecontests-validation-1569f::long-trace-final,codecontests-validation-1569f,2301e337b5fb3f9549acef3c07f9bd5019e6234c7a2311a7c4f57763e18e5b83:0b0d290fe1c8a4b6c275d3cd68f10e26117cce6a7a535e05cb67a9483c2ca982:clang-18.1.8-coverage-state-load-v1,qwen3.8-27b-off,long-trace-final,all-arms,dynamic,Omega_hat_NativeTrace,150522,1
dynamic::qwen3.8-27b-off::all-arms::Omega_hat_NativeTrace,qwen3.8-27b-off::codecontests-validation-1569f::short-trace-final,codecontests-validation-1569f,2301e337b5fb3f9549acef3c07f9bd5019e6234c7a2311a7c4f57763e18e5b83:26b7657bcd3b796488b0a9677b14cced50fbbf3da549885bc44c2917cf610cff:clang-18.1.8-coverage-state-load-v1,qwen3.8-27b-off,short-trace-final,all-arms,dynamic,Omega_hat_NativeTrace,9950,0
dynamic::qwen3.8-27b-off::all-arms::Omega_hat_NativeTrace,qwen3.8-27b-off::codecontests-validation-1569f::post-loop-state,codecontests-validation-1569f,9b44483ac309757aa4c354b7152a87dcbcef7f14befc99fd5d5420fba2550477:0b0d290fe1c8a4b6c275d3cd68f10e26117cce6a7a535e05cb67a9483c2ca982:clang-18.1.8-coverage-state-load-v1,qwen3.8-27b-off,post-loop-state,all-arms,dynamic,Omega_hat_NativeTrace,118625,0
dynamic::qwen3.8-27b-off::all-arms::Omega_hat_NativeTrace,qwen3.8-27b-off::codecontests-validation-1569f::inside-loop-state,codecontests-validation-1569f,bd6341080b17f11d66607db0012ce4f3cf4107ce205c35c39ff21ea2a4d40857:0b0d290fe1c8a4b6c275d3cd68f10e26117cce6a7a535e05cb67a9483c2ca982:clang-18.1.8-coverage-state-load-v1,qwen3.8-27b-off,inside-loop-state,all-arms,dynamic,Omega_hat_NativeTrace,118714,0
dynamic::qwen3.8-27b-off::all-arms::Omega_hat_NativeTrace,qwen3.8-27b-off::codecontests-validation-1572d::post-loop-state,codecontests-validation-1572d,10b3ea8d407a851cbb94d856638ba9ee3b5658eb0b43ab595c686887ee58e23a:2215213a1789f807060a057e634ddb262a27f09b8292f964f58f42acbe1d0616:clang-18.1.8-coverage-state-load-v1,qwen3.8-27b-off,post-loop-state,all-arms,dynamic,Omega_hat_NativeTrace,1703,0
dynamic::qwen3.8-27b-off::all-arms::Omega_hat_NativeTrace,qwen3.8-27b-off::codecontests-validation-1572d::long-trace-final,codecontests-validation-1572d,4ef728a87836baeb0af64467718c76401006223c75d5b80c74b59eb56b109b72:2215213a1789f807060a057e634ddb262a27f09b8292f964f58f42acbe1d0616:clang-18.1.8-coverage-state-load-v1,qwen3.8-27b-off,long-trace-final,all-arms,dynamic,Omega_hat_NativeTrace,1887,0
dynamic::qwen3.8-27b-off::all-arms::Omega_hat_NativeTrace,qwen3.8-27b-off::codecontests-validation-1572d::short-trace-final,codecontests-validation-1572d,4ef728a87836baeb0af64467718c76401006223c75d5b80c74b59eb56b109b72:eb418658a51efc355a88b1c44df821bcabf17ae92e052c3f3f3790755404491d:clang-18.1.8-coverage-state-load-v1,qwen3.8-27b-off,short-trace-final,all-arms,dynamic,Omega_hat_NativeTrace,888,0
dynamic::qwen3.8-27b-off::all-arms::Omega_hat_NativeTrace,qwen3.8-27b-off::codecontests-validation-1572d::inside-loop-state,codecontests-validation-1572d,e4be3de81a2d2af89166e441b8d5adf8e73d19e2c217707d996b1af00c028ff1:2215213a1789f807060a057e634ddb262a27f09b8292f964f58f42acbe1d0616:clang-18.1.8-coverage-state-load-v1,qwen3.8-27b-off,inside-loop-state,all-arms,dynamic,Omega_hat_NativeTrace,1793,0
dynamic::qwen3.8-27b-off::all-arms::Omega_hat_NativeTrace,qwen3.8-27b-off::codecontests-validation-1572e::post-loop-state,codecontests-validation-1572e,437fad31af4f51960c3b7aff0ceecd6ad236aeccd08417e320d5ef307f021027:ce0eb773178bbc4bdc901ed4555433f201b9cbbd416231d7a0b82b41c1e59270:clang-18.1.8-coverage-state-load-v1,qwen3.8-27b-off,post-loop-state,all-arms,dynamic,Omega_hat_NativeTrace,1903,0
dynamic::qwen3.8-27b-off::all-arms::Omega_hat_NativeTrace,qwen3.8-27b-off::codecontests-validation-1572e::inside-loop-state,codecontests-validation-1572e,a29023c7f4c26bae0b4eef37581882d729a33402e3f2d96d9c4e4e82f216cc0f:ce0eb773178bbc4bdc901ed4555433f201b9cbbd416231d7a0b82b41c1e59270:clang-18.1.8-coverage-state-load-v1,qwen3.8-27b-off,inside-loop-state,all-arms,dynamic,Omega_hat_NativeTrace,1931,0
dynamic::qwen3.8-27b-off::all-arms::Omega_hat_NativeTrace,qwen3.8-27b-off::codecontests-validation-1572e::short-trace-final,codecontests-validation-1572e,c6871efc570f44806a970f43053b081d731f519c2b4a95b2aa54ee53df958fcf:c8391dd8e574d61edf3a7c188f1bce010f51566bb2347b029afb3faa08679767:clang-18.1.8-coverage-state-load-v1,qwen3.8-27b-off,short-trace-final,all-arms,dynamic,Omega_hat_NativeTrace,17610,0
dynamic::qwen3.8-27b-off::all-arms::Omega_hat_NativeTrace,qwen3.8-27b-off::codecontests-validation-1572e::long-trace-final,codecontests-validation-1572e,c6871efc570f44806a970f43053b081d731f519c2b4a95b2aa54ee53df958fcf:ce0eb773178bbc4bdc901ed4555433f201b9cbbd416231d7a0b82b41c1e59270:clang-18.1.8-coverage-state-load-v1,qwen3.8-27b-off,long-trace-final,all-arms,dynamic,Omega_hat_NativeTrace,94129,0
dynamic::qwen3.8-27b-off::all-arms::Omega_hat_NativeTrace,qwen3.8-27b-off::codecontests-validation-1574f::post-loop-state,codecontests-validation-1574f,121cb978200a7d65abf8d20a567bf9a991547f94cb17d49e90c39970b27fb179:03d3d7a8c8364341064965d240bc633999a3624096573e7dd9ff9b2e4332d221:clang-18.1.8-coverage-state-load-v1,qwen3.8-27b-off,post-loop-state,all-arms,dynamic,Omega_hat_NativeTrace,16200040,0
dynamic::qwen3.8-27b-off::all-arms::Omega_hat_NativeTrace,qwen3.8-27b-off::codecontests-validation-1574f::inside-loop-state,codecontests-validation-1574f,54d2aa075790d96b16094d1110b1ff4cc42e649f39b55cf10a14e19f5a25bdd0:03d3d7a8c8364341064965d240bc633999a3624096573e7dd9ff9b2e4332d221:clang-18.1.8-coverage-state-load-v1,qwen3.8-27b-off,inside-loop-state,all-arms,dynamic,Omega_hat_NativeTrace,8102841,0
dynamic::qwen3.8-27b-off::all-arms::Omega_hat_NativeTrace,qwen3.8-27b-off::codecontests-validation-1574f::long-trace-final,codecontests-validation-1574f,7daa73692acaf41812edcde3c45ecdfa6e0c91a99ce6e3557836323cf0386084:03d3d7a8c8364341064965d240bc633999a3624096573e7dd9ff9b2e4332d221:clang-18.1.8-coverage-state-load-v1,qwen3.8-27b-off,long-trace-final,all-arms,dynamic,Omega_hat_NativeTrace,1513963426,0
dynamic::qwen3.8-27b-off::all-arms::Omega_hat_NativeTrace,qwen3.8-27b-off::codecontests-validation-1574f::short-trace-final,codecontests-validation-1574f,7daa73692acaf41812edcde3c45ecdfa6e0c91a99ce6e3557836323cf0386084:a00a4e49bac1dc0515ea109cbef81f6fec9f42207b2ac47d95d4f9fb95859331:clang-18.1.8-coverage-state-load-v1,qwen3.8-27b-off,short-trace-final,all-arms,dynamic,Omega_hat_NativeTrace,1209,0
dynamic::qwen3.8-27b-off::all-arms::Omega_hat_StateLoad,qwen3.8-27b-off::codecontests-test-1580b::post-loop-state,codecontests-test-1580b,651daa060f41dcbf742f65839b776fde4796201d3b99d00773278bba61645417:01bf10bc19e4055efc275e06e8439f42cb308446a927457954f085b1c36f701a:clang-18.1.8-coverage-state-load-v1,qwen3.8-27b-off,post-loop-state,all-arms,dynamic,Omega_hat_StateLoad,634227280,0
dynamic::qwen3.8-27b-off::all-arms::Omega_hat_StateLoad,qwen3.8-27b-off::codecontests-test-1580b::inside-loop-state,codecontests-test-1580b,de821758d705b3efd9657c5b7021e5d724533788eed2c97f5213f6ee05a90127:01bf10bc19e4055efc275e06e8439f42cb308446a927457954f085b1c36f701a:clang-18.1.8-coverage-state-load-v1,qwen3.8-27b-off,inside-loop-state,all-arms,dynamic,Omega_hat_StateLoad,624486447,0
dynamic::qwen3.8-27b-off::all-arms::Omega_hat_StateLoad,qwen3.8-27b-off::codecontests-test-1580b::long-trace-final,codecontests-test-1580b,e49cc24f56c43dda6796ffbf38185eb1f4f689c19e9ec2b7010717fbd33f09cd:01bf10bc19e4055efc275e06e8439f42cb308446a927457954f085b1c36f701a:clang-18.1.8-coverage-state-load-v1,qwen3.8-27b-off,long-trace-final,all-arms,dynamic,Omega_hat_StateLoad,123221869874820,0
dynamic::qwen3.8-27b-off::all-arms::Omega_hat_StateLoad,qwen3.8-27b-off::codecontests-test-1580b::short-trace-final,codecontests-test-1580b,e49cc24f56c43dda6796ffbf38185eb1f4f689c19e9ec2b7010717fbd33f09cd:4badc34556ceafd1c2c4699ce5b2a3bc32594a4b7e29c24a4068f61563022cdc:clang-18.1.8-coverage-state-load-v1,qwen3.8-27b-off,short-trace-final,all-arms,dynamic,Omega_hat_StateLoad,1334498244,0
dynamic::qwen3.8-27b-off::all-arms::Omega_hat_StateLoad,qwen3.8-27b-off::codecontests-test-1580f::short-trace-final,codecontests-test-1580f,14ddc455906166c8cc9ba66260dd1ee85ca6354b865eda03f0f3871dae33ae17:66cad223eb4b52b45ee49a6f14a923756f9c308fb0a2f62f02808d1d2491969e:clang-18.1.8-coverage-state-load-v1,qwen3.8-27b-off,short-trace-final,all-arms,dynamic,Omega_hat_StateLoad,41166621651798,0
dynamic::qwen3.8-27b-off::all-arms::Omega_hat_StateLoad,qwen3.8-27b-off::codecontests-test-1580f::long-trace-final,codecontests-test-1580f,14ddc455906166c8cc9ba66260dd1ee85ca6354b865eda03f0f3871dae33ae17:d72b57384d564b166e605cb1fe15b30202227d8df8021b4e67f0275e92852971:clang-18.1.8-coverage-state-load-v1,qwen3.8-27b-off,long-trace-final,all-arms,dynamic,Omega_hat_StateLoad,41173337298488,0
dynamic::qwen3.8-27b-off::all-arms::Omega_hat_StateLoad,qwen3.8-27b-off::codecontests-test-1580f::post-loop-state,codecontests-test-1580f,8526c634fe8de6d447557c0456ea3013ff50b851688579983204c869ac4dcb57:d72b57384d564b166e605cb1fe15b30202227d8df8021b4e67f0275e92852971:clang-18.1.8-coverage-state-load-v1,qwen3.8-27b-off,post-loop-state,all-arms,dynamic,Omega_hat_StateLoad,41157233657412,0
dynamic::qwen3.8-27b-off::all-arms::Omega_hat_StateLoad,qwen3.8-27b-off::codecontests-test-1580f::inside-loop-state,codecontests-test-1580f,bfcc98152560bffe5dfc4d96ac7ad6087d8a47a1cf596714f45a7366a323508a:d72b57384d564b166e605cb1fe15b30202227d8df8021b4e67f0275e92852971:clang-18.1.8-coverage-state-load-v1,qwen3.8-27b-off,inside-loop-state,all-arms,dynamic,Omega_hat_StateLoad,41157227775110,0
dynamic::qwen3.8-27b-off::all-arms::Omega_hat_StateLoad,qwen3.8-27b-off::codecontests-test-1586f::long-trace-final,codecontests-test-1586f,50fa6366595a53ba7e82bd4bc65563c718c29a2a4b9c1b4e6f80fab5bdeabd90:e7a0a218331b68b73ad7ba079fd54be2a7cd8090a6e96eba3f4ee3001dc1d2dc:clang-18.1.8-coverage-state-load-v1,qwen3.8-27b-off,long-trace-final,all-arms,dynamic,Omega_hat_StateLoad,44184529715,0
dynamic::qwen3.8-27b-off::all-arms::Omega_hat_StateLoad,qwen3.8-27b-off::codecontests-test-1586f::short-trace-final,codecontests-test-1586f,50fa6366595a53ba7e82bd4bc65563c718c29a2a4b9c1b4e6f80fab5bdeabd90:ece3d232c1ca9ef8a80b6fdb1585b8f5cf653b9dd023b0521c8da64db859ffac:clang-18.1.8-coverage-state-load-v1,qwen3.8-27b-off,short-trace-final,all-arms,dynamic,Omega_hat_StateLoad,145590447,0
dynamic::qwen3.8-27b-off::all-arms::Omega_hat_StateLoad,qwen3.8-27b-off::codecontests-test-1586f::inside-loop-state,codecontests-test-1586f,c2fff1ad8c28452ca3e75e2efc59934a22d91572d3cde13bc7c743de6d34b147:e7a0a218331b68b73ad7ba079fd54be2a7cd8090a6e96eba3f4ee3001dc1d2dc:clang-18.1.8-coverage-state-load-v1,qwen3.8-27b-off,inside-loop-state,all-arms,dynamic,Omega_hat_StateLoad,4453997983,0
dynamic::qwen3.8-27b-off::all-arms::Omega_hat_StateLoad,qwen3.8-27b-off::codecontests-test-1586f::post-loop-state,codecontests-test-1586f,cf6f023469c0bb5ffbb00877e5468516893961999aa07f0ecb8ade5ed40b2096:e7a0a218331b68b73ad7ba079fd54be2a7cd8090a6e96eba3f4ee3001dc1d2dc:clang-18.1.8-coverage-state-load-v1,qwen3.8-27b-off,post-loop-state,all-arms,dynamic,Omega_hat_StateLoad,4459054592,0
dynamic::qwen3.8-27b-off::all-arms::Omega_hat_StateLoad,qwen3.8-27b-off::codecontests-test-1598f::short-trace-final,codecontests-test-1598f,c86397161467c48a05a8a1c3b9d9cdc968122973e7759a52edbfee55607a0c48:0c302e793e9db86915c6163fbabb9d0a9976859eb54448cb12f96c3a4ff52328:clang-18.1.8-coverage-state-load-v1,qwen3.8-27b-off,short-trace-final,all-arms,dynamic,Omega_hat_StateLoad,896,1
dynamic::qwen3.8-27b-off::all-arms::Omega_hat_StateLoad,qwen3.8-27b-off::codecontests-test-1598f::long-trace-final,codecontests-test-1598f,c86397161467c48a05a8a1c3b9d9cdc968122973e7759a52edbfee55607a0c48:7035767df0d876ec6a211af258eda3b340f5ba719f1d3c8f30d890596458ed17:clang-18.1.8-coverage-state-load-v1,qwen3.8-27b-off,long-trace-final,all-arms,dynamic,Omega_hat_StateLoad,98536591,1
dynamic::qwen3.8-27b-off::all-arms::Omega_hat_StateLoad,qwen3.8-27b-off::codecontests-test-1598f::post-loop-state,codecontests-test-1598f,cb278e842ab865add5e5b08afeae6d96c07cdcbf64ca0a38de643e3879f68585:7035767df0d876ec6a211af258eda3b340f5ba719f1d3c8f30d890596458ed17:clang-18.1.8-coverage-state-load-v1,qwen3.8-27b-off,post-loop-state,all-arms,dynamic,Omega_hat_StateLoad,1321625,0
dynamic::qwen3.8-27b-off::all-arms::Omega_hat_StateLoad,qwen3.8-27b-off::codecontests-test-1598f::inside-loop-state,codecontests-test-1598f,f41875fa3f7692eefec1a62e67928717fb5e40acf042c603e3120e581750a59b:7035767df0d876ec6a211af258eda3b340f5ba719f1d3c8f30d890596458ed17:clang-18.1.8-coverage-state-load-v1,qwen3.8-27b-off,inside-loop-state,all-arms,dynamic,Omega_hat_StateLoad,1298913,0
dynamic::qwen3.8-27b-off::all-arms::Omega_hat_StateLoad,qwen3.8-27b-off::codecontests-test-1599d::inside-loop-state,codecontests-test-1599d,0a2dad56c9e815f7f708d26c2a62b89ce07f5ea76c71a50f36d86924cf05b943:e4a285c493f93a570627f5a05671eae6a4363f4464831e0f98d5ba3690d0ee67:clang-18.1.8-coverage-state-load-v1,qwen3.8-27b-off,inside-loop-state,all-arms,dynamic,Omega_hat_StateLoad,11758615723,0
dynamic::qwen3.8-27b-off::all-arms::Omega_hat_StateLoad,qwen3.8-27b-off::codecontests-test-1599d::short-trace-final,codecontests-test-1599d,933b32aa65d3b25d1afa06e801f5b72dff619eaf7fc4ac6a4a0270e85d49214c:665093871dbe3de8e75d8a816a8378ca11e9e560947ddf4d94207a1e2173820b:clang-18.1.8-coverage-state-load-v1,qwen3.8-27b-off,short-trace-final,all-arms,dynamic,Omega_hat_StateLoad,2823867851,0
dynamic::qwen3.8-27b-off::all-arms::Omega_hat_StateLoad,qwen3.8-27b-off::codecontests-test-1599d::long-trace-final,codecontests-test-1599d,933b32aa65d3b25d1afa06e801f5b72dff619eaf7fc4ac6a4a0270e85d49214c:e4a285c493f93a570627f5a05671eae6a4363f4464831e0f98d5ba3690d0ee67:clang-18.1.8-coverage-state-load-v1,qwen3.8-27b-off,long-trace-final,all-arms,dynamic,Omega_hat_StateLoad,12567049367,0
dynamic::qwen3.8-27b-off::all-arms::Omega_hat_StateLoad,qwen3.8-27b-off::codecontests-test-1599d::post-loop-state,codecontests-test-1599d,aa9020619d95e0c11306c231f42dc16fbedc1b8833557cfba9a3855ceab5d625:e4a285c493f93a570627f5a05671eae6a4363f4464831e0f98d5ba3690d0ee67:clang-18.1.8-coverage-state-load-v1,qwen3.8-27b-off,post-loop-state,all-arms,dynamic,Omega_hat_StateLoad,11898690449,0
dynamic::qwen3.8-27b-off::all-arms::Omega_hat_StateLoad,qwen3.8-27b-off::codecontests-test-1599j::post-loop-state,codecontests-test-1599j,3435dafe215df6aaa0d67c6cfc947efc0a0e44650fe50967a6ba0b248d4b7fe6:cf6d365ac492de069f119d50091851656ea5679fa08c558d3f071a383b4e0df0:clang-18.1.8-coverage-state-load-v1,qwen3.8-27b-off,post-loop-state,all-arms,dynamic,Omega_hat_StateLoad,564916,0
dynamic::qwen3.8-27b-off::all-arms::Omega_hat_StateLoad,qwen3.8-27b-off::codecontests-test-1599j::short-trace-final,codecontests-test-1599j,ab4e36e90fc02ef9ec4e2ca7dec9cf4caee8e6aaeed78b0ea3ac83c28ac8147c:15a15c047478f3e0e3cab6ed3f632a29e89952fba136b5a78394d1c0ad79c6e5:clang-18.1.8-coverage-state-load-v1,qwen3.8-27b-off,short-trace-final,all-arms,dynamic,Omega_hat_StateLoad,9170,0
dynamic::qwen3.8-27b-off::all-arms::Omega_hat_StateLoad,qwen3.8-27b-off::codecontests-test-1599j::long-trace-final,codecontests-test-1599j,ab4e36e90fc02ef9ec4e2ca7dec9cf4caee8e6aaeed78b0ea3ac83c28ac8147c:cf6d365ac492de069f119d50091851656ea5679fa08c558d3f071a383b4e0df0:clang-18.1.8-coverage-state-load-v1,qwen3.8-27b-off,long-trace-final,all-arms,dynamic,Omega_hat_StateLoad,12322184,0
dynamic::qwen3.8-27b-off::all-arms::Omega_hat_StateLoad,qwen3.8-27b-off::codecontests-test-1599j::inside-loop-state,codecontests-test-1599j,b327432c0b51f79599142f457651ed07c753892f7bc8fc32eae261455a14a8df:cf6d365ac492de069f119d50091851656ea5679fa08c558d3f071a383b4e0df0:clang-18.1.8-coverage-state-load-v1,qwen3.8-27b-off,inside-loop-state,all-arms,dynamic,Omega_hat_StateLoad,475722,0
dynamic::qwen3.8-27b-off::all-arms::Omega_hat_StateLoad,qwen3.8-27b-off::codecontests-test-1603e::long-trace-final,codecontests-test-1603e,d7fe25a19d626e555247a54b1650138c821111d60e20cca5c73ec3112ca1e525:16115f14b1d3589d0841b36fa922b477b58347dad5e3d021df0ae33ab64fa7a6:clang-18.1.8-coverage-state-load-v1,qwen3.8-27b-off,long-trace-final,all-arms,dynamic,Omega_hat_StateLoad,4501797683908,0
dynamic::qwen3.8-27b-off::all-arms::Omega_hat_StateLoad,qwen3.8-27b-off::codecontests-test-1603e::short-trace-final,codecontests-test-1603e,d7fe25a19d626e555247a54b1650138c821111d60e20cca5c73ec3112ca1e525:56128c78d54bd858b1f0a7710cc6ed6c0ee23efbe9034d42dc8ce6339a26f6bf:clang-18.1.8-coverage-state-load-v1,qwen3.8-27b-off,short-trace-final,all-arms,dynamic,Omega_hat_StateLoad,909408818,0
dynamic::qwen3.8-27b-off::all-arms::Omega_hat_StateLoad,qwen3.8-27b-off::codecontests-test-1603e::inside-loop-state,codecontests-test-1603e,f3186b205da6d6dcc9ea29d1c2d2e8b3e694f96a5c55cf87108c065fb309d17d:16115f14b1d3589d0841b36fa922b477b58347dad5e3d021df0ae33ab64fa7a6:clang-18.1.8-coverage-state-load-v1,qwen3.8-27b-off,inside-loop-state,all-arms,dynamic,Omega_hat_StateLoad,189201355791,0
dynamic::qwen3.8-27b-off::all-arms::Omega_hat_StateLoad,qwen3.8-27b-off::codecontests-test-1603e::post-loop-state,codecontests-test-1603e,f412e755c350f9ce1c88cfff52e57c62ae92474f822504d6558ee65de9e4ed4d:16115f14b1d3589d0841b36fa922b477b58347dad5e3d021df0ae33ab64fa7a6:clang-18.1.8-coverage-state-load-v1,qwen3.8-27b-off,post-loop-state,all-arms,dynamic,Omega_hat_StateLoad,194205315507,0
dynamic::qwen3.8-27b-off::all-arms::Omega_hat_StateLoad,qwen3.8-27b-off::codecontests-test-1608e::short-trace-final,codecontests-test-1608e,646dbc65fdea7bc8e3170908e4578902800b470e97d05e2454f0d26884e92df7:a2f5b5c4b5f17740e75fa5913cbf0bcde3191c7cb615765a3dfa89ab90e0e728:clang-18.1.8-coverage-state-load-v1,qwen3.8-27b-off,short-trace-final,all-arms,dynamic,Omega_hat_StateLoad,62438640242,1
dynamic::qwen3.8-27b-off::all-arms::Omega_hat_StateLoad,qwen3.8-27b-off::codecontests-test-1608e::long-trace-final,codecontests-test-1608e,646dbc65fdea7bc8e3170908e4578902800b470e97d05e2454f0d26884e92df7:f55be964bd2cc68afe5b9ad8f942604e10918169e7160750406727f80984c504:clang-18.1.8-coverage-state-load-v1,qwen3.8-27b-off,long-trace-final,all-arms,dynamic,Omega_hat_StateLoad,405236280252,0
dynamic::qwen3.8-27b-off::all-arms::Omega_hat_StateLoad,qwen3.8-27b-off::codecontests-test-1608e::inside-loop-state,codecontests-test-1608e,667c28dbcfd364ae586ae9cd21bf6fd959db38f0147f2a6cb6289ec447eb9a22:f55be964bd2cc68afe5b9ad8f942604e10918169e7160750406727f80984c504:clang-18.1.8-coverage-state-load-v1,qwen3.8-27b-off,inside-loop-state,all-arms,dynamic,Omega_hat_StateLoad,175461364750,0
dynamic::qwen3.8-27b-off::all-arms::Omega_hat_StateLoad,qwen3.8-27b-off::codecontests-test-1608e::post-loop-state,codecontests-test-1608e,b3c2da25bedf53cb9761b05fae26f46e4cf88607b5e31132dd26180b52bbaf2b:f55be964bd2cc68afe5b9ad8f942604e10918169e7160750406727f80984c504:clang-18.1.8-coverage-state-load-v1,qwen3.8-27b-off,post-loop-state,all-arms,dynamic,Omega_hat_StateLoad,189044239492,0
dynamic::qwen3.8-27b-off::all-arms::Omega_hat_StateLoad,qwen3.8-27b-off::codecontests-test-1608f::short-trace-final,codecontests-test-1608f,3b1188cf9f4294e77fd38eb7d8098dfcfb19fbdd0ef6e9a3fe8d63adfeb2abbf:8ad616db4fe9bd467b7ab16879f97c77503d2b22431ce9705293bfe707f20a7f:clang-18.1.8-coverage-state-load-v1,qwen3.8-27b-off,short-trace-final,all-arms,dynamic,Omega_hat_StateLoad,151484570,0
dynamic::qwen3.8-27b-off::all-arms::Omega_hat_StateLoad,qwen3.8-27b-off::codecontests-test-1608f::long-trace-final,codecontests-test-1608f,3b1188cf9f4294e77fd38eb7d8098dfcfb19fbdd0ef6e9a3fe8d63adfeb2abbf:b3e5d9410e92ec6feb64678dbc4fc691cb4660d89a83baf0e0a219123c05b450:clang-18.1.8-coverage-state-load-v1,qwen3.8-27b-off,long-trace-final,all-arms,dynamic,Omega_hat_StateLoad,54207437289,0
dynamic::qwen3.8-27b-off::all-arms::Omega_hat_StateLoad,qwen3.8-27b-off::codecontests-test-1608f::inside-loop-state,codecontests-test-1608f,9864fd100347bbad0e115c788da3250c68253007614da622a5ee02799527370f:b3e5d9410e92ec6feb64678dbc4fc691cb4660d89a83baf0e0a219123c05b450:clang-18.1.8-coverage-state-load-v1,qwen3.8-27b-off,inside-loop-state,all-arms,dynamic,Omega_hat_StateLoad,20733502691,0
dynamic::qwen3.8-27b-off::all-arms::Omega_hat_StateLoad,qwen3.8-27b-off::codecontests-test-1608f::post-loop-state,codecontests-test-1608f,ef77878c7f3b869738b3ff6a4965c679f33909d0914e136f66f6c522b7b20c01:b3e5d9410e92ec6feb64678dbc4fc691cb4660d89a83baf0e0a219123c05b450:clang-18.1.8-coverage-state-load-v1,qwen3.8-27b-off,post-loop-state,all-arms,dynamic,Omega_hat_StateLoad,20758637829,0
dynamic::qwen3.8-27b-off::all-arms::Omega_hat_StateLoad,qwen3.8-27b-off::codecontests-test-1615g::post-loop-state,codecontests-test-1615g,0933389f16bc0f8f1a15f83914fd800b2881de1ed6b02e9104c48207b1cde312:73a6420953313f0860ecac8f963f63bd594f27eacb54f75047c6e7f224445982:clang-18.1.8-coverage-state-load-v1,qwen3.8-27b-off,post-loop-state,all-arms,dynamic,Omega_hat_StateLoad,6582454,0
dynamic::qwen3.8-27b-off::all-arms::Omega_hat_StateLoad,qwen3.8-27b-off::codecontests-test-1615g::inside-loop-state,codecontests-test-1615g,acc1b2cc8cfb5ad702c4fd69f49f49e609d604888c2fc3c44a8fa83a57d3de81:73a6420953313f0860ecac8f963f63bd594f27eacb54f75047c6e7f224445982:clang-18.1.8-coverage-state-load-v1,qwen3.8-27b-off,inside-loop-state,all-arms,dynamic,Omega_hat_StateLoad,6401288,0
dynamic::qwen3.8-27b-off::all-arms::Omega_hat_StateLoad,qwen3.8-27b-off::codecontests-test-1615g::long-trace-final,codecontests-test-1615g,ad373333e07dc4e3b058568facb985af09bac3ef8991907c430b33236999f394:73a6420953313f0860ecac8f963f63bd594f27eacb54f75047c6e7f224445982:clang-18.1.8-coverage-state-load-v1,qwen3.8-27b-off,long-trace-final,all-arms,dynamic,Omega_hat_StateLoad,2793543,0
dynamic::qwen3.8-27b-off::all-arms::Omega_hat_StateLoad,qwen3.8-27b-off::codecontests-test-1615g::short-trace-final,codecontests-test-1615g,ad373333e07dc4e3b058568facb985af09bac3ef8991907c430b33236999f394:8b8d92f6cd116121a9e352a9d6bbbeea5f82cc1c848aaea202eee9901fb39d86:clang-18.1.8-coverage-state-load-v1,qwen3.8-27b-off,short-trace-final,all-arms,dynamic,Omega_hat_StateLoad,6874,1
dynamic::qwen3.8-27b-off::all-arms::Omega_hat_StateLoad,qwen3.8-27b-off::codecontests-test-1615h::post-loop-state,codecontests-test-1615h,6bac151ec0f25226a8145178cf0e367fb811beb86ff6196070e20565c4d00642:76e3b7b1ea299988012bab23cbfde0d8790d1c57e7f0994947beee3f546bc9a5:clang-18.1.8-coverage-state-load-v1,qwen3.8-27b-off,post-loop-state,all-arms,dynamic,Omega_hat_StateLoad,205469759,0
dynamic::qwen3.8-27b-off::all-arms::Omega_hat_StateLoad,qwen3.8-27b-off::codecontests-test-1615h::long-trace-final,codecontests-test-1615h,a71a99b21177af38ad289c00ff979be40a690e727f285153ed3faee690b3a321:76e3b7b1ea299988012bab23cbfde0d8790d1c57e7f0994947beee3f546bc9a5:clang-18.1.8-coverage-state-load-v1,qwen3.8-27b-off,long-trace-final,all-arms,dynamic,Omega_hat_StateLoad,316956724,0
dynamic::qwen3.8-27b-off::all-arms::Omega_hat_StateLoad,qwen3.8-27b-off::codecontests-test-1615h::short-trace-final,codecontests-test-1615h,a71a99b21177af38ad289c00ff979be40a690e727f285153ed3faee690b3a321:7f143eea0a3c840bf12e8184b4972d492f981fbb9a266339cd86299dae1d4413:clang-18.1.8-coverage-state-load-v1,qwen3.8-27b-off,short-trace-final,all-arms,dynamic,Omega_hat_StateLoad,168597991,0
dynamic::qwen3.8-27b-off::all-arms::Omega_hat_StateLoad,qwen3.8-27b-off::codecontests-test-1615h::inside-loop-state,codecontests-test-1615h,bb1f2ab66b584a159dee436bfee61e9740c864d881dce54d93f0220164d96c1a:76e3b7b1ea299988012bab23cbfde0d8790d1c57e7f0994947beee3f546bc9a5:clang-18.1.8-coverage-state-load-v1,qwen3.8-27b-off,inside-loop-state,all-arms,dynamic,Omega_hat_StateLoad,204519776,0
dynamic::qwen3.8-27b-off::all-arms::Omega_hat_StateLoad,qwen3.8-27b-off::codecontests-test-1617e::inside-loop-state,codecontests-test-1617e,395db0129fb099ac1b5af30458379f3c64b2c8e1ba3267544689e9a721e0a1a2:f34973899b03d91dd93fd9ca7bca992fc2b381fea1800c11fc29bf25c01efe97:clang-18.1.8-coverage-state-load-v1,qwen3.8-27b-off,inside-loop-state,all-arms,dynamic,Omega_hat_StateLoad,274981556,0
dynamic::qwen3.8-27b-off::all-arms::Omega_hat_StateLoad,qwen3.8-27b-off::codecontests-test-1617e::post-loop-state,codecontests-test-1617e,a34fa455cb2724c38f9fc74f8d38161dbfbff4a0a0d9c9c94c1bfa734b45a015:f34973899b03d91dd93fd9ca7bca992fc2b381fea1800c11fc29bf25c01efe97:clang-18.1.8-coverage-state-load-v1,qwen3.8-27b-off,post-loop-state,all-arms,dynamic,Omega_hat_StateLoad,302812024,0
dynamic::qwen3.8-27b-off::all-arms::Omega_hat_StateLoad,qwen3.8-27b-off::codecontests-test-1617e::short-trace-final,codecontests-test-1617e,c416bb8d3b25fd4c76bdb6e17ff595707f9479e2af79b63f90090979b8df2512:7a8e064d952789abfdfd6043d44530bd5de0228d7963b1c4a3a194695b246bdd:clang-18.1.8-coverage-state-load-v1,qwen3.8-27b-off,short-trace-final,all-arms,dynamic,Omega_hat_StateLoad,208350789,0
dynamic::qwen3.8-27b-off::all-arms::Omega_hat_StateLoad,qwen3.8-27b-off::codecontests-test-1617e::long-trace-final,codecontests-test-1617e,c416bb8d3b25fd4c76bdb6e17ff595707f9479e2af79b63f90090979b8df2512:f34973899b03d91dd93fd9ca7bca992fc2b381fea1800c11fc29bf25c01efe97:clang-18.1.8-coverage-state-load-v1,qwen3.8-27b-off,long-trace-final,all-arms,dynamic,Omega_hat_StateLoad,4912863519,0
dynamic::qwen3.8-27b-off::all-arms::Omega_hat_StateLoad,qwen3.8-27b-off::codecontests-test-1620g::post-loop-state,codecontests-test-1620g,90b42a3a02b64368871b040777d72a1fae560ae9bae9612e2ab271e58b363cec:d17fc49cd397378f23ba09a1d25ed63dd16e1ca27e2fef716941dab7e3d260e9:clang-18.1.8-coverage-state-load-v1,qwen3.8-27b-off,post-loop-state,all-arms,dynamic,Omega_hat_StateLoad,10058693310,0
dynamic::qwen3.8-27b-off::all-arms::Omega_hat_StateLoad,qwen3.8-27b-off::codecontests-test-1620g::short-trace-final,codecontests-test-1620g,dc5b0364fffb69d059ac406180373038b2947bf8b018c0eb5ad6bdab89607c28:47fdb134316707b54ae926b4ba0b8e2ffa13b01f961ee3bdbd4367e9493f9d43:clang-18.1.8-coverage-state-load-v1,qwen3.8-27b-off,short-trace-final,all-arms,dynamic,Omega_hat_StateLoad,2156032471,0
dynamic::qwen3.8-27b-off::all-arms::Omega_hat_StateLoad,qwen3.8-27b-off::codecontests-test-1620g::long-trace-final,codecontests-test-1620g,dc5b0364fffb69d059ac406180373038b2947bf8b018c0eb5ad6bdab89607c28:d17fc49cd397378f23ba09a1d25ed63dd16e1ca27e2fef716941dab7e3d260e9:clang-18.1.8-coverage-state-load-v1,qwen3.8-27b-off,long-trace-final,all-arms,dynamic,Omega_hat_StateLoad,48229717663,0
dynamic::qwen3.8-27b-off::all-arms::Omega_hat_StateLoad,qwen3.8-27b-off::codecontests-test-1620g::inside-loop-state,codecontests-test-1620g,f68b5d2afda3ef6b63ec68b53e390dc857f47e5bdf2f3f2e1081414a31775f0d:d17fc49cd397378f23ba09a1d25ed63dd16e1ca27e2fef716941dab7e3d260e9:clang-18.1.8-coverage-state-load-v1,qwen3.8-27b-off,inside-loop-state,all-arms,dynamic,Omega_hat_StateLoad,10033525628,0
dynamic::qwen3.8-27b-off::all-arms::Omega_hat_StateLoad,qwen3.8-27b-off::codecontests-validation-1552g::short-trace-final,codecontests-validation-1552g,89b65341f1c6fe3a0a9df0a69ade235027daa7f39d3002954f6f632919791b3f:6575c487ddb8c661ec94ac0aa126db71015d196d35a568acfd62ad87a004ec72:clang-18.1.8-coverage-state-load-v1,qwen3.8-27b-off,short-trace-final,all-arms,dynamic,Omega_hat_StateLoad,95040,0
dynamic::qwen3.8-27b-off::all-arms::Omega_hat_StateLoad,qwen3.8-27b-off::codecontests-validation-1552g::long-trace-final,codecontests-validation-1552g,89b65341f1c6fe3a0a9df0a69ade235027daa7f39d3002954f6f632919791b3f:a23a879e789c630dbbae0133f0eb5577c8e5e3a711d2d32ec6d6c244f930f0a1:clang-18.1.8-coverage-state-load-v1,qwen3.8-27b-off,long-trace-final,all-arms,dynamic,Omega_hat_StateLoad,351855,0
dynamic::qwen3.8-27b-off::all-arms::Omega_hat_StateLoad,qwen3.8-27b-off::codecontests-validation-1552g::post-loop-state,codecontests-validation-1552g,b5f0a9481460f80246bf1a24dda90224f8dc49a793565d9ab27a357e86c4e053:a23a879e789c630dbbae0133f0eb5577c8e5e3a711d2d32ec6d6c244f930f0a1:clang-18.1.8-coverage-state-load-v1,qwen3.8-27b-off,post-loop-state,all-arms,dynamic,Omega_hat_StateLoad,56528,0
dynamic::qwen3.8-27b-off::all-arms::Omega_hat_StateLoad,qwen3.8-27b-off::codecontests-validation-1552g::inside-loop-state,codecontests-validation-1552g,feb96da038972104d010503bb0068d9694d4cebae2d34993c61d2dcd7002c600:a23a879e789c630dbbae0133f0eb5577c8e5e3a711d2d32ec6d6c244f930f0a1:clang-18.1.8-coverage-state-load-v1,qwen3.8-27b-off,inside-loop-state,all-arms,dynamic,Omega_hat_StateLoad,54746,0
dynamic::qwen3.8-27b-off::all-arms::Omega_hat_StateLoad,qwen3.8-27b-off::codecontests-validation-1553h::inside-loop-state,codecontests-validation-1553h,261f2a5460690985d0feaadb3435366c997ed89f15809dc921c0a13726ae899d:37a901c4f91c375e5b2ce915089751f68aa2f80e3a9590fee8edc1247ea80612:clang-18.1.8-coverage-state-load-v1,qwen3.8-27b-off,inside-loop-state,all-arms,dynamic,Omega_hat_StateLoad,270178,0
dynamic::qwen3.8-27b-off::all-arms::Omega_hat_StateLoad,qwen3.8-27b-off::codecontests-validation-1553h::long-trace-final,codecontests-validation-1553h,6e44abb67b8129df7e6c9c2bb7f0603020a46107f0b5aaa85480dcf00b6d8ee5:37a901c4f91c375e5b2ce915089751f68aa2f80e3a9590fee8edc1247ea80612:clang-18.1.8-coverage-state-load-v1,qwen3.8-27b-off,long-trace-final,all-arms,dynamic,Omega_hat_StateLoad,288995,0
dynamic::qwen3.8-27b-off::all-arms::Omega_hat_StateLoad,qwen3.8-27b-off::codecontests-validation-1553h::short-trace-final,codecontests-validation-1553h,6e44abb67b8129df7e6c9c2bb7f0603020a46107f0b5aaa85480dcf00b6d8ee5:4f701d041f6b57b35a63af3be10f040298aa86385ad4da04b1daa6df2663a712:clang-18.1.8-coverage-state-load-v1,qwen3.8-27b-off,short-trace-final,all-arms,dynamic,Omega_hat_StateLoad,7814,0
dynamic::qwen3.8-27b-off::all-arms::Omega_hat_StateLoad,qwen3.8-27b-off::codecontests-validation-1553h::post-loop-state,codecontests-validation-1553h,a0fc871a1b48fb4e584cbafab20aa03968f5864a8503fcc17f35616d670b41fb:37a901c4f91c375e5b2ce915089751f68aa2f80e3a9590fee8edc1247ea80612:clang-18.1.8-coverage-state-load-v1,qwen3.8-27b-off,post-loop-state,all-arms,dynamic,Omega_hat_StateLoad,275715,0
dynamic::qwen3.8-27b-off::all-arms::Omega_hat_StateLoad,qwen3.8-27b-off::codecontests-validation-1556f::inside-loop-state,codecontests-validation-1556f,0e7c6745273acd61e256dc45eed260d91a4acbd2606e470d7a226f83219ed9a3:360f25d334dd3eaa6f292d435c7982dff837d18936d1fefe83699b0b1d6fbc85:clang-18.1.8-coverage-state-load-v1,qwen3.8-27b-off,inside-loop-state,all-arms,dynamic,Omega_hat_StateLoad,329414216,0
dynamic::qwen3.8-27b-off::all-arms::Omega_hat_StateLoad,qwen3.8-27b-off::codecontests-validation-1556f::post-loop-state,codecontests-validation-1556f,355b4d9cf793a850c31de90bbad276f4be650b3ce01e56f464054f85d4c2ec45:360f25d334dd3eaa6f292d435c7982dff837d18936d1fefe83699b0b1d6fbc85:clang-18.1.8-coverage-state-load-v1,qwen3.8-27b-off,post-loop-state,all-arms,dynamic,Omega_hat_StateLoad,28447327936,0
dynamic::qwen3.8-27b-off::all-arms::Omega_hat_StateLoad,qwen3.8-27b-off::codecontests-validation-1556f::long-trace-final,codecontests-validation-1556f,67dbad2177030b263347ba9ff0c3aa5d2e1eb57d456d177fad25eee3f31a9a76:360f25d334dd3eaa6f292d435c7982dff837d18936d1fefe83699b0b1d6fbc85:clang-18.1.8-coverage-state-load-v1,qwen3.8-27b-off,long-trace-final,all-arms,dynamic,Omega_hat_StateLoad,29408855404,0
dynamic::qwen3.8-27b-off::all-arms::Omega_hat_StateLoad,qwen3.8-27b-off::codecontests-validation-1556f::short-trace-final,codecontests-validation-1556f,67dbad2177030b263347ba9ff0c3aa5d2e1eb57d456d177fad25eee3f31a9a76:fdcb27265764b2a73c62380d364aa177b18028a2d6fffe621bac5a23affde265:clang-18.1.8-coverage-state-load-v1,qwen3.8-27b-off,short-trace-final,all-arms,dynamic,Omega_hat_StateLoad,14256,1
dynamic::qwen3.8-27b-off::all-arms::Omega_hat_StateLoad,qwen3.8-27b-off::codecontests-validation-1567f::inside-loop-state,codecontests-validation-1567f,05cf93795d2245abb6f842b4f278fe70746b159f5aba398e285981a3d3ab0415:5ca513ae33f231741e8f5bce074557104f0ac96debe4329731eb41fe859f6fa9:clang-18.1.8-coverage-state-load-v1,qwen3.8-27b-off,inside-loop-state,all-arms,dynamic,Omega_hat_StateLoad,978954476445,0
dynamic::qwen3.8-27b-off::all-arms::Omega_hat_StateLoad,qwen3.8-27b-off::codecontests-validation-1567f::long-trace-final,codecontests-validation-1567f,1d2e0467d959ffad5c713fa10c2142c44b5f542e00ce390504aea6f73e976053:5ca513ae33f231741e8f5bce074557104f0ac96debe4329731eb41fe859f6fa9:clang-18.1.8-coverage-state-load-v1,qwen3.8-27b-off,long-trace-final,all-arms,dynamic,Omega_hat_StateLoad,981523833176,0
dynamic::qwen3.8-27b-off::all-arms::Omega_hat_StateLoad,qwen3.8-27b-off::codecontests-validation-1567f::short-trace-final,codecontests-validation-1567f,1d2e0467d959ffad5c713fa10c2142c44b5f542e00ce390504aea6f73e976053:8ac1f9fa9e2847575b2ced3fd892b2845557a6c485f5fa9413a699b8efbc3ad3:clang-18.1.8-coverage-state-load-v1,qwen3.8-27b-off,short-trace-final,all-arms,dynamic,Omega_hat_StateLoad,977810827294,0
dynamic::qwen3.8-27b-off::all-arms::Omega_hat_StateLoad,qwen3.8-27b-off::codecontests-validation-1567f::post-loop-state,codecontests-validation-1567f,91b04a25af0d8354eca4b22a5c307be7e0d71719c1e56c1036c67f37cec6a7d0:5ca513ae33f231741e8f5bce074557104f0ac96debe4329731eb41fe859f6fa9:clang-18.1.8-coverage-state-load-v1,qwen3.8-27b-off,post-loop-state,all-arms,dynamic,Omega_hat_StateLoad,978984848378,0
dynamic::qwen3.8-27b-off::all-arms::Omega_hat_StateLoad,qwen3.8-27b-off::codecontests-validation-1569e::inside-loop-state,codecontests-validation-1569e,8c7846a3a40110fa05257b67da8e6f63f945c711305a1df88b97e8d00396db64:b5fabe923ecc6b7534566fbeb72577fd896c2d74b9374afe3bed49a16217cf73:clang-18.1.8-coverage-state-load-v1,qwen3.8-27b-off,inside-loop-state,all-arms,dynamic,Omega_hat_StateLoad,28664383,0
dynamic::qwen3.8-27b-off::all-arms::Omega_hat_StateLoad,qwen3.8-27b-off::codecontests-validation-1569e::post-loop-state,codecontests-validation-1569e,b6b18517a3e59e80fb145dd8b32144c363e2872690c8f1c80a42a71bbc7adff3:b5fabe923ecc6b7534566fbeb72577fd896c2d74b9374afe3bed49a16217cf73:clang-18.1.8-coverage-state-load-v1,qwen3.8-27b-off,post-loop-state,all-arms,dynamic,Omega_hat_StateLoad,314421572899,0
dynamic::qwen3.8-27b-off::all-arms::Omega_hat_StateLoad,qwen3.8-27b-off::codecontests-validation-1569e::short-trace-final,codecontests-validation-1569e,d7b30d4383431a38ca1bd0ea4847aec892b939921afb04a5e0975d8dfe5a98c9:479def58965386a05050611157259ef82bfeb49b520e8bff8f6ffde3b23af8a8:clang-18.1.8-coverage-state-load-v1,qwen3.8-27b-off,short-trace-final,all-arms,dynamic,Omega_hat_StateLoad,2080621,0
dynamic::qwen3.8-27b-off::all-arms::Omega_hat_StateLoad,qwen3.8-27b-off::codecontests-validation-1569e::long-trace-final,codecontests-validation-1569e,d7b30d4383431a38ca1bd0ea4847aec892b939921afb04a5e0975d8dfe5a98c9:b5fabe923ecc6b7534566fbeb72577fd896c2d74b9374afe3bed49a16217cf73:clang-18.1.8-coverage-state-load-v1,qwen3.8-27b-off,long-trace-final,all-arms,dynamic,Omega_hat_StateLoad,1344652839825,1
dynamic::qwen3.8-27b-off::all-arms::Omega_hat_StateLoad,qwen3.8-27b-off::codecontests-validation-1569f::long-trace-final,codecontests-validation-1569f,2301e337b5fb3f9549acef3c07f9bd5019e6234c7a2311a7c4f57763e18e5b83:0b0d290fe1c8a4b6c275d3cd68f10e26117cce6a7a535e05cb67a9483c2ca982:clang-18.1.8-coverage-state-load-v1,qwen3.8-27b-off,long-trace-final,all-arms,dynamic,Omega_hat_StateLoad,31005550097240,1
dynamic::qwen3.8-27b-off::all-arms::Omega_hat_StateLoad,qwen3.8-27b-off::codecontests-validation-1569f::short-trace-final,codecontests-validation-1569f,2301e337b5fb3f9549acef3c07f9bd5019e6234c7a2311a7c4f57763e18e5b83:26b7657bcd3b796488b0a9677b14cced50fbbf3da549885bc44c2917cf610cff:clang-18.1.8-coverage-state-load-v1,qwen3.8-27b-off,short-trace-final,all-arms,dynamic,Omega_hat_StateLoad,30961555303243,0
dynamic::qwen3.8-27b-off::all-arms::Omega_hat_StateLoad,qwen3.8-27b-off::codecontests-validation-1569f::post-loop-state,codecontests-validation-1569f,9b44483ac309757aa4c354b7152a87dcbcef7f14befc99fd5d5420fba2550477:0b0d290fe1c8a4b6c275d3cd68f10e26117cce6a7a535e05cb67a9483c2ca982:clang-18.1.8-coverage-state-load-v1,qwen3.8-27b-off,post-loop-state,all-arms,dynamic,Omega_hat_StateLoad,30965722726988,0
dynamic::qwen3.8-27b-off::all-arms::Omega_hat_StateLoad,qwen3.8-27b-off::codecontests-validation-1569f::inside-loop-state,codecontests-validation-1569f,bd6341080b17f11d66607db0012ce4f3cf4107ce205c35c39ff21ea2a4d40857:0b0d290fe1c8a4b6c275d3cd68f10e26117cce6a7a535e05cb67a9483c2ca982:clang-18.1.8-coverage-state-load-v1,qwen3.8-27b-off,inside-loop-state,all-arms,dynamic,Omega_hat_StateLoad,30965699084189,0
dynamic::qwen3.8-27b-off::all-arms::Omega_hat_StateLoad,qwen3.8-27b-off::codecontests-validation-1572d::post-loop-state,codecontests-validation-1572d,10b3ea8d407a851cbb94d856638ba9ee3b5658eb0b43ab595c686887ee58e23a:2215213a1789f807060a057e634ddb262a27f09b8292f964f58f42acbe1d0616:clang-18.1.8-coverage-state-load-v1,qwen3.8-27b-off,post-loop-state,all-arms,dynamic,Omega_hat_StateLoad,10976962293,0
dynamic::qwen3.8-27b-off::all-arms::Omega_hat_StateLoad,qwen3.8-27b-off::codecontests-validation-1572d::long-trace-final,codecontests-validation-1572d,4ef728a87836baeb0af64467718c76401006223c75d5b80c74b59eb56b109b72:2215213a1789f807060a057e634ddb262a27f09b8292f964f58f42acbe1d0616:clang-18.1.8-coverage-state-load-v1,qwen3.8-27b-off,long-trace-final,all-arms,dynamic,Omega_hat_StateLoad,9933542529,0
dynamic::qwen3.8-27b-off::all-arms::Omega_hat_StateLoad,qwen3.8-27b-off::codecontests-validation-1572d::short-trace-final,codecontests-validation-1572d,4ef728a87836baeb0af64467718c76401006223c75d5b80c74b59eb56b109b72:eb418658a51efc355a88b1c44df821bcabf17ae92e052c3f3f3790755404491d:clang-18.1.8-coverage-state-load-v1,qwen3.8-27b-off,short-trace-final,all-arms,dynamic,Omega_hat_StateLoad,4040733206,0
dynamic::qwen3.8-27b-off::all-arms::Omega_hat_StateLoad,qwen3.8-27b-off::codecontests-validation-1572d::inside-loop-state,codecontests-validation-1572d,e4be3de81a2d2af89166e441b8d5adf8e73d19e2c217707d996b1af00c028ff1:2215213a1789f807060a057e634ddb262a27f09b8292f964f58f42acbe1d0616:clang-18.1.8-coverage-state-load-v1,qwen3.8-27b-off,inside-loop-state,all-arms,dynamic,Omega_hat_StateLoad,10817965812,0
dynamic::qwen3.8-27b-off::all-arms::Omega_hat_StateLoad,qwen3.8-27b-off::codecontests-validation-1572e::post-loop-state,codecontests-validation-1572e,437fad31af4f51960c3b7aff0ceecd6ad236aeccd08417e320d5ef307f021027:ce0eb773178bbc4bdc901ed4555433f201b9cbbd416231d7a0b82b41c1e59270:clang-18.1.8-coverage-state-load-v1,qwen3.8-27b-off,post-loop-state,all-arms,dynamic,Omega_hat_StateLoad,284284662,0
dynamic::qwen3.8-27b-off::all-arms::Omega_hat_StateLoad,qwen3.8-27b-off::codecontests-validation-1572e::inside-loop-state,codecontests-validation-1572e,a29023c7f4c26bae0b4eef37581882d729a33402e3f2d96d9c4e4e82f216cc0f:ce0eb773178bbc4bdc901ed4555433f201b9cbbd416231d7a0b82b41c1e59270:clang-18.1.8-coverage-state-load-v1,qwen3.8-27b-off,inside-loop-state,all-arms,dynamic,Omega_hat_StateLoad,268420712,0
dynamic::qwen3.8-27b-off::all-arms::Omega_hat_StateLoad,qwen3.8-27b-off::codecontests-validation-1572e::short-trace-final,codecontests-validation-1572e,c6871efc570f44806a970f43053b081d731f519c2b4a95b2aa54ee53df958fcf:c8391dd8e574d61edf3a7c188f1bce010f51566bb2347b029afb3faa08679767:clang-18.1.8-coverage-state-load-v1,qwen3.8-27b-off,short-trace-final,all-arms,dynamic,Omega_hat_StateLoad,2943713730,0
dynamic::qwen3.8-27b-off::all-arms::Omega_hat_StateLoad,qwen3.8-27b-off::codecontests-validation-1572e::long-trace-final,codecontests-validation-1572e,c6871efc570f44806a970f43053b081d731f519c2b4a95b2aa54ee53df958fcf:ce0eb773178bbc4bdc901ed4555433f201b9cbbd416231d7a0b82b41c1e59270:clang-18.1.8-coverage-state-load-v1,qwen3.8-27b-off,long-trace-final,all-arms,dynamic,Omega_hat_StateLoad,17161896034,0
dynamic::qwen3.8-27b-off::all-arms::Omega_hat_StateLoad,qwen3.8-27b-off::codecontests-validation-1574f::post-loop-state,codecontests-validation-1574f,121cb978200a7d65abf8d20a567bf9a991547f94cb17d49e90c39970b27fb179:03d3d7a8c8364341064965d240bc633999a3624096573e7dd9ff9b2e4332d221:clang-18.1.8-coverage-state-load-v1,qwen3.8-27b-off,post-loop-state,all-arms,dynamic,Omega_hat_StateLoad,51166072353683,0
dynamic::qwen3.8-27b-off::all-arms::Omega_hat_StateLoad,qwen3.8-27b-off::codecontests-validation-1574f::inside-loop-state,codecontests-validation-1574f,54d2aa075790d96b16094d1110b1ff4cc42e649f39b55cf10a14e19f5a25bdd0:03d3d7a8c8364341064965d240bc633999a3624096573e7dd9ff9b2e4332d221:clang-18.1.8-coverage-state-load-v1,qwen3.8-27b-off,inside-loop-state,all-arms,dynamic,Omega_hat_StateLoad,35511036245914,0
dynamic::qwen3.8-27b-off::all-arms::Omega_hat_StateLoad,qwen3.8-27b-off::codecontests-validation-1574f::long-trace-final,codecontests-validation-1574f,7daa73692acaf41812edcde3c45ecdfa6e0c91a99ce6e3557836323cf0386084:03d3d7a8c8364341064965d240bc633999a3624096573e7dd9ff9b2e4332d221:clang-18.1.8-coverage-state-load-v1,qwen3.8-27b-off,long-trace-final,all-arms,dynamic,Omega_hat_StateLoad,29414118644551660,0
dynamic::qwen3.8-27b-off::all-arms::Omega_hat_StateLoad,qwen3.8-27b-off::codecontests-validation-1574f::short-trace-final,codecontests-validation-1574f,7daa73692acaf41812edcde3c45ecdfa6e0c91a99ce6e3557836323cf0386084:a00a4e49bac1dc0515ea109cbef81f6fec9f42207b2ac47d95d4f9fb95859331:clang-18.1.8-coverage-state-load-v1,qwen3.8-27b-off,short-trace-final,all-arms,dynamic,Omega_hat_StateLoad,228330,0
dynamic::qwen3.8-27b-off::all-arms::Omega_hat_StateSize,qwen3.8-27b-off::codecontests-test-1580b::post-loop-state,codecontests-test-1580b,651daa060f41dcbf742f65839b776fde4796201d3b99d00773278bba61645417:01bf10bc19e4055efc275e06e8439f42cb308446a927457954f085b1c36f701a:clang-18.1.8-coverage-state-load-v1,qwen3.8-27b-off,post-loop-state,all-arms,dynamic,Omega_hat_StateSize,1082352,0
dynamic::qwen3.8-27b-off::all-arms::Omega_hat_StateSize,qwen3.8-27b-off::codecontests-test-1580b::inside-loop-state,codecontests-test-1580b,de821758d705b3efd9657c5b7021e5d724533788eed2c97f5213f6ee05a90127:01bf10bc19e4055efc275e06e8439f42cb308446a927457954f085b1c36f701a:clang-18.1.8-coverage-state-load-v1,qwen3.8-27b-off,inside-loop-state,all-arms,dynamic,Omega_hat_StateSize,1082353,0
dynamic::qwen3.8-27b-off::all-arms::Omega_hat_StateSize,qwen3.8-27b-off::codecontests-test-1580b::long-trace-final,codecontests-test-1580b,e49cc24f56c43dda6796ffbf38185eb1f4f689c19e9ec2b7010717fbd33f09cd:01bf10bc19e4055efc275e06e8439f42cb308446a927457954f085b1c36f701a:clang-18.1.8-coverage-state-load-v1,qwen3.8-27b-off,long-trace-final,all-arms,dynamic,Omega_hat_StateSize,1082455,0
dynamic::qwen3.8-27b-off::all-arms::Omega_hat_StateSize,qwen3.8-27b-off::codecontests-test-1580b::short-trace-final,codecontests-test-1580b,e49cc24f56c43dda6796ffbf38185eb1f4f689c19e9ec2b7010717fbd33f09cd:4badc34556ceafd1c2c4699ce5b2a3bc32594a4b7e29c24a4068f61563022cdc:clang-18.1.8-coverage-state-load-v1,qwen3.8-27b-off,short-trace-final,all-arms,dynamic,Omega_hat_StateSize,1082351,0
dynamic::qwen3.8-27b-off::all-arms::Omega_hat_StateSize,qwen3.8-27b-off::codecontests-test-1580f::short-trace-final,codecontests-test-1580f,14ddc455906166c8cc9ba66260dd1ee85ca6354b865eda03f0f3871dae33ae17:66cad223eb4b52b45ee49a6f14a923756f9c308fb0a2f62f02808d1d2491969e:clang-18.1.8-coverage-state-load-v1,qwen3.8-27b-off,short-trace-final,all-arms,dynamic,Omega_hat_StateSize,840185,0
dynamic::qwen3.8-27b-off::all-arms::Omega_hat_StateSize,qwen3.8-27b-off::codecontests-test-1580f::long-trace-final,codecontests-test-1580f,14ddc455906166c8cc9ba66260dd1ee85ca6354b865eda03f0f3871dae33ae17:d72b57384d564b166e605cb1fe15b30202227d8df8021b4e67f0275e92852971:clang-18.1.8-coverage-state-load-v1,qwen3.8-27b-off,long-trace-final,all-arms,dynamic,Omega_hat_StateSize,840619,0
dynamic::qwen3.8-27b-off::all-arms::Omega_hat_StateSize,qwen3.8-27b-off::codecontests-test-1580f::post-loop-state,codecontests-test-1580f,8526c634fe8de6d447557c0456ea3013ff50b851688579983204c869ac4dcb57:d72b57384d564b166e605cb1fe15b30202227d8df8021b4e67f0275e92852971:clang-18.1.8-coverage-state-load-v1,qwen3.8-27b-off,post-loop-state,all-arms,dynamic,Omega_hat_StateSize,840524,0
dynamic::qwen3.8-27b-off::all-arms::Omega_hat_StateSize,qwen3.8-27b-off::codecontests-test-1580f::inside-loop-state,codecontests-test-1580f,bfcc98152560bffe5dfc4d96ac7ad6087d8a47a1cf596714f45a7366a323508a:d72b57384d564b166e605cb1fe15b30202227d8df8021b4e67f0275e92852971:clang-18.1.8-coverage-state-load-v1,qwen3.8-27b-off,inside-loop-state,all-arms,dynamic,Omega_hat_StateSize,840524,0
dynamic::qwen3.8-27b-off::all-arms::Omega_hat_StateSize,qwen3.8-27b-off::codecontests-test-1586f::long-trace-final,codecontests-test-1586f,50fa6366595a53ba7e82bd4bc65563c718c29a2a4b9c1b4e6f80fab5bdeabd90:e7a0a218331b68b73ad7ba079fd54be2a7cd8090a6e96eba3f4ee3001dc1d2dc:clang-18.1.8-coverage-state-load-v1,qwen3.8-27b-off,long-trace-final,all-arms,dynamic,Omega_hat_StateSize,1011696,0
dynamic::qwen3.8-27b-off::all-arms::Omega_hat_StateSize,qwen3.8-27b-off::codecontests-test-1586f::short-trace-final,codecontests-test-1586f,50fa6366595a53ba7e82bd4bc65563c718c29a2a4b9c1b4e6f80fab5bdeabd90:ece3d232c1ca9ef8a80b6fdb1585b8f5cf653b9dd023b0521c8da64db859ffac:clang-18.1.8-coverage-state-load-v1,qwen3.8-27b-off,short-trace-final,all-arms,dynamic,Omega_hat_StateSize,1011054,0
dynamic::qwen3.8-27b-off::all-arms::Omega_hat_StateSize,qwen3.8-27b-off::codecontests-test-1586f::inside-loop-state,codecontests-test-1586f,c2fff1ad8c28452ca3e75e2efc59934a22d91572d3cde13bc7c743de6d34b147:e7a0a218331b68b73ad7ba079fd54be2a7cd8090a6e96eba3f4ee3001dc1d2dc:clang-18.1.8-coverage-state-load-v1,qwen3.8-27b-off,inside-loop-state,all-arms,dynamic,Omega_hat_StateSize,1011696,0
dynamic::qwen3.8-27b-off::all-arms::Omega_hat_StateSize,qwen3.8-27b-off::codecontests-test-1586f::post-loop-state,codecontests-test-1586f,cf6f023469c0bb5ffbb00877e5468516893961999aa07f0ecb8ade5ed40b2096:e7a0a218331b68b73ad7ba079fd54be2a7cd8090a6e96eba3f4ee3001dc1d2dc:clang-18.1.8-coverage-state-load-v1,qwen3.8-27b-off,post-loop-state,all-arms,dynamic,Omega_hat_StateSize,1011696,0
dynamic::qwen3.8-27b-off::all-arms::Omega_hat_StateSize,qwen3.8-27b-off::codecontests-test-1598f::short-trace-final,codecontests-test-1598f,c86397161467c48a05a8a1c3b9d9cdc968122973e7759a52edbfee55607a0c48:0c302e793e9db86915c6163fbabb9d0a9976859eb54448cb12f96c3a4ff52328:clang-18.1.8-coverage-state-load-v1,qwen3.8-27b-off,short-trace-final,all-arms,dynamic,Omega_hat_StateSize,20,1
dynamic::qwen3.8-27b-off::all-arms::Omega_hat_StateSize,qwen3.8-27b-off::codecontests-test-1598f::long-trace-final,codecontests-test-1598f,c86397161467c48a05a8a1c3b9d9cdc968122973e7759a52edbfee55607a0c48:7035767df0d876ec6a211af258eda3b340f5ba719f1d3c8f30d890596458ed17:clang-18.1.8-coverage-state-load-v1,qwen3.8-27b-off,long-trace-final,all-arms,dynamic,Omega_hat_StateSize,1483,1
dynamic::qwen3.8-27b-off::all-arms::Omega_hat_StateSize,qwen3.8-27b-off::codecontests-test-1598f::post-loop-state,codecontests-test-1598f,cb278e842ab865add5e5b08afeae6d96c07cdcbf64ca0a38de643e3879f68585:7035767df0d876ec6a211af258eda3b340f5ba719f1d3c8f30d890596458ed17:clang-18.1.8-coverage-state-load-v1,qwen3.8-27b-off,post-loop-state,all-arms,dynamic,Omega_hat_StateSize,1199,0
dynamic::qwen3.8-27b-off::all-arms::Omega_hat_StateSize,qwen3.8-27b-off::codecontests-test-1598f::inside-loop-state,codecontests-test-1598f,f41875fa3f7692eefec1a62e67928717fb5e40acf042c603e3120e581750a59b:7035767df0d876ec6a211af258eda3b340f5ba719f1d3c8f30d890596458ed17:clang-18.1.8-coverage-state-load-v1,qwen3.8-27b-off,inside-loop-state,all-arms,dynamic,Omega_hat_StateSize,1199,0
dynamic::qwen3.8-27b-off::all-arms::Omega_hat_StateSize,qwen3.8-27b-off::codecontests-test-1599d::inside-loop-state,codecontests-test-1599d,0a2dad56c9e815f7f708d26c2a62b89ce07f5ea76c71a50f36d86924cf05b943:e4a285c493f93a570627f5a05671eae6a4363f4464831e0f98d5ba3690d0ee67:clang-18.1.8-coverage-state-load-v1,qwen3.8-27b-off,inside-loop-state,all-arms,dynamic,Omega_hat_StateSize,4002178,0
dynamic::qwen3.8-27b-off::all-arms::Omega_hat_StateSize,qwen3.8-27b-off::codecontests-test-1599d::short-trace-final,codecontests-test-1599d,933b32aa65d3b25d1afa06e801f5b72dff619eaf7fc4ac6a4a0270e85d49214c:665093871dbe3de8e75d8a816a8378ca11e9e560947ddf4d94207a1e2173820b:clang-18.1.8-coverage-state-load-v1,qwen3.8-27b-off,short-trace-final,all-arms,dynamic,Omega_hat_StateSize,4002117,0
dynamic::qwen3.8-27b-off::all-arms::Omega_hat_StateSize,qwen3.8-27b-off::codecontests-test-1599d::long-trace-final,codecontests-test-1599d,933b32aa65d3b25d1afa06e801f5b72dff619eaf7fc4ac6a4a0270e85d49214c:e4a285c493f93a570627f5a05671eae6a4363f4464831e0f98d5ba3690d0ee67:clang-18.1.8-coverage-state-load-v1,qwen3.8-27b-off,long-trace-final,all-arms,dynamic,Omega_hat_StateSize,4002178,0
dynamic::qwen3.8-27b-off::all-arms::Omega_hat_StateSize,qwen3.8-27b-off::codecontests-test-1599d::post-loop-state,codecontests-test-1599d,aa9020619d95e0c11306c231f42dc16fbedc1b8833557cfba9a3855ceab5d625:e4a285c493f93a570627f5a05671eae6a4363f4464831e0f98d5ba3690d0ee67:clang-18.1.8-coverage-state-load-v1,qwen3.8-27b-off,post-loop-state,all-arms,dynamic,Omega_hat_StateSize,4002178,0
dynamic::qwen3.8-27b-off::all-arms::Omega_hat_StateSize,qwen3.8-27b-off::codecontests-test-1599j::post-loop-state,codecontests-test-1599j,3435dafe215df6aaa0d67c6cfc947efc0a0e44650fe50967a6ba0b248d4b7fe6:cf6d365ac492de069f119d50091851656ea5679fa08c558d3f071a383b4e0df0:clang-18.1.8-coverage-state-load-v1,qwen3.8-27b-off,post-loop-state,all-arms,dynamic,Omega_hat_StateSize,522,0
dynamic::qwen3.8-27b-off::all-arms::Omega_hat_StateSize,qwen3.8-27b-off::codecontests-test-1599j::short-trace-final,codecontests-test-1599j,ab4e36e90fc02ef9ec4e2ca7dec9cf4caee8e6aaeed78b0ea3ac83c28ac8147c:15a15c047478f3e0e3cab6ed3f632a29e89952fba136b5a78394d1c0ad79c6e5:clang-18.1.8-coverage-state-load-v1,qwen3.8-27b-off,short-trace-final,all-arms,dynamic,Omega_hat_StateSize,70,0
dynamic::qwen3.8-27b-off::all-arms::Omega_hat_StateSize,qwen3.8-27b-off::codecontests-test-1599j::long-trace-final,codecontests-test-1599j,ab4e36e90fc02ef9ec4e2ca7dec9cf4caee8e6aaeed78b0ea3ac83c28ac8147c:cf6d365ac492de069f119d50091851656ea5679fa08c558d3f071a383b4e0df0:clang-18.1.8-coverage-state-load-v1,qwen3.8-27b-off,long-trace-final,all-arms,dynamic,Omega_hat_StateSize,930,0
dynamic::qwen3.8-27b-off::all-arms::Omega_hat_StateSize,qwen3.8-27b-off::codecontests-test-1599j::inside-loop-state,codecontests-test-1599j,b327432c0b51f79599142f457651ed07c753892f7bc8fc32eae261455a14a8df:cf6d365ac492de069f119d50091851656ea5679fa08c558d3f071a383b4e0df0:clang-18.1.8-coverage-state-load-v1,qwen3.8-27b-off,inside-loop-state,all-arms,dynamic,Omega_hat_StateSize,479,0
dynamic::qwen3.8-27b-off::all-arms::Omega_hat_StateSize,qwen3.8-27b-off::codecontests-test-1603e::long-trace-final,codecontests-test-1603e,d7fe25a19d626e555247a54b1650138c821111d60e20cca5c73ec3112ca1e525:16115f14b1d3589d0841b36fa922b477b58347dad5e3d021df0ae33ab64fa7a6:clang-18.1.8-coverage-state-load-v1,qwen3.8-27b-off,long-trace-final,all-arms,dynamic,Omega_hat_StateSize,1478716,0
dynamic::qwen3.8-27b-off::all-arms::Omega_hat_StateSize,qwen3.8-27b-off::codecontests-test-1603e::short-trace-final,codecontests-test-1603e,d7fe25a19d626e555247a54b1650138c821111d60e20cca5c73ec3112ca1e525:56128c78d54bd858b1f0a7710cc6ed6c0ee23efbe9034d42dc8ce6339a26f6bf:clang-18.1.8-coverage-state-load-v1,qwen3.8-27b-off,short-trace-final,all-arms,dynamic,Omega_hat_StateSize,1478716,0
dynamic::qwen3.8-27b-off::all-arms::Omega_hat_StateSize,qwen3.8-27b-off::codecontests-test-1603e::inside-loop-state,codecontests-test-1603e,f3186b205da6d6dcc9ea29d1c2d2e8b3e694f96a5c55cf87108c065fb309d17d:16115f14b1d3589d0841b36fa922b477b58347dad5e3d021df0ae33ab64fa7a6:clang-18.1.8-coverage-state-load-v1,qwen3.8-27b-off,inside-loop-state,all-arms,dynamic,Omega_hat_StateSize,1478716,0
dynamic::qwen3.8-27b-off::all-arms::Omega_hat_StateSize,qwen3.8-27b-off::codecontests-test-1603e::post-loop-state,codecontests-test-1603e,f412e755c350f9ce1c88cfff52e57c62ae92474f822504d6558ee65de9e4ed4d:16115f14b1d3589d0841b36fa922b477b58347dad5e3d021df0ae33ab64fa7a6:clang-18.1.8-coverage-state-load-v1,qwen3.8-27b-off,post-loop-state,all-arms,dynamic,Omega_hat_StateSize,1478716,0
dynamic::qwen3.8-27b-off::all-arms::Omega_hat_StateSize,qwen3.8-27b-off::codecontests-test-1608e::short-trace-final,codecontests-test-1608e,646dbc65fdea7bc8e3170908e4578902800b470e97d05e2454f0d26884e92df7:a2f5b5c4b5f17740e75fa5913cbf0bcde3191c7cb615765a3dfa89ab90e0e728:clang-18.1.8-coverage-state-load-v1,qwen3.8-27b-off,short-trace-final,all-arms,dynamic,Omega_hat_StateSize,25200111,1
dynamic::qwen3.8-27b-off::all-arms::Omega_hat_StateSize,qwen3.8-27b-off::codecontests-test-1608e::long-trace-final,codecontests-test-1608e,646dbc65fdea7bc8e3170908e4578902800b470e97d05e2454f0d26884e92df7:f55be964bd2cc68afe5b9ad8f942604e10918169e7160750406727f80984c504:clang-18.1.8-coverage-state-load-v1,qwen3.8-27b-off,long-trace-final,all-arms,dynamic,Omega_hat_StateSize,25200169,0
dynamic::qwen3.8-27b-off::all-arms::Omega_hat_StateSize,qwen3.8-27b-off::codecontests-test-1608e::inside-loop-state,codecontests-test-1608e,667c28dbcfd364ae586ae9cd21bf6fd959db38f0147f2a6cb6289ec447eb9a22:f55be964bd2cc68afe5b9ad8f942604e10918169e7160750406727f80984c504:clang-18.1.8-coverage-state-load-v1,qwen3.8-27b-off,inside-loop-state,all-arms,dynamic,Omega_hat_StateSize,25200162,0
dynamic::qwen3.8-27b-off::all-arms::Omega_hat_StateSize,qwen3.8-27b-off::codecontests-test-1608e::post-loop-state,codecontests-test-1608e,b3c2da25bedf53cb9761b05fae26f46e4cf88607b5e31132dd26180b52bbaf2b:f55be964bd2cc68afe5b9ad8f942604e10918169e7160750406727f80984c504:clang-18.1.8-coverage-state-load-v1,qwen3.8-27b-off,post-loop-state,all-arms,dynamic,Omega_hat_StateSize,25200162,0
dynamic::qwen3.8-27b-off::all-arms::Omega_hat_StateSize,qwen3.8-27b-off::codecontests-test-1608f::short-trace-final,codecontests-test-1608f,3b1188cf9f4294e77fd38eb7d8098dfcfb19fbdd0ef6e9a3fe8d63adfeb2abbf:8ad616db4fe9bd467b7ab16879f97c77503d2b22431ce9705293bfe707f20a7f:clang-18.1.8-coverage-state-load-v1,qwen3.8-27b-off,short-trace-final,all-arms,dynamic,Omega_hat_StateSize,457776,0
dynamic::qwen3.8-27b-off::all-arms::Omega_hat_StateSize,qwen3.8-27b-off::codecontests-test-1608f::long-trace-final,codecontests-test-1608f,3b1188cf9f4294e77fd38eb7d8098dfcfb19fbdd0ef6e9a3fe8d63adfeb2abbf:b3e5d9410e92ec6feb64678dbc4fc691cb4660d89a83baf0e0a219123c05b450:clang-18.1.8-coverage-state-load-v1,qwen3.8-27b-off,long-trace-final,all-arms,dynamic,Omega_hat_StateSize,457776,0
dynamic::qwen3.8-27b-off::all-arms::Omega_hat_StateSize,qwen3.8-27b-off::codecontests-test-1608f::inside-loop-state,codecontests-test-1608f,9864fd100347bbad0e115c788da3250c68253007614da622a5ee02799527370f:b3e5d9410e92ec6feb64678dbc4fc691cb4660d89a83baf0e0a219123c05b450:clang-18.1.8-coverage-state-load-v1,qwen3.8-27b-off,inside-loop-state,all-arms,dynamic,Omega_hat_StateSize,463089,0
dynamic::qwen3.8-27b-off::all-arms::Omega_hat_StateSize,qwen3.8-27b-off::codecontests-test-1608f::post-loop-state,codecontests-test-1608f,ef77878c7f3b869738b3ff6a4965c679f33909d0914e136f66f6c522b7b20c01:b3e5d9410e92ec6feb64678dbc4fc691cb4660d89a83baf0e0a219123c05b450:clang-18.1.8-coverage-state-load-v1,qwen3.8-27b-off,post-loop-state,all-arms,dynamic,Omega_hat_StateSize,463088,0
dynamic::qwen3.8-27b-off::all-arms::Omega_hat_StateSize,qwen3.8-27b-off::codecontests-test-1615g::post-loop-state,codecontests-test-1615g,0933389f16bc0f8f1a15f83914fd800b2881de1ed6b02e9104c48207b1cde312:73a6420953313f0860ecac8f963f63bd594f27eacb54f75047c6e7f224445982:clang-18.1.8-coverage-state-load-v1,qwen3.8-27b-off,post-loop-state,all-arms,dynamic,Omega_hat_StateSize,1108,0
dynamic::qwen3.8-27b-off::all-arms::Omega_hat_StateSize,qwen3.8-27b-off::codecontests-test-1615g::inside-loop-state,codecontests-test-1615g,acc1b2cc8cfb5ad702c4fd69f49f49e609d604888c2fc3c44a8fa83a57d3de81:73a6420953313f0860ecac8f963f63bd594f27eacb54f75047c6e7f224445982:clang-18.1.8-coverage-state-load-v1,qwen3.8-27b-off,inside-loop-state,all-arms,dynamic,Omega_hat_StateSize,1108,0
dynamic::qwen3.8-27b-off::all-arms::Omega_hat_StateSize,qwen3.8-27b-off::codecontests-test-1615g::long-trace-final,codecontests-test-1615g,ad373333e07dc4e3b058568facb985af09bac3ef8991907c430b33236999f394:73a6420953313f0860ecac8f963f63bd594f27eacb54f75047c6e7f224445982:clang-18.1.8-coverage-state-load-v1,qwen3.8-27b-off,long-trace-final,all-arms,dynamic,Omega_hat_StateSize,1108,0
dynamic::qwen3.8-27b-off::all-arms::Omega_hat_StateSize,qwen3.8-27b-off::codecontests-test-1615g::short-trace-final,codecontests-test-1615g,ad373333e07dc4e3b058568facb985af09bac3ef8991907c430b33236999f394:8b8d92f6cd116121a9e352a9d6bbbeea5f82cc1c848aaea202eee9901fb39d86:clang-18.1.8-coverage-state-load-v1,qwen3.8-27b-off,short-trace-final,all-arms,dynamic,Omega_hat_StateSize,70,1
dynamic::qwen3.8-27b-off::all-arms::Omega_hat_StateSize,qwen3.8-27b-off::codecontests-test-1615h::post-loop-state,codecontests-test-1615h,6bac151ec0f25226a8145178cf0e367fb811beb86ff6196070e20565c4d00642:76e3b7b1ea299988012bab23cbfde0d8790d1c57e7f0994947beee3f546bc9a5:clang-18.1.8-coverage-state-load-v1,qwen3.8-27b-off,post-loop-state,all-arms,dynamic,Omega_hat_StateSize,32763,0
dynamic::qwen3.8-27b-off::all-arms::Omega_hat_StateSize,qwen3.8-27b-off::codecontests-test-1615h::long-trace-final,codecontests-test-1615h,a71a99b21177af38ad289c00ff979be40a690e727f285153ed3faee690b3a321:76e3b7b1ea299988012bab23cbfde0d8790d1c57e7f0994947beee3f546bc9a5:clang-18.1.8-coverage-state-load-v1,qwen3.8-27b-off,long-trace-final,all-arms,dynamic,Omega_hat_StateSize,32835,0
dynamic::qwen3.8-27b-off::all-arms::Omega_hat_StateSize,qwen3.8-27b-off::codecontests-test-1615h::short-trace-final,codecontests-test-1615h,a71a99b21177af38ad289c00ff979be40a690e727f285153ed3faee690b3a321:7f143eea0a3c840bf12e8184b4972d492f981fbb9a266339cd86299dae1d4413:clang-18.1.8-coverage-state-load-v1,qwen3.8-27b-off,short-trace-final,all-arms,dynamic,Omega_hat_StateSize,32724,0
dynamic::qwen3.8-27b-off::all-arms::Omega_hat_StateSize,qwen3.8-27b-off::codecontests-test-1615h::inside-loop-state,codecontests-test-1615h,bb1f2ab66b584a159dee436bfee61e9740c864d881dce54d93f0220164d96c1a:76e3b7b1ea299988012bab23cbfde0d8790d1c57e7f0994947beee3f546bc9a5:clang-18.1.8-coverage-state-load-v1,qwen3.8-27b-off,inside-loop-state,all-arms,dynamic,Omega_hat_StateSize,32763,0
dynamic::qwen3.8-27b-off::all-arms::Omega_hat_StateSize,qwen3.8-27b-off::codecontests-test-1617e::inside-loop-state,codecontests-test-1617e,395db0129fb099ac1b5af30458379f3c64b2c8e1ba3267544689e9a721e0a1a2:f34973899b03d91dd93fd9ca7bca992fc2b381fea1800c11fc29bf25c01efe97:clang-18.1.8-coverage-state-load-v1,qwen3.8-27b-off,inside-loop-state,all-arms,dynamic,Omega_hat_StateSize,200204,0
dynamic::qwen3.8-27b-off::all-arms::Omega_hat_StateSize,qwen3.8-27b-off::codecontests-test-1617e::post-loop-state,codecontests-test-1617e,a34fa455cb2724c38f9fc74f8d38161dbfbff4a0a0d9c9c94c1bfa734b45a015:f34973899b03d91dd93fd9ca7bca992fc2b381fea1800c11fc29bf25c01efe97:clang-18.1.8-coverage-state-load-v1,qwen3.8-27b-off,post-loop-state,all-arms,dynamic,Omega_hat_StateSize,200231,0
dynamic::qwen3.8-27b-off::all-arms::Omega_hat_StateSize,qwen3.8-27b-off::codecontests-test-1617e::short-trace-final,codecontests-test-1617e,c416bb8d3b25fd4c76bdb6e17ff595707f9479e2af79b63f90090979b8df2512:7a8e064d952789abfdfd6043d44530bd5de0228d7963b1c4a3a194695b246bdd:clang-18.1.8-coverage-state-load-v1,qwen3.8-27b-off,short-trace-final,all-arms,dynamic,Omega_hat_StateSize,200424,0
dynamic::qwen3.8-27b-off::all-arms::Omega_hat_StateSize,qwen3.8-27b-off::codecontests-test-1617e::long-trace-final,codecontests-test-1617e,c416bb8d3b25fd4c76bdb6e17ff595707f9479e2af79b63f90090979b8df2512:f34973899b03d91dd93fd9ca7bca992fc2b381fea1800c11fc29bf25c01efe97:clang-18.1.8-coverage-state-load-v1,qwen3.8-27b-off,long-trace-final,all-arms,dynamic,Omega_hat_StateSize,201774,0
dynamic::qwen3.8-27b-off::all-arms::Omega_hat_StateSize,qwen3.8-27b-off::codecontests-test-1620g::post-loop-state,codecontests-test-1620g,90b42a3a02b64368871b040777d72a1fae560ae9bae9612e2ab271e58b363cec:d17fc49cd397378f23ba09a1d25ed63dd16e1ca27e2fef716941dab7e3d260e9:clang-18.1.8-coverage-state-load-v1,qwen3.8-27b-off,post-loop-state,all-arms,dynamic,Omega_hat_StateSize,8389243,0
dynamic::qwen3.8-27b-off::all-arms::Omega_hat_StateSize,qwen3.8-27b-off::codecontests-test-1620g::short-trace-final,codecontests-test-1620g,dc5b0364fffb69d059ac406180373038b2947bf8b018c0eb5ad6bdab89607c28:47fdb134316707b54ae926b4ba0b8e2ffa13b01f961ee3bdbd4367e9493f9d43:clang-18.1.8-coverage-state-load-v1,qwen3.8-27b-off,short-trace-final,all-arms,dynamic,Omega_hat_StateSize,8389238,0
dynamic::qwen3.8-27b-off::all-arms::Omega_hat_StateSize,qwen3.8-27b-off::codecontests-test-1620g::long-trace-final,codecontests-test-1620g,dc5b0364fffb69d059ac406180373038b2947bf8b018c0eb5ad6bdab89607c28:d17fc49cd397378f23ba09a1d25ed63dd16e1ca27e2fef716941dab7e3d260e9:clang-18.1.8-coverage-state-load-v1,qwen3.8-27b-off,long-trace-final,all-arms,dynamic,Omega_hat_StateSize,8389243,0
dynamic::qwen3.8-27b-off::all-arms::Omega_hat_StateSize,qwen3.8-27b-off::codecontests-test-1620g::inside-loop-state,codecontests-test-1620g,f68b5d2afda3ef6b63ec68b53e390dc857f47e5bdf2f3f2e1081414a31775f0d:d17fc49cd397378f23ba09a1d25ed63dd16e1ca27e2fef716941dab7e3d260e9:clang-18.1.8-coverage-state-load-v1,qwen3.8-27b-off,inside-loop-state,all-arms,dynamic,Omega_hat_StateSize,8389243,0
dynamic::qwen3.8-27b-off::all-arms::Omega_hat_StateSize,qwen3.8-27b-off::codecontests-validation-1552g::short-trace-final,codecontests-validation-1552g,89b65341f1c6fe3a0a9df0a69ade235027daa7f39d3002954f6f632919791b3f:6575c487ddb8c661ec94ac0aa126db71015d196d35a568acfd62ad87a004ec72:clang-18.1.8-coverage-state-load-v1,qwen3.8-27b-off,short-trace-final,all-arms,dynamic,Omega_hat_StateSize,239,0
dynamic::qwen3.8-27b-off::all-arms::Omega_hat_StateSize,qwen3.8-27b-off::codecontests-validation-1552g::long-trace-final,codecontests-validation-1552g,89b65341f1c6fe3a0a9df0a69ade235027daa7f39d3002954f6f632919791b3f:a23a879e789c630dbbae0133f0eb5577c8e5e3a711d2d32ec6d6c244f930f0a1:clang-18.1.8-coverage-state-load-v1,qwen3.8-27b-off,long-trace-final,all-arms,dynamic,Omega_hat_StateSize,202,0
dynamic::qwen3.8-27b-off::all-arms::Omega_hat_StateSize,qwen3.8-27b-off::codecontests-validation-1552g::post-loop-state,codecontests-validation-1552g,b5f0a9481460f80246bf1a24dda90224f8dc49a793565d9ab27a357e86c4e053:a23a879e789c630dbbae0133f0eb5577c8e5e3a711d2d32ec6d6c244f930f0a1:clang-18.1.8-coverage-state-load-v1,qwen3.8-27b-off,post-loop-state,all-arms,dynamic,Omega_hat_StateSize,204,0
dynamic::qwen3.8-27b-off::all-arms::Omega_hat_StateSize,qwen3.8-27b-off::codecontests-validation-1552g::inside-loop-state,codecontests-validation-1552g,feb96da038972104d010503bb0068d9694d4cebae2d34993c61d2dcd7002c600:a23a879e789c630dbbae0133f0eb5577c8e5e3a711d2d32ec6d6c244f930f0a1:clang-18.1.8-coverage-state-load-v1,qwen3.8-27b-off,inside-loop-state,all-arms,dynamic,Omega_hat_StateSize,205,0
dynamic::qwen3.8-27b-off::all-arms::Omega_hat_StateSize,qwen3.8-27b-off::codecontests-validation-1553h::inside-loop-state,codecontests-validation-1553h,261f2a5460690985d0feaadb3435366c997ed89f15809dc921c0a13726ae899d:37a901c4f91c375e5b2ce915089751f68aa2f80e3a9590fee8edc1247ea80612:clang-18.1.8-coverage-state-load-v1,qwen3.8-27b-off,inside-loop-state,all-arms,dynamic,Omega_hat_StateSize,212,0
dynamic::qwen3.8-27b-off::all-arms::Omega_hat_StateSize,qwen3.8-27b-off::codecontests-validation-1553h::long-trace-final,codecontests-validation-1553h,6e44abb67b8129df7e6c9c2bb7f0603020a46107f0b5aaa85480dcf00b6d8ee5:37a901c4f91c375e5b2ce915089751f68aa2f80e3a9590fee8edc1247ea80612:clang-18.1.8-coverage-state-load-v1,qwen3.8-27b-off,long-trace-final,all-arms,dynamic,Omega_hat_StateSize,213,0
dynamic::qwen3.8-27b-off::all-arms::Omega_hat_StateSize,qwen3.8-27b-off::codecontests-validation-1553h::short-trace-final,codecontests-validation-1553h,6e44abb67b8129df7e6c9c2bb7f0603020a46107f0b5aaa85480dcf00b6d8ee5:4f701d041f6b57b35a63af3be10f040298aa86385ad4da04b1daa6df2663a712:clang-18.1.8-coverage-state-load-v1,qwen3.8-27b-off,short-trace-final,all-arms,dynamic,Omega_hat_StateSize,42,0
dynamic::qwen3.8-27b-off::all-arms::Omega_hat_StateSize,qwen3.8-27b-off::codecontests-validation-1553h::post-loop-state,codecontests-validation-1553h,a0fc871a1b48fb4e584cbafab20aa03968f5864a8503fcc17f35616d670b41fb:37a901c4f91c375e5b2ce915089751f68aa2f80e3a9590fee8edc1247ea80612:clang-18.1.8-coverage-state-load-v1,qwen3.8-27b-off,post-loop-state,all-arms,dynamic,Omega_hat_StateSize,213,0
dynamic::qwen3.8-27b-off::all-arms::Omega_hat_StateSize,qwen3.8-27b-off::codecontests-validation-1556f::inside-loop-state,codecontests-validation-1556f,0e7c6745273acd61e256dc45eed260d91a4acbd2606e470d7a226f83219ed9a3:360f25d334dd3eaa6f292d435c7982dff837d18936d1fefe83699b0b1d6fbc85:clang-18.1.8-coverage-state-load-v1,qwen3.8-27b-off,inside-loop-state,all-arms,dynamic,Omega_hat_StateSize,3313,0
dynamic::qwen3.8-27b-off::all-arms::Omega_hat_StateSize,qwen3.8-27b-off::codecontests-validation-1556f::post-loop-state,codecontests-validation-1556f,355b4d9cf793a850c31de90bbad276f4be650b3ce01e56f464054f85d4c2ec45:360f25d334dd3eaa6f292d435c7982dff837d18936d1fefe83699b0b1d6fbc85:clang-18.1.8-coverage-state-load-v1,qwen3.8-27b-off,post-loop-state,all-arms,dynamic,Omega_hat_StateSize,3312,0
dynamic::qwen3.8-27b-off::all-arms::Omega_hat_StateSize,qwen3.8-27b-off::codecontests-validation-1556f::long-trace-final,codecontests-validation-1556f,67dbad2177030b263347ba9ff0c3aa5d2e1eb57d456d177fad25eee3f31a9a76:360f25d334dd3eaa6f292d435c7982dff837d18936d1fefe83699b0b1d6fbc85:clang-18.1.8-coverage-state-load-v1,qwen3.8-27b-off,long-trace-final,all-arms,dynamic,Omega_hat_StateSize,2289,0
dynamic::qwen3.8-27b-off::all-arms::Omega_hat_StateSize,qwen3.8-27b-off::codecontests-validation-1556f::short-trace-final,codecontests-validation-1556f,67dbad2177030b263347ba9ff0c3aa5d2e1eb57d456d177fad25eee3f31a9a76:fdcb27265764b2a73c62380d364aa177b18028a2d6fffe621bac5a23affde265:clang-18.1.8-coverage-state-load-v1,qwen3.8-27b-off,short-trace-final,all-arms,dynamic,Omega_hat_StateSize,33,1
dynamic::qwen3.8-27b-off::all-arms::Omega_hat_StateSize,qwen3.8-27b-off::codecontests-validation-1567f::inside-loop-state,codecontests-validation-1567f,05cf93795d2245abb6f842b4f278fe70746b159f5aba398e285981a3d3ab0415:5ca513ae33f231741e8f5bce074557104f0ac96debe4329731eb41fe859f6fa9:clang-18.1.8-coverage-state-load-v1,qwen3.8-27b-off,inside-loop-state,all-arms,dynamic,Omega_hat_StateSize,2041801,0
dynamic::qwen3.8-27b-off::all-arms::Omega_hat_StateSize,qwen3.8-27b-off::codecontests-validation-1567f::long-trace-final,codecontests-validation-1567f,1d2e0467d959ffad5c713fa10c2142c44b5f542e00ce390504aea6f73e976053:5ca513ae33f231741e8f5bce074557104f0ac96debe4329731eb41fe859f6fa9:clang-18.1.8-coverage-state-load-v1,qwen3.8-27b-off,long-trace-final,all-arms,dynamic,Omega_hat_StateSize,2041833,0
dynamic::qwen3.8-27b-off::all-arms::Omega_hat_StateSize,qwen3.8-27b-off::codecontests-validation-1567f::short-trace-final,codecontests-validation-1567f,1d2e0467d959ffad5c713fa10c2142c44b5f542e00ce390504aea6f73e976053:8ac1f9fa9e2847575b2ced3fd892b2845557a6c485f5fa9413a699b8efbc3ad3:clang-18.1.8-coverage-state-load-v1,qwen3.8-27b-off,short-trace-final,all-arms,dynamic,Omega_hat_StateSize,2041765,0
dynamic::qwen3.8-27b-off::all-arms::Omega_hat_StateSize,qwen3.8-27b-off::codecontests-validation-1567f::post-loop-state,codecontests-validation-1567f,91b04a25af0d8354eca4b22a5c307be7e0d71719c1e56c1036c67f37cec6a7d0:5ca513ae33f231741e8f5bce074557104f0ac96debe4329731eb41fe859f6fa9:clang-18.1.8-coverage-state-load-v1,qwen3.8-27b-off,post-loop-state,all-arms,dynamic,Omega_hat_StateSize,2041801,0
dynamic::qwen3.8-27b-off::all-arms::Omega_hat_StateSize,qwen3.8-27b-off::codecontests-validation-1569e::inside-loop-state,codecontests-validation-1569e,8c7846a3a40110fa05257b67da8e6f63f945c711305a1df88b97e8d00396db64:b5fabe923ecc6b7534566fbeb72577fd896c2d74b9374afe3bed49a16217cf73:clang-18.1.8-coverage-state-load-v1,qwen3.8-27b-off,inside-loop-state,all-arms,dynamic,Omega_hat_StateSize,3310,0
dynamic::qwen3.8-27b-off::all-arms::Omega_hat_StateSize,qwen3.8-27b-off::codecontests-validation-1569e::post-loop-state,codecontests-validation-1569e,b6b18517a3e59e80fb145dd8b32144c363e2872690c8f1c80a42a71bbc7adff3:b5fabe923ecc6b7534566fbeb72577fd896c2d74b9374afe3bed49a16217cf73:clang-18.1.8-coverage-state-load-v1,qwen3.8-27b-off,post-loop-state,all-arms,dynamic,Omega_hat_StateSize,199318,0
dynamic::qwen3.8-27b-off::all-arms::Omega_hat_StateSize,qwen3.8-27b-off::codecontests-validation-1569e::short-trace-final,codecontests-validation-1569e,d7b30d4383431a38ca1bd0ea4847aec892b939921afb04a5e0975d8dfe5a98c9:479def58965386a05050611157259ef82bfeb49b520e8bff8f6ffde3b23af8a8:clang-18.1.8-coverage-state-load-v1,qwen3.8-27b-off,short-trace-final,all-arms,dynamic,Omega_hat_StateSize,2796,0
dynamic::qwen3.8-27b-off::all-arms::Omega_hat_StateSize,qwen3.8-27b-off::codecontests-validation-1569e::long-trace-final,codecontests-validation-1569e,d7b30d4383431a38ca1bd0ea4847aec892b939921afb04a5e0975d8dfe5a98c9:b5fabe923ecc6b7534566fbeb72577fd896c2d74b9374afe3bed49a16217cf73:clang-18.1.8-coverage-state-load-v1,qwen3.8-27b-off,long-trace-final,all-arms,dynamic,Omega_hat_StateSize,395926,1
dynamic::qwen3.8-27b-off::all-arms::Omega_hat_StateSize,qwen3.8-27b-off::codecontests-validation-1569f::long-trace-final,codecontests-validation-1569f,2301e337b5fb3f9549acef3c07f9bd5019e6234c7a2311a7c4f57763e18e5b83:0b0d290fe1c8a4b6c275d3cd68f10e26117cce6a7a535e05cb67a9483c2ca982:clang-18.1.8-coverage-state-load-v1,qwen3.8-27b-off,long-trace-final,all-arms,dynamic,Omega_hat_StateSize,8692304,1
dynamic::qwen3.8-27b-off::all-arms::Omega_hat_StateSize,qwen3.8-27b-off::codecontests-validation-1569f::short-trace-final,codecontests-validation-1569f,2301e337b5fb3f9549acef3c07f9bd5019e6234c7a2311a7c4f57763e18e5b83:26b7657bcd3b796488b0a9677b14cced50fbbf3da549885bc44c2917cf610cff:clang-18.1.8-coverage-state-load-v1,qwen3.8-27b-off,short-trace-final,all-arms,dynamic,Omega_hat_StateSize,8692110,0
dynamic::qwen3.8-27b-off::all-arms::Omega_hat_StateSize,qwen3.8-27b-off::codecontests-validation-1569f::post-loop-state,codecontests-validation-1569f,9b44483ac309757aa4c354b7152a87dcbcef7f14befc99fd5d5420fba2550477:0b0d290fe1c8a4b6c275d3cd68f10e26117cce6a7a535e05cb67a9483c2ca982:clang-18.1.8-coverage-state-load-v1,qwen3.8-27b-off,post-loop-state,all-arms,dynamic,Omega_hat_StateSize,8692013,0
dynamic::qwen3.8-27b-off::all-arms::Omega_hat_StateSize,qwen3.8-27b-off::codecontests-validation-1569f::inside-loop-state,codecontests-validation-1569f,bd6341080b17f11d66607db0012ce4f3cf4107ce205c35c39ff21ea2a4d40857:0b0d290fe1c8a4b6c275d3cd68f10e26117cce6a7a535e05cb67a9483c2ca982:clang-18.1.8-coverage-state-load-v1,qwen3.8-27b-off,inside-loop-state,all-arms,dynamic,Omega_hat_StateSize,8692014,0
dynamic::qwen3.8-27b-off::all-arms::Omega_hat_StateSize,qwen3.8-27b-off::codecontests-validation-1572d::post-loop-state,codecontests-validation-1572d,10b3ea8d407a851cbb94d856638ba9ee3b5658eb0b43ab595c686887ee58e23a:2215213a1789f807060a057e634ddb262a27f09b8292f964f58f42acbe1d0616:clang-18.1.8-coverage-state-load-v1,qwen3.8-27b-off,post-loop-state,all-arms,dynamic,Omega_hat_StateSize,9937306,0
dynamic::qwen3.8-27b-off::all-arms::Omega_hat_StateSize,qwen3.8-27b-off::codecontests-validation-1572d::long-trace-final,codecontests-validation-1572d,4ef728a87836baeb0af64467718c76401006223c75d5b80c74b59eb56b109b72:2215213a1789f807060a057e634ddb262a27f09b8292f964f58f42acbe1d0616:clang-18.1.8-coverage-state-load-v1,qwen3.8-27b-off,long-trace-final,all-arms,dynamic,Omega_hat_StateSize,9937295,0
dynamic::qwen3.8-27b-off::all-arms::Omega_hat_StateSize,qwen3.8-27b-off::codecontests-validation-1572d::short-trace-final,codecontests-validation-1572d,4ef728a87836baeb0af64467718c76401006223c75d5b80c74b59eb56b109b72:eb418658a51efc355a88b1c44df821bcabf17ae92e052c3f3f3790755404491d:clang-18.1.8-coverage-state-load-v1,qwen3.8-27b-off,short-trace-final,all-arms,dynamic,Omega_hat_StateSize,9937295,0
dynamic::qwen3.8-27b-off::all-arms::Omega_hat_StateSize,qwen3.8-27b-off::codecontests-validation-1572d::inside-loop-state,codecontests-validation-1572d,e4be3de81a2d2af89166e441b8d5adf8e73d19e2c217707d996b1af00c028ff1:2215213a1789f807060a057e634ddb262a27f09b8292f964f58f42acbe1d0616:clang-18.1.8-coverage-state-load-v1,qwen3.8-27b-off,inside-loop-state,all-arms,dynamic,Omega_hat_StateSize,9937306,0
dynamic::qwen3.8-27b-off::all-arms::Omega_hat_StateSize,qwen3.8-27b-off::codecontests-validation-1572e::post-loop-state,codecontests-validation-1572e,437fad31af4f51960c3b7aff0ceecd6ad236aeccd08417e320d5ef307f021027:ce0eb773178bbc4bdc901ed4555433f201b9cbbd416231d7a0b82b41c1e59270:clang-18.1.8-coverage-state-load-v1,qwen3.8-27b-off,post-loop-state,all-arms,dynamic,Omega_hat_StateSize,126917,0
dynamic::qwen3.8-27b-off::all-arms::Omega_hat_StateSize,qwen3.8-27b-off::codecontests-validation-1572e::inside-loop-state,codecontests-validation-1572e,a29023c7f4c26bae0b4eef37581882d729a33402e3f2d96d9c4e4e82f216cc0f:ce0eb773178bbc4bdc901ed4555433f201b9cbbd416231d7a0b82b41c1e59270:clang-18.1.8-coverage-state-load-v1,qwen3.8-27b-off,inside-loop-state,all-arms,dynamic,Omega_hat_StateSize,126917,0
dynamic::qwen3.8-27b-off::all-arms::Omega_hat_StateSize,qwen3.8-27b-off::codecontests-validation-1572e::short-trace-final,codecontests-validation-1572e,c6871efc570f44806a970f43053b081d731f519c2b4a95b2aa54ee53df958fcf:c8391dd8e574d61edf3a7c188f1bce010f51566bb2347b029afb3faa08679767:clang-18.1.8-coverage-state-load-v1,qwen3.8-27b-off,short-trace-final,all-arms,dynamic,Omega_hat_StateSize,126917,0
dynamic::qwen3.8-27b-off::all-arms::Omega_hat_StateSize,qwen3.8-27b-off::codecontests-validation-1572e::long-trace-final,codecontests-validation-1572e,c6871efc570f44806a970f43053b081d731f519c2b4a95b2aa54ee53df958fcf:ce0eb773178bbc4bdc901ed4555433f201b9cbbd416231d7a0b82b41c1e59270:clang-18.1.8-coverage-state-load-v1,qwen3.8-27b-off,long-trace-final,all-arms,dynamic,Omega_hat_StateSize,126917,0
dynamic::qwen3.8-27b-off::all-arms::Omega_hat_StateSize,qwen3.8-27b-off::codecontests-validation-1574f::post-loop-state,codecontests-validation-1574f,121cb978200a7d65abf8d20a567bf9a991547f94cb17d49e90c39970b27fb179:03d3d7a8c8364341064965d240bc633999a3624096573e7dd9ff9b2e4332d221:clang-18.1.8-coverage-state-load-v1,qwen3.8-27b-off,post-loop-state,all-arms,dynamic,Omega_hat_StateSize,2100035,0
dynamic::qwen3.8-27b-off::all-arms::Omega_hat_StateSize,qwen3.8-27b-off::codecontests-validation-1574f::inside-loop-state,codecontests-validation-1574f,54d2aa075790d96b16094d1110b1ff4cc42e649f39b55cf10a14e19f5a25bdd0:03d3d7a8c8364341064965d240bc633999a3624096573e7dd9ff9b2e4332d221:clang-18.1.8-coverage-state-load-v1,qwen3.8-27b-off,inside-loop-state,all-arms,dynamic,Omega_hat_StateSize,2100036,0
dynamic::qwen3.8-27b-off::all-arms::Omega_hat_StateSize,qwen3.8-27b-off::codecontests-validation-1574f::long-trace-final,codecontests-validation-1574f,7daa73692acaf41812edcde3c45ecdfa6e0c91a99ce6e3557836323cf0386084:03d3d7a8c8364341064965d240bc633999a3624096573e7dd9ff9b2e4332d221:clang-18.1.8-coverage-state-load-v1,qwen3.8-27b-off,long-trace-final,all-arms,dynamic,Omega_hat_StateSize,11912938,0
dynamic::qwen3.8-27b-off::all-arms::Omega_hat_StateSize,qwen3.8-27b-off::codecontests-validation-1574f::short-trace-final,codecontests-validation-1574f,7daa73692acaf41812edcde3c45ecdfa6e0c91a99ce6e3557836323cf0386084:a00a4e49bac1dc0515ea109cbef81f6fec9f42207b2ac47d95d4f9fb95859331:clang-18.1.8-coverage-state-load-v1,qwen3.8-27b-off,short-trace-final,all-arms,dynamic,Omega_hat_StateSize,163,0
static::deepseek-v4-pro-0813-high::inside-loop-state::Omega_CC,deepseek-v4-pro-0813-high::codecontests-test-1580b::inside-loop-state,codecontests-test-1580b,,deepseek-v4-pro-0813-high,inside-loop-state,inside-loop-state,static,Omega_CC,29,1
static::deepseek-v4-pro-0813-high::inside-loop-state::Omega_CC,deepseek-v4-pro-0813-high::codecontests-test-1580f::inside-loop-state,codecontests-test-1580f,,deepseek-v4-pro-0813-high,inside-loop-state,inside-loop-state,static,Omega_CC,50,1
static::deepseek-v4-pro-0813-high::inside-loop-state::Omega_CC,deepseek-v4-pro-0813-high::codecontests-test-1586f::inside-loop-state,codecontests-test-1586f,,deepseek-v4-pro-0813-high,inside-loop-state,inside-loop-state,static,Omega_CC,21,1
static::deepseek-v4-pro-0813-high::inside-loop-state::Omega_CC,deepseek-v4-pro-0813-high::codecontests-test-1598f::inside-loop-state,codecontests-test-1598f,,deepseek-v4-pro-0813-high,inside-loop-state,inside-loop-state,static,Omega_CC,21,1
static::deepseek-v4-pro-0813-high::inside-loop-state::Omega_CC,deepseek-v4-pro-0813-high::codecontests-test-1599d::inside-loop-state,codecontests-test-1599d,,deepseek-v4-pro-0813-high,inside-loop-state,inside-loop-state,static,Omega_CC,94,1
static::deepseek-v4-pro-0813-high::inside-loop-state::Omega_CC,deepseek-v4-pro-0813-high::codecontests-test-1599j::inside-loop-state,codecontests-test-1599j,,deepseek-v4-pro-0813-high,inside-loop-state,inside-loop-state,static,Omega_CC,63,1
static::deepseek-v4-pro-0813-high::inside-loop-state::Omega_CC,deepseek-v4-pro-0813-high::codecontests-test-1603e::inside-loop-state,codecontests-test-1603e,,deepseek-v4-pro-0813-high,inside-loop-state,inside-loop-state,static,Omega_CC,32,1
static::deepseek-v4-pro-0813-high::inside-loop-state::Omega_CC,deepseek-v4-pro-0813-high::codecontests-test-1608e::inside-loop-state,codecontests-test-1608e,,deepseek-v4-pro-0813-high,inside-loop-state,inside-loop-state,static,Omega_CC,84,1
static::deepseek-v4-pro-0813-high::inside-loop-state::Omega_CC,deepseek-v4-pro-0813-high::codecontests-test-1608f::inside-loop-state,codecontests-test-1608f,,deepseek-v4-pro-0813-high,inside-loop-state,inside-loop-state,static,Omega_CC,33,0
static::deepseek-v4-pro-0813-high::inside-loop-state::Omega_CC,deepseek-v4-pro-0813-high::codecontests-test-1615g::inside-loop-state,codecontests-test-1615g,,deepseek-v4-pro-0813-high,inside-loop-state,inside-loop-state,static,Omega_CC,92,0
static::deepseek-v4-pro-0813-high::inside-loop-state::Omega_CC,deepseek-v4-pro-0813-high::codecontests-test-1615h::inside-loop-state,codecontests-test-1615h,,deepseek-v4-pro-0813-high,inside-loop-state,inside-loop-state,static,Omega_CC,45,0
static::deepseek-v4-pro-0813-high::inside-loop-state::Omega_CC,deepseek-v4-pro-0813-high::codecontests-test-1617e::inside-loop-state,codecontests-test-1617e,,deepseek-v4-pro-0813-high,inside-loop-state,inside-loop-state,static,Omega_CC,136,1
static::deepseek-v4-pro-0813-high::inside-loop-state::Omega_CC,deepseek-v4-pro-0813-high::codecontests-test-1620g::inside-loop-state,codecontests-test-1620g,,deepseek-v4-pro-0813-high,inside-loop-state,inside-loop-state,static,Omega_CC,27,1
static::deepseek-v4-pro-0813-high::inside-loop-state::Omega_CC,deepseek-v4-pro-0813-high::codecontests-validation-1552g::inside-loop-state,codecontests-validation-1552g,,deepseek-v4-pro-0813-high,inside-loop-state,inside-loop-state,static,Omega_CC,26,1
static::deepseek-v4-pro-0813-high::inside-loop-state::Omega_CC,deepseek-v4-pro-0813-high::codecontests-validation-1553h::inside-loop-state,codecontests-validation-1553h,,deepseek-v4-pro-0813-high,inside-loop-state,inside-loop-state,static,Omega_CC,31,1
static::deepseek-v4-pro-0813-high::inside-loop-state::Omega_CC,deepseek-v4-pro-0813-high::codecontests-validation-1556f::inside-loop-state,codecontests-validation-1556f,,deepseek-v4-pro-0813-high,inside-loop-state,inside-loop-state,static,Omega_CC,79,0
static::deepseek-v4-pro-0813-high::inside-loop-state::Omega_CC,deepseek-v4-pro-0813-high::codecontests-validation-1567f::inside-loop-state,codecontests-validation-1567f,,deepseek-v4-pro-0813-high,inside-loop-state,inside-loop-state,static,Omega_CC,50,1
static::deepseek-v4-pro-0813-high::inside-loop-state::Omega_CC,deepseek-v4-pro-0813-high::codecontests-validation-1569e::inside-loop-state,codecontests-validation-1569e,,deepseek-v4-pro-0813-high,inside-loop-state,inside-loop-state,static,Omega_CC,55,1
static::deepseek-v4-pro-0813-high::inside-loop-state::Omega_CC,deepseek-v4-pro-0813-high::codecontests-validation-1569f::inside-loop-state,codecontests-validation-1569f,,deepseek-v4-pro-0813-high,inside-loop-state,inside-loop-state,static,Omega_CC,68,1
static::deepseek-v4-pro-0813-high::inside-loop-state::Omega_CC,deepseek-v4-pro-0813-high::codecontests-validation-1572d::inside-loop-state,codecontests-validation-1572d,,deepseek-v4-pro-0813-high,inside-loop-state,inside-loop-state,static,Omega_CC,47,1
static::deepseek-v4-pro-0813-high::inside-loop-state::Omega_CC,deepseek-v4-pro-0813-high::codecontests-validation-1572e::inside-loop-state,codecontests-validation-1572e,,deepseek-v4-pro-0813-high,inside-loop-state,inside-loop-state,static,Omega_CC,36,1
static::deepseek-v4-pro-0813-high::inside-loop-state::Omega_CC,deepseek-v4-pro-0813-high::codecontests-validation-1574f::inside-loop-state,codecontests-validation-1574f,,deepseek-v4-pro-0813-high,inside-loop-state,inside-loop-state,static,Omega_CC,96,0
static::deepseek-v4-pro-0813-high::long-trace-final::Omega_CC,deepseek-v4-pro-0813-high::codecontests-test-1580b::long-trace-final,codecontests-test-1580b,,deepseek-v4-pro-0813-high,long-trace-final,long-trace-final,static,Omega_CC,21,0
static::deepseek-v4-pro-0813-high::long-trace-final::Omega_CC,deepseek-v4-pro-0813-high::codecontests-test-1580f::long-trace-final,codecontests-test-1580f,,deepseek-v4-pro-0813-high,long-trace-final,long-trace-final,static,Omega_CC,42,1
static::deepseek-v4-pro-0813-high::long-trace-final::Omega_CC,deepseek-v4-pro-0813-high::codecontests-test-1586f::long-trace-final,codecontests-test-1586f,,deepseek-v4-pro-0813-high,long-trace-final,long-trace-final,static,Omega_CC,13,0
static::deepseek-v4-pro-0813-high::long-trace-final::Omega_CC,deepseek-v4-pro-0813-high::codecontests-test-1598f::long-trace-final,codecontests-test-1598f,,deepseek-v4-pro-0813-high,long-trace-final,long-trace-final,static,Omega_CC,13,1
static::deepseek-v4-pro-0813-high::long-trace-final::Omega_CC,deepseek-v4-pro-0813-high::codecontests-test-1599d::long-trace-final,codecontests-test-1599d,,deepseek-v4-pro-0813-high,long-trace-final,long-trace-final,static,Omega_CC,86,1
static::deepseek-v4-pro-0813-high::long-trace-final::Omega_CC,deepseek-v4-pro-0813-high::codecontests-test-1599j::long-trace-final,codecontests-test-1599j,,deepseek-v4-pro-0813-high,long-trace-final,long-trace-final,static,Omega_CC,55,1
static::deepseek-v4-pro-0813-high::long-trace-final::Omega_CC,deepseek-v4-pro-0813-high::codecontests-test-1603e::long-trace-final,codecontests-test-1603e,,deepseek-v4-pro-0813-high,long-trace-final,long-trace-final,static,Omega_CC,24,0
static::deepseek-v4-pro-0813-high::long-trace-final::Omega_CC,deepseek-v4-pro-0813-high::codecontests-test-1608e::long-trace-final,codecontests-test-1608e,,deepseek-v4-pro-0813-high,long-trace-final,long-trace-final,static,Omega_CC,76,1
static::deepseek-v4-pro-0813-high::long-trace-final::Omega_CC,deepseek-v4-pro-0813-high::codecontests-test-1608f::long-trace-final,codecontests-test-1608f,,deepseek-v4-pro-0813-high,long-trace-final,long-trace-final,static,Omega_CC,25,0
static::deepseek-v4-pro-0813-high::long-trace-final::Omega_CC,deepseek-v4-pro-0813-high::codecontests-test-1615g::long-trace-final,codecontests-test-1615g,,deepseek-v4-pro-0813-high,long-trace-final,long-trace-final,static,Omega_CC,84,1
static::deepseek-v4-pro-0813-high::long-trace-final::Omega_CC,deepseek-v4-pro-0813-high::codecontests-test-1615h::long-trace-final,codecontests-test-1615h,,deepseek-v4-pro-0813-high,long-trace-final,long-trace-final,static,Omega_CC,37,1
static::deepseek-v4-pro-0813-high::long-trace-final::Omega_CC,deepseek-v4-pro-0813-high::codecontests-test-1617e::long-trace-final,codecontests-test-1617e,,deepseek-v4-pro-0813-high,long-trace-final,long-trace-final,static,Omega_CC,128,1
static::deepseek-v4-pro-0813-high::long-trace-final::Omega_CC,deepseek-v4-pro-0813-high::codecontests-test-1620g::long-trace-final,codecontests-test-1620g,,deepseek-v4-pro-0813-high,long-trace-final,long-trace-final,static,Omega_CC,19,1
static::deepseek-v4-pro-0813-high::long-trace-final::Omega_CC,deepseek-v4-pro-0813-high::codecontests-validation-1552g::long-trace-final,codecontests-validation-1552g,,deepseek-v4-pro-0813-high,long-trace-final,long-trace-final,static,Omega_CC,18,1
static::deepseek-v4-pro-0813-high::long-trace-final::Omega_CC,deepseek-v4-pro-0813-high::codecontests-validation-1553h::long-trace-final,codecontests-validation-1553h,,deepseek-v4-pro-0813-high,long-trace-final,long-trace-final,static,Omega_CC,23,1
static::deepseek-v4-pro-0813-high::long-trace-final::Omega_CC,deepseek-v4-pro-0813-high::codecontests-validation-1556f::long-trace-final,codecontests-validation-1556f,,deepseek-v4-pro-0813-high,long-trace-final,long-trace-final,static,Omega_CC,69,0
static::deepseek-v4-pro-0813-high::long-trace-final::Omega_CC,deepseek-v4-pro-0813-high::codecontests-validation-1567f::long-trace-final,codecontests-validation-1567f,,deepseek-v4-pro-0813-high,long-trace-final,long-trace-final,static,Omega_CC,42,1
static::deepseek-v4-pro-0813-high::long-trace-final::Omega_CC,deepseek-v4-pro-0813-high::codecontests-validation-1569e::long-trace-final,codecontests-validation-1569e,,deepseek-v4-pro-0813-high,long-trace-final,long-trace-final,static,Omega_CC,47,1
static::deepseek-v4-pro-0813-high::long-trace-final::Omega_CC,deepseek-v4-pro-0813-high::codecontests-validation-1569f::long-trace-final,codecontests-validation-1569f,,deepseek-v4-pro-0813-high,long-trace-final,long-trace-final,static,Omega_CC,60,1
static::deepseek-v4-pro-0813-high::long-trace-final::Omega_CC,deepseek-v4-pro-0813-high::codecontests-validation-1572d::long-trace-final,codecontests-validation-1572d,,deepseek-v4-pro-0813-high,long-trace-final,long-trace-final,static,Omega_CC,37,1
static::deepseek-v4-pro-0813-high::long-trace-final::Omega_CC,deepseek-v4-pro-0813-high::codecontests-validation-1572e::long-trace-final,codecontests-validation-1572e,,deepseek-v4-pro-0813-high,long-trace-final,long-trace-final,static,Omega_CC,28,1
static::deepseek-v4-pro-0813-high::long-trace-final::Omega_CC,deepseek-v4-pro-0813-high::codecontests-validation-1574f::long-trace-final,codecontests-validation-1574f,,deepseek-v4-pro-0813-high,long-trace-final,long-trace-final,static,Omega_CC,86,1
static::deepseek-v4-pro-0813-high::post-loop-state::Omega_CC,deepseek-v4-pro-0813-high::codecontests-test-1580b::post-loop-state,codecontests-test-1580b,,deepseek-v4-pro-0813-high,post-loop-state,post-loop-state,static,Omega_CC,29,1
static::deepseek-v4-pro-0813-high::post-loop-state::Omega_CC,deepseek-v4-pro-0813-high::codecontests-test-1580f::post-loop-state,codecontests-test-1580f,,deepseek-v4-pro-0813-high,post-loop-state,post-loop-state,static,Omega_CC,50,1
static::deepseek-v4-pro-0813-high::post-loop-state::Omega_CC,deepseek-v4-pro-0813-high::codecontests-test-1586f::post-loop-state,codecontests-test-1586f,,deepseek-v4-pro-0813-high,post-loop-state,post-loop-state,static,Omega_CC,21,1
static::deepseek-v4-pro-0813-high::post-loop-state::Omega_CC,deepseek-v4-pro-0813-high::codecontests-test-1598f::post-loop-state,codecontests-test-1598f,,deepseek-v4-pro-0813-high,post-loop-state,post-loop-state,static,Omega_CC,21,1
static::deepseek-v4-pro-0813-high::post-loop-state::Omega_CC,deepseek-v4-pro-0813-high::codecontests-test-1599d::post-loop-state,codecontests-test-1599d,,deepseek-v4-pro-0813-high,post-loop-state,post-loop-state,static,Omega_CC,94,1
static::deepseek-v4-pro-0813-high::post-loop-state::Omega_CC,deepseek-v4-pro-0813-high::codecontests-test-1599j::post-loop-state,codecontests-test-1599j,,deepseek-v4-pro-0813-high,post-loop-state,post-loop-state,static,Omega_CC,63,1
static::deepseek-v4-pro-0813-high::post-loop-state::Omega_CC,deepseek-v4-pro-0813-high::codecontests-test-1603e::post-loop-state,codecontests-test-1603e,,deepseek-v4-pro-0813-high,post-loop-state,post-loop-state,static,Omega_CC,32,1
static::deepseek-v4-pro-0813-high::post-loop-state::Omega_CC,deepseek-v4-pro-0813-high::codecontests-test-1608e::post-loop-state,codecontests-test-1608e,,deepseek-v4-pro-0813-high,post-loop-state,post-loop-state,static,Omega_CC,84,0
static::deepseek-v4-pro-0813-high::post-loop-state::Omega_CC,deepseek-v4-pro-0813-high::codecontests-test-1608f::post-loop-state,codecontests-test-1608f,,deepseek-v4-pro-0813-high,post-loop-state,post-loop-state,static,Omega_CC,33,0
static::deepseek-v4-pro-0813-high::post-loop-state::Omega_CC,deepseek-v4-pro-0813-high::codecontests-test-1615g::post-loop-state,codecontests-test-1615g,,deepseek-v4-pro-0813-high,post-loop-state,post-loop-state,static,Omega_CC,92,0
static::deepseek-v4-pro-0813-high::post-loop-state::Omega_CC,deepseek-v4-pro-0813-high::codecontests-test-1615h::post-loop-state,codecontests-test-1615h,,deepseek-v4-pro-0813-high,post-loop-state,post-loop-state,static,Omega_CC,45,1
static::deepseek-v4-pro-0813-high::post-loop-state::Omega_CC,deepseek-v4-pro-0813-high::codecontests-test-1617e::post-loop-state,codecontests-test-1617e,,deepseek-v4-pro-0813-high,post-loop-state,post-loop-state,static,Omega_CC,136,1
static::deepseek-v4-pro-0813-high::post-loop-state::Omega_CC,deepseek-v4-pro-0813-high::codecontests-test-1620g::post-loop-state,codecontests-test-1620g,,deepseek-v4-pro-0813-high,post-loop-state,post-loop-state,static,Omega_CC,27,1
static::deepseek-v4-pro-0813-high::post-loop-state::Omega_CC,deepseek-v4-pro-0813-high::codecontests-validation-1552g::post-loop-state,codecontests-validation-1552g,,deepseek-v4-pro-0813-high,post-loop-state,post-loop-state,static,Omega_CC,26,1
static::deepseek-v4-pro-0813-high::post-loop-state::Omega_CC,deepseek-v4-pro-0813-high::codecontests-validation-1553h::post-loop-state,codecontests-validation-1553h,,deepseek-v4-pro-0813-high,post-loop-state,post-loop-state,static,Omega_CC,31,1
static::deepseek-v4-pro-0813-high::post-loop-state::Omega_CC,deepseek-v4-pro-0813-high::codecontests-validation-1556f::post-loop-state,codecontests-validation-1556f,,deepseek-v4-pro-0813-high,post-loop-state,post-loop-state,static,Omega_CC,79,0
static::deepseek-v4-pro-0813-high::post-loop-state::Omega_CC,deepseek-v4-pro-0813-high::codecontests-validation-1567f::post-loop-state,codecontests-validation-1567f,,deepseek-v4-pro-0813-high,post-loop-state,post-loop-state,static,Omega_CC,50,1
static::deepseek-v4-pro-0813-high::post-loop-state::Omega_CC,deepseek-v4-pro-0813-high::codecontests-validation-1569e::post-loop-state,codecontests-validation-1569e,,deepseek-v4-pro-0813-high,post-loop-state,post-loop-state,static,Omega_CC,55,1
static::deepseek-v4-pro-0813-high::post-loop-state::Omega_CC,deepseek-v4-pro-0813-high::codecontests-validation-1569f::post-loop-state,codecontests-validation-1569f,,deepseek-v4-pro-0813-high,post-loop-state,post-loop-state,static,Omega_CC,68,1
static::deepseek-v4-pro-0813-high::post-loop-state::Omega_CC,deepseek-v4-pro-0813-high::codecontests-validation-1572d::post-loop-state,codecontests-validation-1572d,,deepseek-v4-pro-0813-high,post-loop-state,post-loop-state,static,Omega_CC,47,0
static::deepseek-v4-pro-0813-high::post-loop-state::Omega_CC,deepseek-v4-pro-0813-high::codecontests-validation-1572e::post-loop-state,codecontests-validation-1572e,,deepseek-v4-pro-0813-high,post-loop-state,post-loop-state,static,Omega_CC,36,1
static::deepseek-v4-pro-0813-high::post-loop-state::Omega_CC,deepseek-v4-pro-0813-high::codecontests-validation-1574f::post-loop-state,codecontests-validation-1574f,,deepseek-v4-pro-0813-high,post-loop-state,post-loop-state,static,Omega_CC,96,0
static::deepseek-v4-pro-0813-high::short-trace-final::Omega_CC,deepseek-v4-pro-0813-high::codecontests-test-1580b::short-trace-final,codecontests-test-1580b,,deepseek-v4-pro-0813-high,short-trace-final,short-trace-final,static,Omega_CC,21,1
static::deepseek-v4-pro-0813-high::short-trace-final::Omega_CC,deepseek-v4-pro-0813-high::codecontests-test-1580f::short-trace-final,codecontests-test-1580f,,deepseek-v4-pro-0813-high,short-trace-final,short-trace-final,static,Omega_CC,42,1
static::deepseek-v4-pro-0813-high::short-trace-final::Omega_CC,deepseek-v4-pro-0813-high::codecontests-test-1586f::short-trace-final,codecontests-test-1586f,,deepseek-v4-pro-0813-high,short-trace-final,short-trace-final,static,Omega_CC,13,1
static::deepseek-v4-pro-0813-high::short-trace-final::Omega_CC,deepseek-v4-pro-0813-high::codecontests-test-1598f::short-trace-final,codecontests-test-1598f,,deepseek-v4-pro-0813-high,short-trace-final,short-trace-final,static,Omega_CC,13,1
static::deepseek-v4-pro-0813-high::short-trace-final::Omega_CC,deepseek-v4-pro-0813-high::codecontests-test-1599d::short-trace-final,codecontests-test-1599d,,deepseek-v4-pro-0813-high,short-trace-final,short-trace-final,static,Omega_CC,86,1
static::deepseek-v4-pro-0813-high::short-trace-final::Omega_CC,deepseek-v4-pro-0813-high::codecontests-test-1599j::short-trace-final,codecontests-test-1599j,,deepseek-v4-pro-0813-high,short-trace-final,short-trace-final,static,Omega_CC,55,1
static::deepseek-v4-pro-0813-high::short-trace-final::Omega_CC,deepseek-v4-pro-0813-high::codecontests-test-1603e::short-trace-final,codecontests-test-1603e,,deepseek-v4-pro-0813-high,short-trace-final,short-trace-final,static,Omega_CC,24,1
static::deepseek-v4-pro-0813-high::short-trace-final::Omega_CC,deepseek-v4-pro-0813-high::codecontests-test-1608e::short-trace-final,codecontests-test-1608e,,deepseek-v4-pro-0813-high,short-trace-final,short-trace-final,static,Omega_CC,76,1
static::deepseek-v4-pro-0813-high::short-trace-final::Omega_CC,deepseek-v4-pro-0813-high::codecontests-test-1608f::short-trace-final,codecontests-test-1608f,,deepseek-v4-pro-0813-high,short-trace-final,short-trace-final,static,Omega_CC,25,1
static::deepseek-v4-pro-0813-high::short-trace-final::Omega_CC,deepseek-v4-pro-0813-high::codecontests-test-1615g::short-trace-final,codecontests-test-1615g,,deepseek-v4-pro-0813-high,short-trace-final,short-trace-final,static,Omega_CC,84,1
static::deepseek-v4-pro-0813-high::short-trace-final::Omega_CC,deepseek-v4-pro-0813-high::codecontests-test-1615h::short-trace-final,codecontests-test-1615h,,deepseek-v4-pro-0813-high,short-trace-final,short-trace-final,static,Omega_CC,37,1
static::deepseek-v4-pro-0813-high::short-trace-final::Omega_CC,deepseek-v4-pro-0813-high::codecontests-test-1617e::short-trace-final,codecontests-test-1617e,,deepseek-v4-pro-0813-high,short-trace-final,short-trace-final,static,Omega_CC,128,1
static::deepseek-v4-pro-0813-high::short-trace-final::Omega_CC,deepseek-v4-pro-0813-high::codecontests-test-1620g::short-trace-final,codecontests-test-1620g,,deepseek-v4-pro-0813-high,short-trace-final,short-trace-final,static,Omega_CC,19,1
static::deepseek-v4-pro-0813-high::short-trace-final::Omega_CC,deepseek-v4-pro-0813-high::codecontests-validation-1552g::short-trace-final,codecontests-validation-1552g,,deepseek-v4-pro-0813-high,short-trace-final,short-trace-final,static,Omega_CC,18,1
static::deepseek-v4-pro-0813-high::short-trace-final::Omega_CC,deepseek-v4-pro-0813-high::codecontests-validation-1553h::short-trace-final,codecontests-validation-1553h,,deepseek-v4-pro-0813-high,short-trace-final,short-trace-final,static,Omega_CC,23,1
static::deepseek-v4-pro-0813-high::short-trace-final::Omega_CC,deepseek-v4-pro-0813-high::codecontests-validation-1556f::short-trace-final,codecontests-validation-1556f,,deepseek-v4-pro-0813-high,short-trace-final,short-trace-final,static,Omega_CC,69,1
static::deepseek-v4-pro-0813-high::short-trace-final::Omega_CC,deepseek-v4-pro-0813-high::codecontests-validation-1567f::short-trace-final,codecontests-validation-1567f,,deepseek-v4-pro-0813-high,short-trace-final,short-trace-final,static,Omega_CC,42,1
static::deepseek-v4-pro-0813-high::short-trace-final::Omega_CC,deepseek-v4-pro-0813-high::codecontests-validation-1569e::short-trace-final,codecontests-validation-1569e,,deepseek-v4-pro-0813-high,short-trace-final,short-trace-final,static,Omega_CC,47,1
static::deepseek-v4-pro-0813-high::short-trace-final::Omega_CC,deepseek-v4-pro-0813-high::codecontests-validation-1569f::short-trace-final,codecontests-validation-1569f,,deepseek-v4-pro-0813-high,short-trace-final,short-trace-final,static,Omega_CC,60,1
static::deepseek-v4-pro-0813-high::short-trace-final::Omega_CC,deepseek-v4-pro-0813-high::codecontests-validation-1572d::short-trace-final,codecontests-validation-1572d,,deepseek-v4-pro-0813-high,short-trace-final,short-trace-final,static,Omega_CC,37,1
static::deepseek-v4-pro-0813-high::short-trace-final::Omega_CC,deepseek-v4-pro-0813-high::codecontests-validation-1572e::short-trace-final,codecontests-validation-1572e,,deepseek-v4-pro-0813-high,short-trace-final,short-trace-final,static,Omega_CC,28,1
static::deepseek-v4-pro-0813-high::short-trace-final::Omega_CC,deepseek-v4-pro-0813-high::codecontests-validation-1574f::short-trace-final,codecontests-validation-1574f,,deepseek-v4-pro-0813-high,short-trace-final,short-trace-final,static,Omega_CC,86,1
static::deepseek-v4-pro-0813-off::inside-loop-state::Omega_CC,deepseek-v4-pro-0813-off::codecontests-test-1580b::inside-loop-state,codecontests-test-1580b,,deepseek-v4-pro-0813-off,inside-loop-state,inside-loop-state,static,Omega_CC,29,0
static::deepseek-v4-pro-0813-off::inside-loop-state::Omega_CC,deepseek-v4-pro-0813-off::codecontests-test-1580f::inside-loop-state,codecontests-test-1580f,,deepseek-v4-pro-0813-off,inside-loop-state,inside-loop-state,static,Omega_CC,50,0
static::deepseek-v4-pro-0813-off::inside-loop-state::Omega_CC,deepseek-v4-pro-0813-off::codecontests-test-1586f::inside-loop-state,codecontests-test-1586f,,deepseek-v4-pro-0813-off,inside-loop-state,inside-loop-state,static,Omega_CC,21,0
static::deepseek-v4-pro-0813-off::inside-loop-state::Omega_CC,deepseek-v4-pro-0813-off::codecontests-test-1598f::inside-loop-state,codecontests-test-1598f,,deepseek-v4-pro-0813-off,inside-loop-state,inside-loop-state,static,Omega_CC,21,0
static::deepseek-v4-pro-0813-off::inside-loop-state::Omega_CC,deepseek-v4-pro-0813-off::codecontests-test-1599d::inside-loop-state,codecontests-test-1599d,,deepseek-v4-pro-0813-off,inside-loop-state,inside-loop-state,static,Omega_CC,94,0
static::deepseek-v4-pro-0813-off::inside-loop-state::Omega_CC,deepseek-v4-pro-0813-off::codecontests-test-1599j::inside-loop-state,codecontests-test-1599j,,deepseek-v4-pro-0813-off,inside-loop-state,inside-loop-state,static,Omega_CC,63,0
static::deepseek-v4-pro-0813-off::inside-loop-state::Omega_CC,deepseek-v4-pro-0813-off::codecontests-test-1603e::inside-loop-state,codecontests-test-1603e,,deepseek-v4-pro-0813-off,inside-loop-state,inside-loop-state,static,Omega_CC,32,0
static::deepseek-v4-pro-0813-off::inside-loop-state::Omega_CC,deepseek-v4-pro-0813-off::codecontests-test-1608e::inside-loop-state,codecontests-test-1608e,,deepseek-v4-pro-0813-off,inside-loop-state,inside-loop-state,static,Omega_CC,84,0
static::deepseek-v4-pro-0813-off::inside-loop-state::Omega_CC,deepseek-v4-pro-0813-off::codecontests-test-1608f::inside-loop-state,codecontests-test-1608f,,deepseek-v4-pro-0813-off,inside-loop-state,inside-loop-state,static,Omega_CC,33,0
static::deepseek-v4-pro-0813-off::inside-loop-state::Omega_CC,deepseek-v4-pro-0813-off::codecontests-test-1615g::inside-loop-state,codecontests-test-1615g,,deepseek-v4-pro-0813-off,inside-loop-state,inside-loop-state,static,Omega_CC,92,0
static::deepseek-v4-pro-0813-off::inside-loop-state::Omega_CC,deepseek-v4-pro-0813-off::codecontests-test-1615h::inside-loop-state,codecontests-test-1615h,,deepseek-v4-pro-0813-off,inside-loop-state,inside-loop-state,static,Omega_CC,45,0
static::deepseek-v4-pro-0813-off::inside-loop-state::Omega_CC,deepseek-v4-pro-0813-off::codecontests-test-1617e::inside-loop-state,codecontests-test-1617e,,deepseek-v4-pro-0813-off,inside-loop-state,inside-loop-state,static,Omega_CC,136,0
static::deepseek-v4-pro-0813-off::inside-loop-state::Omega_CC,deepseek-v4-pro-0813-off::codecontests-test-1620g::inside-loop-state,codecontests-test-1620g,,deepseek-v4-pro-0813-off,inside-loop-state,inside-loop-state,static,Omega_CC,27,0
static::deepseek-v4-pro-0813-off::inside-loop-state::Omega_CC,deepseek-v4-pro-0813-off::codecontests-validation-1552g::inside-loop-state,codecontests-validation-1552g,,deepseek-v4-pro-0813-off,inside-loop-state,inside-loop-state,static,Omega_CC,26,0
static::deepseek-v4-pro-0813-off::inside-loop-state::Omega_CC,deepseek-v4-pro-0813-off::codecontests-validation-1553h::inside-loop-state,codecontests-validation-1553h,,deepseek-v4-pro-0813-off,inside-loop-state,inside-loop-state,static,Omega_CC,31,0
static::deepseek-v4-pro-0813-off::inside-loop-state::Omega_CC,deepseek-v4-pro-0813-off::codecontests-validation-1556f::inside-loop-state,codecontests-validation-1556f,,deepseek-v4-pro-0813-off,inside-loop-state,inside-loop-state,static,Omega_CC,79,0
static::deepseek-v4-pro-0813-off::inside-loop-state::Omega_CC,deepseek-v4-pro-0813-off::codecontests-validation-1567f::inside-loop-state,codecontests-validation-1567f,,deepseek-v4-pro-0813-off,inside-loop-state,inside-loop-state,static,Omega_CC,50,0
static::deepseek-v4-pro-0813-off::inside-loop-state::Omega_CC,deepseek-v4-pro-0813-off::codecontests-validation-1569e::inside-loop-state,codecontests-validation-1569e,,deepseek-v4-pro-0813-off,inside-loop-state,inside-loop-state,static,Omega_CC,55,0
static::deepseek-v4-pro-0813-off::inside-loop-state::Omega_CC,deepseek-v4-pro-0813-off::codecontests-validation-1569f::inside-loop-state,codecontests-validation-1569f,,deepseek-v4-pro-0813-off,inside-loop-state,inside-loop-state,static,Omega_CC,68,0
static::deepseek-v4-pro-0813-off::inside-loop-state::Omega_CC,deepseek-v4-pro-0813-off::codecontests-validation-1572d::inside-loop-state,codecontests-validation-1572d,,deepseek-v4-pro-0813-off,inside-loop-state,inside-loop-state,static,Omega_CC,47,0
static::deepseek-v4-pro-0813-off::inside-loop-state::Omega_CC,deepseek-v4-pro-0813-off::codecontests-validation-1572e::inside-loop-state,codecontests-validation-1572e,,deepseek-v4-pro-0813-off,inside-loop-state,inside-loop-state,static,Omega_CC,36,0
static::deepseek-v4-pro-0813-off::inside-loop-state::Omega_CC,deepseek-v4-pro-0813-off::codecontests-validation-1574f::inside-loop-state,codecontests-validation-1574f,,deepseek-v4-pro-0813-off,inside-loop-state,inside-loop-state,static,Omega_CC,96,0
static::deepseek-v4-pro-0813-off::long-trace-final::Omega_CC,deepseek-v4-pro-0813-off::codecontests-test-1580b::long-trace-final,codecontests-test-1580b,,deepseek-v4-pro-0813-off,long-trace-final,long-trace-final,static,Omega_CC,21,0
static::deepseek-v4-pro-0813-off::long-trace-final::Omega_CC,deepseek-v4-pro-0813-off::codecontests-test-1580f::long-trace-final,codecontests-test-1580f,,deepseek-v4-pro-0813-off,long-trace-final,long-trace-final,static,Omega_CC,42,0
static::deepseek-v4-pro-0813-off::long-trace-final::Omega_CC,deepseek-v4-pro-0813-off::codecontests-test-1586f::long-trace-final,codecontests-test-1586f,,deepseek-v4-pro-0813-off,long-trace-final,long-trace-final,static,Omega_CC,13,0
static::deepseek-v4-pro-0813-off::long-trace-final::Omega_CC,deepseek-v4-pro-0813-off::codecontests-test-1598f::long-trace-final,codecontests-test-1598f,,deepseek-v4-pro-0813-off,long-trace-final,long-trace-final,static,Omega_CC,13,0
static::deepseek-v4-pro-0813-off::long-trace-final::Omega_CC,deepseek-v4-pro-0813-off::codecontests-test-1599d::long-trace-final,codecontests-test-1599d,,deepseek-v4-pro-0813-off,long-trace-final,long-trace-final,static,Omega_CC,86,0
static::deepseek-v4-pro-0813-off::long-trace-final::Omega_CC,deepseek-v4-pro-0813-off::codecontests-test-1599j::long-trace-final,codecontests-test-1599j,,deepseek-v4-pro-0813-off,long-trace-final,long-trace-final,static,Omega_CC,55,1
static::deepseek-v4-pro-0813-off::long-trace-final::Omega_CC,deepseek-v4-pro-0813-off::codecontests-test-1603e::long-trace-final,codecontests-test-1603e,,deepseek-v4-pro-0813-off,long-trace-final,long-trace-final,static,Omega_CC,24,0
static::deepseek-v4-pro-0813-off::long-trace-final::Omega_CC,deepseek-v4-pro-0813-off::codecontests-test-1608e::long-trace-final,codecontests-test-1608e,,deepseek-v4-pro-0813-off,long-trace-final,long-trace-final,static,Omega_CC,76,0
static::deepseek-v4-pro-0813-off::long-trace-final::Omega_CC,deepseek-v4-pro-0813-off::codecontests-test-1608f::long-trace-final,codecontests-test-1608f,,deepseek-v4-pro-0813-off,long-trace-final,long-trace-final,static,Omega_CC,25,0
static::deepseek-v4-pro-0813-off::long-trace-final::Omega_CC,deepseek-v4-pro-0813-off::codecontests-test-1615g::long-trace-final,codecontests-test-1615g,,deepseek-v4-pro-0813-off,long-trace-final,long-trace-final,static,Omega_CC,84,0
static::deepseek-v4-pro-0813-off::long-trace-final::Omega_CC,deepseek-v4-pro-0813-off::codecontests-test-1615h::long-trace-final,codecontests-test-1615h,,deepseek-v4-pro-0813-off,long-trace-final,long-trace-final,static,Omega_CC,37,0
static::deepseek-v4-pro-0813-off::long-trace-final::Omega_CC,deepseek-v4-pro-0813-off::codecontests-test-1617e::long-trace-final,codecontests-test-1617e,,deepseek-v4-pro-0813-off,long-trace-final,long-trace-final,static,Omega_CC,128,0
static::deepseek-v4-pro-0813-off::long-trace-final::Omega_CC,deepseek-v4-pro-0813-off::codecontests-test-1620g::long-trace-final,codecontests-test-1620g,,deepseek-v4-pro-0813-off,long-trace-final,long-trace-final,static,Omega_CC,19,0
static::deepseek-v4-pro-0813-off::long-trace-final::Omega_CC,deepseek-v4-pro-0813-off::codecontests-validation-1552g::long-trace-final,codecontests-validation-1552g,,deepseek-v4-pro-0813-off,long-trace-final,long-trace-final,static,Omega_CC,18,1
static::deepseek-v4-pro-0813-off::long-trace-final::Omega_CC,deepseek-v4-pro-0813-off::codecontests-validation-1553h::long-trace-final,codecontests-validation-1553h,,deepseek-v4-pro-0813-off,long-trace-final,long-trace-final,static,Omega_CC,23,0
static::deepseek-v4-pro-0813-off::long-trace-final::Omega_CC,deepseek-v4-pro-0813-off::codecontests-validation-1556f::long-trace-final,codecontests-validation-1556f,,deepseek-v4-pro-0813-off,long-trace-final,long-trace-final,static,Omega_CC,69,0
static::deepseek-v4-pro-0813-off::long-trace-final::Omega_CC,deepseek-v4-pro-0813-off::codecontests-validation-1567f::long-trace-final,codecontests-validation-1567f,,deepseek-v4-pro-0813-off,long-trace-final,long-trace-final,static,Omega_CC,42,0
static::deepseek-v4-pro-0813-off::long-trace-final::Omega_CC,deepseek-v4-pro-0813-off::codecontests-validation-1569e::long-trace-final,codecontests-validation-1569e,,deepseek-v4-pro-0813-off,long-trace-final,long-trace-final,static,Omega_CC,47,0
static::deepseek-v4-pro-0813-off::long-trace-final::Omega_CC,deepseek-v4-pro-0813-off::codecontests-validation-1569f::long-trace-final,codecontests-validation-1569f,,deepseek-v4-pro-0813-off,long-trace-final,long-trace-final,static,Omega_CC,60,1
static::deepseek-v4-pro-0813-off::long-trace-final::Omega_CC,deepseek-v4-pro-0813-off::codecontests-validation-1572d::long-trace-final,codecontests-validation-1572d,,deepseek-v4-pro-0813-off,long-trace-final,long-trace-final,static,Omega_CC,37,0
static::deepseek-v4-pro-0813-off::long-trace-final::Omega_CC,deepseek-v4-pro-0813-off::codecontests-validation-1572e::long-trace-final,codecontests-validation-1572e,,deepseek-v4-pro-0813-off,long-trace-final,long-trace-final,static,Omega_CC,28,0
static::deepseek-v4-pro-0813-off::long-trace-final::Omega_CC,deepseek-v4-pro-0813-off::codecontests-validation-1574f::long-trace-final,codecontests-validation-1574f,,deepseek-v4-pro-0813-off,long-trace-final,long-trace-final,static,Omega_CC,86,0
static::deepseek-v4-pro-0813-off::post-loop-state::Omega_CC,deepseek-v4-pro-0813-off::codecontests-test-1580b::post-loop-state,codecontests-test-1580b,,deepseek-v4-pro-0813-off,post-loop-state,post-loop-state,static,Omega_CC,29,0
static::deepseek-v4-pro-0813-off::post-loop-state::Omega_CC,deepseek-v4-pro-0813-off::codecontests-test-1580f::post-loop-state,codecontests-test-1580f,,deepseek-v4-pro-0813-off,post-loop-state,post-loop-state,static,Omega_CC,50,0
static::deepseek-v4-pro-0813-off::post-loop-state::Omega_CC,deepseek-v4-pro-0813-off::codecontests-test-1586f::post-loop-state,codecontests-test-1586f,,deepseek-v4-pro-0813-off,post-loop-state,post-loop-state,static,Omega_CC,21,0
static::deepseek-v4-pro-0813-off::post-loop-state::Omega_CC,deepseek-v4-pro-0813-off::codecontests-test-1598f::post-loop-state,codecontests-test-1598f,,deepseek-v4-pro-0813-off,post-loop-state,post-loop-state,static,Omega_CC,21,0
static::deepseek-v4-pro-0813-off::post-loop-state::Omega_CC,deepseek-v4-pro-0813-off::codecontests-test-1599d::post-loop-state,codecontests-test-1599d,,deepseek-v4-pro-0813-off,post-loop-state,post-loop-state,static,Omega_CC,94,0
static::deepseek-v4-pro-0813-off::post-loop-state::Omega_CC,deepseek-v4-pro-0813-off::codecontests-test-1599j::post-loop-state,codecontests-test-1599j,,deepseek-v4-pro-0813-off,post-loop-state,post-loop-state,static,Omega_CC,63,0
static::deepseek-v4-pro-0813-off::post-loop-state::Omega_CC,deepseek-v4-pro-0813-off::codecontests-test-1603e::post-loop-state,codecontests-test-1603e,,deepseek-v4-pro-0813-off,post-loop-state,post-loop-state,static,Omega_CC,32,0
static::deepseek-v4-pro-0813-off::post-loop-state::Omega_CC,deepseek-v4-pro-0813-off::codecontests-test-1608e::post-loop-state,codecontests-test-1608e,,deepseek-v4-pro-0813-off,post-loop-state,post-loop-state,static,Omega_CC,84,0
static::deepseek-v4-pro-0813-off::post-loop-state::Omega_CC,deepseek-v4-pro-0813-off::codecontests-test-1608f::post-loop-state,codecontests-test-1608f,,deepseek-v4-pro-0813-off,post-loop-state,post-loop-state,static,Omega_CC,33,0
static::deepseek-v4-pro-0813-off::post-loop-state::Omega_CC,deepseek-v4-pro-0813-off::codecontests-test-1615g::post-loop-state,codecontests-test-1615g,,deepseek-v4-pro-0813-off,post-loop-state,post-loop-state,static,Omega_CC,92,0
static::deepseek-v4-pro-0813-off::post-loop-state::Omega_CC,deepseek-v4-pro-0813-off::codecontests-test-1615h::post-loop-state,codecontests-test-1615h,,deepseek-v4-pro-0813-off,post-loop-state,post-loop-state,static,Omega_CC,45,0
static::deepseek-v4-pro-0813-off::post-loop-state::Omega_CC,deepseek-v4-pro-0813-off::codecontests-test-1617e::post-loop-state,codecontests-test-1617e,,deepseek-v4-pro-0813-off,post-loop-state,post-loop-state,static,Omega_CC,136,0
static::deepseek-v4-pro-0813-off::post-loop-state::Omega_CC,deepseek-v4-pro-0813-off::codecontests-test-1620g::post-loop-state,codecontests-test-1620g,,deepseek-v4-pro-0813-off,post-loop-state,post-loop-state,static,Omega_CC,27,0
static::deepseek-v4-pro-0813-off::post-loop-state::Omega_CC,deepseek-v4-pro-0813-off::codecontests-validation-1552g::post-loop-state,codecontests-validation-1552g,,deepseek-v4-pro-0813-off,post-loop-state,post-loop-state,static,Omega_CC,26,0
static::deepseek-v4-pro-0813-off::post-loop-state::Omega_CC,deepseek-v4-pro-0813-off::codecontests-validation-1553h::post-loop-state,codecontests-validation-1553h,,deepseek-v4-pro-0813-off,post-loop-state,post-loop-state,static,Omega_CC,31,0
static::deepseek-v4-pro-0813-off::post-loop-state::Omega_CC,deepseek-v4-pro-0813-off::codecontests-validation-1556f::post-loop-state,codecontests-validation-1556f,,deepseek-v4-pro-0813-off,post-loop-state,post-loop-state,static,Omega_CC,79,0
static::deepseek-v4-pro-0813-off::post-loop-state::Omega_CC,deepseek-v4-pro-0813-off::codecontests-validation-1567f::post-loop-state,codecontests-validation-1567f,,deepseek-v4-pro-0813-off,post-loop-state,post-loop-state,static,Omega_CC,50,0
static::deepseek-v4-pro-0813-off::post-loop-state::Omega_CC,deepseek-v4-pro-0813-off::codecontests-validation-1569e::post-loop-state,codecontests-validation-1569e,,deepseek-v4-pro-0813-off,post-loop-state,post-loop-state,static,Omega_CC,55,0
static::deepseek-v4-pro-0813-off::post-loop-state::Omega_CC,deepseek-v4-pro-0813-off::codecontests-validation-1569f::post-loop-state,codecontests-validation-1569f,,deepseek-v4-pro-0813-off,post-loop-state,post-loop-state,static,Omega_CC,68,0
static::deepseek-v4-pro-0813-off::post-loop-state::Omega_CC,deepseek-v4-pro-0813-off::codecontests-validation-1572d::post-loop-state,codecontests-validation-1572d,,deepseek-v4-pro-0813-off,post-loop-state,post-loop-state,static,Omega_CC,47,0
static::deepseek-v4-pro-0813-off::post-loop-state::Omega_CC,deepseek-v4-pro-0813-off::codecontests-validation-1572e::post-loop-state,codecontests-validation-1572e,,deepseek-v4-pro-0813-off,post-loop-state,post-loop-state,static,Omega_CC,36,0
static::deepseek-v4-pro-0813-off::post-loop-state::Omega_CC,deepseek-v4-pro-0813-off::codecontests-validation-1574f::post-loop-state,codecontests-validation-1574f,,deepseek-v4-pro-0813-off,post-loop-state,post-loop-state,static,Omega_CC,96,0
static::deepseek-v4-pro-0813-off::short-trace-final::Omega_CC,deepseek-v4-pro-0813-off::codecontests-test-1580b::short-trace-final,codecontests-test-1580b,,deepseek-v4-pro-0813-off,short-trace-final,short-trace-final,static,Omega_CC,21,0
static::deepseek-v4-pro-0813-off::short-trace-final::Omega_CC,deepseek-v4-pro-0813-off::codecontests-test-1580f::short-trace-final,codecontests-test-1580f,,deepseek-v4-pro-0813-off,short-trace-final,short-trace-final,static,Omega_CC,42,0
static::deepseek-v4-pro-0813-off::short-trace-final::Omega_CC,deepseek-v4-pro-0813-off::codecontests-test-1586f::short-trace-final,codecontests-test-1586f,,deepseek-v4-pro-0813-off,short-trace-final,short-trace-final,static,Omega_CC,13,0
static::deepseek-v4-pro-0813-off::short-trace-final::Omega_CC,deepseek-v4-pro-0813-off::codecontests-test-1598f::short-trace-final,codecontests-test-1598f,,deepseek-v4-pro-0813-off,short-trace-final,short-trace-final,static,Omega_CC,13,0
static::deepseek-v4-pro-0813-off::short-trace-final::Omega_CC,deepseek-v4-pro-0813-off::codecontests-test-1599d::short-trace-final,codecontests-test-1599d,,deepseek-v4-pro-0813-off,short-trace-final,short-trace-final,static,Omega_CC,86,0
static::deepseek-v4-pro-0813-off::short-trace-final::Omega_CC,deepseek-v4-pro-0813-off::codecontests-test-1599j::short-trace-final,codecontests-test-1599j,,deepseek-v4-pro-0813-off,short-trace-final,short-trace-final,static,Omega_CC,55,0
static::deepseek-v4-pro-0813-off::short-trace-final::Omega_CC,deepseek-v4-pro-0813-off::codecontests-test-1603e::short-trace-final,codecontests-test-1603e,,deepseek-v4-pro-0813-off,short-trace-final,short-trace-final,static,Omega_CC,24,0
static::deepseek-v4-pro-0813-off::short-trace-final::Omega_CC,deepseek-v4-pro-0813-off::codecontests-test-1608e::short-trace-final,codecontests-test-1608e,,deepseek-v4-pro-0813-off,short-trace-final,short-trace-final,static,Omega_CC,76,1
static::deepseek-v4-pro-0813-off::short-trace-final::Omega_CC,deepseek-v4-pro-0813-off::codecontests-test-1608f::short-trace-final,codecontests-test-1608f,,deepseek-v4-pro-0813-off,short-trace-final,short-trace-final,static,Omega_CC,25,0
static::deepseek-v4-pro-0813-off::short-trace-final::Omega_CC,deepseek-v4-pro-0813-off::codecontests-test-1615g::short-trace-final,codecontests-test-1615g,,deepseek-v4-pro-0813-off,short-trace-final,short-trace-final,static,Omega_CC,84,1
static::deepseek-v4-pro-0813-off::short-trace-final::Omega_CC,deepseek-v4-pro-0813-off::codecontests-test-1615h::short-trace-final,codecontests-test-1615h,,deepseek-v4-pro-0813-off,short-trace-final,short-trace-final,static,Omega_CC,37,0
static::deepseek-v4-pro-0813-off::short-trace-final::Omega_CC,deepseek-v4-pro-0813-off::codecontests-test-1617e::short-trace-final,codecontests-test-1617e,,deepseek-v4-pro-0813-off,short-trace-final,short-trace-final,static,Omega_CC,128,0
static::deepseek-v4-pro-0813-off::short-trace-final::Omega_CC,deepseek-v4-pro-0813-off::codecontests-test-1620g::short-trace-final,codecontests-test-1620g,,deepseek-v4-pro-0813-off,short-trace-final,short-trace-final,static,Omega_CC,19,0
static::deepseek-v4-pro-0813-off::short-trace-final::Omega_CC,deepseek-v4-pro-0813-off::codecontests-validation-1552g::short-trace-final,codecontests-validation-1552g,,deepseek-v4-pro-0813-off,short-trace-final,short-trace-final,static,Omega_CC,18,1
static::deepseek-v4-pro-0813-off::short-trace-final::Omega_CC,deepseek-v4-pro-0813-off::codecontests-validation-1553h::short-trace-final,codecontests-validation-1553h,,deepseek-v4-pro-0813-off,short-trace-final,short-trace-final,static,Omega_CC,23,0
static::deepseek-v4-pro-0813-off::short-trace-final::Omega_CC,deepseek-v4-pro-0813-off::codecontests-validation-1556f::short-trace-final,codecontests-validation-1556f,,deepseek-v4-pro-0813-off,short-trace-final,short-trace-final,static,Omega_CC,69,0
static::deepseek-v4-pro-0813-off::short-trace-final::Omega_CC,deepseek-v4-pro-0813-off::codecontests-validation-1567f::short-trace-final,codecontests-validation-1567f,,deepseek-v4-pro-0813-off,short-trace-final,short-trace-final,static,Omega_CC,42,0
static::deepseek-v4-pro-0813-off::short-trace-final::Omega_CC,deepseek-v4-pro-0813-off::codecontests-validation-1569e::short-trace-final,codecontests-validation-1569e,,deepseek-v4-pro-0813-off,short-trace-final,short-trace-final,static,Omega_CC,47,0
static::deepseek-v4-pro-0813-off::short-trace-final::Omega_CC,deepseek-v4-pro-0813-off::codecontests-validation-1569f::short-trace-final,codecontests-validation-1569f,,deepseek-v4-pro-0813-off,short-trace-final,short-trace-final,static,Omega_CC,60,0
static::deepseek-v4-pro-0813-off::short-trace-final::Omega_CC,deepseek-v4-pro-0813-off::codecontests-validation-1572d::short-trace-final,codecontests-validation-1572d,,deepseek-v4-pro-0813-off,short-trace-final,short-trace-final,static,Omega_CC,37,0
static::deepseek-v4-pro-0813-off::short-trace-final::Omega_CC,deepseek-v4-pro-0813-off::codecontests-validation-1572e::short-trace-final,codecontests-validation-1572e,,deepseek-v4-pro-0813-off,short-trace-final,short-trace-final,static,Omega_CC,28,0
static::deepseek-v4-pro-0813-off::short-trace-final::Omega_CC,deepseek-v4-pro-0813-off::codecontests-validation-1574f::short-trace-final,codecontests-validation-1574f,,deepseek-v4-pro-0813-off,short-trace-final,short-trace-final,static,Omega_CC,86,0
static::glm-5.3-high::inside-loop-state::Omega_CC,glm-5.3-high::codecontests-test-1580b::inside-loop-state,codecontests-test-1580b,,glm-5.3-high,inside-loop-state,inside-loop-state,static,Omega_CC,29,1
static::glm-5.3-high::inside-loop-state::Omega_CC,glm-5.3-high::codecontests-test-1580f::inside-loop-state,codecontests-test-1580f,,glm-5.3-high,inside-loop-state,inside-loop-state,static,Omega_CC,50,0
static::glm-5.3-high::inside-loop-state::Omega_CC,glm-5.3-high::codecontests-test-1586f::inside-loop-state,codecontests-test-1586f,,glm-5.3-high,inside-loop-state,inside-loop-state,static,Omega_CC,21,0
static::glm-5.3-high::inside-loop-state::Omega_CC,glm-5.3-high::codecontests-test-1598f::inside-loop-state,codecontests-test-1598f,,glm-5.3-high,inside-loop-state,inside-loop-state,static,Omega_CC,21,1
static::glm-5.3-high::inside-loop-state::Omega_CC,glm-5.3-high::codecontests-test-1599d::inside-loop-state,codecontests-test-1599d,,glm-5.3-high,inside-loop-state,inside-loop-state,static,Omega_CC,94,1
static::glm-5.3-high::inside-loop-state::Omega_CC,glm-5.3-high::codecontests-test-1599j::inside-loop-state,codecontests-test-1599j,,glm-5.3-high,inside-loop-state,inside-loop-state,static,Omega_CC,63,1
static::glm-5.3-high::inside-loop-state::Omega_CC,glm-5.3-high::codecontests-test-1603e::inside-loop-state,codecontests-test-1603e,,glm-5.3-high,inside-loop-state,inside-loop-state,static,Omega_CC,32,1
static::glm-5.3-high::inside-loop-state::Omega_CC,glm-5.3-high::codecontests-test-1608e::inside-loop-state,codecontests-test-1608e,,glm-5.3-high,inside-loop-state,inside-loop-state,static,Omega_CC,84,1
static::glm-5.3-high::inside-loop-state::Omega_CC,glm-5.3-high::codecontests-test-1608f::inside-loop-state,codecontests-test-1608f,,glm-5.3-high,inside-loop-state,inside-loop-state,static,Omega_CC,33,0
static::glm-5.3-high::inside-loop-state::Omega_CC,glm-5.3-high::codecontests-test-1615g::inside-loop-state,codecontests-test-1615g,,glm-5.3-high,inside-loop-state,inside-loop-state,static,Omega_CC,92,0
static::glm-5.3-high::inside-loop-state::Omega_CC,glm-5.3-high::codecontests-test-1615h::inside-loop-state,codecontests-test-1615h,,glm-5.3-high,inside-loop-state,inside-loop-state,static,Omega_CC,45,0
static::glm-5.3-high::inside-loop-state::Omega_CC,glm-5.3-high::codecontests-test-1617e::inside-loop-state,codecontests-test-1617e,,glm-5.3-high,inside-loop-state,inside-loop-state,static,Omega_CC,136,1
static::glm-5.3-high::inside-loop-state::Omega_CC,glm-5.3-high::codecontests-test-1620g::inside-loop-state,codecontests-test-1620g,,glm-5.3-high,inside-loop-state,inside-loop-state,static,Omega_CC,27,1
static::glm-5.3-high::inside-loop-state::Omega_CC,glm-5.3-high::codecontests-validation-1552g::inside-loop-state,codecontests-validation-1552g,,glm-5.3-high,inside-loop-state,inside-loop-state,static,Omega_CC,26,1
static::glm-5.3-high::inside-loop-state::Omega_CC,glm-5.3-high::codecontests-validation-1553h::inside-loop-state,codecontests-validation-1553h,,glm-5.3-high,inside-loop-state,inside-loop-state,static,Omega_CC,31,0
static::glm-5.3-high::inside-loop-state::Omega_CC,glm-5.3-high::codecontests-validation-1556f::inside-loop-state,codecontests-validation-1556f,,glm-5.3-high,inside-loop-state,inside-loop-state,static,Omega_CC,79,0
static::glm-5.3-high::inside-loop-state::Omega_CC,glm-5.3-high::codecontests-validation-1567f::inside-loop-state,codecontests-validation-1567f,,glm-5.3-high,inside-loop-state,inside-loop-state,static,Omega_CC,50,1
static::glm-5.3-high::inside-loop-state::Omega_CC,glm-5.3-high::codecontests-validation-1569e::inside-loop-state,codecontests-validation-1569e,,glm-5.3-high,inside-loop-state,inside-loop-state,static,Omega_CC,55,0
static::glm-5.3-high::inside-loop-state::Omega_CC,glm-5.3-high::codecontests-validation-1569f::inside-loop-state,codecontests-validation-1569f,,glm-5.3-high,inside-loop-state,inside-loop-state,static,Omega_CC,68,1
static::glm-5.3-high::inside-loop-state::Omega_CC,glm-5.3-high::codecontests-validation-1572d::inside-loop-state,codecontests-validation-1572d,,glm-5.3-high,inside-loop-state,inside-loop-state,static,Omega_CC,47,0
static::glm-5.3-high::inside-loop-state::Omega_CC,glm-5.3-high::codecontests-validation-1572e::inside-loop-state,codecontests-validation-1572e,,glm-5.3-high,inside-loop-state,inside-loop-state,static,Omega_CC,36,1
static::glm-5.3-high::inside-loop-state::Omega_CC,glm-5.3-high::codecontests-validation-1574f::inside-loop-state,codecontests-validation-1574f,,glm-5.3-high,inside-loop-state,inside-loop-state,static,Omega_CC,96,0
static::glm-5.3-high::long-trace-final::Omega_CC,glm-5.3-high::codecontests-test-1580b::long-trace-final,codecontests-test-1580b,,glm-5.3-high,long-trace-final,long-trace-final,static,Omega_CC,21,0
static::glm-5.3-high::long-trace-final::Omega_CC,glm-5.3-high::codecontests-test-1580f::long-trace-final,codecontests-test-1580f,,glm-5.3-high,long-trace-final,long-trace-final,static,Omega_CC,42,1
static::glm-5.3-high::long-trace-final::Omega_CC,glm-5.3-high::codecontests-test-1586f::long-trace-final,codecontests-test-1586f,,glm-5.3-high,long-trace-final,long-trace-final,static,Omega_CC,13,0
static::glm-5.3-high::long-trace-final::Omega_CC,glm-5.3-high::codecontests-test-1598f::long-trace-final,codecontests-test-1598f,,glm-5.3-high,long-trace-final,long-trace-final,static,Omega_CC,13,1
static::glm-5.3-high::long-trace-final::Omega_CC,glm-5.3-high::codecontests-test-1599d::long-trace-final,codecontests-test-1599d,,glm-5.3-high,long-trace-final,long-trace-final,static,Omega_CC,86,1
static::glm-5.3-high::long-trace-final::Omega_CC,glm-5.3-high::codecontests-test-1599j::long-trace-final,codecontests-test-1599j,,glm-5.3-high,long-trace-final,long-trace-final,static,Omega_CC,55,0
static::glm-5.3-high::long-trace-final::Omega_CC,glm-5.3-high::codecontests-test-1603e::long-trace-final,codecontests-test-1603e,,glm-5.3-high,long-trace-final,long-trace-final,static,Omega_CC,24,0
static::glm-5.3-high::long-trace-final::Omega_CC,glm-5.3-high::codecontests-test-1608e::long-trace-final,codecontests-test-1608e,,glm-5.3-high,long-trace-final,long-trace-final,static,Omega_CC,76,1
static::glm-5.3-high::long-trace-final::Omega_CC,glm-5.3-high::codecontests-test-1608f::long-trace-final,codecontests-test-1608f,,glm-5.3-high,long-trace-final,long-trace-final,static,Omega_CC,25,0
static::glm-5.3-high::long-trace-final::Omega_CC,glm-5.3-high::codecontests-test-1615g::long-trace-final,codecontests-test-1615g,,glm-5.3-high,long-trace-final,long-trace-final,static,Omega_CC,84,1
static::glm-5.3-high::long-trace-final::Omega_CC,glm-5.3-high::codecontests-test-1615h::long-trace-final,codecontests-test-1615h,,glm-5.3-high,long-trace-final,long-trace-final,static,Omega_CC,37,1
static::glm-5.3-high::long-trace-final::Omega_CC,glm-5.3-high::codecontests-test-1617e::long-trace-final,codecontests-test-1617e,,glm-5.3-high,long-trace-final,long-trace-final,static,Omega_CC,128,1
static::glm-5.3-high::long-trace-final::Omega_CC,glm-5.3-high::codecontests-test-1620g::long-trace-final,codecontests-test-1620g,,glm-5.3-high,long-trace-final,long-trace-final,static,Omega_CC,19,0
static::glm-5.3-high::long-trace-final::Omega_CC,glm-5.3-high::codecontests-validation-1552g::long-trace-final,codecontests-validation-1552g,,glm-5.3-high,long-trace-final,long-trace-final,static,Omega_CC,18,1
static::glm-5.3-high::long-trace-final::Omega_CC,glm-5.3-high::codecontests-validation-1553h::long-trace-final,codecontests-validation-1553h,,glm-5.3-high,long-trace-final,long-trace-final,static,Omega_CC,23,1
static::glm-5.3-high::long-trace-final::Omega_CC,glm-5.3-high::codecontests-validation-1556f::long-trace-final,codecontests-validation-1556f,,glm-5.3-high,long-trace-final,long-trace-final,static,Omega_CC,69,0
static::glm-5.3-high::long-trace-final::Omega_CC,glm-5.3-high::codecontests-validation-1567f::long-trace-final,codecontests-validation-1567f,,glm-5.3-high,long-trace-final,long-trace-final,static,Omega_CC,42,1
static::glm-5.3-high::long-trace-final::Omega_CC,glm-5.3-high::codecontests-validation-1569e::long-trace-final,codecontests-validation-1569e,,glm-5.3-high,long-trace-final,long-trace-final,static,Omega_CC,47,1
static::glm-5.3-high::long-trace-final::Omega_CC,glm-5.3-high::codecontests-validation-1569f::long-trace-final,codecontests-validation-1569f,,glm-5.3-high,long-trace-final,long-trace-final,static,Omega_CC,60,1
static::glm-5.3-high::long-trace-final::Omega_CC,glm-5.3-high::codecontests-validation-1572d::long-trace-final,codecontests-validation-1572d,,glm-5.3-high,long-trace-final,long-trace-final,static,Omega_CC,37,1
static::glm-5.3-high::long-trace-final::Omega_CC,glm-5.3-high::codecontests-validation-1572e::long-trace-final,codecontests-validation-1572e,,glm-5.3-high,long-trace-final,long-trace-final,static,Omega_CC,28,1
static::glm-5.3-high::long-trace-final::Omega_CC,glm-5.3-high::codecontests-validation-1574f::long-trace-final,codecontests-validation-1574f,,glm-5.3-high,long-trace-final,long-trace-final,static,Omega_CC,86,0
static::glm-5.3-high::post-loop-state::Omega_CC,glm-5.3-high::codecontests-test-1580b::post-loop-state,codecontests-test-1580b,,glm-5.3-high,post-loop-state,post-loop-state,static,Omega_CC,29,1
static::glm-5.3-high::post-loop-state::Omega_CC,glm-5.3-high::codecontests-test-1580f::post-loop-state,codecontests-test-1580f,,glm-5.3-high,post-loop-state,post-loop-state,static,Omega_CC,50,0
static::glm-5.3-high::post-loop-state::Omega_CC,glm-5.3-high::codecontests-test-1586f::post-loop-state,codecontests-test-1586f,,glm-5.3-high,post-loop-state,post-loop-state,static,Omega_CC,21,1
static::glm-5.3-high::post-loop-state::Omega_CC,glm-5.3-high::codecontests-test-1598f::post-loop-state,codecontests-test-1598f,,glm-5.3-high,post-loop-state,post-loop-state,static,Omega_CC,21,1
static::glm-5.3-high::post-loop-state::Omega_CC,glm-5.3-high::codecontests-test-1599d::post-loop-state,codecontests-test-1599d,,glm-5.3-high,post-loop-state,post-loop-state,static,Omega_CC,94,1
static::glm-5.3-high::post-loop-state::Omega_CC,glm-5.3-high::codecontests-test-1599j::post-loop-state,codecontests-test-1599j,,glm-5.3-high,post-loop-state,post-loop-state,static,Omega_CC,63,0
static::glm-5.3-high::post-loop-state::Omega_CC,glm-5.3-high::codecontests-test-1603e::post-loop-state,codecontests-test-1603e,,glm-5.3-high,post-loop-state,post-loop-state,static,Omega_CC,32,0
static::glm-5.3-high::post-loop-state::Omega_CC,glm-5.3-high::codecontests-test-1608e::post-loop-state,codecontests-test-1608e,,glm-5.3-high,post-loop-state,post-loop-state,static,Omega_CC,84,0
static::glm-5.3-high::post-loop-state::Omega_CC,glm-5.3-high::codecontests-test-1608f::post-loop-state,codecontests-test-1608f,,glm-5.3-high,post-loop-state,post-loop-state,static,Omega_CC,33,0
static::glm-5.3-high::post-loop-state::Omega_CC,glm-5.3-high::codecontests-test-1615g::post-loop-state,codecontests-test-1615g,,glm-5.3-high,post-loop-state,post-loop-state,static,Omega_CC,92,0
static::glm-5.3-high::post-loop-state::Omega_CC,glm-5.3-high::codecontests-test-1615h::post-loop-state,codecontests-test-1615h,,glm-5.3-high,post-loop-state,post-loop-state,static,Omega_CC,45,1
static::glm-5.3-high::post-loop-state::Omega_CC,glm-5.3-high::codecontests-test-1617e::post-loop-state,codecontests-test-1617e,,glm-5.3-high,post-loop-state,post-loop-state,static,Omega_CC,136,0
static::glm-5.3-high::post-loop-state::Omega_CC,glm-5.3-high::codecontests-test-1620g::post-loop-state,codecontests-test-1620g,,glm-5.3-high,post-loop-state,post-loop-state,static,Omega_CC,27,1
static::glm-5.3-high::post-loop-state::Omega_CC,glm-5.3-high::codecontests-validation-1552g::post-loop-state,codecontests-validation-1552g,,glm-5.3-high,post-loop-state,post-loop-state,static,Omega_CC,26,0
static::glm-5.3-high::post-loop-state::Omega_CC,glm-5.3-high::codecontests-validation-1553h::post-loop-state,codecontests-validation-1553h,,glm-5.3-high,post-loop-state,post-loop-state,static,Omega_CC,31,0
static::glm-5.3-high::post-loop-state::Omega_CC,glm-5.3-high::codecontests-validation-1556f::post-loop-state,codecontests-validation-1556f,,glm-5.3-high,post-loop-state,post-loop-state,static,Omega_CC,79,0
static::glm-5.3-high::post-loop-state::Omega_CC,glm-5.3-high::codecontests-validation-1567f::post-loop-state,codecontests-validation-1567f,,glm-5.3-high,post-loop-state,post-loop-state,static,Omega_CC,50,1
static::glm-5.3-high::post-loop-state::Omega_CC,glm-5.3-high::codecontests-validation-1569e::post-loop-state,codecontests-validation-1569e,,glm-5.3-high,post-loop-state,post-loop-state,static,Omega_CC,55,0
static::glm-5.3-high::post-loop-state::Omega_CC,glm-5.3-high::codecontests-validation-1569f::post-loop-state,codecontests-validation-1569f,,glm-5.3-high,post-loop-state,post-loop-state,static,Omega_CC,68,1
static::glm-5.3-high::post-loop-state::Omega_CC,glm-5.3-high::codecontests-validation-1572d::post-loop-state,codecontests-validation-1572d,,glm-5.3-high,post-loop-state,post-loop-state,static,Omega_CC,47,0
static::glm-5.3-high::post-loop-state::Omega_CC,glm-5.3-high::codecontests-validation-1572e::post-loop-state,codecontests-validation-1572e,,glm-5.3-high,post-loop-state,post-loop-state,static,Omega_CC,36,1
static::glm-5.3-high::post-loop-state::Omega_CC,glm-5.3-high::codecontests-validation-1574f::post-loop-state,codecontests-validation-1574f,,glm-5.3-high,post-loop-state,post-loop-state,static,Omega_CC,96,0
static::glm-5.3-high::short-trace-final::Omega_CC,glm-5.3-high::codecontests-test-1580b::short-trace-final,codecontests-test-1580b,,glm-5.3-high,short-trace-final,short-trace-final,static,Omega_CC,21,1
static::glm-5.3-high::short-trace-final::Omega_CC,glm-5.3-high::codecontests-test-1580f::short-trace-final,codecontests-test-1580f,,glm-5.3-high,short-trace-final,short-trace-final,static,Omega_CC,42,1
static::glm-5.3-high::short-trace-final::Omega_CC,glm-5.3-high::codecontests-test-1586f::short-trace-final,codecontests-test-1586f,,glm-5.3-high,short-trace-final,short-trace-final,static,Omega_CC,13,1
static::glm-5.3-high::short-trace-final::Omega_CC,glm-5.3-high::codecontests-test-1598f::short-trace-final,codecontests-test-1598f,,glm-5.3-high,short-trace-final,short-trace-final,static,Omega_CC,13,0
static::glm-5.3-high::short-trace-final::Omega_CC,glm-5.3-high::codecontests-test-1599d::short-trace-final,codecontests-test-1599d,,glm-5.3-high,short-trace-final,short-trace-final,static,Omega_CC,86,1
static::glm-5.3-high::short-trace-final::Omega_CC,glm-5.3-high::codecontests-test-1599j::short-trace-final,codecontests-test-1599j,,glm-5.3-high,short-trace-final,short-trace-final,static,Omega_CC,55,1
static::glm-5.3-high::short-trace-final::Omega_CC,glm-5.3-high::codecontests-test-1603e::short-trace-final,codecontests-test-1603e,,glm-5.3-high,short-trace-final,short-trace-final,static,Omega_CC,24,1
static::glm-5.3-high::short-trace-final::Omega_CC,glm-5.3-high::codecontests-test-1608e::short-trace-final,codecontests-test-1608e,,glm-5.3-high,short-trace-final,short-trace-final,static,Omega_CC,76,1
static::glm-5.3-high::short-trace-final::Omega_CC,glm-5.3-high::codecontests-test-1608f::short-trace-final,codecontests-test-1608f,,glm-5.3-high,short-trace-final,short-trace-final,static,Omega_CC,25,0
static::glm-5.3-high::short-trace-final::Omega_CC,glm-5.3-high::codecontests-test-1615g::short-trace-final,codecontests-test-1615g,,glm-5.3-high,short-trace-final,short-trace-final,static,Omega_CC,84,1
static::glm-5.3-high::short-trace-final::Omega_CC,glm-5.3-high::codecontests-test-1615h::short-trace-final,codecontests-test-1615h,,glm-5.3-high,short-trace-final,short-trace-final,static,Omega_CC,37,1
static::glm-5.3-high::short-trace-final::Omega_CC,glm-5.3-high::codecontests-test-1617e::short-trace-final,codecontests-test-1617e,,glm-5.3-high,short-trace-final,short-trace-final,static,Omega_CC,128,1
static::glm-5.3-high::short-trace-final::Omega_CC,glm-5.3-high::codecontests-test-1620g::short-trace-final,codecontests-test-1620g,,glm-5.3-high,short-trace-final,short-trace-final,static,Omega_CC,19,1
static::glm-5.3-high::short-trace-final::Omega_CC,glm-5.3-high::codecontests-validation-1552g::short-trace-final,codecontests-validation-1552g,,glm-5.3-high,short-trace-final,short-trace-final,static,Omega_CC,18,1
static::glm-5.3-high::short-trace-final::Omega_CC,glm-5.3-high::codecontests-validation-1553h::short-trace-final,codecontests-validation-1553h,,glm-5.3-high,short-trace-final,short-trace-final,static,Omega_CC,23,1
static::glm-5.3-high::short-trace-final::Omega_CC,glm-5.3-high::codecontests-validation-1556f::short-trace-final,codecontests-validation-1556f,,glm-5.3-high,short-trace-final,short-trace-final,static,Omega_CC,69,1
static::glm-5.3-high::short-trace-final::Omega_CC,glm-5.3-high::codecontests-validation-1567f::short-trace-final,codecontests-validation-1567f,,glm-5.3-high,short-trace-final,short-trace-final,static,Omega_CC,42,1
static::glm-5.3-high::short-trace-final::Omega_CC,glm-5.3-high::codecontests-validation-1569e::short-trace-final,codecontests-validation-1569e,,glm-5.3-high,short-trace-final,short-trace-final,static,Omega_CC,47,1
static::glm-5.3-high::short-trace-final::Omega_CC,glm-5.3-high::codecontests-validation-1569f::short-trace-final,codecontests-validation-1569f,,glm-5.3-high,short-trace-final,short-trace-final,static,Omega_CC,60,1
static::glm-5.3-high::short-trace-final::Omega_CC,glm-5.3-high::codecontests-validation-1572d::short-trace-final,codecontests-validation-1572d,,glm-5.3-high,short-trace-final,short-trace-final,static,Omega_CC,37,1
static::glm-5.3-high::short-trace-final::Omega_CC,glm-5.3-high::codecontests-validation-1572e::short-trace-final,codecontests-validation-1572e,,glm-5.3-high,short-trace-final,short-trace-final,static,Omega_CC,28,0
static::glm-5.3-high::short-trace-final::Omega_CC,glm-5.3-high::codecontests-validation-1574f::short-trace-final,codecontests-validation-1574f,,glm-5.3-high,short-trace-final,short-trace-final,static,Omega_CC,86,1
static::gpt-5.6-sol-high::inside-loop-state::Omega_CC,gpt-5.6-sol-high::codecontests-test-1580b::inside-loop-state,codecontests-test-1580b,,gpt-5.6-sol-high,inside-loop-state,inside-loop-state,static,Omega_CC,29,1
static::gpt-5.6-sol-high::inside-loop-state::Omega_CC,gpt-5.6-sol-high::codecontests-test-1580f::inside-loop-state,codecontests-test-1580f,,gpt-5.6-sol-high,inside-loop-state,inside-loop-state,static,Omega_CC,50,1
static::gpt-5.6-sol-high::inside-loop-state::Omega_CC,gpt-5.6-sol-high::codecontests-test-1586f::inside-loop-state,codecontests-test-1586f,,gpt-5.6-sol-high,inside-loop-state,inside-loop-state,static,Omega_CC,21,1
static::gpt-5.6-sol-high::inside-loop-state::Omega_CC,gpt-5.6-sol-high::codecontests-test-1598f::inside-loop-state,codecontests-test-1598f,,gpt-5.6-sol-high,inside-loop-state,inside-loop-state,static,Omega_CC,21,1
static::gpt-5.6-sol-high::inside-loop-state::Omega_CC,gpt-5.6-sol-high::codecontests-test-1599d::inside-loop-state,codecontests-test-1599d,,gpt-5.6-sol-high,inside-loop-state,inside-loop-state,static,Omega_CC,94,1
static::gpt-5.6-sol-high::inside-loop-state::Omega_CC,gpt-5.6-sol-high::codecontests-test-1599j::inside-loop-state,codecontests-test-1599j,,gpt-5.6-sol-high,inside-loop-state,inside-loop-state,static,Omega_CC,63,1
static::gpt-5.6-sol-high::inside-loop-state::Omega_CC,gpt-5.6-sol-high::codecontests-test-1603e::inside-loop-state,codecontests-test-1603e,,gpt-5.6-sol-high,inside-loop-state,inside-loop-state,static,Omega_CC,32,1
static::gpt-5.6-sol-high::inside-loop-state::Omega_CC,gpt-5.6-sol-high::codecontests-test-1608e::inside-loop-state,codecontests-test-1608e,,gpt-5.6-sol-high,inside-loop-state,inside-loop-state,static,Omega_CC,84,1
static::gpt-5.6-sol-high::inside-loop-state::Omega_CC,gpt-5.6-sol-high::codecontests-test-1608f::inside-loop-state,codecontests-test-1608f,,gpt-5.6-sol-high,inside-loop-state,inside-loop-state,static,Omega_CC,33,0
static::gpt-5.6-sol-high::inside-loop-state::Omega_CC,gpt-5.6-sol-high::codecontests-test-1615g::inside-loop-state,codecontests-test-1615g,,gpt-5.6-sol-high,inside-loop-state,inside-loop-state,static,Omega_CC,92,0
static::gpt-5.6-sol-high::inside-loop-state::Omega_CC,gpt-5.6-sol-high::codecontests-test-1615h::inside-loop-state,codecontests-test-1615h,,gpt-5.6-sol-high,inside-loop-state,inside-loop-state,static,Omega_CC,45,0
static::gpt-5.6-sol-high::inside-loop-state::Omega_CC,gpt-5.6-sol-high::codecontests-test-1617e::inside-loop-state,codecontests-test-1617e,,gpt-5.6-sol-high,inside-loop-state,inside-loop-state,static,Omega_CC,136,1
static::gpt-5.6-sol-high::inside-loop-state::Omega_CC,gpt-5.6-sol-high::codecontests-test-1620g::inside-loop-state,codecontests-test-1620g,,gpt-5.6-sol-high,inside-loop-state,inside-loop-state,static,Omega_CC,27,1
static::gpt-5.6-sol-high::inside-loop-state::Omega_CC,gpt-5.6-sol-high::codecontests-validation-1552g::inside-loop-state,codecontests-validation-1552g,,gpt-5.6-sol-high,inside-loop-state,inside-loop-state,static,Omega_CC,26,1
static::gpt-5.6-sol-high::inside-loop-state::Omega_CC,gpt-5.6-sol-high::codecontests-validation-1553h::inside-loop-state,codecontests-validation-1553h,,gpt-5.6-sol-high,inside-loop-state,inside-loop-state,static,Omega_CC,31,1
static::gpt-5.6-sol-high::inside-loop-state::Omega_CC,gpt-5.6-sol-high::codecontests-validation-1556f::inside-loop-state,codecontests-validation-1556f,,gpt-5.6-sol-high,inside-loop-state,inside-loop-state,static,Omega_CC,79,0
static::gpt-5.6-sol-high::inside-loop-state::Omega_CC,gpt-5.6-sol-high::codecontests-validation-1567f::inside-loop-state,codecontests-validation-1567f,,gpt-5.6-sol-high,inside-loop-state,inside-loop-state,static,Omega_CC,50,1
static::gpt-5.6-sol-high::inside-loop-state::Omega_CC,gpt-5.6-sol-high::codecontests-validation-1569e::inside-loop-state,codecontests-validation-1569e,,gpt-5.6-sol-high,inside-loop-state,inside-loop-state,static,Omega_CC,55,1
static::gpt-5.6-sol-high::inside-loop-state::Omega_CC,gpt-5.6-sol-high::codecontests-validation-1569f::inside-loop-state,codecontests-validation-1569f,,gpt-5.6-sol-high,inside-loop-state,inside-loop-state,static,Omega_CC,68,1
static::gpt-5.6-sol-high::inside-loop-state::Omega_CC,gpt-5.6-sol-high::codecontests-validation-1572d::inside-loop-state,codecontests-validation-1572d,,gpt-5.6-sol-high,inside-loop-state,inside-loop-state,static,Omega_CC,47,1
static::gpt-5.6-sol-high::inside-loop-state::Omega_CC,gpt-5.6-sol-high::codecontests-validation-1572e::inside-loop-state,codecontests-validation-1572e,,gpt-5.6-sol-high,inside-loop-state,inside-loop-state,static,Omega_CC,36,1
static::gpt-5.6-sol-high::inside-loop-state::Omega_CC,gpt-5.6-sol-high::codecontests-validation-1574f::inside-loop-state,codecontests-validation-1574f,,gpt-5.6-sol-high,inside-loop-state,inside-loop-state,static,Omega_CC,96,0
static::gpt-5.6-sol-high::long-trace-final::Omega_CC,gpt-5.6-sol-high::codecontests-test-1580b::long-trace-final,codecontests-test-1580b,,gpt-5.6-sol-high,long-trace-final,long-trace-final,static,Omega_CC,21,0
static::gpt-5.6-sol-high::long-trace-final::Omega_CC,gpt-5.6-sol-high::codecontests-test-1580f::long-trace-final,codecontests-test-1580f,,gpt-5.6-sol-high,long-trace-final,long-trace-final,static,Omega_CC,42,1
static::gpt-5.6-sol-high::long-trace-final::Omega_CC,gpt-5.6-sol-high::codecontests-test-1586f::long-trace-final,codecontests-test-1586f,,gpt-5.6-sol-high,long-trace-final,long-trace-final,static,Omega_CC,13,0
static::gpt-5.6-sol-high::long-trace-final::Omega_CC,gpt-5.6-sol-high::codecontests-test-1598f::long-trace-final,codecontests-test-1598f,,gpt-5.6-sol-high,long-trace-final,long-trace-final,static,Omega_CC,13,1
static::gpt-5.6-sol-high::long-trace-final::Omega_CC,gpt-5.6-sol-high::codecontests-test-1599d::long-trace-final,codecontests-test-1599d,,gpt-5.6-sol-high,long-trace-final,long-trace-final,static,Omega_CC,86,1
static::gpt-5.6-sol-high::long-trace-final::Omega_CC,gpt-5.6-sol-high::codecontests-test-1599j::long-trace-final,codecontests-test-1599j,,gpt-5.6-sol-high,long-trace-final,long-trace-final,static,Omega_CC,55,1
static::gpt-5.6-sol-high::long-trace-final::Omega_CC,gpt-5.6-sol-high::codecontests-test-1603e::long-trace-final,codecontests-test-1603e,,gpt-5.6-sol-high,long-trace-final,long-trace-final,static,Omega_CC,24,0
static::gpt-5.6-sol-high::long-trace-final::Omega_CC,gpt-5.6-sol-high::codecontests-test-1608e::long-trace-final,codecontests-test-1608e,,gpt-5.6-sol-high,long-trace-final,long-trace-final,static,Omega_CC,76,1
static::gpt-5.6-sol-high::long-trace-final::Omega_CC,gpt-5.6-sol-high::codecontests-test-1608f::long-trace-final,codecontests-test-1608f,,gpt-5.6-sol-high,long-trace-final,long-trace-final,static,Omega_CC,25,0
static::gpt-5.6-sol-high::long-trace-final::Omega_CC,gpt-5.6-sol-high::codecontests-test-1615g::long-trace-final,codecontests-test-1615g,,gpt-5.6-sol-high,long-trace-final,long-trace-final,static,Omega_CC,84,1
static::gpt-5.6-sol-high::long-trace-final::Omega_CC,gpt-5.6-sol-high::codecontests-test-1615h::long-trace-final,codecontests-test-1615h,,gpt-5.6-sol-high,long-trace-final,long-trace-final,static,Omega_CC,37,1
static::gpt-5.6-sol-high::long-trace-final::Omega_CC,gpt-5.6-sol-high::codecontests-test-1617e::long-trace-final,codecontests-test-1617e,,gpt-5.6-sol-high,long-trace-final,long-trace-final,static,Omega_CC,128,1
static::gpt-5.6-sol-high::long-trace-final::Omega_CC,gpt-5.6-sol-high::codecontests-test-1620g::long-trace-final,codecontests-test-1620g,,gpt-5.6-sol-high,long-trace-final,long-trace-final,static,Omega_CC,19,1
static::gpt-5.6-sol-high::long-trace-final::Omega_CC,gpt-5.6-sol-high::codecontests-validation-1552g::long-trace-final,codecontests-validation-1552g,,gpt-5.6-sol-high,long-trace-final,long-trace-final,static,Omega_CC,18,1
static::gpt-5.6-sol-high::long-trace-final::Omega_CC,gpt-5.6-sol-high::codecontests-validation-1553h::long-trace-final,codecontests-validation-1553h,,gpt-5.6-sol-high,long-trace-final,long-trace-final,static,Omega_CC,23,1
static::gpt-5.6-sol-high::long-trace-final::Omega_CC,gpt-5.6-sol-high::codecontests-validation-1556f::long-trace-final,codecontests-validation-1556f,,gpt-5.6-sol-high,long-trace-final,long-trace-final,static,Omega_CC,69,0
static::gpt-5.6-sol-high::long-trace-final::Omega_CC,gpt-5.6-sol-high::codecontests-validation-1567f::long-trace-final,codecontests-validation-1567f,,gpt-5.6-sol-high,long-trace-final,long-trace-final,static,Omega_CC,42,1
static::gpt-5.6-sol-high::long-trace-final::Omega_CC,gpt-5.6-sol-high::codecontests-validation-1569e::long-trace-final,codecontests-validation-1569e,,gpt-5.6-sol-high,long-trace-final,long-trace-final,static,Omega_CC,47,1
static::gpt-5.6-sol-high::long-trace-final::Omega_CC,gpt-5.6-sol-high::codecontests-validation-1569f::long-trace-final,codecontests-validation-1569f,,gpt-5.6-sol-high,long-trace-final,long-trace-final,static,Omega_CC,60,1
static::gpt-5.6-sol-high::long-trace-final::Omega_CC,gpt-5.6-sol-high::codecontests-validation-1572d::long-trace-final,codecontests-validation-1572d,,gpt-5.6-sol-high,long-trace-final,long-trace-final,static,Omega_CC,37,1
static::gpt-5.6-sol-high::long-trace-final::Omega_CC,gpt-5.6-sol-high::codecontests-validation-1572e::long-trace-final,codecontests-validation-1572e,,gpt-5.6-sol-high,long-trace-final,long-trace-final,static,Omega_CC,28,1
static::gpt-5.6-sol-high::long-trace-final::Omega_CC,gpt-5.6-sol-high::codecontests-validation-1574f::long-trace-final,codecontests-validation-1574f,,gpt-5.6-sol-high,long-trace-final,long-trace-final,static,Omega_CC,86,0
static::gpt-5.6-sol-high::post-loop-state::Omega_CC,gpt-5.6-sol-high::codecontests-test-1580b::post-loop-state,codecontests-test-1580b,,gpt-5.6-sol-high,post-loop-state,post-loop-state,static,Omega_CC,29,1
static::gpt-5.6-sol-high::post-loop-state::Omega_CC,gpt-5.6-sol-high::codecontests-test-1580f::post-loop-state,codecontests-test-1580f,,gpt-5.6-sol-high,post-loop-state,post-loop-state,static,Omega_CC,50,1
static::gpt-5.6-sol-high::post-loop-state::Omega_CC,gpt-5.6-sol-high::codecontests-test-1586f::post-loop-state,codecontests-test-1586f,,gpt-5.6-sol-high,post-loop-state,post-loop-state,static,Omega_CC,21,1
static::gpt-5.6-sol-high::post-loop-state::Omega_CC,gpt-5.6-sol-high::codecontests-test-1598f::post-loop-state,codecontests-test-1598f,,gpt-5.6-sol-high,post-loop-state,post-loop-state,static,Omega_CC,21,1
static::gpt-5.6-sol-high::post-loop-state::Omega_CC,gpt-5.6-sol-high::codecontests-test-1599d::post-loop-state,codecontests-test-1599d,,gpt-5.6-sol-high,post-loop-state,post-loop-state,static,Omega_CC,94,1
static::gpt-5.6-sol-high::post-loop-state::Omega_CC,gpt-5.6-sol-high::codecontests-test-1599j::post-loop-state,codecontests-test-1599j,,gpt-5.6-sol-high,post-loop-state,post-loop-state,static,Omega_CC,63,1
static::gpt-5.6-sol-high::post-loop-state::Omega_CC,gpt-5.6-sol-high::codecontests-test-1603e::post-loop-state,codecontests-test-1603e,,gpt-5.6-sol-high,post-loop-state,post-loop-state,static,Omega_CC,32,1
static::gpt-5.6-sol-high::post-loop-state::Omega_CC,gpt-5.6-sol-high::codecontests-test-1608e::post-loop-state,codecontests-test-1608e,,gpt-5.6-sol-high,post-loop-state,post-loop-state,static,Omega_CC,84,1
static::gpt-5.6-sol-high::post-loop-state::Omega_CC,gpt-5.6-sol-high::codecontests-test-1608f::post-loop-state,codecontests-test-1608f,,gpt-5.6-sol-high,post-loop-state,post-loop-state,static,Omega_CC,33,0
static::gpt-5.6-sol-high::post-loop-state::Omega_CC,gpt-5.6-sol-high::codecontests-test-1615g::post-loop-state,codecontests-test-1615g,,gpt-5.6-sol-high,post-loop-state,post-loop-state,static,Omega_CC,92,1
static::gpt-5.6-sol-high::post-loop-state::Omega_CC,gpt-5.6-sol-high::codecontests-test-1615h::post-loop-state,codecontests-test-1615h,,gpt-5.6-sol-high,post-loop-state,post-loop-state,static,Omega_CC,45,0
static::gpt-5.6-sol-high::post-loop-state::Omega_CC,gpt-5.6-sol-high::codecontests-test-1617e::post-loop-state,codecontests-test-1617e,,gpt-5.6-sol-high,post-loop-state,post-loop-state,static,Omega_CC,136,1
static::gpt-5.6-sol-high::post-loop-state::Omega_CC,gpt-5.6-sol-high::codecontests-test-1620g::post-loop-state,codecontests-test-1620g,,gpt-5.6-sol-high,post-loop-state,post-loop-state,static,Omega_CC,27,1
static::gpt-5.6-sol-high::post-loop-state::Omega_CC,gpt-5.6-sol-high::codecontests-validation-1552g::post-loop-state,codecontests-validation-1552g,,gpt-5.6-sol-high,post-loop-state,post-loop-state,static,Omega_CC,26,1
static::gpt-5.6-sol-high::post-loop-state::Omega_CC,gpt-5.6-sol-high::codecontests-validation-1553h::post-loop-state,codecontests-validation-1553h,,gpt-5.6-sol-high,post-loop-state,post-loop-state,static,Omega_CC,31,1
static::gpt-5.6-sol-high::post-loop-state::Omega_CC,gpt-5.6-sol-high::codecontests-validation-1556f::post-loop-state,codecontests-validation-1556f,,gpt-5.6-sol-high,post-loop-state,post-loop-state,static,Omega_CC,79,0
static::gpt-5.6-sol-high::post-loop-state::Omega_CC,gpt-5.6-sol-high::codecontests-validation-1567f::post-loop-state,codecontests-validation-1567f,,gpt-5.6-sol-high,post-loop-state,post-loop-state,static,Omega_CC,50,1
static::gpt-5.6-sol-high::post-loop-state::Omega_CC,gpt-5.6-sol-high::codecontests-validation-1569e::post-loop-state,codecontests-validation-1569e,,gpt-5.6-sol-high,post-loop-state,post-loop-state,static,Omega_CC,55,1
static::gpt-5.6-sol-high::post-loop-state::Omega_CC,gpt-5.6-sol-high::codecontests-validation-1569f::post-loop-state,codecontests-validation-1569f,,gpt-5.6-sol-high,post-loop-state,post-loop-state,static,Omega_CC,68,1
static::gpt-5.6-sol-high::post-loop-state::Omega_CC,gpt-5.6-sol-high::codecontests-validation-1572d::post-loop-state,codecontests-validation-1572d,,gpt-5.6-sol-high,post-loop-state,post-loop-state,static,Omega_CC,47,0
static::gpt-5.6-sol-high::post-loop-state::Omega_CC,gpt-5.6-sol-high::codecontests-validation-1572e::post-loop-state,codecontests-validation-1572e,,gpt-5.6-sol-high,post-loop-state,post-loop-state,static,Omega_CC,36,1
static::gpt-5.6-sol-high::post-loop-state::Omega_CC,gpt-5.6-sol-high::codecontests-validation-1574f::post-loop-state,codecontests-validation-1574f,,gpt-5.6-sol-high,post-loop-state,post-loop-state,static,Omega_CC,96,0
static::gpt-5.6-sol-high::short-trace-final::Omega_CC,gpt-5.6-sol-high::codecontests-test-1580b::short-trace-final,codecontests-test-1580b,,gpt-5.6-sol-high,short-trace-final,short-trace-final,static,Omega_CC,21,1
static::gpt-5.6-sol-high::short-trace-final::Omega_CC,gpt-5.6-sol-high::codecontests-test-1580f::short-trace-final,codecontests-test-1580f,,gpt-5.6-sol-high,short-trace-final,short-trace-final,static,Omega_CC,42,1
static::gpt-5.6-sol-high::short-trace-final::Omega_CC,gpt-5.6-sol-high::codecontests-test-1586f::short-trace-final,codecontests-test-1586f,,gpt-5.6-sol-high,short-trace-final,short-trace-final,static,Omega_CC,13,1
static::gpt-5.6-sol-high::short-trace-final::Omega_CC,gpt-5.6-sol-high::codecontests-test-1598f::short-trace-final,codecontests-test-1598f,,gpt-5.6-sol-high,short-trace-final,short-trace-final,static,Omega_CC,13,1
static::gpt-5.6-sol-high::short-trace-final::Omega_CC,gpt-5.6-sol-high::codecontests-test-1599d::short-trace-final,codecontests-test-1599d,,gpt-5.6-sol-high,short-trace-final,short-trace-final,static,Omega_CC,86,1
static::gpt-5.6-sol-high::short-trace-final::Omega_CC,gpt-5.6-sol-high::codecontests-test-1599j::short-trace-final,codecontests-test-1599j,,gpt-5.6-sol-high,short-trace-final,short-trace-final,static,Omega_CC,55,1
static::gpt-5.6-sol-high::short-trace-final::Omega_CC,gpt-5.6-sol-high::codecontests-test-1603e::short-trace-final,codecontests-test-1603e,,gpt-5.6-sol-high,short-trace-final,short-trace-final,static,Omega_CC,24,1
static::gpt-5.6-sol-high::short-trace-final::Omega_CC,gpt-5.6-sol-high::codecontests-test-1608e::short-trace-final,codecontests-test-1608e,,gpt-5.6-sol-high,short-trace-final,short-trace-final,static,Omega_CC,76,1
static::gpt-5.6-sol-high::short-trace-final::Omega_CC,gpt-5.6-sol-high::codecontests-test-1608f::short-trace-final,codecontests-test-1608f,,gpt-5.6-sol-high,short-trace-final,short-trace-final,static,Omega_CC,25,1
static::gpt-5.6-sol-high::short-trace-final::Omega_CC,gpt-5.6-sol-high::codecontests-test-1615g::short-trace-final,codecontests-test-1615g,,gpt-5.6-sol-high,short-trace-final,short-trace-final,static,Omega_CC,84,1
static::gpt-5.6-sol-high::short-trace-final::Omega_CC,gpt-5.6-sol-high::codecontests-test-1615h::short-trace-final,codecontests-test-1615h,,gpt-5.6-sol-high,short-trace-final,short-trace-final,static,Omega_CC,37,1
static::gpt-5.6-sol-high::short-trace-final::Omega_CC,gpt-5.6-sol-high::codecontests-test-1617e::short-trace-final,codecontests-test-1617e,,gpt-5.6-sol-high,short-trace-final,short-trace-final,static,Omega_CC,128,1
static::gpt-5.6-sol-high::short-trace-final::Omega_CC,gpt-5.6-sol-high::codecontests-test-1620g::short-trace-final,codecontests-test-1620g,,gpt-5.6-sol-high,short-trace-final,short-trace-final,static,Omega_CC,19,1
static::gpt-5.6-sol-high::short-trace-final::Omega_CC,gpt-5.6-sol-high::codecontests-validation-1552g::short-trace-final,codecontests-validation-1552g,,gpt-5.6-sol-high,short-trace-final,short-trace-final,static,Omega_CC,18,1
static::gpt-5.6-sol-high::short-trace-final::Omega_CC,gpt-5.6-sol-high::codecontests-validation-1553h::short-trace-final,codecontests-validation-1553h,,gpt-5.6-sol-high,short-trace-final,short-trace-final,static,Omega_CC,23,1
static::gpt-5.6-sol-high::short-trace-final::Omega_CC,gpt-5.6-sol-high::codecontests-validation-1556f::short-trace-final,codecontests-validation-1556f,,gpt-5.6-sol-high,short-trace-final,short-trace-final,static,Omega_CC,69,1
static::gpt-5.6-sol-high::short-trace-final::Omega_CC,gpt-5.6-sol-high::codecontests-validation-1567f::short-trace-final,codecontests-validation-1567f,,gpt-5.6-sol-high,short-trace-final,short-trace-final,static,Omega_CC,42,1
static::gpt-5.6-sol-high::short-trace-final::Omega_CC,gpt-5.6-sol-high::codecontests-validation-1569e::short-trace-final,codecontests-validation-1569e,,gpt-5.6-sol-high,short-trace-final,short-trace-final,static,Omega_CC,47,1
static::gpt-5.6-sol-high::short-trace-final::Omega_CC,gpt-5.6-sol-high::codecontests-validation-1569f::short-trace-final,codecontests-validation-1569f,,gpt-5.6-sol-high,short-trace-final,short-trace-final,static,Omega_CC,60,1
static::gpt-5.6-sol-high::short-trace-final::Omega_CC,gpt-5.6-sol-high::codecontests-validation-1572d::short-trace-final,codecontests-validation-1572d,,gpt-5.6-sol-high,short-trace-final,short-trace-final,static,Omega_CC,37,1
static::gpt-5.6-sol-high::short-trace-final::Omega_CC,gpt-5.6-sol-high::codecontests-validation-1572e::short-trace-final,codecontests-validation-1572e,,gpt-5.6-sol-high,short-trace-final,short-trace-final,static,Omega_CC,28,1
static::gpt-5.6-sol-high::short-trace-final::Omega_CC,gpt-5.6-sol-high::codecontests-validation-1574f::short-trace-final,codecontests-validation-1574f,,gpt-5.6-sol-high,short-trace-final,short-trace-final,static,Omega_CC,86,1
static::gpt-5.6-sol-off::inside-loop-state::Omega_CC,gpt-5.6-sol-off::codecontests-test-1580b::inside-loop-state,codecontests-test-1580b,,gpt-5.6-sol-off,inside-loop-state,inside-loop-state,static,Omega_CC,29,0
static::gpt-5.6-sol-off::inside-loop-state::Omega_CC,gpt-5.6-sol-off::codecontests-test-1580f::inside-loop-state,codecontests-test-1580f,,gpt-5.6-sol-off,inside-loop-state,inside-loop-state,static,Omega_CC,50,0
static::gpt-5.6-sol-off::inside-loop-state::Omega_CC,gpt-5.6-sol-off::codecontests-test-1586f::inside-loop-state,codecontests-test-1586f,,gpt-5.6-sol-off,inside-loop-state,inside-loop-state,static,Omega_CC,21,0
static::gpt-5.6-sol-off::inside-loop-state::Omega_CC,gpt-5.6-sol-off::codecontests-test-1598f::inside-loop-state,codecontests-test-1598f,,gpt-5.6-sol-off,inside-loop-state,inside-loop-state,static,Omega_CC,21,0
static::gpt-5.6-sol-off::inside-loop-state::Omega_CC,gpt-5.6-sol-off::codecontests-test-1599d::inside-loop-state,codecontests-test-1599d,,gpt-5.6-sol-off,inside-loop-state,inside-loop-state,static,Omega_CC,94,0
static::gpt-5.6-sol-off::inside-loop-state::Omega_CC,gpt-5.6-sol-off::codecontests-test-1599j::inside-loop-state,codecontests-test-1599j,,gpt-5.6-sol-off,inside-loop-state,inside-loop-state,static,Omega_CC,63,0
static::gpt-5.6-sol-off::inside-loop-state::Omega_CC,gpt-5.6-sol-off::codecontests-test-1603e::inside-loop-state,codecontests-test-1603e,,gpt-5.6-sol-off,inside-loop-state,inside-loop-state,static,Omega_CC,32,0
static::gpt-5.6-sol-off::inside-loop-state::Omega_CC,gpt-5.6-sol-off::codecontests-test-1608e::inside-loop-state,codecontests-test-1608e,,gpt-5.6-sol-off,inside-loop-state,inside-loop-state,static,Omega_CC,84,0
static::gpt-5.6-sol-off::inside-loop-state::Omega_CC,gpt-5.6-sol-off::codecontests-test-1615g::inside-loop-state,codecontests-test-1615g,,gpt-5.6-sol-off,inside-loop-state,inside-loop-state,static,Omega_CC,92,0
static::gpt-5.6-sol-off::inside-loop-state::Omega_CC,gpt-5.6-sol-off::codecontests-test-1615h::inside-loop-state,codecontests-test-1615h,,gpt-5.6-sol-off,inside-loop-state,inside-loop-state,static,Omega_CC,45,0
static::gpt-5.6-sol-off::inside-loop-state::Omega_CC,gpt-5.6-sol-off::codecontests-test-1617e::inside-loop-state,codecontests-test-1617e,,gpt-5.6-sol-off,inside-loop-state,inside-loop-state,static,Omega_CC,136,0
static::gpt-5.6-sol-off::inside-loop-state::Omega_CC,gpt-5.6-sol-off::codecontests-test-1620g::inside-loop-state,codecontests-test-1620g,,gpt-5.6-sol-off,inside-loop-state,inside-loop-state,static,Omega_CC,27,0
static::gpt-5.6-sol-off::inside-loop-state::Omega_CC,gpt-5.6-sol-off::codecontests-validation-1552g::inside-loop-state,codecontests-validation-1552g,,gpt-5.6-sol-off,inside-loop-state,inside-loop-state,static,Omega_CC,26,0
static::gpt-5.6-sol-off::inside-loop-state::Omega_CC,gpt-5.6-sol-off::codecontests-validation-1553h::inside-loop-state,codecontests-validation-1553h,,gpt-5.6-sol-off,inside-loop-state,inside-loop-state,static,Omega_CC,31,0
static::gpt-5.6-sol-off::inside-loop-state::Omega_CC,gpt-5.6-sol-off::codecontests-validation-1556f::inside-loop-state,codecontests-validation-1556f,,gpt-5.6-sol-off,inside-loop-state,inside-loop-state,static,Omega_CC,79,0
static::gpt-5.6-sol-off::inside-loop-state::Omega_CC,gpt-5.6-sol-off::codecontests-validation-1567f::inside-loop-state,codecontests-validation-1567f,,gpt-5.6-sol-off,inside-loop-state,inside-loop-state,static,Omega_CC,50,0
static::gpt-5.6-sol-off::inside-loop-state::Omega_CC,gpt-5.6-sol-off::codecontests-validation-1569e::inside-loop-state,codecontests-validation-1569e,,gpt-5.6-sol-off,inside-loop-state,inside-loop-state,static,Omega_CC,55,0
static::gpt-5.6-sol-off::inside-loop-state::Omega_CC,gpt-5.6-sol-off::codecontests-validation-1569f::inside-loop-state,codecontests-validation-1569f,,gpt-5.6-sol-off,inside-loop-state,inside-loop-state,static,Omega_CC,68,0
static::gpt-5.6-sol-off::inside-loop-state::Omega_CC,gpt-5.6-sol-off::codecontests-validation-1572d::inside-loop-state,codecontests-validation-1572d,,gpt-5.6-sol-off,inside-loop-state,inside-loop-state,static,Omega_CC,47,0
static::gpt-5.6-sol-off::inside-loop-state::Omega_CC,gpt-5.6-sol-off::codecontests-validation-1572e::inside-loop-state,codecontests-validation-1572e,,gpt-5.6-sol-off,inside-loop-state,inside-loop-state,static,Omega_CC,36,0
static::gpt-5.6-sol-off::inside-loop-state::Omega_CC,gpt-5.6-sol-off::codecontests-validation-1574f::inside-loop-state,codecontests-validation-1574f,,gpt-5.6-sol-off,inside-loop-state,inside-loop-state,static,Omega_CC,96,0
static::gpt-5.6-sol-off::long-trace-final::Omega_CC,gpt-5.6-sol-off::codecontests-test-1580b::long-trace-final,codecontests-test-1580b,,gpt-5.6-sol-off,long-trace-final,long-trace-final,static,Omega_CC,21,0
static::gpt-5.6-sol-off::long-trace-final::Omega_CC,gpt-5.6-sol-off::codecontests-test-1580f::long-trace-final,codecontests-test-1580f,,gpt-5.6-sol-off,long-trace-final,long-trace-final,static,Omega_CC,42,1
static::gpt-5.6-sol-off::long-trace-final::Omega_CC,gpt-5.6-sol-off::codecontests-test-1586f::long-trace-final,codecontests-test-1586f,,gpt-5.6-sol-off,long-trace-final,long-trace-final,static,Omega_CC,13,0
static::gpt-5.6-sol-off::long-trace-final::Omega_CC,gpt-5.6-sol-off::codecontests-test-1598f::long-trace-final,codecontests-test-1598f,,gpt-5.6-sol-off,long-trace-final,long-trace-final,static,Omega_CC,13,0
static::gpt-5.6-sol-off::long-trace-final::Omega_CC,gpt-5.6-sol-off::codecontests-test-1599d::long-trace-final,codecontests-test-1599d,,gpt-5.6-sol-off,long-trace-final,long-trace-final,static,Omega_CC,86,0
static::gpt-5.6-sol-off::long-trace-final::Omega_CC,gpt-5.6-sol-off::codecontests-test-1599j::long-trace-final,codecontests-test-1599j,,gpt-5.6-sol-off,long-trace-final,long-trace-final,static,Omega_CC,55,0
static::gpt-5.6-sol-off::long-trace-final::Omega_CC,gpt-5.6-sol-off::codecontests-test-1603e::long-trace-final,codecontests-test-1603e,,gpt-5.6-sol-off,long-trace-final,long-trace-final,static,Omega_CC,24,0
static::gpt-5.6-sol-off::long-trace-final::Omega_CC,gpt-5.6-sol-off::codecontests-test-1608e::long-trace-final,codecontests-test-1608e,,gpt-5.6-sol-off,long-trace-final,long-trace-final,static,Omega_CC,76,0
static::gpt-5.6-sol-off::long-trace-final::Omega_CC,gpt-5.6-sol-off::codecontests-test-1608f::long-trace-final,codecontests-test-1608f,,gpt-5.6-sol-off,long-trace-final,long-trace-final,static,Omega_CC,25,0
static::gpt-5.6-sol-off::long-trace-final::Omega_CC,gpt-5.6-sol-off::codecontests-test-1615g::long-trace-final,codecontests-test-1615g,,gpt-5.6-sol-off,long-trace-final,long-trace-final,static,Omega_CC,84,0
static::gpt-5.6-sol-off::long-trace-final::Omega_CC,gpt-5.6-sol-off::codecontests-test-1615h::long-trace-final,codecontests-test-1615h,,gpt-5.6-sol-off,long-trace-final,long-trace-final,static,Omega_CC,37,0
static::gpt-5.6-sol-off::long-trace-final::Omega_CC,gpt-5.6-sol-off::codecontests-test-1617e::long-trace-final,codecontests-test-1617e,,gpt-5.6-sol-off,long-trace-final,long-trace-final,static,Omega_CC,128,0
static::gpt-5.6-sol-off::long-trace-final::Omega_CC,gpt-5.6-sol-off::codecontests-test-1620g::long-trace-final,codecontests-test-1620g,,gpt-5.6-sol-off,long-trace-final,long-trace-final,static,Omega_CC,19,0
static::gpt-5.6-sol-off::long-trace-final::Omega_CC,gpt-5.6-sol-off::codecontests-validation-1552g::long-trace-final,codecontests-validation-1552g,,gpt-5.6-sol-off,long-trace-final,long-trace-final,static,Omega_CC,18,1
static::gpt-5.6-sol-off::long-trace-final::Omega_CC,gpt-5.6-sol-off::codecontests-validation-1553h::long-trace-final,codecontests-validation-1553h,,gpt-5.6-sol-off,long-trace-final,long-trace-final,static,Omega_CC,23,0
static::gpt-5.6-sol-off::long-trace-final::Omega_CC,gpt-5.6-sol-off::codecontests-validation-1556f::long-trace-final,codecontests-validation-1556f,,gpt-5.6-sol-off,long-trace-final,long-trace-final,static,Omega_CC,69,0
static::gpt-5.6-sol-off::long-trace-final::Omega_CC,gpt-5.6-sol-off::codecontests-validation-1567f::long-trace-final,codecontests-validation-1567f,,gpt-5.6-sol-off,long-trace-final,long-trace-final,static,Omega_CC,42,0
static::gpt-5.6-sol-off::long-trace-final::Omega_CC,gpt-5.6-sol-off::codecontests-validation-1569e::long-trace-final,codecontests-validation-1569e,,gpt-5.6-sol-off,long-trace-final,long-trace-final,static,Omega_CC,47,0
static::gpt-5.6-sol-off::long-trace-final::Omega_CC,gpt-5.6-sol-off::codecontests-validation-1569f::long-trace-final,codecontests-validation-1569f,,gpt-5.6-sol-off,long-trace-final,long-trace-final,static,Omega_CC,60,1
static::gpt-5.6-sol-off::long-trace-final::Omega_CC,gpt-5.6-sol-off::codecontests-validation-1572d::long-trace-final,codecontests-validation-1572d,,gpt-5.6-sol-off,long-trace-final,long-trace-final,static,Omega_CC,37,1
static::gpt-5.6-sol-off::long-trace-final::Omega_CC,gpt-5.6-sol-off::codecontests-validation-1572e::long-trace-final,codecontests-validation-1572e,,gpt-5.6-sol-off,long-trace-final,long-trace-final,static,Omega_CC,28,0
static::gpt-5.6-sol-off::long-trace-final::Omega_CC,gpt-5.6-sol-off::codecontests-validation-1574f::long-trace-final,codecontests-validation-1574f,,gpt-5.6-sol-off,long-trace-final,long-trace-final,static,Omega_CC,86,0
static::gpt-5.6-sol-off::post-loop-state::Omega_CC,gpt-5.6-sol-off::codecontests-test-1580b::post-loop-state,codecontests-test-1580b,,gpt-5.6-sol-off,post-loop-state,post-loop-state,static,Omega_CC,29,1
static::gpt-5.6-sol-off::post-loop-state::Omega_CC,gpt-5.6-sol-off::codecontests-test-1580f::post-loop-state,codecontests-test-1580f,,gpt-5.6-sol-off,post-loop-state,post-loop-state,static,Omega_CC,50,0
static::gpt-5.6-sol-off::post-loop-state::Omega_CC,gpt-5.6-sol-off::codecontests-test-1586f::post-loop-state,codecontests-test-1586f,,gpt-5.6-sol-off,post-loop-state,post-loop-state,static,Omega_CC,21,0
static::gpt-5.6-sol-off::post-loop-state::Omega_CC,gpt-5.6-sol-off::codecontests-test-1598f::post-loop-state,codecontests-test-1598f,,gpt-5.6-sol-off,post-loop-state,post-loop-state,static,Omega_CC,21,1
static::gpt-5.6-sol-off::post-loop-state::Omega_CC,gpt-5.6-sol-off::codecontests-test-1599d::post-loop-state,codecontests-test-1599d,,gpt-5.6-sol-off,post-loop-state,post-loop-state,static,Omega_CC,94,0
static::gpt-5.6-sol-off::post-loop-state::Omega_CC,gpt-5.6-sol-off::codecontests-test-1599j::post-loop-state,codecontests-test-1599j,,gpt-5.6-sol-off,post-loop-state,post-loop-state,static,Omega_CC,63,0
static::gpt-5.6-sol-off::post-loop-state::Omega_CC,gpt-5.6-sol-off::codecontests-test-1603e::post-loop-state,codecontests-test-1603e,,gpt-5.6-sol-off,post-loop-state,post-loop-state,static,Omega_CC,32,1
static::gpt-5.6-sol-off::post-loop-state::Omega_CC,gpt-5.6-sol-off::codecontests-test-1608e::post-loop-state,codecontests-test-1608e,,gpt-5.6-sol-off,post-loop-state,post-loop-state,static,Omega_CC,84,1
static::gpt-5.6-sol-off::post-loop-state::Omega_CC,gpt-5.6-sol-off::codecontests-test-1608f::post-loop-state,codecontests-test-1608f,,gpt-5.6-sol-off,post-loop-state,post-loop-state,static,Omega_CC,33,0
static::gpt-5.6-sol-off::post-loop-state::Omega_CC,gpt-5.6-sol-off::codecontests-test-1615g::post-loop-state,codecontests-test-1615g,,gpt-5.6-sol-off,post-loop-state,post-loop-state,static,Omega_CC,92,0
static::gpt-5.6-sol-off::post-loop-state::Omega_CC,gpt-5.6-sol-off::codecontests-test-1615h::post-loop-state,codecontests-test-1615h,,gpt-5.6-sol-off,post-loop-state,post-loop-state,static,Omega_CC,45,0
static::gpt-5.6-sol-off::post-loop-state::Omega_CC,gpt-5.6-sol-off::codecontests-test-1617e::post-loop-state,codecontests-test-1617e,,gpt-5.6-sol-off,post-loop-state,post-loop-state,static,Omega_CC,136,0
static::gpt-5.6-sol-off::post-loop-state::Omega_CC,gpt-5.6-sol-off::codecontests-test-1620g::post-loop-state,codecontests-test-1620g,,gpt-5.6-sol-off,post-loop-state,post-loop-state,static,Omega_CC,27,0
static::gpt-5.6-sol-off::post-loop-state::Omega_CC,gpt-5.6-sol-off::codecontests-validation-1552g::post-loop-state,codecontests-validation-1552g,,gpt-5.6-sol-off,post-loop-state,post-loop-state,static,Omega_CC,26,0
static::gpt-5.6-sol-off::post-loop-state::Omega_CC,gpt-5.6-sol-off::codecontests-validation-1553h::post-loop-state,codecontests-validation-1553h,,gpt-5.6-sol-off,post-loop-state,post-loop-state,static,Omega_CC,31,0
static::gpt-5.6-sol-off::post-loop-state::Omega_CC,gpt-5.6-sol-off::codecontests-validation-1556f::post-loop-state,codecontests-validation-1556f,,gpt-5.6-sol-off,post-loop-state,post-loop-state,static,Omega_CC,79,0
static::gpt-5.6-sol-off::post-loop-state::Omega_CC,gpt-5.6-sol-off::codecontests-validation-1567f::post-loop-state,codecontests-validation-1567f,,gpt-5.6-sol-off,post-loop-state,post-loop-state,static,Omega_CC,50,0
static::gpt-5.6-sol-off::post-loop-state::Omega_CC,gpt-5.6-sol-off::codecontests-validation-1569e::post-loop-state,codecontests-validation-1569e,,gpt-5.6-sol-off,post-loop-state,post-loop-state,static,Omega_CC,55,0
static::gpt-5.6-sol-off::post-loop-state::Omega_CC,gpt-5.6-sol-off::codecontests-validation-1569f::post-loop-state,codecontests-validation-1569f,,gpt-5.6-sol-off,post-loop-state,post-loop-state,static,Omega_CC,68,0
static::gpt-5.6-sol-off::post-loop-state::Omega_CC,gpt-5.6-sol-off::codecontests-validation-1572d::post-loop-state,codecontests-validation-1572d,,gpt-5.6-sol-off,post-loop-state,post-loop-state,static,Omega_CC,47,0
static::gpt-5.6-sol-off::post-loop-state::Omega_CC,gpt-5.6-sol-off::codecontests-validation-1572e::post-loop-state,codecontests-validation-1572e,,gpt-5.6-sol-off,post-loop-state,post-loop-state,static,Omega_CC,36,0
static::gpt-5.6-sol-off::short-trace-final::Omega_CC,gpt-5.6-sol-off::codecontests-test-1580b::short-trace-final,codecontests-test-1580b,,gpt-5.6-sol-off,short-trace-final,short-trace-final,static,Omega_CC,21,0
static::gpt-5.6-sol-off::short-trace-final::Omega_CC,gpt-5.6-sol-off::codecontests-test-1580f::short-trace-final,codecontests-test-1580f,,gpt-5.6-sol-off,short-trace-final,short-trace-final,static,Omega_CC,42,0
static::gpt-5.6-sol-off::short-trace-final::Omega_CC,gpt-5.6-sol-off::codecontests-test-1586f::short-trace-final,codecontests-test-1586f,,gpt-5.6-sol-off,short-trace-final,short-trace-final,static,Omega_CC,13,1
static::gpt-5.6-sol-off::short-trace-final::Omega_CC,gpt-5.6-sol-off::codecontests-test-1598f::short-trace-final,codecontests-test-1598f,,gpt-5.6-sol-off,short-trace-final,short-trace-final,static,Omega_CC,13,1
static::gpt-5.6-sol-off::short-trace-final::Omega_CC,gpt-5.6-sol-off::codecontests-test-1599d::short-trace-final,codecontests-test-1599d,,gpt-5.6-sol-off,short-trace-final,short-trace-final,static,Omega_CC,86,0
static::gpt-5.6-sol-off::short-trace-final::Omega_CC,gpt-5.6-sol-off::codecontests-test-1599j::short-trace-final,codecontests-test-1599j,,gpt-5.6-sol-off,short-trace-final,short-trace-final,static,Omega_CC,55,0
static::gpt-5.6-sol-off::short-trace-final::Omega_CC,gpt-5.6-sol-off::codecontests-test-1603e::short-trace-final,codecontests-test-1603e,,gpt-5.6-sol-off,short-trace-final,short-trace-final,static,Omega_CC,24,0
static::gpt-5.6-sol-off::short-trace-final::Omega_CC,gpt-5.6-sol-off::codecontests-test-1608e::short-trace-final,codecontests-test-1608e,,gpt-5.6-sol-off,short-trace-final,short-trace-final,static,Omega_CC,76,0
static::gpt-5.6-sol-off::short-trace-final::Omega_CC,gpt-5.6-sol-off::codecontests-test-1608f::short-trace-final,codecontests-test-1608f,,gpt-5.6-sol-off,short-trace-final,short-trace-final,static,Omega_CC,25,0
static::gpt-5.6-sol-off::short-trace-final::Omega_CC,gpt-5.6-sol-off::codecontests-test-1615g::short-trace-final,codecontests-test-1615g,,gpt-5.6-sol-off,short-trace-final,short-trace-final,static,Omega_CC,84,1
static::gpt-5.6-sol-off::short-trace-final::Omega_CC,gpt-5.6-sol-off::codecontests-test-1615h::short-trace-final,codecontests-test-1615h,,gpt-5.6-sol-off,short-trace-final,short-trace-final,static,Omega_CC,37,0
static::gpt-5.6-sol-off::short-trace-final::Omega_CC,gpt-5.6-sol-off::codecontests-test-1617e::short-trace-final,codecontests-test-1617e,,gpt-5.6-sol-off,short-trace-final,short-trace-final,static,Omega_CC,128,0
static::gpt-5.6-sol-off::short-trace-final::Omega_CC,gpt-5.6-sol-off::codecontests-test-1620g::short-trace-final,codecontests-test-1620g,,gpt-5.6-sol-off,short-trace-final,short-trace-final,static,Omega_CC,19,0
static::gpt-5.6-sol-off::short-trace-final::Omega_CC,gpt-5.6-sol-off::codecontests-validation-1552g::short-trace-final,codecontests-validation-1552g,,gpt-5.6-sol-off,short-trace-final,short-trace-final,static,Omega_CC,18,1
static::gpt-5.6-sol-off::short-trace-final::Omega_CC,gpt-5.6-sol-off::codecontests-validation-1553h::short-trace-final,codecontests-validation-1553h,,gpt-5.6-sol-off,short-trace-final,short-trace-final,static,Omega_CC,23,0
static::gpt-5.6-sol-off::short-trace-final::Omega_CC,gpt-5.6-sol-off::codecontests-validation-1556f::short-trace-final,codecontests-validation-1556f,,gpt-5.6-sol-off,short-trace-final,short-trace-final,static,Omega_CC,69,0
static::gpt-5.6-sol-off::short-trace-final::Omega_CC,gpt-5.6-sol-off::codecontests-validation-1567f::short-trace-final,codecontests-validation-1567f,,gpt-5.6-sol-off,short-trace-final,short-trace-final,static,Omega_CC,42,0
static::gpt-5.6-sol-off::short-trace-final::Omega_CC,gpt-5.6-sol-off::codecontests-validation-1569e::short-trace-final,codecontests-validation-1569e,,gpt-5.6-sol-off,short-trace-final,short-trace-final,static,Omega_CC,47,0
static::gpt-5.6-sol-off::short-trace-final::Omega_CC,gpt-5.6-sol-off::codecontests-validation-1569f::short-trace-final,codecontests-validation-1569f,,gpt-5.6-sol-off,short-trace-final,short-trace-final,static,Omega_CC,60,0
static::gpt-5.6-sol-off::short-trace-final::Omega_CC,gpt-5.6-sol-off::codecontests-validation-1572d::short-trace-final,codecontests-validation-1572d,,gpt-5.6-sol-off,short-trace-final,short-trace-final,static,Omega_CC,37,0
static::gpt-5.6-sol-off::short-trace-final::Omega_CC,gpt-5.6-sol-off::codecontests-validation-1572e::short-trace-final,codecontests-validation-1572e,,gpt-5.6-sol-off,short-trace-final,short-trace-final,static,Omega_CC,28,1
static::gpt-5.6-sol-off::short-trace-final::Omega_CC,gpt-5.6-sol-off::codecontests-validation-1574f::short-trace-final,codecontests-validation-1574f,,gpt-5.6-sol-off,short-trace-final,short-trace-final,static,Omega_CC,86,0
static::qwen3.8-27b-high::inside-loop-state::Omega_CC,qwen3.8-27b-high::codecontests-test-1580b::inside-loop-state,codecontests-test-1580b,,qwen3.8-27b-high,inside-loop-state,inside-loop-state,static,Omega_CC,29,1
static::qwen3.8-27b-high::inside-loop-state::Omega_CC,qwen3.8-27b-high::codecontests-test-1580f::inside-loop-state,codecontests-test-1580f,,qwen3.8-27b-high,inside-loop-state,inside-loop-state,static,Omega_CC,50,0
static::qwen3.8-27b-high::inside-loop-state::Omega_CC,qwen3.8-27b-high::codecontests-test-1586f::inside-loop-state,codecontests-test-1586f,,qwen3.8-27b-high,inside-loop-state,inside-loop-state,static,Omega_CC,21,1
static::qwen3.8-27b-high::inside-loop-state::Omega_CC,qwen3.8-27b-high::codecontests-test-1598f::inside-loop-state,codecontests-test-1598f,,qwen3.8-27b-high,inside-loop-state,inside-loop-state,static,Omega_CC,21,1
static::qwen3.8-27b-high::inside-loop-state::Omega_CC,qwen3.8-27b-high::codecontests-test-1599d::inside-loop-state,codecontests-test-1599d,,qwen3.8-27b-high,inside-loop-state,inside-loop-state,static,Omega_CC,94,1
static::qwen3.8-27b-high::inside-loop-state::Omega_CC,qwen3.8-27b-high::codecontests-test-1599j::inside-loop-state,codecontests-test-1599j,,qwen3.8-27b-high,inside-loop-state,inside-loop-state,static,Omega_CC,63,0
static::qwen3.8-27b-high::inside-loop-state::Omega_CC,qwen3.8-27b-high::codecontests-test-1603e::inside-loop-state,codecontests-test-1603e,,qwen3.8-27b-high,inside-loop-state,inside-loop-state,static,Omega_CC,32,1
static::qwen3.8-27b-high::inside-loop-state::Omega_CC,qwen3.8-27b-high::codecontests-test-1608e::inside-loop-state,codecontests-test-1608e,,qwen3.8-27b-high,inside-loop-state,inside-loop-state,static,Omega_CC,84,1
static::qwen3.8-27b-high::inside-loop-state::Omega_CC,qwen3.8-27b-high::codecontests-test-1608f::inside-loop-state,codecontests-test-1608f,,qwen3.8-27b-high,inside-loop-state,inside-loop-state,static,Omega_CC,33,0
static::qwen3.8-27b-high::inside-loop-state::Omega_CC,qwen3.8-27b-high::codecontests-test-1615g::inside-loop-state,codecontests-test-1615g,,qwen3.8-27b-high,inside-loop-state,inside-loop-state,static,Omega_CC,92,0
static::qwen3.8-27b-high::inside-loop-state::Omega_CC,qwen3.8-27b-high::codecontests-test-1615h::inside-loop-state,codecontests-test-1615h,,qwen3.8-27b-high,inside-loop-state,inside-loop-state,static,Omega_CC,45,0
static::qwen3.8-27b-high::inside-loop-state::Omega_CC,qwen3.8-27b-high::codecontests-test-1617e::inside-loop-state,codecontests-test-1617e,,qwen3.8-27b-high,inside-loop-state,inside-loop-state,static,Omega_CC,136,0
static::qwen3.8-27b-high::inside-loop-state::Omega_CC,qwen3.8-27b-high::codecontests-test-1620g::inside-loop-state,codecontests-test-1620g,,qwen3.8-27b-high,inside-loop-state,inside-loop-state,static,Omega_CC,27,0
static::qwen3.8-27b-high::inside-loop-state::Omega_CC,qwen3.8-27b-high::codecontests-validation-1552g::inside-loop-state,codecontests-validation-1552g,,qwen3.8-27b-high,inside-loop-state,inside-loop-state,static,Omega_CC,26,0
static::qwen3.8-27b-high::inside-loop-state::Omega_CC,qwen3.8-27b-high::codecontests-validation-1556f::inside-loop-state,codecontests-validation-1556f,,qwen3.8-27b-high,inside-loop-state,inside-loop-state,static,Omega_CC,79,0
static::qwen3.8-27b-high::inside-loop-state::Omega_CC,qwen3.8-27b-high::codecontests-validation-1567f::inside-loop-state,codecontests-validation-1567f,,qwen3.8-27b-high,inside-loop-state,inside-loop-state,static,Omega_CC,50,1
static::qwen3.8-27b-high::inside-loop-state::Omega_CC,qwen3.8-27b-high::codecontests-validation-1569e::inside-loop-state,codecontests-validation-1569e,,qwen3.8-27b-high,inside-loop-state,inside-loop-state,static,Omega_CC,55,1
static::qwen3.8-27b-high::inside-loop-state::Omega_CC,qwen3.8-27b-high::codecontests-validation-1569f::inside-loop-state,codecontests-validation-1569f,,qwen3.8-27b-high,inside-loop-state,inside-loop-state,static,Omega_CC,68,0
static::qwen3.8-27b-high::inside-loop-state::Omega_CC,qwen3.8-27b-high::codecontests-validation-1572d::inside-loop-state,codecontests-validation-1572d,,qwen3.8-27b-high,inside-loop-state,inside-loop-state,static,Omega_CC,47,0
static::qwen3.8-27b-high::inside-loop-state::Omega_CC,qwen3.8-27b-high::codecontests-validation-1572e::inside-loop-state,codecontests-validation-1572e,,qwen3.8-27b-high,inside-loop-state,inside-loop-state,static,Omega_CC,36,0
static::qwen3.8-27b-high::inside-loop-state::Omega_CC,qwen3.8-27b-high::codecontests-validation-1574f::inside-loop-state,codecontests-validation-1574f,,qwen3.8-27b-high,inside-loop-state,inside-loop-state,static,Omega_CC,96,0
static::qwen3.8-27b-high::long-trace-final::Omega_CC,qwen3.8-27b-high::codecontests-test-1580b::long-trace-final,codecontests-test-1580b,,qwen3.8-27b-high,long-trace-final,long-trace-final,static,Omega_CC,21,0
static::qwen3.8-27b-high::long-trace-final::Omega_CC,qwen3.8-27b-high::codecontests-test-1580f::long-trace-final,codecontests-test-1580f,,qwen3.8-27b-high,long-trace-final,long-trace-final,static,Omega_CC,42,1
static::qwen3.8-27b-high::long-trace-final::Omega_CC,qwen3.8-27b-high::codecontests-test-1586f::long-trace-final,codecontests-test-1586f,,qwen3.8-27b-high,long-trace-final,long-trace-final,static,Omega_CC,13,0
static::qwen3.8-27b-high::long-trace-final::Omega_CC,qwen3.8-27b-high::codecontests-test-1598f::long-trace-final,codecontests-test-1598f,,qwen3.8-27b-high,long-trace-final,long-trace-final,static,Omega_CC,13,1
static::qwen3.8-27b-high::long-trace-final::Omega_CC,qwen3.8-27b-high::codecontests-test-1599d::long-trace-final,codecontests-test-1599d,,qwen3.8-27b-high,long-trace-final,long-trace-final,static,Omega_CC,86,1
static::qwen3.8-27b-high::long-trace-final::Omega_CC,qwen3.8-27b-high::codecontests-test-1599j::long-trace-final,codecontests-test-1599j,,qwen3.8-27b-high,long-trace-final,long-trace-final,static,Omega_CC,55,0
static::qwen3.8-27b-high::long-trace-final::Omega_CC,qwen3.8-27b-high::codecontests-test-1603e::long-trace-final,codecontests-test-1603e,,qwen3.8-27b-high,long-trace-final,long-trace-final,static,Omega_CC,24,0
static::qwen3.8-27b-high::long-trace-final::Omega_CC,qwen3.8-27b-high::codecontests-test-1608e::long-trace-final,codecontests-test-1608e,,qwen3.8-27b-high,long-trace-final,long-trace-final,static,Omega_CC,76,0
static::qwen3.8-27b-high::long-trace-final::Omega_CC,qwen3.8-27b-high::codecontests-test-1608f::long-trace-final,codecontests-test-1608f,,qwen3.8-27b-high,long-trace-final,long-trace-final,static,Omega_CC,25,0
static::qwen3.8-27b-high::long-trace-final::Omega_CC,qwen3.8-27b-high::codecontests-test-1615g::long-trace-final,codecontests-test-1615g,,qwen3.8-27b-high,long-trace-final,long-trace-final,static,Omega_CC,84,0
static::qwen3.8-27b-high::long-trace-final::Omega_CC,qwen3.8-27b-high::codecontests-test-1615h::long-trace-final,codecontests-test-1615h,,qwen3.8-27b-high,long-trace-final,long-trace-final,static,Omega_CC,37,0
static::qwen3.8-27b-high::long-trace-final::Omega_CC,qwen3.8-27b-high::codecontests-test-1617e::long-trace-final,codecontests-test-1617e,,qwen3.8-27b-high,long-trace-final,long-trace-final,static,Omega_CC,128,0
static::qwen3.8-27b-high::long-trace-final::Omega_CC,qwen3.8-27b-high::codecontests-test-1620g::long-trace-final,codecontests-test-1620g,,qwen3.8-27b-high,long-trace-final,long-trace-final,static,Omega_CC,19,0
static::qwen3.8-27b-high::long-trace-final::Omega_CC,qwen3.8-27b-high::codecontests-validation-1552g::long-trace-final,codecontests-validation-1552g,,qwen3.8-27b-high,long-trace-final,long-trace-final,static,Omega_CC,18,1
static::qwen3.8-27b-high::long-trace-final::Omega_CC,qwen3.8-27b-high::codecontests-validation-1553h::long-trace-final,codecontests-validation-1553h,,qwen3.8-27b-high,long-trace-final,long-trace-final,static,Omega_CC,23,1
static::qwen3.8-27b-high::long-trace-final::Omega_CC,qwen3.8-27b-high::codecontests-validation-1556f::long-trace-final,codecontests-validation-1556f,,qwen3.8-27b-high,long-trace-final,long-trace-final,static,Omega_CC,69,0
static::qwen3.8-27b-high::long-trace-final::Omega_CC,qwen3.8-27b-high::codecontests-validation-1567f::long-trace-final,codecontests-validation-1567f,,qwen3.8-27b-high,long-trace-final,long-trace-final,static,Omega_CC,42,0
static::qwen3.8-27b-high::long-trace-final::Omega_CC,qwen3.8-27b-high::codecontests-validation-1569e::long-trace-final,codecontests-validation-1569e,,qwen3.8-27b-high,long-trace-final,long-trace-final,static,Omega_CC,47,1
static::qwen3.8-27b-high::long-trace-final::Omega_CC,qwen3.8-27b-high::codecontests-validation-1569f::long-trace-final,codecontests-validation-1569f,,qwen3.8-27b-high,long-trace-final,long-trace-final,static,Omega_CC,60,1
static::qwen3.8-27b-high::long-trace-final::Omega_CC,qwen3.8-27b-high::codecontests-validation-1572d::long-trace-final,codecontests-validation-1572d,,qwen3.8-27b-high,long-trace-final,long-trace-final,static,Omega_CC,37,0
static::qwen3.8-27b-high::long-trace-final::Omega_CC,qwen3.8-27b-high::codecontests-validation-1572e::long-trace-final,codecontests-validation-1572e,,qwen3.8-27b-high,long-trace-final,long-trace-final,static,Omega_CC,28,0
static::qwen3.8-27b-high::long-trace-final::Omega_CC,qwen3.8-27b-high::codecontests-validation-1574f::long-trace-final,codecontests-validation-1574f,,qwen3.8-27b-high,long-trace-final,long-trace-final,static,Omega_CC,86,0
static::qwen3.8-27b-high::post-loop-state::Omega_CC,qwen3.8-27b-high::codecontests-test-1580b::post-loop-state,codecontests-test-1580b,,qwen3.8-27b-high,post-loop-state,post-loop-state,static,Omega_CC,29,1
static::qwen3.8-27b-high::post-loop-state::Omega_CC,qwen3.8-27b-high::codecontests-test-1580f::post-loop-state,codecontests-test-1580f,,qwen3.8-27b-high,post-loop-state,post-loop-state,static,Omega_CC,50,0
static::qwen3.8-27b-high::post-loop-state::Omega_CC,qwen3.8-27b-high::codecontests-test-1586f::post-loop-state,codecontests-test-1586f,,qwen3.8-27b-high,post-loop-state,post-loop-state,static,Omega_CC,21,1
static::qwen3.8-27b-high::post-loop-state::Omega_CC,qwen3.8-27b-high::codecontests-test-1598f::post-loop-state,codecontests-test-1598f,,qwen3.8-27b-high,post-loop-state,post-loop-state,static,Omega_CC,21,1
static::qwen3.8-27b-high::post-loop-state::Omega_CC,qwen3.8-27b-high::codecontests-test-1599d::post-loop-state,codecontests-test-1599d,,qwen3.8-27b-high,post-loop-state,post-loop-state,static,Omega_CC,94,1
static::qwen3.8-27b-high::post-loop-state::Omega_CC,qwen3.8-27b-high::codecontests-test-1599j::post-loop-state,codecontests-test-1599j,,qwen3.8-27b-high,post-loop-state,post-loop-state,static,Omega_CC,63,0
static::qwen3.8-27b-high::post-loop-state::Omega_CC,qwen3.8-27b-high::codecontests-test-1603e::post-loop-state,codecontests-test-1603e,,qwen3.8-27b-high,post-loop-state,post-loop-state,static,Omega_CC,32,1
static::qwen3.8-27b-high::post-loop-state::Omega_CC,qwen3.8-27b-high::codecontests-test-1608e::post-loop-state,codecontests-test-1608e,,qwen3.8-27b-high,post-loop-state,post-loop-state,static,Omega_CC,84,0
static::qwen3.8-27b-high::post-loop-state::Omega_CC,qwen3.8-27b-high::codecontests-test-1608f::post-loop-state,codecontests-test-1608f,,qwen3.8-27b-high,post-loop-state,post-loop-state,static,Omega_CC,33,0
static::qwen3.8-27b-high::post-loop-state::Omega_CC,qwen3.8-27b-high::codecontests-test-1615g::post-loop-state,codecontests-test-1615g,,qwen3.8-27b-high,post-loop-state,post-loop-state,static,Omega_CC,92,0
static::qwen3.8-27b-high::post-loop-state::Omega_CC,qwen3.8-27b-high::codecontests-test-1615h::post-loop-state,codecontests-test-1615h,,qwen3.8-27b-high,post-loop-state,post-loop-state,static,Omega_CC,45,0
static::qwen3.8-27b-high::post-loop-state::Omega_CC,qwen3.8-27b-high::codecontests-test-1617e::post-loop-state,codecontests-test-1617e,,qwen3.8-27b-high,post-loop-state,post-loop-state,static,Omega_CC,136,1
static::qwen3.8-27b-high::post-loop-state::Omega_CC,qwen3.8-27b-high::codecontests-test-1620g::post-loop-state,codecontests-test-1620g,,qwen3.8-27b-high,post-loop-state,post-loop-state,static,Omega_CC,27,1
static::qwen3.8-27b-high::post-loop-state::Omega_CC,qwen3.8-27b-high::codecontests-validation-1552g::post-loop-state,codecontests-validation-1552g,,qwen3.8-27b-high,post-loop-state,post-loop-state,static,Omega_CC,26,1
static::qwen3.8-27b-high::post-loop-state::Omega_CC,qwen3.8-27b-high::codecontests-validation-1556f::post-loop-state,codecontests-validation-1556f,,qwen3.8-27b-high,post-loop-state,post-loop-state,static,Omega_CC,79,0
static::qwen3.8-27b-high::post-loop-state::Omega_CC,qwen3.8-27b-high::codecontests-validation-1567f::post-loop-state,codecontests-validation-1567f,,qwen3.8-27b-high,post-loop-state,post-loop-state,static,Omega_CC,50,1
static::qwen3.8-27b-high::post-loop-state::Omega_CC,qwen3.8-27b-high::codecontests-validation-1569e::post-loop-state,codecontests-validation-1569e,,qwen3.8-27b-high,post-loop-state,post-loop-state,static,Omega_CC,55,1
static::qwen3.8-27b-high::post-loop-state::Omega_CC,qwen3.8-27b-high::codecontests-validation-1569f::post-loop-state,codecontests-validation-1569f,,qwen3.8-27b-high,post-loop-state,post-loop-state,static,Omega_CC,68,0
static::qwen3.8-27b-high::post-loop-state::Omega_CC,qwen3.8-27b-high::codecontests-validation-1572d::post-loop-state,codecontests-validation-1572d,,qwen3.8-27b-high,post-loop-state,post-loop-state,static,Omega_CC,47,0
static::qwen3.8-27b-high::post-loop-state::Omega_CC,qwen3.8-27b-high::codecontests-validation-1572e::post-loop-state,codecontests-validation-1572e,,qwen3.8-27b-high,post-loop-state,post-loop-state,static,Omega_CC,36,0
static::qwen3.8-27b-high::post-loop-state::Omega_CC,qwen3.8-27b-high::codecontests-validation-1574f::post-loop-state,codecontests-validation-1574f,,qwen3.8-27b-high,post-loop-state,post-loop-state,static,Omega_CC,96,0
static::qwen3.8-27b-high::short-trace-final::Omega_CC,qwen3.8-27b-high::codecontests-test-1580b::short-trace-final,codecontests-test-1580b,,qwen3.8-27b-high,short-trace-final,short-trace-final,static,Omega_CC,21,0
static::qwen3.8-27b-high::short-trace-final::Omega_CC,qwen3.8-27b-high::codecontests-test-1580f::short-trace-final,codecontests-test-1580f,,qwen3.8-27b-high,short-trace-final,short-trace-final,static,Omega_CC,42,0
static::qwen3.8-27b-high::short-trace-final::Omega_CC,qwen3.8-27b-high::codecontests-test-1586f::short-trace-final,codecontests-test-1586f,,qwen3.8-27b-high,short-trace-final,short-trace-final,static,Omega_CC,13,1
static::qwen3.8-27b-high::short-trace-final::Omega_CC,qwen3.8-27b-high::codecontests-test-1598f::short-trace-final,codecontests-test-1598f,,qwen3.8-27b-high,short-trace-final,short-trace-final,static,Omega_CC,13,1
static::qwen3.8-27b-high::short-trace-final::Omega_CC,qwen3.8-27b-high::codecontests-test-1599d::short-trace-final,codecontests-test-1599d,,qwen3.8-27b-high,short-trace-final,short-trace-final,static,Omega_CC,86,1
static::qwen3.8-27b-high::short-trace-final::Omega_CC,qwen3.8-27b-high::codecontests-test-1599j::short-trace-final,codecontests-test-1599j,,qwen3.8-27b-high,short-trace-final,short-trace-final,static,Omega_CC,55,0
static::qwen3.8-27b-high::short-trace-final::Omega_CC,qwen3.8-27b-high::codecontests-test-1603e::short-trace-final,codecontests-test-1603e,,qwen3.8-27b-high,short-trace-final,short-trace-final,static,Omega_CC,24,1
static::qwen3.8-27b-high::short-trace-final::Omega_CC,qwen3.8-27b-high::codecontests-test-1608e::short-trace-final,codecontests-test-1608e,,qwen3.8-27b-high,short-trace-final,short-trace-final,static,Omega_CC,76,1
static::qwen3.8-27b-high::short-trace-final::Omega_CC,qwen3.8-27b-high::codecontests-test-1608f::short-trace-final,codecontests-test-1608f,,qwen3.8-27b-high,short-trace-final,short-trace-final,static,Omega_CC,25,0
static::qwen3.8-27b-high::short-trace-final::Omega_CC,qwen3.8-27b-high::codecontests-test-1615g::short-trace-final,codecontests-test-1615g,,qwen3.8-27b-high,short-trace-final,short-trace-final,static,Omega_CC,84,1
static::qwen3.8-27b-high::short-trace-final::Omega_CC,qwen3.8-27b-high::codecontests-test-1615h::short-trace-final,codecontests-test-1615h,,qwen3.8-27b-high,short-trace-final,short-trace-final,static,Omega_CC,37,1
static::qwen3.8-27b-high::short-trace-final::Omega_CC,qwen3.8-27b-high::codecontests-test-1617e::short-trace-final,codecontests-test-1617e,,qwen3.8-27b-high,short-trace-final,short-trace-final,static,Omega_CC,128,1
static::qwen3.8-27b-high::short-trace-final::Omega_CC,qwen3.8-27b-high::codecontests-test-1620g::short-trace-final,codecontests-test-1620g,,qwen3.8-27b-high,short-trace-final,short-trace-final,static,Omega_CC,19,1
static::qwen3.8-27b-high::short-trace-final::Omega_CC,qwen3.8-27b-high::codecontests-validation-1552g::short-trace-final,codecontests-validation-1552g,,qwen3.8-27b-high,short-trace-final,short-trace-final,static,Omega_CC,18,0
static::qwen3.8-27b-high::short-trace-final::Omega_CC,qwen3.8-27b-high::codecontests-validation-1553h::short-trace-final,codecontests-validation-1553h,,qwen3.8-27b-high,short-trace-final,short-trace-final,static,Omega_CC,23,1
static::qwen3.8-27b-high::short-trace-final::Omega_CC,qwen3.8-27b-high::codecontests-validation-1556f::short-trace-final,codecontests-validation-1556f,,qwen3.8-27b-high,short-trace-final,short-trace-final,static,Omega_CC,69,1
static::qwen3.8-27b-high::short-trace-final::Omega_CC,qwen3.8-27b-high::codecontests-validation-1567f::short-trace-final,codecontests-validation-1567f,,qwen3.8-27b-high,short-trace-final,short-trace-final,static,Omega_CC,42,1
static::qwen3.8-27b-high::short-trace-final::Omega_CC,qwen3.8-27b-high::codecontests-validation-1569e::short-trace-final,codecontests-validation-1569e,,qwen3.8-27b-high,short-trace-final,short-trace-final,static,Omega_CC,47,0
static::qwen3.8-27b-high::short-trace-final::Omega_CC,qwen3.8-27b-high::codecontests-validation-1569f::short-trace-final,codecontests-validation-1569f,,qwen3.8-27b-high,short-trace-final,short-trace-final,static,Omega_CC,60,1
static::qwen3.8-27b-high::short-trace-final::Omega_CC,qwen3.8-27b-high::codecontests-validation-1572d::short-trace-final,codecontests-validation-1572d,,qwen3.8-27b-high,short-trace-final,short-trace-final,static,Omega_CC,37,0
static::qwen3.8-27b-high::short-trace-final::Omega_CC,qwen3.8-27b-high::codecontests-validation-1572e::short-trace-final,codecontests-validation-1572e,,qwen3.8-27b-high,short-trace-final,short-trace-final,static,Omega_CC,28,1
static::qwen3.8-27b-high::short-trace-final::Omega_CC,qwen3.8-27b-high::codecontests-validation-1574f::short-trace-final,codecontests-validation-1574f,,qwen3.8-27b-high,short-trace-final,short-trace-final,static,Omega_CC,86,1
static::qwen3.8-27b-off::inside-loop-state::Omega_CC,qwen3.8-27b-off::codecontests-test-1580b::inside-loop-state,codecontests-test-1580b,,qwen3.8-27b-off,inside-loop-state,inside-loop-state,static,Omega_CC,29,0
static::qwen3.8-27b-off::inside-loop-state::Omega_CC,qwen3.8-27b-off::codecontests-test-1580f::inside-loop-state,codecontests-test-1580f,,qwen3.8-27b-off,inside-loop-state,inside-loop-state,static,Omega_CC,50,0
static::qwen3.8-27b-off::inside-loop-state::Omega_CC,qwen3.8-27b-off::codecontests-test-1586f::inside-loop-state,codecontests-test-1586f,,qwen3.8-27b-off,inside-loop-state,inside-loop-state,static,Omega_CC,21,0
static::qwen3.8-27b-off::inside-loop-state::Omega_CC,qwen3.8-27b-off::codecontests-test-1598f::inside-loop-state,codecontests-test-1598f,,qwen3.8-27b-off,inside-loop-state,inside-loop-state,static,Omega_CC,21,0
static::qwen3.8-27b-off::inside-loop-state::Omega_CC,qwen3.8-27b-off::codecontests-test-1599d::inside-loop-state,codecontests-test-1599d,,qwen3.8-27b-off,inside-loop-state,inside-loop-state,static,Omega_CC,94,0
static::qwen3.8-27b-off::inside-loop-state::Omega_CC,qwen3.8-27b-off::codecontests-test-1599j::inside-loop-state,codecontests-test-1599j,,qwen3.8-27b-off,inside-loop-state,inside-loop-state,static,Omega_CC,63,0
static::qwen3.8-27b-off::inside-loop-state::Omega_CC,qwen3.8-27b-off::codecontests-test-1603e::inside-loop-state,codecontests-test-1603e,,qwen3.8-27b-off,inside-loop-state,inside-loop-state,static,Omega_CC,32,0
static::qwen3.8-27b-off::inside-loop-state::Omega_CC,qwen3.8-27b-off::codecontests-test-1608e::inside-loop-state,codecontests-test-1608e,,qwen3.8-27b-off,inside-loop-state,inside-loop-state,static,Omega_CC,84,0
static::qwen3.8-27b-off::inside-loop-state::Omega_CC,qwen3.8-27b-off::codecontests-test-1608f::inside-loop-state,codecontests-test-1608f,,qwen3.8-27b-off,inside-loop-state,inside-loop-state,static,Omega_CC,33,0
static::qwen3.8-27b-off::inside-loop-state::Omega_CC,qwen3.8-27b-off::codecontests-test-1615g::inside-loop-state,codecontests-test-1615g,,qwen3.8-27b-off,inside-loop-state,inside-loop-state,static,Omega_CC,92,0
static::qwen3.8-27b-off::inside-loop-state::Omega_CC,qwen3.8-27b-off::codecontests-test-1615h::inside-loop-state,codecontests-test-1615h,,qwen3.8-27b-off,inside-loop-state,inside-loop-state,static,Omega_CC,45,0
static::qwen3.8-27b-off::inside-loop-state::Omega_CC,qwen3.8-27b-off::codecontests-test-1617e::inside-loop-state,codecontests-test-1617e,,qwen3.8-27b-off,inside-loop-state,inside-loop-state,static,Omega_CC,136,0
static::qwen3.8-27b-off::inside-loop-state::Omega_CC,qwen3.8-27b-off::codecontests-test-1620g::inside-loop-state,codecontests-test-1620g,,qwen3.8-27b-off,inside-loop-state,inside-loop-state,static,Omega_CC,27,0
static::qwen3.8-27b-off::inside-loop-state::Omega_CC,qwen3.8-27b-off::codecontests-validation-1552g::inside-loop-state,codecontests-validation-1552g,,qwen3.8-27b-off,inside-loop-state,inside-loop-state,static,Omega_CC,26,0
static::qwen3.8-27b-off::inside-loop-state::Omega_CC,qwen3.8-27b-off::codecontests-validation-1553h::inside-loop-state,codecontests-validation-1553h,,qwen3.8-27b-off,inside-loop-state,inside-loop-state,static,Omega_CC,31,0
static::qwen3.8-27b-off::inside-loop-state::Omega_CC,qwen3.8-27b-off::codecontests-validation-1556f::inside-loop-state,codecontests-validation-1556f,,qwen3.8-27b-off,inside-loop-state,inside-loop-state,static,Omega_CC,79,0
static::qwen3.8-27b-off::inside-loop-state::Omega_CC,qwen3.8-27b-off::codecontests-validation-1567f::inside-loop-state,codecontests-validation-1567f,,qwen3.8-27b-off,inside-loop-state,inside-loop-state,static,Omega_CC,50,0
static::qwen3.8-27b-off::inside-loop-state::Omega_CC,qwen3.8-27b-off::codecontests-validation-1569e::inside-loop-state,codecontests-validation-1569e,,qwen3.8-27b-off,inside-loop-state,inside-loop-state,static,Omega_CC,55,0
static::qwen3.8-27b-off::inside-loop-state::Omega_CC,qwen3.8-27b-off::codecontests-validation-1569f::inside-loop-state,codecontests-validation-1569f,,qwen3.8-27b-off,inside-loop-state,inside-loop-state,static,Omega_CC,68,0
static::qwen3.8-27b-off::inside-loop-state::Omega_CC,qwen3.8-27b-off::codecontests-validation-1572d::inside-loop-state,codecontests-validation-1572d,,qwen3.8-27b-off,inside-loop-state,inside-loop-state,static,Omega_CC,47,0
static::qwen3.8-27b-off::inside-loop-state::Omega_CC,qwen3.8-27b-off::codecontests-validation-1572e::inside-loop-state,codecontests-validation-1572e,,qwen3.8-27b-off,inside-loop-state,inside-loop-state,static,Omega_CC,36,0
static::qwen3.8-27b-off::inside-loop-state::Omega_CC,qwen3.8-27b-off::codecontests-validation-1574f::inside-loop-state,codecontests-validation-1574f,,qwen3.8-27b-off,inside-loop-state,inside-loop-state,static,Omega_CC,96,0
static::qwen3.8-27b-off::long-trace-final::Omega_CC,qwen3.8-27b-off::codecontests-test-1580b::long-trace-final,codecontests-test-1580b,,qwen3.8-27b-off,long-trace-final,long-trace-final,static,Omega_CC,21,0
static::qwen3.8-27b-off::long-trace-final::Omega_CC,qwen3.8-27b-off::codecontests-test-1580f::long-trace-final,codecontests-test-1580f,,qwen3.8-27b-off,long-trace-final,long-trace-final,static,Omega_CC,42,0
static::qwen3.8-27b-off::long-trace-final::Omega_CC,qwen3.8-27b-off::codecontests-test-1586f::long-trace-final,codecontests-test-1586f,,qwen3.8-27b-off,long-trace-final,long-trace-final,static,Omega_CC,13,0
static::qwen3.8-27b-off::long-trace-final::Omega_CC,qwen3.8-27b-off::codecontests-test-1598f::long-trace-final,codecontests-test-1598f,,qwen3.8-27b-off,long-trace-final,long-trace-final,static,Omega_CC,13,1
static::qwen3.8-27b-off::long-trace-final::Omega_CC,qwen3.8-27b-off::codecontests-test-1599d::long-trace-final,codecontests-test-1599d,,qwen3.8-27b-off,long-trace-final,long-trace-final,static,Omega_CC,86,0
static::qwen3.8-27b-off::long-trace-final::Omega_CC,qwen3.8-27b-off::codecontests-test-1599j::long-trace-final,codecontests-test-1599j,,qwen3.8-27b-off,long-trace-final,long-trace-final,static,Omega_CC,55,0
static::qwen3.8-27b-off::long-trace-final::Omega_CC,qwen3.8-27b-off::codecontests-test-1603e::long-trace-final,codecontests-test-1603e,,qwen3.8-27b-off,long-trace-final,long-trace-final,static,Omega_CC,24,0
static::qwen3.8-27b-off::long-trace-final::Omega_CC,qwen3.8-27b-off::codecontests-test-1608e::long-trace-final,codecontests-test-1608e,,qwen3.8-27b-off,long-trace-final,long-trace-final,static,Omega_CC,76,0
static::qwen3.8-27b-off::long-trace-final::Omega_CC,qwen3.8-27b-off::codecontests-test-1608f::long-trace-final,codecontests-test-1608f,,qwen3.8-27b-off,long-trace-final,long-trace-final,static,Omega_CC,25,0
static::qwen3.8-27b-off::long-trace-final::Omega_CC,qwen3.8-27b-off::codecontests-test-1615g::long-trace-final,codecontests-test-1615g,,qwen3.8-27b-off,long-trace-final,long-trace-final,static,Omega_CC,84,0
static::qwen3.8-27b-off::long-trace-final::Omega_CC,qwen3.8-27b-off::codecontests-test-1615h::long-trace-final,codecontests-test-1615h,,qwen3.8-27b-off,long-trace-final,long-trace-final,static,Omega_CC,37,0
static::qwen3.8-27b-off::long-trace-final::Omega_CC,qwen3.8-27b-off::codecontests-test-1617e::long-trace-final,codecontests-test-1617e,,qwen3.8-27b-off,long-trace-final,long-trace-final,static,Omega_CC,128,0
static::qwen3.8-27b-off::long-trace-final::Omega_CC,qwen3.8-27b-off::codecontests-test-1620g::long-trace-final,codecontests-test-1620g,,qwen3.8-27b-off,long-trace-final,long-trace-final,static,Omega_CC,19,0
static::qwen3.8-27b-off::long-trace-final::Omega_CC,qwen3.8-27b-off::codecontests-validation-1552g::long-trace-final,codecontests-validation-1552g,,qwen3.8-27b-off,long-trace-final,long-trace-final,static,Omega_CC,18,0
static::qwen3.8-27b-off::long-trace-final::Omega_CC,qwen3.8-27b-off::codecontests-validation-1553h::long-trace-final,codecontests-validation-1553h,,qwen3.8-27b-off,long-trace-final,long-trace-final,static,Omega_CC,23,0
static::qwen3.8-27b-off::long-trace-final::Omega_CC,qwen3.8-27b-off::codecontests-validation-1556f::long-trace-final,codecontests-validation-1556f,,qwen3.8-27b-off,long-trace-final,long-trace-final,static,Omega_CC,69,0
static::qwen3.8-27b-off::long-trace-final::Omega_CC,qwen3.8-27b-off::codecontests-validation-1567f::long-trace-final,codecontests-validation-1567f,,qwen3.8-27b-off,long-trace-final,long-trace-final,static,Omega_CC,42,0
static::qwen3.8-27b-off::long-trace-final::Omega_CC,qwen3.8-27b-off::codecontests-validation-1569e::long-trace-final,codecontests-validation-1569e,,qwen3.8-27b-off,long-trace-final,long-trace-final,static,Omega_CC,47,1
static::qwen3.8-27b-off::long-trace-final::Omega_CC,qwen3.8-27b-off::codecontests-validation-1569f::long-trace-final,codecontests-validation-1569f,,qwen3.8-27b-off,long-trace-final,long-trace-final,static,Omega_CC,60,1
static::qwen3.8-27b-off::long-trace-final::Omega_CC,qwen3.8-27b-off::codecontests-validation-1572d::long-trace-final,codecontests-validation-1572d,,qwen3.8-27b-off,long-trace-final,long-trace-final,static,Omega_CC,37,0
static::qwen3.8-27b-off::long-trace-final::Omega_CC,qwen3.8-27b-off::codecontests-validation-1572e::long-trace-final,codecontests-validation-1572e,,qwen3.8-27b-off,long-trace-final,long-trace-final,static,Omega_CC,28,0
static::qwen3.8-27b-off::long-trace-final::Omega_CC,qwen3.8-27b-off::codecontests-validation-1574f::long-trace-final,codecontests-validation-1574f,,qwen3.8-27b-off,long-trace-final,long-trace-final,static,Omega_CC,86,0
static::qwen3.8-27b-off::post-loop-state::Omega_CC,qwen3.8-27b-off::codecontests-test-1580b::post-loop-state,codecontests-test-1580b,,qwen3.8-27b-off,post-loop-state,post-loop-state,static,Omega_CC,29,0
static::qwen3.8-27b-off::post-loop-state::Omega_CC,qwen3.8-27b-off::codecontests-test-1580f::post-loop-state,codecontests-test-1580f,,qwen3.8-27b-off,post-loop-state,post-loop-state,static,Omega_CC,50,0
static::qwen3.8-27b-off::post-loop-state::Omega_CC,qwen3.8-27b-off::codecontests-test-1586f::post-loop-state,codecontests-test-1586f,,qwen3.8-27b-off,post-loop-state,post-loop-state,static,Omega_CC,21,0
static::qwen3.8-27b-off::post-loop-state::Omega_CC,qwen3.8-27b-off::codecontests-test-1598f::post-loop-state,codecontests-test-1598f,,qwen3.8-27b-off,post-loop-state,post-loop-state,static,Omega_CC,21,0
static::qwen3.8-27b-off::post-loop-state::Omega_CC,qwen3.8-27b-off::codecontests-test-1599d::post-loop-state,codecontests-test-1599d,,qwen3.8-27b-off,post-loop-state,post-loop-state,static,Omega_CC,94,0
static::qwen3.8-27b-off::post-loop-state::Omega_CC,qwen3.8-27b-off::codecontests-test-1599j::post-loop-state,codecontests-test-1599j,,qwen3.8-27b-off,post-loop-state,post-loop-state,static,Omega_CC,63,0
static::qwen3.8-27b-off::post-loop-state::Omega_CC,qwen3.8-27b-off::codecontests-test-1603e::post-loop-state,codecontests-test-1603e,,qwen3.8-27b-off,post-loop-state,post-loop-state,static,Omega_CC,32,0
static::qwen3.8-27b-off::post-loop-state::Omega_CC,qwen3.8-27b-off::codecontests-test-1608e::post-loop-state,codecontests-test-1608e,,qwen3.8-27b-off,post-loop-state,post-loop-state,static,Omega_CC,84,0
static::qwen3.8-27b-off::post-loop-state::Omega_CC,qwen3.8-27b-off::codecontests-test-1608f::post-loop-state,codecontests-test-1608f,,qwen3.8-27b-off,post-loop-state,post-loop-state,static,Omega_CC,33,0
static::qwen3.8-27b-off::post-loop-state::Omega_CC,qwen3.8-27b-off::codecontests-test-1615g::post-loop-state,codecontests-test-1615g,,qwen3.8-27b-off,post-loop-state,post-loop-state,static,Omega_CC,92,0
static::qwen3.8-27b-off::post-loop-state::Omega_CC,qwen3.8-27b-off::codecontests-test-1615h::post-loop-state,codecontests-test-1615h,,qwen3.8-27b-off,post-loop-state,post-loop-state,static,Omega_CC,45,0
static::qwen3.8-27b-off::post-loop-state::Omega_CC,qwen3.8-27b-off::codecontests-test-1617e::post-loop-state,codecontests-test-1617e,,qwen3.8-27b-off,post-loop-state,post-loop-state,static,Omega_CC,136,0
static::qwen3.8-27b-off::post-loop-state::Omega_CC,qwen3.8-27b-off::codecontests-test-1620g::post-loop-state,codecontests-test-1620g,,qwen3.8-27b-off,post-loop-state,post-loop-state,static,Omega_CC,27,0
static::qwen3.8-27b-off::post-loop-state::Omega_CC,qwen3.8-27b-off::codecontests-validation-1552g::post-loop-state,codecontests-validation-1552g,,qwen3.8-27b-off,post-loop-state,post-loop-state,static,Omega_CC,26,0
static::qwen3.8-27b-off::post-loop-state::Omega_CC,qwen3.8-27b-off::codecontests-validation-1553h::post-loop-state,codecontests-validation-1553h,,qwen3.8-27b-off,post-loop-state,post-loop-state,static,Omega_CC,31,0
static::qwen3.8-27b-off::post-loop-state::Omega_CC,qwen3.8-27b-off::codecontests-validation-1556f::post-loop-state,codecontests-validation-1556f,,qwen3.8-27b-off,post-loop-state,post-loop-state,static,Omega_CC,79,0
static::qwen3.8-27b-off::post-loop-state::Omega_CC,qwen3.8-27b-off::codecontests-validation-1567f::post-loop-state,codecontests-validation-1567f,,qwen3.8-27b-off,post-loop-state,post-loop-state,static,Omega_CC,50,0
static::qwen3.8-27b-off::post-loop-state::Omega_CC,qwen3.8-27b-off::codecontests-validation-1569e::post-loop-state,codecontests-validation-1569e,,qwen3.8-27b-off,post-loop-state,post-loop-state,static,Omega_CC,55,0
static::qwen3.8-27b-off::post-loop-state::Omega_CC,qwen3.8-27b-off::codecontests-validation-1569f::post-loop-state,codecontests-validation-1569f,,qwen3.8-27b-off,post-loop-state,post-loop-state,static,Omega_CC,68,0
static::qwen3.8-27b-off::post-loop-state::Omega_CC,qwen3.8-27b-off::codecontests-validation-1572d::post-loop-state,codecontests-validation-1572d,,qwen3.8-27b-off,post-loop-state,post-loop-state,static,Omega_CC,47,0
static::qwen3.8-27b-off::post-loop-state::Omega_CC,qwen3.8-27b-off::codecontests-validation-1572e::post-loop-state,codecontests-validation-1572e,,qwen3.8-27b-off,post-loop-state,post-loop-state,static,Omega_CC,36,0
static::qwen3.8-27b-off::post-loop-state::Omega_CC,qwen3.8-27b-off::codecontests-validation-1574f::post-loop-state,codecontests-validation-1574f,,qwen3.8-27b-off,post-loop-state,post-loop-state,static,Omega_CC,96,0
static::qwen3.8-27b-off::short-trace-final::Omega_CC,qwen3.8-27b-off::codecontests-test-1580b::short-trace-final,codecontests-test-1580b,,qwen3.8-27b-off,short-trace-final,short-trace-final,static,Omega_CC,21,0
static::qwen3.8-27b-off::short-trace-final::Omega_CC,qwen3.8-27b-off::codecontests-test-1580f::short-trace-final,codecontests-test-1580f,,qwen3.8-27b-off,short-trace-final,short-trace-final,static,Omega_CC,42,0
static::qwen3.8-27b-off::short-trace-final::Omega_CC,qwen3.8-27b-off::codecontests-test-1586f::short-trace-final,codecontests-test-1586f,,qwen3.8-27b-off,short-trace-final,short-trace-final,static,Omega_CC,13,0
static::qwen3.8-27b-off::short-trace-final::Omega_CC,qwen3.8-27b-off::codecontests-test-1598f::short-trace-final,codecontests-test-1598f,,qwen3.8-27b-off,short-trace-final,short-trace-final,static,Omega_CC,13,1
static::qwen3.8-27b-off::short-trace-final::Omega_CC,qwen3.8-27b-off::codecontests-test-1599d::short-trace-final,codecontests-test-1599d,,qwen3.8-27b-off,short-trace-final,short-trace-final,static,Omega_CC,86,0
static::qwen3.8-27b-off::short-trace-final::Omega_CC,qwen3.8-27b-off::codecontests-test-1599j::short-trace-final,codecontests-test-1599j,,qwen3.8-27b-off,short-trace-final,short-trace-final,static,Omega_CC,55,0
static::qwen3.8-27b-off::short-trace-final::Omega_CC,qwen3.8-27b-off::codecontests-test-1603e::short-trace-final,codecontests-test-1603e,,qwen3.8-27b-off,short-trace-final,short-trace-final,static,Omega_CC,24,0
static::qwen3.8-27b-off::short-trace-final::Omega_CC,qwen3.8-27b-off::codecontests-test-1608e::short-trace-final,codecontests-test-1608e,,qwen3.8-27b-off,short-trace-final,short-trace-final,static,Omega_CC,76,1
static::qwen3.8-27b-off::short-trace-final::Omega_CC,qwen3.8-27b-off::codecontests-test-1608f::short-trace-final,codecontests-test-1608f,,qwen3.8-27b-off,short-trace-final,short-trace-final,static,Omega_CC,25,0
static::qwen3.8-27b-off::short-trace-final::Omega_CC,qwen3.8-27b-off::codecontests-test-1615g::short-trace-final,codecontests-test-1615g,,qwen3.8-27b-off,short-trace-final,short-trace-final,static,Omega_CC,84,1
static::qwen3.8-27b-off::short-trace-final::Omega_CC,qwen3.8-27b-off::codecontests-test-1615h::short-trace-final,codecontests-test-1615h,,qwen3.8-27b-off,short-trace-final,short-trace-final,static,Omega_CC,37,0
static::qwen3.8-27b-off::short-trace-final::Omega_CC,qwen3.8-27b-off::codecontests-test-1617e::short-trace-final,codecontests-test-1617e,,qwen3.8-27b-off,short-trace-final,short-trace-final,static,Omega_CC,128,0
static::qwen3.8-27b-off::short-trace-final::Omega_CC,qwen3.8-27b-off::codecontests-test-1620g::short-trace-final,codecontests-test-1620g,,qwen3.8-27b-off,short-trace-final,short-trace-final,static,Omega_CC,19,0
static::qwen3.8-27b-off::short-trace-final::Omega_CC,qwen3.8-27b-off::codecontests-validation-1552g::short-trace-final,codecontests-validation-1552g,,qwen3.8-27b-off,short-trace-final,short-trace-final,static,Omega_CC,18,0
static::qwen3.8-27b-off::short-trace-final::Omega_CC,qwen3.8-27b-off::codecontests-validation-1553h::short-trace-final,codecontests-validation-1553h,,qwen3.8-27b-off,short-trace-final,short-trace-final,static,Omega_CC,23,0
static::qwen3.8-27b-off::short-trace-final::Omega_CC,qwen3.8-27b-off::codecontests-validation-1556f::short-trace-final,codecontests-validation-1556f,,qwen3.8-27b-off,short-trace-final,short-trace-final,static,Omega_CC,69,1
static::qwen3.8-27b-off::short-trace-final::Omega_CC,qwen3.8-27b-off::codecontests-validation-1567f::short-trace-final,codecontests-validation-1567f,,qwen3.8-27b-off,short-trace-final,short-trace-final,static,Omega_CC,42,0
static::qwen3.8-27b-off::short-trace-final::Omega_CC,qwen3.8-27b-off::codecontests-validation-1569e::short-trace-final,codecontests-validation-1569e,,qwen3.8-27b-off,short-trace-final,short-trace-final,static,Omega_CC,47,0
static::qwen3.8-27b-off::short-trace-final::Omega_CC,qwen3.8-27b-off::codecontests-validation-1569f::short-trace-final,codecontests-validation-1569f,,qwen3.8-27b-off,short-trace-final,short-trace-final,static,Omega_CC,60,0
static::qwen3.8-27b-off::short-trace-final::Omega_CC,qwen3.8-27b-off::codecontests-validation-1572d::short-trace-final,codecontests-validation-1572d,,qwen3.8-27b-off,short-trace-final,short-trace-final,static,Omega_CC,37,0
static::qwen3.8-27b-off::short-trace-final::Omega_CC,qwen3.8-27b-off::codecontests-validation-1572e::short-trace-final,codecontests-validation-1572e,,qwen3.8-27b-off,short-trace-final,short-trace-final,static,Omega_CC,28,0
static::qwen3.8-27b-off::short-trace-final::Omega_CC,qwen3.8-27b-off::codecontests-validation-1574f::short-trace-final,codecontests-validation-1574f,,qwen3.8-27b-off,short-trace-final,short-trace-final,static,Omega_CC,86,0
