schema_version,benchmark,problem,arm,language,source_sha256,input_sha256,execution_id,metric,value,value_relation,status,not_measured_reason,adapter,adapter_version,runtime,observation_convention,repetitions,source_profile
program-complexity-normalized-v2,classic_algorithms_state_prediction,andrew-monotone-chain,short-trace-final,python,d22e8aad564e8d615850248a98b2e4cdab808b057eb3f4d0fe8c36f1392b6713,377583a4cbeeb1e5f25bbf47519928393c23cddb08e34a006e529922f22ebb33,sha256:f8c9fec1f433b36e381daeca611047873d91dfb29d6a9f080b2395d97e09e943,Omega_CC,9,=,MEASURED,,python-control-flow-v2,python-control-flow-v2,CPython 3.12.11,,1,experiments/classic_algorithms_state_prediction/measurements/program-complexity/short-trace-final/python/profiles.jsonl
program-complexity-normalized-v2,classic_algorithms_state_prediction,andrew-monotone-chain,short-trace-final,python,d22e8aad564e8d615850248a98b2e4cdab808b057eb3f4d0fe8c36f1392b6713,377583a4cbeeb1e5f25bbf47519928393c23cddb08e34a006e529922f22ebb33,sha256:f8c9fec1f433b36e381daeca611047873d91dfb29d6a9f080b2395d97e09e943,Omega_hat_NativeTrace,5905,=,MEASURED,,python-cpython-monitoring-instruction-v2,python-cpython-monitoring-state-v5,CPython 3.12.11,python-cpython-monitoring-instruction-v2,3,experiments/classic_algorithms_state_prediction/measurements/program-complexity/short-trace-final/python/profiles.jsonl
program-complexity-normalized-v2,classic_algorithms_state_prediction,andrew-monotone-chain,short-trace-final,python,d22e8aad564e8d615850248a98b2e4cdab808b057eb3f4d0fe8c36f1392b6713,377583a4cbeeb1e5f25bbf47519928393c23cddb08e34a006e529922f22ebb33,sha256:f8c9fec1f433b36e381daeca611047873d91dfb29d6a9f080b2395d97e09e943,Omega_hat_StateSize,94,=,MEASURED,,python-cpython-program-state-v5,python-cpython-monitoring-state-v5,CPython 3.12.11,initial-next-opcode-mutation-boundary-return-v1,3,experiments/classic_algorithms_state_prediction/measurements/program-complexity/short-trace-final/python/profiles.jsonl
program-complexity-normalized-v2,classic_algorithms_state_prediction,andrew-monotone-chain,short-trace-final,python,d22e8aad564e8d615850248a98b2e4cdab808b057eb3f4d0fe8c36f1392b6713,377583a4cbeeb1e5f25bbf47519928393c23cddb08e34a006e529922f22ebb33,sha256:f8c9fec1f433b36e381daeca611047873d91dfb29d6a9f080b2395d97e09e943,Omega_hat_StateLoad,54859,=,MEASURED,,python-cpython-program-state-sum-v1,python-cpython-monitoring-state-v5,CPython 3.12.11,initial-next-opcode-mutation-boundary-return-v1,3,experiments/classic_algorithms_state_prediction/measurements/program-complexity/short-trace-final/python/profiles.jsonl
program-complexity-normalized-v2,classic_algorithms_state_prediction,andrew-monotone-chain,long-trace-final,python,d22e8aad564e8d615850248a98b2e4cdab808b057eb3f4d0fe8c36f1392b6713,374a7fbc5a1b91aa646c5b9ac13f26afd61c219bb37e52de97f3c23e41746330,sha256:34847cb9dcbf14b147597a597a033b91cfa98116870333a728b06a5f9cac658e,Omega_CC,9,=,MEASURED,,python-control-flow-v2,python-control-flow-v2,CPython 3.12.11,,1,experiments/classic_algorithms_state_prediction/measurements/program-complexity/long-trace-final/python/profiles.jsonl
program-complexity-normalized-v2,classic_algorithms_state_prediction,andrew-monotone-chain,long-trace-final,python,d22e8aad564e8d615850248a98b2e4cdab808b057eb3f4d0fe8c36f1392b6713,374a7fbc5a1b91aa646c5b9ac13f26afd61c219bb37e52de97f3c23e41746330,sha256:34847cb9dcbf14b147597a597a033b91cfa98116870333a728b06a5f9cac658e,Omega_hat_NativeTrace,48477,=,MEASURED,,python-cpython-monitoring-instruction-v2,python-cpython-monitoring-state-v5,CPython 3.12.11,python-cpython-monitoring-instruction-v2,3,experiments/classic_algorithms_state_prediction/measurements/program-complexity/long-trace-final/python/profiles.jsonl
program-complexity-normalized-v2,classic_algorithms_state_prediction,andrew-monotone-chain,long-trace-final,python,d22e8aad564e8d615850248a98b2e4cdab808b057eb3f4d0fe8c36f1392b6713,374a7fbc5a1b91aa646c5b9ac13f26afd61c219bb37e52de97f3c23e41746330,sha256:34847cb9dcbf14b147597a597a033b91cfa98116870333a728b06a5f9cac658e,Omega_hat_StateSize,664,=,MEASURED,,python-cpython-program-state-v5,python-cpython-monitoring-state-v5,CPython 3.12.11,initial-next-opcode-mutation-boundary-return-v1,3,experiments/classic_algorithms_state_prediction/measurements/program-complexity/long-trace-final/python/profiles.jsonl
program-complexity-normalized-v2,classic_algorithms_state_prediction,andrew-monotone-chain,long-trace-final,python,d22e8aad564e8d615850248a98b2e4cdab808b057eb3f4d0fe8c36f1392b6713,374a7fbc5a1b91aa646c5b9ac13f26afd61c219bb37e52de97f3c23e41746330,sha256:34847cb9dcbf14b147597a597a033b91cfa98116870333a728b06a5f9cac658e,Omega_hat_StateLoad,3152827,=,MEASURED,,python-cpython-program-state-sum-v1,python-cpython-monitoring-state-v5,CPython 3.12.11,initial-next-opcode-mutation-boundary-return-v1,3,experiments/classic_algorithms_state_prediction/measurements/program-complexity/long-trace-final/python/profiles.jsonl
program-complexity-normalized-v2,classic_algorithms_state_prediction,andrew-monotone-chain,inside-loop-state,python,a70119840ef4bbed05a4b69176bf50398f656ecb3910c650bf27797725f0ebe2,374a7fbc5a1b91aa646c5b9ac13f26afd61c219bb37e52de97f3c23e41746330,sha256:52e0531de93b66a097b610c832916a35c55d80162381c0fb5326a4e53ca3dc42,Omega_CC,10,=,MEASURED,,python-control-flow-v2,python-control-flow-v2,CPython 3.12.11,,1,experiments/classic_algorithms_state_prediction/measurements/program-complexity/inside-loop-state/python/profiles.jsonl
program-complexity-normalized-v2,classic_algorithms_state_prediction,andrew-monotone-chain,inside-loop-state,python,a70119840ef4bbed05a4b69176bf50398f656ecb3910c650bf27797725f0ebe2,374a7fbc5a1b91aa646c5b9ac13f26afd61c219bb37e52de97f3c23e41746330,sha256:52e0531de93b66a097b610c832916a35c55d80162381c0fb5326a4e53ca3dc42,Omega_hat_NativeTrace,20121,=,MEASURED,,python-cpython-monitoring-instruction-v2,python-cpython-monitoring-state-v5,CPython 3.12.11,python-cpython-monitoring-instruction-v2,3,experiments/classic_algorithms_state_prediction/measurements/program-complexity/inside-loop-state/python/profiles.jsonl
program-complexity-normalized-v2,classic_algorithms_state_prediction,andrew-monotone-chain,inside-loop-state,python,a70119840ef4bbed05a4b69176bf50398f656ecb3910c650bf27797725f0ebe2,374a7fbc5a1b91aa646c5b9ac13f26afd61c219bb37e52de97f3c23e41746330,sha256:52e0531de93b66a097b610c832916a35c55d80162381c0fb5326a4e53ca3dc42,Omega_hat_StateSize,663,=,MEASURED,,python-cpython-program-state-v5,python-cpython-monitoring-state-v5,CPython 3.12.11,initial-next-opcode-mutation-boundary-return-v1,3,experiments/classic_algorithms_state_prediction/measurements/program-complexity/inside-loop-state/python/profiles.jsonl
program-complexity-normalized-v2,classic_algorithms_state_prediction,andrew-monotone-chain,inside-loop-state,python,a70119840ef4bbed05a4b69176bf50398f656ecb3910c650bf27797725f0ebe2,374a7fbc5a1b91aa646c5b9ac13f26afd61c219bb37e52de97f3c23e41746330,sha256:52e0531de93b66a097b610c832916a35c55d80162381c0fb5326a4e53ca3dc42,Omega_hat_StateLoad,1333960,=,MEASURED,,python-cpython-program-state-sum-v1,python-cpython-monitoring-state-v5,CPython 3.12.11,initial-next-opcode-mutation-boundary-return-v1,3,experiments/classic_algorithms_state_prediction/measurements/program-complexity/inside-loop-state/python/profiles.jsonl
program-complexity-normalized-v2,classic_algorithms_state_prediction,andrew-monotone-chain,post-loop-state,python,8038d7c65ab9dffca32cb731c4f559787b81d988ff11093d21221048d779f782,374a7fbc5a1b91aa646c5b9ac13f26afd61c219bb37e52de97f3c23e41746330,sha256:536b919c4a5480e6a9fc9e68cc1c78648b84fb5f9b766e668949cef21e84144c,Omega_CC,9,=,MEASURED,,python-control-flow-v2,python-control-flow-v2,CPython 3.12.11,,1,experiments/classic_algorithms_state_prediction/measurements/program-complexity/post-loop-state/python/profiles.jsonl
program-complexity-normalized-v2,classic_algorithms_state_prediction,andrew-monotone-chain,post-loop-state,python,8038d7c65ab9dffca32cb731c4f559787b81d988ff11093d21221048d779f782,374a7fbc5a1b91aa646c5b9ac13f26afd61c219bb37e52de97f3c23e41746330,sha256:536b919c4a5480e6a9fc9e68cc1c78648b84fb5f9b766e668949cef21e84144c,Omega_hat_NativeTrace,48481,=,MEASURED,,python-cpython-monitoring-instruction-v2,python-cpython-monitoring-state-v5,CPython 3.12.11,python-cpython-monitoring-instruction-v2,3,experiments/classic_algorithms_state_prediction/measurements/program-complexity/post-loop-state/python/profiles.jsonl
program-complexity-normalized-v2,classic_algorithms_state_prediction,andrew-monotone-chain,post-loop-state,python,8038d7c65ab9dffca32cb731c4f559787b81d988ff11093d21221048d779f782,374a7fbc5a1b91aa646c5b9ac13f26afd61c219bb37e52de97f3c23e41746330,sha256:536b919c4a5480e6a9fc9e68cc1c78648b84fb5f9b766e668949cef21e84144c,Omega_hat_StateSize,664,=,MEASURED,,python-cpython-program-state-v5,python-cpython-monitoring-state-v5,CPython 3.12.11,initial-next-opcode-mutation-boundary-return-v1,3,experiments/classic_algorithms_state_prediction/measurements/program-complexity/post-loop-state/python/profiles.jsonl
program-complexity-normalized-v2,classic_algorithms_state_prediction,andrew-monotone-chain,post-loop-state,python,8038d7c65ab9dffca32cb731c4f559787b81d988ff11093d21221048d779f782,374a7fbc5a1b91aa646c5b9ac13f26afd61c219bb37e52de97f3c23e41746330,sha256:536b919c4a5480e6a9fc9e68cc1c78648b84fb5f9b766e668949cef21e84144c,Omega_hat_StateLoad,3152827,=,MEASURED,,python-cpython-program-state-sum-v1,python-cpython-monitoring-state-v5,CPython 3.12.11,initial-next-opcode-mutation-boundary-return-v1,3,experiments/classic_algorithms_state_prediction/measurements/program-complexity/post-loop-state/python/profiles.jsonl
program-complexity-normalized-v2,classic_algorithms_state_prediction,bellman-ford,short-trace-final,python,7656553caa2b4e2a7717934d4518203f54a17f4d9514f263790cc880da4cc05a,cf5cf5623f40db7a6fd33ec0b962a324e8b453425effcb6a673269caee60d505,sha256:a42ec85e939bb8f40442dcb45d99a0c62debbd1864543c856e8ea1d168688d38,Omega_CC,7,=,MEASURED,,python-control-flow-v2,python-control-flow-v2,CPython 3.12.11,,1,experiments/classic_algorithms_state_prediction/measurements/program-complexity/short-trace-final/python/profiles.jsonl
program-complexity-normalized-v2,classic_algorithms_state_prediction,bellman-ford,short-trace-final,python,7656553caa2b4e2a7717934d4518203f54a17f4d9514f263790cc880da4cc05a,cf5cf5623f40db7a6fd33ec0b962a324e8b453425effcb6a673269caee60d505,sha256:a42ec85e939bb8f40442dcb45d99a0c62debbd1864543c856e8ea1d168688d38,Omega_hat_NativeTrace,2587,=,MEASURED,,python-cpython-monitoring-instruction-v2,python-cpython-monitoring-state-v5,CPython 3.12.11,python-cpython-monitoring-instruction-v2,3,experiments/classic_algorithms_state_prediction/measurements/program-complexity/short-trace-final/python/profiles.jsonl
program-complexity-normalized-v2,classic_algorithms_state_prediction,bellman-ford,short-trace-final,python,7656553caa2b4e2a7717934d4518203f54a17f4d9514f263790cc880da4cc05a,cf5cf5623f40db7a6fd33ec0b962a324e8b453425effcb6a673269caee60d505,sha256:a42ec85e939bb8f40442dcb45d99a0c62debbd1864543c856e8ea1d168688d38,Omega_hat_StateSize,185,=,MEASURED,,python-cpython-program-state-v5,python-cpython-monitoring-state-v5,CPython 3.12.11,initial-next-opcode-mutation-boundary-return-v1,3,experiments/classic_algorithms_state_prediction/measurements/program-complexity/short-trace-final/python/profiles.jsonl
program-complexity-normalized-v2,classic_algorithms_state_prediction,bellman-ford,short-trace-final,python,7656553caa2b4e2a7717934d4518203f54a17f4d9514f263790cc880da4cc05a,cf5cf5623f40db7a6fd33ec0b962a324e8b453425effcb6a673269caee60d505,sha256:a42ec85e939bb8f40442dcb45d99a0c62debbd1864543c856e8ea1d168688d38,Omega_hat_StateLoad,70302,=,MEASURED,,python-cpython-program-state-sum-v1,python-cpython-monitoring-state-v5,CPython 3.12.11,initial-next-opcode-mutation-boundary-return-v1,3,experiments/classic_algorithms_state_prediction/measurements/program-complexity/short-trace-final/python/profiles.jsonl
program-complexity-normalized-v2,classic_algorithms_state_prediction,bellman-ford,long-trace-final,python,7656553caa2b4e2a7717934d4518203f54a17f4d9514f263790cc880da4cc05a,2bffb10bba74ae291587bc0288eef0d4c64cbaea4ea43d6726496086535644e6,sha256:337bb8ed18f821aeedf29a41cf1cba8c1042d6d7c4f58e65c673b2dc012cad4d,Omega_CC,7,=,MEASURED,,python-control-flow-v2,python-control-flow-v2,CPython 3.12.11,,1,experiments/classic_algorithms_state_prediction/measurements/program-complexity/long-trace-final/python/profiles.jsonl
program-complexity-normalized-v2,classic_algorithms_state_prediction,bellman-ford,long-trace-final,python,7656553caa2b4e2a7717934d4518203f54a17f4d9514f263790cc880da4cc05a,2bffb10bba74ae291587bc0288eef0d4c64cbaea4ea43d6726496086535644e6,sha256:337bb8ed18f821aeedf29a41cf1cba8c1042d6d7c4f58e65c673b2dc012cad4d,Omega_hat_NativeTrace,31417,=,MEASURED,,python-cpython-monitoring-instruction-v2,python-cpython-monitoring-state-v5,CPython 3.12.11,python-cpython-monitoring-instruction-v2,3,experiments/classic_algorithms_state_prediction/measurements/program-complexity/long-trace-final/python/profiles.jsonl
program-complexity-normalized-v2,classic_algorithms_state_prediction,bellman-ford,long-trace-final,python,7656553caa2b4e2a7717934d4518203f54a17f4d9514f263790cc880da4cc05a,2bffb10bba74ae291587bc0288eef0d4c64cbaea4ea43d6726496086535644e6,sha256:337bb8ed18f821aeedf29a41cf1cba8c1042d6d7c4f58e65c673b2dc012cad4d,Omega_hat_StateSize,981,=,MEASURED,,python-cpython-program-state-v5,python-cpython-monitoring-state-v5,CPython 3.12.11,initial-next-opcode-mutation-boundary-return-v1,3,experiments/classic_algorithms_state_prediction/measurements/program-complexity/long-trace-final/python/profiles.jsonl
program-complexity-normalized-v2,classic_algorithms_state_prediction,bellman-ford,long-trace-final,python,7656553caa2b4e2a7717934d4518203f54a17f4d9514f263790cc880da4cc05a,2bffb10bba74ae291587bc0288eef0d4c64cbaea4ea43d6726496086535644e6,sha256:337bb8ed18f821aeedf29a41cf1cba8c1042d6d7c4f58e65c673b2dc012cad4d,Omega_hat_StateLoad,4369930,=,MEASURED,,python-cpython-program-state-sum-v1,python-cpython-monitoring-state-v5,CPython 3.12.11,initial-next-opcode-mutation-boundary-return-v1,3,experiments/classic_algorithms_state_prediction/measurements/program-complexity/long-trace-final/python/profiles.jsonl
program-complexity-normalized-v2,classic_algorithms_state_prediction,bellman-ford,inside-loop-state,python,70c7454cb482df91fa74535c79a126e4441046d5ec49bc62e686d415102a6bcb,2bffb10bba74ae291587bc0288eef0d4c64cbaea4ea43d6726496086535644e6,sha256:a2df8ea1c8cc14be91cf2988a257ce007d5ee338dec4c3c2a9fb4b61ed0dfd66,Omega_CC,8,=,MEASURED,,python-control-flow-v2,python-control-flow-v2,CPython 3.12.11,,1,experiments/classic_algorithms_state_prediction/measurements/program-complexity/inside-loop-state/python/profiles.jsonl
program-complexity-normalized-v2,classic_algorithms_state_prediction,bellman-ford,inside-loop-state,python,70c7454cb482df91fa74535c79a126e4441046d5ec49bc62e686d415102a6bcb,2bffb10bba74ae291587bc0288eef0d4c64cbaea4ea43d6726496086535644e6,sha256:a2df8ea1c8cc14be91cf2988a257ce007d5ee338dec4c3c2a9fb4b61ed0dfd66,Omega_hat_NativeTrace,28716,=,MEASURED,,python-cpython-monitoring-instruction-v2,python-cpython-monitoring-state-v5,CPython 3.12.11,python-cpython-monitoring-instruction-v2,3,experiments/classic_algorithms_state_prediction/measurements/program-complexity/inside-loop-state/python/profiles.jsonl
program-complexity-normalized-v2,classic_algorithms_state_prediction,bellman-ford,inside-loop-state,python,70c7454cb482df91fa74535c79a126e4441046d5ec49bc62e686d415102a6bcb,2bffb10bba74ae291587bc0288eef0d4c64cbaea4ea43d6726496086535644e6,sha256:a2df8ea1c8cc14be91cf2988a257ce007d5ee338dec4c3c2a9fb4b61ed0dfd66,Omega_hat_StateSize,982,=,MEASURED,,python-cpython-program-state-v5,python-cpython-monitoring-state-v5,CPython 3.12.11,initial-next-opcode-mutation-boundary-return-v1,3,experiments/classic_algorithms_state_prediction/measurements/program-complexity/inside-loop-state/python/profiles.jsonl
program-complexity-normalized-v2,classic_algorithms_state_prediction,bellman-ford,inside-loop-state,python,70c7454cb482df91fa74535c79a126e4441046d5ec49bc62e686d415102a6bcb,2bffb10bba74ae291587bc0288eef0d4c64cbaea4ea43d6726496086535644e6,sha256:a2df8ea1c8cc14be91cf2988a257ce007d5ee338dec4c3c2a9fb4b61ed0dfd66,Omega_hat_StateLoad,3933470,=,MEASURED,,python-cpython-program-state-sum-v1,python-cpython-monitoring-state-v5,CPython 3.12.11,initial-next-opcode-mutation-boundary-return-v1,3,experiments/classic_algorithms_state_prediction/measurements/program-complexity/inside-loop-state/python/profiles.jsonl
program-complexity-normalized-v2,classic_algorithms_state_prediction,bellman-ford,post-loop-state,python,4642f005482b0d57d1eeb3721bed02febb890561fe4ad7047ba6981c951736be,2bffb10bba74ae291587bc0288eef0d4c64cbaea4ea43d6726496086535644e6,sha256:00000cc75a35da864259e65b6e38131100b8c85b8b8b98bdbeb1d11b31beea46,Omega_CC,7,=,MEASURED,,python-control-flow-v2,python-control-flow-v2,CPython 3.12.11,,1,experiments/classic_algorithms_state_prediction/measurements/program-complexity/post-loop-state/python/profiles.jsonl
program-complexity-normalized-v2,classic_algorithms_state_prediction,bellman-ford,post-loop-state,python,4642f005482b0d57d1eeb3721bed02febb890561fe4ad7047ba6981c951736be,2bffb10bba74ae291587bc0288eef0d4c64cbaea4ea43d6726496086535644e6,sha256:00000cc75a35da864259e65b6e38131100b8c85b8b8b98bdbeb1d11b31beea46,Omega_hat_NativeTrace,31420,=,MEASURED,,python-cpython-monitoring-instruction-v2,python-cpython-monitoring-state-v5,CPython 3.12.11,python-cpython-monitoring-instruction-v2,3,experiments/classic_algorithms_state_prediction/measurements/program-complexity/post-loop-state/python/profiles.jsonl
program-complexity-normalized-v2,classic_algorithms_state_prediction,bellman-ford,post-loop-state,python,4642f005482b0d57d1eeb3721bed02febb890561fe4ad7047ba6981c951736be,2bffb10bba74ae291587bc0288eef0d4c64cbaea4ea43d6726496086535644e6,sha256:00000cc75a35da864259e65b6e38131100b8c85b8b8b98bdbeb1d11b31beea46,Omega_hat_StateSize,981,=,MEASURED,,python-cpython-program-state-v5,python-cpython-monitoring-state-v5,CPython 3.12.11,initial-next-opcode-mutation-boundary-return-v1,3,experiments/classic_algorithms_state_prediction/measurements/program-complexity/post-loop-state/python/profiles.jsonl
program-complexity-normalized-v2,classic_algorithms_state_prediction,bellman-ford,post-loop-state,python,4642f005482b0d57d1eeb3721bed02febb890561fe4ad7047ba6981c951736be,2bffb10bba74ae291587bc0288eef0d4c64cbaea4ea43d6726496086535644e6,sha256:00000cc75a35da864259e65b6e38131100b8c85b8b8b98bdbeb1d11b31beea46,Omega_hat_StateLoad,4369930,=,MEASURED,,python-cpython-program-state-sum-v1,python-cpython-monitoring-state-v5,CPython 3.12.11,initial-next-opcode-mutation-boundary-return-v1,3,experiments/classic_algorithms_state_prediction/measurements/program-complexity/post-loop-state/python/profiles.jsonl
program-complexity-normalized-v2,classic_algorithms_state_prediction,coin-change,short-trace-final,python,d643331f4ff27ad525e5d96e280813703327e38be8c25a736de8772b50b86bca,b41ea43eda01d8944557e014cbdfd10e06998c227bd553d6f9f8f1ade653c167,sha256:75d621014e51d0c72d01d7e2392fab202136e10964c61f6c58fc41b965f63e06,Omega_CC,7,=,MEASURED,,python-control-flow-v2,python-control-flow-v2,CPython 3.12.11,,1,experiments/classic_algorithms_state_prediction/measurements/program-complexity/short-trace-final/python/profiles.jsonl
program-complexity-normalized-v2,classic_algorithms_state_prediction,coin-change,short-trace-final,python,d643331f4ff27ad525e5d96e280813703327e38be8c25a736de8772b50b86bca,b41ea43eda01d8944557e014cbdfd10e06998c227bd553d6f9f8f1ade653c167,sha256:75d621014e51d0c72d01d7e2392fab202136e10964c61f6c58fc41b965f63e06,Omega_hat_NativeTrace,3423,=,MEASURED,,python-cpython-monitoring-instruction-v2,python-cpython-monitoring-state-v5,CPython 3.12.11,python-cpython-monitoring-instruction-v2,3,experiments/classic_algorithms_state_prediction/measurements/program-complexity/short-trace-final/python/profiles.jsonl
program-complexity-normalized-v2,classic_algorithms_state_prediction,coin-change,short-trace-final,python,d643331f4ff27ad525e5d96e280813703327e38be8c25a736de8772b50b86bca,b41ea43eda01d8944557e014cbdfd10e06998c227bd553d6f9f8f1ade653c167,sha256:75d621014e51d0c72d01d7e2392fab202136e10964c61f6c58fc41b965f63e06,Omega_hat_StateSize,100,=,MEASURED,,python-cpython-program-state-v5,python-cpython-monitoring-state-v5,CPython 3.12.11,initial-next-opcode-mutation-boundary-return-v1,3,experiments/classic_algorithms_state_prediction/measurements/program-complexity/short-trace-final/python/profiles.jsonl
program-complexity-normalized-v2,classic_algorithms_state_prediction,coin-change,short-trace-final,python,d643331f4ff27ad525e5d96e280813703327e38be8c25a736de8772b50b86bca,b41ea43eda01d8944557e014cbdfd10e06998c227bd553d6f9f8f1ade653c167,sha256:75d621014e51d0c72d01d7e2392fab202136e10964c61f6c58fc41b965f63e06,Omega_hat_StateLoad,27838,=,MEASURED,,python-cpython-program-state-sum-v1,python-cpython-monitoring-state-v5,CPython 3.12.11,initial-next-opcode-mutation-boundary-return-v1,3,experiments/classic_algorithms_state_prediction/measurements/program-complexity/short-trace-final/python/profiles.jsonl
program-complexity-normalized-v2,classic_algorithms_state_prediction,coin-change,long-trace-final,python,d643331f4ff27ad525e5d96e280813703327e38be8c25a736de8772b50b86bca,88ada8933a70135170268c2f52959940bf8afa319ffdd5df11dd157b7b073e62,sha256:3dfe262ccc6101c78e6185e19f6fee96f105779d8068df19d0ed3a1ea93cb903,Omega_CC,7,=,MEASURED,,python-control-flow-v2,python-control-flow-v2,CPython 3.12.11,,1,experiments/classic_algorithms_state_prediction/measurements/program-complexity/long-trace-final/python/profiles.jsonl
program-complexity-normalized-v2,classic_algorithms_state_prediction,coin-change,long-trace-final,python,d643331f4ff27ad525e5d96e280813703327e38be8c25a736de8772b50b86bca,88ada8933a70135170268c2f52959940bf8afa319ffdd5df11dd157b7b073e62,sha256:3dfe262ccc6101c78e6185e19f6fee96f105779d8068df19d0ed3a1ea93cb903,Omega_hat_NativeTrace,19912,=,MEASURED,,python-cpython-monitoring-instruction-v2,python-cpython-monitoring-state-v5,CPython 3.12.11,python-cpython-monitoring-instruction-v2,3,experiments/classic_algorithms_state_prediction/measurements/program-complexity/long-trace-final/python/profiles.jsonl
program-complexity-normalized-v2,classic_algorithms_state_prediction,coin-change,long-trace-final,python,d643331f4ff27ad525e5d96e280813703327e38be8c25a736de8772b50b86bca,88ada8933a70135170268c2f52959940bf8afa319ffdd5df11dd157b7b073e62,sha256:3dfe262ccc6101c78e6185e19f6fee96f105779d8068df19d0ed3a1ea93cb903,Omega_hat_StateSize,375,=,MEASURED,,python-cpython-program-state-v5,python-cpython-monitoring-state-v5,CPython 3.12.11,initial-next-opcode-mutation-boundary-return-v1,3,experiments/classic_algorithms_state_prediction/measurements/program-complexity/long-trace-final/python/profiles.jsonl
program-complexity-normalized-v2,classic_algorithms_state_prediction,coin-change,long-trace-final,python,d643331f4ff27ad525e5d96e280813703327e38be8c25a736de8772b50b86bca,88ada8933a70135170268c2f52959940bf8afa319ffdd5df11dd157b7b073e62,sha256:3dfe262ccc6101c78e6185e19f6fee96f105779d8068df19d0ed3a1ea93cb903,Omega_hat_StateLoad,574405,=,MEASURED,,python-cpython-program-state-sum-v1,python-cpython-monitoring-state-v5,CPython 3.12.11,initial-next-opcode-mutation-boundary-return-v1,3,experiments/classic_algorithms_state_prediction/measurements/program-complexity/long-trace-final/python/profiles.jsonl
program-complexity-normalized-v2,classic_algorithms_state_prediction,coin-change,inside-loop-state,python,29ad2e6ac7e438bd7ab31393ec978e73f8f13cc6b767ff67a20e87bc4c23c584,88ada8933a70135170268c2f52959940bf8afa319ffdd5df11dd157b7b073e62,sha256:7325536bc39dca8b7172fd5ac6d414516c6de48ead218172472de9d968d25e24,Omega_CC,8,=,MEASURED,,python-control-flow-v2,python-control-flow-v2,CPython 3.12.11,,1,experiments/classic_algorithms_state_prediction/measurements/program-complexity/inside-loop-state/python/profiles.jsonl
program-complexity-normalized-v2,classic_algorithms_state_prediction,coin-change,inside-loop-state,python,29ad2e6ac7e438bd7ab31393ec978e73f8f13cc6b767ff67a20e87bc4c23c584,88ada8933a70135170268c2f52959940bf8afa319ffdd5df11dd157b7b073e62,sha256:7325536bc39dca8b7172fd5ac6d414516c6de48ead218172472de9d968d25e24,Omega_hat_NativeTrace,20629,=,MEASURED,,python-cpython-monitoring-instruction-v2,python-cpython-monitoring-state-v5,CPython 3.12.11,python-cpython-monitoring-instruction-v2,3,experiments/classic_algorithms_state_prediction/measurements/program-complexity/inside-loop-state/python/profiles.jsonl
program-complexity-normalized-v2,classic_algorithms_state_prediction,coin-change,inside-loop-state,python,29ad2e6ac7e438bd7ab31393ec978e73f8f13cc6b767ff67a20e87bc4c23c584,88ada8933a70135170268c2f52959940bf8afa319ffdd5df11dd157b7b073e62,sha256:7325536bc39dca8b7172fd5ac6d414516c6de48ead218172472de9d968d25e24,Omega_hat_StateSize,376,=,MEASURED,,python-cpython-program-state-v5,python-cpython-monitoring-state-v5,CPython 3.12.11,initial-next-opcode-mutation-boundary-return-v1,3,experiments/classic_algorithms_state_prediction/measurements/program-complexity/inside-loop-state/python/profiles.jsonl
program-complexity-normalized-v2,classic_algorithms_state_prediction,coin-change,inside-loop-state,python,29ad2e6ac7e438bd7ab31393ec978e73f8f13cc6b767ff67a20e87bc4c23c584,88ada8933a70135170268c2f52959940bf8afa319ffdd5df11dd157b7b073e62,sha256:7325536bc39dca8b7172fd5ac6d414516c6de48ead218172472de9d968d25e24,Omega_hat_StateLoad,700400,=,MEASURED,,python-cpython-program-state-sum-v1,python-cpython-monitoring-state-v5,CPython 3.12.11,initial-next-opcode-mutation-boundary-return-v1,3,experiments/classic_algorithms_state_prediction/measurements/program-complexity/inside-loop-state/python/profiles.jsonl
program-complexity-normalized-v2,classic_algorithms_state_prediction,coin-change,post-loop-state,python,a8f658d0eb6493e27209f7e428368176dda2df714a525f1dcabc22ee4ddb5ffa,88ada8933a70135170268c2f52959940bf8afa319ffdd5df11dd157b7b073e62,sha256:e37b0f3122f912c6bc87144aec7801d51ce5192e455e1c636a4a595b67a28f10,Omega_CC,6,=,MEASURED,,python-control-flow-v2,python-control-flow-v2,CPython 3.12.11,,1,experiments/classic_algorithms_state_prediction/measurements/program-complexity/post-loop-state/python/profiles.jsonl
program-complexity-normalized-v2,classic_algorithms_state_prediction,coin-change,post-loop-state,python,a8f658d0eb6493e27209f7e428368176dda2df714a525f1dcabc22ee4ddb5ffa,88ada8933a70135170268c2f52959940bf8afa319ffdd5df11dd157b7b073e62,sha256:e37b0f3122f912c6bc87144aec7801d51ce5192e455e1c636a4a595b67a28f10,Omega_hat_NativeTrace,19908,=,MEASURED,,python-cpython-monitoring-instruction-v2,python-cpython-monitoring-state-v5,CPython 3.12.11,python-cpython-monitoring-instruction-v2,3,experiments/classic_algorithms_state_prediction/measurements/program-complexity/post-loop-state/python/profiles.jsonl
program-complexity-normalized-v2,classic_algorithms_state_prediction,coin-change,post-loop-state,python,a8f658d0eb6493e27209f7e428368176dda2df714a525f1dcabc22ee4ddb5ffa,88ada8933a70135170268c2f52959940bf8afa319ffdd5df11dd157b7b073e62,sha256:e37b0f3122f912c6bc87144aec7801d51ce5192e455e1c636a4a595b67a28f10,Omega_hat_StateSize,375,=,MEASURED,,python-cpython-program-state-v5,python-cpython-monitoring-state-v5,CPython 3.12.11,initial-next-opcode-mutation-boundary-return-v1,3,experiments/classic_algorithms_state_prediction/measurements/program-complexity/post-loop-state/python/profiles.jsonl
program-complexity-normalized-v2,classic_algorithms_state_prediction,coin-change,post-loop-state,python,a8f658d0eb6493e27209f7e428368176dda2df714a525f1dcabc22ee4ddb5ffa,88ada8933a70135170268c2f52959940bf8afa319ffdd5df11dd157b7b073e62,sha256:e37b0f3122f912c6bc87144aec7801d51ce5192e455e1c636a4a595b67a28f10,Omega_hat_StateLoad,574405,=,MEASURED,,python-cpython-program-state-sum-v1,python-cpython-monitoring-state-v5,CPython 3.12.11,initial-next-opcode-mutation-boundary-return-v1,3,experiments/classic_algorithms_state_prediction/measurements/program-complexity/post-loop-state/python/profiles.jsonl
program-complexity-normalized-v2,classic_algorithms_state_prediction,dijkstra,short-trace-final,python,cad43cecd1d550410c3b846c97748ca5f112b08f555ae5573cee9d477b893cb1,23bd43108175eb18fd7fd0af9550310585bf0968b67f3cf356d2414b7b521d56,sha256:63b2f3145a429ab1de1aff408b0fa408e06c0f9494c0178ced30a953a4295ab4,Omega_CC,8,=,MEASURED,,python-control-flow-v2,python-control-flow-v2,CPython 3.12.11,,1,experiments/classic_algorithms_state_prediction/measurements/program-complexity/short-trace-final/python/profiles.jsonl
program-complexity-normalized-v2,classic_algorithms_state_prediction,dijkstra,short-trace-final,python,cad43cecd1d550410c3b846c97748ca5f112b08f555ae5573cee9d477b893cb1,23bd43108175eb18fd7fd0af9550310585bf0968b67f3cf356d2414b7b521d56,sha256:63b2f3145a429ab1de1aff408b0fa408e06c0f9494c0178ced30a953a4295ab4,Omega_hat_NativeTrace,2280,=,MEASURED,,python-cpython-monitoring-instruction-v2,python-cpython-monitoring-state-v5,CPython 3.12.11,python-cpython-monitoring-instruction-v2,3,experiments/classic_algorithms_state_prediction/measurements/program-complexity/short-trace-final/python/profiles.jsonl
program-complexity-normalized-v2,classic_algorithms_state_prediction,dijkstra,short-trace-final,python,cad43cecd1d550410c3b846c97748ca5f112b08f555ae5573cee9d477b893cb1,23bd43108175eb18fd7fd0af9550310585bf0968b67f3cf356d2414b7b521d56,sha256:63b2f3145a429ab1de1aff408b0fa408e06c0f9494c0178ced30a953a4295ab4,Omega_hat_StateSize,415,=,MEASURED,,python-cpython-program-state-v5,python-cpython-monitoring-state-v5,CPython 3.12.11,initial-next-opcode-mutation-boundary-return-v1,3,experiments/classic_algorithms_state_prediction/measurements/program-complexity/short-trace-final/python/profiles.jsonl
program-complexity-normalized-v2,classic_algorithms_state_prediction,dijkstra,short-trace-final,python,cad43cecd1d550410c3b846c97748ca5f112b08f555ae5573cee9d477b893cb1,23bd43108175eb18fd7fd0af9550310585bf0968b67f3cf356d2414b7b521d56,sha256:63b2f3145a429ab1de1aff408b0fa408e06c0f9494c0178ced30a953a4295ab4,Omega_hat_StateLoad,156020,=,MEASURED,,python-cpython-program-state-sum-v1,python-cpython-monitoring-state-v5,CPython 3.12.11,initial-next-opcode-mutation-boundary-return-v1,3,experiments/classic_algorithms_state_prediction/measurements/program-complexity/short-trace-final/python/profiles.jsonl
program-complexity-normalized-v2,classic_algorithms_state_prediction,dijkstra,long-trace-final,python,cad43cecd1d550410c3b846c97748ca5f112b08f555ae5573cee9d477b893cb1,6a77e3feb20dc8fd78ae0f30f0187a3f1db4514cfec4ff993c9141506b72208e,sha256:7470e4f0569751ddae237da595f889f0bf9e75bf4785e0fac4852b17d727ac0f,Omega_CC,8,=,MEASURED,,python-control-flow-v2,python-control-flow-v2,CPython 3.12.11,,1,experiments/classic_algorithms_state_prediction/measurements/program-complexity/long-trace-final/python/profiles.jsonl
program-complexity-normalized-v2,classic_algorithms_state_prediction,dijkstra,long-trace-final,python,cad43cecd1d550410c3b846c97748ca5f112b08f555ae5573cee9d477b893cb1,6a77e3feb20dc8fd78ae0f30f0187a3f1db4514cfec4ff993c9141506b72208e,sha256:7470e4f0569751ddae237da595f889f0bf9e75bf4785e0fac4852b17d727ac0f,Omega_hat_NativeTrace,13764,=,MEASURED,,python-cpython-monitoring-instruction-v2,python-cpython-monitoring-state-v5,CPython 3.12.11,python-cpython-monitoring-instruction-v2,3,experiments/classic_algorithms_state_prediction/measurements/program-complexity/long-trace-final/python/profiles.jsonl
program-complexity-normalized-v2,classic_algorithms_state_prediction,dijkstra,long-trace-final,python,cad43cecd1d550410c3b846c97748ca5f112b08f555ae5573cee9d477b893cb1,6a77e3feb20dc8fd78ae0f30f0187a3f1db4514cfec4ff993c9141506b72208e,sha256:7470e4f0569751ddae237da595f889f0bf9e75bf4785e0fac4852b17d727ac0f,Omega_hat_StateSize,2424,=,MEASURED,,python-cpython-program-state-v5,python-cpython-monitoring-state-v5,CPython 3.12.11,initial-next-opcode-mutation-boundary-return-v1,3,experiments/classic_algorithms_state_prediction/measurements/program-complexity/long-trace-final/python/profiles.jsonl
program-complexity-normalized-v2,classic_algorithms_state_prediction,dijkstra,long-trace-final,python,cad43cecd1d550410c3b846c97748ca5f112b08f555ae5573cee9d477b893cb1,6a77e3feb20dc8fd78ae0f30f0187a3f1db4514cfec4ff993c9141506b72208e,sha256:7470e4f0569751ddae237da595f889f0bf9e75bf4785e0fac4852b17d727ac0f,Omega_hat_StateLoad,5680914,=,MEASURED,,python-cpython-program-state-sum-v1,python-cpython-monitoring-state-v5,CPython 3.12.11,initial-next-opcode-mutation-boundary-return-v1,3,experiments/classic_algorithms_state_prediction/measurements/program-complexity/long-trace-final/python/profiles.jsonl
program-complexity-normalized-v2,classic_algorithms_state_prediction,dijkstra,inside-loop-state,python,c4e607fd42b2000e7ee179198bddedb2fc1109504c9b24db62b084be78fafafe,6a77e3feb20dc8fd78ae0f30f0187a3f1db4514cfec4ff993c9141506b72208e,sha256:414c408f4d6eba224fb4e6d1306a812f36287c552a1325f8b2a0b390bdea6b32,Omega_CC,9,=,MEASURED,,python-control-flow-v2,python-control-flow-v2,CPython 3.12.11,,1,experiments/classic_algorithms_state_prediction/measurements/program-complexity/inside-loop-state/python/profiles.jsonl
program-complexity-normalized-v2,classic_algorithms_state_prediction,dijkstra,inside-loop-state,python,c4e607fd42b2000e7ee179198bddedb2fc1109504c9b24db62b084be78fafafe,6a77e3feb20dc8fd78ae0f30f0187a3f1db4514cfec4ff993c9141506b72208e,sha256:414c408f4d6eba224fb4e6d1306a812f36287c552a1325f8b2a0b390bdea6b32,Omega_hat_NativeTrace,14514,=,MEASURED,,python-cpython-monitoring-instruction-v2,python-cpython-monitoring-state-v5,CPython 3.12.11,python-cpython-monitoring-instruction-v2,3,experiments/classic_algorithms_state_prediction/measurements/program-complexity/inside-loop-state/python/profiles.jsonl
program-complexity-normalized-v2,classic_algorithms_state_prediction,dijkstra,inside-loop-state,python,c4e607fd42b2000e7ee179198bddedb2fc1109504c9b24db62b084be78fafafe,6a77e3feb20dc8fd78ae0f30f0187a3f1db4514cfec4ff993c9141506b72208e,sha256:414c408f4d6eba224fb4e6d1306a812f36287c552a1325f8b2a0b390bdea6b32,Omega_hat_StateSize,2425,=,MEASURED,,python-cpython-program-state-v5,python-cpython-monitoring-state-v5,CPython 3.12.11,initial-next-opcode-mutation-boundary-return-v1,3,experiments/classic_algorithms_state_prediction/measurements/program-complexity/inside-loop-state/python/profiles.jsonl
program-complexity-normalized-v2,classic_algorithms_state_prediction,dijkstra,inside-loop-state,python,c4e607fd42b2000e7ee179198bddedb2fc1109504c9b24db62b084be78fafafe,6a77e3feb20dc8fd78ae0f30f0187a3f1db4514cfec4ff993c9141506b72208e,sha256:414c408f4d6eba224fb4e6d1306a812f36287c552a1325f8b2a0b390bdea6b32,Omega_hat_StateLoad,5587401,=,MEASURED,,python-cpython-program-state-sum-v1,python-cpython-monitoring-state-v5,CPython 3.12.11,initial-next-opcode-mutation-boundary-return-v1,3,experiments/classic_algorithms_state_prediction/measurements/program-complexity/inside-loop-state/python/profiles.jsonl
program-complexity-normalized-v2,classic_algorithms_state_prediction,dijkstra,post-loop-state,python,1323aea45d426bde5c57d5b0c55f0bbc05a0167b21d68cd4aeb4bc36029f84f7,6a77e3feb20dc8fd78ae0f30f0187a3f1db4514cfec4ff993c9141506b72208e,sha256:5a66090638960e09733576c1765d18393306054c2d89b2f4fe60a6601bafaa91,Omega_CC,8,=,MEASURED,,python-control-flow-v2,python-control-flow-v2,CPython 3.12.11,,1,experiments/classic_algorithms_state_prediction/measurements/program-complexity/post-loop-state/python/profiles.jsonl
program-complexity-normalized-v2,classic_algorithms_state_prediction,dijkstra,post-loop-state,python,1323aea45d426bde5c57d5b0c55f0bbc05a0167b21d68cd4aeb4bc36029f84f7,6a77e3feb20dc8fd78ae0f30f0187a3f1db4514cfec4ff993c9141506b72208e,sha256:5a66090638960e09733576c1765d18393306054c2d89b2f4fe60a6601bafaa91,Omega_hat_NativeTrace,13767,=,MEASURED,,python-cpython-monitoring-instruction-v2,python-cpython-monitoring-state-v5,CPython 3.12.11,python-cpython-monitoring-instruction-v2,3,experiments/classic_algorithms_state_prediction/measurements/program-complexity/post-loop-state/python/profiles.jsonl
program-complexity-normalized-v2,classic_algorithms_state_prediction,dijkstra,post-loop-state,python,1323aea45d426bde5c57d5b0c55f0bbc05a0167b21d68cd4aeb4bc36029f84f7,6a77e3feb20dc8fd78ae0f30f0187a3f1db4514cfec4ff993c9141506b72208e,sha256:5a66090638960e09733576c1765d18393306054c2d89b2f4fe60a6601bafaa91,Omega_hat_StateSize,2424,=,MEASURED,,python-cpython-program-state-v5,python-cpython-monitoring-state-v5,CPython 3.12.11,initial-next-opcode-mutation-boundary-return-v1,3,experiments/classic_algorithms_state_prediction/measurements/program-complexity/post-loop-state/python/profiles.jsonl
program-complexity-normalized-v2,classic_algorithms_state_prediction,dijkstra,post-loop-state,python,1323aea45d426bde5c57d5b0c55f0bbc05a0167b21d68cd4aeb4bc36029f84f7,6a77e3feb20dc8fd78ae0f30f0187a3f1db4514cfec4ff993c9141506b72208e,sha256:5a66090638960e09733576c1765d18393306054c2d89b2f4fe60a6601bafaa91,Omega_hat_StateLoad,5680914,=,MEASURED,,python-cpython-program-state-sum-v1,python-cpython-monitoring-state-v5,CPython 3.12.11,initial-next-opcode-mutation-boundary-return-v1,3,experiments/classic_algorithms_state_prediction/measurements/program-complexity/post-loop-state/python/profiles.jsonl
program-complexity-normalized-v2,classic_algorithms_state_prediction,edit-distance,short-trace-final,python,0480558cda308aea5a35f763ebc24d9eeb1d6bd1ed5e199e506ffd21eef57285,7ba65a361c7d71c3c0efbbd4d90aa74cd254385a51e35d7f16004d9892cbfafa,sha256:7eb4ac1a28816ae66feebcdee6e74b8055b0e4c883bd24bba7c5e078fd0f8279,Omega_CC,5,=,MEASURED,,python-control-flow-v2,python-control-flow-v2,CPython 3.12.11,,1,experiments/classic_algorithms_state_prediction/measurements/program-complexity/short-trace-final/python/profiles.jsonl
program-complexity-normalized-v2,classic_algorithms_state_prediction,edit-distance,short-trace-final,python,0480558cda308aea5a35f763ebc24d9eeb1d6bd1ed5e199e506ffd21eef57285,7ba65a361c7d71c3c0efbbd4d90aa74cd254385a51e35d7f16004d9892cbfafa,sha256:7eb4ac1a28816ae66feebcdee6e74b8055b0e4c883bd24bba7c5e078fd0f8279,Omega_hat_NativeTrace,6001,=,MEASURED,,python-cpython-monitoring-instruction-v2,python-cpython-monitoring-state-v5,CPython 3.12.11,python-cpython-monitoring-instruction-v2,3,experiments/classic_algorithms_state_prediction/measurements/program-complexity/short-trace-final/python/profiles.jsonl
program-complexity-normalized-v2,classic_algorithms_state_prediction,edit-distance,short-trace-final,python,0480558cda308aea5a35f763ebc24d9eeb1d6bd1ed5e199e506ffd21eef57285,7ba65a361c7d71c3c0efbbd4d90aa74cd254385a51e35d7f16004d9892cbfafa,sha256:7eb4ac1a28816ae66feebcdee6e74b8055b0e4c883bd24bba7c5e078fd0f8279,Omega_hat_StateSize,62,=,MEASURED,,python-cpython-program-state-v5,python-cpython-monitoring-state-v5,CPython 3.12.11,initial-next-opcode-mutation-boundary-return-v1,3,experiments/classic_algorithms_state_prediction/measurements/program-complexity/short-trace-final/python/profiles.jsonl
program-complexity-normalized-v2,classic_algorithms_state_prediction,edit-distance,short-trace-final,python,0480558cda308aea5a35f763ebc24d9eeb1d6bd1ed5e199e506ffd21eef57285,7ba65a361c7d71c3c0efbbd4d90aa74cd254385a51e35d7f16004d9892cbfafa,sha256:7eb4ac1a28816ae66feebcdee6e74b8055b0e4c883bd24bba7c5e078fd0f8279,Omega_hat_StateLoad,34328,=,MEASURED,,python-cpython-program-state-sum-v1,python-cpython-monitoring-state-v5,CPython 3.12.11,initial-next-opcode-mutation-boundary-return-v1,3,experiments/classic_algorithms_state_prediction/measurements/program-complexity/short-trace-final/python/profiles.jsonl
program-complexity-normalized-v2,classic_algorithms_state_prediction,edit-distance,long-trace-final,python,0480558cda308aea5a35f763ebc24d9eeb1d6bd1ed5e199e506ffd21eef57285,11af82b5a7a1f15181854dec12591934f131b4e79f47828e2f4e0182d7d675ea,sha256:8b60d4bb5836d4441e8470e29b41bf02664bfaa0fc833f7211470f23a2cfa6dc,Omega_CC,5,=,MEASURED,,python-control-flow-v2,python-control-flow-v2,CPython 3.12.11,,1,experiments/classic_algorithms_state_prediction/measurements/program-complexity/long-trace-final/python/profiles.jsonl
program-complexity-normalized-v2,classic_algorithms_state_prediction,edit-distance,long-trace-final,python,0480558cda308aea5a35f763ebc24d9eeb1d6bd1ed5e199e506ffd21eef57285,11af82b5a7a1f15181854dec12591934f131b4e79f47828e2f4e0182d7d675ea,sha256:8b60d4bb5836d4441e8470e29b41bf02664bfaa0fc833f7211470f23a2cfa6dc,Omega_hat_NativeTrace,51979,=,MEASURED,,python-cpython-monitoring-instruction-v2,python-cpython-monitoring-state-v5,CPython 3.12.11,python-cpython-monitoring-instruction-v2,3,experiments/classic_algorithms_state_prediction/measurements/program-complexity/long-trace-final/python/profiles.jsonl
program-complexity-normalized-v2,classic_algorithms_state_prediction,edit-distance,long-trace-final,python,0480558cda308aea5a35f763ebc24d9eeb1d6bd1ed5e199e506ffd21eef57285,11af82b5a7a1f15181854dec12591934f131b4e79f47828e2f4e0182d7d675ea,sha256:8b60d4bb5836d4441e8470e29b41bf02664bfaa0fc833f7211470f23a2cfa6dc,Omega_hat_StateSize,166,=,MEASURED,,python-cpython-program-state-v5,python-cpython-monitoring-state-v5,CPython 3.12.11,initial-next-opcode-mutation-boundary-return-v1,3,experiments/classic_algorithms_state_prediction/measurements/program-complexity/long-trace-final/python/profiles.jsonl
program-complexity-normalized-v2,classic_algorithms_state_prediction,edit-distance,long-trace-final,python,0480558cda308aea5a35f763ebc24d9eeb1d6bd1ed5e199e506ffd21eef57285,11af82b5a7a1f15181854dec12591934f131b4e79f47828e2f4e0182d7d675ea,sha256:8b60d4bb5836d4441e8470e29b41bf02664bfaa0fc833f7211470f23a2cfa6dc,Omega_hat_StateLoad,760356,=,MEASURED,,python-cpython-program-state-sum-v1,python-cpython-monitoring-state-v5,CPython 3.12.11,initial-next-opcode-mutation-boundary-return-v1,3,experiments/classic_algorithms_state_prediction/measurements/program-complexity/long-trace-final/python/profiles.jsonl
program-complexity-normalized-v2,classic_algorithms_state_prediction,edit-distance,inside-loop-state,python,ee0806afd496cab1aecd11f78f1a58d9b72353300b0871ad7ef252cfc11ad080,11af82b5a7a1f15181854dec12591934f131b4e79f47828e2f4e0182d7d675ea,sha256:dc330d8fc8ee19d1c9331ff8325485bfc9f772b8881e7f25a09f31def4ff22e7,Omega_CC,6,=,MEASURED,,python-control-flow-v2,python-control-flow-v2,CPython 3.12.11,,1,experiments/classic_algorithms_state_prediction/measurements/program-complexity/inside-loop-state/python/profiles.jsonl
program-complexity-normalized-v2,classic_algorithms_state_prediction,edit-distance,inside-loop-state,python,ee0806afd496cab1aecd11f78f1a58d9b72353300b0871ad7ef252cfc11ad080,11af82b5a7a1f15181854dec12591934f131b4e79f47828e2f4e0182d7d675ea,sha256:dc330d8fc8ee19d1c9331ff8325485bfc9f772b8881e7f25a09f31def4ff22e7,Omega_hat_NativeTrace,49872,=,MEASURED,,python-cpython-monitoring-instruction-v2,python-cpython-monitoring-state-v5,CPython 3.12.11,python-cpython-monitoring-instruction-v2,3,experiments/classic_algorithms_state_prediction/measurements/program-complexity/inside-loop-state/python/profiles.jsonl
program-complexity-normalized-v2,classic_algorithms_state_prediction,edit-distance,inside-loop-state,python,ee0806afd496cab1aecd11f78f1a58d9b72353300b0871ad7ef252cfc11ad080,11af82b5a7a1f15181854dec12591934f131b4e79f47828e2f4e0182d7d675ea,sha256:dc330d8fc8ee19d1c9331ff8325485bfc9f772b8881e7f25a09f31def4ff22e7,Omega_hat_StateSize,167,=,MEASURED,,python-cpython-program-state-v5,python-cpython-monitoring-state-v5,CPython 3.12.11,initial-next-opcode-mutation-boundary-return-v1,3,experiments/classic_algorithms_state_prediction/measurements/program-complexity/inside-loop-state/python/profiles.jsonl
program-complexity-normalized-v2,classic_algorithms_state_prediction,edit-distance,inside-loop-state,python,ee0806afd496cab1aecd11f78f1a58d9b72353300b0871ad7ef252cfc11ad080,11af82b5a7a1f15181854dec12591934f131b4e79f47828e2f4e0182d7d675ea,sha256:dc330d8fc8ee19d1c9331ff8325485bfc9f772b8881e7f25a09f31def4ff22e7,Omega_hat_StateLoad,792828,=,MEASURED,,python-cpython-program-state-sum-v1,python-cpython-monitoring-state-v5,CPython 3.12.11,initial-next-opcode-mutation-boundary-return-v1,3,experiments/classic_algorithms_state_prediction/measurements/program-complexity/inside-loop-state/python/profiles.jsonl
program-complexity-normalized-v2,classic_algorithms_state_prediction,edit-distance,post-loop-state,python,3d2a28adcb883840b3c7488b5247e3b05c0b55021aaa07542a4c5267a1484f30,11af82b5a7a1f15181854dec12591934f131b4e79f47828e2f4e0182d7d675ea,sha256:a57a76bfc44ecad6266738df17c1fd153bed50450621b6f9bb4e231b32e8bcbe,Omega_CC,5,=,MEASURED,,python-control-flow-v2,python-control-flow-v2,CPython 3.12.11,,1,experiments/classic_algorithms_state_prediction/measurements/program-complexity/post-loop-state/python/profiles.jsonl
program-complexity-normalized-v2,classic_algorithms_state_prediction,edit-distance,post-loop-state,python,3d2a28adcb883840b3c7488b5247e3b05c0b55021aaa07542a4c5267a1484f30,11af82b5a7a1f15181854dec12591934f131b4e79f47828e2f4e0182d7d675ea,sha256:a57a76bfc44ecad6266738df17c1fd153bed50450621b6f9bb4e231b32e8bcbe,Omega_hat_NativeTrace,51991,=,MEASURED,,python-cpython-monitoring-instruction-v2,python-cpython-monitoring-state-v5,CPython 3.12.11,python-cpython-monitoring-instruction-v2,3,experiments/classic_algorithms_state_prediction/measurements/program-complexity/post-loop-state/python/profiles.jsonl
program-complexity-normalized-v2,classic_algorithms_state_prediction,edit-distance,post-loop-state,python,3d2a28adcb883840b3c7488b5247e3b05c0b55021aaa07542a4c5267a1484f30,11af82b5a7a1f15181854dec12591934f131b4e79f47828e2f4e0182d7d675ea,sha256:a57a76bfc44ecad6266738df17c1fd153bed50450621b6f9bb4e231b32e8bcbe,Omega_hat_StateSize,166,=,MEASURED,,python-cpython-program-state-v5,python-cpython-monitoring-state-v5,CPython 3.12.11,initial-next-opcode-mutation-boundary-return-v1,3,experiments/classic_algorithms_state_prediction/measurements/program-complexity/post-loop-state/python/profiles.jsonl
program-complexity-normalized-v2,classic_algorithms_state_prediction,edit-distance,post-loop-state,python,3d2a28adcb883840b3c7488b5247e3b05c0b55021aaa07542a4c5267a1484f30,11af82b5a7a1f15181854dec12591934f131b4e79f47828e2f4e0182d7d675ea,sha256:a57a76bfc44ecad6266738df17c1fd153bed50450621b6f9bb4e231b32e8bcbe,Omega_hat_StateLoad,760480,=,MEASURED,,python-cpython-program-state-sum-v1,python-cpython-monitoring-state-v5,CPython 3.12.11,initial-next-opcode-mutation-boundary-return-v1,3,experiments/classic_algorithms_state_prediction/measurements/program-complexity/post-loop-state/python/profiles.jsonl
program-complexity-normalized-v2,classic_algorithms_state_prediction,edmonds-karp,short-trace-final,python,42ab43c40f7e2ffc566fdf3667951f6eeef46a3e928ba600e134bceb1dfdb271,e230f8f9805cfa8b8f39e2db08a6a88169e2607ae0e869bde8cdd1c91ebeedd4,sha256:2f0a63db11ed728bc1b3c0e4373a380e173fc166b90de37e0799de6fb2ab49c5,Omega_CC,13,=,MEASURED,,python-control-flow-v2,python-control-flow-v2,CPython 3.12.11,,1,experiments/classic_algorithms_state_prediction/measurements/program-complexity/short-trace-final/python/profiles.jsonl
program-complexity-normalized-v2,classic_algorithms_state_prediction,edmonds-karp,short-trace-final,python,42ab43c40f7e2ffc566fdf3667951f6eeef46a3e928ba600e134bceb1dfdb271,e230f8f9805cfa8b8f39e2db08a6a88169e2607ae0e869bde8cdd1c91ebeedd4,sha256:2f0a63db11ed728bc1b3c0e4373a380e173fc166b90de37e0799de6fb2ab49c5,Omega_hat_NativeTrace,5449,=,MEASURED,,python-cpython-monitoring-instruction-v2,python-cpython-monitoring-state-v5,CPython 3.12.11,python-cpython-monitoring-instruction-v2,3,experiments/classic_algorithms_state_prediction/measurements/program-complexity/short-trace-final/python/profiles.jsonl
program-complexity-normalized-v2,classic_algorithms_state_prediction,edmonds-karp,short-trace-final,python,42ab43c40f7e2ffc566fdf3667951f6eeef46a3e928ba600e134bceb1dfdb271,e230f8f9805cfa8b8f39e2db08a6a88169e2607ae0e869bde8cdd1c91ebeedd4,sha256:2f0a63db11ed728bc1b3c0e4373a380e173fc166b90de37e0799de6fb2ab49c5,Omega_hat_StateSize,172,=,MEASURED,,python-cpython-program-state-v5,python-cpython-monitoring-state-v5,CPython 3.12.11,initial-next-opcode-mutation-boundary-return-v1,3,experiments/classic_algorithms_state_prediction/measurements/program-complexity/short-trace-final/python/profiles.jsonl
program-complexity-normalized-v2,classic_algorithms_state_prediction,edmonds-karp,short-trace-final,python,42ab43c40f7e2ffc566fdf3667951f6eeef46a3e928ba600e134bceb1dfdb271,e230f8f9805cfa8b8f39e2db08a6a88169e2607ae0e869bde8cdd1c91ebeedd4,sha256:2f0a63db11ed728bc1b3c0e4373a380e173fc166b90de37e0799de6fb2ab49c5,Omega_hat_StateLoad,129189,=,MEASURED,,python-cpython-program-state-sum-v1,python-cpython-monitoring-state-v5,CPython 3.12.11,initial-next-opcode-mutation-boundary-return-v1,3,experiments/classic_algorithms_state_prediction/measurements/program-complexity/short-trace-final/python/profiles.jsonl
program-complexity-normalized-v2,classic_algorithms_state_prediction,edmonds-karp,long-trace-final,python,42ab43c40f7e2ffc566fdf3667951f6eeef46a3e928ba600e134bceb1dfdb271,585b7ec3545e0eaff535604a0cc41f3bc3b87e28c7acef79244ab666c47d3295,sha256:6f87cb79277e8347940fea8746c74e9e00b0ba070417e07a6d5dc54e9d0c72c9,Omega_CC,13,=,MEASURED,,python-control-flow-v2,python-control-flow-v2,CPython 3.12.11,,1,experiments/classic_algorithms_state_prediction/measurements/program-complexity/long-trace-final/python/profiles.jsonl
program-complexity-normalized-v2,classic_algorithms_state_prediction,edmonds-karp,long-trace-final,python,42ab43c40f7e2ffc566fdf3667951f6eeef46a3e928ba600e134bceb1dfdb271,585b7ec3545e0eaff535604a0cc41f3bc3b87e28c7acef79244ab666c47d3295,sha256:6f87cb79277e8347940fea8746c74e9e00b0ba070417e07a6d5dc54e9d0c72c9,Omega_hat_NativeTrace,154864,=,MEASURED,,python-cpython-monitoring-instruction-v2,python-cpython-monitoring-state-v5,CPython 3.12.11,python-cpython-monitoring-instruction-v2,3,experiments/classic_algorithms_state_prediction/measurements/program-complexity/long-trace-final/python/profiles.jsonl
program-complexity-normalized-v2,classic_algorithms_state_prediction,edmonds-karp,long-trace-final,python,42ab43c40f7e2ffc566fdf3667951f6eeef46a3e928ba600e134bceb1dfdb271,585b7ec3545e0eaff535604a0cc41f3bc3b87e28c7acef79244ab666c47d3295,sha256:6f87cb79277e8347940fea8746c74e9e00b0ba070417e07a6d5dc54e9d0c72c9,Omega_hat_StateSize,1276,=,MEASURED,,python-cpython-program-state-v5,python-cpython-monitoring-state-v5,CPython 3.12.11,initial-next-opcode-mutation-boundary-return-v1,3,experiments/classic_algorithms_state_prediction/measurements/program-complexity/long-trace-final/python/profiles.jsonl
program-complexity-normalized-v2,classic_algorithms_state_prediction,edmonds-karp,long-trace-final,python,42ab43c40f7e2ffc566fdf3667951f6eeef46a3e928ba600e134bceb1dfdb271,585b7ec3545e0eaff535604a0cc41f3bc3b87e28c7acef79244ab666c47d3295,sha256:6f87cb79277e8347940fea8746c74e9e00b0ba070417e07a6d5dc54e9d0c72c9,Omega_hat_StateLoad,26946046,=,MEASURED,,python-cpython-program-state-sum-v1,python-cpython-monitoring-state-v5,CPython 3.12.11,initial-next-opcode-mutation-boundary-return-v1,3,experiments/classic_algorithms_state_prediction/measurements/program-complexity/long-trace-final/python/profiles.jsonl
program-complexity-normalized-v2,classic_algorithms_state_prediction,edmonds-karp,inside-loop-state,python,f13dabbd7793b0587d8c9b7eabac3079879e26a992dd0c1501665fb2990c943b,585b7ec3545e0eaff535604a0cc41f3bc3b87e28c7acef79244ab666c47d3295,sha256:4fb3b9567fd79317de6f6c96d755733ae8276ae2cd0d1154798320d5fb3672bf,Omega_CC,14,=,MEASURED,,python-control-flow-v2,python-control-flow-v2,CPython 3.12.11,,1,experiments/classic_algorithms_state_prediction/measurements/program-complexity/inside-loop-state/python/profiles.jsonl
program-complexity-normalized-v2,classic_algorithms_state_prediction,edmonds-karp,inside-loop-state,python,f13dabbd7793b0587d8c9b7eabac3079879e26a992dd0c1501665fb2990c943b,585b7ec3545e0eaff535604a0cc41f3bc3b87e28c7acef79244ab666c47d3295,sha256:4fb3b9567fd79317de6f6c96d755733ae8276ae2cd0d1154798320d5fb3672bf,Omega_hat_NativeTrace,155814,=,MEASURED,,python-cpython-monitoring-instruction-v2,python-cpython-monitoring-state-v5,CPython 3.12.11,python-cpython-monitoring-instruction-v2,3,experiments/classic_algorithms_state_prediction/measurements/program-complexity/inside-loop-state/python/profiles.jsonl
program-complexity-normalized-v2,classic_algorithms_state_prediction,edmonds-karp,inside-loop-state,python,f13dabbd7793b0587d8c9b7eabac3079879e26a992dd0c1501665fb2990c943b,585b7ec3545e0eaff535604a0cc41f3bc3b87e28c7acef79244ab666c47d3295,sha256:4fb3b9567fd79317de6f6c96d755733ae8276ae2cd0d1154798320d5fb3672bf,Omega_hat_StateSize,1277,=,MEASURED,,python-cpython-program-state-v5,python-cpython-monitoring-state-v5,CPython 3.12.11,initial-next-opcode-mutation-boundary-return-v1,3,experiments/classic_algorithms_state_prediction/measurements/program-complexity/inside-loop-state/python/profiles.jsonl
program-complexity-normalized-v2,classic_algorithms_state_prediction,edmonds-karp,inside-loop-state,python,f13dabbd7793b0587d8c9b7eabac3079879e26a992dd0c1501665fb2990c943b,585b7ec3545e0eaff535604a0cc41f3bc3b87e28c7acef79244ab666c47d3295,sha256:4fb3b9567fd79317de6f6c96d755733ae8276ae2cd0d1154798320d5fb3672bf,Omega_hat_StateLoad,26599657,=,MEASURED,,python-cpython-program-state-sum-v1,python-cpython-monitoring-state-v5,CPython 3.12.11,initial-next-opcode-mutation-boundary-return-v1,3,experiments/classic_algorithms_state_prediction/measurements/program-complexity/inside-loop-state/python/profiles.jsonl
program-complexity-normalized-v2,classic_algorithms_state_prediction,edmonds-karp,post-loop-state,python,209541a20ba8c938f88c44388d500f664121ad369ca9d684066ef7ce6e33794b,585b7ec3545e0eaff535604a0cc41f3bc3b87e28c7acef79244ab666c47d3295,sha256:8706430b13caf2141cd5e924b7b9a790f3862b4af435ba7ff2b8f27b1154d20a,Omega_CC,13,=,MEASURED,,python-control-flow-v2,python-control-flow-v2,CPython 3.12.11,,1,experiments/classic_algorithms_state_prediction/measurements/program-complexity/post-loop-state/python/profiles.jsonl
program-complexity-normalized-v2,classic_algorithms_state_prediction,edmonds-karp,post-loop-state,python,209541a20ba8c938f88c44388d500f664121ad369ca9d684066ef7ce6e33794b,585b7ec3545e0eaff535604a0cc41f3bc3b87e28c7acef79244ab666c47d3295,sha256:8706430b13caf2141cd5e924b7b9a790f3862b4af435ba7ff2b8f27b1154d20a,Omega_hat_NativeTrace,154880,=,MEASURED,,python-cpython-monitoring-instruction-v2,python-cpython-monitoring-state-v5,CPython 3.12.11,python-cpython-monitoring-instruction-v2,3,experiments/classic_algorithms_state_prediction/measurements/program-complexity/post-loop-state/python/profiles.jsonl
program-complexity-normalized-v2,classic_algorithms_state_prediction,edmonds-karp,post-loop-state,python,209541a20ba8c938f88c44388d500f664121ad369ca9d684066ef7ce6e33794b,585b7ec3545e0eaff535604a0cc41f3bc3b87e28c7acef79244ab666c47d3295,sha256:8706430b13caf2141cd5e924b7b9a790f3862b4af435ba7ff2b8f27b1154d20a,Omega_hat_StateSize,1276,=,MEASURED,,python-cpython-program-state-v5,python-cpython-monitoring-state-v5,CPython 3.12.11,initial-next-opcode-mutation-boundary-return-v1,3,experiments/classic_algorithms_state_prediction/measurements/program-complexity/post-loop-state/python/profiles.jsonl
program-complexity-normalized-v2,classic_algorithms_state_prediction,edmonds-karp,post-loop-state,python,209541a20ba8c938f88c44388d500f664121ad369ca9d684066ef7ce6e33794b,585b7ec3545e0eaff535604a0cc41f3bc3b87e28c7acef79244ab666c47d3295,sha256:8706430b13caf2141cd5e924b7b9a790f3862b4af435ba7ff2b8f27b1154d20a,Omega_hat_StateLoad,26947297,=,MEASURED,,python-cpython-program-state-sum-v1,python-cpython-monitoring-state-v5,CPython 3.12.11,initial-next-opcode-mutation-boundary-return-v1,3,experiments/classic_algorithms_state_prediction/measurements/program-complexity/post-loop-state/python/profiles.jsonl
program-complexity-normalized-v2,classic_algorithms_state_prediction,egg-dropping,short-trace-final,python,9ea0dcb3dd0bb9e899d20354e7eb4b304dcce5bc95dbc417e4394a6968d381fd,0cf8615e554945b30b9cfa3e6f1263bec57b78324b93e90be33e2e823481c307,sha256:0adad29d777911970ae3d70f2390642920d9ed5c4943ed2b7243ac150b06c4ac,Omega_CC,9,=,MEASURED,,python-control-flow-v2,python-control-flow-v2,CPython 3.12.11,,1,experiments/classic_algorithms_state_prediction/measurements/program-complexity/short-trace-final/python/profiles.jsonl
program-complexity-normalized-v2,classic_algorithms_state_prediction,egg-dropping,short-trace-final,python,9ea0dcb3dd0bb9e899d20354e7eb4b304dcce5bc95dbc417e4394a6968d381fd,0cf8615e554945b30b9cfa3e6f1263bec57b78324b93e90be33e2e823481c307,sha256:0adad29d777911970ae3d70f2390642920d9ed5c4943ed2b7243ac150b06c4ac,Omega_hat_NativeTrace,8080,=,MEASURED,,python-cpython-monitoring-instruction-v2,python-cpython-monitoring-state-v5,CPython 3.12.11,python-cpython-monitoring-instruction-v2,3,experiments/classic_algorithms_state_prediction/measurements/program-complexity/short-trace-final/python/profiles.jsonl
program-complexity-normalized-v2,classic_algorithms_state_prediction,egg-dropping,short-trace-final,python,9ea0dcb3dd0bb9e899d20354e7eb4b304dcce5bc95dbc417e4394a6968d381fd,0cf8615e554945b30b9cfa3e6f1263bec57b78324b93e90be33e2e823481c307,sha256:0adad29d777911970ae3d70f2390642920d9ed5c4943ed2b7243ac150b06c4ac,Omega_hat_StateSize,136,=,MEASURED,,python-cpython-program-state-v5,python-cpython-monitoring-state-v5,CPython 3.12.11,initial-next-opcode-mutation-boundary-return-v1,3,experiments/classic_algorithms_state_prediction/measurements/program-complexity/short-trace-final/python/profiles.jsonl
program-complexity-normalized-v2,classic_algorithms_state_prediction,egg-dropping,short-trace-final,python,9ea0dcb3dd0bb9e899d20354e7eb4b304dcce5bc95dbc417e4394a6968d381fd,0cf8615e554945b30b9cfa3e6f1263bec57b78324b93e90be33e2e823481c307,sha256:0adad29d777911970ae3d70f2390642920d9ed5c4943ed2b7243ac150b06c4ac,Omega_hat_StateLoad,116123,=,MEASURED,,python-cpython-program-state-sum-v1,python-cpython-monitoring-state-v5,CPython 3.12.11,initial-next-opcode-mutation-boundary-return-v1,3,experiments/classic_algorithms_state_prediction/measurements/program-complexity/short-trace-final/python/profiles.jsonl
program-complexity-normalized-v2,classic_algorithms_state_prediction,egg-dropping,long-trace-final,python,9ea0dcb3dd0bb9e899d20354e7eb4b304dcce5bc95dbc417e4394a6968d381fd,c0d1001f89751fba994561958f85769861c5c743d509fed9ebffba1c3b3deb8f,sha256:1d92eb78bc6154ef71d64ae695c75b8baba0f167cda4e9baf03111263b403007,Omega_CC,9,=,MEASURED,,python-control-flow-v2,python-control-flow-v2,CPython 3.12.11,,1,experiments/classic_algorithms_state_prediction/measurements/program-complexity/long-trace-final/python/profiles.jsonl
program-complexity-normalized-v2,classic_algorithms_state_prediction,egg-dropping,long-trace-final,python,9ea0dcb3dd0bb9e899d20354e7eb4b304dcce5bc95dbc417e4394a6968d381fd,c0d1001f89751fba994561958f85769861c5c743d509fed9ebffba1c3b3deb8f,sha256:1d92eb78bc6154ef71d64ae695c75b8baba0f167cda4e9baf03111263b403007,Omega_hat_NativeTrace,140185,=,MEASURED,,python-cpython-monitoring-instruction-v2,python-cpython-monitoring-state-v5,CPython 3.12.11,python-cpython-monitoring-instruction-v2,3,experiments/classic_algorithms_state_prediction/measurements/program-complexity/long-trace-final/python/profiles.jsonl
program-complexity-normalized-v2,classic_algorithms_state_prediction,egg-dropping,long-trace-final,python,9ea0dcb3dd0bb9e899d20354e7eb4b304dcce5bc95dbc417e4394a6968d381fd,c0d1001f89751fba994561958f85769861c5c743d509fed9ebffba1c3b3deb8f,sha256:1d92eb78bc6154ef71d64ae695c75b8baba0f167cda4e9baf03111263b403007,Omega_hat_StateSize,572,=,MEASURED,,python-cpython-program-state-v5,python-cpython-monitoring-state-v5,CPython 3.12.11,initial-next-opcode-mutation-boundary-return-v1,3,experiments/classic_algorithms_state_prediction/measurements/program-complexity/long-trace-final/python/profiles.jsonl
program-complexity-normalized-v2,classic_algorithms_state_prediction,egg-dropping,long-trace-final,python,9ea0dcb3dd0bb9e899d20354e7eb4b304dcce5bc95dbc417e4394a6968d381fd,c0d1001f89751fba994561958f85769861c5c743d509fed9ebffba1c3b3deb8f,sha256:1d92eb78bc6154ef71d64ae695c75b8baba0f167cda4e9baf03111263b403007,Omega_hat_StateLoad,7858159,=,MEASURED,,python-cpython-program-state-sum-v1,python-cpython-monitoring-state-v5,CPython 3.12.11,initial-next-opcode-mutation-boundary-return-v1,3,experiments/classic_algorithms_state_prediction/measurements/program-complexity/long-trace-final/python/profiles.jsonl
program-complexity-normalized-v2,classic_algorithms_state_prediction,egg-dropping,inside-loop-state,python,c45c77ff61eee80472da0386875313459c6a1baef0b1fe578165478bbcd4b7cd,c0d1001f89751fba994561958f85769861c5c743d509fed9ebffba1c3b3deb8f,sha256:f28b5f9a7fdfb276714073b46e22693776128e228d8537be8edcb82af661a274,Omega_CC,10,=,MEASURED,,python-control-flow-v2,python-control-flow-v2,CPython 3.12.11,,1,experiments/classic_algorithms_state_prediction/measurements/program-complexity/inside-loop-state/python/profiles.jsonl
program-complexity-normalized-v2,classic_algorithms_state_prediction,egg-dropping,inside-loop-state,python,c45c77ff61eee80472da0386875313459c6a1baef0b1fe578165478bbcd4b7cd,c0d1001f89751fba994561958f85769861c5c743d509fed9ebffba1c3b3deb8f,sha256:f28b5f9a7fdfb276714073b46e22693776128e228d8537be8edcb82af661a274,Omega_hat_NativeTrace,135658,=,MEASURED,,python-cpython-monitoring-instruction-v2,python-cpython-monitoring-state-v5,CPython 3.12.11,python-cpython-monitoring-instruction-v2,3,experiments/classic_algorithms_state_prediction/measurements/program-complexity/inside-loop-state/python/profiles.jsonl
program-complexity-normalized-v2,classic_algorithms_state_prediction,egg-dropping,inside-loop-state,python,c45c77ff61eee80472da0386875313459c6a1baef0b1fe578165478bbcd4b7cd,c0d1001f89751fba994561958f85769861c5c743d509fed9ebffba1c3b3deb8f,sha256:f28b5f9a7fdfb276714073b46e22693776128e228d8537be8edcb82af661a274,Omega_hat_StateSize,573,=,MEASURED,,python-cpython-program-state-v5,python-cpython-monitoring-state-v5,CPython 3.12.11,initial-next-opcode-mutation-boundary-return-v1,3,experiments/classic_algorithms_state_prediction/measurements/program-complexity/inside-loop-state/python/profiles.jsonl
program-complexity-normalized-v2,classic_algorithms_state_prediction,egg-dropping,inside-loop-state,python,c45c77ff61eee80472da0386875313459c6a1baef0b1fe578165478bbcd4b7cd,c0d1001f89751fba994561958f85769861c5c743d509fed9ebffba1c3b3deb8f,sha256:f28b5f9a7fdfb276714073b46e22693776128e228d8537be8edcb82af661a274,Omega_hat_StateLoad,8039812,=,MEASURED,,python-cpython-program-state-sum-v1,python-cpython-monitoring-state-v5,CPython 3.12.11,initial-next-opcode-mutation-boundary-return-v1,3,experiments/classic_algorithms_state_prediction/measurements/program-complexity/inside-loop-state/python/profiles.jsonl
program-complexity-normalized-v2,classic_algorithms_state_prediction,egg-dropping,post-loop-state,python,f86d6b21fdaeaa43be4a063236bec6bb90ae0866cdf2477692855b29ad8dadb2,c0d1001f89751fba994561958f85769861c5c743d509fed9ebffba1c3b3deb8f,sha256:fe8495cd9046065cd828f190f99a2306259c4312687777025730af4db6fd5004,Omega_CC,9,=,MEASURED,,python-control-flow-v2,python-control-flow-v2,CPython 3.12.11,,1,experiments/classic_algorithms_state_prediction/measurements/program-complexity/post-loop-state/python/profiles.jsonl
program-complexity-normalized-v2,classic_algorithms_state_prediction,egg-dropping,post-loop-state,python,f86d6b21fdaeaa43be4a063236bec6bb90ae0866cdf2477692855b29ad8dadb2,c0d1001f89751fba994561958f85769861c5c743d509fed9ebffba1c3b3deb8f,sha256:fe8495cd9046065cd828f190f99a2306259c4312687777025730af4db6fd5004,Omega_hat_NativeTrace,140185,=,MEASURED,,python-cpython-monitoring-instruction-v2,python-cpython-monitoring-state-v5,CPython 3.12.11,python-cpython-monitoring-instruction-v2,3,experiments/classic_algorithms_state_prediction/measurements/program-complexity/post-loop-state/python/profiles.jsonl
program-complexity-normalized-v2,classic_algorithms_state_prediction,egg-dropping,post-loop-state,python,f86d6b21fdaeaa43be4a063236bec6bb90ae0866cdf2477692855b29ad8dadb2,c0d1001f89751fba994561958f85769861c5c743d509fed9ebffba1c3b3deb8f,sha256:fe8495cd9046065cd828f190f99a2306259c4312687777025730af4db6fd5004,Omega_hat_StateSize,572,=,MEASURED,,python-cpython-program-state-v5,python-cpython-monitoring-state-v5,CPython 3.12.11,initial-next-opcode-mutation-boundary-return-v1,3,experiments/classic_algorithms_state_prediction/measurements/program-complexity/post-loop-state/python/profiles.jsonl
program-complexity-normalized-v2,classic_algorithms_state_prediction,egg-dropping,post-loop-state,python,f86d6b21fdaeaa43be4a063236bec6bb90ae0866cdf2477692855b29ad8dadb2,c0d1001f89751fba994561958f85769861c5c743d509fed9ebffba1c3b3deb8f,sha256:fe8495cd9046065cd828f190f99a2306259c4312687777025730af4db6fd5004,Omega_hat_StateLoad,7858159,=,MEASURED,,python-cpython-program-state-sum-v1,python-cpython-monitoring-state-v5,CPython 3.12.11,initial-next-opcode-mutation-boundary-return-v1,3,experiments/classic_algorithms_state_prediction/measurements/program-complexity/post-loop-state/python/profiles.jsonl
program-complexity-normalized-v2,classic_algorithms_state_prediction,floyd-warshall,short-trace-final,python,775407e75748629150f961da9519f8e154548d8549180b91d5b2305aba9b952e,0a451db957898d26b47a08ecf51bb3f3636bf1c4bd17abd75801558a0847b145,sha256:2d2cc00f1a6ce31b7d16678cab4a7875ccf9716096f112389b64508bb3d6114f,Omega_CC,7,=,MEASURED,,python-control-flow-v2,python-control-flow-v2,CPython 3.12.11,,1,experiments/classic_algorithms_state_prediction/measurements/program-complexity/short-trace-final/python/profiles.jsonl
program-complexity-normalized-v2,classic_algorithms_state_prediction,floyd-warshall,short-trace-final,python,775407e75748629150f961da9519f8e154548d8549180b91d5b2305aba9b952e,0a451db957898d26b47a08ecf51bb3f3636bf1c4bd17abd75801558a0847b145,sha256:2d2cc00f1a6ce31b7d16678cab4a7875ccf9716096f112389b64508bb3d6114f,Omega_hat_NativeTrace,3257,=,MEASURED,,python-cpython-monitoring-instruction-v2,python-cpython-monitoring-state-v5,CPython 3.12.11,python-cpython-monitoring-instruction-v2,3,experiments/classic_algorithms_state_prediction/measurements/program-complexity/short-trace-final/python/profiles.jsonl
program-complexity-normalized-v2,classic_algorithms_state_prediction,floyd-warshall,short-trace-final,python,775407e75748629150f961da9519f8e154548d8549180b91d5b2305aba9b952e,0a451db957898d26b47a08ecf51bb3f3636bf1c4bd17abd75801558a0847b145,sha256:2d2cc00f1a6ce31b7d16678cab4a7875ccf9716096f112389b64508bb3d6114f,Omega_hat_StateSize,36,=,MEASURED,,python-cpython-program-state-v5,python-cpython-monitoring-state-v5,CPython 3.12.11,initial-next-opcode-mutation-boundary-return-v1,3,experiments/classic_algorithms_state_prediction/measurements/program-complexity/short-trace-final/python/profiles.jsonl
program-complexity-normalized-v2,classic_algorithms_state_prediction,floyd-warshall,short-trace-final,python,775407e75748629150f961da9519f8e154548d8549180b91d5b2305aba9b952e,0a451db957898d26b47a08ecf51bb3f3636bf1c4bd17abd75801558a0847b145,sha256:2d2cc00f1a6ce31b7d16678cab4a7875ccf9716096f112389b64508bb3d6114f,Omega_hat_StateLoad,11596,=,MEASURED,,python-cpython-program-state-sum-v1,python-cpython-monitoring-state-v5,CPython 3.12.11,initial-next-opcode-mutation-boundary-return-v1,3,experiments/classic_algorithms_state_prediction/measurements/program-complexity/short-trace-final/python/profiles.jsonl
program-complexity-normalized-v2,classic_algorithms_state_prediction,floyd-warshall,long-trace-final,python,775407e75748629150f961da9519f8e154548d8549180b91d5b2305aba9b952e,5cc4540af213f382d76cf51218e166af454513b6b9857024f668e68fcaefa369,sha256:2e4b29b3d5429113fb521444024b47ce0f4b644e1f7d613906c68f828b3bbb6f,Omega_CC,7,=,MEASURED,,python-control-flow-v2,python-control-flow-v2,CPython 3.12.11,,1,experiments/classic_algorithms_state_prediction/measurements/program-complexity/long-trace-final/python/profiles.jsonl
program-complexity-normalized-v2,classic_algorithms_state_prediction,floyd-warshall,long-trace-final,python,775407e75748629150f961da9519f8e154548d8549180b91d5b2305aba9b952e,5cc4540af213f382d76cf51218e166af454513b6b9857024f668e68fcaefa369,sha256:2e4b29b3d5429113fb521444024b47ce0f4b644e1f7d613906c68f828b3bbb6f,Omega_hat_NativeTrace,41963,=,MEASURED,,python-cpython-monitoring-instruction-v2,python-cpython-monitoring-state-v5,CPython 3.12.11,python-cpython-monitoring-instruction-v2,3,experiments/classic_algorithms_state_prediction/measurements/program-complexity/long-trace-final/python/profiles.jsonl
program-complexity-normalized-v2,classic_algorithms_state_prediction,floyd-warshall,long-trace-final,python,775407e75748629150f961da9519f8e154548d8549180b91d5b2305aba9b952e,5cc4540af213f382d76cf51218e166af454513b6b9857024f668e68fcaefa369,sha256:2e4b29b3d5429113fb521444024b47ce0f4b644e1f7d613906c68f828b3bbb6f,Omega_hat_StateSize,162,=,MEASURED,,python-cpython-program-state-v5,python-cpython-monitoring-state-v5,CPython 3.12.11,initial-next-opcode-mutation-boundary-return-v1,3,experiments/classic_algorithms_state_prediction/measurements/program-complexity/long-trace-final/python/profiles.jsonl
program-complexity-normalized-v2,classic_algorithms_state_prediction,floyd-warshall,long-trace-final,python,775407e75748629150f961da9519f8e154548d8549180b91d5b2305aba9b952e,5cc4540af213f382d76cf51218e166af454513b6b9857024f668e68fcaefa369,sha256:2e4b29b3d5429113fb521444024b47ce0f4b644e1f7d613906c68f828b3bbb6f,Omega_hat_StateLoad,632248,=,MEASURED,,python-cpython-program-state-sum-v1,python-cpython-monitoring-state-v5,CPython 3.12.11,initial-next-opcode-mutation-boundary-return-v1,3,experiments/classic_algorithms_state_prediction/measurements/program-complexity/long-trace-final/python/profiles.jsonl
program-complexity-normalized-v2,classic_algorithms_state_prediction,floyd-warshall,inside-loop-state,python,5804beeed6da8248755671f1fa0156fb9391d0211acf4721341e5609eeec62ca,5cc4540af213f382d76cf51218e166af454513b6b9857024f668e68fcaefa369,sha256:458de18eefc38544af6e66dc1f276afa2552946b906c4e27de1e57e1b69d28a7,Omega_CC,8,=,MEASURED,,python-control-flow-v2,python-control-flow-v2,CPython 3.12.11,,1,experiments/classic_algorithms_state_prediction/measurements/program-complexity/inside-loop-state/python/profiles.jsonl
program-complexity-normalized-v2,classic_algorithms_state_prediction,floyd-warshall,inside-loop-state,python,5804beeed6da8248755671f1fa0156fb9391d0211acf4721341e5609eeec62ca,5cc4540af213f382d76cf51218e166af454513b6b9857024f668e68fcaefa369,sha256:458de18eefc38544af6e66dc1f276afa2552946b906c4e27de1e57e1b69d28a7,Omega_hat_NativeTrace,43479,=,MEASURED,,python-cpython-monitoring-instruction-v2,python-cpython-monitoring-state-v5,CPython 3.12.11,python-cpython-monitoring-instruction-v2,3,experiments/classic_algorithms_state_prediction/measurements/program-complexity/inside-loop-state/python/profiles.jsonl
program-complexity-normalized-v2,classic_algorithms_state_prediction,floyd-warshall,inside-loop-state,python,5804beeed6da8248755671f1fa0156fb9391d0211acf4721341e5609eeec62ca,5cc4540af213f382d76cf51218e166af454513b6b9857024f668e68fcaefa369,sha256:458de18eefc38544af6e66dc1f276afa2552946b906c4e27de1e57e1b69d28a7,Omega_hat_StateSize,163,=,MEASURED,,python-cpython-program-state-v5,python-cpython-monitoring-state-v5,CPython 3.12.11,initial-next-opcode-mutation-boundary-return-v1,3,experiments/classic_algorithms_state_prediction/measurements/program-complexity/inside-loop-state/python/profiles.jsonl
program-complexity-normalized-v2,classic_algorithms_state_prediction,floyd-warshall,inside-loop-state,python,5804beeed6da8248755671f1fa0156fb9391d0211acf4721341e5609eeec62ca,5cc4540af213f382d76cf51218e166af454513b6b9857024f668e68fcaefa369,sha256:458de18eefc38544af6e66dc1f276afa2552946b906c4e27de1e57e1b69d28a7,Omega_hat_StateLoad,714792,=,MEASURED,,python-cpython-program-state-sum-v1,python-cpython-monitoring-state-v5,CPython 3.12.11,initial-next-opcode-mutation-boundary-return-v1,3,experiments/classic_algorithms_state_prediction/measurements/program-complexity/inside-loop-state/python/profiles.jsonl
program-complexity-normalized-v2,classic_algorithms_state_prediction,floyd-warshall,post-loop-state,python,9d17c05acc418593eee12134813afd99d708435eeeda69b2ad49b0da654f09dc,5cc4540af213f382d76cf51218e166af454513b6b9857024f668e68fcaefa369,sha256:25a52f0a8db4ad22c436083e56d2339f22812e01a7c7be35bace2cb950dec0a3,Omega_CC,7,=,MEASURED,,python-control-flow-v2,python-control-flow-v2,CPython 3.12.11,,1,experiments/classic_algorithms_state_prediction/measurements/program-complexity/post-loop-state/python/profiles.jsonl
program-complexity-normalized-v2,classic_algorithms_state_prediction,floyd-warshall,post-loop-state,python,9d17c05acc418593eee12134813afd99d708435eeeda69b2ad49b0da654f09dc,5cc4540af213f382d76cf51218e166af454513b6b9857024f668e68fcaefa369,sha256:25a52f0a8db4ad22c436083e56d2339f22812e01a7c7be35bace2cb950dec0a3,Omega_hat_NativeTrace,41967,=,MEASURED,,python-cpython-monitoring-instruction-v2,python-cpython-monitoring-state-v5,CPython 3.12.11,python-cpython-monitoring-instruction-v2,3,experiments/classic_algorithms_state_prediction/measurements/program-complexity/post-loop-state/python/profiles.jsonl
program-complexity-normalized-v2,classic_algorithms_state_prediction,floyd-warshall,post-loop-state,python,9d17c05acc418593eee12134813afd99d708435eeeda69b2ad49b0da654f09dc,5cc4540af213f382d76cf51218e166af454513b6b9857024f668e68fcaefa369,sha256:25a52f0a8db4ad22c436083e56d2339f22812e01a7c7be35bace2cb950dec0a3,Omega_hat_StateSize,162,=,MEASURED,,python-cpython-program-state-v5,python-cpython-monitoring-state-v5,CPython 3.12.11,initial-next-opcode-mutation-boundary-return-v1,3,experiments/classic_algorithms_state_prediction/measurements/program-complexity/post-loop-state/python/profiles.jsonl
program-complexity-normalized-v2,classic_algorithms_state_prediction,floyd-warshall,post-loop-state,python,9d17c05acc418593eee12134813afd99d708435eeeda69b2ad49b0da654f09dc,5cc4540af213f382d76cf51218e166af454513b6b9857024f668e68fcaefa369,sha256:25a52f0a8db4ad22c436083e56d2339f22812e01a7c7be35bace2cb950dec0a3,Omega_hat_StateLoad,632248,=,MEASURED,,python-cpython-program-state-sum-v1,python-cpython-monitoring-state-v5,CPython 3.12.11,initial-next-opcode-mutation-boundary-return-v1,3,experiments/classic_algorithms_state_prediction/measurements/program-complexity/post-loop-state/python/profiles.jsonl
program-complexity-normalized-v2,classic_algorithms_state_prediction,heap-sort,short-trace-final,python,c20ec5f5d2940ac846eb4592db961e9298ab79e37797e874fd91fa93f42779cb,0cc670a98c9da7c643180db708379356ae14e7c15ca4cd51f34e34d2a43f4dbd,sha256:71dfc032472deb4c446595d6de80fd700b5506f5a9036229254d5dc7334c3a8b,Omega_CC,8,=,MEASURED,,python-control-flow-v2,python-control-flow-v2,CPython 3.12.11,,1,experiments/classic_algorithms_state_prediction/measurements/program-complexity/short-trace-final/python/profiles.jsonl
program-complexity-normalized-v2,classic_algorithms_state_prediction,heap-sort,short-trace-final,python,c20ec5f5d2940ac846eb4592db961e9298ab79e37797e874fd91fa93f42779cb,0cc670a98c9da7c643180db708379356ae14e7c15ca4cd51f34e34d2a43f4dbd,sha256:71dfc032472deb4c446595d6de80fd700b5506f5a9036229254d5dc7334c3a8b,Omega_hat_NativeTrace,7437,=,MEASURED,,python-cpython-monitoring-instruction-v2,python-cpython-monitoring-state-v5,CPython 3.12.11,python-cpython-monitoring-instruction-v2,3,experiments/classic_algorithms_state_prediction/measurements/program-complexity/short-trace-final/python/profiles.jsonl
program-complexity-normalized-v2,classic_algorithms_state_prediction,heap-sort,short-trace-final,python,c20ec5f5d2940ac846eb4592db961e9298ab79e37797e874fd91fa93f42779cb,0cc670a98c9da7c643180db708379356ae14e7c15ca4cd51f34e34d2a43f4dbd,sha256:71dfc032472deb4c446595d6de80fd700b5506f5a9036229254d5dc7334c3a8b,Omega_hat_StateSize,39,=,MEASURED,,python-cpython-program-state-v5,python-cpython-monitoring-state-v5,CPython 3.12.11,initial-next-opcode-mutation-boundary-return-v1,3,experiments/classic_algorithms_state_prediction/measurements/program-complexity/short-trace-final/python/profiles.jsonl
program-complexity-normalized-v2,classic_algorithms_state_prediction,heap-sort,short-trace-final,python,c20ec5f5d2940ac846eb4592db961e9298ab79e37797e874fd91fa93f42779cb,0cc670a98c9da7c643180db708379356ae14e7c15ca4cd51f34e34d2a43f4dbd,sha256:71dfc032472deb4c446595d6de80fd700b5506f5a9036229254d5dc7334c3a8b,Omega_hat_StateLoad,28288,=,MEASURED,,python-cpython-program-state-sum-v1,python-cpython-monitoring-state-v5,CPython 3.12.11,initial-next-opcode-mutation-boundary-return-v1,3,experiments/classic_algorithms_state_prediction/measurements/program-complexity/short-trace-final/python/profiles.jsonl
program-complexity-normalized-v2,classic_algorithms_state_prediction,heap-sort,long-trace-final,python,c20ec5f5d2940ac846eb4592db961e9298ab79e37797e874fd91fa93f42779cb,375d688cf570c5c148326ceb1e716b3371412dac2b20dc07833f7aab9a895699,sha256:efd22eec245dee8b42c0330ea6cb742bb25e452dee8b0984a2afbb061330ec57,Omega_CC,8,=,MEASURED,,python-control-flow-v2,python-control-flow-v2,CPython 3.12.11,,1,experiments/classic_algorithms_state_prediction/measurements/program-complexity/long-trace-final/python/profiles.jsonl
program-complexity-normalized-v2,classic_algorithms_state_prediction,heap-sort,long-trace-final,python,c20ec5f5d2940ac846eb4592db961e9298ab79e37797e874fd91fa93f42779cb,375d688cf570c5c148326ceb1e716b3371412dac2b20dc07833f7aab9a895699,sha256:efd22eec245dee8b42c0330ea6cb742bb25e452dee8b0984a2afbb061330ec57,Omega_hat_NativeTrace,100698,=,MEASURED,,python-cpython-monitoring-instruction-v2,python-cpython-monitoring-state-v5,CPython 3.12.11,python-cpython-monitoring-instruction-v2,3,experiments/classic_algorithms_state_prediction/measurements/program-complexity/long-trace-final/python/profiles.jsonl
program-complexity-normalized-v2,classic_algorithms_state_prediction,heap-sort,long-trace-final,python,c20ec5f5d2940ac846eb4592db961e9298ab79e37797e874fd91fa93f42779cb,375d688cf570c5c148326ceb1e716b3371412dac2b20dc07833f7aab9a895699,sha256:efd22eec245dee8b42c0330ea6cb742bb25e452dee8b0984a2afbb061330ec57,Omega_hat_StateSize,263,=,MEASURED,,python-cpython-program-state-v5,python-cpython-monitoring-state-v5,CPython 3.12.11,initial-next-opcode-mutation-boundary-return-v1,3,experiments/classic_algorithms_state_prediction/measurements/program-complexity/long-trace-final/python/profiles.jsonl
program-complexity-normalized-v2,classic_algorithms_state_prediction,heap-sort,long-trace-final,python,c20ec5f5d2940ac846eb4592db961e9298ab79e37797e874fd91fa93f42779cb,375d688cf570c5c148326ceb1e716b3371412dac2b20dc07833f7aab9a895699,sha256:efd22eec245dee8b42c0330ea6cb742bb25e452dee8b0984a2afbb061330ec57,Omega_hat_StateLoad,2416541,=,MEASURED,,python-cpython-program-state-sum-v1,python-cpython-monitoring-state-v5,CPython 3.12.11,initial-next-opcode-mutation-boundary-return-v1,3,experiments/classic_algorithms_state_prediction/measurements/program-complexity/long-trace-final/python/profiles.jsonl
program-complexity-normalized-v2,classic_algorithms_state_prediction,heap-sort,inside-loop-state,python,78b3c1e09271ea0f918a987537e4585e7686db75a0d793f4be7f3afa9d4c01d0,375d688cf570c5c148326ceb1e716b3371412dac2b20dc07833f7aab9a895699,sha256:990074da2e00db3f43544556006cd9b56936f932d9d95f5ed395549e4d8b81d1,Omega_CC,9,=,MEASURED,,python-control-flow-v2,python-control-flow-v2,CPython 3.12.11,,1,experiments/classic_algorithms_state_prediction/measurements/program-complexity/inside-loop-state/python/profiles.jsonl
program-complexity-normalized-v2,classic_algorithms_state_prediction,heap-sort,inside-loop-state,python,78b3c1e09271ea0f918a987537e4585e7686db75a0d793f4be7f3afa9d4c01d0,375d688cf570c5c148326ceb1e716b3371412dac2b20dc07833f7aab9a895699,sha256:990074da2e00db3f43544556006cd9b56936f932d9d95f5ed395549e4d8b81d1,Omega_hat_NativeTrace,88962,=,MEASURED,,python-cpython-monitoring-instruction-v2,python-cpython-monitoring-state-v5,CPython 3.12.11,python-cpython-monitoring-instruction-v2,3,experiments/classic_algorithms_state_prediction/measurements/program-complexity/inside-loop-state/python/profiles.jsonl
program-complexity-normalized-v2,classic_algorithms_state_prediction,heap-sort,inside-loop-state,python,78b3c1e09271ea0f918a987537e4585e7686db75a0d793f4be7f3afa9d4c01d0,375d688cf570c5c148326ceb1e716b3371412dac2b20dc07833f7aab9a895699,sha256:990074da2e00db3f43544556006cd9b56936f932d9d95f5ed395549e4d8b81d1,Omega_hat_StateSize,264,=,MEASURED,,python-cpython-program-state-v5,python-cpython-monitoring-state-v5,CPython 3.12.11,initial-next-opcode-mutation-boundary-return-v1,3,experiments/classic_algorithms_state_prediction/measurements/program-complexity/inside-loop-state/python/profiles.jsonl
program-complexity-normalized-v2,classic_algorithms_state_prediction,heap-sort,inside-loop-state,python,78b3c1e09271ea0f918a987537e4585e7686db75a0d793f4be7f3afa9d4c01d0,375d688cf570c5c148326ceb1e716b3371412dac2b20dc07833f7aab9a895699,sha256:990074da2e00db3f43544556006cd9b56936f932d9d95f5ed395549e4d8b81d1,Omega_hat_StateLoad,2145274,=,MEASURED,,python-cpython-program-state-sum-v1,python-cpython-monitoring-state-v5,CPython 3.12.11,initial-next-opcode-mutation-boundary-return-v1,3,experiments/classic_algorithms_state_prediction/measurements/program-complexity/inside-loop-state/python/profiles.jsonl
program-complexity-normalized-v2,classic_algorithms_state_prediction,heap-sort,post-loop-state,python,2041faaa0f86983ba48a134e8fe29ad3ef850791eb4d074869bfcf3679b119b3,375d688cf570c5c148326ceb1e716b3371412dac2b20dc07833f7aab9a895699,sha256:693717c03e39ad2c620a9149070664688ea23d5b9e60bfffab6d9d3851f53347,Omega_CC,8,=,MEASURED,,python-control-flow-v2,python-control-flow-v2,CPython 3.12.11,,1,experiments/classic_algorithms_state_prediction/measurements/program-complexity/post-loop-state/python/profiles.jsonl
program-complexity-normalized-v2,classic_algorithms_state_prediction,heap-sort,post-loop-state,python,2041faaa0f86983ba48a134e8fe29ad3ef850791eb4d074869bfcf3679b119b3,375d688cf570c5c148326ceb1e716b3371412dac2b20dc07833f7aab9a895699,sha256:693717c03e39ad2c620a9149070664688ea23d5b9e60bfffab6d9d3851f53347,Omega_hat_NativeTrace,100702,=,MEASURED,,python-cpython-monitoring-instruction-v2,python-cpython-monitoring-state-v5,CPython 3.12.11,python-cpython-monitoring-instruction-v2,3,experiments/classic_algorithms_state_prediction/measurements/program-complexity/post-loop-state/python/profiles.jsonl
program-complexity-normalized-v2,classic_algorithms_state_prediction,heap-sort,post-loop-state,python,2041faaa0f86983ba48a134e8fe29ad3ef850791eb4d074869bfcf3679b119b3,375d688cf570c5c148326ceb1e716b3371412dac2b20dc07833f7aab9a895699,sha256:693717c03e39ad2c620a9149070664688ea23d5b9e60bfffab6d9d3851f53347,Omega_hat_StateSize,263,=,MEASURED,,python-cpython-program-state-v5,python-cpython-monitoring-state-v5,CPython 3.12.11,initial-next-opcode-mutation-boundary-return-v1,3,experiments/classic_algorithms_state_prediction/measurements/program-complexity/post-loop-state/python/profiles.jsonl
program-complexity-normalized-v2,classic_algorithms_state_prediction,heap-sort,post-loop-state,python,2041faaa0f86983ba48a134e8fe29ad3ef850791eb4d074869bfcf3679b119b3,375d688cf570c5c148326ceb1e716b3371412dac2b20dc07833f7aab9a895699,sha256:693717c03e39ad2c620a9149070664688ea23d5b9e60bfffab6d9d3851f53347,Omega_hat_StateLoad,2416541,=,MEASURED,,python-cpython-program-state-sum-v1,python-cpython-monitoring-state-v5,CPython 3.12.11,initial-next-opcode-mutation-boundary-return-v1,3,experiments/classic_algorithms_state_prediction/measurements/program-complexity/post-loop-state/python/profiles.jsonl
program-complexity-normalized-v2,classic_algorithms_state_prediction,kahn-topological-sort,short-trace-final,python,18e976d43207ef76fad6b36bb92398545afc5e27fdae297e741a49b7020d0f54,e7d1cd3abf65aa0f2539eec64125281c554f12e5060619162370a0f432fd4c45,sha256:471a4647e4c69cc0c8dd69d419e1a3f872dfe1d6db3f23d4ebf300649d393bcb,Omega_CC,9,=,MEASURED,,python-control-flow-v2,python-control-flow-v2,CPython 3.12.11,,1,experiments/classic_algorithms_state_prediction/measurements/program-complexity/short-trace-final/python/profiles.jsonl
program-complexity-normalized-v2,classic_algorithms_state_prediction,kahn-topological-sort,short-trace-final,python,18e976d43207ef76fad6b36bb92398545afc5e27fdae297e741a49b7020d0f54,e7d1cd3abf65aa0f2539eec64125281c554f12e5060619162370a0f432fd4c45,sha256:471a4647e4c69cc0c8dd69d419e1a3f872dfe1d6db3f23d4ebf300649d393bcb,Omega_hat_NativeTrace,1514,=,MEASURED,,python-cpython-monitoring-instruction-v2,python-cpython-monitoring-state-v5,CPython 3.12.11,python-cpython-monitoring-instruction-v2,3,experiments/classic_algorithms_state_prediction/measurements/program-complexity/short-trace-final/python/profiles.jsonl
program-complexity-normalized-v2,classic_algorithms_state_prediction,kahn-topological-sort,short-trace-final,python,18e976d43207ef76fad6b36bb92398545afc5e27fdae297e741a49b7020d0f54,e7d1cd3abf65aa0f2539eec64125281c554f12e5060619162370a0f432fd4c45,sha256:471a4647e4c69cc0c8dd69d419e1a3f872dfe1d6db3f23d4ebf300649d393bcb,Omega_hat_StateSize,156,=,MEASURED,,python-cpython-program-state-v5,python-cpython-monitoring-state-v5,CPython 3.12.11,initial-next-opcode-mutation-boundary-return-v1,3,experiments/classic_algorithms_state_prediction/measurements/program-complexity/short-trace-final/python/profiles.jsonl
program-complexity-normalized-v2,classic_algorithms_state_prediction,kahn-topological-sort,short-trace-final,python,18e976d43207ef76fad6b36bb92398545afc5e27fdae297e741a49b7020d0f54,e7d1cd3abf65aa0f2539eec64125281c554f12e5060619162370a0f432fd4c45,sha256:471a4647e4c69cc0c8dd69d419e1a3f872dfe1d6db3f23d4ebf300649d393bcb,Omega_hat_StateLoad,32323,=,MEASURED,,python-cpython-program-state-sum-v1,python-cpython-monitoring-state-v5,CPython 3.12.11,initial-next-opcode-mutation-boundary-return-v1,3,experiments/classic_algorithms_state_prediction/measurements/program-complexity/short-trace-final/python/profiles.jsonl
program-complexity-normalized-v2,classic_algorithms_state_prediction,kahn-topological-sort,long-trace-final,python,18e976d43207ef76fad6b36bb92398545afc5e27fdae297e741a49b7020d0f54,14814b27c3c54d198567d3c892c791506b80e355accbacc5e3c7d16a8a6961d6,sha256:44ecc22a6451f6000669b7a5d4bf5c830c7da4af9d382392d0c10ccb5ac2ae21,Omega_CC,9,=,MEASURED,,python-control-flow-v2,python-control-flow-v2,CPython 3.12.11,,1,experiments/classic_algorithms_state_prediction/measurements/program-complexity/long-trace-final/python/profiles.jsonl
program-complexity-normalized-v2,classic_algorithms_state_prediction,kahn-topological-sort,long-trace-final,python,18e976d43207ef76fad6b36bb92398545afc5e27fdae297e741a49b7020d0f54,14814b27c3c54d198567d3c892c791506b80e355accbacc5e3c7d16a8a6961d6,sha256:44ecc22a6451f6000669b7a5d4bf5c830c7da4af9d382392d0c10ccb5ac2ae21,Omega_hat_NativeTrace,12820,=,MEASURED,,python-cpython-monitoring-instruction-v2,python-cpython-monitoring-state-v5,CPython 3.12.11,python-cpython-monitoring-instruction-v2,3,experiments/classic_algorithms_state_prediction/measurements/program-complexity/long-trace-final/python/profiles.jsonl
program-complexity-normalized-v2,classic_algorithms_state_prediction,kahn-topological-sort,long-trace-final,python,18e976d43207ef76fad6b36bb92398545afc5e27fdae297e741a49b7020d0f54,14814b27c3c54d198567d3c892c791506b80e355accbacc5e3c7d16a8a6961d6,sha256:44ecc22a6451f6000669b7a5d4bf5c830c7da4af9d382392d0c10ccb5ac2ae21,Omega_hat_StateSize,1229,=,MEASURED,,python-cpython-program-state-v5,python-cpython-monitoring-state-v5,CPython 3.12.11,initial-next-opcode-mutation-boundary-return-v1,3,experiments/classic_algorithms_state_prediction/measurements/program-complexity/long-trace-final/python/profiles.jsonl
program-complexity-normalized-v2,classic_algorithms_state_prediction,kahn-topological-sort,long-trace-final,python,18e976d43207ef76fad6b36bb92398545afc5e27fdae297e741a49b7020d0f54,14814b27c3c54d198567d3c892c791506b80e355accbacc5e3c7d16a8a6961d6,sha256:44ecc22a6451f6000669b7a5d4bf5c830c7da4af9d382392d0c10ccb5ac2ae21,Omega_hat_StateLoad,2135928,=,MEASURED,,python-cpython-program-state-sum-v1,python-cpython-monitoring-state-v5,CPython 3.12.11,initial-next-opcode-mutation-boundary-return-v1,3,experiments/classic_algorithms_state_prediction/measurements/program-complexity/long-trace-final/python/profiles.jsonl
program-complexity-normalized-v2,classic_algorithms_state_prediction,kahn-topological-sort,inside-loop-state,python,a4b7d9eee31b355e0c27c95363cf889382589cf0fc7166736bfdd07345862c2c,14814b27c3c54d198567d3c892c791506b80e355accbacc5e3c7d16a8a6961d6,sha256:a36887e988bf05fca6ebb88d9725dfd9056a76315cb726bd99d10c7e2e7ada0b,Omega_CC,10,=,MEASURED,,python-control-flow-v2,python-control-flow-v2,CPython 3.12.11,,1,experiments/classic_algorithms_state_prediction/measurements/program-complexity/inside-loop-state/python/profiles.jsonl
program-complexity-normalized-v2,classic_algorithms_state_prediction,kahn-topological-sort,inside-loop-state,python,a4b7d9eee31b355e0c27c95363cf889382589cf0fc7166736bfdd07345862c2c,14814b27c3c54d198567d3c892c791506b80e355accbacc5e3c7d16a8a6961d6,sha256:a36887e988bf05fca6ebb88d9725dfd9056a76315cb726bd99d10c7e2e7ada0b,Omega_hat_NativeTrace,12710,=,MEASURED,,python-cpython-monitoring-instruction-v2,python-cpython-monitoring-state-v5,CPython 3.12.11,python-cpython-monitoring-instruction-v2,3,experiments/classic_algorithms_state_prediction/measurements/program-complexity/inside-loop-state/python/profiles.jsonl
program-complexity-normalized-v2,classic_algorithms_state_prediction,kahn-topological-sort,inside-loop-state,python,a4b7d9eee31b355e0c27c95363cf889382589cf0fc7166736bfdd07345862c2c,14814b27c3c54d198567d3c892c791506b80e355accbacc5e3c7d16a8a6961d6,sha256:a36887e988bf05fca6ebb88d9725dfd9056a76315cb726bd99d10c7e2e7ada0b,Omega_hat_StateSize,1212,=,MEASURED,,python-cpython-program-state-v5,python-cpython-monitoring-state-v5,CPython 3.12.11,initial-next-opcode-mutation-boundary-return-v1,3,experiments/classic_algorithms_state_prediction/measurements/program-complexity/inside-loop-state/python/profiles.jsonl
program-complexity-normalized-v2,classic_algorithms_state_prediction,kahn-topological-sort,inside-loop-state,python,a4b7d9eee31b355e0c27c95363cf889382589cf0fc7166736bfdd07345862c2c,14814b27c3c54d198567d3c892c791506b80e355accbacc5e3c7d16a8a6961d6,sha256:a36887e988bf05fca6ebb88d9725dfd9056a76315cb726bd99d10c7e2e7ada0b,Omega_hat_StateLoad,2111671,=,MEASURED,,python-cpython-program-state-sum-v1,python-cpython-monitoring-state-v5,CPython 3.12.11,initial-next-opcode-mutation-boundary-return-v1,3,experiments/classic_algorithms_state_prediction/measurements/program-complexity/inside-loop-state/python/profiles.jsonl
program-complexity-normalized-v2,classic_algorithms_state_prediction,kahn-topological-sort,post-loop-state,python,7d330c8ead4f138ee8188b1a8237caeee4eff2da7cef70ad5c025c183d6d5e7d,14814b27c3c54d198567d3c892c791506b80e355accbacc5e3c7d16a8a6961d6,sha256:ac171f56605f5a41c959c673610cf26bfb8f5f5b7ed9dc51e57d21a76274cfec,Omega_CC,9,=,MEASURED,,python-control-flow-v2,python-control-flow-v2,CPython 3.12.11,,1,experiments/classic_algorithms_state_prediction/measurements/program-complexity/post-loop-state/python/profiles.jsonl
program-complexity-normalized-v2,classic_algorithms_state_prediction,kahn-topological-sort,post-loop-state,python,7d330c8ead4f138ee8188b1a8237caeee4eff2da7cef70ad5c025c183d6d5e7d,14814b27c3c54d198567d3c892c791506b80e355accbacc5e3c7d16a8a6961d6,sha256:ac171f56605f5a41c959c673610cf26bfb8f5f5b7ed9dc51e57d21a76274cfec,Omega_hat_NativeTrace,12825,=,MEASURED,,python-cpython-monitoring-instruction-v2,python-cpython-monitoring-state-v5,CPython 3.12.11,python-cpython-monitoring-instruction-v2,3,experiments/classic_algorithms_state_prediction/measurements/program-complexity/post-loop-state/python/profiles.jsonl
program-complexity-normalized-v2,classic_algorithms_state_prediction,kahn-topological-sort,post-loop-state,python,7d330c8ead4f138ee8188b1a8237caeee4eff2da7cef70ad5c025c183d6d5e7d,14814b27c3c54d198567d3c892c791506b80e355accbacc5e3c7d16a8a6961d6,sha256:ac171f56605f5a41c959c673610cf26bfb8f5f5b7ed9dc51e57d21a76274cfec,Omega_hat_StateSize,1229,=,MEASURED,,python-cpython-program-state-v5,python-cpython-monitoring-state-v5,CPython 3.12.11,initial-next-opcode-mutation-boundary-return-v1,3,experiments/classic_algorithms_state_prediction/measurements/program-complexity/post-loop-state/python/profiles.jsonl
program-complexity-normalized-v2,classic_algorithms_state_prediction,kahn-topological-sort,post-loop-state,python,7d330c8ead4f138ee8188b1a8237caeee4eff2da7cef70ad5c025c183d6d5e7d,14814b27c3c54d198567d3c892c791506b80e355accbacc5e3c7d16a8a6961d6,sha256:ac171f56605f5a41c959c673610cf26bfb8f5f5b7ed9dc51e57d21a76274cfec,Omega_hat_StateLoad,2135928,=,MEASURED,,python-cpython-program-state-sum-v1,python-cpython-monitoring-state-v5,CPython 3.12.11,initial-next-opcode-mutation-boundary-return-v1,3,experiments/classic_algorithms_state_prediction/measurements/program-complexity/post-loop-state/python/profiles.jsonl
program-complexity-normalized-v2,classic_algorithms_state_prediction,kmp,short-trace-final,python,b4700940ad6cafd04aab7803999236ce4116db225a957d6d5986d16bfdc5ed83,41dfa217f4ab53aaca4a3cbd47d8d1a7e13a7ee66ae4a10a871d5c5acd7fd992,sha256:aab02d33b9cc7908ba30b0bc1d22ce0483e432431e33bf1fcbd67b9595b73c71,Omega_CC,11,=,MEASURED,,python-control-flow-v2,python-control-flow-v2,CPython 3.12.11,,1,experiments/classic_algorithms_state_prediction/measurements/program-complexity/short-trace-final/python/profiles.jsonl
program-complexity-normalized-v2,classic_algorithms_state_prediction,kmp,short-trace-final,python,b4700940ad6cafd04aab7803999236ce4116db225a957d6d5986d16bfdc5ed83,41dfa217f4ab53aaca4a3cbd47d8d1a7e13a7ee66ae4a10a871d5c5acd7fd992,sha256:aab02d33b9cc7908ba30b0bc1d22ce0483e432431e33bf1fcbd67b9595b73c71,Omega_hat_NativeTrace,1900,=,MEASURED,,python-cpython-monitoring-instruction-v2,python-cpython-monitoring-state-v5,CPython 3.12.11,python-cpython-monitoring-instruction-v2,3,experiments/classic_algorithms_state_prediction/measurements/program-complexity/short-trace-final/python/profiles.jsonl
program-complexity-normalized-v2,classic_algorithms_state_prediction,kmp,short-trace-final,python,b4700940ad6cafd04aab7803999236ce4116db225a957d6d5986d16bfdc5ed83,41dfa217f4ab53aaca4a3cbd47d8d1a7e13a7ee66ae4a10a871d5c5acd7fd992,sha256:aab02d33b9cc7908ba30b0bc1d22ce0483e432431e33bf1fcbd67b9595b73c71,Omega_hat_StateSize,83,=,MEASURED,,python-cpython-program-state-v5,python-cpython-monitoring-state-v5,CPython 3.12.11,initial-next-opcode-mutation-boundary-return-v1,3,experiments/classic_algorithms_state_prediction/measurements/program-complexity/short-trace-final/python/profiles.jsonl
program-complexity-normalized-v2,classic_algorithms_state_prediction,kmp,short-trace-final,python,b4700940ad6cafd04aab7803999236ce4116db225a957d6d5986d16bfdc5ed83,41dfa217f4ab53aaca4a3cbd47d8d1a7e13a7ee66ae4a10a871d5c5acd7fd992,sha256:aab02d33b9cc7908ba30b0bc1d22ce0483e432431e33bf1fcbd67b9595b73c71,Omega_hat_StateLoad,20024,=,MEASURED,,python-cpython-program-state-sum-v1,python-cpython-monitoring-state-v5,CPython 3.12.11,initial-next-opcode-mutation-boundary-return-v1,3,experiments/classic_algorithms_state_prediction/measurements/program-complexity/short-trace-final/python/profiles.jsonl
program-complexity-normalized-v2,classic_algorithms_state_prediction,kmp,long-trace-final,python,b4700940ad6cafd04aab7803999236ce4116db225a957d6d5986d16bfdc5ed83,89d5c5f285f009362c157a631d48a9ce8dda1971e339c8b6f51645ea01a7b9a9,sha256:c3addd0b022106beecb9c89ac4eb1d16757e6b0202fd830cfb1332df9cc0c58e,Omega_CC,11,=,MEASURED,,python-control-flow-v2,python-control-flow-v2,CPython 3.12.11,,1,experiments/classic_algorithms_state_prediction/measurements/program-complexity/long-trace-final/python/profiles.jsonl
program-complexity-normalized-v2,classic_algorithms_state_prediction,kmp,long-trace-final,python,b4700940ad6cafd04aab7803999236ce4116db225a957d6d5986d16bfdc5ed83,89d5c5f285f009362c157a631d48a9ce8dda1971e339c8b6f51645ea01a7b9a9,sha256:c3addd0b022106beecb9c89ac4eb1d16757e6b0202fd830cfb1332df9cc0c58e,Omega_hat_NativeTrace,6823,=,MEASURED,,python-cpython-monitoring-instruction-v2,python-cpython-monitoring-state-v5,CPython 3.12.11,python-cpython-monitoring-instruction-v2,3,experiments/classic_algorithms_state_prediction/measurements/program-complexity/long-trace-final/python/profiles.jsonl
program-complexity-normalized-v2,classic_algorithms_state_prediction,kmp,long-trace-final,python,b4700940ad6cafd04aab7803999236ce4116db225a957d6d5986d16bfdc5ed83,89d5c5f285f009362c157a631d48a9ce8dda1971e339c8b6f51645ea01a7b9a9,sha256:c3addd0b022106beecb9c89ac4eb1d16757e6b0202fd830cfb1332df9cc0c58e,Omega_hat_StateSize,262,=,MEASURED,,python-cpython-program-state-v5,python-cpython-monitoring-state-v5,CPython 3.12.11,initial-next-opcode-mutation-boundary-return-v1,3,experiments/classic_algorithms_state_prediction/measurements/program-complexity/long-trace-final/python/profiles.jsonl
program-complexity-normalized-v2,classic_algorithms_state_prediction,kmp,long-trace-final,python,b4700940ad6cafd04aab7803999236ce4116db225a957d6d5986d16bfdc5ed83,89d5c5f285f009362c157a631d48a9ce8dda1971e339c8b6f51645ea01a7b9a9,sha256:c3addd0b022106beecb9c89ac4eb1d16757e6b0202fd830cfb1332df9cc0c58e,Omega_hat_StateLoad,220855,=,MEASURED,,python-cpython-program-state-sum-v1,python-cpython-monitoring-state-v5,CPython 3.12.11,initial-next-opcode-mutation-boundary-return-v1,3,experiments/classic_algorithms_state_prediction/measurements/program-complexity/long-trace-final/python/profiles.jsonl
program-complexity-normalized-v2,classic_algorithms_state_prediction,kmp,inside-loop-state,python,22a610bfbae56d26f46ab8d75772412515db3376471aed6d8bc9856d9fa6dc72,89d5c5f285f009362c157a631d48a9ce8dda1971e339c8b6f51645ea01a7b9a9,sha256:162103f736289fe8e594efe164cfa08d5a48e6e59403eb2226ef60579bfdbca1,Omega_CC,12,=,MEASURED,,python-control-flow-v2,python-control-flow-v2,CPython 3.12.11,,1,experiments/classic_algorithms_state_prediction/measurements/program-complexity/inside-loop-state/python/profiles.jsonl
program-complexity-normalized-v2,classic_algorithms_state_prediction,kmp,inside-loop-state,python,22a610bfbae56d26f46ab8d75772412515db3376471aed6d8bc9856d9fa6dc72,89d5c5f285f009362c157a631d48a9ce8dda1971e339c8b6f51645ea01a7b9a9,sha256:162103f736289fe8e594efe164cfa08d5a48e6e59403eb2226ef60579bfdbca1,Omega_hat_NativeTrace,6664,=,MEASURED,,python-cpython-monitoring-instruction-v2,python-cpython-monitoring-state-v5,CPython 3.12.11,python-cpython-monitoring-instruction-v2,3,experiments/classic_algorithms_state_prediction/measurements/program-complexity/inside-loop-state/python/profiles.jsonl
program-complexity-normalized-v2,classic_algorithms_state_prediction,kmp,inside-loop-state,python,22a610bfbae56d26f46ab8d75772412515db3376471aed6d8bc9856d9fa6dc72,89d5c5f285f009362c157a631d48a9ce8dda1971e339c8b6f51645ea01a7b9a9,sha256:162103f736289fe8e594efe164cfa08d5a48e6e59403eb2226ef60579bfdbca1,Omega_hat_StateSize,262,=,MEASURED,,python-cpython-program-state-v5,python-cpython-monitoring-state-v5,CPython 3.12.11,initial-next-opcode-mutation-boundary-return-v1,3,experiments/classic_algorithms_state_prediction/measurements/program-complexity/inside-loop-state/python/profiles.jsonl
program-complexity-normalized-v2,classic_algorithms_state_prediction,kmp,inside-loop-state,python,22a610bfbae56d26f46ab8d75772412515db3376471aed6d8bc9856d9fa6dc72,89d5c5f285f009362c157a631d48a9ce8dda1971e339c8b6f51645ea01a7b9a9,sha256:162103f736289fe8e594efe164cfa08d5a48e6e59403eb2226ef60579bfdbca1,Omega_hat_StateLoad,216819,=,MEASURED,,python-cpython-program-state-sum-v1,python-cpython-monitoring-state-v5,CPython 3.12.11,initial-next-opcode-mutation-boundary-return-v1,3,experiments/classic_algorithms_state_prediction/measurements/program-complexity/inside-loop-state/python/profiles.jsonl
program-complexity-normalized-v2,classic_algorithms_state_prediction,kmp,post-loop-state,python,b3bb57e9b16e00d537e4a42477400e54953259bb89fd4bd5b0c02004fdcb3e2e,89d5c5f285f009362c157a631d48a9ce8dda1971e339c8b6f51645ea01a7b9a9,sha256:489d9f909ce8d389e02279e5acbd3bc36c22b2395b7c59b04d561db245fc80c6,Omega_CC,11,=,MEASURED,,python-control-flow-v2,python-control-flow-v2,CPython 3.12.11,,1,experiments/classic_algorithms_state_prediction/measurements/program-complexity/post-loop-state/python/profiles.jsonl
program-complexity-normalized-v2,classic_algorithms_state_prediction,kmp,post-loop-state,python,b3bb57e9b16e00d537e4a42477400e54953259bb89fd4bd5b0c02004fdcb3e2e,89d5c5f285f009362c157a631d48a9ce8dda1971e339c8b6f51645ea01a7b9a9,sha256:489d9f909ce8d389e02279e5acbd3bc36c22b2395b7c59b04d561db245fc80c6,Omega_hat_NativeTrace,6830,=,MEASURED,,python-cpython-monitoring-instruction-v2,python-cpython-monitoring-state-v5,CPython 3.12.11,python-cpython-monitoring-instruction-v2,3,experiments/classic_algorithms_state_prediction/measurements/program-complexity/post-loop-state/python/profiles.jsonl
program-complexity-normalized-v2,classic_algorithms_state_prediction,kmp,post-loop-state,python,b3bb57e9b16e00d537e4a42477400e54953259bb89fd4bd5b0c02004fdcb3e2e,89d5c5f285f009362c157a631d48a9ce8dda1971e339c8b6f51645ea01a7b9a9,sha256:489d9f909ce8d389e02279e5acbd3bc36c22b2395b7c59b04d561db245fc80c6,Omega_hat_StateSize,262,=,MEASURED,,python-cpython-program-state-v5,python-cpython-monitoring-state-v5,CPython 3.12.11,initial-next-opcode-mutation-boundary-return-v1,3,experiments/classic_algorithms_state_prediction/measurements/program-complexity/post-loop-state/python/profiles.jsonl
program-complexity-normalized-v2,classic_algorithms_state_prediction,kmp,post-loop-state,python,b3bb57e9b16e00d537e4a42477400e54953259bb89fd4bd5b0c02004fdcb3e2e,89d5c5f285f009362c157a631d48a9ce8dda1971e339c8b6f51645ea01a7b9a9,sha256:489d9f909ce8d389e02279e5acbd3bc36c22b2395b7c59b04d561db245fc80c6,Omega_hat_StateLoad,220855,=,MEASURED,,python-cpython-program-state-sum-v1,python-cpython-monitoring-state-v5,CPython 3.12.11,initial-next-opcode-mutation-boundary-return-v1,3,experiments/classic_algorithms_state_prediction/measurements/program-complexity/post-loop-state/python/profiles.jsonl
program-complexity-normalized-v2,classic_algorithms_state_prediction,knapsack-01,short-trace-final,python,809be7ddafb4c42e254cecf64d6162bfce7e6790c438ffc840d5de7d691771a2,87994656ecedab86685628a85187a65c2d14b13794c4f15debcc4332f40caf18,sha256:e97ae983f0050aa4e724ba72ee5f5c0049cb509c0477ed6c96a683cee19ad57b,Omega_CC,6,=,MEASURED,,python-control-flow-v2,python-control-flow-v2,CPython 3.12.11,,1,experiments/classic_algorithms_state_prediction/measurements/program-complexity/short-trace-final/python/profiles.jsonl
program-complexity-normalized-v2,classic_algorithms_state_prediction,knapsack-01,short-trace-final,python,809be7ddafb4c42e254cecf64d6162bfce7e6790c438ffc840d5de7d691771a2,87994656ecedab86685628a85187a65c2d14b13794c4f15debcc4332f40caf18,sha256:e97ae983f0050aa4e724ba72ee5f5c0049cb509c0477ed6c96a683cee19ad57b,Omega_hat_NativeTrace,5158,=,MEASURED,,python-cpython-monitoring-instruction-v2,python-cpython-monitoring-state-v5,CPython 3.12.11,python-cpython-monitoring-instruction-v2,3,experiments/classic_algorithms_state_prediction/measurements/program-complexity/short-trace-final/python/profiles.jsonl
program-complexity-normalized-v2,classic_algorithms_state_prediction,knapsack-01,short-trace-final,python,809be7ddafb4c42e254cecf64d6162bfce7e6790c438ffc840d5de7d691771a2,87994656ecedab86685628a85187a65c2d14b13794c4f15debcc4332f40caf18,sha256:e97ae983f0050aa4e724ba72ee5f5c0049cb509c0477ed6c96a683cee19ad57b,Omega_hat_StateSize,63,=,MEASURED,,python-cpython-program-state-v5,python-cpython-monitoring-state-v5,CPython 3.12.11,initial-next-opcode-mutation-boundary-return-v1,3,experiments/classic_algorithms_state_prediction/measurements/program-complexity/short-trace-final/python/profiles.jsonl
program-complexity-normalized-v2,classic_algorithms_state_prediction,knapsack-01,short-trace-final,python,809be7ddafb4c42e254cecf64d6162bfce7e6790c438ffc840d5de7d691771a2,87994656ecedab86685628a85187a65c2d14b13794c4f15debcc4332f40caf18,sha256:e97ae983f0050aa4e724ba72ee5f5c0049cb509c0477ed6c96a683cee19ad57b,Omega_hat_StateLoad,44541,=,MEASURED,,python-cpython-program-state-sum-v1,python-cpython-monitoring-state-v5,CPython 3.12.11,initial-next-opcode-mutation-boundary-return-v1,3,experiments/classic_algorithms_state_prediction/measurements/program-complexity/short-trace-final/python/profiles.jsonl
program-complexity-normalized-v2,classic_algorithms_state_prediction,knapsack-01,long-trace-final,python,809be7ddafb4c42e254cecf64d6162bfce7e6790c438ffc840d5de7d691771a2,b329bccfa229852f5f919d5b9c270354b1e8300358775956df4959c2ccad6022,sha256:84b1012112314b9658eb58d45310eb7fd7ac091e779045bafd6093b8f1021819,Omega_CC,6,=,MEASURED,,python-control-flow-v2,python-control-flow-v2,CPython 3.12.11,,1,experiments/classic_algorithms_state_prediction/measurements/program-complexity/long-trace-final/python/profiles.jsonl
program-complexity-normalized-v2,classic_algorithms_state_prediction,knapsack-01,long-trace-final,python,809be7ddafb4c42e254cecf64d6162bfce7e6790c438ffc840d5de7d691771a2,b329bccfa229852f5f919d5b9c270354b1e8300358775956df4959c2ccad6022,sha256:84b1012112314b9658eb58d45310eb7fd7ac091e779045bafd6093b8f1021819,Omega_hat_NativeTrace,41382,=,MEASURED,,python-cpython-monitoring-instruction-v2,python-cpython-monitoring-state-v5,CPython 3.12.11,python-cpython-monitoring-instruction-v2,3,experiments/classic_algorithms_state_prediction/measurements/program-complexity/long-trace-final/python/profiles.jsonl
program-complexity-normalized-v2,classic_algorithms_state_prediction,knapsack-01,long-trace-final,python,809be7ddafb4c42e254cecf64d6162bfce7e6790c438ffc840d5de7d691771a2,b329bccfa229852f5f919d5b9c270354b1e8300358775956df4959c2ccad6022,sha256:84b1012112314b9658eb58d45310eb7fd7ac091e779045bafd6093b8f1021819,Omega_hat_StateSize,169,=,MEASURED,,python-cpython-program-state-v5,python-cpython-monitoring-state-v5,CPython 3.12.11,initial-next-opcode-mutation-boundary-return-v1,3,experiments/classic_algorithms_state_prediction/measurements/program-complexity/long-trace-final/python/profiles.jsonl
program-complexity-normalized-v2,classic_algorithms_state_prediction,knapsack-01,long-trace-final,python,809be7ddafb4c42e254cecf64d6162bfce7e6790c438ffc840d5de7d691771a2,b329bccfa229852f5f919d5b9c270354b1e8300358775956df4959c2ccad6022,sha256:84b1012112314b9658eb58d45310eb7fd7ac091e779045bafd6093b8f1021819,Omega_hat_StateLoad,956341,=,MEASURED,,python-cpython-program-state-sum-v1,python-cpython-monitoring-state-v5,CPython 3.12.11,initial-next-opcode-mutation-boundary-return-v1,3,experiments/classic_algorithms_state_prediction/measurements/program-complexity/long-trace-final/python/profiles.jsonl
program-complexity-normalized-v2,classic_algorithms_state_prediction,knapsack-01,inside-loop-state,python,6272e748c0f68af8eed9b160b3320792f6d55f1321d6fa8dd1e379f2d9676824,b329bccfa229852f5f919d5b9c270354b1e8300358775956df4959c2ccad6022,sha256:db45dbdf0392ea0fe9d3b3f56440bc91561fa29f3c772874016a2256df63055b,Omega_CC,7,=,MEASURED,,python-control-flow-v2,python-control-flow-v2,CPython 3.12.11,,1,experiments/classic_algorithms_state_prediction/measurements/program-complexity/inside-loop-state/python/profiles.jsonl
program-complexity-normalized-v2,classic_algorithms_state_prediction,knapsack-01,inside-loop-state,python,6272e748c0f68af8eed9b160b3320792f6d55f1321d6fa8dd1e379f2d9676824,b329bccfa229852f5f919d5b9c270354b1e8300358775956df4959c2ccad6022,sha256:db45dbdf0392ea0fe9d3b3f56440bc91561fa29f3c772874016a2256df63055b,Omega_hat_NativeTrace,44778,=,MEASURED,,python-cpython-monitoring-instruction-v2,python-cpython-monitoring-state-v5,CPython 3.12.11,python-cpython-monitoring-instruction-v2,3,experiments/classic_algorithms_state_prediction/measurements/program-complexity/inside-loop-state/python/profiles.jsonl
program-complexity-normalized-v2,classic_algorithms_state_prediction,knapsack-01,inside-loop-state,python,6272e748c0f68af8eed9b160b3320792f6d55f1321d6fa8dd1e379f2d9676824,b329bccfa229852f5f919d5b9c270354b1e8300358775956df4959c2ccad6022,sha256:db45dbdf0392ea0fe9d3b3f56440bc91561fa29f3c772874016a2256df63055b,Omega_hat_StateSize,170,=,MEASURED,,python-cpython-program-state-v5,python-cpython-monitoring-state-v5,CPython 3.12.11,initial-next-opcode-mutation-boundary-return-v1,3,experiments/classic_algorithms_state_prediction/measurements/program-complexity/inside-loop-state/python/profiles.jsonl
program-complexity-normalized-v2,classic_algorithms_state_prediction,knapsack-01,inside-loop-state,python,6272e748c0f68af8eed9b160b3320792f6d55f1321d6fa8dd1e379f2d9676824,b329bccfa229852f5f919d5b9c270354b1e8300358775956df4959c2ccad6022,sha256:db45dbdf0392ea0fe9d3b3f56440bc91561fa29f3c772874016a2256df63055b,Omega_hat_StateLoad,1014996,=,MEASURED,,python-cpython-program-state-sum-v1,python-cpython-monitoring-state-v5,CPython 3.12.11,initial-next-opcode-mutation-boundary-return-v1,3,experiments/classic_algorithms_state_prediction/measurements/program-complexity/inside-loop-state/python/profiles.jsonl
program-complexity-normalized-v2,classic_algorithms_state_prediction,knapsack-01,post-loop-state,python,dfc5c64c71a15d2c899116d090f663f981e816cfc7395e989a8991c2d2123474,b329bccfa229852f5f919d5b9c270354b1e8300358775956df4959c2ccad6022,sha256:32dadbf8237436b24c36b18e4b81655d3c93df6a20683e44d244f5bfdb68be06,Omega_CC,6,=,MEASURED,,python-control-flow-v2,python-control-flow-v2,CPython 3.12.11,,1,experiments/classic_algorithms_state_prediction/measurements/program-complexity/post-loop-state/python/profiles.jsonl
program-complexity-normalized-v2,classic_algorithms_state_prediction,knapsack-01,post-loop-state,python,dfc5c64c71a15d2c899116d090f663f981e816cfc7395e989a8991c2d2123474,b329bccfa229852f5f919d5b9c270354b1e8300358775956df4959c2ccad6022,sha256:32dadbf8237436b24c36b18e4b81655d3c93df6a20683e44d244f5bfdb68be06,Omega_hat_NativeTrace,41393,=,MEASURED,,python-cpython-monitoring-instruction-v2,python-cpython-monitoring-state-v5,CPython 3.12.11,python-cpython-monitoring-instruction-v2,3,experiments/classic_algorithms_state_prediction/measurements/program-complexity/post-loop-state/python/profiles.jsonl
program-complexity-normalized-v2,classic_algorithms_state_prediction,knapsack-01,post-loop-state,python,dfc5c64c71a15d2c899116d090f663f981e816cfc7395e989a8991c2d2123474,b329bccfa229852f5f919d5b9c270354b1e8300358775956df4959c2ccad6022,sha256:32dadbf8237436b24c36b18e4b81655d3c93df6a20683e44d244f5bfdb68be06,Omega_hat_StateSize,169,=,MEASURED,,python-cpython-program-state-v5,python-cpython-monitoring-state-v5,CPython 3.12.11,initial-next-opcode-mutation-boundary-return-v1,3,experiments/classic_algorithms_state_prediction/measurements/program-complexity/post-loop-state/python/profiles.jsonl
program-complexity-normalized-v2,classic_algorithms_state_prediction,knapsack-01,post-loop-state,python,dfc5c64c71a15d2c899116d090f663f981e816cfc7395e989a8991c2d2123474,b329bccfa229852f5f919d5b9c270354b1e8300358775956df4959c2ccad6022,sha256:32dadbf8237436b24c36b18e4b81655d3c93df6a20683e44d244f5bfdb68be06,Omega_hat_StateLoad,956510,=,MEASURED,,python-cpython-program-state-sum-v1,python-cpython-monitoring-state-v5,CPython 3.12.11,initial-next-opcode-mutation-boundary-return-v1,3,experiments/classic_algorithms_state_prediction/measurements/program-complexity/post-loop-state/python/profiles.jsonl
program-complexity-normalized-v2,classic_algorithms_state_prediction,kruskal,short-trace-final,python,4c5efc7a8fc8d5dcff19f4f6a7300d622046c65a88a6de1dfe30b11e46f1c275,c64733f9a915e0ebbe34333c070e48f7089c1f6a246e5b79048a7b308fa4e042,sha256:0f13b9fbe9068ab43a6fe9a35512e4d6a86772d379bdd44a5703a35ddb84f330,Omega_CC,7,=,MEASURED,,python-control-flow-v2,python-control-flow-v2,CPython 3.12.11,,1,experiments/classic_algorithms_state_prediction/measurements/program-complexity/short-trace-final/python/profiles.jsonl
program-complexity-normalized-v2,classic_algorithms_state_prediction,kruskal,short-trace-final,python,4c5efc7a8fc8d5dcff19f4f6a7300d622046c65a88a6de1dfe30b11e46f1c275,c64733f9a915e0ebbe34333c070e48f7089c1f6a246e5b79048a7b308fa4e042,sha256:0f13b9fbe9068ab43a6fe9a35512e4d6a86772d379bdd44a5703a35ddb84f330,Omega_hat_NativeTrace,2936,=,MEASURED,,python-cpython-monitoring-instruction-v2,python-cpython-monitoring-state-v5,CPython 3.12.11,python-cpython-monitoring-instruction-v2,3,experiments/classic_algorithms_state_prediction/measurements/program-complexity/short-trace-final/python/profiles.jsonl
program-complexity-normalized-v2,classic_algorithms_state_prediction,kruskal,short-trace-final,python,4c5efc7a8fc8d5dcff19f4f6a7300d622046c65a88a6de1dfe30b11e46f1c275,c64733f9a915e0ebbe34333c070e48f7089c1f6a246e5b79048a7b308fa4e042,sha256:0f13b9fbe9068ab43a6fe9a35512e4d6a86772d379bdd44a5703a35ddb84f330,Omega_hat_StateSize,219,=,MEASURED,,python-cpython-program-state-v5,python-cpython-monitoring-state-v5,CPython 3.12.11,initial-next-opcode-mutation-boundary-return-v1,3,experiments/classic_algorithms_state_prediction/measurements/program-complexity/short-trace-final/python/profiles.jsonl
program-complexity-normalized-v2,classic_algorithms_state_prediction,kruskal,short-trace-final,python,4c5efc7a8fc8d5dcff19f4f6a7300d622046c65a88a6de1dfe30b11e46f1c275,c64733f9a915e0ebbe34333c070e48f7089c1f6a246e5b79048a7b308fa4e042,sha256:0f13b9fbe9068ab43a6fe9a35512e4d6a86772d379bdd44a5703a35ddb84f330,Omega_hat_StateLoad,121508,=,MEASURED,,python-cpython-program-state-sum-v1,python-cpython-monitoring-state-v5,CPython 3.12.11,initial-next-opcode-mutation-boundary-return-v1,3,experiments/classic_algorithms_state_prediction/measurements/program-complexity/short-trace-final/python/profiles.jsonl
program-complexity-normalized-v2,classic_algorithms_state_prediction,kruskal,long-trace-final,python,4c5efc7a8fc8d5dcff19f4f6a7300d622046c65a88a6de1dfe30b11e46f1c275,a2de88e68d88a6320a4adc77053dbe80923a7458ddc5444c1c8704eb66d098f4,sha256:0b7f6b08cde38a2d79e8eb55077c7b1098f662df151030035e8df7551849b289,Omega_CC,7,=,MEASURED,,python-control-flow-v2,python-control-flow-v2,CPython 3.12.11,,1,experiments/classic_algorithms_state_prediction/measurements/program-complexity/long-trace-final/python/profiles.jsonl
program-complexity-normalized-v2,classic_algorithms_state_prediction,kruskal,long-trace-final,python,4c5efc7a8fc8d5dcff19f4f6a7300d622046c65a88a6de1dfe30b11e46f1c275,a2de88e68d88a6320a4adc77053dbe80923a7458ddc5444c1c8704eb66d098f4,sha256:0b7f6b08cde38a2d79e8eb55077c7b1098f662df151030035e8df7551849b289,Omega_hat_NativeTrace,21517,=,MEASURED,,python-cpython-monitoring-instruction-v2,python-cpython-monitoring-state-v5,CPython 3.12.11,python-cpython-monitoring-instruction-v2,3,experiments/classic_algorithms_state_prediction/measurements/program-complexity/long-trace-final/python/profiles.jsonl
program-complexity-normalized-v2,classic_algorithms_state_prediction,kruskal,long-trace-final,python,4c5efc7a8fc8d5dcff19f4f6a7300d622046c65a88a6de1dfe30b11e46f1c275,a2de88e68d88a6320a4adc77053dbe80923a7458ddc5444c1c8704eb66d098f4,sha256:0b7f6b08cde38a2d79e8eb55077c7b1098f662df151030035e8df7551849b289,Omega_hat_StateSize,1259,=,MEASURED,,python-cpython-program-state-v5,python-cpython-monitoring-state-v5,CPython 3.12.11,initial-next-opcode-mutation-boundary-return-v1,3,experiments/classic_algorithms_state_prediction/measurements/program-complexity/long-trace-final/python/profiles.jsonl
program-complexity-normalized-v2,classic_algorithms_state_prediction,kruskal,long-trace-final,python,4c5efc7a8fc8d5dcff19f4f6a7300d622046c65a88a6de1dfe30b11e46f1c275,a2de88e68d88a6320a4adc77053dbe80923a7458ddc5444c1c8704eb66d098f4,sha256:0b7f6b08cde38a2d79e8eb55077c7b1098f662df151030035e8df7551849b289,Omega_hat_StateLoad,5346530,=,MEASURED,,python-cpython-program-state-sum-v1,python-cpython-monitoring-state-v5,CPython 3.12.11,initial-next-opcode-mutation-boundary-return-v1,3,experiments/classic_algorithms_state_prediction/measurements/program-complexity/long-trace-final/python/profiles.jsonl
program-complexity-normalized-v2,classic_algorithms_state_prediction,kruskal,inside-loop-state,python,629397f63efc859fe9cfe0e33034a4c6023c67e0967a9aeb3828a3b18db1e4e9,a2de88e68d88a6320a4adc77053dbe80923a7458ddc5444c1c8704eb66d098f4,sha256:f25996eaf52464372f0634525f65e95f5fd5539f7d5309678b89ca9d04852ff9,Omega_CC,8,=,MEASURED,,python-control-flow-v2,python-control-flow-v2,CPython 3.12.11,,1,experiments/classic_algorithms_state_prediction/measurements/program-complexity/inside-loop-state/python/profiles.jsonl
program-complexity-normalized-v2,classic_algorithms_state_prediction,kruskal,inside-loop-state,python,629397f63efc859fe9cfe0e33034a4c6023c67e0967a9aeb3828a3b18db1e4e9,a2de88e68d88a6320a4adc77053dbe80923a7458ddc5444c1c8704eb66d098f4,sha256:f25996eaf52464372f0634525f65e95f5fd5539f7d5309678b89ca9d04852ff9,Omega_hat_NativeTrace,5110,=,MEASURED,,python-cpython-monitoring-instruction-v2,python-cpython-monitoring-state-v5,CPython 3.12.11,python-cpython-monitoring-instruction-v2,3,experiments/classic_algorithms_state_prediction/measurements/program-complexity/inside-loop-state/python/profiles.jsonl
program-complexity-normalized-v2,classic_algorithms_state_prediction,kruskal,inside-loop-state,python,629397f63efc859fe9cfe0e33034a4c6023c67e0967a9aeb3828a3b18db1e4e9,a2de88e68d88a6320a4adc77053dbe80923a7458ddc5444c1c8704eb66d098f4,sha256:f25996eaf52464372f0634525f65e95f5fd5539f7d5309678b89ca9d04852ff9,Omega_hat_StateSize,1203,=,MEASURED,,python-cpython-program-state-v5,python-cpython-monitoring-state-v5,CPython 3.12.11,initial-next-opcode-mutation-boundary-return-v1,3,experiments/classic_algorithms_state_prediction/measurements/program-complexity/inside-loop-state/python/profiles.jsonl
program-complexity-normalized-v2,classic_algorithms_state_prediction,kruskal,inside-loop-state,python,629397f63efc859fe9cfe0e33034a4c6023c67e0967a9aeb3828a3b18db1e4e9,a2de88e68d88a6320a4adc77053dbe80923a7458ddc5444c1c8704eb66d098f4,sha256:f25996eaf52464372f0634525f65e95f5fd5539f7d5309678b89ca9d04852ff9,Omega_hat_StateLoad,1031894,=,MEASURED,,python-cpython-program-state-sum-v1,python-cpython-monitoring-state-v5,CPython 3.12.11,initial-next-opcode-mutation-boundary-return-v1,3,experiments/classic_algorithms_state_prediction/measurements/program-complexity/inside-loop-state/python/profiles.jsonl
program-complexity-normalized-v2,classic_algorithms_state_prediction,kruskal,post-loop-state,python,e838cfdcb8a6e121d675f72b437fb4b8e3d7d7896367f50dcfebd3d8e91e3898,a2de88e68d88a6320a4adc77053dbe80923a7458ddc5444c1c8704eb66d098f4,sha256:02ff57b4e447172b37608d105dfb06289897cec4ca7e87c44ec291f08ccc41cd,Omega_CC,7,=,MEASURED,,python-control-flow-v2,python-control-flow-v2,CPython 3.12.11,,1,experiments/classic_algorithms_state_prediction/measurements/program-complexity/post-loop-state/python/profiles.jsonl
program-complexity-normalized-v2,classic_algorithms_state_prediction,kruskal,post-loop-state,python,e838cfdcb8a6e121d675f72b437fb4b8e3d7d7896367f50dcfebd3d8e91e3898,a2de88e68d88a6320a4adc77053dbe80923a7458ddc5444c1c8704eb66d098f4,sha256:02ff57b4e447172b37608d105dfb06289897cec4ca7e87c44ec291f08ccc41cd,Omega_hat_NativeTrace,21521,=,MEASURED,,python-cpython-monitoring-instruction-v2,python-cpython-monitoring-state-v5,CPython 3.12.11,python-cpython-monitoring-instruction-v2,3,experiments/classic_algorithms_state_prediction/measurements/program-complexity/post-loop-state/python/profiles.jsonl
program-complexity-normalized-v2,classic_algorithms_state_prediction,kruskal,post-loop-state,python,e838cfdcb8a6e121d675f72b437fb4b8e3d7d7896367f50dcfebd3d8e91e3898,a2de88e68d88a6320a4adc77053dbe80923a7458ddc5444c1c8704eb66d098f4,sha256:02ff57b4e447172b37608d105dfb06289897cec4ca7e87c44ec291f08ccc41cd,Omega_hat_StateSize,1259,=,MEASURED,,python-cpython-program-state-v5,python-cpython-monitoring-state-v5,CPython 3.12.11,initial-next-opcode-mutation-boundary-return-v1,3,experiments/classic_algorithms_state_prediction/measurements/program-complexity/post-loop-state/python/profiles.jsonl
program-complexity-normalized-v2,classic_algorithms_state_prediction,kruskal,post-loop-state,python,e838cfdcb8a6e121d675f72b437fb4b8e3d7d7896367f50dcfebd3d8e91e3898,a2de88e68d88a6320a4adc77053dbe80923a7458ddc5444c1c8704eb66d098f4,sha256:02ff57b4e447172b37608d105dfb06289897cec4ca7e87c44ec291f08ccc41cd,Omega_hat_StateLoad,5346530,=,MEASURED,,python-cpython-program-state-sum-v1,python-cpython-monitoring-state-v5,CPython 3.12.11,initial-next-opcode-mutation-boundary-return-v1,3,experiments/classic_algorithms_state_prediction/measurements/program-complexity/post-loop-state/python/profiles.jsonl
program-complexity-normalized-v2,classic_algorithms_state_prediction,longest-common-subsequence,short-trace-final,python,659f71362978d77223f7340e6f4e914c120667e504fd4ef28a951875c32dad79,02ec6eddcbe2f9ea423661cd0153e13aefbb44596ef2d27da2479a657e9bceda,sha256:3354b3dce876d21969cfb63c734063b6466e4dd60d090f2f304ccade2b60f8ad,Omega_CC,5,=,MEASURED,,python-control-flow-v2,python-control-flow-v2,CPython 3.12.11,,1,experiments/classic_algorithms_state_prediction/measurements/program-complexity/short-trace-final/python/profiles.jsonl
program-complexity-normalized-v2,classic_algorithms_state_prediction,longest-common-subsequence,short-trace-final,python,659f71362978d77223f7340e6f4e914c120667e504fd4ef28a951875c32dad79,02ec6eddcbe2f9ea423661cd0153e13aefbb44596ef2d27da2479a657e9bceda,sha256:3354b3dce876d21969cfb63c734063b6466e4dd60d090f2f304ccade2b60f8ad,Omega_hat_NativeTrace,4935,=,MEASURED,,python-cpython-monitoring-instruction-v2,python-cpython-monitoring-state-v5,CPython 3.12.11,python-cpython-monitoring-instruction-v2,3,experiments/classic_algorithms_state_prediction/measurements/program-complexity/short-trace-final/python/profiles.jsonl
program-complexity-normalized-v2,classic_algorithms_state_prediction,longest-common-subsequence,short-trace-final,python,659f71362978d77223f7340e6f4e914c120667e504fd4ef28a951875c32dad79,02ec6eddcbe2f9ea423661cd0153e13aefbb44596ef2d27da2479a657e9bceda,sha256:3354b3dce876d21969cfb63c734063b6466e4dd60d090f2f304ccade2b60f8ad,Omega_hat_StateSize,62,=,MEASURED,,python-cpython-program-state-v5,python-cpython-monitoring-state-v5,CPython 3.12.11,initial-next-opcode-mutation-boundary-return-v1,3,experiments/classic_algorithms_state_prediction/measurements/program-complexity/short-trace-final/python/profiles.jsonl
program-complexity-normalized-v2,classic_algorithms_state_prediction,longest-common-subsequence,short-trace-final,python,659f71362978d77223f7340e6f4e914c120667e504fd4ef28a951875c32dad79,02ec6eddcbe2f9ea423661cd0153e13aefbb44596ef2d27da2479a657e9bceda,sha256:3354b3dce876d21969cfb63c734063b6466e4dd60d090f2f304ccade2b60f8ad,Omega_hat_StateLoad,33280,=,MEASURED,,python-cpython-program-state-sum-v1,python-cpython-monitoring-state-v5,CPython 3.12.11,initial-next-opcode-mutation-boundary-return-v1,3,experiments/classic_algorithms_state_prediction/measurements/program-complexity/short-trace-final/python/profiles.jsonl
program-complexity-normalized-v2,classic_algorithms_state_prediction,longest-common-subsequence,long-trace-final,python,659f71362978d77223f7340e6f4e914c120667e504fd4ef28a951875c32dad79,36a616ea549d1225f2da866e9b0a981d59a5726cc65901465049a872d636a905,sha256:52cb3fcf0bbf5d7e4860020230e4c1cbd487c4f81957d9f2c2f0d10aa1bb3007,Omega_CC,5,=,MEASURED,,python-control-flow-v2,python-control-flow-v2,CPython 3.12.11,,1,experiments/classic_algorithms_state_prediction/measurements/program-complexity/long-trace-final/python/profiles.jsonl
program-complexity-normalized-v2,classic_algorithms_state_prediction,longest-common-subsequence,long-trace-final,python,659f71362978d77223f7340e6f4e914c120667e504fd4ef28a951875c32dad79,36a616ea549d1225f2da866e9b0a981d59a5726cc65901465049a872d636a905,sha256:52cb3fcf0bbf5d7e4860020230e4c1cbd487c4f81957d9f2c2f0d10aa1bb3007,Omega_hat_NativeTrace,38544,=,MEASURED,,python-cpython-monitoring-instruction-v2,python-cpython-monitoring-state-v5,CPython 3.12.11,python-cpython-monitoring-instruction-v2,3,experiments/classic_algorithms_state_prediction/measurements/program-complexity/long-trace-final/python/profiles.jsonl
program-complexity-normalized-v2,classic_algorithms_state_prediction,longest-common-subsequence,long-trace-final,python,659f71362978d77223f7340e6f4e914c120667e504fd4ef28a951875c32dad79,36a616ea549d1225f2da866e9b0a981d59a5726cc65901465049a872d636a905,sha256:52cb3fcf0bbf5d7e4860020230e4c1cbd487c4f81957d9f2c2f0d10aa1bb3007,Omega_hat_StateSize,158,=,MEASURED,,python-cpython-program-state-v5,python-cpython-monitoring-state-v5,CPython 3.12.11,initial-next-opcode-mutation-boundary-return-v1,3,experiments/classic_algorithms_state_prediction/measurements/program-complexity/long-trace-final/python/profiles.jsonl
program-complexity-normalized-v2,classic_algorithms_state_prediction,longest-common-subsequence,long-trace-final,python,659f71362978d77223f7340e6f4e914c120667e504fd4ef28a951875c32dad79,36a616ea549d1225f2da866e9b0a981d59a5726cc65901465049a872d636a905,sha256:52cb3fcf0bbf5d7e4860020230e4c1cbd487c4f81957d9f2c2f0d10aa1bb3007,Omega_hat_StateLoad,643690,=,MEASURED,,python-cpython-program-state-sum-v1,python-cpython-monitoring-state-v5,CPython 3.12.11,initial-next-opcode-mutation-boundary-return-v1,3,experiments/classic_algorithms_state_prediction/measurements/program-complexity/long-trace-final/python/profiles.jsonl
program-complexity-normalized-v2,classic_algorithms_state_prediction,longest-common-subsequence,inside-loop-state,python,10561c096c27b5bf1b047c5bec5c3db1ed1d2f72bf9b044a4cabea268682c23f,36a616ea549d1225f2da866e9b0a981d59a5726cc65901465049a872d636a905,sha256:17e7c77f1c44dd190559c02f84c2ec03a693581d76556f9dce58e97bed9c5adb,Omega_CC,6,=,MEASURED,,python-control-flow-v2,python-control-flow-v2,CPython 3.12.11,,1,experiments/classic_algorithms_state_prediction/measurements/program-complexity/inside-loop-state/python/profiles.jsonl
program-complexity-normalized-v2,classic_algorithms_state_prediction,longest-common-subsequence,inside-loop-state,python,10561c096c27b5bf1b047c5bec5c3db1ed1d2f72bf9b044a4cabea268682c23f,36a616ea549d1225f2da866e9b0a981d59a5726cc65901465049a872d636a905,sha256:17e7c77f1c44dd190559c02f84c2ec03a693581d76556f9dce58e97bed9c5adb,Omega_hat_NativeTrace,38643,=,MEASURED,,python-cpython-monitoring-instruction-v2,python-cpython-monitoring-state-v5,CPython 3.12.11,python-cpython-monitoring-instruction-v2,3,experiments/classic_algorithms_state_prediction/measurements/program-complexity/inside-loop-state/python/profiles.jsonl
program-complexity-normalized-v2,classic_algorithms_state_prediction,longest-common-subsequence,inside-loop-state,python,10561c096c27b5bf1b047c5bec5c3db1ed1d2f72bf9b044a4cabea268682c23f,36a616ea549d1225f2da866e9b0a981d59a5726cc65901465049a872d636a905,sha256:17e7c77f1c44dd190559c02f84c2ec03a693581d76556f9dce58e97bed9c5adb,Omega_hat_StateSize,159,=,MEASURED,,python-cpython-program-state-v5,python-cpython-monitoring-state-v5,CPython 3.12.11,initial-next-opcode-mutation-boundary-return-v1,3,experiments/classic_algorithms_state_prediction/measurements/program-complexity/inside-loop-state/python/profiles.jsonl
program-complexity-normalized-v2,classic_algorithms_state_prediction,longest-common-subsequence,inside-loop-state,python,10561c096c27b5bf1b047c5bec5c3db1ed1d2f72bf9b044a4cabea268682c23f,36a616ea549d1225f2da866e9b0a981d59a5726cc65901465049a872d636a905,sha256:17e7c77f1c44dd190559c02f84c2ec03a693581d76556f9dce58e97bed9c5adb,Omega_hat_StateLoad,677061,=,MEASURED,,python-cpython-program-state-sum-v1,python-cpython-monitoring-state-v5,CPython 3.12.11,initial-next-opcode-mutation-boundary-return-v1,3,experiments/classic_algorithms_state_prediction/measurements/program-complexity/inside-loop-state/python/profiles.jsonl
program-complexity-normalized-v2,classic_algorithms_state_prediction,longest-common-subsequence,post-loop-state,python,a8488b85cce7dfb17b3fadc15465414d0a7763167bf4681a3886fa37d0dbf340,36a616ea549d1225f2da866e9b0a981d59a5726cc65901465049a872d636a905,sha256:12a61797beb064f427dd068956417fb41d8ff9416c23268a1225cbcfc96dfd3e,Omega_CC,5,=,MEASURED,,python-control-flow-v2,python-control-flow-v2,CPython 3.12.11,,1,experiments/classic_algorithms_state_prediction/measurements/program-complexity/post-loop-state/python/profiles.jsonl
program-complexity-normalized-v2,classic_algorithms_state_prediction,longest-common-subsequence,post-loop-state,python,a8488b85cce7dfb17b3fadc15465414d0a7763167bf4681a3886fa37d0dbf340,36a616ea549d1225f2da866e9b0a981d59a5726cc65901465049a872d636a905,sha256:12a61797beb064f427dd068956417fb41d8ff9416c23268a1225cbcfc96dfd3e,Omega_hat_NativeTrace,38556,=,MEASURED,,python-cpython-monitoring-instruction-v2,python-cpython-monitoring-state-v5,CPython 3.12.11,python-cpython-monitoring-instruction-v2,3,experiments/classic_algorithms_state_prediction/measurements/program-complexity/post-loop-state/python/profiles.jsonl
program-complexity-normalized-v2,classic_algorithms_state_prediction,longest-common-subsequence,post-loop-state,python,a8488b85cce7dfb17b3fadc15465414d0a7763167bf4681a3886fa37d0dbf340,36a616ea549d1225f2da866e9b0a981d59a5726cc65901465049a872d636a905,sha256:12a61797beb064f427dd068956417fb41d8ff9416c23268a1225cbcfc96dfd3e,Omega_hat_StateSize,158,=,MEASURED,,python-cpython-program-state-v5,python-cpython-monitoring-state-v5,CPython 3.12.11,initial-next-opcode-mutation-boundary-return-v1,3,experiments/classic_algorithms_state_prediction/measurements/program-complexity/post-loop-state/python/profiles.jsonl
program-complexity-normalized-v2,classic_algorithms_state_prediction,longest-common-subsequence,post-loop-state,python,a8488b85cce7dfb17b3fadc15465414d0a7763167bf4681a3886fa37d0dbf340,36a616ea549d1225f2da866e9b0a981d59a5726cc65901465049a872d636a905,sha256:12a61797beb064f427dd068956417fb41d8ff9416c23268a1225cbcfc96dfd3e,Omega_hat_StateLoad,643808,=,MEASURED,,python-cpython-program-state-sum-v1,python-cpython-monitoring-state-v5,CPython 3.12.11,initial-next-opcode-mutation-boundary-return-v1,3,experiments/classic_algorithms_state_prediction/measurements/program-complexity/post-loop-state/python/profiles.jsonl
program-complexity-normalized-v2,classic_algorithms_state_prediction,longest-increasing-subsequence,short-trace-final,python,56c02e1c968c6a894ec252aea6bba01a9e8bcf024fe09d260180db2c7abebb75,b23e1fef2128bd6267414a9778d954499ab358831bcfc82819f34c3050f9bad6,sha256:0067c4a74b6f4f8f01c6ba804fef0753a8c4d378e63c649e551efde05027a5cf,Omega_CC,7,=,MEASURED,,python-control-flow-v2,python-control-flow-v2,CPython 3.12.11,,1,experiments/classic_algorithms_state_prediction/measurements/program-complexity/short-trace-final/python/profiles.jsonl
program-complexity-normalized-v2,classic_algorithms_state_prediction,longest-increasing-subsequence,short-trace-final,python,56c02e1c968c6a894ec252aea6bba01a9e8bcf024fe09d260180db2c7abebb75,b23e1fef2128bd6267414a9778d954499ab358831bcfc82819f34c3050f9bad6,sha256:0067c4a74b6f4f8f01c6ba804fef0753a8c4d378e63c649e551efde05027a5cf,Omega_hat_NativeTrace,3381,=,MEASURED,,python-cpython-monitoring-instruction-v2,python-cpython-monitoring-state-v5,CPython 3.12.11,python-cpython-monitoring-instruction-v2,3,experiments/classic_algorithms_state_prediction/measurements/program-complexity/short-trace-final/python/profiles.jsonl
program-complexity-normalized-v2,classic_algorithms_state_prediction,longest-increasing-subsequence,short-trace-final,python,56c02e1c968c6a894ec252aea6bba01a9e8bcf024fe09d260180db2c7abebb75,b23e1fef2128bd6267414a9778d954499ab358831bcfc82819f34c3050f9bad6,sha256:0067c4a74b6f4f8f01c6ba804fef0753a8c4d378e63c649e551efde05027a5cf,Omega_hat_StateSize,68,=,MEASURED,,python-cpython-program-state-v5,python-cpython-monitoring-state-v5,CPython 3.12.11,initial-next-opcode-mutation-boundary-return-v1,3,experiments/classic_algorithms_state_prediction/measurements/program-complexity/short-trace-final/python/profiles.jsonl
program-complexity-normalized-v2,classic_algorithms_state_prediction,longest-increasing-subsequence,short-trace-final,python,56c02e1c968c6a894ec252aea6bba01a9e8bcf024fe09d260180db2c7abebb75,b23e1fef2128bd6267414a9778d954499ab358831bcfc82819f34c3050f9bad6,sha256:0067c4a74b6f4f8f01c6ba804fef0753a8c4d378e63c649e551efde05027a5cf,Omega_hat_StateLoad,17342,=,MEASURED,,python-cpython-program-state-sum-v1,python-cpython-monitoring-state-v5,CPython 3.12.11,initial-next-opcode-mutation-boundary-return-v1,3,experiments/classic_algorithms_state_prediction/measurements/program-complexity/short-trace-final/python/profiles.jsonl
program-complexity-normalized-v2,classic_algorithms_state_prediction,longest-increasing-subsequence,long-trace-final,python,56c02e1c968c6a894ec252aea6bba01a9e8bcf024fe09d260180db2c7abebb75,9f7429ede0b225eb96e804aaf5056b90ee88c562dd680004a3a433eb272b4739,sha256:25cbb3dc6891c466a19c49be0e43cebba63039721eab7c3a196b64877ec52405,Omega_CC,7,=,MEASURED,,python-control-flow-v2,python-control-flow-v2,CPython 3.12.11,,1,experiments/classic_algorithms_state_prediction/measurements/program-complexity/long-trace-final/python/profiles.jsonl
program-complexity-normalized-v2,classic_algorithms_state_prediction,longest-increasing-subsequence,long-trace-final,python,56c02e1c968c6a894ec252aea6bba01a9e8bcf024fe09d260180db2c7abebb75,9f7429ede0b225eb96e804aaf5056b90ee88c562dd680004a3a433eb272b4739,sha256:25cbb3dc6891c466a19c49be0e43cebba63039721eab7c3a196b64877ec52405,Omega_hat_NativeTrace,58858,=,MEASURED,,python-cpython-monitoring-instruction-v2,python-cpython-monitoring-state-v5,CPython 3.12.11,python-cpython-monitoring-instruction-v2,3,experiments/classic_algorithms_state_prediction/measurements/program-complexity/long-trace-final/python/profiles.jsonl
program-complexity-normalized-v2,classic_algorithms_state_prediction,longest-increasing-subsequence,long-trace-final,python,56c02e1c968c6a894ec252aea6bba01a9e8bcf024fe09d260180db2c7abebb75,9f7429ede0b225eb96e804aaf5056b90ee88c562dd680004a3a433eb272b4739,sha256:25cbb3dc6891c466a19c49be0e43cebba63039721eab7c3a196b64877ec52405,Omega_hat_StateSize,264,=,MEASURED,,python-cpython-program-state-v5,python-cpython-monitoring-state-v5,CPython 3.12.11,initial-next-opcode-mutation-boundary-return-v1,3,experiments/classic_algorithms_state_prediction/measurements/program-complexity/long-trace-final/python/profiles.jsonl
program-complexity-normalized-v2,classic_algorithms_state_prediction,longest-increasing-subsequence,long-trace-final,python,56c02e1c968c6a894ec252aea6bba01a9e8bcf024fe09d260180db2c7abebb75,9f7429ede0b225eb96e804aaf5056b90ee88c562dd680004a3a433eb272b4739,sha256:25cbb3dc6891c466a19c49be0e43cebba63039721eab7c3a196b64877ec52405,Omega_hat_StateLoad,1090818,=,MEASURED,,python-cpython-program-state-sum-v1,python-cpython-monitoring-state-v5,CPython 3.12.11,initial-next-opcode-mutation-boundary-return-v1,3,experiments/classic_algorithms_state_prediction/measurements/program-complexity/long-trace-final/python/profiles.jsonl
program-complexity-normalized-v2,classic_algorithms_state_prediction,longest-increasing-subsequence,inside-loop-state,python,58ab5f41430c55114fa1613a6f4bcff82dd28e2225ab9037a0e2e1d0e1207d59,9f7429ede0b225eb96e804aaf5056b90ee88c562dd680004a3a433eb272b4739,sha256:88af4b975ad0289aaaed83267b0c3e45d4c237056ccb1e0d8b5e7fe4c709503d,Omega_CC,8,=,MEASURED,,python-control-flow-v2,python-control-flow-v2,CPython 3.12.11,,1,experiments/classic_algorithms_state_prediction/measurements/program-complexity/inside-loop-state/python/profiles.jsonl
program-complexity-normalized-v2,classic_algorithms_state_prediction,longest-increasing-subsequence,inside-loop-state,python,58ab5f41430c55114fa1613a6f4bcff82dd28e2225ab9037a0e2e1d0e1207d59,9f7429ede0b225eb96e804aaf5056b90ee88c562dd680004a3a433eb272b4739,sha256:88af4b975ad0289aaaed83267b0c3e45d4c237056ccb1e0d8b5e7fe4c709503d,Omega_hat_NativeTrace,66118,=,MEASURED,,python-cpython-monitoring-instruction-v2,python-cpython-monitoring-state-v5,CPython 3.12.11,python-cpython-monitoring-instruction-v2,3,experiments/classic_algorithms_state_prediction/measurements/program-complexity/inside-loop-state/python/profiles.jsonl
program-complexity-normalized-v2,classic_algorithms_state_prediction,longest-increasing-subsequence,inside-loop-state,python,58ab5f41430c55114fa1613a6f4bcff82dd28e2225ab9037a0e2e1d0e1207d59,9f7429ede0b225eb96e804aaf5056b90ee88c562dd680004a3a433eb272b4739,sha256:88af4b975ad0289aaaed83267b0c3e45d4c237056ccb1e0d8b5e7fe4c709503d,Omega_hat_StateSize,247,=,MEASURED,,python-cpython-program-state-v5,python-cpython-monitoring-state-v5,CPython 3.12.11,initial-next-opcode-mutation-boundary-return-v1,3,experiments/classic_algorithms_state_prediction/measurements/program-complexity/inside-loop-state/python/profiles.jsonl
program-complexity-normalized-v2,classic_algorithms_state_prediction,longest-increasing-subsequence,inside-loop-state,python,58ab5f41430c55114fa1613a6f4bcff82dd28e2225ab9037a0e2e1d0e1207d59,9f7429ede0b225eb96e804aaf5056b90ee88c562dd680004a3a433eb272b4739,sha256:88af4b975ad0289aaaed83267b0c3e45d4c237056ccb1e0d8b5e7fe4c709503d,Omega_hat_StateLoad,1477219,=,MEASURED,,python-cpython-program-state-sum-v1,python-cpython-monitoring-state-v5,CPython 3.12.11,initial-next-opcode-mutation-boundary-return-v1,3,experiments/classic_algorithms_state_prediction/measurements/program-complexity/inside-loop-state/python/profiles.jsonl
program-complexity-normalized-v2,classic_algorithms_state_prediction,longest-increasing-subsequence,post-loop-state,python,e9ee28bec62fee46855e97e3bed6677d629be5457179e30b9df30f538efcdac4,9f7429ede0b225eb96e804aaf5056b90ee88c562dd680004a3a433eb272b4739,sha256:04a2c910cf4131a86e5d53c0ef55ec05603bc422e701de10d64eeea681bc5eea,Omega_CC,7,=,MEASURED,,python-control-flow-v2,python-control-flow-v2,CPython 3.12.11,,1,experiments/classic_algorithms_state_prediction/measurements/program-complexity/post-loop-state/python/profiles.jsonl
program-complexity-normalized-v2,classic_algorithms_state_prediction,longest-increasing-subsequence,post-loop-state,python,e9ee28bec62fee46855e97e3bed6677d629be5457179e30b9df30f538efcdac4,9f7429ede0b225eb96e804aaf5056b90ee88c562dd680004a3a433eb272b4739,sha256:04a2c910cf4131a86e5d53c0ef55ec05603bc422e701de10d64eeea681bc5eea,Omega_hat_NativeTrace,58858,=,MEASURED,,python-cpython-monitoring-instruction-v2,python-cpython-monitoring-state-v5,CPython 3.12.11,python-cpython-monitoring-instruction-v2,3,experiments/classic_algorithms_state_prediction/measurements/program-complexity/post-loop-state/python/profiles.jsonl
program-complexity-normalized-v2,classic_algorithms_state_prediction,longest-increasing-subsequence,post-loop-state,python,e9ee28bec62fee46855e97e3bed6677d629be5457179e30b9df30f538efcdac4,9f7429ede0b225eb96e804aaf5056b90ee88c562dd680004a3a433eb272b4739,sha256:04a2c910cf4131a86e5d53c0ef55ec05603bc422e701de10d64eeea681bc5eea,Omega_hat_StateSize,264,=,MEASURED,,python-cpython-program-state-v5,python-cpython-monitoring-state-v5,CPython 3.12.11,initial-next-opcode-mutation-boundary-return-v1,3,experiments/classic_algorithms_state_prediction/measurements/program-complexity/post-loop-state/python/profiles.jsonl
program-complexity-normalized-v2,classic_algorithms_state_prediction,longest-increasing-subsequence,post-loop-state,python,e9ee28bec62fee46855e97e3bed6677d629be5457179e30b9df30f538efcdac4,9f7429ede0b225eb96e804aaf5056b90ee88c562dd680004a3a433eb272b4739,sha256:04a2c910cf4131a86e5d53c0ef55ec05603bc422e701de10d64eeea681bc5eea,Omega_hat_StateLoad,1090818,=,MEASURED,,python-cpython-program-state-sum-v1,python-cpython-monitoring-state-v5,CPython 3.12.11,initial-next-opcode-mutation-boundary-return-v1,3,experiments/classic_algorithms_state_prediction/measurements/program-complexity/post-loop-state/python/profiles.jsonl
program-complexity-normalized-v2,classic_algorithms_state_prediction,longest-palindromic-subsequence,short-trace-final,python,c1b93967af0e03cdb5363c0aa064f876ba2e01b26ae08dc70df174036bad5a78,c5bca0fb7a412d8515a1fcd1e0f43c42acfb83a908e98738113290806b4464ee,sha256:babf46b515fae954eeb3d984157821b5e5584e8883d842424179e3f7af122d05,Omega_CC,7,=,MEASURED,,python-control-flow-v2,python-control-flow-v2,CPython 3.12.11,,1,experiments/classic_algorithms_state_prediction/measurements/program-complexity/short-trace-final/python/profiles.jsonl
program-complexity-normalized-v2,classic_algorithms_state_prediction,longest-palindromic-subsequence,short-trace-final,python,c1b93967af0e03cdb5363c0aa064f876ba2e01b26ae08dc70df174036bad5a78,c5bca0fb7a412d8515a1fcd1e0f43c42acfb83a908e98738113290806b4464ee,sha256:babf46b515fae954eeb3d984157821b5e5584e8883d842424179e3f7af122d05,Omega_hat_NativeTrace,5447,=,MEASURED,,python-cpython-monitoring-instruction-v2,python-cpython-monitoring-state-v5,CPython 3.12.11,python-cpython-monitoring-instruction-v2,3,experiments/classic_algorithms_state_prediction/measurements/program-complexity/short-trace-final/python/profiles.jsonl
program-complexity-normalized-v2,classic_algorithms_state_prediction,longest-palindromic-subsequence,short-trace-final,python,c1b93967af0e03cdb5363c0aa064f876ba2e01b26ae08dc70df174036bad5a78,c5bca0fb7a412d8515a1fcd1e0f43c42acfb83a908e98738113290806b4464ee,sha256:babf46b515fae954eeb3d984157821b5e5584e8883d842424179e3f7af122d05,Omega_hat_StateSize,365,=,MEASURED,,python-cpython-program-state-v5,python-cpython-monitoring-state-v5,CPython 3.12.11,initial-next-opcode-mutation-boundary-return-v1,3,experiments/classic_algorithms_state_prediction/measurements/program-complexity/short-trace-final/python/profiles.jsonl
program-complexity-normalized-v2,classic_algorithms_state_prediction,longest-palindromic-subsequence,short-trace-final,python,c1b93967af0e03cdb5363c0aa064f876ba2e01b26ae08dc70df174036bad5a78,c5bca0fb7a412d8515a1fcd1e0f43c42acfb83a908e98738113290806b4464ee,sha256:babf46b515fae954eeb3d984157821b5e5584e8883d842424179e3f7af122d05,Omega_hat_StateLoad,180038,=,MEASURED,,python-cpython-program-state-sum-v1,python-cpython-monitoring-state-v5,CPython 3.12.11,initial-next-opcode-mutation-boundary-return-v1,3,experiments/classic_algorithms_state_prediction/measurements/program-complexity/short-trace-final/python/profiles.jsonl
program-complexity-normalized-v2,classic_algorithms_state_prediction,longest-palindromic-subsequence,long-trace-final,python,c1b93967af0e03cdb5363c0aa064f876ba2e01b26ae08dc70df174036bad5a78,19e289fc3da545b79fc9df7cac6e2fce178114b4b6f89ff9e9a06ea13e91af2b,sha256:dbfd77dd46be587e36b8fa5c2944ffd93f8de8678b1ca31cecb5af91882aa04d,Omega_CC,7,=,MEASURED,,python-control-flow-v2,python-control-flow-v2,CPython 3.12.11,,1,experiments/classic_algorithms_state_prediction/measurements/program-complexity/long-trace-final/python/profiles.jsonl
program-complexity-normalized-v2,classic_algorithms_state_prediction,longest-palindromic-subsequence,long-trace-final,python,c1b93967af0e03cdb5363c0aa064f876ba2e01b26ae08dc70df174036bad5a78,19e289fc3da545b79fc9df7cac6e2fce178114b4b6f89ff9e9a06ea13e91af2b,sha256:dbfd77dd46be587e36b8fa5c2944ffd93f8de8678b1ca31cecb5af91882aa04d,Omega_hat_NativeTrace,47642,=,MEASURED,,python-cpython-monitoring-instruction-v2,python-cpython-monitoring-state-v5,CPython 3.12.11,python-cpython-monitoring-instruction-v2,3,experiments/classic_algorithms_state_prediction/measurements/program-complexity/long-trace-final/python/profiles.jsonl
program-complexity-normalized-v2,classic_algorithms_state_prediction,longest-palindromic-subsequence,long-trace-final,python,c1b93967af0e03cdb5363c0aa064f876ba2e01b26ae08dc70df174036bad5a78,19e289fc3da545b79fc9df7cac6e2fce178114b4b6f89ff9e9a06ea13e91af2b,sha256:dbfd77dd46be587e36b8fa5c2944ffd93f8de8678b1ca31cecb5af91882aa04d,Omega_hat_StateSize,3029,=,MEASURED,,python-cpython-program-state-v5,python-cpython-monitoring-state-v5,CPython 3.12.11,initial-next-opcode-mutation-boundary-return-v1,3,experiments/classic_algorithms_state_prediction/measurements/program-complexity/long-trace-final/python/profiles.jsonl
program-complexity-normalized-v2,classic_algorithms_state_prediction,longest-palindromic-subsequence,long-trace-final,python,c1b93967af0e03cdb5363c0aa064f876ba2e01b26ae08dc70df174036bad5a78,19e289fc3da545b79fc9df7cac6e2fce178114b4b6f89ff9e9a06ea13e91af2b,sha256:dbfd77dd46be587e36b8fa5c2944ffd93f8de8678b1ca31cecb5af91882aa04d,Omega_hat_StateLoad,12679703,=,MEASURED,,python-cpython-program-state-sum-v1,python-cpython-monitoring-state-v5,CPython 3.12.11,initial-next-opcode-mutation-boundary-return-v1,3,experiments/classic_algorithms_state_prediction/measurements/program-complexity/long-trace-final/python/profiles.jsonl
program-complexity-normalized-v2,classic_algorithms_state_prediction,longest-palindromic-subsequence,inside-loop-state,python,240d4250370661e37a57c5782ee79fb45aa6dfd8bd8de59116e5f8bfa63d4cf4,19e289fc3da545b79fc9df7cac6e2fce178114b4b6f89ff9e9a06ea13e91af2b,sha256:411d00a882d362fbb815edadb4e5957298ef0ba53ae2965d5d699737f857f413,Omega_CC,8,=,MEASURED,,python-control-flow-v2,python-control-flow-v2,CPython 3.12.11,,1,experiments/classic_algorithms_state_prediction/measurements/program-complexity/inside-loop-state/python/profiles.jsonl
program-complexity-normalized-v2,classic_algorithms_state_prediction,longest-palindromic-subsequence,inside-loop-state,python,240d4250370661e37a57c5782ee79fb45aa6dfd8bd8de59116e5f8bfa63d4cf4,19e289fc3da545b79fc9df7cac6e2fce178114b4b6f89ff9e9a06ea13e91af2b,sha256:411d00a882d362fbb815edadb4e5957298ef0ba53ae2965d5d699737f857f413,Omega_hat_NativeTrace,46289,=,MEASURED,,python-cpython-monitoring-instruction-v2,python-cpython-monitoring-state-v5,CPython 3.12.11,python-cpython-monitoring-instruction-v2,3,experiments/classic_algorithms_state_prediction/measurements/program-complexity/inside-loop-state/python/profiles.jsonl
program-complexity-normalized-v2,classic_algorithms_state_prediction,longest-palindromic-subsequence,inside-loop-state,python,240d4250370661e37a57c5782ee79fb45aa6dfd8bd8de59116e5f8bfa63d4cf4,19e289fc3da545b79fc9df7cac6e2fce178114b4b6f89ff9e9a06ea13e91af2b,sha256:411d00a882d362fbb815edadb4e5957298ef0ba53ae2965d5d699737f857f413,Omega_hat_StateSize,3030,=,MEASURED,,python-cpython-program-state-v5,python-cpython-monitoring-state-v5,CPython 3.12.11,initial-next-opcode-mutation-boundary-return-v1,3,experiments/classic_algorithms_state_prediction/measurements/program-complexity/inside-loop-state/python/profiles.jsonl
program-complexity-normalized-v2,classic_algorithms_state_prediction,longest-palindromic-subsequence,inside-loop-state,python,240d4250370661e37a57c5782ee79fb45aa6dfd8bd8de59116e5f8bfa63d4cf4,19e289fc3da545b79fc9df7cac6e2fce178114b4b6f89ff9e9a06ea13e91af2b,sha256:411d00a882d362fbb815edadb4e5957298ef0ba53ae2965d5d699737f857f413,Omega_hat_StateLoad,13268792,=,MEASURED,,python-cpython-program-state-sum-v1,python-cpython-monitoring-state-v5,CPython 3.12.11,initial-next-opcode-mutation-boundary-return-v1,3,experiments/classic_algorithms_state_prediction/measurements/program-complexity/inside-loop-state/python/profiles.jsonl
program-complexity-normalized-v2,classic_algorithms_state_prediction,longest-palindromic-subsequence,post-loop-state,python,f2a031ba2d64c403704e6622033e5fbdcd66e48f60485fbab607fe07142be68d,19e289fc3da545b79fc9df7cac6e2fce178114b4b6f89ff9e9a06ea13e91af2b,sha256:8c0f2879e6ef1bdb58f6fffe0727d427aece29cef178ded0ef81951e417cd7be,Omega_CC,7,=,MEASURED,,python-control-flow-v2,python-control-flow-v2,CPython 3.12.11,,1,experiments/classic_algorithms_state_prediction/measurements/program-complexity/post-loop-state/python/profiles.jsonl
program-complexity-normalized-v2,classic_algorithms_state_prediction,longest-palindromic-subsequence,post-loop-state,python,f2a031ba2d64c403704e6622033e5fbdcd66e48f60485fbab607fe07142be68d,19e289fc3da545b79fc9df7cac6e2fce178114b4b6f89ff9e9a06ea13e91af2b,sha256:8c0f2879e6ef1bdb58f6fffe0727d427aece29cef178ded0ef81951e417cd7be,Omega_hat_NativeTrace,47638,=,MEASURED,,python-cpython-monitoring-instruction-v2,python-cpython-monitoring-state-v5,CPython 3.12.11,python-cpython-monitoring-instruction-v2,3,experiments/classic_algorithms_state_prediction/measurements/program-complexity/post-loop-state/python/profiles.jsonl
program-complexity-normalized-v2,classic_algorithms_state_prediction,longest-palindromic-subsequence,post-loop-state,python,f2a031ba2d64c403704e6622033e5fbdcd66e48f60485fbab607fe07142be68d,19e289fc3da545b79fc9df7cac6e2fce178114b4b6f89ff9e9a06ea13e91af2b,sha256:8c0f2879e6ef1bdb58f6fffe0727d427aece29cef178ded0ef81951e417cd7be,Omega_hat_StateSize,3029,=,MEASURED,,python-cpython-program-state-v5,python-cpython-monitoring-state-v5,CPython 3.12.11,initial-next-opcode-mutation-boundary-return-v1,3,experiments/classic_algorithms_state_prediction/measurements/program-complexity/post-loop-state/python/profiles.jsonl
program-complexity-normalized-v2,classic_algorithms_state_prediction,longest-palindromic-subsequence,post-loop-state,python,f2a031ba2d64c403704e6622033e5fbdcd66e48f60485fbab607fe07142be68d,19e289fc3da545b79fc9df7cac6e2fce178114b4b6f89ff9e9a06ea13e91af2b,sha256:8c0f2879e6ef1bdb58f6fffe0727d427aece29cef178ded0ef81951e417cd7be,Omega_hat_StateLoad,12679703,=,MEASURED,,python-cpython-program-state-sum-v1,python-cpython-monitoring-state-v5,CPython 3.12.11,initial-next-opcode-mutation-boundary-return-v1,3,experiments/classic_algorithms_state_prediction/measurements/program-complexity/post-loop-state/python/profiles.jsonl
program-complexity-normalized-v2,classic_algorithms_state_prediction,matrix-chain-multiplication,short-trace-final,python,2c9e3ceacba4c2a1d87133c05b9c001668cfc3d90b3f9e88916aa17a83fc6c07,a9db714083b1315a15b1980af583ad28778ffef58016910f3cc7b80112563eea,sha256:619c57a16b48ad143ae89382cb4364b45edd5d403a37af6ed6b763c320ee0f8b,Omega_CC,7,=,MEASURED,,python-control-flow-v2,python-control-flow-v2,CPython 3.12.11,,1,experiments/classic_algorithms_state_prediction/measurements/program-complexity/short-trace-final/python/profiles.jsonl
program-complexity-normalized-v2,classic_algorithms_state_prediction,matrix-chain-multiplication,short-trace-final,python,2c9e3ceacba4c2a1d87133c05b9c001668cfc3d90b3f9e88916aa17a83fc6c07,a9db714083b1315a15b1980af583ad28778ffef58016910f3cc7b80112563eea,sha256:619c57a16b48ad143ae89382cb4364b45edd5d403a37af6ed6b763c320ee0f8b,Omega_hat_NativeTrace,3151,=,MEASURED,,python-cpython-monitoring-instruction-v2,python-cpython-monitoring-state-v5,CPython 3.12.11,python-cpython-monitoring-instruction-v2,3,experiments/classic_algorithms_state_prediction/measurements/program-complexity/short-trace-final/python/profiles.jsonl
program-complexity-normalized-v2,classic_algorithms_state_prediction,matrix-chain-multiplication,short-trace-final,python,2c9e3ceacba4c2a1d87133c05b9c001668cfc3d90b3f9e88916aa17a83fc6c07,a9db714083b1315a15b1980af583ad28778ffef58016910f3cc7b80112563eea,sha256:619c57a16b48ad143ae89382cb4364b45edd5d403a37af6ed6b763c320ee0f8b,Omega_hat_StateSize,73,=,MEASURED,,python-cpython-program-state-v5,python-cpython-monitoring-state-v5,CPython 3.12.11,initial-next-opcode-mutation-boundary-return-v1,3,experiments/classic_algorithms_state_prediction/measurements/program-complexity/short-trace-final/python/profiles.jsonl
program-complexity-normalized-v2,classic_algorithms_state_prediction,matrix-chain-multiplication,short-trace-final,python,2c9e3ceacba4c2a1d87133c05b9c001668cfc3d90b3f9e88916aa17a83fc6c07,a9db714083b1315a15b1980af583ad28778ffef58016910f3cc7b80112563eea,sha256:619c57a16b48ad143ae89382cb4364b45edd5d403a37af6ed6b763c320ee0f8b,Omega_hat_StateLoad,18423,=,MEASURED,,python-cpython-program-state-sum-v1,python-cpython-monitoring-state-v5,CPython 3.12.11,initial-next-opcode-mutation-boundary-return-v1,3,experiments/classic_algorithms_state_prediction/measurements/program-complexity/short-trace-final/python/profiles.jsonl
program-complexity-normalized-v2,classic_algorithms_state_prediction,matrix-chain-multiplication,long-trace-final,python,2c9e3ceacba4c2a1d87133c05b9c001668cfc3d90b3f9e88916aa17a83fc6c07,c1e05b2220256514d09fdd73fe2e13d638f52a084fdd14c5bf9ca4ae768e5f5a,sha256:78b2c6bfd07c8f14d33d7ab388fa9e211f19892bdc3b2eb0a91681cc8edb3b66,Omega_CC,7,=,MEASURED,,python-control-flow-v2,python-control-flow-v2,CPython 3.12.11,,1,experiments/classic_algorithms_state_prediction/measurements/program-complexity/long-trace-final/python/profiles.jsonl
program-complexity-normalized-v2,classic_algorithms_state_prediction,matrix-chain-multiplication,long-trace-final,python,2c9e3ceacba4c2a1d87133c05b9c001668cfc3d90b3f9e88916aa17a83fc6c07,c1e05b2220256514d09fdd73fe2e13d638f52a084fdd14c5bf9ca4ae768e5f5a,sha256:78b2c6bfd07c8f14d33d7ab388fa9e211f19892bdc3b2eb0a91681cc8edb3b66,Omega_hat_NativeTrace,61576,=,MEASURED,,python-cpython-monitoring-instruction-v2,python-cpython-monitoring-state-v5,CPython 3.12.11,python-cpython-monitoring-instruction-v2,3,experiments/classic_algorithms_state_prediction/measurements/program-complexity/long-trace-final/python/profiles.jsonl
program-complexity-normalized-v2,classic_algorithms_state_prediction,matrix-chain-multiplication,long-trace-final,python,2c9e3ceacba4c2a1d87133c05b9c001668cfc3d90b3f9e88916aa17a83fc6c07,c1e05b2220256514d09fdd73fe2e13d638f52a084fdd14c5bf9ca4ae768e5f5a,sha256:78b2c6bfd07c8f14d33d7ab388fa9e211f19892bdc3b2eb0a91681cc8edb3b66,Omega_hat_StateSize,450,=,MEASURED,,python-cpython-program-state-v5,python-cpython-monitoring-state-v5,CPython 3.12.11,initial-next-opcode-mutation-boundary-return-v1,3,experiments/classic_algorithms_state_prediction/measurements/program-complexity/long-trace-final/python/profiles.jsonl
program-complexity-normalized-v2,classic_algorithms_state_prediction,matrix-chain-multiplication,long-trace-final,python,2c9e3ceacba4c2a1d87133c05b9c001668cfc3d90b3f9e88916aa17a83fc6c07,c1e05b2220256514d09fdd73fe2e13d638f52a084fdd14c5bf9ca4ae768e5f5a,sha256:78b2c6bfd07c8f14d33d7ab388fa9e211f19892bdc3b2eb0a91681cc8edb3b66,Omega_hat_StateLoad,1754694,=,MEASURED,,python-cpython-program-state-sum-v1,python-cpython-monitoring-state-v5,CPython 3.12.11,initial-next-opcode-mutation-boundary-return-v1,3,experiments/classic_algorithms_state_prediction/measurements/program-complexity/long-trace-final/python/profiles.jsonl
program-complexity-normalized-v2,classic_algorithms_state_prediction,matrix-chain-multiplication,inside-loop-state,python,66df0f2905ca069ef448e59ebfb7f9353a7540f615ad551bf85d33f5c2378adf,c1e05b2220256514d09fdd73fe2e13d638f52a084fdd14c5bf9ca4ae768e5f5a,sha256:fe5260e487e3b89c0eafe39fcb17e0c131e760de65e46e8688206b98f020cc04,Omega_CC,8,=,MEASURED,,python-control-flow-v2,python-control-flow-v2,CPython 3.12.11,,1,experiments/classic_algorithms_state_prediction/measurements/program-complexity/inside-loop-state/python/profiles.jsonl
program-complexity-normalized-v2,classic_algorithms_state_prediction,matrix-chain-multiplication,inside-loop-state,python,66df0f2905ca069ef448e59ebfb7f9353a7540f615ad551bf85d33f5c2378adf,c1e05b2220256514d09fdd73fe2e13d638f52a084fdd14c5bf9ca4ae768e5f5a,sha256:fe5260e487e3b89c0eafe39fcb17e0c131e760de65e46e8688206b98f020cc04,Omega_hat_NativeTrace,56958,=,MEASURED,,python-cpython-monitoring-instruction-v2,python-cpython-monitoring-state-v5,CPython 3.12.11,python-cpython-monitoring-instruction-v2,3,experiments/classic_algorithms_state_prediction/measurements/program-complexity/inside-loop-state/python/profiles.jsonl
program-complexity-normalized-v2,classic_algorithms_state_prediction,matrix-chain-multiplication,inside-loop-state,python,66df0f2905ca069ef448e59ebfb7f9353a7540f615ad551bf85d33f5c2378adf,c1e05b2220256514d09fdd73fe2e13d638f52a084fdd14c5bf9ca4ae768e5f5a,sha256:fe5260e487e3b89c0eafe39fcb17e0c131e760de65e46e8688206b98f020cc04,Omega_hat_StateSize,451,=,MEASURED,,python-cpython-program-state-v5,python-cpython-monitoring-state-v5,CPython 3.12.11,initial-next-opcode-mutation-boundary-return-v1,3,experiments/classic_algorithms_state_prediction/measurements/program-complexity/inside-loop-state/python/profiles.jsonl
program-complexity-normalized-v2,classic_algorithms_state_prediction,matrix-chain-multiplication,inside-loop-state,python,66df0f2905ca069ef448e59ebfb7f9353a7540f615ad551bf85d33f5c2378adf,c1e05b2220256514d09fdd73fe2e13d638f52a084fdd14c5bf9ca4ae768e5f5a,sha256:fe5260e487e3b89c0eafe39fcb17e0c131e760de65e46e8688206b98f020cc04,Omega_hat_StateLoad,1893039,=,MEASURED,,python-cpython-program-state-sum-v1,python-cpython-monitoring-state-v5,CPython 3.12.11,initial-next-opcode-mutation-boundary-return-v1,3,experiments/classic_algorithms_state_prediction/measurements/program-complexity/inside-loop-state/python/profiles.jsonl
program-complexity-normalized-v2,classic_algorithms_state_prediction,matrix-chain-multiplication,post-loop-state,python,8c42ca94ce0d81b0ef135fb516cc4cf198df993ad2ef8755e894e59cdced3498,c1e05b2220256514d09fdd73fe2e13d638f52a084fdd14c5bf9ca4ae768e5f5a,sha256:17eeaf85da2e7dd97dc103741c8d2e848e85fd97c6c98572447710606adf2245,Omega_CC,7,=,MEASURED,,python-control-flow-v2,python-control-flow-v2,CPython 3.12.11,,1,experiments/classic_algorithms_state_prediction/measurements/program-complexity/post-loop-state/python/profiles.jsonl
program-complexity-normalized-v2,classic_algorithms_state_prediction,matrix-chain-multiplication,post-loop-state,python,8c42ca94ce0d81b0ef135fb516cc4cf198df993ad2ef8755e894e59cdced3498,c1e05b2220256514d09fdd73fe2e13d638f52a084fdd14c5bf9ca4ae768e5f5a,sha256:17eeaf85da2e7dd97dc103741c8d2e848e85fd97c6c98572447710606adf2245,Omega_hat_NativeTrace,61572,=,MEASURED,,python-cpython-monitoring-instruction-v2,python-cpython-monitoring-state-v5,CPython 3.12.11,python-cpython-monitoring-instruction-v2,3,experiments/classic_algorithms_state_prediction/measurements/program-complexity/post-loop-state/python/profiles.jsonl
program-complexity-normalized-v2,classic_algorithms_state_prediction,matrix-chain-multiplication,post-loop-state,python,8c42ca94ce0d81b0ef135fb516cc4cf198df993ad2ef8755e894e59cdced3498,c1e05b2220256514d09fdd73fe2e13d638f52a084fdd14c5bf9ca4ae768e5f5a,sha256:17eeaf85da2e7dd97dc103741c8d2e848e85fd97c6c98572447710606adf2245,Omega_hat_StateSize,450,=,MEASURED,,python-cpython-program-state-v5,python-cpython-monitoring-state-v5,CPython 3.12.11,initial-next-opcode-mutation-boundary-return-v1,3,experiments/classic_algorithms_state_prediction/measurements/program-complexity/post-loop-state/python/profiles.jsonl
program-complexity-normalized-v2,classic_algorithms_state_prediction,matrix-chain-multiplication,post-loop-state,python,8c42ca94ce0d81b0ef135fb516cc4cf198df993ad2ef8755e894e59cdced3498,c1e05b2220256514d09fdd73fe2e13d638f52a084fdd14c5bf9ca4ae768e5f5a,sha256:17eeaf85da2e7dd97dc103741c8d2e848e85fd97c6c98572447710606adf2245,Omega_hat_StateLoad,1754694,=,MEASURED,,python-cpython-program-state-sum-v1,python-cpython-monitoring-state-v5,CPython 3.12.11,initial-next-opcode-mutation-boundary-return-v1,3,experiments/classic_algorithms_state_prediction/measurements/program-complexity/post-loop-state/python/profiles.jsonl
program-complexity-normalized-v2,classic_algorithms_state_prediction,matrix-multiplication,short-trace-final,python,68ca495a573b908038e25a437b5645e41e22d15134d61451faec1cc0497f5dfd,bf769dd65068be3d7efba4afb2167ff8b136a5b7091c69132fb31aa2ee9e10f9,sha256:a88d74c4347b40e6b957f07cf3862fb7f318388f457b755cc23181d02b479cb7,Omega_CC,8,=,MEASURED,,python-control-flow-v2,python-control-flow-v2,CPython 3.12.11,,1,experiments/classic_algorithms_state_prediction/measurements/program-complexity/short-trace-final/python/profiles.jsonl
program-complexity-normalized-v2,classic_algorithms_state_prediction,matrix-multiplication,short-trace-final,python,68ca495a573b908038e25a437b5645e41e22d15134d61451faec1cc0497f5dfd,bf769dd65068be3d7efba4afb2167ff8b136a5b7091c69132fb31aa2ee9e10f9,sha256:a88d74c4347b40e6b957f07cf3862fb7f318388f457b755cc23181d02b479cb7,Omega_hat_NativeTrace,1581,=,MEASURED,,python-cpython-monitoring-instruction-v2,python-cpython-monitoring-state-v5,CPython 3.12.11,python-cpython-monitoring-instruction-v2,3,experiments/classic_algorithms_state_prediction/measurements/program-complexity/short-trace-final/python/profiles.jsonl
program-complexity-normalized-v2,classic_algorithms_state_prediction,matrix-multiplication,short-trace-final,python,68ca495a573b908038e25a437b5645e41e22d15134d61451faec1cc0497f5dfd,bf769dd65068be3d7efba4afb2167ff8b136a5b7091c69132fb31aa2ee9e10f9,sha256:a88d74c4347b40e6b957f07cf3862fb7f318388f457b755cc23181d02b479cb7,Omega_hat_StateSize,68,=,MEASURED,,python-cpython-program-state-v5,python-cpython-monitoring-state-v5,CPython 3.12.11,initial-next-opcode-mutation-boundary-return-v1,3,experiments/classic_algorithms_state_prediction/measurements/program-complexity/short-trace-final/python/profiles.jsonl
program-complexity-normalized-v2,classic_algorithms_state_prediction,matrix-multiplication,short-trace-final,python,68ca495a573b908038e25a437b5645e41e22d15134d61451faec1cc0497f5dfd,bf769dd65068be3d7efba4afb2167ff8b136a5b7091c69132fb31aa2ee9e10f9,sha256:a88d74c4347b40e6b957f07cf3862fb7f318388f457b755cc23181d02b479cb7,Omega_hat_StateLoad,15138,=,MEASURED,,python-cpython-program-state-sum-v1,python-cpython-monitoring-state-v5,CPython 3.12.11,initial-next-opcode-mutation-boundary-return-v1,3,experiments/classic_algorithms_state_prediction/measurements/program-complexity/short-trace-final/python/profiles.jsonl
program-complexity-normalized-v2,classic_algorithms_state_prediction,matrix-multiplication,long-trace-final,python,68ca495a573b908038e25a437b5645e41e22d15134d61451faec1cc0497f5dfd,c6ad96c03076f36ed4ccff040f160cdd2e51b27a2f211cc70bade1d481dea1fe,sha256:b0d4538b13924c1888b16ae30ef580f5eb7a61d8ea6f190f2d19a67a2f76e7e3,Omega_CC,8,=,MEASURED,,python-control-flow-v2,python-control-flow-v2,CPython 3.12.11,,1,experiments/classic_algorithms_state_prediction/measurements/program-complexity/long-trace-final/python/profiles.jsonl
program-complexity-normalized-v2,classic_algorithms_state_prediction,matrix-multiplication,long-trace-final,python,68ca495a573b908038e25a437b5645e41e22d15134d61451faec1cc0497f5dfd,c6ad96c03076f36ed4ccff040f160cdd2e51b27a2f211cc70bade1d481dea1fe,sha256:b0d4538b13924c1888b16ae30ef580f5eb7a61d8ea6f190f2d19a67a2f76e7e3,Omega_hat_NativeTrace,32253,=,MEASURED,,python-cpython-monitoring-instruction-v2,python-cpython-monitoring-state-v5,CPython 3.12.11,python-cpython-monitoring-instruction-v2,3,experiments/classic_algorithms_state_prediction/measurements/program-complexity/long-trace-final/python/profiles.jsonl
program-complexity-normalized-v2,classic_algorithms_state_prediction,matrix-multiplication,long-trace-final,python,68ca495a573b908038e25a437b5645e41e22d15134d61451faec1cc0497f5dfd,c6ad96c03076f36ed4ccff040f160cdd2e51b27a2f211cc70bade1d481dea1fe,sha256:b0d4538b13924c1888b16ae30ef580f5eb7a61d8ea6f190f2d19a67a2f76e7e3,Omega_hat_StateSize,476,=,MEASURED,,python-cpython-program-state-v5,python-cpython-monitoring-state-v5,CPython 3.12.11,initial-next-opcode-mutation-boundary-return-v1,3,experiments/classic_algorithms_state_prediction/measurements/program-complexity/long-trace-final/python/profiles.jsonl
program-complexity-normalized-v2,classic_algorithms_state_prediction,matrix-multiplication,long-trace-final,python,68ca495a573b908038e25a437b5645e41e22d15134d61451faec1cc0497f5dfd,c6ad96c03076f36ed4ccff040f160cdd2e51b27a2f211cc70bade1d481dea1fe,sha256:b0d4538b13924c1888b16ae30ef580f5eb7a61d8ea6f190f2d19a67a2f76e7e3,Omega_hat_StateLoad,1954090,=,MEASURED,,python-cpython-program-state-sum-v1,python-cpython-monitoring-state-v5,CPython 3.12.11,initial-next-opcode-mutation-boundary-return-v1,3,experiments/classic_algorithms_state_prediction/measurements/program-complexity/long-trace-final/python/profiles.jsonl
program-complexity-normalized-v2,classic_algorithms_state_prediction,matrix-multiplication,inside-loop-state,python,d14c37da76f60c56069c7f46b92147d6742eca26c92b2fff0cf884a6bcad204b,c6ad96c03076f36ed4ccff040f160cdd2e51b27a2f211cc70bade1d481dea1fe,sha256:670ea75bb727f92f4adc7cc222f243a2efbf39af4fff0f5a6ccf15040de82002,Omega_CC,9,=,MEASURED,,python-control-flow-v2,python-control-flow-v2,CPython 3.12.11,,1,experiments/classic_algorithms_state_prediction/measurements/program-complexity/inside-loop-state/python/profiles.jsonl
program-complexity-normalized-v2,classic_algorithms_state_prediction,matrix-multiplication,inside-loop-state,python,d14c37da76f60c56069c7f46b92147d6742eca26c92b2fff0cf884a6bcad204b,c6ad96c03076f36ed4ccff040f160cdd2e51b27a2f211cc70bade1d481dea1fe,sha256:670ea75bb727f92f4adc7cc222f243a2efbf39af4fff0f5a6ccf15040de82002,Omega_hat_NativeTrace,36025,=,MEASURED,,python-cpython-monitoring-instruction-v2,python-cpython-monitoring-state-v5,CPython 3.12.11,python-cpython-monitoring-instruction-v2,3,experiments/classic_algorithms_state_prediction/measurements/program-complexity/inside-loop-state/python/profiles.jsonl
program-complexity-normalized-v2,classic_algorithms_state_prediction,matrix-multiplication,inside-loop-state,python,d14c37da76f60c56069c7f46b92147d6742eca26c92b2fff0cf884a6bcad204b,c6ad96c03076f36ed4ccff040f160cdd2e51b27a2f211cc70bade1d481dea1fe,sha256:670ea75bb727f92f4adc7cc222f243a2efbf39af4fff0f5a6ccf15040de82002,Omega_hat_StateSize,477,=,MEASURED,,python-cpython-program-state-v5,python-cpython-monitoring-state-v5,CPython 3.12.11,initial-next-opcode-mutation-boundary-return-v1,3,experiments/classic_algorithms_state_prediction/measurements/program-complexity/inside-loop-state/python/profiles.jsonl
program-complexity-normalized-v2,classic_algorithms_state_prediction,matrix-multiplication,inside-loop-state,python,d14c37da76f60c56069c7f46b92147d6742eca26c92b2fff0cf884a6bcad204b,c6ad96c03076f36ed4ccff040f160cdd2e51b27a2f211cc70bade1d481dea1fe,sha256:670ea75bb727f92f4adc7cc222f243a2efbf39af4fff0f5a6ccf15040de82002,Omega_hat_StateLoad,2175366,=,MEASURED,,python-cpython-program-state-sum-v1,python-cpython-monitoring-state-v5,CPython 3.12.11,initial-next-opcode-mutation-boundary-return-v1,3,experiments/classic_algorithms_state_prediction/measurements/program-complexity/inside-loop-state/python/profiles.jsonl
program-complexity-normalized-v2,classic_algorithms_state_prediction,matrix-multiplication,post-loop-state,python,385794978766e82d130ad30bf099609ff4d3bf4cd56c256035f513f5c6025e28,c6ad96c03076f36ed4ccff040f160cdd2e51b27a2f211cc70bade1d481dea1fe,sha256:56e3f662d12d30fedf6cf805bb4ca996aa708957939a5297e14dd4e76f35461f,Omega_CC,8,=,MEASURED,,python-control-flow-v2,python-control-flow-v2,CPython 3.12.11,,1,experiments/classic_algorithms_state_prediction/measurements/program-complexity/post-loop-state/python/profiles.jsonl
program-complexity-normalized-v2,classic_algorithms_state_prediction,matrix-multiplication,post-loop-state,python,385794978766e82d130ad30bf099609ff4d3bf4cd56c256035f513f5c6025e28,c6ad96c03076f36ed4ccff040f160cdd2e51b27a2f211cc70bade1d481dea1fe,sha256:56e3f662d12d30fedf6cf805bb4ca996aa708957939a5297e14dd4e76f35461f,Omega_hat_NativeTrace,32259,=,MEASURED,,python-cpython-monitoring-instruction-v2,python-cpython-monitoring-state-v5,CPython 3.12.11,python-cpython-monitoring-instruction-v2,3,experiments/classic_algorithms_state_prediction/measurements/program-complexity/post-loop-state/python/profiles.jsonl
program-complexity-normalized-v2,classic_algorithms_state_prediction,matrix-multiplication,post-loop-state,python,385794978766e82d130ad30bf099609ff4d3bf4cd56c256035f513f5c6025e28,c6ad96c03076f36ed4ccff040f160cdd2e51b27a2f211cc70bade1d481dea1fe,sha256:56e3f662d12d30fedf6cf805bb4ca996aa708957939a5297e14dd4e76f35461f,Omega_hat_StateSize,476,=,MEASURED,,python-cpython-program-state-v5,python-cpython-monitoring-state-v5,CPython 3.12.11,initial-next-opcode-mutation-boundary-return-v1,3,experiments/classic_algorithms_state_prediction/measurements/program-complexity/post-loop-state/python/profiles.jsonl
program-complexity-normalized-v2,classic_algorithms_state_prediction,matrix-multiplication,post-loop-state,python,385794978766e82d130ad30bf099609ff4d3bf4cd56c256035f513f5c6025e28,c6ad96c03076f36ed4ccff040f160cdd2e51b27a2f211cc70bade1d481dea1fe,sha256:56e3f662d12d30fedf6cf805bb4ca996aa708957939a5297e14dd4e76f35461f,Omega_hat_StateLoad,1954090,=,MEASURED,,python-cpython-program-state-sum-v1,python-cpython-monitoring-state-v5,CPython 3.12.11,initial-next-opcode-mutation-boundary-return-v1,3,experiments/classic_algorithms_state_prediction/measurements/program-complexity/post-loop-state/python/profiles.jsonl
program-complexity-normalized-v2,classic_algorithms_state_prediction,merge-sort,short-trace-final,python,7155035b1a592e4a908ea7f823edac2ce6d724359f15ac545c7915ca192dd711,6f1f922721cbda2c1bda768987bb109e0ca44e7186ffa23f2b2eef8ee898b221,sha256:162836f8bd74a03bf7c80d3ea29b5c11c9bc34b2c1b851f240dc8c8597993ec5,Omega_CC,8,=,MEASURED,,python-control-flow-v2,python-control-flow-v2,CPython 3.12.11,,1,experiments/classic_algorithms_state_prediction/measurements/program-complexity/short-trace-final/python/profiles.jsonl
program-complexity-normalized-v2,classic_algorithms_state_prediction,merge-sort,short-trace-final,python,7155035b1a592e4a908ea7f823edac2ce6d724359f15ac545c7915ca192dd711,6f1f922721cbda2c1bda768987bb109e0ca44e7186ffa23f2b2eef8ee898b221,sha256:162836f8bd74a03bf7c80d3ea29b5c11c9bc34b2c1b851f240dc8c8597993ec5,Omega_hat_NativeTrace,5309,=,MEASURED,,python-cpython-monitoring-instruction-v2,python-cpython-monitoring-state-v5,CPython 3.12.11,python-cpython-monitoring-instruction-v2,3,experiments/classic_algorithms_state_prediction/measurements/program-complexity/short-trace-final/python/profiles.jsonl
program-complexity-normalized-v2,classic_algorithms_state_prediction,merge-sort,short-trace-final,python,7155035b1a592e4a908ea7f823edac2ce6d724359f15ac545c7915ca192dd711,6f1f922721cbda2c1bda768987bb109e0ca44e7186ffa23f2b2eef8ee898b221,sha256:162836f8bd74a03bf7c80d3ea29b5c11c9bc34b2c1b851f240dc8c8597993ec5,Omega_hat_StateSize,74,=,MEASURED,,python-cpython-program-state-v5,python-cpython-monitoring-state-v5,CPython 3.12.11,initial-next-opcode-mutation-boundary-return-v1,3,experiments/classic_algorithms_state_prediction/measurements/program-complexity/short-trace-final/python/profiles.jsonl
program-complexity-normalized-v2,classic_algorithms_state_prediction,merge-sort,short-trace-final,python,7155035b1a592e4a908ea7f823edac2ce6d724359f15ac545c7915ca192dd711,6f1f922721cbda2c1bda768987bb109e0ca44e7186ffa23f2b2eef8ee898b221,sha256:162836f8bd74a03bf7c80d3ea29b5c11c9bc34b2c1b851f240dc8c8597993ec5,Omega_hat_StateLoad,55613,=,MEASURED,,python-cpython-program-state-sum-v1,python-cpython-monitoring-state-v5,CPython 3.12.11,initial-next-opcode-mutation-boundary-return-v1,3,experiments/classic_algorithms_state_prediction/measurements/program-complexity/short-trace-final/python/profiles.jsonl
program-complexity-normalized-v2,classic_algorithms_state_prediction,merge-sort,long-trace-final,python,7155035b1a592e4a908ea7f823edac2ce6d724359f15ac545c7915ca192dd711,d7084853488765dcaf7c1da03499fa93e21a246f8938c43abdc6d07dc7b87baa,sha256:313763fa5c46387b675dc54654752404d49ef8bb0fcaa2b27b1506c9ad118586,Omega_CC,8,=,MEASURED,,python-control-flow-v2,python-control-flow-v2,CPython 3.12.11,,1,experiments/classic_algorithms_state_prediction/measurements/program-complexity/long-trace-final/python/profiles.jsonl
program-complexity-normalized-v2,classic_algorithms_state_prediction,merge-sort,long-trace-final,python,7155035b1a592e4a908ea7f823edac2ce6d724359f15ac545c7915ca192dd711,d7084853488765dcaf7c1da03499fa93e21a246f8938c43abdc6d07dc7b87baa,sha256:313763fa5c46387b675dc54654752404d49ef8bb0fcaa2b27b1506c9ad118586,Omega_hat_NativeTrace,63979,=,MEASURED,,python-cpython-monitoring-instruction-v2,python-cpython-monitoring-state-v5,CPython 3.12.11,python-cpython-monitoring-instruction-v2,3,experiments/classic_algorithms_state_prediction/measurements/program-complexity/long-trace-final/python/profiles.jsonl
program-complexity-normalized-v2,classic_algorithms_state_prediction,merge-sort,long-trace-final,python,7155035b1a592e4a908ea7f823edac2ce6d724359f15ac545c7915ca192dd711,d7084853488765dcaf7c1da03499fa93e21a246f8938c43abdc6d07dc7b87baa,sha256:313763fa5c46387b675dc54654752404d49ef8bb0fcaa2b27b1506c9ad118586,Omega_hat_StateSize,522,=,MEASURED,,python-cpython-program-state-v5,python-cpython-monitoring-state-v5,CPython 3.12.11,initial-next-opcode-mutation-boundary-return-v1,3,experiments/classic_algorithms_state_prediction/measurements/program-complexity/long-trace-final/python/profiles.jsonl
program-complexity-normalized-v2,classic_algorithms_state_prediction,merge-sort,long-trace-final,python,7155035b1a592e4a908ea7f823edac2ce6d724359f15ac545c7915ca192dd711,d7084853488765dcaf7c1da03499fa93e21a246f8938c43abdc6d07dc7b87baa,sha256:313763fa5c46387b675dc54654752404d49ef8bb0fcaa2b27b1506c9ad118586,Omega_hat_StateLoad,4290034,=,MEASURED,,python-cpython-program-state-sum-v1,python-cpython-monitoring-state-v5,CPython 3.12.11,initial-next-opcode-mutation-boundary-return-v1,3,experiments/classic_algorithms_state_prediction/measurements/program-complexity/long-trace-final/python/profiles.jsonl
program-complexity-normalized-v2,classic_algorithms_state_prediction,merge-sort,inside-loop-state,python,48f84c1d37e314881a69c05b8df5ddb4940784d4995b60ccdaaef3b8b641d68d,d7084853488765dcaf7c1da03499fa93e21a246f8938c43abdc6d07dc7b87baa,sha256:10dfb7140de074d9d77e14b34bdcb16c369ee401ebbad798b58b83290192fc1f,Omega_CC,9,=,MEASURED,,python-control-flow-v2,python-control-flow-v2,CPython 3.12.11,,1,experiments/classic_algorithms_state_prediction/measurements/program-complexity/inside-loop-state/python/profiles.jsonl
program-complexity-normalized-v2,classic_algorithms_state_prediction,merge-sort,inside-loop-state,python,48f84c1d37e314881a69c05b8df5ddb4940784d4995b60ccdaaef3b8b641d68d,d7084853488765dcaf7c1da03499fa93e21a246f8938c43abdc6d07dc7b87baa,sha256:10dfb7140de074d9d77e14b34bdcb16c369ee401ebbad798b58b83290192fc1f,Omega_hat_NativeTrace,63595,=,MEASURED,,python-cpython-monitoring-instruction-v2,python-cpython-monitoring-state-v5,CPython 3.12.11,python-cpython-monitoring-instruction-v2,3,experiments/classic_algorithms_state_prediction/measurements/program-complexity/inside-loop-state/python/profiles.jsonl
program-complexity-normalized-v2,classic_algorithms_state_prediction,merge-sort,inside-loop-state,python,48f84c1d37e314881a69c05b8df5ddb4940784d4995b60ccdaaef3b8b641d68d,d7084853488765dcaf7c1da03499fa93e21a246f8938c43abdc6d07dc7b87baa,sha256:10dfb7140de074d9d77e14b34bdcb16c369ee401ebbad798b58b83290192fc1f,Omega_hat_StateSize,523,=,MEASURED,,python-cpython-program-state-v5,python-cpython-monitoring-state-v5,CPython 3.12.11,initial-next-opcode-mutation-boundary-return-v1,3,experiments/classic_algorithms_state_prediction/measurements/program-complexity/inside-loop-state/python/profiles.jsonl
program-complexity-normalized-v2,classic_algorithms_state_prediction,merge-sort,inside-loop-state,python,48f84c1d37e314881a69c05b8df5ddb4940784d4995b60ccdaaef3b8b641d68d,d7084853488765dcaf7c1da03499fa93e21a246f8938c43abdc6d07dc7b87baa,sha256:10dfb7140de074d9d77e14b34bdcb16c369ee401ebbad798b58b83290192fc1f,Omega_hat_StateLoad,4413312,=,MEASURED,,python-cpython-program-state-sum-v1,python-cpython-monitoring-state-v5,CPython 3.12.11,initial-next-opcode-mutation-boundary-return-v1,3,experiments/classic_algorithms_state_prediction/measurements/program-complexity/inside-loop-state/python/profiles.jsonl
program-complexity-normalized-v2,classic_algorithms_state_prediction,merge-sort,post-loop-state,python,9d989932d1e1c93c288442a41cd70ceaaaf5cc67d2297baa126dcf830dbe1627,d7084853488765dcaf7c1da03499fa93e21a246f8938c43abdc6d07dc7b87baa,sha256:937fae9cffc39264c2e93c9860e8809432f3a6162a87bf13b80c08ec89767e0b,Omega_CC,8,=,MEASURED,,python-control-flow-v2,python-control-flow-v2,CPython 3.12.11,,1,experiments/classic_algorithms_state_prediction/measurements/program-complexity/post-loop-state/python/profiles.jsonl
program-complexity-normalized-v2,classic_algorithms_state_prediction,merge-sort,post-loop-state,python,9d989932d1e1c93c288442a41cd70ceaaaf5cc67d2297baa126dcf830dbe1627,d7084853488765dcaf7c1da03499fa93e21a246f8938c43abdc6d07dc7b87baa,sha256:937fae9cffc39264c2e93c9860e8809432f3a6162a87bf13b80c08ec89767e0b,Omega_hat_NativeTrace,63984,=,MEASURED,,python-cpython-monitoring-instruction-v2,python-cpython-monitoring-state-v5,CPython 3.12.11,python-cpython-monitoring-instruction-v2,3,experiments/classic_algorithms_state_prediction/measurements/program-complexity/post-loop-state/python/profiles.jsonl
program-complexity-normalized-v2,classic_algorithms_state_prediction,merge-sort,post-loop-state,python,9d989932d1e1c93c288442a41cd70ceaaaf5cc67d2297baa126dcf830dbe1627,d7084853488765dcaf7c1da03499fa93e21a246f8938c43abdc6d07dc7b87baa,sha256:937fae9cffc39264c2e93c9860e8809432f3a6162a87bf13b80c08ec89767e0b,Omega_hat_StateSize,522,=,MEASURED,,python-cpython-program-state-v5,python-cpython-monitoring-state-v5,CPython 3.12.11,initial-next-opcode-mutation-boundary-return-v1,3,experiments/classic_algorithms_state_prediction/measurements/program-complexity/post-loop-state/python/profiles.jsonl
program-complexity-normalized-v2,classic_algorithms_state_prediction,merge-sort,post-loop-state,python,9d989932d1e1c93c288442a41cd70ceaaaf5cc67d2297baa126dcf830dbe1627,d7084853488765dcaf7c1da03499fa93e21a246f8938c43abdc6d07dc7b87baa,sha256:937fae9cffc39264c2e93c9860e8809432f3a6162a87bf13b80c08ec89767e0b,Omega_hat_StateLoad,4290034,=,MEASURED,,python-cpython-program-state-sum-v1,python-cpython-monitoring-state-v5,CPython 3.12.11,initial-next-opcode-mutation-boundary-return-v1,3,experiments/classic_algorithms_state_prediction/measurements/program-complexity/post-loop-state/python/profiles.jsonl
program-complexity-normalized-v2,classic_algorithms_state_prediction,minimum-cost-grid-path,short-trace-final,python,d7fd77432feaf6309eb602b3741d518866cf52866f9d319e7a59cc62108249f8,bb2ad0cd7bb71a4018f9c2f210b522a2926f25ca7adad3669be78f9029a1fc39,sha256:c457ebcf5d97e7b61ad9b6b73932e25e6c591f77fb547533e2a892ae54427312,Omega_CC,9,=,MEASURED,,python-control-flow-v2,python-control-flow-v2,CPython 3.12.11,,1,experiments/classic_algorithms_state_prediction/measurements/program-complexity/short-trace-final/python/profiles.jsonl
program-complexity-normalized-v2,classic_algorithms_state_prediction,minimum-cost-grid-path,short-trace-final,python,d7fd77432feaf6309eb602b3741d518866cf52866f9d319e7a59cc62108249f8,bb2ad0cd7bb71a4018f9c2f210b522a2926f25ca7adad3669be78f9029a1fc39,sha256:c457ebcf5d97e7b61ad9b6b73932e25e6c591f77fb547533e2a892ae54427312,Omega_hat_NativeTrace,1563,=,MEASURED,,python-cpython-monitoring-instruction-v2,python-cpython-monitoring-state-v5,CPython 3.12.11,python-cpython-monitoring-instruction-v2,3,experiments/classic_algorithms_state_prediction/measurements/program-complexity/short-trace-final/python/profiles.jsonl
program-complexity-normalized-v2,classic_algorithms_state_prediction,minimum-cost-grid-path,short-trace-final,python,d7fd77432feaf6309eb602b3741d518866cf52866f9d319e7a59cc62108249f8,bb2ad0cd7bb71a4018f9c2f210b522a2926f25ca7adad3669be78f9029a1fc39,sha256:c457ebcf5d97e7b61ad9b6b73932e25e6c591f77fb547533e2a892ae54427312,Omega_hat_StateSize,90,=,MEASURED,,python-cpython-program-state-v5,python-cpython-monitoring-state-v5,CPython 3.12.11,initial-next-opcode-mutation-boundary-return-v1,3,experiments/classic_algorithms_state_prediction/measurements/program-complexity/short-trace-final/python/profiles.jsonl
program-complexity-normalized-v2,classic_algorithms_state_prediction,minimum-cost-grid-path,short-trace-final,python,d7fd77432feaf6309eb602b3741d518866cf52866f9d319e7a59cc62108249f8,bb2ad0cd7bb71a4018f9c2f210b522a2926f25ca7adad3669be78f9029a1fc39,sha256:c457ebcf5d97e7b61ad9b6b73932e25e6c591f77fb547533e2a892ae54427312,Omega_hat_StateLoad,11159,=,MEASURED,,python-cpython-program-state-sum-v1,python-cpython-monitoring-state-v5,CPython 3.12.11,initial-next-opcode-mutation-boundary-return-v1,3,experiments/classic_algorithms_state_prediction/measurements/program-complexity/short-trace-final/python/profiles.jsonl
program-complexity-normalized-v2,classic_algorithms_state_prediction,minimum-cost-grid-path,long-trace-final,python,d7fd77432feaf6309eb602b3741d518866cf52866f9d319e7a59cc62108249f8,f52aa46fad5558f2d320b8eddab0a23d6e261616815a3c07d2d70ddf2c2f6cc5,sha256:ab9b47186101d33b1371321c9a4ddcfd0a4adc5026dec02f2ff3b90ed3f3c535,Omega_CC,9,=,MEASURED,,python-control-flow-v2,python-control-flow-v2,CPython 3.12.11,,1,experiments/classic_algorithms_state_prediction/measurements/program-complexity/long-trace-final/python/profiles.jsonl
program-complexity-normalized-v2,classic_algorithms_state_prediction,minimum-cost-grid-path,long-trace-final,python,d7fd77432feaf6309eb602b3741d518866cf52866f9d319e7a59cc62108249f8,f52aa46fad5558f2d320b8eddab0a23d6e261616815a3c07d2d70ddf2c2f6cc5,sha256:ab9b47186101d33b1371321c9a4ddcfd0a4adc5026dec02f2ff3b90ed3f3c535,Omega_hat_NativeTrace,16823,=,MEASURED,,python-cpython-monitoring-instruction-v2,python-cpython-monitoring-state-v5,CPython 3.12.11,python-cpython-monitoring-instruction-v2,3,experiments/classic_algorithms_state_prediction/measurements/program-complexity/long-trace-final/python/profiles.jsonl
program-complexity-normalized-v2,classic_algorithms_state_prediction,minimum-cost-grid-path,long-trace-final,python,d7fd77432feaf6309eb602b3741d518866cf52866f9d319e7a59cc62108249f8,f52aa46fad5558f2d320b8eddab0a23d6e261616815a3c07d2d70ddf2c2f6cc5,sha256:ab9b47186101d33b1371321c9a4ddcfd0a4adc5026dec02f2ff3b90ed3f3c535,Omega_hat_StateSize,846,=,MEASURED,,python-cpython-program-state-v5,python-cpython-monitoring-state-v5,CPython 3.12.11,initial-next-opcode-mutation-boundary-return-v1,3,experiments/classic_algorithms_state_prediction/measurements/program-complexity/long-trace-final/python/profiles.jsonl
program-complexity-normalized-v2,classic_algorithms_state_prediction,minimum-cost-grid-path,long-trace-final,python,d7fd77432feaf6309eb602b3741d518866cf52866f9d319e7a59cc62108249f8,f52aa46fad5558f2d320b8eddab0a23d6e261616815a3c07d2d70ddf2c2f6cc5,sha256:ab9b47186101d33b1371321c9a4ddcfd0a4adc5026dec02f2ff3b90ed3f3c535,Omega_hat_StateLoad,1040607,=,MEASURED,,python-cpython-program-state-sum-v1,python-cpython-monitoring-state-v5,CPython 3.12.11,initial-next-opcode-mutation-boundary-return-v1,3,experiments/classic_algorithms_state_prediction/measurements/program-complexity/long-trace-final/python/profiles.jsonl
program-complexity-normalized-v2,classic_algorithms_state_prediction,minimum-cost-grid-path,inside-loop-state,python,4716487bc9b48465bc0e32b324d397e5f3e658203ca91b3e4764e74bb1315b31,f52aa46fad5558f2d320b8eddab0a23d6e261616815a3c07d2d70ddf2c2f6cc5,sha256:14b24493d1cc8f1b93389187278d84bd05697e537fc6f40010c369961f4bcc7c,Omega_CC,10,=,MEASURED,,python-control-flow-v2,python-control-flow-v2,CPython 3.12.11,,1,experiments/classic_algorithms_state_prediction/measurements/program-complexity/inside-loop-state/python/profiles.jsonl
program-complexity-normalized-v2,classic_algorithms_state_prediction,minimum-cost-grid-path,inside-loop-state,python,4716487bc9b48465bc0e32b324d397e5f3e658203ca91b3e4764e74bb1315b31,f52aa46fad5558f2d320b8eddab0a23d6e261616815a3c07d2d70ddf2c2f6cc5,sha256:14b24493d1cc8f1b93389187278d84bd05697e537fc6f40010c369961f4bcc7c,Omega_hat_NativeTrace,15588,=,MEASURED,,python-cpython-monitoring-instruction-v2,python-cpython-monitoring-state-v5,CPython 3.12.11,python-cpython-monitoring-instruction-v2,3,experiments/classic_algorithms_state_prediction/measurements/program-complexity/inside-loop-state/python/profiles.jsonl
program-complexity-normalized-v2,classic_algorithms_state_prediction,minimum-cost-grid-path,inside-loop-state,python,4716487bc9b48465bc0e32b324d397e5f3e658203ca91b3e4764e74bb1315b31,f52aa46fad5558f2d320b8eddab0a23d6e261616815a3c07d2d70ddf2c2f6cc5,sha256:14b24493d1cc8f1b93389187278d84bd05697e537fc6f40010c369961f4bcc7c,Omega_hat_StateSize,847,=,MEASURED,,python-cpython-program-state-v5,python-cpython-monitoring-state-v5,CPython 3.12.11,initial-next-opcode-mutation-boundary-return-v1,3,experiments/classic_algorithms_state_prediction/measurements/program-complexity/inside-loop-state/python/profiles.jsonl
program-complexity-normalized-v2,classic_algorithms_state_prediction,minimum-cost-grid-path,inside-loop-state,python,4716487bc9b48465bc0e32b324d397e5f3e658203ca91b3e4764e74bb1315b31,f52aa46fad5558f2d320b8eddab0a23d6e261616815a3c07d2d70ddf2c2f6cc5,sha256:14b24493d1cc8f1b93389187278d84bd05697e537fc6f40010c369961f4bcc7c,Omega_hat_StateLoad,1077437,=,MEASURED,,python-cpython-program-state-sum-v1,python-cpython-monitoring-state-v5,CPython 3.12.11,initial-next-opcode-mutation-boundary-return-v1,3,experiments/classic_algorithms_state_prediction/measurements/program-complexity/inside-loop-state/python/profiles.jsonl
program-complexity-normalized-v2,classic_algorithms_state_prediction,minimum-cost-grid-path,post-loop-state,python,c9fec31bc182a93e288e83fe659678a0f2951a76688676d74df703ba757eca22,f52aa46fad5558f2d320b8eddab0a23d6e261616815a3c07d2d70ddf2c2f6cc5,sha256:f9a0ce64e627334c5b498c92cd05813b7f7f65bf9f4d80e9e67478553bb349cd,Omega_CC,9,=,MEASURED,,python-control-flow-v2,python-control-flow-v2,CPython 3.12.11,,1,experiments/classic_algorithms_state_prediction/measurements/program-complexity/post-loop-state/python/profiles.jsonl
program-complexity-normalized-v2,classic_algorithms_state_prediction,minimum-cost-grid-path,post-loop-state,python,c9fec31bc182a93e288e83fe659678a0f2951a76688676d74df703ba757eca22,f52aa46fad5558f2d320b8eddab0a23d6e261616815a3c07d2d70ddf2c2f6cc5,sha256:f9a0ce64e627334c5b498c92cd05813b7f7f65bf9f4d80e9e67478553bb349cd,Omega_hat_NativeTrace,16823,=,MEASURED,,python-cpython-monitoring-instruction-v2,python-cpython-monitoring-state-v5,CPython 3.12.11,python-cpython-monitoring-instruction-v2,3,experiments/classic_algorithms_state_prediction/measurements/program-complexity/post-loop-state/python/profiles.jsonl
program-complexity-normalized-v2,classic_algorithms_state_prediction,minimum-cost-grid-path,post-loop-state,python,c9fec31bc182a93e288e83fe659678a0f2951a76688676d74df703ba757eca22,f52aa46fad5558f2d320b8eddab0a23d6e261616815a3c07d2d70ddf2c2f6cc5,sha256:f9a0ce64e627334c5b498c92cd05813b7f7f65bf9f4d80e9e67478553bb349cd,Omega_hat_StateSize,846,=,MEASURED,,python-cpython-program-state-v5,python-cpython-monitoring-state-v5,CPython 3.12.11,initial-next-opcode-mutation-boundary-return-v1,3,experiments/classic_algorithms_state_prediction/measurements/program-complexity/post-loop-state/python/profiles.jsonl
program-complexity-normalized-v2,classic_algorithms_state_prediction,minimum-cost-grid-path,post-loop-state,python,c9fec31bc182a93e288e83fe659678a0f2951a76688676d74df703ba757eca22,f52aa46fad5558f2d320b8eddab0a23d6e261616815a3c07d2d70ddf2c2f6cc5,sha256:f9a0ce64e627334c5b498c92cd05813b7f7f65bf9f4d80e9e67478553bb349cd,Omega_hat_StateLoad,1040607,=,MEASURED,,python-cpython-program-state-sum-v1,python-cpython-monitoring-state-v5,CPython 3.12.11,initial-next-opcode-mutation-boundary-return-v1,3,experiments/classic_algorithms_state_prediction/measurements/program-complexity/post-loop-state/python/profiles.jsonl
program-complexity-normalized-v2,classic_algorithms_state_prediction,n-body,short-trace-final,python,9084ccaa993e74d51ae07ba1abe536a76505a605ebb0303e9caa5ce328e09e77,cf400fea485ffed33be5ce6e0e604247b041e958aa703aaf024cb90fd3ad7841,sha256:189bcc665a87e0fcd22c0fd88d4653318b10d01bda337fe6abf59d3c91f079e4,Omega_CC,10,=,MEASURED,,python-control-flow-v2,python-control-flow-v2,CPython 3.12.11,,1,experiments/classic_algorithms_state_prediction/measurements/program-complexity/short-trace-final/python/profiles.jsonl
program-complexity-normalized-v2,classic_algorithms_state_prediction,n-body,short-trace-final,python,9084ccaa993e74d51ae07ba1abe536a76505a605ebb0303e9caa5ce328e09e77,cf400fea485ffed33be5ce6e0e604247b041e958aa703aaf024cb90fd3ad7841,sha256:189bcc665a87e0fcd22c0fd88d4653318b10d01bda337fe6abf59d3c91f079e4,Omega_hat_NativeTrace,6351,=,MEASURED,,python-cpython-monitoring-instruction-v2,python-cpython-monitoring-state-v5,CPython 3.12.11,python-cpython-monitoring-instruction-v2,3,experiments/classic_algorithms_state_prediction/measurements/program-complexity/short-trace-final/python/profiles.jsonl
program-complexity-normalized-v2,classic_algorithms_state_prediction,n-body,short-trace-final,python,9084ccaa993e74d51ae07ba1abe536a76505a605ebb0303e9caa5ce328e09e77,cf400fea485ffed33be5ce6e0e604247b041e958aa703aaf024cb90fd3ad7841,sha256:189bcc665a87e0fcd22c0fd88d4653318b10d01bda337fe6abf59d3c91f079e4,Omega_hat_StateSize,98,=,MEASURED,,python-cpython-program-state-v5,python-cpython-monitoring-state-v5,CPython 3.12.11,initial-next-opcode-mutation-boundary-return-v1,3,experiments/classic_algorithms_state_prediction/measurements/program-complexity/short-trace-final/python/profiles.jsonl
program-complexity-normalized-v2,classic_algorithms_state_prediction,n-body,short-trace-final,python,9084ccaa993e74d51ae07ba1abe536a76505a605ebb0303e9caa5ce328e09e77,cf400fea485ffed33be5ce6e0e604247b041e958aa703aaf024cb90fd3ad7841,sha256:189bcc665a87e0fcd22c0fd88d4653318b10d01bda337fe6abf59d3c91f079e4,Omega_hat_StateLoad,84562,=,MEASURED,,python-cpython-program-state-sum-v1,python-cpython-monitoring-state-v5,CPython 3.12.11,initial-next-opcode-mutation-boundary-return-v1,3,experiments/classic_algorithms_state_prediction/measurements/program-complexity/short-trace-final/python/profiles.jsonl
program-complexity-normalized-v2,classic_algorithms_state_prediction,n-body,long-trace-final,python,9084ccaa993e74d51ae07ba1abe536a76505a605ebb0303e9caa5ce328e09e77,346d6a85c895530c35f3dbbf3aa0f2cc9fbbb26a58b4f60ec1fdf0a4d692997c,sha256:794d31ec0e8a9b37639ff1a76d269daf0350df3f3bef5c019475d5c696504eb3,Omega_CC,10,=,MEASURED,,python-control-flow-v2,python-control-flow-v2,CPython 3.12.11,,1,experiments/classic_algorithms_state_prediction/measurements/program-complexity/long-trace-final/python/profiles.jsonl
program-complexity-normalized-v2,classic_algorithms_state_prediction,n-body,long-trace-final,python,9084ccaa993e74d51ae07ba1abe536a76505a605ebb0303e9caa5ce328e09e77,346d6a85c895530c35f3dbbf3aa0f2cc9fbbb26a58b4f60ec1fdf0a4d692997c,sha256:794d31ec0e8a9b37639ff1a76d269daf0350df3f3bef5c019475d5c696504eb3,Omega_hat_NativeTrace,123994,=,MEASURED,,python-cpython-monitoring-instruction-v2,python-cpython-monitoring-state-v5,CPython 3.12.11,python-cpython-monitoring-instruction-v2,3,experiments/classic_algorithms_state_prediction/measurements/program-complexity/long-trace-final/python/profiles.jsonl
program-complexity-normalized-v2,classic_algorithms_state_prediction,n-body,long-trace-final,python,9084ccaa993e74d51ae07ba1abe536a76505a605ebb0303e9caa5ce328e09e77,346d6a85c895530c35f3dbbf3aa0f2cc9fbbb26a58b4f60ec1fdf0a4d692997c,sha256:794d31ec0e8a9b37639ff1a76d269daf0350df3f3bef5c019475d5c696504eb3,Omega_hat_StateSize,294,=,MEASURED,,python-cpython-program-state-v5,python-cpython-monitoring-state-v5,CPython 3.12.11,initial-next-opcode-mutation-boundary-return-v1,3,experiments/classic_algorithms_state_prediction/measurements/program-complexity/long-trace-final/python/profiles.jsonl
program-complexity-normalized-v2,classic_algorithms_state_prediction,n-body,long-trace-final,python,9084ccaa993e74d51ae07ba1abe536a76505a605ebb0303e9caa5ce328e09e77,346d6a85c895530c35f3dbbf3aa0f2cc9fbbb26a58b4f60ec1fdf0a4d692997c,sha256:794d31ec0e8a9b37639ff1a76d269daf0350df3f3bef5c019475d5c696504eb3,Omega_hat_StateLoad,5352364,=,MEASURED,,python-cpython-program-state-sum-v1,python-cpython-monitoring-state-v5,CPython 3.12.11,initial-next-opcode-mutation-boundary-return-v1,3,experiments/classic_algorithms_state_prediction/measurements/program-complexity/long-trace-final/python/profiles.jsonl
program-complexity-normalized-v2,classic_algorithms_state_prediction,n-body,inside-loop-state,python,2372ba07e6d90044748b6858a5be1d4a27d8f639c79f39afff89d686742128cd,346d6a85c895530c35f3dbbf3aa0f2cc9fbbb26a58b4f60ec1fdf0a4d692997c,sha256:0c9b59e919e4aee79f898ac22d4955d3e6ab9c791b79f6331ad88668ece7a047,Omega_CC,11,=,MEASURED,,python-control-flow-v2,python-control-flow-v2,CPython 3.12.11,,1,experiments/classic_algorithms_state_prediction/measurements/program-complexity/inside-loop-state/python/profiles.jsonl
program-complexity-normalized-v2,classic_algorithms_state_prediction,n-body,inside-loop-state,python,2372ba07e6d90044748b6858a5be1d4a27d8f639c79f39afff89d686742128cd,346d6a85c895530c35f3dbbf3aa0f2cc9fbbb26a58b4f60ec1fdf0a4d692997c,sha256:0c9b59e919e4aee79f898ac22d4955d3e6ab9c791b79f6331ad88668ece7a047,Omega_hat_NativeTrace,102966,=,MEASURED,,python-cpython-monitoring-instruction-v2,python-cpython-monitoring-state-v5,CPython 3.12.11,python-cpython-monitoring-instruction-v2,3,experiments/classic_algorithms_state_prediction/measurements/program-complexity/inside-loop-state/python/profiles.jsonl
program-complexity-normalized-v2,classic_algorithms_state_prediction,n-body,inside-loop-state,python,2372ba07e6d90044748b6858a5be1d4a27d8f639c79f39afff89d686742128cd,346d6a85c895530c35f3dbbf3aa0f2cc9fbbb26a58b4f60ec1fdf0a4d692997c,sha256:0c9b59e919e4aee79f898ac22d4955d3e6ab9c791b79f6331ad88668ece7a047,Omega_hat_StateSize,295,=,MEASURED,,python-cpython-program-state-v5,python-cpython-monitoring-state-v5,CPython 3.12.11,initial-next-opcode-mutation-boundary-return-v1,3,experiments/classic_algorithms_state_prediction/measurements/program-complexity/inside-loop-state/python/profiles.jsonl
program-complexity-normalized-v2,classic_algorithms_state_prediction,n-body,inside-loop-state,python,2372ba07e6d90044748b6858a5be1d4a27d8f639c79f39afff89d686742128cd,346d6a85c895530c35f3dbbf3aa0f2cc9fbbb26a58b4f60ec1fdf0a4d692997c,sha256:0c9b59e919e4aee79f898ac22d4955d3e6ab9c791b79f6331ad88668ece7a047,Omega_hat_StateLoad,4429238,=,MEASURED,,python-cpython-program-state-sum-v1,python-cpython-monitoring-state-v5,CPython 3.12.11,initial-next-opcode-mutation-boundary-return-v1,3,experiments/classic_algorithms_state_prediction/measurements/program-complexity/inside-loop-state/python/profiles.jsonl
program-complexity-normalized-v2,classic_algorithms_state_prediction,n-body,post-loop-state,python,3ec355061f87811be265b446b0a8978cef908c2270915dfe47153f3744565019,346d6a85c895530c35f3dbbf3aa0f2cc9fbbb26a58b4f60ec1fdf0a4d692997c,sha256:9861d7a174c15a44cc769cf4806fc65cdb63beeef0c7b15f1f5d166ef74beba0,Omega_CC,10,=,MEASURED,,python-control-flow-v2,python-control-flow-v2,CPython 3.12.11,,1,experiments/classic_algorithms_state_prediction/measurements/program-complexity/post-loop-state/python/profiles.jsonl
program-complexity-normalized-v2,classic_algorithms_state_prediction,n-body,post-loop-state,python,3ec355061f87811be265b446b0a8978cef908c2270915dfe47153f3744565019,346d6a85c895530c35f3dbbf3aa0f2cc9fbbb26a58b4f60ec1fdf0a4d692997c,sha256:9861d7a174c15a44cc769cf4806fc65cdb63beeef0c7b15f1f5d166ef74beba0,Omega_hat_NativeTrace,123994,=,MEASURED,,python-cpython-monitoring-instruction-v2,python-cpython-monitoring-state-v5,CPython 3.12.11,python-cpython-monitoring-instruction-v2,3,experiments/classic_algorithms_state_prediction/measurements/program-complexity/post-loop-state/python/profiles.jsonl
program-complexity-normalized-v2,classic_algorithms_state_prediction,n-body,post-loop-state,python,3ec355061f87811be265b446b0a8978cef908c2270915dfe47153f3744565019,346d6a85c895530c35f3dbbf3aa0f2cc9fbbb26a58b4f60ec1fdf0a4d692997c,sha256:9861d7a174c15a44cc769cf4806fc65cdb63beeef0c7b15f1f5d166ef74beba0,Omega_hat_StateSize,294,=,MEASURED,,python-cpython-program-state-v5,python-cpython-monitoring-state-v5,CPython 3.12.11,initial-next-opcode-mutation-boundary-return-v1,3,experiments/classic_algorithms_state_prediction/measurements/program-complexity/post-loop-state/python/profiles.jsonl
program-complexity-normalized-v2,classic_algorithms_state_prediction,n-body,post-loop-state,python,3ec355061f87811be265b446b0a8978cef908c2270915dfe47153f3744565019,346d6a85c895530c35f3dbbf3aa0f2cc9fbbb26a58b4f60ec1fdf0a4d692997c,sha256:9861d7a174c15a44cc769cf4806fc65cdb63beeef0c7b15f1f5d166ef74beba0,Omega_hat_StateLoad,5352364,=,MEASURED,,python-cpython-program-state-sum-v1,python-cpython-monitoring-state-v5,CPython 3.12.11,initial-next-opcode-mutation-boundary-return-v1,3,experiments/classic_algorithms_state_prediction/measurements/program-complexity/post-loop-state/python/profiles.jsonl
program-complexity-normalized-v2,classic_algorithms_state_prediction,optimal-binary-search-tree,short-trace-final,python,763872752a3c8db7d892e9e028c1244b529281b4327b9d7c2ff073b0986949b3,515b59ab9c77ab751baa53aa202dc550abdb95108dad8d03843e700c9065a7db,sha256:0ff5394378fa68767bbe13ad510e13ca6c995e2a91a755361ca6476a94c9da17,Omega_CC,11,=,MEASURED,,python-control-flow-v2,python-control-flow-v2,CPython 3.12.11,,1,experiments/classic_algorithms_state_prediction/measurements/program-complexity/short-trace-final/python/profiles.jsonl
program-complexity-normalized-v2,classic_algorithms_state_prediction,optimal-binary-search-tree,short-trace-final,python,763872752a3c8db7d892e9e028c1244b529281b4327b9d7c2ff073b0986949b3,515b59ab9c77ab751baa53aa202dc550abdb95108dad8d03843e700c9065a7db,sha256:0ff5394378fa68767bbe13ad510e13ca6c995e2a91a755361ca6476a94c9da17,Omega_hat_NativeTrace,6666,=,MEASURED,,python-cpython-monitoring-instruction-v2,python-cpython-monitoring-state-v5,CPython 3.12.11,python-cpython-monitoring-instruction-v2,3,experiments/classic_algorithms_state_prediction/measurements/program-complexity/short-trace-final/python/profiles.jsonl
program-complexity-normalized-v2,classic_algorithms_state_prediction,optimal-binary-search-tree,short-trace-final,python,763872752a3c8db7d892e9e028c1244b529281b4327b9d7c2ff073b0986949b3,515b59ab9c77ab751baa53aa202dc550abdb95108dad8d03843e700c9065a7db,sha256:0ff5394378fa68767bbe13ad510e13ca6c995e2a91a755361ca6476a94c9da17,Omega_hat_StateSize,173,=,MEASURED,,python-cpython-program-state-v5,python-cpython-monitoring-state-v5,CPython 3.12.11,initial-next-opcode-mutation-boundary-return-v1,3,experiments/classic_algorithms_state_prediction/measurements/program-complexity/short-trace-final/python/profiles.jsonl
program-complexity-normalized-v2,classic_algorithms_state_prediction,optimal-binary-search-tree,short-trace-final,python,763872752a3c8db7d892e9e028c1244b529281b4327b9d7c2ff073b0986949b3,515b59ab9c77ab751baa53aa202dc550abdb95108dad8d03843e700c9065a7db,sha256:0ff5394378fa68767bbe13ad510e13ca6c995e2a91a755361ca6476a94c9da17,Omega_hat_StateLoad,133235,=,MEASURED,,python-cpython-program-state-sum-v1,python-cpython-monitoring-state-v5,CPython 3.12.11,initial-next-opcode-mutation-boundary-return-v1,3,experiments/classic_algorithms_state_prediction/measurements/program-complexity/short-trace-final/python/profiles.jsonl
program-complexity-normalized-v2,classic_algorithms_state_prediction,optimal-binary-search-tree,long-trace-final,python,763872752a3c8db7d892e9e028c1244b529281b4327b9d7c2ff073b0986949b3,484d4d2428f8d460e137bb0790fb57be7ec6e5b649a7f84c7d937e212184023c,sha256:82777d95fbc847b627d78f4a568ab7409d22ce7ab1b79326535deb0613210197,Omega_CC,11,=,MEASURED,,python-control-flow-v2,python-control-flow-v2,CPython 3.12.11,,1,experiments/classic_algorithms_state_prediction/measurements/program-complexity/long-trace-final/python/profiles.jsonl
program-complexity-normalized-v2,classic_algorithms_state_prediction,optimal-binary-search-tree,long-trace-final,python,763872752a3c8db7d892e9e028c1244b529281b4327b9d7c2ff073b0986949b3,484d4d2428f8d460e137bb0790fb57be7ec6e5b649a7f84c7d937e212184023c,sha256:82777d95fbc847b627d78f4a568ab7409d22ce7ab1b79326535deb0613210197,Omega_hat_NativeTrace,123806,=,MEASURED,,python-cpython-monitoring-instruction-v2,python-cpython-monitoring-state-v5,CPython 3.12.11,python-cpython-monitoring-instruction-v2,3,experiments/classic_algorithms_state_prediction/measurements/program-complexity/long-trace-final/python/profiles.jsonl
program-complexity-normalized-v2,classic_algorithms_state_prediction,optimal-binary-search-tree,long-trace-final,python,763872752a3c8db7d892e9e028c1244b529281b4327b9d7c2ff073b0986949b3,484d4d2428f8d460e137bb0790fb57be7ec6e5b649a7f84c7d937e212184023c,sha256:82777d95fbc847b627d78f4a568ab7409d22ce7ab1b79326535deb0613210197,Omega_hat_StateSize,1261,=,MEASURED,,python-cpython-program-state-v5,python-cpython-monitoring-state-v5,CPython 3.12.11,initial-next-opcode-mutation-boundary-return-v1,3,experiments/classic_algorithms_state_prediction/measurements/program-complexity/long-trace-final/python/profiles.jsonl
program-complexity-normalized-v2,classic_algorithms_state_prediction,optimal-binary-search-tree,long-trace-final,python,763872752a3c8db7d892e9e028c1244b529281b4327b9d7c2ff073b0986949b3,484d4d2428f8d460e137bb0790fb57be7ec6e5b649a7f84c7d937e212184023c,sha256:82777d95fbc847b627d78f4a568ab7409d22ce7ab1b79326535deb0613210197,Omega_hat_StateLoad,16932957,=,MEASURED,,python-cpython-program-state-sum-v1,python-cpython-monitoring-state-v5,CPython 3.12.11,initial-next-opcode-mutation-boundary-return-v1,3,experiments/classic_algorithms_state_prediction/measurements/program-complexity/long-trace-final/python/profiles.jsonl
program-complexity-normalized-v2,classic_algorithms_state_prediction,optimal-binary-search-tree,inside-loop-state,python,6c44d55cc009a5a62ec16b4d90d4ea41f1b4a82069fc64e0a2790e404958c7b2,484d4d2428f8d460e137bb0790fb57be7ec6e5b649a7f84c7d937e212184023c,sha256:2bcb52d348e5775f5605da301b73d0548cc2e675df3660e38a563bee0dc1b35b,Omega_CC,12,=,MEASURED,,python-control-flow-v2,python-control-flow-v2,CPython 3.12.11,,1,experiments/classic_algorithms_state_prediction/measurements/program-complexity/inside-loop-state/python/profiles.jsonl
program-complexity-normalized-v2,classic_algorithms_state_prediction,optimal-binary-search-tree,inside-loop-state,python,6c44d55cc009a5a62ec16b4d90d4ea41f1b4a82069fc64e0a2790e404958c7b2,484d4d2428f8d460e137bb0790fb57be7ec6e5b649a7f84c7d937e212184023c,sha256:2bcb52d348e5775f5605da301b73d0548cc2e675df3660e38a563bee0dc1b35b,Omega_hat_NativeTrace,114154,=,MEASURED,,python-cpython-monitoring-instruction-v2,python-cpython-monitoring-state-v5,CPython 3.12.11,python-cpython-monitoring-instruction-v2,3,experiments/classic_algorithms_state_prediction/measurements/program-complexity/inside-loop-state/python/profiles.jsonl
program-complexity-normalized-v2,classic_algorithms_state_prediction,optimal-binary-search-tree,inside-loop-state,python,6c44d55cc009a5a62ec16b4d90d4ea41f1b4a82069fc64e0a2790e404958c7b2,484d4d2428f8d460e137bb0790fb57be7ec6e5b649a7f84c7d937e212184023c,sha256:2bcb52d348e5775f5605da301b73d0548cc2e675df3660e38a563bee0dc1b35b,Omega_hat_StateSize,1262,=,MEASURED,,python-cpython-program-state-v5,python-cpython-monitoring-state-v5,CPython 3.12.11,initial-next-opcode-mutation-boundary-return-v1,3,experiments/classic_algorithms_state_prediction/measurements/program-complexity/inside-loop-state/python/profiles.jsonl
program-complexity-normalized-v2,classic_algorithms_state_prediction,optimal-binary-search-tree,inside-loop-state,python,6c44d55cc009a5a62ec16b4d90d4ea41f1b4a82069fc64e0a2790e404958c7b2,484d4d2428f8d460e137bb0790fb57be7ec6e5b649a7f84c7d937e212184023c,sha256:2bcb52d348e5775f5605da301b73d0548cc2e675df3660e38a563bee0dc1b35b,Omega_hat_StateLoad,16083301,=,MEASURED,,python-cpython-program-state-sum-v1,python-cpython-monitoring-state-v5,CPython 3.12.11,initial-next-opcode-mutation-boundary-return-v1,3,experiments/classic_algorithms_state_prediction/measurements/program-complexity/inside-loop-state/python/profiles.jsonl
program-complexity-normalized-v2,classic_algorithms_state_prediction,optimal-binary-search-tree,post-loop-state,python,843551dff03e92314572a9f75a7ed94637d994b5eb04428c5b958feebb5d7866,484d4d2428f8d460e137bb0790fb57be7ec6e5b649a7f84c7d937e212184023c,sha256:d8214f5fafd9ed65e731321c30a3e269d9b737cfc5995ad4d366aac513fa5db5,Omega_CC,11,=,MEASURED,,python-control-flow-v2,python-control-flow-v2,CPython 3.12.11,,1,experiments/classic_algorithms_state_prediction/measurements/program-complexity/post-loop-state/python/profiles.jsonl
program-complexity-normalized-v2,classic_algorithms_state_prediction,optimal-binary-search-tree,post-loop-state,python,843551dff03e92314572a9f75a7ed94637d994b5eb04428c5b958feebb5d7866,484d4d2428f8d460e137bb0790fb57be7ec6e5b649a7f84c7d937e212184023c,sha256:d8214f5fafd9ed65e731321c30a3e269d9b737cfc5995ad4d366aac513fa5db5,Omega_hat_NativeTrace,123803,=,MEASURED,,python-cpython-monitoring-instruction-v2,python-cpython-monitoring-state-v5,CPython 3.12.11,python-cpython-monitoring-instruction-v2,3,experiments/classic_algorithms_state_prediction/measurements/program-complexity/post-loop-state/python/profiles.jsonl
program-complexity-normalized-v2,classic_algorithms_state_prediction,optimal-binary-search-tree,post-loop-state,python,843551dff03e92314572a9f75a7ed94637d994b5eb04428c5b958feebb5d7866,484d4d2428f8d460e137bb0790fb57be7ec6e5b649a7f84c7d937e212184023c,sha256:d8214f5fafd9ed65e731321c30a3e269d9b737cfc5995ad4d366aac513fa5db5,Omega_hat_StateSize,1261,=,MEASURED,,python-cpython-program-state-v5,python-cpython-monitoring-state-v5,CPython 3.12.11,initial-next-opcode-mutation-boundary-return-v1,3,experiments/classic_algorithms_state_prediction/measurements/program-complexity/post-loop-state/python/profiles.jsonl
program-complexity-normalized-v2,classic_algorithms_state_prediction,optimal-binary-search-tree,post-loop-state,python,843551dff03e92314572a9f75a7ed94637d994b5eb04428c5b958feebb5d7866,484d4d2428f8d460e137bb0790fb57be7ec6e5b649a7f84c7d937e212184023c,sha256:d8214f5fafd9ed65e731321c30a3e269d9b737cfc5995ad4d366aac513fa5db5,Omega_hat_StateLoad,16932957,=,MEASURED,,python-cpython-program-state-sum-v1,python-cpython-monitoring-state-v5,CPython 3.12.11,initial-next-opcode-mutation-boundary-return-v1,3,experiments/classic_algorithms_state_prediction/measurements/program-complexity/post-loop-state/python/profiles.jsonl
program-complexity-normalized-v2,classic_algorithms_state_prediction,palindrome-partitioning,short-trace-final,python,c292ba530eeeae0791133aca5c69a73c36813e73c776c48ecd75a58734a2e7df,0319e5540310d0dec58b4392273c67e0ae558ae64aa84b16a1c132b0bfd409ec,sha256:bae16c105fcd9bf705aae357f4261abe4ad31f2b835aae267666305904796117,Omega_CC,9,=,MEASURED,,python-control-flow-v2,python-control-flow-v2,CPython 3.12.11,,1,experiments/classic_algorithms_state_prediction/measurements/program-complexity/short-trace-final/python/profiles.jsonl
program-complexity-normalized-v2,classic_algorithms_state_prediction,palindrome-partitioning,short-trace-final,python,c292ba530eeeae0791133aca5c69a73c36813e73c776c48ecd75a58734a2e7df,0319e5540310d0dec58b4392273c67e0ae558ae64aa84b16a1c132b0bfd409ec,sha256:bae16c105fcd9bf705aae357f4261abe4ad31f2b835aae267666305904796117,Omega_hat_NativeTrace,2957,=,MEASURED,,python-cpython-monitoring-instruction-v2,python-cpython-monitoring-state-v5,CPython 3.12.11,python-cpython-monitoring-instruction-v2,3,experiments/classic_algorithms_state_prediction/measurements/program-complexity/short-trace-final/python/profiles.jsonl
program-complexity-normalized-v2,classic_algorithms_state_prediction,palindrome-partitioning,short-trace-final,python,c292ba530eeeae0791133aca5c69a73c36813e73c776c48ecd75a58734a2e7df,0319e5540310d0dec58b4392273c67e0ae558ae64aa84b16a1c132b0bfd409ec,sha256:bae16c105fcd9bf705aae357f4261abe4ad31f2b835aae267666305904796117,Omega_hat_StateSize,244,=,MEASURED,,python-cpython-program-state-v5,python-cpython-monitoring-state-v5,CPython 3.12.11,initial-next-opcode-mutation-boundary-return-v1,3,experiments/classic_algorithms_state_prediction/measurements/program-complexity/short-trace-final/python/profiles.jsonl
program-complexity-normalized-v2,classic_algorithms_state_prediction,palindrome-partitioning,short-trace-final,python,c292ba530eeeae0791133aca5c69a73c36813e73c776c48ecd75a58734a2e7df,0319e5540310d0dec58b4392273c67e0ae558ae64aa84b16a1c132b0bfd409ec,sha256:bae16c105fcd9bf705aae357f4261abe4ad31f2b835aae267666305904796117,Omega_hat_StateLoad,61709,=,MEASURED,,python-cpython-program-state-sum-v1,python-cpython-monitoring-state-v5,CPython 3.12.11,initial-next-opcode-mutation-boundary-return-v1,3,experiments/classic_algorithms_state_prediction/measurements/program-complexity/short-trace-final/python/profiles.jsonl
program-complexity-normalized-v2,classic_algorithms_state_prediction,palindrome-partitioning,long-trace-final,python,c292ba530eeeae0791133aca5c69a73c36813e73c776c48ecd75a58734a2e7df,c74a3b881a1394921a5f9295dbfca730c2a7dfc096f5830ee9a6dc52f1dbcffd,sha256:acf60f62d00c39ee09eafdcb7bce18a578d985e60b6cc6f4306f05a14f4f22ca,Omega_CC,9,=,MEASURED,,python-control-flow-v2,python-control-flow-v2,CPython 3.12.11,,1,experiments/classic_algorithms_state_prediction/measurements/program-complexity/long-trace-final/python/profiles.jsonl
program-complexity-normalized-v2,classic_algorithms_state_prediction,palindrome-partitioning,long-trace-final,python,c292ba530eeeae0791133aca5c69a73c36813e73c776c48ecd75a58734a2e7df,c74a3b881a1394921a5f9295dbfca730c2a7dfc096f5830ee9a6dc52f1dbcffd,sha256:acf60f62d00c39ee09eafdcb7bce18a578d985e60b6cc6f4306f05a14f4f22ca,Omega_hat_NativeTrace,14578,=,MEASURED,,python-cpython-monitoring-instruction-v2,python-cpython-monitoring-state-v5,CPython 3.12.11,python-cpython-monitoring-instruction-v2,3,experiments/classic_algorithms_state_prediction/measurements/program-complexity/long-trace-final/python/profiles.jsonl
program-complexity-normalized-v2,classic_algorithms_state_prediction,palindrome-partitioning,long-trace-final,python,c292ba530eeeae0791133aca5c69a73c36813e73c776c48ecd75a58734a2e7df,c74a3b881a1394921a5f9295dbfca730c2a7dfc096f5830ee9a6dc52f1dbcffd,sha256:acf60f62d00c39ee09eafdcb7bce18a578d985e60b6cc6f4306f05a14f4f22ca,Omega_hat_StateSize,1726,=,MEASURED,,python-cpython-program-state-v5,python-cpython-monitoring-state-v5,CPython 3.12.11,initial-next-opcode-mutation-boundary-return-v1,3,experiments/classic_algorithms_state_prediction/measurements/program-complexity/long-trace-final/python/profiles.jsonl
program-complexity-normalized-v2,classic_algorithms_state_prediction,palindrome-partitioning,long-trace-final,python,c292ba530eeeae0791133aca5c69a73c36813e73c776c48ecd75a58734a2e7df,c74a3b881a1394921a5f9295dbfca730c2a7dfc096f5830ee9a6dc52f1dbcffd,sha256:acf60f62d00c39ee09eafdcb7bce18a578d985e60b6cc6f4306f05a14f4f22ca,Omega_hat_StateLoad,1915837,=,MEASURED,,python-cpython-program-state-sum-v1,python-cpython-monitoring-state-v5,CPython 3.12.11,initial-next-opcode-mutation-boundary-return-v1,3,experiments/classic_algorithms_state_prediction/measurements/program-complexity/long-trace-final/python/profiles.jsonl
program-complexity-normalized-v2,classic_algorithms_state_prediction,palindrome-partitioning,inside-loop-state,python,8fcae68327cd534046ced7b3a853c4b5f968e28d0ff6aff9f6a8b5dc9c89cea5,c74a3b881a1394921a5f9295dbfca730c2a7dfc096f5830ee9a6dc52f1dbcffd,sha256:f9dea334c0538887da3337a5b8073c293f4ab82ec75ec07fc7779911b2187244,Omega_CC,10,=,MEASURED,,python-control-flow-v2,python-control-flow-v2,CPython 3.12.11,,1,experiments/classic_algorithms_state_prediction/measurements/program-complexity/inside-loop-state/python/profiles.jsonl
program-complexity-normalized-v2,classic_algorithms_state_prediction,palindrome-partitioning,inside-loop-state,python,8fcae68327cd534046ced7b3a853c4b5f968e28d0ff6aff9f6a8b5dc9c89cea5,c74a3b881a1394921a5f9295dbfca730c2a7dfc096f5830ee9a6dc52f1dbcffd,sha256:f9dea334c0538887da3337a5b8073c293f4ab82ec75ec07fc7779911b2187244,Omega_hat_NativeTrace,16500,=,MEASURED,,python-cpython-monitoring-instruction-v2,python-cpython-monitoring-state-v5,CPython 3.12.11,python-cpython-monitoring-instruction-v2,3,experiments/classic_algorithms_state_prediction/measurements/program-complexity/inside-loop-state/python/profiles.jsonl
program-complexity-normalized-v2,classic_algorithms_state_prediction,palindrome-partitioning,inside-loop-state,python,8fcae68327cd534046ced7b3a853c4b5f968e28d0ff6aff9f6a8b5dc9c89cea5,c74a3b881a1394921a5f9295dbfca730c2a7dfc096f5830ee9a6dc52f1dbcffd,sha256:f9dea334c0538887da3337a5b8073c293f4ab82ec75ec07fc7779911b2187244,Omega_hat_StateSize,1727,=,MEASURED,,python-cpython-program-state-v5,python-cpython-monitoring-state-v5,CPython 3.12.11,initial-next-opcode-mutation-boundary-return-v1,3,experiments/classic_algorithms_state_prediction/measurements/program-complexity/inside-loop-state/python/profiles.jsonl
program-complexity-normalized-v2,classic_algorithms_state_prediction,palindrome-partitioning,inside-loop-state,python,8fcae68327cd534046ced7b3a853c4b5f968e28d0ff6aff9f6a8b5dc9c89cea5,c74a3b881a1394921a5f9295dbfca730c2a7dfc096f5830ee9a6dc52f1dbcffd,sha256:f9dea334c0538887da3337a5b8073c293f4ab82ec75ec07fc7779911b2187244,Omega_hat_StateLoad,2621648,=,MEASURED,,python-cpython-program-state-sum-v1,python-cpython-monitoring-state-v5,CPython 3.12.11,initial-next-opcode-mutation-boundary-return-v1,3,experiments/classic_algorithms_state_prediction/measurements/program-complexity/inside-loop-state/python/profiles.jsonl
program-complexity-normalized-v2,classic_algorithms_state_prediction,palindrome-partitioning,post-loop-state,python,0bb49cd65db87fc1c4841cf636aeb6f7ee4295cae2e62d6abf18f48a57292194,c74a3b881a1394921a5f9295dbfca730c2a7dfc096f5830ee9a6dc52f1dbcffd,sha256:0923c622cd7a2ec1839363e52affbf1e7f896c36e468028d0524ed298024b4d2,Omega_CC,9,=,MEASURED,,python-control-flow-v2,python-control-flow-v2,CPython 3.12.11,,1,experiments/classic_algorithms_state_prediction/measurements/program-complexity/post-loop-state/python/profiles.jsonl
program-complexity-normalized-v2,classic_algorithms_state_prediction,palindrome-partitioning,post-loop-state,python,0bb49cd65db87fc1c4841cf636aeb6f7ee4295cae2e62d6abf18f48a57292194,c74a3b881a1394921a5f9295dbfca730c2a7dfc096f5830ee9a6dc52f1dbcffd,sha256:0923c622cd7a2ec1839363e52affbf1e7f896c36e468028d0524ed298024b4d2,Omega_hat_NativeTrace,14579,=,MEASURED,,python-cpython-monitoring-instruction-v2,python-cpython-monitoring-state-v5,CPython 3.12.11,python-cpython-monitoring-instruction-v2,3,experiments/classic_algorithms_state_prediction/measurements/program-complexity/post-loop-state/python/profiles.jsonl
program-complexity-normalized-v2,classic_algorithms_state_prediction,palindrome-partitioning,post-loop-state,python,0bb49cd65db87fc1c4841cf636aeb6f7ee4295cae2e62d6abf18f48a57292194,c74a3b881a1394921a5f9295dbfca730c2a7dfc096f5830ee9a6dc52f1dbcffd,sha256:0923c622cd7a2ec1839363e52affbf1e7f896c36e468028d0524ed298024b4d2,Omega_hat_StateSize,1726,=,MEASURED,,python-cpython-program-state-v5,python-cpython-monitoring-state-v5,CPython 3.12.11,initial-next-opcode-mutation-boundary-return-v1,3,experiments/classic_algorithms_state_prediction/measurements/program-complexity/post-loop-state/python/profiles.jsonl
program-complexity-normalized-v2,classic_algorithms_state_prediction,palindrome-partitioning,post-loop-state,python,0bb49cd65db87fc1c4841cf636aeb6f7ee4295cae2e62d6abf18f48a57292194,c74a3b881a1394921a5f9295dbfca730c2a7dfc096f5830ee9a6dc52f1dbcffd,sha256:0923c622cd7a2ec1839363e52affbf1e7f896c36e468028d0524ed298024b4d2,Omega_hat_StateLoad,1915837,=,MEASURED,,python-cpython-program-state-sum-v1,python-cpython-monitoring-state-v5,CPython 3.12.11,initial-next-opcode-mutation-boundary-return-v1,3,experiments/classic_algorithms_state_prediction/measurements/program-complexity/post-loop-state/python/profiles.jsonl
program-complexity-normalized-v2,classic_algorithms_state_prediction,prim,short-trace-final,python,3df949d3865ccaaadb0b7484a470de4a955e9dcdcedd61a8bf63f41b426807d3,4d3914145ab16860719de6cd5c7a21fcbc6d06edf689aa7b9a2b53388a56f6d9,sha256:c24b32881fdccbff663745cd9ad8fc0b4bcfcc80a9facfbc28c3f19e2eb0c189,Omega_CC,8,=,MEASURED,,python-control-flow-v2,python-control-flow-v2,CPython 3.12.11,,1,experiments/classic_algorithms_state_prediction/measurements/program-complexity/short-trace-final/python/profiles.jsonl
program-complexity-normalized-v2,classic_algorithms_state_prediction,prim,short-trace-final,python,3df949d3865ccaaadb0b7484a470de4a955e9dcdcedd61a8bf63f41b426807d3,4d3914145ab16860719de6cd5c7a21fcbc6d06edf689aa7b9a2b53388a56f6d9,sha256:c24b32881fdccbff663745cd9ad8fc0b4bcfcc80a9facfbc28c3f19e2eb0c189,Omega_hat_NativeTrace,2260,=,MEASURED,,python-cpython-monitoring-instruction-v2,python-cpython-monitoring-state-v5,CPython 3.12.11,python-cpython-monitoring-instruction-v2,3,experiments/classic_algorithms_state_prediction/measurements/program-complexity/short-trace-final/python/profiles.jsonl
program-complexity-normalized-v2,classic_algorithms_state_prediction,prim,short-trace-final,python,3df949d3865ccaaadb0b7484a470de4a955e9dcdcedd61a8bf63f41b426807d3,4d3914145ab16860719de6cd5c7a21fcbc6d06edf689aa7b9a2b53388a56f6d9,sha256:c24b32881fdccbff663745cd9ad8fc0b4bcfcc80a9facfbc28c3f19e2eb0c189,Omega_hat_StateSize,107,=,MEASURED,,python-cpython-program-state-v5,python-cpython-monitoring-state-v5,CPython 3.12.11,initial-next-opcode-mutation-boundary-return-v1,3,experiments/classic_algorithms_state_prediction/measurements/program-complexity/short-trace-final/python/profiles.jsonl
program-complexity-normalized-v2,classic_algorithms_state_prediction,prim,short-trace-final,python,3df949d3865ccaaadb0b7484a470de4a955e9dcdcedd61a8bf63f41b426807d3,4d3914145ab16860719de6cd5c7a21fcbc6d06edf689aa7b9a2b53388a56f6d9,sha256:c24b32881fdccbff663745cd9ad8fc0b4bcfcc80a9facfbc28c3f19e2eb0c189,Omega_hat_StateLoad,31541,=,MEASURED,,python-cpython-program-state-sum-v1,python-cpython-monitoring-state-v5,CPython 3.12.11,initial-next-opcode-mutation-boundary-return-v1,3,experiments/classic_algorithms_state_prediction/measurements/program-complexity/short-trace-final/python/profiles.jsonl
program-complexity-normalized-v2,classic_algorithms_state_prediction,prim,long-trace-final,python,3df949d3865ccaaadb0b7484a470de4a955e9dcdcedd61a8bf63f41b426807d3,3fda658b73a619f2b7b4c96d2ccfa5396445610fdfa9c540952da593046d246c,sha256:9e3901548d9f330397bb3b2a26c58f8547a8cfd9bd322cb59635da6e56c7324b,Omega_CC,8,=,MEASURED,,python-control-flow-v2,python-control-flow-v2,CPython 3.12.11,,1,experiments/classic_algorithms_state_prediction/measurements/program-complexity/long-trace-final/python/profiles.jsonl
program-complexity-normalized-v2,classic_algorithms_state_prediction,prim,long-trace-final,python,3df949d3865ccaaadb0b7484a470de4a955e9dcdcedd61a8bf63f41b426807d3,3fda658b73a619f2b7b4c96d2ccfa5396445610fdfa9c540952da593046d246c,sha256:9e3901548d9f330397bb3b2a26c58f8547a8cfd9bd322cb59635da6e56c7324b,Omega_hat_NativeTrace,21116,=,MEASURED,,python-cpython-monitoring-instruction-v2,python-cpython-monitoring-state-v5,CPython 3.12.11,python-cpython-monitoring-instruction-v2,3,experiments/classic_algorithms_state_prediction/measurements/program-complexity/long-trace-final/python/profiles.jsonl
program-complexity-normalized-v2,classic_algorithms_state_prediction,prim,long-trace-final,python,3df949d3865ccaaadb0b7484a470de4a955e9dcdcedd61a8bf63f41b426807d3,3fda658b73a619f2b7b4c96d2ccfa5396445610fdfa9c540952da593046d246c,sha256:9e3901548d9f330397bb3b2a26c58f8547a8cfd9bd322cb59635da6e56c7324b,Omega_hat_StateSize,791,=,MEASURED,,python-cpython-program-state-v5,python-cpython-monitoring-state-v5,CPython 3.12.11,initial-next-opcode-mutation-boundary-return-v1,3,experiments/classic_algorithms_state_prediction/measurements/program-complexity/long-trace-final/python/profiles.jsonl
program-complexity-normalized-v2,classic_algorithms_state_prediction,prim,long-trace-final,python,3df949d3865ccaaadb0b7484a470de4a955e9dcdcedd61a8bf63f41b426807d3,3fda658b73a619f2b7b4c96d2ccfa5396445610fdfa9c540952da593046d246c,sha256:9e3901548d9f330397bb3b2a26c58f8547a8cfd9bd322cb59635da6e56c7324b,Omega_hat_StateLoad,1922223,=,MEASURED,,python-cpython-program-state-sum-v1,python-cpython-monitoring-state-v5,CPython 3.12.11,initial-next-opcode-mutation-boundary-return-v1,3,experiments/classic_algorithms_state_prediction/measurements/program-complexity/long-trace-final/python/profiles.jsonl
program-complexity-normalized-v2,classic_algorithms_state_prediction,prim,inside-loop-state,python,a72065325cfa32cbedbb7d585aa263c81459b963b834cd56247ca0a267d5a6b8,3fda658b73a619f2b7b4c96d2ccfa5396445610fdfa9c540952da593046d246c,sha256:89eb8be21b493c2ff312f7f823406bb8a27fe3d8c85e82e045c5aaa07e04c8d7,Omega_CC,9,=,MEASURED,,python-control-flow-v2,python-control-flow-v2,CPython 3.12.11,,1,experiments/classic_algorithms_state_prediction/measurements/program-complexity/inside-loop-state/python/profiles.jsonl
program-complexity-normalized-v2,classic_algorithms_state_prediction,prim,inside-loop-state,python,a72065325cfa32cbedbb7d585aa263c81459b963b834cd56247ca0a267d5a6b8,3fda658b73a619f2b7b4c96d2ccfa5396445610fdfa9c540952da593046d246c,sha256:89eb8be21b493c2ff312f7f823406bb8a27fe3d8c85e82e045c5aaa07e04c8d7,Omega_hat_NativeTrace,21229,=,MEASURED,,python-cpython-monitoring-instruction-v2,python-cpython-monitoring-state-v5,CPython 3.12.11,python-cpython-monitoring-instruction-v2,3,experiments/classic_algorithms_state_prediction/measurements/program-complexity/inside-loop-state/python/profiles.jsonl
program-complexity-normalized-v2,classic_algorithms_state_prediction,prim,inside-loop-state,python,a72065325cfa32cbedbb7d585aa263c81459b963b834cd56247ca0a267d5a6b8,3fda658b73a619f2b7b4c96d2ccfa5396445610fdfa9c540952da593046d246c,sha256:89eb8be21b493c2ff312f7f823406bb8a27fe3d8c85e82e045c5aaa07e04c8d7,Omega_hat_StateSize,792,=,MEASURED,,python-cpython-program-state-v5,python-cpython-monitoring-state-v5,CPython 3.12.11,initial-next-opcode-mutation-boundary-return-v1,3,experiments/classic_algorithms_state_prediction/measurements/program-complexity/inside-loop-state/python/profiles.jsonl
program-complexity-normalized-v2,classic_algorithms_state_prediction,prim,inside-loop-state,python,a72065325cfa32cbedbb7d585aa263c81459b963b834cd56247ca0a267d5a6b8,3fda658b73a619f2b7b4c96d2ccfa5396445610fdfa9c540952da593046d246c,sha256:89eb8be21b493c2ff312f7f823406bb8a27fe3d8c85e82e045c5aaa07e04c8d7,Omega_hat_StateLoad,1964073,=,MEASURED,,python-cpython-program-state-sum-v1,python-cpython-monitoring-state-v5,CPython 3.12.11,initial-next-opcode-mutation-boundary-return-v1,3,experiments/classic_algorithms_state_prediction/measurements/program-complexity/inside-loop-state/python/profiles.jsonl
program-complexity-normalized-v2,classic_algorithms_state_prediction,prim,post-loop-state,python,77e83dc771ce8843ce9b94adab35a29d4394eb677bc878ab9f4f02d0a0a262ad,3fda658b73a619f2b7b4c96d2ccfa5396445610fdfa9c540952da593046d246c,sha256:0dfb02ddf2edd8bcdf5ebdb7d4c79d69101d965f4685521f1daa9c0b3a53798b,Omega_CC,8,=,MEASURED,,python-control-flow-v2,python-control-flow-v2,CPython 3.12.11,,1,experiments/classic_algorithms_state_prediction/measurements/program-complexity/post-loop-state/python/profiles.jsonl
program-complexity-normalized-v2,classic_algorithms_state_prediction,prim,post-loop-state,python,77e83dc771ce8843ce9b94adab35a29d4394eb677bc878ab9f4f02d0a0a262ad,3fda658b73a619f2b7b4c96d2ccfa5396445610fdfa9c540952da593046d246c,sha256:0dfb02ddf2edd8bcdf5ebdb7d4c79d69101d965f4685521f1daa9c0b3a53798b,Omega_hat_NativeTrace,21118,=,MEASURED,,python-cpython-monitoring-instruction-v2,python-cpython-monitoring-state-v5,CPython 3.12.11,python-cpython-monitoring-instruction-v2,3,experiments/classic_algorithms_state_prediction/measurements/program-complexity/post-loop-state/python/profiles.jsonl
program-complexity-normalized-v2,classic_algorithms_state_prediction,prim,post-loop-state,python,77e83dc771ce8843ce9b94adab35a29d4394eb677bc878ab9f4f02d0a0a262ad,3fda658b73a619f2b7b4c96d2ccfa5396445610fdfa9c540952da593046d246c,sha256:0dfb02ddf2edd8bcdf5ebdb7d4c79d69101d965f4685521f1daa9c0b3a53798b,Omega_hat_StateSize,791,=,MEASURED,,python-cpython-program-state-v5,python-cpython-monitoring-state-v5,CPython 3.12.11,initial-next-opcode-mutation-boundary-return-v1,3,experiments/classic_algorithms_state_prediction/measurements/program-complexity/post-loop-state/python/profiles.jsonl
program-complexity-normalized-v2,classic_algorithms_state_prediction,prim,post-loop-state,python,77e83dc771ce8843ce9b94adab35a29d4394eb677bc878ab9f4f02d0a0a262ad,3fda658b73a619f2b7b4c96d2ccfa5396445610fdfa9c540952da593046d246c,sha256:0dfb02ddf2edd8bcdf5ebdb7d4c79d69101d965f4685521f1daa9c0b3a53798b,Omega_hat_StateLoad,1921433,=,MEASURED,,python-cpython-program-state-sum-v1,python-cpython-monitoring-state-v5,CPython 3.12.11,initial-next-opcode-mutation-boundary-return-v1,3,experiments/classic_algorithms_state_prediction/measurements/program-complexity/post-loop-state/python/profiles.jsonl
program-complexity-normalized-v2,classic_algorithms_state_prediction,rabin-karp,short-trace-final,python,13479d5d61acb20e0addadc72c4c8a36c76fd6319c421bed9a829bb52baa2a1e,cc02204fc06eb46d6a9ee64baa8019c7ff828e34e427f1a5b4e84dbd78abe491,sha256:d066b88a8e12aeca3b8cc1a3b43205af8662d5cabdc0923917298e1b5dcf3532,Omega_CC,7,=,MEASURED,,python-control-flow-v2,python-control-flow-v2,CPython 3.12.11,,1,experiments/classic_algorithms_state_prediction/measurements/program-complexity/short-trace-final/python/profiles.jsonl
program-complexity-normalized-v2,classic_algorithms_state_prediction,rabin-karp,short-trace-final,python,13479d5d61acb20e0addadc72c4c8a36c76fd6319c421bed9a829bb52baa2a1e,cc02204fc06eb46d6a9ee64baa8019c7ff828e34e427f1a5b4e84dbd78abe491,sha256:d066b88a8e12aeca3b8cc1a3b43205af8662d5cabdc0923917298e1b5dcf3532,Omega_hat_NativeTrace,2903,=,MEASURED,,python-cpython-monitoring-instruction-v2,python-cpython-monitoring-state-v5,CPython 3.12.11,python-cpython-monitoring-instruction-v2,3,experiments/classic_algorithms_state_prediction/measurements/program-complexity/short-trace-final/python/profiles.jsonl
program-complexity-normalized-v2,classic_algorithms_state_prediction,rabin-karp,short-trace-final,python,13479d5d61acb20e0addadc72c4c8a36c76fd6319c421bed9a829bb52baa2a1e,cc02204fc06eb46d6a9ee64baa8019c7ff828e34e427f1a5b4e84dbd78abe491,sha256:d066b88a8e12aeca3b8cc1a3b43205af8662d5cabdc0923917298e1b5dcf3532,Omega_hat_StateSize,87,=,MEASURED,,python-cpython-program-state-v5,python-cpython-monitoring-state-v5,CPython 3.12.11,initial-next-opcode-mutation-boundary-return-v1,3,experiments/classic_algorithms_state_prediction/measurements/program-complexity/short-trace-final/python/profiles.jsonl
program-complexity-normalized-v2,classic_algorithms_state_prediction,rabin-karp,short-trace-final,python,13479d5d61acb20e0addadc72c4c8a36c76fd6319c421bed9a829bb52baa2a1e,cc02204fc06eb46d6a9ee64baa8019c7ff828e34e427f1a5b4e84dbd78abe491,sha256:d066b88a8e12aeca3b8cc1a3b43205af8662d5cabdc0923917298e1b5dcf3532,Omega_hat_StateLoad,37731,=,MEASURED,,python-cpython-program-state-sum-v1,python-cpython-monitoring-state-v5,CPython 3.12.11,initial-next-opcode-mutation-boundary-return-v1,3,experiments/classic_algorithms_state_prediction/measurements/program-complexity/short-trace-final/python/profiles.jsonl
program-complexity-normalized-v2,classic_algorithms_state_prediction,rabin-karp,long-trace-final,python,13479d5d61acb20e0addadc72c4c8a36c76fd6319c421bed9a829bb52baa2a1e,4f3b3a94c5fec4ffde918b2d7d586f89a7307b297020e12c6a741528003cfb30,sha256:e666e19f79148d25ba941c7710b22508f7ee646c82db67c6e41837b460c996a6,Omega_CC,7,=,MEASURED,,python-control-flow-v2,python-control-flow-v2,CPython 3.12.11,,1,experiments/classic_algorithms_state_prediction/measurements/program-complexity/long-trace-final/python/profiles.jsonl
program-complexity-normalized-v2,classic_algorithms_state_prediction,rabin-karp,long-trace-final,python,13479d5d61acb20e0addadc72c4c8a36c76fd6319c421bed9a829bb52baa2a1e,4f3b3a94c5fec4ffde918b2d7d586f89a7307b297020e12c6a741528003cfb30,sha256:e666e19f79148d25ba941c7710b22508f7ee646c82db67c6e41837b460c996a6,Omega_hat_NativeTrace,13027,=,MEASURED,,python-cpython-monitoring-instruction-v2,python-cpython-monitoring-state-v5,CPython 3.12.11,python-cpython-monitoring-instruction-v2,3,experiments/classic_algorithms_state_prediction/measurements/program-complexity/long-trace-final/python/profiles.jsonl
program-complexity-normalized-v2,classic_algorithms_state_prediction,rabin-karp,long-trace-final,python,13479d5d61acb20e0addadc72c4c8a36c76fd6319c421bed9a829bb52baa2a1e,4f3b3a94c5fec4ffde918b2d7d586f89a7307b297020e12c6a741528003cfb30,sha256:e666e19f79148d25ba941c7710b22508f7ee646c82db67c6e41837b460c996a6,Omega_hat_StateSize,348,=,MEASURED,,python-cpython-program-state-v5,python-cpython-monitoring-state-v5,CPython 3.12.11,initial-next-opcode-mutation-boundary-return-v1,3,experiments/classic_algorithms_state_prediction/measurements/program-complexity/long-trace-final/python/profiles.jsonl
program-complexity-normalized-v2,classic_algorithms_state_prediction,rabin-karp,long-trace-final,python,13479d5d61acb20e0addadc72c4c8a36c76fd6319c421bed9a829bb52baa2a1e,4f3b3a94c5fec4ffde918b2d7d586f89a7307b297020e12c6a741528003cfb30,sha256:e666e19f79148d25ba941c7710b22508f7ee646c82db67c6e41837b460c996a6,Omega_hat_StateLoad,668703,=,MEASURED,,python-cpython-program-state-sum-v1,python-cpython-monitoring-state-v5,CPython 3.12.11,initial-next-opcode-mutation-boundary-return-v1,3,experiments/classic_algorithms_state_prediction/measurements/program-complexity/long-trace-final/python/profiles.jsonl
program-complexity-normalized-v2,classic_algorithms_state_prediction,rabin-karp,inside-loop-state,python,207c55c464c02dd6660460b4a6fda362537de4d411f018c028d72d136736d7f3,4f3b3a94c5fec4ffde918b2d7d586f89a7307b297020e12c6a741528003cfb30,sha256:825157357dc1b0086fa91ddcbca450e0f2c3c6d1588225bd19314afe197bb4e1,Omega_CC,8,=,MEASURED,,python-control-flow-v2,python-control-flow-v2,CPython 3.12.11,,1,experiments/classic_algorithms_state_prediction/measurements/program-complexity/inside-loop-state/python/profiles.jsonl
program-complexity-normalized-v2,classic_algorithms_state_prediction,rabin-karp,inside-loop-state,python,207c55c464c02dd6660460b4a6fda362537de4d411f018c028d72d136736d7f3,4f3b3a94c5fec4ffde918b2d7d586f89a7307b297020e12c6a741528003cfb30,sha256:825157357dc1b0086fa91ddcbca450e0f2c3c6d1588225bd19314afe197bb4e1,Omega_hat_NativeTrace,12125,=,MEASURED,,python-cpython-monitoring-instruction-v2,python-cpython-monitoring-state-v5,CPython 3.12.11,python-cpython-monitoring-instruction-v2,3,experiments/classic_algorithms_state_prediction/measurements/program-complexity/inside-loop-state/python/profiles.jsonl
program-complexity-normalized-v2,classic_algorithms_state_prediction,rabin-karp,inside-loop-state,python,207c55c464c02dd6660460b4a6fda362537de4d411f018c028d72d136736d7f3,4f3b3a94c5fec4ffde918b2d7d586f89a7307b297020e12c6a741528003cfb30,sha256:825157357dc1b0086fa91ddcbca450e0f2c3c6d1588225bd19314afe197bb4e1,Omega_hat_StateSize,348,=,MEASURED,,python-cpython-program-state-v5,python-cpython-monitoring-state-v5,CPython 3.12.11,initial-next-opcode-mutation-boundary-return-v1,3,experiments/classic_algorithms_state_prediction/measurements/program-complexity/inside-loop-state/python/profiles.jsonl
program-complexity-normalized-v2,classic_algorithms_state_prediction,rabin-karp,inside-loop-state,python,207c55c464c02dd6660460b4a6fda362537de4d411f018c028d72d136736d7f3,4f3b3a94c5fec4ffde918b2d7d586f89a7307b297020e12c6a741528003cfb30,sha256:825157357dc1b0086fa91ddcbca450e0f2c3c6d1588225bd19314afe197bb4e1,Omega_hat_StateLoad,610397,=,MEASURED,,python-cpython-program-state-sum-v1,python-cpython-monitoring-state-v5,CPython 3.12.11,initial-next-opcode-mutation-boundary-return-v1,3,experiments/classic_algorithms_state_prediction/measurements/program-complexity/inside-loop-state/python/profiles.jsonl
program-complexity-normalized-v2,classic_algorithms_state_prediction,rabin-karp,post-loop-state,python,f489982d3dadd2e652a4f3d0efbe29f9d5e364b8ae235e989384da11d945ae33,4f3b3a94c5fec4ffde918b2d7d586f89a7307b297020e12c6a741528003cfb30,sha256:6e2936c786074262a952c1dc0405e1e462620a134c3c9c097c3f20e692b63798,Omega_CC,7,=,MEASURED,,python-control-flow-v2,python-control-flow-v2,CPython 3.12.11,,1,experiments/classic_algorithms_state_prediction/measurements/program-complexity/post-loop-state/python/profiles.jsonl
program-complexity-normalized-v2,classic_algorithms_state_prediction,rabin-karp,post-loop-state,python,f489982d3dadd2e652a4f3d0efbe29f9d5e364b8ae235e989384da11d945ae33,4f3b3a94c5fec4ffde918b2d7d586f89a7307b297020e12c6a741528003cfb30,sha256:6e2936c786074262a952c1dc0405e1e462620a134c3c9c097c3f20e692b63798,Omega_hat_NativeTrace,13034,=,MEASURED,,python-cpython-monitoring-instruction-v2,python-cpython-monitoring-state-v5,CPython 3.12.11,python-cpython-monitoring-instruction-v2,3,experiments/classic_algorithms_state_prediction/measurements/program-complexity/post-loop-state/python/profiles.jsonl
program-complexity-normalized-v2,classic_algorithms_state_prediction,rabin-karp,post-loop-state,python,f489982d3dadd2e652a4f3d0efbe29f9d5e364b8ae235e989384da11d945ae33,4f3b3a94c5fec4ffde918b2d7d586f89a7307b297020e12c6a741528003cfb30,sha256:6e2936c786074262a952c1dc0405e1e462620a134c3c9c097c3f20e692b63798,Omega_hat_StateSize,348,=,MEASURED,,python-cpython-program-state-v5,python-cpython-monitoring-state-v5,CPython 3.12.11,initial-next-opcode-mutation-boundary-return-v1,3,experiments/classic_algorithms_state_prediction/measurements/program-complexity/post-loop-state/python/profiles.jsonl
program-complexity-normalized-v2,classic_algorithms_state_prediction,rabin-karp,post-loop-state,python,f489982d3dadd2e652a4f3d0efbe29f9d5e364b8ae235e989384da11d945ae33,4f3b3a94c5fec4ffde918b2d7d586f89a7307b297020e12c6a741528003cfb30,sha256:6e2936c786074262a952c1dc0405e1e462620a134c3c9c097c3f20e692b63798,Omega_hat_StateLoad,668703,=,MEASURED,,python-cpython-program-state-sum-v1,python-cpython-monitoring-state-v5,CPython 3.12.11,initial-next-opcode-mutation-boundary-return-v1,3,experiments/classic_algorithms_state_prediction/measurements/program-complexity/post-loop-state/python/profiles.jsonl
program-complexity-normalized-v2,classic_algorithms_state_prediction,rod-cutting,short-trace-final,python,d1044aa01ab59eaec613dd1b127bd526ad098107d98968857f662410a90e3e40,533e8c67922f0bb0ea0b91e54d8e63ad862b5f6d63ec44cca7264e8bdc34becc,sha256:daa104be37ccfde7348306429248c9a48fc29b25dc88d6795811edfe36856db2,Omega_CC,5,=,MEASURED,,python-control-flow-v2,python-control-flow-v2,CPython 3.12.11,,1,experiments/classic_algorithms_state_prediction/measurements/program-complexity/short-trace-final/python/profiles.jsonl
program-complexity-normalized-v2,classic_algorithms_state_prediction,rod-cutting,short-trace-final,python,d1044aa01ab59eaec613dd1b127bd526ad098107d98968857f662410a90e3e40,533e8c67922f0bb0ea0b91e54d8e63ad862b5f6d63ec44cca7264e8bdc34becc,sha256:daa104be37ccfde7348306429248c9a48fc29b25dc88d6795811edfe36856db2,Omega_hat_NativeTrace,2042,=,MEASURED,,python-cpython-monitoring-instruction-v2,python-cpython-monitoring-state-v5,CPython 3.12.11,python-cpython-monitoring-instruction-v2,3,experiments/classic_algorithms_state_prediction/measurements/program-complexity/short-trace-final/python/profiles.jsonl
program-complexity-normalized-v2,classic_algorithms_state_prediction,rod-cutting,short-trace-final,python,d1044aa01ab59eaec613dd1b127bd526ad098107d98968857f662410a90e3e40,533e8c67922f0bb0ea0b91e54d8e63ad862b5f6d63ec44cca7264e8bdc34becc,sha256:daa104be37ccfde7348306429248c9a48fc29b25dc88d6795811edfe36856db2,Omega_hat_StateSize,61,=,MEASURED,,python-cpython-program-state-v5,python-cpython-monitoring-state-v5,CPython 3.12.11,initial-next-opcode-mutation-boundary-return-v1,3,experiments/classic_algorithms_state_prediction/measurements/program-complexity/short-trace-final/python/profiles.jsonl
program-complexity-normalized-v2,classic_algorithms_state_prediction,rod-cutting,short-trace-final,python,d1044aa01ab59eaec613dd1b127bd526ad098107d98968857f662410a90e3e40,533e8c67922f0bb0ea0b91e54d8e63ad862b5f6d63ec44cca7264e8bdc34becc,sha256:daa104be37ccfde7348306429248c9a48fc29b25dc88d6795811edfe36856db2,Omega_hat_StateLoad,15062,=,MEASURED,,python-cpython-program-state-sum-v1,python-cpython-monitoring-state-v5,CPython 3.12.11,initial-next-opcode-mutation-boundary-return-v1,3,experiments/classic_algorithms_state_prediction/measurements/program-complexity/short-trace-final/python/profiles.jsonl
program-complexity-normalized-v2,classic_algorithms_state_prediction,rod-cutting,long-trace-final,python,d1044aa01ab59eaec613dd1b127bd526ad098107d98968857f662410a90e3e40,1ed20bec8fb64a1bef46ce2a75912b7bbcb09688304862a560d225188eb12346,sha256:8f5b5d9654550cc9b7fe644d1ea28f4b446ac872e949746cfba299542eb58eb7,Omega_CC,5,=,MEASURED,,python-control-flow-v2,python-control-flow-v2,CPython 3.12.11,,1,experiments/classic_algorithms_state_prediction/measurements/program-complexity/long-trace-final/python/profiles.jsonl
program-complexity-normalized-v2,classic_algorithms_state_prediction,rod-cutting,long-trace-final,python,d1044aa01ab59eaec613dd1b127bd526ad098107d98968857f662410a90e3e40,1ed20bec8fb64a1bef46ce2a75912b7bbcb09688304862a560d225188eb12346,sha256:8f5b5d9654550cc9b7fe644d1ea28f4b446ac872e949746cfba299542eb58eb7,Omega_hat_NativeTrace,17622,=,MEASURED,,python-cpython-monitoring-instruction-v2,python-cpython-monitoring-state-v5,CPython 3.12.11,python-cpython-monitoring-instruction-v2,3,experiments/classic_algorithms_state_prediction/measurements/program-complexity/long-trace-final/python/profiles.jsonl
program-complexity-normalized-v2,classic_algorithms_state_prediction,rod-cutting,long-trace-final,python,d1044aa01ab59eaec613dd1b127bd526ad098107d98968857f662410a90e3e40,1ed20bec8fb64a1bef46ce2a75912b7bbcb09688304862a560d225188eb12346,sha256:8f5b5d9654550cc9b7fe644d1ea28f4b446ac872e949746cfba299542eb58eb7,Omega_hat_StateSize,141,=,MEASURED,,python-cpython-program-state-v5,python-cpython-monitoring-state-v5,CPython 3.12.11,initial-next-opcode-mutation-boundary-return-v1,3,experiments/classic_algorithms_state_prediction/measurements/program-complexity/long-trace-final/python/profiles.jsonl
program-complexity-normalized-v2,classic_algorithms_state_prediction,rod-cutting,long-trace-final,python,d1044aa01ab59eaec613dd1b127bd526ad098107d98968857f662410a90e3e40,1ed20bec8fb64a1bef46ce2a75912b7bbcb09688304862a560d225188eb12346,sha256:8f5b5d9654550cc9b7fe644d1ea28f4b446ac872e949746cfba299542eb58eb7,Omega_hat_StateLoad,266816,=,MEASURED,,python-cpython-program-state-sum-v1,python-cpython-monitoring-state-v5,CPython 3.12.11,initial-next-opcode-mutation-boundary-return-v1,3,experiments/classic_algorithms_state_prediction/measurements/program-complexity/long-trace-final/python/profiles.jsonl
program-complexity-normalized-v2,classic_algorithms_state_prediction,rod-cutting,inside-loop-state,python,7589a290af2c50c2937556fd910c29ad3ad1b000dfa2354c47fc138bc18faadc,1ed20bec8fb64a1bef46ce2a75912b7bbcb09688304862a560d225188eb12346,sha256:0b2d177f2017c9785a14ec37991a12338248330034c59e70d8b45a59ae711926,Omega_CC,6,=,MEASURED,,python-control-flow-v2,python-control-flow-v2,CPython 3.12.11,,1,experiments/classic_algorithms_state_prediction/measurements/program-complexity/inside-loop-state/python/profiles.jsonl
program-complexity-normalized-v2,classic_algorithms_state_prediction,rod-cutting,inside-loop-state,python,7589a290af2c50c2937556fd910c29ad3ad1b000dfa2354c47fc138bc18faadc,1ed20bec8fb64a1bef46ce2a75912b7bbcb09688304862a560d225188eb12346,sha256:0b2d177f2017c9785a14ec37991a12338248330034c59e70d8b45a59ae711926,Omega_hat_NativeTrace,18604,=,MEASURED,,python-cpython-monitoring-instruction-v2,python-cpython-monitoring-state-v5,CPython 3.12.11,python-cpython-monitoring-instruction-v2,3,experiments/classic_algorithms_state_prediction/measurements/program-complexity/inside-loop-state/python/profiles.jsonl
program-complexity-normalized-v2,classic_algorithms_state_prediction,rod-cutting,inside-loop-state,python,7589a290af2c50c2937556fd910c29ad3ad1b000dfa2354c47fc138bc18faadc,1ed20bec8fb64a1bef46ce2a75912b7bbcb09688304862a560d225188eb12346,sha256:0b2d177f2017c9785a14ec37991a12338248330034c59e70d8b45a59ae711926,Omega_hat_StateSize,142,=,MEASURED,,python-cpython-program-state-v5,python-cpython-monitoring-state-v5,CPython 3.12.11,initial-next-opcode-mutation-boundary-return-v1,3,experiments/classic_algorithms_state_prediction/measurements/program-complexity/inside-loop-state/python/profiles.jsonl
program-complexity-normalized-v2,classic_algorithms_state_prediction,rod-cutting,inside-loop-state,python,7589a290af2c50c2937556fd910c29ad3ad1b000dfa2354c47fc138bc18faadc,1ed20bec8fb64a1bef46ce2a75912b7bbcb09688304862a560d225188eb12346,sha256:0b2d177f2017c9785a14ec37991a12338248330034c59e70d8b45a59ae711926,Omega_hat_StateLoad,297255,=,MEASURED,,python-cpython-program-state-sum-v1,python-cpython-monitoring-state-v5,CPython 3.12.11,initial-next-opcode-mutation-boundary-return-v1,3,experiments/classic_algorithms_state_prediction/measurements/program-complexity/inside-loop-state/python/profiles.jsonl
program-complexity-normalized-v2,classic_algorithms_state_prediction,rod-cutting,post-loop-state,python,a8a7feba756888d543a114c19225447543efaade1fe39a3e830e6b5862f2259e,1ed20bec8fb64a1bef46ce2a75912b7bbcb09688304862a560d225188eb12346,sha256:07af05f3145025ad13eb50012bae1287a12b58807421fb05e9722276b7061229,Omega_CC,5,=,MEASURED,,python-control-flow-v2,python-control-flow-v2,CPython 3.12.11,,1,experiments/classic_algorithms_state_prediction/measurements/program-complexity/post-loop-state/python/profiles.jsonl
program-complexity-normalized-v2,classic_algorithms_state_prediction,rod-cutting,post-loop-state,python,a8a7feba756888d543a114c19225447543efaade1fe39a3e830e6b5862f2259e,1ed20bec8fb64a1bef46ce2a75912b7bbcb09688304862a560d225188eb12346,sha256:07af05f3145025ad13eb50012bae1287a12b58807421fb05e9722276b7061229,Omega_hat_NativeTrace,17624,=,MEASURED,,python-cpython-monitoring-instruction-v2,python-cpython-monitoring-state-v5,CPython 3.12.11,python-cpython-monitoring-instruction-v2,3,experiments/classic_algorithms_state_prediction/measurements/program-complexity/post-loop-state/python/profiles.jsonl
program-complexity-normalized-v2,classic_algorithms_state_prediction,rod-cutting,post-loop-state,python,a8a7feba756888d543a114c19225447543efaade1fe39a3e830e6b5862f2259e,1ed20bec8fb64a1bef46ce2a75912b7bbcb09688304862a560d225188eb12346,sha256:07af05f3145025ad13eb50012bae1287a12b58807421fb05e9722276b7061229,Omega_hat_StateSize,141,=,MEASURED,,python-cpython-program-state-v5,python-cpython-monitoring-state-v5,CPython 3.12.11,initial-next-opcode-mutation-boundary-return-v1,3,experiments/classic_algorithms_state_prediction/measurements/program-complexity/post-loop-state/python/profiles.jsonl
program-complexity-normalized-v2,classic_algorithms_state_prediction,rod-cutting,post-loop-state,python,a8a7feba756888d543a114c19225447543efaade1fe39a3e830e6b5862f2259e,1ed20bec8fb64a1bef46ce2a75912b7bbcb09688304862a560d225188eb12346,sha256:07af05f3145025ad13eb50012bae1287a12b58807421fb05e9722276b7061229,Omega_hat_StateLoad,266816,=,MEASURED,,python-cpython-program-state-sum-v1,python-cpython-monitoring-state-v5,CPython 3.12.11,initial-next-opcode-mutation-boundary-return-v1,3,experiments/classic_algorithms_state_prediction/measurements/program-complexity/post-loop-state/python/profiles.jsonl
program-complexity-normalized-v2,classic_algorithms_state_prediction,subset-sum,short-trace-final,python,fb46a6fbdfec166f5108539c755112b43eec576ca51060733e0faa0ccf5ef14c,159a17debdf160ff34c310ab9202326f1744ec0abc6b2023d1b833035f5fd671,sha256:79b6e5cf47864a5e54299a27907c8b256d9291aae0ccf75350c93ba100a9e59e,Omega_CC,7,=,MEASURED,,python-control-flow-v2,python-control-flow-v2,CPython 3.12.11,,1,experiments/classic_algorithms_state_prediction/measurements/program-complexity/short-trace-final/python/profiles.jsonl
program-complexity-normalized-v2,classic_algorithms_state_prediction,subset-sum,short-trace-final,python,fb46a6fbdfec166f5108539c755112b43eec576ca51060733e0faa0ccf5ef14c,159a17debdf160ff34c310ab9202326f1744ec0abc6b2023d1b833035f5fd671,sha256:79b6e5cf47864a5e54299a27907c8b256d9291aae0ccf75350c93ba100a9e59e,Omega_hat_NativeTrace,6894,=,MEASURED,,python-cpython-monitoring-instruction-v2,python-cpython-monitoring-state-v5,CPython 3.12.11,python-cpython-monitoring-instruction-v2,3,experiments/classic_algorithms_state_prediction/measurements/program-complexity/short-trace-final/python/profiles.jsonl
program-complexity-normalized-v2,classic_algorithms_state_prediction,subset-sum,short-trace-final,python,fb46a6fbdfec166f5108539c755112b43eec576ca51060733e0faa0ccf5ef14c,159a17debdf160ff34c310ab9202326f1744ec0abc6b2023d1b833035f5fd671,sha256:79b6e5cf47864a5e54299a27907c8b256d9291aae0ccf75350c93ba100a9e59e,Omega_hat_StateSize,327,=,MEASURED,,python-cpython-program-state-v5,python-cpython-monitoring-state-v5,CPython 3.12.11,initial-next-opcode-mutation-boundary-return-v1,3,experiments/classic_algorithms_state_prediction/measurements/program-complexity/short-trace-final/python/profiles.jsonl
program-complexity-normalized-v2,classic_algorithms_state_prediction,subset-sum,short-trace-final,python,fb46a6fbdfec166f5108539c755112b43eec576ca51060733e0faa0ccf5ef14c,159a17debdf160ff34c310ab9202326f1744ec0abc6b2023d1b833035f5fd671,sha256:79b6e5cf47864a5e54299a27907c8b256d9291aae0ccf75350c93ba100a9e59e,Omega_hat_StateLoad,178160,=,MEASURED,,python-cpython-program-state-sum-v1,python-cpython-monitoring-state-v5,CPython 3.12.11,initial-next-opcode-mutation-boundary-return-v1,3,experiments/classic_algorithms_state_prediction/measurements/program-complexity/short-trace-final/python/profiles.jsonl
program-complexity-normalized-v2,classic_algorithms_state_prediction,subset-sum,long-trace-final,python,fb46a6fbdfec166f5108539c755112b43eec576ca51060733e0faa0ccf5ef14c,30f8a5b79146389a4ec9c2720a64db8542e93d460eea660ba2ed106aa5854d1d,sha256:3ca5d348962617ff3bbdd01e39be5573c907fbcfeb7bbf09f2a5e9012dcd90ba,Omega_CC,7,=,MEASURED,,python-control-flow-v2,python-control-flow-v2,CPython 3.12.11,,1,experiments/classic_algorithms_state_prediction/measurements/program-complexity/long-trace-final/python/profiles.jsonl
program-complexity-normalized-v2,classic_algorithms_state_prediction,subset-sum,long-trace-final,python,fb46a6fbdfec166f5108539c755112b43eec576ca51060733e0faa0ccf5ef14c,30f8a5b79146389a4ec9c2720a64db8542e93d460eea660ba2ed106aa5854d1d,sha256:3ca5d348962617ff3bbdd01e39be5573c907fbcfeb7bbf09f2a5e9012dcd90ba,Omega_hat_NativeTrace,35692,=,MEASURED,,python-cpython-monitoring-instruction-v2,python-cpython-monitoring-state-v5,CPython 3.12.11,python-cpython-monitoring-instruction-v2,3,experiments/classic_algorithms_state_prediction/measurements/program-complexity/long-trace-final/python/profiles.jsonl
program-complexity-normalized-v2,classic_algorithms_state_prediction,subset-sum,long-trace-final,python,fb46a6fbdfec166f5108539c755112b43eec576ca51060733e0faa0ccf5ef14c,30f8a5b79146389a4ec9c2720a64db8542e93d460eea660ba2ed106aa5854d1d,sha256:3ca5d348962617ff3bbdd01e39be5573c907fbcfeb7bbf09f2a5e9012dcd90ba,Omega_hat_StateSize,1764,=,MEASURED,,python-cpython-program-state-v5,python-cpython-monitoring-state-v5,CPython 3.12.11,initial-next-opcode-mutation-boundary-return-v1,3,experiments/classic_algorithms_state_prediction/measurements/program-complexity/long-trace-final/python/profiles.jsonl
program-complexity-normalized-v2,classic_algorithms_state_prediction,subset-sum,long-trace-final,python,fb46a6fbdfec166f5108539c755112b43eec576ca51060733e0faa0ccf5ef14c,30f8a5b79146389a4ec9c2720a64db8542e93d460eea660ba2ed106aa5854d1d,sha256:3ca5d348962617ff3bbdd01e39be5573c907fbcfeb7bbf09f2a5e9012dcd90ba,Omega_hat_StateLoad,5835359,=,MEASURED,,python-cpython-program-state-sum-v1,python-cpython-monitoring-state-v5,CPython 3.12.11,initial-next-opcode-mutation-boundary-return-v1,3,experiments/classic_algorithms_state_prediction/measurements/program-complexity/long-trace-final/python/profiles.jsonl
program-complexity-normalized-v2,classic_algorithms_state_prediction,subset-sum,inside-loop-state,python,711939ea97ac2c0f924b9385870942b0cb028c7ac26f5630fcc6662ff4978cab,30f8a5b79146389a4ec9c2720a64db8542e93d460eea660ba2ed106aa5854d1d,sha256:79f764a02407abd193c0a2f457e5f5d2e09b8ee3a612ee33e9406a4083867c48,Omega_CC,8,=,MEASURED,,python-control-flow-v2,python-control-flow-v2,CPython 3.12.11,,1,experiments/classic_algorithms_state_prediction/measurements/program-complexity/inside-loop-state/python/profiles.jsonl
program-complexity-normalized-v2,classic_algorithms_state_prediction,subset-sum,inside-loop-state,python,711939ea97ac2c0f924b9385870942b0cb028c7ac26f5630fcc6662ff4978cab,30f8a5b79146389a4ec9c2720a64db8542e93d460eea660ba2ed106aa5854d1d,sha256:79f764a02407abd193c0a2f457e5f5d2e09b8ee3a612ee33e9406a4083867c48,Omega_hat_NativeTrace,39584,=,MEASURED,,python-cpython-monitoring-instruction-v2,python-cpython-monitoring-state-v5,CPython 3.12.11,python-cpython-monitoring-instruction-v2,3,experiments/classic_algorithms_state_prediction/measurements/program-complexity/inside-loop-state/python/profiles.jsonl
program-complexity-normalized-v2,classic_algorithms_state_prediction,subset-sum,inside-loop-state,python,711939ea97ac2c0f924b9385870942b0cb028c7ac26f5630fcc6662ff4978cab,30f8a5b79146389a4ec9c2720a64db8542e93d460eea660ba2ed106aa5854d1d,sha256:79f764a02407abd193c0a2f457e5f5d2e09b8ee3a612ee33e9406a4083867c48,Omega_hat_StateSize,1765,=,MEASURED,,python-cpython-program-state-v5,python-cpython-monitoring-state-v5,CPython 3.12.11,initial-next-opcode-mutation-boundary-return-v1,3,experiments/classic_algorithms_state_prediction/measurements/program-complexity/inside-loop-state/python/profiles.jsonl
program-complexity-normalized-v2,classic_algorithms_state_prediction,subset-sum,inside-loop-state,python,711939ea97ac2c0f924b9385870942b0cb028c7ac26f5630fcc6662ff4978cab,30f8a5b79146389a4ec9c2720a64db8542e93d460eea660ba2ed106aa5854d1d,sha256:79f764a02407abd193c0a2f457e5f5d2e09b8ee3a612ee33e9406a4083867c48,Omega_hat_StateLoad,6784756,=,MEASURED,,python-cpython-program-state-sum-v1,python-cpython-monitoring-state-v5,CPython 3.12.11,initial-next-opcode-mutation-boundary-return-v1,3,experiments/classic_algorithms_state_prediction/measurements/program-complexity/inside-loop-state/python/profiles.jsonl
program-complexity-normalized-v2,classic_algorithms_state_prediction,subset-sum,post-loop-state,python,e86b9328c0adbd407ef803036cc4364daac9cfc7bcfc3d5f3946099665216ca9,30f8a5b79146389a4ec9c2720a64db8542e93d460eea660ba2ed106aa5854d1d,sha256:f8fffc65554e4649cac9c412b16be1f3972013f78deb4e69e55040de64987143,Omega_CC,7,=,MEASURED,,python-control-flow-v2,python-control-flow-v2,CPython 3.12.11,,1,experiments/classic_algorithms_state_prediction/measurements/program-complexity/post-loop-state/python/profiles.jsonl
program-complexity-normalized-v2,classic_algorithms_state_prediction,subset-sum,post-loop-state,python,e86b9328c0adbd407ef803036cc4364daac9cfc7bcfc3d5f3946099665216ca9,30f8a5b79146389a4ec9c2720a64db8542e93d460eea660ba2ed106aa5854d1d,sha256:f8fffc65554e4649cac9c412b16be1f3972013f78deb4e69e55040de64987143,Omega_hat_NativeTrace,35691,=,MEASURED,,python-cpython-monitoring-instruction-v2,python-cpython-monitoring-state-v5,CPython 3.12.11,python-cpython-monitoring-instruction-v2,3,experiments/classic_algorithms_state_prediction/measurements/program-complexity/post-loop-state/python/profiles.jsonl
program-complexity-normalized-v2,classic_algorithms_state_prediction,subset-sum,post-loop-state,python,e86b9328c0adbd407ef803036cc4364daac9cfc7bcfc3d5f3946099665216ca9,30f8a5b79146389a4ec9c2720a64db8542e93d460eea660ba2ed106aa5854d1d,sha256:f8fffc65554e4649cac9c412b16be1f3972013f78deb4e69e55040de64987143,Omega_hat_StateSize,1764,=,MEASURED,,python-cpython-program-state-v5,python-cpython-monitoring-state-v5,CPython 3.12.11,initial-next-opcode-mutation-boundary-return-v1,3,experiments/classic_algorithms_state_prediction/measurements/program-complexity/post-loop-state/python/profiles.jsonl
program-complexity-normalized-v2,classic_algorithms_state_prediction,subset-sum,post-loop-state,python,e86b9328c0adbd407ef803036cc4364daac9cfc7bcfc3d5f3946099665216ca9,30f8a5b79146389a4ec9c2720a64db8542e93d460eea660ba2ed106aa5854d1d,sha256:f8fffc65554e4649cac9c412b16be1f3972013f78deb4e69e55040de64987143,Omega_hat_StateLoad,5835359,=,MEASURED,,python-cpython-program-state-sum-v1,python-cpython-monitoring-state-v5,CPython 3.12.11,initial-next-opcode-mutation-boundary-return-v1,3,experiments/classic_algorithms_state_prediction/measurements/program-complexity/post-loop-state/python/profiles.jsonl
program-complexity-normalized-v2,classic_algorithms_state_prediction,traveling-salesperson-held-karp,short-trace-final,python,52e396495bb04098508153ba63b985d33d2bc8681af13ea9a8889ff40609d79f,0502244c86807b44b7ae199a539ed8b10e73fdc2e80bb1f4604a8f135ea10a08,sha256:f3f4cbc0cffcc9d6f23cb76e142b3799bbfdb6b24dbf6608e4fb750ae74d4106,Omega_CC,12,=,MEASURED,,python-control-flow-v2,python-control-flow-v2,CPython 3.12.11,,1,experiments/classic_algorithms_state_prediction/measurements/program-complexity/short-trace-final/python/profiles.jsonl
program-complexity-normalized-v2,classic_algorithms_state_prediction,traveling-salesperson-held-karp,short-trace-final,python,52e396495bb04098508153ba63b985d33d2bc8681af13ea9a8889ff40609d79f,0502244c86807b44b7ae199a539ed8b10e73fdc2e80bb1f4604a8f135ea10a08,sha256:f3f4cbc0cffcc9d6f23cb76e142b3799bbfdb6b24dbf6608e4fb750ae74d4106,Omega_hat_NativeTrace,12200,=,MEASURED,,python-cpython-monitoring-instruction-v2,python-cpython-monitoring-state-v5,CPython 3.12.11,python-cpython-monitoring-instruction-v2,3,experiments/classic_algorithms_state_prediction/measurements/program-complexity/short-trace-final/python/profiles.jsonl
program-complexity-normalized-v2,classic_algorithms_state_prediction,traveling-salesperson-held-karp,short-trace-final,python,52e396495bb04098508153ba63b985d33d2bc8681af13ea9a8889ff40609d79f,0502244c86807b44b7ae199a539ed8b10e73fdc2e80bb1f4604a8f135ea10a08,sha256:f3f4cbc0cffcc9d6f23cb76e142b3799bbfdb6b24dbf6608e4fb750ae74d4106,Omega_hat_StateSize,388,=,MEASURED,,python-cpython-program-state-v5,python-cpython-monitoring-state-v5,CPython 3.12.11,initial-next-opcode-mutation-boundary-return-v1,3,experiments/classic_algorithms_state_prediction/measurements/program-complexity/short-trace-final/python/profiles.jsonl
program-complexity-normalized-v2,classic_algorithms_state_prediction,traveling-salesperson-held-karp,short-trace-final,python,52e396495bb04098508153ba63b985d33d2bc8681af13ea9a8889ff40609d79f,0502244c86807b44b7ae199a539ed8b10e73fdc2e80bb1f4604a8f135ea10a08,sha256:f3f4cbc0cffcc9d6f23cb76e142b3799bbfdb6b24dbf6608e4fb750ae74d4106,Omega_hat_StateLoad,407726,=,MEASURED,,python-cpython-program-state-sum-v1,python-cpython-monitoring-state-v5,CPython 3.12.11,initial-next-opcode-mutation-boundary-return-v1,3,experiments/classic_algorithms_state_prediction/measurements/program-complexity/short-trace-final/python/profiles.jsonl
program-complexity-normalized-v2,classic_algorithms_state_prediction,traveling-salesperson-held-karp,long-trace-final,python,52e396495bb04098508153ba63b985d33d2bc8681af13ea9a8889ff40609d79f,9119ff3bb3f5de1d3524aa52974face2852c94f7bcf098ed2ce8e6b094209069,sha256:e869fac90dca1268e7c542fc1ccec60f09904e2c8dc6711392726e1e29736c70,Omega_CC,12,=,MEASURED,,python-control-flow-v2,python-control-flow-v2,CPython 3.12.11,,1,experiments/classic_algorithms_state_prediction/measurements/program-complexity/long-trace-final/python/profiles.jsonl
program-complexity-normalized-v2,classic_algorithms_state_prediction,traveling-salesperson-held-karp,long-trace-final,python,52e396495bb04098508153ba63b985d33d2bc8681af13ea9a8889ff40609d79f,9119ff3bb3f5de1d3524aa52974face2852c94f7bcf098ed2ce8e6b094209069,sha256:e869fac90dca1268e7c542fc1ccec60f09904e2c8dc6711392726e1e29736c70,Omega_hat_NativeTrace,219286,=,MEASURED,,python-cpython-monitoring-instruction-v2,python-cpython-monitoring-state-v7,CPython 3.12.11,python-cpython-monitoring-instruction-v2,1,experiments/classic_algorithms_state_prediction/measurements/program-complexity/long-trace-final/python/profiles.jsonl
program-complexity-normalized-v2,classic_algorithms_state_prediction,traveling-salesperson-held-karp,long-trace-final,python,52e396495bb04098508153ba63b985d33d2bc8681af13ea9a8889ff40609d79f,9119ff3bb3f5de1d3524aa52974face2852c94f7bcf098ed2ce8e6b094209069,sha256:e869fac90dca1268e7c542fc1ccec60f09904e2c8dc6711392726e1e29736c70,Omega_hat_StateSize,4215,=,MEASURED,,python-cpython-program-state-v5,python-cpython-monitoring-state-v7,CPython 3.12.11,initial-next-opcode-mutation-boundary-return-v1,1,experiments/classic_algorithms_state_prediction/measurements/program-complexity/long-trace-final/python/profiles.jsonl
program-complexity-normalized-v2,classic_algorithms_state_prediction,traveling-salesperson-held-karp,long-trace-final,python,52e396495bb04098508153ba63b985d33d2bc8681af13ea9a8889ff40609d79f,9119ff3bb3f5de1d3524aa52974face2852c94f7bcf098ed2ce8e6b094209069,sha256:e869fac90dca1268e7c542fc1ccec60f09904e2c8dc6711392726e1e29736c70,Omega_hat_StateLoad,68110999,=,MEASURED,,python-cpython-program-state-sum-v1,python-cpython-monitoring-state-v7,CPython 3.12.11,initial-next-opcode-mutation-boundary-return-v1,1,experiments/classic_algorithms_state_prediction/measurements/program-complexity/long-trace-final/python/profiles.jsonl
program-complexity-normalized-v2,classic_algorithms_state_prediction,traveling-salesperson-held-karp,inside-loop-state,python,8078f3ccadbd89dfc8ef700d3f166075d8c55386503fc5f187e2642ad402b9cb,9119ff3bb3f5de1d3524aa52974face2852c94f7bcf098ed2ce8e6b094209069,sha256:56abee89a4d0236816bc15a0e6cbda356432465daeb67f29606e0bad20b888d6,Omega_CC,14,=,MEASURED,,python-control-flow-v2,python-control-flow-v2,CPython 3.12.11,,1,experiments/classic_algorithms_state_prediction/measurements/program-complexity/inside-loop-state/python/profiles.jsonl
program-complexity-normalized-v2,classic_algorithms_state_prediction,traveling-salesperson-held-karp,inside-loop-state,python,8078f3ccadbd89dfc8ef700d3f166075d8c55386503fc5f187e2642ad402b9cb,9119ff3bb3f5de1d3524aa52974face2852c94f7bcf098ed2ce8e6b094209069,sha256:56abee89a4d0236816bc15a0e6cbda356432465daeb67f29606e0bad20b888d6,Omega_hat_NativeTrace,219157,=,MEASURED,,python-cpython-monitoring-instruction-v2,python-cpython-monitoring-state-v7,CPython 3.12.11,python-cpython-monitoring-instruction-v2,1,experiments/classic_algorithms_state_prediction/measurements/program-complexity/inside-loop-state/python/profiles.jsonl
program-complexity-normalized-v2,classic_algorithms_state_prediction,traveling-salesperson-held-karp,inside-loop-state,python,8078f3ccadbd89dfc8ef700d3f166075d8c55386503fc5f187e2642ad402b9cb,9119ff3bb3f5de1d3524aa52974face2852c94f7bcf098ed2ce8e6b094209069,sha256:56abee89a4d0236816bc15a0e6cbda356432465daeb67f29606e0bad20b888d6,Omega_hat_StateSize,3637,=,MEASURED,,python-cpython-program-state-v5,python-cpython-monitoring-state-v7,CPython 3.12.11,initial-next-opcode-mutation-boundary-return-v1,1,experiments/classic_algorithms_state_prediction/measurements/program-complexity/inside-loop-state/python/profiles.jsonl
program-complexity-normalized-v2,classic_algorithms_state_prediction,traveling-salesperson-held-karp,inside-loop-state,python,8078f3ccadbd89dfc8ef700d3f166075d8c55386503fc5f187e2642ad402b9cb,9119ff3bb3f5de1d3524aa52974face2852c94f7bcf098ed2ce8e6b094209069,sha256:56abee89a4d0236816bc15a0e6cbda356432465daeb67f29606e0bad20b888d6,Omega_hat_StateLoad,65677405,=,MEASURED,,python-cpython-program-state-sum-v1,python-cpython-monitoring-state-v7,CPython 3.12.11,initial-next-opcode-mutation-boundary-return-v1,1,experiments/classic_algorithms_state_prediction/measurements/program-complexity/inside-loop-state/python/profiles.jsonl
program-complexity-normalized-v2,classic_algorithms_state_prediction,traveling-salesperson-held-karp,post-loop-state,python,4a74c7e845c1f4a59a47da34b93aa7d9927e0fa87fe6301e0132757aaee97d3b,9119ff3bb3f5de1d3524aa52974face2852c94f7bcf098ed2ce8e6b094209069,sha256:332f349dbf60e6f9685d51f9d92e901cad94a1b2892c1b9e268741652af6a0c1,Omega_CC,13,=,MEASURED,,python-control-flow-v2,python-control-flow-v2,CPython 3.12.11,,1,experiments/classic_algorithms_state_prediction/measurements/program-complexity/post-loop-state/python/profiles.jsonl
program-complexity-normalized-v2,classic_algorithms_state_prediction,traveling-salesperson-held-karp,post-loop-state,python,4a74c7e845c1f4a59a47da34b93aa7d9927e0fa87fe6301e0132757aaee97d3b,9119ff3bb3f5de1d3524aa52974face2852c94f7bcf098ed2ce8e6b094209069,sha256:332f349dbf60e6f9685d51f9d92e901cad94a1b2892c1b9e268741652af6a0c1,Omega_hat_NativeTrace,233663,=,MEASURED,,python-cpython-monitoring-instruction-v2,python-cpython-monitoring-state-v7,CPython 3.12.11,python-cpython-monitoring-instruction-v2,1,experiments/classic_algorithms_state_prediction/measurements/program-complexity/post-loop-state/python/profiles.jsonl
program-complexity-normalized-v2,classic_algorithms_state_prediction,traveling-salesperson-held-karp,post-loop-state,python,4a74c7e845c1f4a59a47da34b93aa7d9927e0fa87fe6301e0132757aaee97d3b,9119ff3bb3f5de1d3524aa52974face2852c94f7bcf098ed2ce8e6b094209069,sha256:332f349dbf60e6f9685d51f9d92e901cad94a1b2892c1b9e268741652af6a0c1,Omega_hat_StateSize,4216,=,MEASURED,,python-cpython-program-state-v5,python-cpython-monitoring-state-v7,CPython 3.12.11,initial-next-opcode-mutation-boundary-return-v1,1,experiments/classic_algorithms_state_prediction/measurements/program-complexity/post-loop-state/python/profiles.jsonl
program-complexity-normalized-v2,classic_algorithms_state_prediction,traveling-salesperson-held-karp,post-loop-state,python,4a74c7e845c1f4a59a47da34b93aa7d9927e0fa87fe6301e0132757aaee97d3b,9119ff3bb3f5de1d3524aa52974face2852c94f7bcf098ed2ce8e6b094209069,sha256:332f349dbf60e6f9685d51f9d92e901cad94a1b2892c1b9e268741652af6a0c1,Omega_hat_StateLoad,81096273,=,MEASURED,,python-cpython-program-state-sum-v1,python-cpython-monitoring-state-v7,CPython 3.12.11,initial-next-opcode-mutation-boundary-return-v1,1,experiments/classic_algorithms_state_prediction/measurements/program-complexity/post-loop-state/python/profiles.jsonl
program-complexity-normalized-v2,classic_algorithms_state_prediction,weighted-interval-scheduling,short-trace-final,python,5872947e51421f5c3fa8a2d6edd29f55add18c94a8793cdc538705e463e81092,8d73e9e5f26cb9421cb77a3eb26746e09d8b945b40b5cf3a2ef09ed449f6d47e,sha256:fd09102addf6322dcfcbcecc442b085b9cf21b6ce148d8273630709b89d0b4f6,Omega_CC,6,=,MEASURED,,python-control-flow-v2,python-control-flow-v2,CPython 3.12.11,,1,experiments/classic_algorithms_state_prediction/measurements/program-complexity/short-trace-final/python/profiles.jsonl
program-complexity-normalized-v2,classic_algorithms_state_prediction,weighted-interval-scheduling,short-trace-final,python,5872947e51421f5c3fa8a2d6edd29f55add18c94a8793cdc538705e463e81092,8d73e9e5f26cb9421cb77a3eb26746e09d8b945b40b5cf3a2ef09ed449f6d47e,sha256:fd09102addf6322dcfcbcecc442b085b9cf21b6ce148d8273630709b89d0b4f6,Omega_hat_NativeTrace,2834,=,MEASURED,,python-cpython-monitoring-instruction-v2,python-cpython-monitoring-state-v5,CPython 3.12.11,python-cpython-monitoring-instruction-v2,3,experiments/classic_algorithms_state_prediction/measurements/program-complexity/short-trace-final/python/profiles.jsonl
program-complexity-normalized-v2,classic_algorithms_state_prediction,weighted-interval-scheduling,short-trace-final,python,5872947e51421f5c3fa8a2d6edd29f55add18c94a8793cdc538705e463e81092,8d73e9e5f26cb9421cb77a3eb26746e09d8b945b40b5cf3a2ef09ed449f6d47e,sha256:fd09102addf6322dcfcbcecc442b085b9cf21b6ce148d8273630709b89d0b4f6,Omega_hat_StateSize,331,=,MEASURED,,python-cpython-program-state-v5,python-cpython-monitoring-state-v5,CPython 3.12.11,initial-next-opcode-mutation-boundary-return-v1,3,experiments/classic_algorithms_state_prediction/measurements/program-complexity/short-trace-final/python/profiles.jsonl
program-complexity-normalized-v2,classic_algorithms_state_prediction,weighted-interval-scheduling,short-trace-final,python,5872947e51421f5c3fa8a2d6edd29f55add18c94a8793cdc538705e463e81092,8d73e9e5f26cb9421cb77a3eb26746e09d8b945b40b5cf3a2ef09ed449f6d47e,sha256:fd09102addf6322dcfcbcecc442b085b9cf21b6ce148d8273630709b89d0b4f6,Omega_hat_StateLoad,141801,=,MEASURED,,python-cpython-program-state-sum-v1,python-cpython-monitoring-state-v5,CPython 3.12.11,initial-next-opcode-mutation-boundary-return-v1,3,experiments/classic_algorithms_state_prediction/measurements/program-complexity/short-trace-final/python/profiles.jsonl
program-complexity-normalized-v2,classic_algorithms_state_prediction,weighted-interval-scheduling,long-trace-final,python,5872947e51421f5c3fa8a2d6edd29f55add18c94a8793cdc538705e463e81092,71bf3d44fb29acc687bc78e38dcd280463ce26fb0712451b8ac27d67e7fd75bf,sha256:a36df535a58b67fa22755b491997d244be9926944ee4f7dbd03f9dda5aabd679,Omega_CC,6,=,MEASURED,,python-control-flow-v2,python-control-flow-v2,CPython 3.12.11,,1,experiments/classic_algorithms_state_prediction/measurements/program-complexity/long-trace-final/python/profiles.jsonl
program-complexity-normalized-v2,classic_algorithms_state_prediction,weighted-interval-scheduling,long-trace-final,python,5872947e51421f5c3fa8a2d6edd29f55add18c94a8793cdc538705e463e81092,71bf3d44fb29acc687bc78e38dcd280463ce26fb0712451b8ac27d67e7fd75bf,sha256:a36df535a58b67fa22755b491997d244be9926944ee4f7dbd03f9dda5aabd679,Omega_hat_NativeTrace,16530,=,MEASURED,,python-cpython-monitoring-instruction-v2,python-cpython-monitoring-state-v5,CPython 3.12.11,python-cpython-monitoring-instruction-v2,3,experiments/classic_algorithms_state_prediction/measurements/program-complexity/long-trace-final/python/profiles.jsonl
program-complexity-normalized-v2,classic_algorithms_state_prediction,weighted-interval-scheduling,long-trace-final,python,5872947e51421f5c3fa8a2d6edd29f55add18c94a8793cdc538705e463e81092,71bf3d44fb29acc687bc78e38dcd280463ce26fb0712451b8ac27d67e7fd75bf,sha256:a36df535a58b67fa22755b491997d244be9926944ee4f7dbd03f9dda5aabd679,Omega_hat_StateSize,1931,=,MEASURED,,python-cpython-program-state-v5,python-cpython-monitoring-state-v5,CPython 3.12.11,initial-next-opcode-mutation-boundary-return-v1,3,experiments/classic_algorithms_state_prediction/measurements/program-complexity/long-trace-final/python/profiles.jsonl
program-complexity-normalized-v2,classic_algorithms_state_prediction,weighted-interval-scheduling,long-trace-final,python,5872947e51421f5c3fa8a2d6edd29f55add18c94a8793cdc538705e463e81092,71bf3d44fb29acc687bc78e38dcd280463ce26fb0712451b8ac27d67e7fd75bf,sha256:a36df535a58b67fa22755b491997d244be9926944ee4f7dbd03f9dda5aabd679,Omega_hat_StateLoad,4865197,=,MEASURED,,python-cpython-program-state-sum-v1,python-cpython-monitoring-state-v5,CPython 3.12.11,initial-next-opcode-mutation-boundary-return-v1,3,experiments/classic_algorithms_state_prediction/measurements/program-complexity/long-trace-final/python/profiles.jsonl
program-complexity-normalized-v2,classic_algorithms_state_prediction,weighted-interval-scheduling,inside-loop-state,python,5ccb5e944a7ea509fdfa72c930e0aa25828183f4d14714b05ee5f3c6296fa7c3,71bf3d44fb29acc687bc78e38dcd280463ce26fb0712451b8ac27d67e7fd75bf,sha256:3676ffc239a3ce600a4446e2addb26e6a1bb9ea8178b66f0b4762b59fe0888d1,Omega_CC,7,=,MEASURED,,python-control-flow-v2,python-control-flow-v2,CPython 3.12.11,,1,experiments/classic_algorithms_state_prediction/measurements/program-complexity/inside-loop-state/python/profiles.jsonl
program-complexity-normalized-v2,classic_algorithms_state_prediction,weighted-interval-scheduling,inside-loop-state,python,5ccb5e944a7ea509fdfa72c930e0aa25828183f4d14714b05ee5f3c6296fa7c3,71bf3d44fb29acc687bc78e38dcd280463ce26fb0712451b8ac27d67e7fd75bf,sha256:3676ffc239a3ce600a4446e2addb26e6a1bb9ea8178b66f0b4762b59fe0888d1,Omega_hat_NativeTrace,16009,=,MEASURED,,python-cpython-monitoring-instruction-v2,python-cpython-monitoring-state-v5,CPython 3.12.11,python-cpython-monitoring-instruction-v2,3,experiments/classic_algorithms_state_prediction/measurements/program-complexity/inside-loop-state/python/profiles.jsonl
program-complexity-normalized-v2,classic_algorithms_state_prediction,weighted-interval-scheduling,inside-loop-state,python,5ccb5e944a7ea509fdfa72c930e0aa25828183f4d14714b05ee5f3c6296fa7c3,71bf3d44fb29acc687bc78e38dcd280463ce26fb0712451b8ac27d67e7fd75bf,sha256:3676ffc239a3ce600a4446e2addb26e6a1bb9ea8178b66f0b4762b59fe0888d1,Omega_hat_StateSize,1932,=,MEASURED,,python-cpython-program-state-v5,python-cpython-monitoring-state-v5,CPython 3.12.11,initial-next-opcode-mutation-boundary-return-v1,3,experiments/classic_algorithms_state_prediction/measurements/program-complexity/inside-loop-state/python/profiles.jsonl
program-complexity-normalized-v2,classic_algorithms_state_prediction,weighted-interval-scheduling,inside-loop-state,python,5ccb5e944a7ea509fdfa72c930e0aa25828183f4d14714b05ee5f3c6296fa7c3,71bf3d44fb29acc687bc78e38dcd280463ce26fb0712451b8ac27d67e7fd75bf,sha256:3676ffc239a3ce600a4446e2addb26e6a1bb9ea8178b66f0b4762b59fe0888d1,Omega_hat_StateLoad,4445604,=,MEASURED,,python-cpython-program-state-sum-v1,python-cpython-monitoring-state-v5,CPython 3.12.11,initial-next-opcode-mutation-boundary-return-v1,3,experiments/classic_algorithms_state_prediction/measurements/program-complexity/inside-loop-state/python/profiles.jsonl
program-complexity-normalized-v2,classic_algorithms_state_prediction,weighted-interval-scheduling,post-loop-state,python,50ffa2ce9b42e095759fc1176240321aabecba6d835fb0fdabac134bf88329e0,71bf3d44fb29acc687bc78e38dcd280463ce26fb0712451b8ac27d67e7fd75bf,sha256:40313e9228b063761cee9b8d3a795c815c046047760cf36b0eedcae1408135f3,Omega_CC,6,=,MEASURED,,python-control-flow-v2,python-control-flow-v2,CPython 3.12.11,,1,experiments/classic_algorithms_state_prediction/measurements/program-complexity/post-loop-state/python/profiles.jsonl
program-complexity-normalized-v2,classic_algorithms_state_prediction,weighted-interval-scheduling,post-loop-state,python,50ffa2ce9b42e095759fc1176240321aabecba6d835fb0fdabac134bf88329e0,71bf3d44fb29acc687bc78e38dcd280463ce26fb0712451b8ac27d67e7fd75bf,sha256:40313e9228b063761cee9b8d3a795c815c046047760cf36b0eedcae1408135f3,Omega_hat_NativeTrace,16532,=,MEASURED,,python-cpython-monitoring-instruction-v2,python-cpython-monitoring-state-v5,CPython 3.12.11,python-cpython-monitoring-instruction-v2,3,experiments/classic_algorithms_state_prediction/measurements/program-complexity/post-loop-state/python/profiles.jsonl
program-complexity-normalized-v2,classic_algorithms_state_prediction,weighted-interval-scheduling,post-loop-state,python,50ffa2ce9b42e095759fc1176240321aabecba6d835fb0fdabac134bf88329e0,71bf3d44fb29acc687bc78e38dcd280463ce26fb0712451b8ac27d67e7fd75bf,sha256:40313e9228b063761cee9b8d3a795c815c046047760cf36b0eedcae1408135f3,Omega_hat_StateSize,1931,=,MEASURED,,python-cpython-program-state-v5,python-cpython-monitoring-state-v5,CPython 3.12.11,initial-next-opcode-mutation-boundary-return-v1,3,experiments/classic_algorithms_state_prediction/measurements/program-complexity/post-loop-state/python/profiles.jsonl
program-complexity-normalized-v2,classic_algorithms_state_prediction,weighted-interval-scheduling,post-loop-state,python,50ffa2ce9b42e095759fc1176240321aabecba6d835fb0fdabac134bf88329e0,71bf3d44fb29acc687bc78e38dcd280463ce26fb0712451b8ac27d67e7fd75bf,sha256:40313e9228b063761cee9b8d3a795c815c046047760cf36b0eedcae1408135f3,Omega_hat_StateLoad,4865197,=,MEASURED,,python-cpython-program-state-sum-v1,python-cpython-monitoring-state-v5,CPython 3.12.11,initial-next-opcode-mutation-boundary-return-v1,3,experiments/classic_algorithms_state_prediction/measurements/program-complexity/post-loop-state/python/profiles.jsonl
program-complexity-normalized-v2,classic_algorithms_state_prediction,z-algorithm,short-trace-final,python,517326399dda02a1334e8ae408e095bd5c018b658b6e9d9fa1eb2c537a3c1b55,c629963fb7c5fd98ac4fcb1dfaf8700f82f6592eebe40ecb812ea04b251d69d6,sha256:22538fdbd7a1bfce9067072181fd4eadde7249418e91b4b54b902a6bbd9ef2ea,Omega_CC,7,=,MEASURED,,python-control-flow-v2,python-control-flow-v2,CPython 3.12.11,,1,experiments/classic_algorithms_state_prediction/measurements/program-complexity/short-trace-final/python/profiles.jsonl
program-complexity-normalized-v2,classic_algorithms_state_prediction,z-algorithm,short-trace-final,python,517326399dda02a1334e8ae408e095bd5c018b658b6e9d9fa1eb2c537a3c1b55,c629963fb7c5fd98ac4fcb1dfaf8700f82f6592eebe40ecb812ea04b251d69d6,sha256:22538fdbd7a1bfce9067072181fd4eadde7249418e91b4b54b902a6bbd9ef2ea,Omega_hat_NativeTrace,4819,=,MEASURED,,python-cpython-monitoring-instruction-v2,python-cpython-monitoring-state-v5,CPython 3.12.11,python-cpython-monitoring-instruction-v2,3,experiments/classic_algorithms_state_prediction/measurements/program-complexity/short-trace-final/python/profiles.jsonl
program-complexity-normalized-v2,classic_algorithms_state_prediction,z-algorithm,short-trace-final,python,517326399dda02a1334e8ae408e095bd5c018b658b6e9d9fa1eb2c537a3c1b55,c629963fb7c5fd98ac4fcb1dfaf8700f82f6592eebe40ecb812ea04b251d69d6,sha256:22538fdbd7a1bfce9067072181fd4eadde7249418e91b4b54b902a6bbd9ef2ea,Omega_hat_StateSize,145,=,MEASURED,,python-cpython-program-state-v5,python-cpython-monitoring-state-v5,CPython 3.12.11,initial-next-opcode-mutation-boundary-return-v1,3,experiments/classic_algorithms_state_prediction/measurements/program-complexity/short-trace-final/python/profiles.jsonl
program-complexity-normalized-v2,classic_algorithms_state_prediction,z-algorithm,short-trace-final,python,517326399dda02a1334e8ae408e095bd5c018b658b6e9d9fa1eb2c537a3c1b55,c629963fb7c5fd98ac4fcb1dfaf8700f82f6592eebe40ecb812ea04b251d69d6,sha256:22538fdbd7a1bfce9067072181fd4eadde7249418e91b4b54b902a6bbd9ef2ea,Omega_hat_StateLoad,48854,=,MEASURED,,python-cpython-program-state-sum-v1,python-cpython-monitoring-state-v5,CPython 3.12.11,initial-next-opcode-mutation-boundary-return-v1,3,experiments/classic_algorithms_state_prediction/measurements/program-complexity/short-trace-final/python/profiles.jsonl
program-complexity-normalized-v2,classic_algorithms_state_prediction,z-algorithm,long-trace-final,python,517326399dda02a1334e8ae408e095bd5c018b658b6e9d9fa1eb2c537a3c1b55,8c5c683bb189a670aff31224520a2836f212605037303656112c579445327492,sha256:9276b0ae638596c9a2c173c28c1313c1a361f845bf493151b1dcfdf274359c59,Omega_CC,7,=,MEASURED,,python-control-flow-v2,python-control-flow-v2,CPython 3.12.11,,1,experiments/classic_algorithms_state_prediction/measurements/program-complexity/long-trace-final/python/profiles.jsonl
program-complexity-normalized-v2,classic_algorithms_state_prediction,z-algorithm,long-trace-final,python,517326399dda02a1334e8ae408e095bd5c018b658b6e9d9fa1eb2c537a3c1b55,8c5c683bb189a670aff31224520a2836f212605037303656112c579445327492,sha256:9276b0ae638596c9a2c173c28c1313c1a361f845bf493151b1dcfdf274359c59,Omega_hat_NativeTrace,20859,=,MEASURED,,python-cpython-monitoring-instruction-v2,python-cpython-monitoring-state-v5,CPython 3.12.11,python-cpython-monitoring-instruction-v2,3,experiments/classic_algorithms_state_prediction/measurements/program-complexity/long-trace-final/python/profiles.jsonl
program-complexity-normalized-v2,classic_algorithms_state_prediction,z-algorithm,long-trace-final,python,517326399dda02a1334e8ae408e095bd5c018b658b6e9d9fa1eb2c537a3c1b55,8c5c683bb189a670aff31224520a2836f212605037303656112c579445327492,sha256:9276b0ae638596c9a2c173c28c1313c1a361f845bf493151b1dcfdf274359c59,Omega_hat_StateSize,645,=,MEASURED,,python-cpython-program-state-v5,python-cpython-monitoring-state-v5,CPython 3.12.11,initial-next-opcode-mutation-boundary-return-v1,3,experiments/classic_algorithms_state_prediction/measurements/program-complexity/long-trace-final/python/profiles.jsonl
program-complexity-normalized-v2,classic_algorithms_state_prediction,z-algorithm,long-trace-final,python,517326399dda02a1334e8ae408e095bd5c018b658b6e9d9fa1eb2c537a3c1b55,8c5c683bb189a670aff31224520a2836f212605037303656112c579445327492,sha256:9276b0ae638596c9a2c173c28c1313c1a361f845bf493151b1dcfdf274359c59,Omega_hat_StateLoad,948784,=,MEASURED,,python-cpython-program-state-sum-v1,python-cpython-monitoring-state-v5,CPython 3.12.11,initial-next-opcode-mutation-boundary-return-v1,3,experiments/classic_algorithms_state_prediction/measurements/program-complexity/long-trace-final/python/profiles.jsonl
program-complexity-normalized-v2,classic_algorithms_state_prediction,z-algorithm,inside-loop-state,python,1525360d6fad4193ebd649415522b02ceea13282adaca53edeffb8215bfc6e96,8c5c683bb189a670aff31224520a2836f212605037303656112c579445327492,sha256:8c16a551a9883f432c0771ec9c56c533739109eed9a6bf008f67ca8cfe67d6e9,Omega_CC,8,=,MEASURED,,python-control-flow-v2,python-control-flow-v2,CPython 3.12.11,,1,experiments/classic_algorithms_state_prediction/measurements/program-complexity/inside-loop-state/python/profiles.jsonl
program-complexity-normalized-v2,classic_algorithms_state_prediction,z-algorithm,inside-loop-state,python,1525360d6fad4193ebd649415522b02ceea13282adaca53edeffb8215bfc6e96,8c5c683bb189a670aff31224520a2836f212605037303656112c579445327492,sha256:8c16a551a9883f432c0771ec9c56c533739109eed9a6bf008f67ca8cfe67d6e9,Omega_hat_NativeTrace,18073,=,MEASURED,,python-cpython-monitoring-instruction-v2,python-cpython-monitoring-state-v5,CPython 3.12.11,python-cpython-monitoring-instruction-v2,3,experiments/classic_algorithms_state_prediction/measurements/program-complexity/inside-loop-state/python/profiles.jsonl
program-complexity-normalized-v2,classic_algorithms_state_prediction,z-algorithm,inside-loop-state,python,1525360d6fad4193ebd649415522b02ceea13282adaca53edeffb8215bfc6e96,8c5c683bb189a670aff31224520a2836f212605037303656112c579445327492,sha256:8c16a551a9883f432c0771ec9c56c533739109eed9a6bf008f67ca8cfe67d6e9,Omega_hat_StateSize,646,=,MEASURED,,python-cpython-program-state-v5,python-cpython-monitoring-state-v5,CPython 3.12.11,initial-next-opcode-mutation-boundary-return-v1,3,experiments/classic_algorithms_state_prediction/measurements/program-complexity/inside-loop-state/python/profiles.jsonl
program-complexity-normalized-v2,classic_algorithms_state_prediction,z-algorithm,inside-loop-state,python,1525360d6fad4193ebd649415522b02ceea13282adaca53edeffb8215bfc6e96,8c5c683bb189a670aff31224520a2836f212605037303656112c579445327492,sha256:8c16a551a9883f432c0771ec9c56c533739109eed9a6bf008f67ca8cfe67d6e9,Omega_hat_StateLoad,894057,=,MEASURED,,python-cpython-program-state-sum-v1,python-cpython-monitoring-state-v5,CPython 3.12.11,initial-next-opcode-mutation-boundary-return-v1,3,experiments/classic_algorithms_state_prediction/measurements/program-complexity/inside-loop-state/python/profiles.jsonl
program-complexity-normalized-v2,classic_algorithms_state_prediction,z-algorithm,post-loop-state,python,1dc7bd6db7daa0ea65e2d7ea11596099ea0d4b2e397f1a9826c6f3452220dd4e,8c5c683bb189a670aff31224520a2836f212605037303656112c579445327492,sha256:69751cc88491fb020a3dc4d760b90d8b6570b1924a40cd15616ff3d0284df861,Omega_CC,7,=,MEASURED,,python-control-flow-v2,python-control-flow-v2,CPython 3.12.11,,1,experiments/classic_algorithms_state_prediction/measurements/program-complexity/post-loop-state/python/profiles.jsonl
program-complexity-normalized-v2,classic_algorithms_state_prediction,z-algorithm,post-loop-state,python,1dc7bd6db7daa0ea65e2d7ea11596099ea0d4b2e397f1a9826c6f3452220dd4e,8c5c683bb189a670aff31224520a2836f212605037303656112c579445327492,sha256:69751cc88491fb020a3dc4d760b90d8b6570b1924a40cd15616ff3d0284df861,Omega_hat_NativeTrace,20865,=,MEASURED,,python-cpython-monitoring-instruction-v2,python-cpython-monitoring-state-v5,CPython 3.12.11,python-cpython-monitoring-instruction-v2,3,experiments/classic_algorithms_state_prediction/measurements/program-complexity/post-loop-state/python/profiles.jsonl
program-complexity-normalized-v2,classic_algorithms_state_prediction,z-algorithm,post-loop-state,python,1dc7bd6db7daa0ea65e2d7ea11596099ea0d4b2e397f1a9826c6f3452220dd4e,8c5c683bb189a670aff31224520a2836f212605037303656112c579445327492,sha256:69751cc88491fb020a3dc4d760b90d8b6570b1924a40cd15616ff3d0284df861,Omega_hat_StateSize,645,=,MEASURED,,python-cpython-program-state-v5,python-cpython-monitoring-state-v5,CPython 3.12.11,initial-next-opcode-mutation-boundary-return-v1,3,experiments/classic_algorithms_state_prediction/measurements/program-complexity/post-loop-state/python/profiles.jsonl
program-complexity-normalized-v2,classic_algorithms_state_prediction,z-algorithm,post-loop-state,python,1dc7bd6db7daa0ea65e2d7ea11596099ea0d4b2e397f1a9826c6f3452220dd4e,8c5c683bb189a670aff31224520a2836f212605037303656112c579445327492,sha256:69751cc88491fb020a3dc4d760b90d8b6570b1924a40cd15616ff3d0284df861,Omega_hat_StateLoad,948784,=,MEASURED,,python-cpython-program-state-sum-v1,python-cpython-monitoring-state-v5,CPython 3.12.11,initial-next-opcode-mutation-boundary-return-v1,3,experiments/classic_algorithms_state_prediction/measurements/program-complexity/post-loop-state/python/profiles.jsonl
