regression_id,model_id,arm_group,scope,metric_name,grid_index,x,p_wrong,ci_low,ci_high
cumulative-state-load,deepseek-v4-pro-0813-high,all-arms,dynamic,Omega_hat_StateLoad,0,160.00000000000003,0.072470503457430169,0.04985518478527147,0.1042193256772117
cumulative-state-load,deepseek-v4-pro-0813-high,all-arms,dynamic,Omega_hat_StateLoad,1,175.96666301701521,0.073584237226972701,0.050783278962340868,0.1054848423576585
cumulative-state-load,deepseek-v4-pro-0813-high,all-arms,dynamic,Omega_hat_StateLoad,2,193.52666558339874,0.074713708252172412,0.051727576688171267,0.10676415316433423
cumulative-state-load,deepseek-v4-pro-0813-high,all-arms,dynamic,Omega_hat_StateLoad,3,212.83900967200321,0.075859096332231327,0.052688320168641285,0.10805737251710668
cumulative-state-load,deepseek-v4-pro-0813-high,all-arms,dynamic,Omega_hat_StateLoad,4,234.07856432392887,0.077020582000347532,0.053665753659389061,0.1093646150332607
cumulative-state-load,deepseek-v4-pro-0813-high,all-arms,dynamic,Omega_hat_StateLoad,5,257.43764904934704,0.078198346481164832,0.05466012341647293,0.11068599551446839
cumulative-state-load,deepseek-v4-pro-0813-high,all-arms,dynamic,Omega_hat_StateLoad,6,283.127775238494,0.079392571646527535,0.055671677643440928,0.11202162893387199
cumulative-state-load,deepseek-v4-pro-0813-high,all-arms,dynamic,Omega_hat_StateLoad,7,311.38156135093317,0.080603439969510901,0.056700666434679352,0.1133716304233142
cumulative-state-load,deepseek-v4-pro-0813-high,all-arms,dynamic,Omega_hat_StateLoad,8,342.45483922469833,0.081831134476696918,0.057747341714907058,0.11473611526075092
cumulative-state-load,deepseek-v4-pro-0813-high,all-arms,dynamic,Omega_hat_StateLoad,9,376.62897057749097,0.083075838698667553,0.058811957174680927,0.11611519885788563
cumulative-state-load,deepseek-v4-pro-0813-high,all-arms,dynamic,Omega_hat_StateLoad,10,414.21339467534199,0.08433773661868614,0.059894768201772669,0.11750899674806491
cumulative-state-load,deepseek-v4-pro-0813-high,all-arms,dynamic,Omega_hat_StateLoad,11,455.54843023731104,0.085617012619539995,0.060996031808275834,0.11891762457448023
cumulative-state-load,deepseek-v4-pro-0813-high,all-arms,dynamic,Omega_hat_StateLoad,12,501.00835694686998,0.08691385142851632,0.062116006553298339,0.1203411980787198
cumulative-state-load,deepseek-v4-pro-0813-high,all-arms,dynamic,Omega_hat_StateLoad,13,551.00480447236487,0.088228438060485539,0.063254952461092265,0.1217798330897208
cumulative-state-load,deepseek-v4-pro-0813-high,all-arms,dynamic,Omega_hat_StateLoad,14,605.99047968340631,0.089560957759066293,0.064413130934470764,0.12323364551317312
cumulative-state-load,deepseek-v4-pro-0813-high,all-arms,dynamic,Omega_hat_StateLoad,15,666.46326581230801,0.090911595935847606,0.065590804663357871,0.12470275132142948
cumulative-state-load,deepseek-v4-pro-0813-high,all-arms,dynamic,Omega_hat_StateLoad,16,732.97073067758674,0.092280538107643861,0.066788237528314615,0.12618726654397966
cumulative-state-load,deepseek-v4-pro-0813-high,all-arms,dynamic,Omega_hat_StateLoad,17,806.11508479048871,0.093667969831760386,0.068005694498881317,0.1276873072585506
cumulative-state-load,deepseek-v4-pro-0813-high,all-arms,dynamic,Omega_hat_StateLoad,18,886.55863423912888,0.095074076639247856,0.069243441526574342,0.12920298958289747
cumulative-state-load,deepseek-v4-pro-0813-high,all-arms,dynamic,Omega_hat_StateLoad,19,975.02977772488816,0.096499043966124728,0.070501745432370089,0.13073442966735377
cumulative-state-load,deepseek-v4-pro-0813-high,all-arms,dynamic,Omega_hat_StateLoad,20,1072.3296020529406,0.097943057082548649,0.071780873788509003,0.13228174368821324
cumulative-state-load,deepseek-v4-pro-0813-high,all-arms,dynamic,Omega_hat_StateLoad,21,1179.3391357976243,0.099406301019919069,0.073081094794447576,0.13384504784202111
cumulative-state-load,deepseek-v4-pro-0813-high,all-arms,dynamic,Omega_hat_StateLoad,22,1297.0273268229894,0.10088896049589403,0.0744026771467836,0.13542445834085368
cumulative-state-load,deepseek-v4-pro-0813-high,all-arms,dynamic,Omega_hat_StateLoad,23,1426.459815893257,0.10239121983730698,0.075745889902978508,0.13702009140867369
cumulative-state-load,deepseek-v4-pro-0813-high,all-arms,dynamic,Omega_hat_StateLoad,24,1568.8085858162649,0.10391326290096894,0.077111002338695681,0.13863206327884986
cumulative-state-load,deepseek-v4-pro-0813-high,all-arms,dynamic,Omega_hat_StateLoad,25,1725.3625734908187,0.10545527299234586,0.078498283798573348,0.14026049019293596
cumulative-state-load,deepseek-v4-pro-0813-high,all-arms,dynamic,Omega_hat_StateLoad,26,1897.5393409476799,0.10701743278209951,0.079908003540245687,0.14190548840080963
cumulative-state-load,deepseek-v4-pro-0813-high,all-arms,dynamic,Omega_hat_StateLoad,27,2086.8979110629352,0.10859992422048549,0.081340430571424996,0.14356717416227516
cumulative-state-load,deepseek-v4-pro-0813-high,all-arms,dynamic,Omega_hat_StateLoad,28,2295.1528841682762,0.11020292844960067,0.082795833479854267,0.1452456637502415
cumulative-state-load,deepseek-v4-pro-0813-high,all-arms,dynamic,Omega_hat_StateLoad,29,2524.1899633810608,0.11182662571347761,0.084274480255937811,0.14694107345559204
cumulative-state-load,deepseek-v4-pro-0813-high,all-arms,dynamic,Omega_hat_StateLoad,30,2776.0830292325454,0.11347119526602215,0.085776638107853881,0.14865351959386627
cumulative-state-load,deepseek-v4-pro-0813-high,all-arms,dynamic,Omega_hat_StateLoad,31,3053.1129182013642,0.11513681527679634,0.08730257326895309,0.15038311851388442
cumulative-state-load,deepseek-v4-pro-0813-high,all-arms,dynamic,Omega_hat_StateLoad,32,3357.7880751877183,0.11682366273464839,0.088852550797242857,0.15212998660844707
cumulative-state-load,deepseek-v4-pro-0813-high,all-arms,dynamic,Omega_hat_StateLoad,33,3692.8672669319303,0.11853191334919524,0.090426834366756498,0.15389424032725282
cumulative-state-load,deepseek-v4-pro-0813-high,all-arms,dynamic,Omega_hat_StateLoad,34,4061.3845620423572,0.12026174145016469,0.092025686050603656,0.15567599619217903
cumulative-state-load,deepseek-v4-pro-0813-high,all-arms,dynamic,Omega_hat_StateLoad,35,4466.6768038213477,0.12201331988460885,0.09364936609549801,0.15747537081508331
cumulative-state-load,deepseek-v4-pro-0813-high,all-arms,dynamic,Omega_hat_StateLoad,36,4912.4138246496868,0.12378681991200079,0.095298132687556131,0.15929248091828502
cumulative-state-load,deepseek-v4-pro-0813-high,all-arms,dynamic,Omega_hat_StateLoad,37,5402.6316755141097,0.12558241109723103,0.096972241709159621,0.16112744335789644
cumulative-state-load,deepseek-v4-pro-0813-high,all-arms,dynamic,Omega_hat_StateLoad,38,5941.7691715640249,0.12740026120152287,0.098671946486673712,0.16298037515018043
cumulative-state-load,deepseek-v4-pro-0813-high,all-arms,dynamic,Omega_hat_StateLoad,39,6534.7080846093468,0.1292405360712881,0.10039749752881241,0.16485139350111627
cumulative-state-load,deepseek-v4-pro-0813-high,all-arms,dynamic,Omega_hat_StateLoad,40,7186.8173464938645,0.13110339952494929,0.10214914225544285,0.1667406158393672
cumulative-state-load,deepseek-v4-pro-0813-high,all-arms,dynamic,Omega_hat_StateLoad,41,7904.0016635957854,0.13298901323775575,0.103927124716619,0.16864815985284565
cumulative-state-load,deepseek-v4-pro-0813-high,all-arms,dynamic,Omega_hat_StateLoad,42,8692.7549826492977,0.13489753662462659,0.10573168530163786,0.17057414352908451
cumulative-state-load,deepseek-v4-pro-0813-high,all-arms,dynamic,Omega_hat_StateLoad,43,9560.219292008298,0.13682912672105485,0.10756306043791083,0.17251868519962571
cumulative-state-load,deepseek-v4-pro-0813-high,all-arms,dynamic,Omega_hat_StateLoad,44,10514.249290784941,0.13878393806211264,0.10942148227944629,0.17448190358864843
cumulative-state-load,deepseek-v4-pro-0813-high,all-arms,dynamic,Omega_hat_StateLoad,45,11563.483511427785,0.14076212255959894,0.11130717838474026,0.17646391786606314
cumulative-state-load,deepseek-v4-pro-0813-high,all-arms,dynamic,Omega_hat_StateLoad,46,12717.422539738909,0.14276382937737703,0.11322037138387668,0.17846484770530591
cumulative-state-load,deepseek-v4-pro-0813-high,all-arms,dynamic,Omega_hat_StateLoad,47,13986.515040595194,0.14478920480495139,0.11516127863464388,0.18048481334607347
cumulative-state-load,deepseek-v4-pro-0813-high,all-arms,dynamic,Omega_hat_StateLoad,48,15382.25236831769,0.14683839212933802,0.11713011186747591,0.18252393566224387
cumulative-state-load,deepseek-v4-pro-0813-high,all-arms,dynamic,Omega_hat_StateLoad,49,16917.272618365252,0.14891153150528663,0.11912707681903878,0.18458233623523346
cumulative-state-load,deepseek-v4-pro-0813-high,all-arms,dynamic,Omega_hat_StateLoad,50,18605.475062517842,0.15100875982391626,0.12115237285428621,0.18666013743304383
cumulative-state-load,deepseek-v4-pro-0813-high,all-arms,dynamic,Omega_hat_StateLoad,51,20462.146003734739,0.15313021057983103,0.12320619257681996,0.18875746249525496
cumulative-state-load,deepseek-v4-pro-0813-high,all-arms,dynamic,Omega_hat_StateLoad,52,22504.097190275977,0.15527601373678618,0.12528872142740316,0.19087443562422193
cumulative-state-load,deepseek-v4-pro-0813-high,all-arms,dynamic,Omega_hat_StateLoad,53,24749.818042396582,0.15744629559197992,0.12740013727048716,0.19301118208273196
cumulative-state-load,deepseek-v4-pro-0813-high,all-arms,dynamic,Omega_hat_StateLoad,54,27219.643069992744,0.15964117863904914,0.12954060996862915,0.19516782829837581
cumulative-state-load,deepseek-v4-pro-0813-high,all-arms,dynamic,Omega_hat_StateLoad,55,29935.935997130266,0.16186078142985344,0.13171030094469796,0.19734450197488171
cumulative-state-load,deepseek-v4-pro-0813-high,all-arms,dynamic,Omega_hat_StateLoad,56,32923.292260662238,0.16410521843513476,0.13390936273178661,0.19954133221065243
cumulative-state-load,deepseek-v4-pro-0813-high,all-arms,dynamic,Omega_hat_StateLoad,57,36208.761716516623,0.16637459990414596,0.13613793851077793,0.2017584496247353
cumulative-state-load,deepseek-v4-pro-0813-high,all-arms,dynamic,Omega_hat_StateLoad,58,39822.09357021052,0.16866903172334416,0.13839616163553878,0.20399598649043849
cumulative-state-load,deepseek-v4-pro-0813-high,all-arms,dynamic,Omega_hat_StateLoad,59,43796.005749383039,0.17098861527425163,0.14068415514575522,0.20625407687678748
cumulative-state-load,deepseek-v4-pro-0813-high,all-arms,dynamic,Omega_hat_StateLoad,60,48166.481157455812,0.173333447290589,0.14300203126746025,0.20853285679799119
cumulative-state-load,deepseek-v4-pro-0813-high,all-arms,dynamic,Omega_hat_StateLoad,61,52973.093490934014,0.17570361971479331,0.14534989090135544,0.21083246437105657
cumulative-state-load,deepseek-v4-pro-0813-high,all-arms,dynamic,Omega_hat_StateLoad,62,58259.365570550195,0.17809921955403363,0.14772782309907934,0.21315303998165008
cumulative-state-load,deepseek-v4-pro-0813-high,all-arms,dynamic,Omega_hat_StateLoad,63,64073.163430863169,0.18052032873584656,0.15013590452764047,0.21549472645826362
cumulative-state-load,deepseek-v4-pro-0813-high,all-arms,dynamic,Omega_hat_StateLoad,64,70467.12973670529,0.1829670239635145,0.15257419892230301,0.21785766925468356
cumulative-state-load,deepseek-v4-pro-0813-high,all-arms,dynamic,Omega_hat_StateLoad,65,77499.160450969473,0.18543937657131573,0.15504275652829502,0.22024201664070037
cumulative-state-load,deepseek-v4-pro-0813-high,all-arms,dynamic,Omega_hat_StateLoad,66,85232.929069858175,0.18793745237978055,0.15754161353180285,0.22264791990091951
cumulative-state-load,deepseek-v4-pro-0813-high,all-arms,dynamic,Omega_hat_StateLoad,67,93738.463172430624,0.19046131155109025,0.16007079148082104,0.22507553354144633
cumulative-state-load,deepseek-v4-pro-0813-high,all-arms,dynamic,Omega_hat_StateLoad,68,103092.77850497498,0.19301100844476132,0.16263029669654613,0.22752501550411489
cumulative-state-load,deepseek-v4-pro-0813-high,all-arms,dynamic,Omega_hat_StateLoad,69,113380.57634170455,0.1955865914737622,0.16522011967614164,0.22999652738781445
cumulative-state-load,deepseek-v4-pro-0813-high,all-arms,dynamic,Omega_hat_StateLoad,70,124695.01043622312,0.19818810296121231,0.16784023448785168,0.23249023467633037
cumulative-state-load,deepseek-v4-pro-0813-high,all-arms,dynamic,Omega_hat_StateLoad,71,137138.53050833763,0.20081557899781868,0.17049059815961512,0.23500630697196076
cumulative-state-load,deepseek-v4-pro-0813-high,all-arms,dynamic,Omega_hat_StateLoad,72,150823.80990380823,0.20346904930020954,0.17317115006252728,0.23754491823399776
cumulative-state-load,deepseek-v4-pro-0813-high,all-arms,dynamic,Omega_hat_StateLoad,73,165874.76582678623,0.20614853707032593,0.17588181129070835,0.24010624702095804
cumulative-state-load,deepseek-v4-pro-0813-high,all-arms,dynamic,Omega_hat_StateLoad,74,182427.68138292758,0.20885405885604036,0.17862248403938555,0.24269047673523114
cumulative-state-load,deepseek-v4-pro-0813-high,all-arms,dynamic,Omega_hat_StateLoad,75,200632.43959303154,0.21158562441317061,0.18139305098325936,0.2452977958685531
cumulative-state-load,deepseek-v4-pro-0813-high,all-arms,dynamic,Omega_hat_StateLoad,76,220653.88055092908,0.21434323656906334,0.18419337465752267,0.24792839824644397
cumulative-state-load,deepseek-v4-pro-0813-high,all-arms,dynamic,Omega_hat_StateLoad,77,242673.29401438741,0.21712689108792432,0.18702329684422977,0.25058248326942978
cumulative-state-load,deepseek-v4-pro-0813-high,all-arms,dynamic,Omega_hat_StateLoad,78,266890.06094411737,0.21993657653807536,0.1898826379670682,0.25326025614853115
cumulative-state-load,deepseek-v4-pro-0813-high,all-arms,dynamic,Omega_hat_StateLoad,79,293523.45885465108,0.22277227416131959,0.1927711964979783,0.25596192813212543
cumulative-state-load,deepseek-v4-pro-0813-high,all-arms,dynamic,Omega_hat_StateLoad,80,322814.64732415706,0.22563395774460385,0.19568874837949027,0.2586877167208817
cumulative-state-load,deepseek-v4-pro-0813-high,all-arms,dynamic,Omega_hat_StateLoad,81,355028.85164154111,0.22852159349416201,0.19863504646710126,0.26143784586702412
cumulative-state-load,deepseek-v4-pro-0813-high,all-arms,dynamic,Omega_hat_StateLoad,82,390457.76436328108,0.23143513991233411,0.20160981999650837,0.26421254615370787
cumulative-state-load,deepseek-v4-pro-0813-high,all-arms,dynamic,Omega_hat_StateLoad,83,429422.18652556546,0.23437454767724875,0.20461277408102477,0.26701205494978525
cumulative-state-load,deepseek-v4-pro-0813-high,all-arms,dynamic,Omega_hat_StateLoad,84,472274.9324273378,0.23733975952556755,0.20764358924505522,0.26983661653471153
cumulative-state-load,deepseek-v4-pro-0813-high,all-arms,dynamic,Omega_hat_StateLoad,85,519404.02428640635,0.24033071013848334,0.21070192100006951,0.27268648218778208
cumulative-state-load,deepseek-v4-pro-0813-high,all-arms,dynamic,Omega_hat_StateLoad,86,571236.20569554798,0.24334732603116985,0.21378739947009015,0.27556191023532867
cumulative-state-load,deepseek-v4-pro-0813-high,all-arms,dynamic,Omega_hat_StateLoad,87,628240.8056921683,0.2463895254458815,0.21689962907429988,0.27846316604892563
cumulative-state-load,deepseek-v4-pro-0813-high,all-arms,dynamic,Omega_hat_StateLoad,88,690933.98842982296,0.24945721824889805,0.22003818827494573,0.28139052198708481
cumulative-state-load,deepseek-v4-pro-0813-high,all-arms,dynamic,Omega_hat_StateLoad,89,759883.4269314562,0.25255030583151583,0.22320262939928112,0.28434425727237295
cumulative-state-load,deepseek-v4-pro-0813-high,all-arms,dynamic,Omega_hat_StateLoad,90,835713.44324413931,0.25566868101527973,0.22639247854480293,0.2873246577953647
cumulative-state-load,deepseek-v4-pro-0813-high,all-arms,dynamic,Omega_hat_StateLoad,91,919110.66153831861,0.25881222796165493,0.22960723557750429,0.29033201583638985
cumulative-state-load,deepseek-v4-pro-0813-high,all-arms,dynamic,Omega_hat_StateLoad,92,1010830.2253391206,0.26198082208633511,0.23284637423324506,0.29336662969565713
cumulative-state-load,deepseek-v4-pro-0813-high,all-arms,dynamic,Omega_hat_StateLoad,93,1111702.6351853916,0.2651743299783812,0.2361093423326153,0.29642880322206178
cumulative-state-load,deepseek-v4-pro-0813-high,all-arms,dynamic,Omega_hat_StateLoad,94,1222641.26862997,0.26839260932438264,0.23939556211979413,0.29951884523085426
cumulative-state-load,deepseek-v4-pro-0813-high,all-arms,dynamic,Omega_hat_StateLoad,95,1344650.6506731622,0.27163550883783671,0.24270443073587863,0.30263706880038438
cumulative-state-load,deepseek-v4-pro-0813-high,all-arms,dynamic,Omega_hat_StateLoad,96,1478835.5495163416,0.27490286819392828,0.24603532083690324,0.30578379043837112
cumulative-state-load,deepseek-v4-pro-0813-high,all-arms,dynamic,Omega_hat_StateLoad,97,1626410.9799957795,0.27819451796990213,0.24938758136629122,0.30895932910863422
cumulative-state-load,deepseek-v4-pro-0813-high,all-arms,dynamic,Omega_hat_StateLoad,98,1788713.2052755679,0.28151027959120584,0.25276053849071295,0.31216400510997927
cumulative-state-load,deepseek-v4-pro-0813-high,all-arms,dynamic,Omega_hat_StateLoad,99,1967211.8364175649,0.28484996528358397,0.2561534967072483,0.31539813879999162
cumulative-state-load,deepseek-v4-pro-0813-high,all-arms,dynamic,Omega_hat_StateLoad,100,2163523.1393873338,0.28821337803129815,0.25956574012833949,0.31866204915790525
cumulative-state-load,deepseek-v4-pro-0813-high,all-arms,dynamic,Omega_hat_StateLoad,101,2379424.6699880371,0.29160031154164207,0.26299653394923017,0.32195605218248052
cumulative-state-load,deepseek-v4-pro-0813-high,all-arms,dynamic,Omega_hat_StateLoad,102,2616871.3692384856,0.29501055021591688,0.26644512610043031,0.32528045912297077
cumulative-state-load,deepseek-v4-pro-0813-high,all-arms,dynamic,Omega_hat_StateLoad,103,2878013.2649353999,0.29844386912702753,0.26991074908519636,0.32863557454379427
cumulative-state-load,deepseek-v4-pro-0813-high,all-arms,dynamic,Omega_hat_StateLoad,104,3165214.9396836711,0.30190003400385129,0.27339262199909403,0.33202169422642219
cumulative-state-load,deepseek-v4-pro-0813-high,all-arms,dynamic,Omega_hat_StateLoad,105,3481076.9416733594,0.30537880122252781,0.27688995272545025,0.33543910291524465
cumulative-state-load,deepseek-v4-pro-0813-high,all-arms,dynamic,Omega_hat_StateLoad,106,3828459.3320733635,0.30887991780481111,0.28040194029693294,0.33888807191771431
cumulative-state-load,deepseek-v4-pro-0813-high,all-arms,dynamic,Omega_hat_StateLoad,107,4210507.5822581314,0.31240312142361426,0.28392777740970138,0.34236885657283661
cumulative-state-load,deepseek-v4-pro-0813-high,all-arms,dynamic,Omega_hat_StateLoad,108,4630681.0553612765,0.31594814041587682,0.28746665307264163,0.34588169360598997
cumulative-state-load,deepseek-v4-pro-0813-high,all-arms,dynamic,Omega_hat_StateLoad,109,5092784.3300502151,0.31951469380286851,0.29101775537022234,0.34942679839198904
cumulative-state-load,deepseek-v4-pro-0813-high,all-arms,dynamic,Omega_hat_StateLoad,110,5601001.6501517491,0.32310249131804064,0.29458027431364425,0.35300436215215658
cumulative-state-load,deepseek-v4-pro-0813-high,all-arms,dynamic,Omega_hat_StateLoad,111,6159934.8120624963,0.32671123344252689,0.2981534047513173,0.3566145491147622
cumulative-state-load,deepseek-v4-pro-0813-high,all-arms,dynamic,Omega_hat_StateLoad,112,6774644.8330061408,0.33034061144838001,0.30173634930645649,0.3602574936713947
cumulative-state-load,deepseek-v4-pro-0813-high,all-arms,dynamic,Omega_hat_StateLoad,113,7450697.7774347207,0.33399030744963187,0.30532832130689319,0.36393329756450549
cumulative-state-load,deepseek-v4-pro-0813-high,all-arms,dynamic,Omega_hat_StateLoad,114,8194215.1565217515,0.33765999446124539,0.3089285476701854,0.36764202714331851
cumulative-state-load,deepseek-v4-pro-0813-high,all-arms,dynamic,Omega_hat_StateLoad,115,9011929.3571036384,0.341349336466019,0.31253627170593296,0.37138371072645027
cumulative-state-load,deepseek-v4-pro-0813-high,all-arms,dynamic,Omega_hat_StateLoad,116,9911244.6019662432,0.34505798848949754,0.31615075579695379,0.37515833610979171
cumulative-state-load,deepseek-v4-pro-0813-high,all-arms,dynamic,Omega_hat_StateLoad,117,10900303.993458785,0.3487855966829268,0.31977128392173637,0.37896584825739432
cumulative-state-load,deepseek-v4-pro-0813-high,all-arms,dynamic,Omega_hat_StateLoad,118,11988063.247499926,0.35253179841428106,0.32339716398239177,0.38280614721125811
cumulative-state-load,deepseek-v4-pro-0813-high,all-arms,dynamic,Omega_hat_StateLoad,119,13184371.785621783,0.35629622236738212,0.32702772990516565,0.38667908625303293
cumulative-state-load,deepseek-v4-pro-0813-high,all-arms,dynamic,Omega_hat_StateLoad,120,14500061.919322165,0.36007848864911324,0.33066234348438911,0.39058447034677574
cumulative-state-load,deepseek-v4-pro-0813-high,all-arms,dynamic,Omega_hat_StateLoad,121,15947046.934270119,0.3638782089047235,0.3343003959454392,0.3945220548871739
cumulative-state-load,deepseek-v4-pro-0813-high,all-arms,dynamic,Omega_hat_StateLoad,122,17538428.96249523,0.36769498644120219,0.33794130920768994,0.39849154477217813
cumulative-state-load,deepseek-v4-pro-0813-high,all-arms,dynamic,Omega_hat_StateLoad,123,19288617.619320367,0.37152841635869283,0.34158453683439333,0.40249259381298202
cumulative-state-load,deepseek-v4-pro-0813-high,all-arms,dynamic,Omega_hat_StateLoad,124,21213460.479268815,0.37537808568990494,0.34522956466271104,0.40652480448795925
cumulative-state-load,deepseek-v4-pro-0813-high,all-arms,dynamic,Omega_hat_StateLoad,125,23330386.572376668,0.37924357354746402,0.3488759111135083,0.41058772804071658
cumulative-state-load,deepseek-v4-pro-0813-high,all-arms,dynamic,Omega_hat_StateLoad,126,25658564.200238083,0.38312445127913397,0.35252312718678219,0.41468086491611877
cumulative-state-load,deepseek-v4-pro-0813-high,all-arms,dynamic,Omega_hat_StateLoad,127,28219074.500773419,0.38702028263083055,0.35617079615452707,0.41880366552215531
cumulative-state-load,deepseek-v4-pro-0813-high,all-arms,dynamic,Omega_hat_StateLoad,128,31035102.333310276,0.39093062391732664,0.35981853296822247,0.42295553130007979
cumulative-state-load,deepseek-v4-pro-0813-high,all-arms,dynamic,Omega_hat_StateLoad,129,34132146.212401211,0.39485502420054969,0.3634659834028301,0.42713581608051177
cumulative-state-load,deepseek-v4-pro-0813-high,all-arms,dynamic,Omega_hat_StateLoad,130,37538249.191281863,0.39879302547534423,0.3671128229630502,0.4313438276992631
cumulative-state-load,deepseek-v4-pro-0813-high,all-arms,dynamic,Omega_hat_StateLoad,131,41284252.785568915,0.40274416286257142,0.37075875558056498,0.43557882984363122
cumulative-state-load,deepseek-v4-pro-0813-high,all-arms,dynamic,Omega_hat_StateLoad,132,45404076.236421742,0.40670796480939814,0.37440351213303102,0.43984004409781663
cumulative-state-load,deepseek-v4-pro-0813-high,all-arms,dynamic,Omega_hat_StateLoad,133,49935023.641833104,0.41068395329661744,0.37804684881667933,0.44412665215496688
cumulative-state-load,deepseek-v4-pro-0813-high,all-arms,dynamic,Omega_hat_StateLoad,134,54918121.737057097,0.41467164405283125,0.3816885454046155,0.44843779816308427
cumulative-state-load,deepseek-v4-pro-0813-high,all-arms,dynamic,Omega_hat_StateLoad,135,60398491.382700928,0.41867054677531212,0.38532840342230967,0.45277259117257551
cumulative-state-load,deepseek-v4-pro-0813-high,all-arms,dynamic,Omega_hat_StateLoad,136,66425756.12422397,0.42268016535734904,0.38896624427047538,0.45713010765446954
cumulative-state-load,deepseek-v4-pro-0813-high,all-arms,dynamic,Omega_hat_StateLoad,137,73054491.5222608,0.42669999812187281,0.39260190732365102,0.4615093940601801
cumulative-state-load,deepseek-v4-pro-0813-high,all-arms,dynamic,Omega_hat_StateLoad,138,80344719.322356671,0.43072953806114073,0.39623524803044297,0.46590946939598965
cumulative-state-load,deepseek-v4-pro-0813-high,all-arms,dynamic,Omega_hat_StateLoad,139,88362450.938711315,0.43476827308225363,0.39986613603870463,0.4703293277880819
cumulative-state-load,deepseek-v4-pro-0813-high,all-arms,dynamic,Omega_hat_StateLoad,140,97180285.173060998,0.43881568625826645,0.40349445336602913,0.47476794101681352
cumulative-state-load,deepseek-v4-pro-0813-high,all-arms,dynamic,Omega_hat_StateLoad,141,106878065.58090919,0.44287125608463884,0.40712009263292637,0.4792242610018706
cumulative-state-load,deepseek-v4-pro-0813-high,all-arms,dynamic,Omega_hat_StateLoad,142,117543603.43741412,0.44693445674076981,0.41074295537306343,0.48369722222293471
cumulative-state-load,deepseek-v4-pro-0813-high,all-arms,dynamic,Omega_hat_StateLoad,143,129273472.84923206,0.45100475835634452,0.41436295043202664,0.48818574406335202
cumulative-state-load,deepseek-v4-pro-0813-high,all-arms,dynamic,Omega_hat_StateLoad,144,142173885.21187559,0.45508162728221413,0.41797999246330247,0.4926887330670463
cumulative-state-load,deepseek-v4-pro-0813-high,all-arms,dynamic,Omega_hat_StateLoad,145,156361650.930612,0.45916452636552357,0.42159400052761675,0.49720508510144162
cumulative-state-load,deepseek-v4-pro-0813-high,all-arms,dynamic,Omega_hat_StateLoad,146,171965237.11306983,0.46325291522878903,0.42520489679944967,0.50173368742145763
cumulative-state-load,deepseek-v4-pro-0813-high,all-arms,dynamic,Omega_hat_StateLoad,147,189125930.81072932,0.46734625055262363,0.428812605382491,0.50627342063167957
cumulative-state-load,deepseek-v4-pro-0813-high,all-arms,dynamic,Omega_hat_StateLoad,148,207999118.34219295,0.4714439863618009,0.43241705123400931,0.51082316054557209
cumulative-state-load,deepseek-v4-pro-0813-high,all-arms,dynamic,Omega_hat_StateLoad,149,228755692.28223091,0.47554557431433936,0.4360181591965957,0.51538177994210788
cumulative-state-load,deepseek-v4-pro-0813-high,all-arms,dynamic,Omega_hat_StateLoad,150,251583598.85657105,0.47965046399328432,0.43961585313448742,0.51994815022142382
cumulative-state-load,deepseek-v4-pro-0813-high,all-arms,dynamic,Omega_hat_StateLoad,151,276689539.75376368,0.48375810320086182,0.44321005517066647,0.52452114296212404
cumulative-state-load,deepseek-v4-pro-0813-high,all-arms,dynamic,Omega_hat_StateLoad,152,304300843.76364738,0.48786793825467017,0.44680068502014952,0.52909963138361771
cumulative-state-load,deepseek-v4-pro-0813-high,all-arms,dynamic,Omega_hat_StateLoad,153,334667525.1896947,0.49197941428557268,0.45038765941430414,0.53368249171746329
cumulative-state-load,deepseek-v4-pro-0813-high,all-arms,dynamic,Omega_hat_StateLoad,154,368064547.67370838,0.49609197553695261,0.45397089161062915,0.53826860449208325
cumulative-state-load,deepseek-v4-pro-0813-high,all-arms,dynamic,Omega_hat_StateLoad,155,404794313.93130994,0.50020506566498846,0.45755029098220085,0.54285685573546594
cumulative-state-load,deepseek-v4-pro-0813-high,all-arms,dynamic,Omega_hat_StateLoad,156,445189403.94221693,0.50431812803960285,0.46112576268087102,0.54744613810058085
cumulative-state-load,deepseek-v4-pro-0813-high,all-arms,dynamic,Omega_hat_StateLoad,157,489615586.38903737,0.50843060604574108,0.46469720736831266,0.55203535191824127
cumulative-state-load,deepseek-v4-pro-0813-high,all-arms,dynamic,Omega_hat_StateLoad,158,538475130.61248791,0.51254194338463344,0.46826452100910076,0.55662340618207784
cumulative-state-load,deepseek-v4-pro-0813-high,all-arms,dynamic,Omega_hat_StateLoad,159,592210449.07206702,0.5166515843746915,0.47182759472017693,0.56120921947012448
cumulative-state-load,deepseek-v4-pro-0813-high,all-arms,dynamic,Omega_hat_StateLoad,160,651308103.29387307,0.52075897425169815,0.47538631467127329,0.56579172080733053
cumulative-state-load,deepseek-v4-pro-0813-high,all-arms,dynamic,Omega_hat_StateLoad,161,716303209.57852709,0.52486355946794072,0.47894056203112617,0.57036985047306799
cumulative-state-load,deepseek-v4-pro-0813-high,all-arms,dynamic,Omega_hat_StateLoad,162,787784284.36194468,0.52896478798995039,0.48249021295460259,0.57494256075743966
cumulative-state-load,deepseek-v4-pro-0813-high,all-arms,dynamic,Omega_hat_StateLoad,163,866398573.10261786,0.5330621095945054,0.48603513860616743,0.57950881666992193
cumulative-state-load,deepseek-v4-pro-0813-high,all-arms,dynamic,Omega_hat_StateLoad,164,952857910.94732022,0.53715497616256258,0.48957520521543463,0.58406759660358154
cumulative-state-load,deepseek-v4-pro-0813-high,all-arms,dynamic,Omega_hat_StateLoad,165,1047945168.2422739,0.54124284197078554,0.49311027416086411,0.58861789295783062
cumulative-state-load,deepseek-v4-pro-0813-high,all-arms,dynamic,Omega_hat_StateLoad,166,1152521339.252485,0.54532516398034248,0.49664020207797976,0.59315871272240095
cumulative-state-load,deepseek-v4-pro-0813-high,all-arms,dynamic,Omega_hat_StateLoad,167,1267533338.2760072,0.54940140212265065,0.50016484098878489,0.59768907802495308
cumulative-state-load,deepseek-v4-pro-0813-high,all-arms,dynamic,Omega_hat_StateLoad,168,1394022573.7452912,0.5534710195817516,0.50368403844935061,0.60220802664448159
cumulative-state-load,deepseek-v4-pro-0813-high,all-arms,dynamic,Omega_hat_StateLoad,169,1533134377.9521875,0.55753348307300976,0.50719763771283177,0.60671461249244152
cumulative-state-load,deepseek-v4-pro-0813-high,all-arms,dynamic,Omega_hat_StateLoad,170,1686128377.7807078,0.56158826311782784,0.51070547790541887,0.61120790606329634
cumulative-state-load,deepseek-v4-pro-0813-high,all-arms,dynamic,Omega_hat_StateLoad,171,1854389900.3522778,0.56563483431408956,0.51420739421299899,0.61568699485599077
cumulative-state-load,deepseek-v4-pro-0813-high,all-arms,dynamic,Omega_hat_StateLoad,172,2039442516.8590362,0.56967267560203683,0.51770321807651132,0.62015098376766209
cumulative-state-load,deepseek-v4-pro-0813-high,all-arms,dynamic,Omega_hat_StateLoad,173,2242961838.1669221,0.57370127052531095,0.52119277739420744,0.62459899546074293
cumulative-state-load,deepseek-v4-pro-0813-high,all-arms,dynamic,Omega_hat_StateLoad,174,2466790687.1046495,0.57772010748688185,0.52467589672921677,0.62903017070445966
cumulative-state-load,deepseek-v4-pro-0813-high,all-arms,dynamic,Omega_hat_StateLoad,175,2712955784.8203464,0.58172867999961175,0.52815239752099918,0.6334436686915943
cumulative-state-load,deepseek-v4-pro-0813-high,all-arms,dynamic,Omega_hat_StateLoad,176,2983686102.297143,0.58572648693120111,0.53162209829942919,0.63783866733127514
cumulative-state-load,deepseek-v4-pro-0813-high,all-arms,dynamic,Omega_hat_StateLoad,177,3281433043.1967072,0.58971303274328035,0.53508481490040594,0.64221436351845063
cumulative-state-load,deepseek-v4-pro-0813-high,all-arms,dynamic,Omega_hat_StateLoad,178,3608892640.781837,0.59368782772441664,0.53854036068201505,0.64656997338062594
cumulative-state-load,deepseek-v4-pro-0813-high,all-arms,dynamic,Omega_hat_StateLoad,179,3969029969.9065242,0.59765038821682437,0.54198854674039632,0.65090473250236625
cumulative-state-load,deepseek-v4-pro-0813-high,all-arms,dynamic,Omega_hat_StateLoad,180,4365105995.118597,0.60160023683656794,0.54542918212456903,0.65521789612801262
cumulative-state-load,deepseek-v4-pro-0813-high,all-arms,dynamic,Omega_hat_StateLoad,181,4800707097.9786587,0.60553690268706828,0.54886207404957832,0.65950873934300924
cumulative-state-load,deepseek-v4-pro-0813-high,all-arms,dynamic,Omega_hat_StateLoad,182,5279777550.9587879,0.60945992156573148,0.55228702810740138,0.66377655723420526
cumulative-state-load,deepseek-v4-pro-0813-high,all-arms,dynamic,Omega_hat_StateLoad,183,5806655231.9647808,0.61336883616352522,0.55570384847513665,0.66802066502945867
cumulative-state-load,deepseek-v4-pro-0813-high,all-arms,dynamic,Omega_hat_StateLoad,184,6386110902.8696117,0.61726319625735515,0.55911233812006922,0.67224039821686155
cumulative-state-load,deepseek-v4-pro-0813-high,all-arms,dynamic,Omega_hat_StateLoad,185,7023391407.7158833,0.62114255889508729,0.56251229900126054,0.67643511264387512
cumulative-state-load,deepseek-v4-pro-0813-high,all-arms,dynamic,Omega_hat_StateLoad,186,7724267181.7384024,0.62500648857309482,0.56590353226737466,0.68060418459667593
cumulative-state-load,deepseek-v4-pro-0813-high,all-arms,dynamic,Omega_hat_StateLoad,187,8495084501.389677,0.62885455740620011,0.56928583845049252,0.68474701085999023
cumulative-state-load,deepseek-v4-pro-0813-high,all-arms,dynamic,Omega_hat_StateLoad,188,9342822948.4818935,0.63268634528991619,0.57265901765571137,0.68886300875771656
cumulative-state-load,deepseek-v4-pro-0813-high,all-arms,dynamic,Omega_hat_StateLoad,189,10275158608.769714,0.63650144005488662,0.57602286974636774,0.69295161617462653
cumulative-state-load,deepseek-v4-pro-0813-high,all-arms,dynamic,Omega_hat_StateLoad,190,11300533577.223497,0.64029943761344799,0.57937719452474612,0.6970122915594521
cumulative-state-load,deepseek-v4-pro-0813-high,all-arms,dynamic,Omega_hat_StateLoad,191,12428232399.348488,0.64407994209824548,0.58272179190817341,0.70104451390967815
cumulative-state-load,deepseek-v4-pro-0813-high,all-arms,dynamic,Omega_hat_StateLoad,192,13668466140.708134,0.64784256599284706,0.5860564621004154,0.70504778273836843
cumulative-state-load,deepseek-v4-pro-0813-high,all-arms,dynamic,Omega_hat_StateLoad,193,15032464845.884159,0.6515869302543158,0.58938100575832275,0.70902161802337593
cumulative-state-load,deepseek-v4-pro-0813-high,all-arms,dynamic,Omega_hat_StateLoad,194,16532579224.067705,0.65531266442770597,0.5926952241536817,0.71296556013929746
cumulative-state-load,deepseek-v4-pro-0813-high,all-arms,dynamic,Omega_hat_StateLoad,195,18182392482.02264,0.65901940675247161,0.59599891933025095,0.71687916977255506
cumulative-state-load,deepseek-v4-pro-0813-high,all-arms,dynamic,Omega_hat_StateLoad,196,19996843317.044987,0.66270680426077822,0.5992918942559754,0.72076202782000398
cumulative-state-load,deepseek-v4-pro-0813-high,all-arms,dynamic,Omega_hat_StateLoad,197,21992361183.590626,0.6663745128677222,0.60257395297037664,0.7246137352714791
cumulative-state-load,deepseek-v4-pro-0813-high,all-arms,dynamic,Omega_hat_StateLoad,198,24187015058.38356,0.67002219745348546,0.60584490072714192,0.72843391307671945
cumulative-state-load,deepseek-v4-pro-0813-high,all-arms,dynamic,Omega_hat_StateLoad,199,26600677051.037903,0.67364953193744326,0.6091045441319255,0.73222220199711674
cumulative-state-load,deepseek-v4-pro-0813-high,all-arms,dynamic,Omega_hat_StateLoad,200,29255202341.652668,0.67725619934427372,0.61235269127539604,0.73597826244275466
cumulative-state-load,deepseek-v4-pro-0813-high,all-arms,dynamic,Omega_hat_StateLoad,201,32174627074.676273,0.6808418918621213,0.6155891518615737,0.73970177429522954
cumulative-state-load,deepseek-v4-pro-0813-high,all-arms,dynamic,Omega_hat_StateLoad,202,35385386000.923012,0.68440631089287107,0.6188137373314867,0.74339243671673783
cumulative-state-load,deepseek-v4-pro-0813-high,all-arms,dynamic,Omega_hat_StateLoad,203,38916551838.446526,0.6879491670946124,0.62202626098220515,0.74704996794595224
cumulative-state-load,deepseek-v4-pro-0813-high,all-arms,dynamic,Omega_hat_StateLoad,204,42800098519.625687,0.69147018041637154,0.6252265380812978,0.75067410508120236
cumulative-state-load,deepseek-v4-pro-0813-high,all-arms,dynamic,Omega_hat_StateLoad,205,47071190708.112556,0.69496908012520642,0.62841438597676869,0.75426460385149907
cumulative-state-load,deepseek-v4-pro-0813-high,all-arms,dynamic,Omega_hat_StateLoad,206,51768502207.150764,0.69844560482576346,0.63158962420252662,0.75782123837594262
cumulative-state-load,deepseek-v4-pro-0813-high,all-arms,dynamic,Omega_hat_StateLoad,207,56934566142.383049,0.70189950247240873,0.6347520745794526,0.76134380091207088
cumulative-state-load,deepseek-v4-pro-0813-high,all-arms,dynamic,Omega_hat_StateLoad,208,62616160089.979439,0.70533053037405147,0.63790156131212128,0.76483210159370352
cumulative-state-load,deepseek-v4-pro-0813-high,all-arms,dynamic,Omega_hat_StateLoad,209,68864729637.330414,0.70873845519178413,0.6410379110812412,0.76828596815884775
cumulative-state-load,deepseek-v4-pro-0813-high,all-arms,dynamic,Omega_hat_StateLoad,210,75736854211.562225,0.7121230529294762,0.64416095313187771,0.77170524566823662
cumulative-state-load,deepseek-v4-pro-0813-high,all-arms,dynamic,Omega_hat_StateLoad,211,83294759393.842606,0.71548410891746217,0.64727051935752378,0.77508979621506779
cumulative-state-load,deepseek-v4-pro-0813-high,all-arms,dynamic,Omega_hat_StateLoad,212,91606880358.372696,0.71882141778946818,0.65036644438008284,0.77843949862651685
cumulative-state-load,deepseek-v4-pro-0813-high,all-arms,dynamic,Omega_hat_StateLoad,213,100748481537.88652,0.72213478345293791,0.65344856562583087,0.78175424815759831
cumulative-state-load,deepseek-v4-pro-0813-high,all-arms,dynamic,Omega_hat_StateLoad,214,110802338126.58263,0.72542401905291187,0.65651672339742584,0.78503395617794314
cumulative-state-load,deepseek-v4-pro-0813-high,all-arms,dynamic,Omega_hat_StateLoad,215,121859485591.36063,0.72868894692962904,0.65957076094203004,0.7882785498520628
cumulative-state-load,deepseek-v4-pro-0813-high,all-arms,dynamic,Omega_hat_StateLoad,216,134020043978.01147,0.73192939857001937,0.66261052451561109,0.79148797181366126
cumulative-state-load,deepseek-v4-pro-0813-high,all-arms,dynamic,Omega_hat_StateLoad,217,147394124476.27658,0.73514521455326354,0.66563586344349424,0.79466217983455456
cumulative-state-load,deepseek-v4-pro-0813-high,all-arms,dynamic,Omega_hat_StateLoad,218,162102826452.53143,0.73833624449059931,0.66864663017723025,0.79780114648875144
cumulative-state-load,deepseek-v4-pro-0813-high,all-arms,dynamic,Omega_hat_StateLoad,219,178279333977.98898,0.74150234695955419,0.67164268034784413,0.8009048588122345
cumulative-state-load,deepseek-v4-pro-0813-high,all-arms,dynamic,Omega_hat_StateLoad,220,196070121781.26645,0.74464338943279595,0.67462387281554081,0.80397331795898519
cumulative-state-load,deepseek-v4-pro-0813-high,all-arms,dynamic,Omega_hat_StateLoad,221,215636281544.93341,0.7477592482017853,0.67759006971592683,0.80700653885377072
cumulative-state-load,deepseek-v4-pro-0813-high,all-arms,dynamic,Omega_hat_StateLoad,222,237154980555.37146,0.75084980829542314,0.68054113650282033,0.8100045498422126
cumulative-state-load,deepseek-v4-pro-0813-high,all-arms,dynamic,Omega_hat_StateLoad,223,260821065913.71228,0.75391496339388819,0.68347694198771813,0.81296739233864357
cumulative-state-load,deepseek-v4-pro-0813-high,all-arms,dynamic,Omega_hat_StateLoad,224,286848828833.60516,0.75695461573785694,0.68639735837598426,0.81589512047223833
cumulative-state-load,deepseek-v4-pro-0813-high,all-arms,dynamic,Omega_hat_StateLoad,225,315473945001.17883,0.75996867603330476,0.68930226129983141,0.81878780073190516
cumulative-state-load,deepseek-v4-pro-0813-high,all-arms,dynamic,Omega_hat_StateLoad,226,346955608566.69196,0.76295706335208324,0.69219152984815824,0.82164551161039734
cumulative-state-load,deepseek-v4-pro-0813-high,all-arms,dynamic,Omega_hat_StateLoad,227,381578879090.73993,0.76591970502847428,0.69506504659331614,0.82446834324810281
cumulative-state-load,deepseek-v4-pro-0813-high,all-arms,dynamic,Omega_hat_StateLoad,228,419657262696.06763,0.7688565365519161,0.69792269761486725,0.82725639707694543
cumulative-state-load,deepseek-v4-pro-0813-high,all-arms,dynamic,Omega_hat_StateLoad,229,461535550796.76123,0.77176750145609918,0.70076437252040313,0.83000978546481941
cumulative-state-load,deepseek-v4-pro-0813-high,all-arms,dynamic,Omega_hat_StateLoad,230,507592942108.91516,0.77465255120463372,0.70358996446349409,0.83272863136097175
cumulative-state-load,deepseek-v4-pro-0813-high,all-arms,dynamic,Omega_hat_StateLoad,231,558246476211.84119,0.77751164507347703,0.70639937015883048,0.83541306794271319
cumulative-state-load,deepseek-v4-pro-0813-high,all-arms,dynamic,Omega_hat_StateLoad,232,613954809750.03162,0.78034475003032355,0.70919248989462702,0.83806323826384344
cumulative-state-load,deepseek-v4-pro-0813-high,all-arms,dynamic,Omega_hat_StateLoad,233,675222369468.49878,0.78315184061114829,0.71196922754235736,0.84067929490514548
cumulative-state-load,deepseek-v4-pro-0813-high,all-arms,dynamic,Omega_hat_StateLoad,234,742603919686.33508,0.78593289879409423,0.71472949056388047,0.84326139962729263
cumulative-state-load,deepseek-v4-pro-0813-high,all-arms,dynamic,Omega_hat_StateLoad,235,816709585565.99792,0.78868791387089687,0.71747319001603183,0.84580972302649726
cumulative-state-load,deepseek-v4-pro-0813-high,all-arms,dynamic,Omega_hat_StateLoad,236,898210377662.86572,0.79141688231603136,0.72020024055273979,0.84832444419321185
cumulative-state-load,deepseek-v4-pro-0813-high,all-arms,dynamic,Omega_hat_StateLoad,237,987844267778.66956,0.79411980765376899,0.722910560424737,0.85080575037417561
cumulative-state-load,deepseek-v4-pro-0813-high,all-arms,dynamic,Omega_hat_StateLoad,238,1086422871134.3737,0.79679670032332572,0.72560407147693018,0.8532538366380874
cumulative-state-load,deepseek-v4-pro-0813-high,all-arms,dynamic,Omega_hat_StateLoad,239,1194838795368.0005,0.79944757754228013,0.72828069914349436,0.85566890554516406
cumulative-state-load,deepseek-v4-pro-0813-off,all-arms,dynamic,Omega_hat_StateLoad,0,160.00000000000003,0.71173275145089698,0.62066586115902433,0.7883909402615229
cumulative-state-load,deepseek-v4-pro-0813-off,all-arms,dynamic,Omega_hat_StateLoad,1,175.96666301701521,0.71441013941127174,0.62460468105930078,0.78995624713833612
cumulative-state-load,deepseek-v4-pro-0813-off,all-arms,dynamic,Omega_hat_StateLoad,2,193.52666558339874,0.71707254534725784,0.62852474244076184,0.7915146895767281
cumulative-state-load,deepseek-v4-pro-0813-off,all-arms,dynamic,Omega_hat_StateLoad,3,212.83900967200321,0.71971986862266069,0.63242556675539097,0.79306628650182065
cumulative-state-load,deepseek-v4-pro-0813-off,all-arms,dynamic,Omega_hat_StateLoad,4,234.07856432392887,0.72235201230626811,0.63630668450461281,0.79461105809040311
cumulative-state-load,deepseek-v4-pro-0813-off,all-arms,dynamic,Omega_hat_StateLoad,5,257.43764904934704,0.72496888315959596,0.64016763538081167,0.79614902578436408
cumulative-state-load,deepseek-v4-pro-0813-off,all-arms,dynamic,Omega_hat_StateLoad,6,283.127775238494,0.7275703916230587,0.64400796839803631,0.79768021230454578
cumulative-state-load,deepseek-v4-pro-0813-off,all-arms,dynamic,Omega_hat_StateLoad,7,311.38156135093317,0.73015645180059408,0.64782724201186215,0.79920464166501559
cumulative-state-load,deepseek-v4-pro-0813-off,all-arms,dynamic,Omega_hat_StateLoad,8,342.45483922469833,0.73272698144278059,0.65162502422840429,0.80072233918774116
cumulative-state-load,deepseek-v4-pro-0813-off,all-arms,dynamic,Omega_hat_StateLoad,9,376.62897057749097,0.73528190192848064,0.65540089270249469,0.8022333315176553
cumulative-state-load,deepseek-v4-pro-0813-off,all-arms,dynamic,Omega_hat_StateLoad,10,414.21339467534199,0.7378211382450508,0.65915443482505731,0.80373764663808833
cumulative-state-load,deepseek-v4-pro-0813-off,all-arms,dynamic,Omega_hat_StateLoad,11,455.54843023731104,0.74034461896714909,0.66288524779973801,0.80523531388654301
cumulative-state-load,deepseek-v4-pro-0813-off,all-arms,dynamic,Omega_hat_StateLoad,12,501.00835694686998,0.74285227623418448,0.66659293870886727,0.80672636397078101
cumulative-state-load,deepseek-v4-pro-0813-off,all-arms,dynamic,Omega_hat_StateLoad,13,551.00480447236487,0.74534404572643986,0.67027712456885424,0.80821082898518171
cumulative-state-load,deepseek-v4-pro-0813-off,all-arms,dynamic,Omega_hat_StateLoad,14,605.99047968340631,0.74781986663991273,0.6739374323751367,0.80968874242733124
cumulative-state-load,deepseek-v4-pro-0813-off,all-arms,dynamic,Omega_hat_StateLoad,15,666.46326581230801,0.75027968165990777,0.67757349913682818,0.8111601392147848
cumulative-state-load,deepseek-v4-pro-0813-off,all-arms,dynamic,Omega_hat_StateLoad,16,732.97073067758674,0.75272343693342336,0.6811849719012335,0.81262505570194343
cumulative-state-load,deepseek-v4-pro-0813-off,all-arms,dynamic,Omega_hat_StateLoad,17,806.11508479048871,0.75515108204036963,0.68477150776842055,0.81408352969697317
cumulative-state-load,deepseek-v4-pro-0813-off,all-arms,dynamic,Omega_hat_StateLoad,18,886.55863423912888,0.757562569963659,0.68833277389606695,0.81553560047868168
cumulative-state-load,deepseek-v4-pro-0813-off,all-arms,dynamic,Omega_hat_StateLoad,19,975.02977772488816,0.75995785705820773,0.69186844749481746,0.81698130881326014
cumulative-state-load,deepseek-v4-pro-0813-off,all-arms,dynamic,Omega_hat_StateLoad,20,1072.3296020529406,0.76233690301888812,0.69537821581442161,0.81842069697078079
cumulative-state-load,deepseek-v4-pro-0813-off,all-arms,dynamic,Omega_hat_StateLoad,21,1179.3391357976243,0.76469967084747359,0.69886177612093814,0.81985380874132852
cumulative-state-load,deepseek-v4-pro-0813-off,all-arms,dynamic,Omega_hat_StateLoad,22,1297.0273268229894,0.76704612681861217,0.70231883566532782,0.8212806894506246
cumulative-state-load,deepseek-v4-pro-0813-off,all-arms,dynamic,Omega_hat_StateLoad,23,1426.459815893257,0.76937624044487318,0.70574911164377785,0.82270138597499254
cumulative-state-load,deepseek-v4-pro-0813-off,all-arms,dynamic,Omega_hat_StateLoad,24,1568.8085858162649,0.77168998444090287,0.70915233115013376,0.82411594675548072
cumulative-state-load,deepseek-v4-pro-0813-off,all-arms,dynamic,Omega_hat_StateLoad,25,1725.3625734908187,0.77398733468673098,0.71252823112084329,0.82552442181095387
cumulative-state-load,deepseek-v4-pro-0813-off,all-arms,dynamic,Omega_hat_StateLoad,26,1897.5393409476799,0.77626827019026645,0.71587655827284635,0.8269268627499281
cumulative-state-load,deepseek-v4-pro-0813-off,all-arms,dynamic,Omega_hat_StateLoad,27,2086.8979110629352,0.7785327730490228,0.7191970690348829,0.82832332278090459
cumulative-state-load,deepseek-v4-pro-0813-off,all-arms,dynamic,Omega_hat_StateLoad,28,2295.1528841682762,0.78078082841111107,0.72248952947271583,0.82971385672093423
cumulative-state-load,deepseek-v4-pro-0813-off,all-arms,dynamic,Omega_hat_StateLoad,29,2524.1899633810608,0.78301242443553931,0.72575371520881293,0.83109852100210579
cumulative-state-load,deepseek-v4-pro-0813-off,all-arms,dynamic,Omega_hat_StateLoad,30,2776.0830292325454,0.78522755225185858,0.72898941133705741,0.83247737367563057
cumulative-state-load,deepseek-v4-pro-0813-off,all-arms,dynamic,Omega_hat_StateLoad,31,3053.1129182013642,0.78742620591919144,0.73219641233310417,0.83385047441315341
cumulative-state-load,deepseek-v4-pro-0813-off,all-arms,dynamic,Omega_hat_StateLoad,32,3357.7880751877183,0.78960838238468189,0.73537452196103503,0.8352178845048901
cumulative-state-load,deepseek-v4-pro-0813-off,all-arms,dynamic,Omega_hat_StateLoad,33,3692.8672669319303,0.79177408144140493,0.73852355317700991,0.83657966685414842
cumulative-state-load,deepseek-v4-pro-0813-off,all-arms,dynamic,Omega_hat_StateLoad,34,4061.3845620423572,0.79392330568577052,0.74164332803065325,0.83793588596775304
cumulative-state-load,deepseek-v4-pro-0813-off,all-arms,dynamic,Omega_hat_StateLoad,35,4466.6768038213477,0.79605606047446109,0.74473367756496422,0.83928660794184828
cumulative-state-load,deepseek-v4-pro-0813-off,all-arms,dynamic,Omega_hat_StateLoad,36,4912.4138246496868,0.79817235388093655,0.74779444171558052,0.84063190044251257
cumulative-state-load,deepseek-v4-pro-0813-off,all-arms,dynamic,Omega_hat_StateLoad,37,5402.6316755141097,0.80027219665154381,0.75082546921027948,0.8419718326805643
cumulative-state-load,deepseek-v4-pro-0813-off,all-arms,dynamic,Omega_hat_StateLoad,38,5941.7691715640249,0.80235560216126423,0.75382661746964752,0.84330647537989867
cumulative-state-load,deepseek-v4-pro-0813-off,all-arms,dynamic,Omega_hat_StateLoad,39,6534.7080846093468,0.80442258636913611,0.7567977525098939,0.84463590073864003
cumulative-state-load,deepseek-v4-pro-0813-off,all-arms,dynamic,Omega_hat_StateLoad,40,7186.8173464938645,0.8064731677733824,0.7597387488488474,0.84596018238234627
cumulative-state-load,deepseek-v4-pro-0813-off,all-arms,dynamic,Omega_hat_StateLoad,41,7904.0016635957854,0.80850736736628059,0.76264948941620714,0.84727939530845109
cumulative-state-load,deepseek-v4-pro-0813-off,all-arms,dynamic,Omega_hat_StateLoad,42,8692.7549826492977,0.81052520858880528,0.76552986546918311,0.84859361582108173
cumulative-state-load,deepseek-v4-pro-0813-off,all-arms,dynamic,Omega_hat_StateLoad,43,9560.219292008298,0.81252671728507553,0.76837977651469824,0.84990292145533963
cumulative-state-load,deepseek-v4-pro-0813-off,all-arms,dynamic,Omega_hat_StateLoad,44,10514.249290784941,0.81451192165664077,0.77119913023937003,0.85120739089008846
cumulative-state-load,deepseek-v4-pro-0813-off,all-arms,dynamic,Omega_hat_StateLoad,45,11563.483511427785,0.8164808522166318,0.77398784244852925,0.85250710384825312
cumulative-state-load,deepseek-v4-pro-0813-off,all-arms,dynamic,Omega_hat_StateLoad,46,12717.422539738909,0.81843354174381222,0.77674583701556466,0.85380214098359608
cumulative-state-load,deepseek-v4-pro-0813-off,all-arms,dynamic,Omega_hat_StateLoad,47,13986.515040595194,0.82037002523655389,0.77947304584290722,0.8550925837529112
cumulative-state-load,deepseek-v4-pro-0813-off,all-arms,dynamic,Omega_hat_StateLoad,48,15382.25236831769,0.82229033986677136,0.7821694088359844,0.85637851427255662
cumulative-state-load,deepseek-v4-pro-0813-off,all-arms,dynamic,Omega_hat_StateLoad,49,16917.272618365252,0.82419452493383794,0.78483487389147522,0.85766001515823975
cumulative-state-load,deepseek-v4-pro-0813-off,all-arms,dynamic,Omega_hat_StateLoad,50,18605.475062517842,0.82608262181851377,0.78746939690119033,0.85893716934697428
cumulative-state-load,deepseek-v4-pro-0813-off,all-arms,dynamic,Omega_hat_StateLoad,51,20462.146003734739,0.82795467393691224,0.79007294177286835,0.86021005990015642
cumulative-state-load,deepseek-v4-pro-0813-off,all-arms,dynamic,Omega_hat_StateLoad,52,22504.097190275977,0.8298107266945296,0.79264548046913397,0.86147876978674487
cumulative-state-load,deepseek-v4-pro-0813-off,all-arms,dynamic,Omega_hat_StateLoad,53,24749.818042396582,0.83165082744036312,0.79518699306579455,0.8627433816456016
cumulative-state-load,deepseek-v4-pro-0813-off,all-arms,dynamic,Omega_hat_StateLoad,54,27219.643069992744,0.83347502542114382,0.79769746783055084,0.86400397752613511
cumulative-state-load,deepseek-v4-pro-0813-off,all-arms,dynamic,Omega_hat_StateLoad,55,29935.935997130266,0.83528337173570444,0.80017690132307262,0.86526063860651758
cumulative-state-load,deepseek-v4-pro-0813-off,all-arms,dynamic,Omega_hat_StateLoad,56,32923.292260662238,0.83707591928951097,0.80262529851723319,0.86651344488889348
cumulative-state-load,deepseek-v4-pro-0813-off,all-arms,dynamic,Omega_hat_StateLoad,57,36208.761716516623,0.83885272274937117,0.80504267294609522,0.86776247487119018
cumulative-state-load,deepseek-v4-pro-0813-off,all-arms,dynamic,Omega_hat_StateLoad,58,39822.09357021052,0.84061383849835292,0.8074290468700176,0.86900780519536858
cumulative-state-load,deepseek-v4-pro-0813-off,all-arms,dynamic,Omega_hat_StateLoad,59,43796.005749383039,0.84235932459092167,0.80978445146796674,0.87024951027221764
cumulative-state-load,deepseek-v4-pro-0813-off,all-arms,dynamic,Omega_hat_StateLoad,60,48166.481157455812,0.8440892407083278,0.81210892705180959,0.87148766188311
cumulative-state-load,deepseek-v4-pro-0813-off,all-arms,dynamic,Omega_hat_StateLoad,61,52973.093490934014,0.84580364811425357,0.81440252330299934,0.87272232875948663
cumulative-state-load,deepseek-v4-pro-0813-off,all-arms,dynamic,Omega_hat_StateLoad,62,58259.365570550195,0.84750260961074508,0.81666529953066347,0.8739535761412377
cumulative-state-load,deepseek-v4-pro-0813-off,all-arms,dynamic,Omega_hat_StateLoad,63,64073.163430863169,0.84918618949444524,0.81889732494966305,0.87518146531558416
cumulative-state-load,deepseek-v4-pro-0813-off,all-arms,dynamic,Omega_hat_StateLoad,64,70467.12973670529,0.85085445351314193,0.82109867897670119,0.87640605313853792
cumulative-state-load,deepseek-v4-pro-0813-off,all-arms,dynamic,Omega_hat_StateLoad,65,77499.160450969473,0.85250746882265349,0.82326945154205278,0.87762739154153468
cumulative-state-load,deepseek-v4-pro-0813-off,all-arms,dynamic,Omega_hat_StateLoad,66,85232.929069858175,0.85414530394406118,0.82540974341393392,0.87884552702636476
cumulative-state-load,deepseek-v4-pro-0813-off,all-arms,dynamic,Omega_hat_StateLoad,67,93738.463172430624,0.85576802872130919,0.82751966653197495,0.88006050015208459
cumulative-state-load,deepseek-v4-pro-0813-off,all-arms,dynamic,Omega_hat_StateLoad,68,103092.77850497498,0.85737571427918269,0.82959934434569238,0.8812723450181531
cumulative-state-load,deepseek-v4-pro-0813-off,all-arms,dynamic,Omega_hat_StateLoad,69,113380.57634170455,0.85896843298167835,0.83164891215328929,0.88248108874859077
cumulative-state-load,deepseek-v4-pro-0813-off,all-arms,dynamic,Omega_hat_StateLoad,70,124695.01043622312,0.86054625839078303,0.83366851743557902,0.88368675098249616
cumulative-state-load,deepseek-v4-pro-0813-off,all-arms,dynamic,Omega_hat_StateLoad,71,137138.53050833763,0.86210926522566822,0.83565832017932262,0.88488934337674441
cumulative-state-load,deepseek-v4-pro-0813-off,all-arms,dynamic,Omega_hat_StateLoad,72,150823.80990380823,0.8636575293223181,0.83761849318382653,0.88608886912713547
cumulative-state-load,deepseek-v4-pro-0813-off,all-arms,dynamic,Omega_hat_StateLoad,73,165874.76582678623,0.86519112759359518,0.83954922234428342,0.887285322514616
cumulative-state-load,deepseek-v4-pro-0813-off,all-arms,dynamic,Omega_hat_StateLoad,74,182427.68138292758,0.86671013798976071,0.84145070690506374,0.88847868848346456
cumulative-state-load,deepseek-v4-pro-0813-off,all-arms,dynamic,Omega_hat_StateLoad,75,200632.43959303154,0.86821463945945421,0.84332315967601668,0.88966894225848236
cumulative-state-load,deepseek-v4-pro-0813-off,all-arms,dynamic,Omega_hat_StateLoad,76,220653.88055092908,0.86970471191114618,0.84516680720481074,0.89085604900823634
cumulative-state-load,deepseek-v4-pro-0813-off,all-arms,dynamic,Omega_hat_StateLoad,77,242673.29401438741,0.87118043617506746,0.846981889898479,0.89203996356128512
cumulative-state-load,deepseek-v4-pro-0813-off,all-arms,dynamic,Omega_hat_StateLoad,78,266890.06094411737,0.87264189396562808,0.8487686620876167,0.89322063018200715
cumulative-state-load,deepseek-v4-pro-0813-off,all-arms,dynamic,Omega_hat_StateLoad,79,293523.45885465108,0.87408916784433,0.85052739202713434,0.89439798241220192
cumulative-state-load,deepseek-v4-pro-0813-off,all-arms,dynamic,Omega_hat_StateLoad,80,322814.64732415706,0.87552234118318184,0.85225836182810066,0.89557194298399834
cumulative-state-load,deepseek-v4-pro-0813-off,all-arms,dynamic,Omega_hat_StateLoad,81,355028.85164154111,0.87694149812862066,0.85396186731599477,0.89674242380880809
cumulative-state-load,deepseek-v4-pro-0813-off,all-arms,dynamic,Omega_hat_StateLoad,82,390457.76436328108,0.87834672356594956,0.85563821781163685,0.89790932604610874
cumulative-state-load,deepseek-v4-pro-0813-off,all-arms,dynamic,Omega_hat_StateLoad,83,429422.18652556546,0.87973810308429146,0.85728773583216156,0.89907254025474836
cumulative-state-load,deepseek-v4-pro-0813-off,all-arms,dynamic,Omega_hat_StateLoad,84,472274.9324273378,0.88111572294207052,0.85891075671058936,0.90023194662825434
cumulative-state-load,deepseek-v4-pro-0813-off,all-arms,dynamic,Omega_hat_StateLoad,85,519404.02428640635,0.88247967003301697,0.86050762813385762,0.90138741531432998
cumulative-state-load,deepseek-v4-pro-0813-off,all-arms,dynamic,Omega_hat_StateLoad,86,571236.20569554798,0.88383003185270781,0.86207870960051203,0.90253880681737175
cumulative-state-load,deepseek-v4-pro-0813-off,all-arms,dynamic,Omega_hat_StateLoad,87,628240.8056921683,0.88516689646564084,0.86362437180062912,0.90368597248146898
cumulative-state-load,deepseek-v4-pro-0813-off,all-arms,dynamic,Omega_hat_StateLoad,88,690933.98842982296,0.88649035247284591,0.86514499592188432,0.90482875504999571
cumulative-state-load,deepseek-v4-pro-0813-off,all-arms,dynamic,Omega_hat_StateLoad,89,759883.4269314562,0.88780048898003783,0.86664097288696784,0.90596698929662056
cumulative-state-load,deepseek-v4-pro-0813-off,all-arms,dynamic,Omega_hat_StateLoad,90,835713.44324413931,0.88909739556631118,0.86811270252873385,0.90710050272135978
cumulative-state-load,deepseek-v4-pro-0813-off,all-arms,dynamic,Omega_hat_StateLoad,91,919110.66153831861,0.89038116225337827,0.8695605927105301,0.90822911630424852
cumulative-state-load,deepseek-v4-pro-0813-off,all-arms,dynamic,Omega_hat_StateLoad,92,1010830.2253391206,0.89165187947535185,0.87098505840004414,0.90935264530830129
cumulative-state-load,deepseek-v4-pro-0813-off,all-arms,dynamic,Omega_hat_StateLoad,93,1111702.6351853916,0.89290963804907542,0.87238652070570843,0.91047090012272591
cumulative-state-load,deepseek-v4-pro-0813-off,all-arms,dynamic,Omega_hat_StateLoad,94,1222641.26862997,0.89415452914499571,0.87376540588521645,0.91158368713684657
cumulative-state-load,deepseek-v4-pro-0813-off,all-arms,dynamic,Omega_hat_StateLoad,95,1344650.6506731622,0.89538664425858427,0.87512214433598445,0.91269080963489624
cumulative-state-load,deepseek-v4-pro-0813-off,all-arms,dynamic,Omega_hat_StateLoad,96,1478835.5495163416,0.89660607518230351,0.87645716957747521,0.91379206870176488
cumulative-state-load,deepseek-v4-pro-0813-off,all-arms,dynamic,Omega_hat_StateLoad,97,1626410.9799957795,0.89781291397811569,0.87777091723516865,0.91488726412991062
cumulative-state-load,deepseek-v4-pro-0813-off,all-arms,dynamic,Omega_hat_StateLoad,98,1788713.2052755679,0.89900725295053818,0.87906382403562866,0.91597619531797358
cumulative-state-load,deepseek-v4-pro-0813-off,all-arms,dynamic,Omega_hat_StateLoad,99,1967211.8364175649,0.90018918462023922,0.88033632682162022,0.91705866215213228
cumulative-state-load,deepseek-v4-pro-0813-off,all-arms,dynamic,Omega_hat_StateLoad,100,2163523.1393873338,0.90135880169817384,0.88158886159556216,0.91813446586189917
cumulative-state-load,deepseek-v4-pro-0813-off,all-arms,dynamic,Omega_hat_StateLoad,101,2379424.6699880371,0.90251619706025943,0.88282186259881734,0.91920340984283799
cumulative-state-load,deepseek-v4-pro-0813-off,all-arms,dynamic,Omega_hat_StateLoad,102,2616871.3692384856,0.90366146372258616,0.88403576143344176,0.92026530043956367
cumulative-state-load,deepseek-v4-pro-0813-off,all-arms,dynamic,Omega_hat_StateLoad,103,2878013.2649353999,0.90479469481716224,0.88523098623205587,0.92131994768334124
cumulative-state-load,deepseek-v4-pro-0813-off,all-arms,dynamic,Omega_hat_StateLoad,104,3165214.9396836711,0.90591598356818792,0.88640796088051343,0.92236716597958202
cumulative-state-load,deepseek-v4-pro-0813-off,all-arms,dynamic,Omega_hat_StateLoad,105,3481076.9416733594,0.90702542326885938,0.88756710429704466,0.92340677474154176
cumulative-state-load,deepseek-v4-pro-0813-off,all-arms,dynamic,Omega_hat_StateLoad,106,3828459.3320733635,0.90812310725869494,0.88870882977055443,0.92443859896750369
cumulative-state-load,deepseek-v4-pro-0813-off,all-arms,dynamic,Omega_hat_StateLoad,107,4210507.5822581314,0.90920912890138283,0.88983354435981954,0.9254624697596856
cumulative-state-load,deepseek-v4-pro-0813-off,all-arms,dynamic,Omega_hat_StateLoad,108,4630681.0553612765,0.91028358156314637,0.89094164835442147,0.92647822478399477
cumulative-state-load,deepseek-v4-pro-0813-off,all-arms,dynamic,Omega_hat_StateLoad,109,5092784.3300502151,0.91134655859162061,0.8920335347974333,0.92748570867058566
cumulative-state-load,deepseek-v4-pro-0813-off,all-arms,dynamic,Omega_hat_StateLoad,110,5601001.6501517491,0.91239815329523888,0.89310958906913207,0.92848477335591539
cumulative-state-load,deepseek-v4-pro-0813-off,all-arms,dynamic,Omega_hat_StateLoad,111,6159934.8120624963,0.91343845892312447,0.89417018853035701,0.92947527836764188
cumulative-state-load,deepseek-v4-pro-0813-off,all-arms,dynamic,Omega_hat_StateLoad,112,6774644.8330061408,0.91446756864547951,0.89521570222356084,0.93045709105428154
cumulative-state-load,deepseek-v4-pro-0813-off,all-arms,dynamic,Omega_hat_StateLoad,113,7450697.7774347207,0.91548557553447174,0.89624649062914252,0.93143008676200545
cumulative-state-load,deepseek-v4-pro-0813-off,all-arms,dynamic,Omega_hat_StateLoad,114,8194215.1565217515,0.91649257254561012,0.89726290547425613,0.9323941489613351
cumulative-state-load,deepseek-v4-pro-0813-off,all-arms,dynamic,Omega_hat_StateLoad,115,9011929.3571036384,0.91748865249960609,0.89826528959101093,0.93334916932679401
cumulative-state-load,deepseek-v4-pro-0813-off,all-arms,dynamic,Omega_hat_StateLoad,116,9911244.6019662432,0.91847390806471485,0.89925397682075303,0.93429504777277583
cumulative-state-load,deepseek-v4-pro-0813-off,all-arms,dynamic,Omega_hat_StateLoad,117,10900303.993458785,0.91944843173955182,0.90022929196099022,0.93523169244903692
cumulative-state-load,deepseek-v4-pro-0813-off,all-arms,dynamic,Omega_hat_StateLoad,118,11988063.247499926,0.92041231583637773,0.90119155075144863,0.93615901969927762
cumulative-state-load,deepseek-v4-pro-0813-off,all-arms,dynamic,Omega_hat_StateLoad,119,13184371.785621783,0.92136565246484858,0.90214105989573279,0.93707695398630253
cumulative-state-load,deepseek-v4-pro-0813-off,all-arms,dynamic,Omega_hat_StateLoad,120,14500061.919322165,0.92230853351622355,0.90307811711510999,0.93798542778720129
cumulative-state-load,deepseek-v4-pro-0813-off,all-arms,dynamic,Omega_hat_StateLoad,121,15947046.934270119,0.92324105064802553,0.90400301123100701,0.93888438146191222
cumulative-state-load,deepseek-v4-pro-0813-off,all-arms,dynamic,Omega_hat_StateLoad,122,17538428.96249523,0.92416329526914787,0.90491602227293688,0.93977376309841709
cumulative-state-load,deepseek-v4-pro-0813-off,all-arms,dynamic,Omega_hat_StateLoad,123,19288617.619320367,0.92507535852540335,0.90581742160870571,0.94065352833767168
cumulative-state-load,deepseek-v4-pro-0813-off,all-arms,dynamic,Omega_hat_StateLoad,124,21213460.479268815,0.92597733128550697,0.90670747209392,0.94152364018120793
cumulative-state-load,deepseek-v4-pro-0813-off,all-arms,dynamic,Omega_hat_StateLoad,125,23330386.572376668,0.92686930412748847,0.90758642823799307,0.94238406878417014
cumulative-state-load,deepseek-v4-pro-0813-off,all-arms,dynamic,Omega_hat_StateLoad,126,25658564.200238083,0.92775136732552654,0.90845453638403717,0.94323479123635312
cumulative-state-load,deepseek-v4-pro-0813-off,all-arms,dynamic,Omega_hat_StateLoad,127,28219074.500773419,0.92862361083720191,0.9093120349002225,0.94407579133362063
cumulative-state-load,deepseek-v4-pro-0813-off,all-arms,dynamic,Omega_hat_StateLoad,128,31035102.333310276,0.92948612429115884,0.91015915438038286,0.94490705934188235
cumulative-state-load,deepseek-v4-pro-0813-off,all-arms,dynamic,Omega_hat_StateLoad,129,34132146.212401211,0.93033899697517219,0.91099611785183521,0.9457285917556163
cumulative-state-load,deepseek-v4-pro-0813-off,all-arms,dynamic,Omega_hat_StateLoad,130,37538249.191281863,0.93118231782461236,0.91182314098857964,0.94654039105273335
cumulative-state-load,deepseek-v4-pro-0813-off,all-arms,dynamic,Omega_hat_StateLoad,131,41284252.785568915,0.93201617541130144,0.91264043232821823,0.94734246544739975
cumulative-state-load,deepseek-v4-pro-0813-off,all-arms,dynamic,Omega_hat_StateLoad,132,45404076.236421742,0.93284065793275672,0.91344819349111595,0.94813482864225396
cumulative-state-load,deepseek-v4-pro-0813-off,all-arms,dynamic,Omega_hat_StateLoad,133,49935023.641833104,0.93365585320181099,0.91424661940048502,0.94891749958129268
cumulative-state-load,deepseek-v4-pro-0813-off,all-arms,dynamic,Omega_hat_StateLoad,134,54918121.737057097,0.93446184863660731,0.91503589850223666,0.94969050220454776
cumulative-state-load,deepseek-v4-pro-0813-off,all-arms,dynamic,Omega_hat_StateLoad,135,60398491.382700928,0.93525873125096015,0.91581621298358118,0.95045386520552277
cumulative-state-load,deepseek-v4-pro-0813-off,all-arms,dynamic,Omega_hat_StateLoad,136,66425756.12422397,0.93604658764507653,0.91658773898950141,0.95120762179223173
cumulative-state-load,deepseek-v4-pro-0813-off,all-arms,dynamic,Omega_hat_StateLoad,137,73054491.5222608,0.93682550399663067,0.91735064683633705,0.95195180945255808
cumulative-state-load,deepseek-v4-pro-0813-off,all-arms,dynamic,Omega_hat_StateLoad,138,80344719.322356671,0.93759556605218719,0.91810510122184474,0.95268646972453119
cumulative-state-load,deepseek-v4-pro-0813-off,all-arms,dynamic,Omega_hat_StateLoad,139,88362450.938711315,0.93835685911896505,0.91885126143118367,0.95341164797203071
cumulative-state-load,deepseek-v4-pro-0813-off,all-arms,dynamic,Omega_hat_StateLoad,140,97180285.173060998,0.93910946805693563,0.91958928153838992,0.95412739316631701
cumulative-state-load,deepseek-v4-pro-0813-off,all-arms,dynamic,Omega_hat_StateLoad,141,106878065.58090919,0.93985347727125124,0.92031931060296734,0.95483375767372258
cumulative-state-load,deepseek-v4-pro-0813-off,all-arms,dynamic,Omega_hat_StateLoad,142,117543603.43741412,0.94058897070499459,0.92104149286131287,0.95553079704974797
cumulative-state-load,deepseek-v4-pro-0813-off,all-arms,dynamic,Omega_hat_StateLoad,143,129273472.84923206,0.94131603183224455,0.92175596791275094,0.95621856983974929
cumulative-state-load,deepseek-v4-pro-0813-off,all-arms,dynamic,Omega_hat_StateLoad,144,142173885.21187559,0.94203474365145368,0.92246287090001666,0.95689713738634563
cumulative-state-load,deepseek-v4-pro-0813-off,all-arms,dynamic,Omega_hat_StateLoad,145,156361650.930612,0.94274518867912627,0.92316233268407488,0.95756656364361548
cumulative-state-load,deepseek-v4-pro-0813-off,all-arms,dynamic,Omega_hat_StateLoad,146,171965237.11306983,0.94344744894379773,0.92385448001321391,0.95822691499811663
cumulative-state-load,deepseek-v4-pro-0813-off,all-arms,dynamic,Omega_hat_StateLoad,147,189125930.81072932,0.94414160598030317,0.92453943568638464,0.9588782600967185
cumulative-state-load,deepseek-v4-pro-0813-off,all-arms,dynamic,Omega_hat_StateLoad,148,207999118.34219295,0.94482774082433185,0.92521731871079671,0.95952066968120053
cumulative-state-load,deepseek-v4-pro-0813-off,all-arms,dynamic,Omega_hat_StateLoad,149,228755692.28223091,0.94550593400726257,0.92588824445380891,0.96015421642954968
cumulative-state-load,deepseek-v4-pro-0813-off,all-arms,dynamic,Omega_hat_StateLoad,150,251583598.85657105,0.94617626555127088,0.92655232478917815,0.96077897480385754
cumulative-state-load,deepseek-v4-pro-0813-off,all-arms,dynamic,Omega_hat_StateLoad,151,276689539.75376368,0.94683881496470523,0.92720966823774931,0.96139502090470041
cumulative-state-load,deepseek-v4-pro-0813-off,all-arms,dynamic,Omega_hat_StateLoad,152,304300843.76364738,0.94749366123772427,0.92786038010269312,0.96200243233186855
cumulative-state-load,deepseek-v4-pro-0813-off,all-arms,dynamic,Omega_hat_StateLoad,153,334667525.1896947,0.9481408828381912,0.92850456259939917,0.96260128805129852
cumulative-state-load,deepseek-v4-pro-0813-off,all-arms,dynamic,Omega_hat_StateLoad,154,368064547.67370838,0.948780557707816,0.92914231498016453,0.96319166826804758
cumulative-state-load,deepseek-v4-pro-0813-off,all-arms,dynamic,Omega_hat_StateLoad,155,404794313.93130994,0.94941276325854618,0.92977373365380345,0.96377365430514494
cumulative-state-load,deepseek-v4-pro-0813-off,all-arms,dynamic,Omega_hat_StateLoad,156,445189403.94221693,0.9500375763691925,0.930398912300331,0.96434732848814464
cumulative-state-load,deepseek-v4-pro-0813-off,all-arms,dynamic,Omega_hat_StateLoad,157,489615586.38903737,0.95065507338229083,0.93101794198086574,0.96491277403520237
cumulative-state-load,deepseek-v4-pro-0813-off,all-arms,dynamic,Omega_hat_StateLoad,158,538475130.61248791,0.95126533010119041,0.93163091124290665,0.96547007495249659
cumulative-state-load,deepseek-v4-pro-0813-off,all-arms,dynamic,Omega_hat_StateLoad,159,592210449.07206702,0.95186842178736564,0.93223790622113845,0.96601931593480728
cumulative-state-load,deepseek-v4-pro-0813-off,all-arms,dynamic,Omega_hat_StateLoad,160,651308103.29387307,0.95246442315794455,0.93283901073392372,0.96656058227107333
cumulative-state-load,deepseek-v4-pro-0813-off,all-arms,dynamic,Omega_hat_StateLoad,161,716303209.57852709,0.9530534083834481,0.93343430637563407,0.96709395975474421
cumulative-state-load,deepseek-v4-pro-0813-off,all-arms,dynamic,Omega_hat_StateLoad,162,787784284.36194468,0.95363545108573766,0.93402387260498143,0.96761953459874506
cumulative-state-load,deepseek-v4-pro-0813-off,all-arms,dynamic,Omega_hat_StateLoad,163,866398573.10261786,0.95421062433616288,0.93460778682949719,0.96813739335487781
cumulative-state-load,deepseek-v4-pro-0813-off,all-arms,dynamic,Omega_hat_StateLoad,164,952857910.94732022,0.95477900065390608,0.93518612448631389,0.96864762283748163
cumulative-state-load,deepseek-v4-pro-0813-off,all-arms,dynamic,Omega_hat_StateLoad,165,1047945168.2422739,0.95534065200451723,0.93575895911939755,0.96915031005118057
cumulative-state-load,deepseek-v4-pro-0813-off,all-arms,dynamic,Omega_hat_StateLoad,166,1152521339.252485,0.95589564979863606,0.93632636245337386,0.96964554212255283
cumulative-state-load,deepseek-v4-pro-0813-off,all-arms,dynamic,Omega_hat_StateLoad,167,1267533338.2760072,0.95644406489089573,0.93688840446409249,0.97013340623555455
cumulative-state-load,deepseek-v4-pro-0813-off,all-arms,dynamic,Omega_hat_StateLoad,168,1394022573.7452912,0.95698596757900112,0.93744515344606505,0.97061398957053779
cumulative-state-load,deepseek-v4-pro-0813-off,all-arms,dynamic,Omega_hat_StateLoad,169,1533134377.9521875,0.95752142760298065,0.93799667607691029,0.97108737924671396
cumulative-state-load,deepseek-v4-pro-0813-off,all-arms,dynamic,Omega_hat_StateLoad,170,1686128377.7807078,0.95805051414460607,0.93854303747893875,0.97155366226790463
cumulative-state-load,deepseek-v4-pro-0813-off,all-arms,dynamic,Omega_hat_StateLoad,171,1854389900.3522778,0.95857329582697104,0.93908430127799702,0.97201292547143936
cumulative-state-load,deepseek-v4-pro-0813-off,all-arms,dynamic,Omega_hat_StateLoad,172,2039442516.8590362,0.9590898407142312,0.93962052965969833,0.97246525548006046
cumulative-state-load,deepseek-v4-pro-0813-off,all-arms,dynamic,Omega_hat_StateLoad,173,2242961838.1669221,0.95960021631149672,0.94015178342315087,0.97291073865669397
cumulative-state-load,deepseek-v4-pro-0813-off,all-arms,dynamic,Omega_hat_StateLoad,174,2466790687.1046495,0.96010448956487293,0.94067812203229817,0.97334946106196418
cumulative-state-load,deepseek-v4-pro-0813-off,all-arms,dynamic,Omega_hat_StateLoad,175,2712955784.8203464,0.96060272686164616,0.9411996036649799,0.97378150841431976
cumulative-state-load,deepseek-v4-pro-0813-off,all-arms,dynamic,Omega_hat_StateLoad,176,2983686102.297143,0.96109499403061138,0.94171628525981488,0.97420696605265167
cumulative-state-load,deepseek-v4-pro-0813-off,all-arms,dynamic,Omega_hat_StateLoad,177,3281433043.1967072,0.96158135634253405,0.94222822256100636,0.97462591890128991
cumulative-state-load,deepseek-v4-pro-0813-off,all-arms,dynamic,Omega_hat_StateLoad,178,3608892640.781837,0.96206187851074543,0.94273547016116543,0.97503845143726375
cumulative-state-load,deepseek-v4-pro-0813-off,all-arms,dynamic,Omega_hat_StateLoad,179,3969029969.9065242,0.96253662469186596,0.94323808154224298,0.97544464765971928
cumulative-state-load,deepseek-v4-pro-0813-off,all-arms,dynamic,Omega_hat_StateLoad,180,4365105995.118597,0.96300565848665265,0.94373610911465611,0.97584459106139476
cumulative-state-load,deepseek-v4-pro-0813-off,all-arms,dynamic,Omega_hat_StateLoad,181,4800707097.9786587,0.96346904294096702,0.94422960425469693,0.97623836460204905
cumulative-state-load,deepseek-v4-pro-0813-off,all-arms,dynamic,Omega_hat_StateLoad,182,5279777550.9587879,0.9639268405468594,0.9447186173402975,0.97662605068375474
cumulative-state-load,deepseek-v4-pro-0813-off,all-arms,dynamic,Omega_hat_StateLoad,183,5806655231.9647808,0.96437911324376546,0.94520319778523187,0.97700773112796391
cumulative-state-load,deepseek-v4-pro-0813-off,all-arms,dynamic,Omega_hat_StateLoad,184,6386110902.8696117,0.96482592241981346,0.94568339407182644,0.97738348715425794
cumulative-state-load,deepseek-v4-pro-0813-off,all-arms,dynamic,Omega_hat_StateLoad,185,7023391407.7158833,0.96526732891323508,0.94615925378224686,0.97775339936070127
cumulative-state-load,deepseek-v4-pro-0813-off,all-arms,dynamic,Omega_hat_StateLoad,186,7724267181.7384024,0.96570339301387897,0.94663082362843065,0.97811754770572024
cumulative-state-load,deepseek-v4-pro-0813-off,all-arms,dynamic,Omega_hat_StateLoad,187,8495084501.389677,0.96613417446482397,0.94709814948072646,0.97847601149142904
cumulative-state-load,deepseek-v4-pro-0813-off,all-arms,dynamic,Omega_hat_StateLoad,188,9342822948.4818935,0.96655973246408511,0.94756127639530008,0.9788288693483328
cumulative-state-load,deepseek-v4-pro-0813-off,all-arms,dynamic,Omega_hat_StateLoad,189,10275158608.769714,0.96698012566641323,0.94802024864036749,0.97917619922133847
cumulative-state-load,deepseek-v4-pro-0813-off,all-arms,dynamic,Omega_hat_StateLoad,190,11300533577.223497,0.96739541218518244,0.94847510972130666,0.97951807835700688
cumulative-state-load,deepseek-v4-pro-0813-off,all-arms,dynamic,Omega_hat_StateLoad,191,12428232399.348488,0.96780564959436288,0.94892590240470209,0.97985458329198372
cumulative-state-load,deepseek-v4-pro-0813-off,all-arms,dynamic,Omega_hat_StateLoad,192,13668466140.708134,0.96821089493057622,0.9493726687413705,0.98018578984254878
cumulative-state-load,deepseek-v4-pro-0813-off,all-arms,dynamic,Omega_hat_StateLoad,193,15032464845.884159,0.96861120469522877,0.94981545008841806,0.98051177309522752
cumulative-state-load,deepseek-v4-pro-0813-off,all-arms,dynamic,Omega_hat_StateLoad,194,16532579224.067705,0.96900663485672278,0.95025428713036952,0.98083260739840805
cumulative-state-load,deepseek-v4-pro-0813-off,all-arms,dynamic,Omega_hat_StateLoad,195,18182392482.02264,0.96939724085274004,0.95068921989941702,0.98114836635491387
cumulative-state-load,deepseek-v4-pro-0813-off,all-arms,dynamic,Omega_hat_StateLoad,196,19996843317.044987,0.96978307759259408,0.95112028779482538,0.98145912281547998
cumulative-state-load,deepseek-v4-pro-0813-off,all-arms,dynamic,Omega_hat_StateLoad,197,21992361183.590626,0.97016419945965426,0.95154752960153755,0.98176494887308785
cumulative-state-load,deepseek-v4-pro-0813-off,all-arms,dynamic,Omega_hat_StateLoad,198,24187015058.38356,0.97054066031382868,0.95197098350801135,0.98206591585810987
cumulative-state-load,deepseek-v4-pro-0813-off,all-arms,dynamic,Omega_hat_StateLoad,199,26600677051.037903,0.97091251349411589,0.95239068712332864,0.98236209433422506
cumulative-state-load,deepseek-v4-pro-0813-off,all-arms,dynamic,Omega_hat_StateLoad,200,29255202341.652668,0.97127981182120948,0.95280667749360615,0.98265355409506072
cumulative-state-load,deepseek-v4-pro-0813-off,all-arms,dynamic,Omega_hat_StateLoad,201,32174627074.676273,0.97164260760016519,0.953218991117744,0.98294036416152264
cumulative-state-load,deepseek-v4-pro-0813-off,all-arms,dynamic,Omega_hat_StateLoad,202,35385386000.923012,0.97200095262311847,0.95362766396253673,0.98322259277977497
cumulative-state-load,deepseek-v4-pro-0813-off,all-arms,dynamic,Omega_hat_StateLoad,203,38916551838.446526,0.97235489817205611,0.95403273147718282,0.98350030741983785
cumulative-state-load,deepseek-v4-pro-0813-off,all-arms,dynamic,Omega_hat_StateLoad,204,42800098519.625687,0.97270449502163692,0.95443422860721494,0.98377357477476302
cumulative-state-load,deepseek-v4-pro-0813-off,all-arms,dynamic,Omega_hat_StateLoad,205,47071190708.112556,0.97304979344206011,0.95483218980787798,0.98404246076035928
cumulative-state-load,deepseek-v4-pro-0813-off,all-arms,dynamic,Omega_hat_StateLoad,206,51768502207.150764,0.973390843201977,0.95522664905698373,0.98430703051543655
cumulative-state-load,deepseek-v4-pro-0813-off,all-arms,dynamic,Omega_hat_StateLoad,207,56934566142.383049,0.97372769357144784,0.95561763986726012,0.98456734840253501
cumulative-state-load,deepseek-v4-pro-0813-off,all-arms,dynamic,Omega_hat_StateLoad,208,62616160089.979439,0.9740603933249381,0.9560051952982227,0.98482347800911829
cumulative-state-load,deepseek-v4-pro-0813-off,all-arms,dynamic,Omega_hat_StateLoad,209,68864729637.330414,0.97438899074435248,0.95638934796758779,0.98507548214919671
cumulative-state-load,deepseek-v4-pro-0813-off,all-arms,dynamic,Omega_hat_StateLoad,210,75736854211.562225,0.97471353362210678,0.95677013006224709,0.98532342286535957
cumulative-state-load,deepseek-v4-pro-0813-off,all-arms,dynamic,Omega_hat_StateLoad,211,83294759393.842606,0.97503406926423353,0.95714757334882472,0.98556736143119184
cumulative-state-load,deepseek-v4-pro-0813-off,all-arms,dynamic,Omega_hat_StateLoad,212,91606880358.372696,0.97535064449352016,0.9575217091838355,0.98580735835404887
cumulative-state-load,deepseek-v4-pro-0813-off,all-arms,dynamic,Omega_hat_StateLoad,213,100748481537.88652,0.975663305652678,0.95789256852346083,0.986043473378172
cumulative-state-load,deepseek-v4-pro-0813-off,all-arms,dynamic,Omega_hat_StateLoad,214,110802338126.58263,0.97597209860753886,0.95826018193295981,0.98627576548811979
cumulative-state-load,deepseek-v4-pro-0813-off,all-arms,dynamic,Omega_hat_StateLoad,215,121859485591.36063,0.97627706875028097,0.95862457959573222,0.9865042929124973
cumulative-state-load,deepseek-v4-pro-0813-off,all-arms,dynamic,Omega_hat_StateLoad,216,134020043978.01147,0.97657826100267708,0.95898579132204786,0.98672911312796341
cumulative-state-load,deepseek-v4-pro-0813-off,all-arms,dynamic,Omega_hat_StateLoad,217,147394124476.27658,0.97687571981936816,0.9593438465574573,0.98695028286349851
cumulative-state-load,deepseek-v4-pro-0813-off,all-arms,dynamic,Omega_hat_StateLoad,218,162102826452.53143,0.97716948919115854,0.95969877439089812,0.98716785810491492
cumulative-state-load,deepseek-v4-pro-0813-off,all-arms,dynamic,Omega_hat_StateLoad,219,178279333977.98898,0.97745961264832992,0.96005060356250826,0.98738189409959376
cumulative-state-load,deepseek-v4-pro-0813-off,all-arms,dynamic,Omega_hat_StateLoad,220,196070121781.26645,0.97774613326397608,0.9603993624711632,0.98759244536143309
cumulative-state-load,deepseek-v4-pro-0813-off,all-arms,dynamic,Omega_hat_StateLoad,221,215636281544.93341,0.97802909365735213,0.96074507918174334,0.98779956567599148
cumulative-state-load,deepseek-v4-pro-0813-off,all-arms,dynamic,Omega_hat_StateLoad,222,237154980555.37146,0.9783085359972421,0.96108778143214857,0.9880033081058136
cumulative-state-load,deepseek-v4-pro-0813-off,all-arms,dynamic,Omega_hat_StateLoad,223,260821065913.71228,0.97858450200533809,0.96142749664006677,0.98820372499592413
cumulative-state-load,deepseek-v4-pro-0813-off,all-arms,dynamic,Omega_hat_StateLoad,224,286848828833.60516,0.97885703295963378,0.96176425190950832,0.98840086797947702
cumulative-state-load,deepseek-v4-pro-0813-off,all-arms,dynamic,Omega_hat_StateLoad,225,315473945001.17883,0.97912616969782851,0.96209807403711878,0.98859478798354827
cumulative-state-load,deepseek-v4-pro-0813-off,all-arms,dynamic,Omega_hat_StateLoad,226,346955608566.69196,0.97939195262074175,0.96242898951827471,0.98878553523506041
cumulative-state-load,deepseek-v4-pro-0813-off,all-arms,dynamic,Omega_hat_StateLoad,227,381578879090.73993,0.97965442169573647,0.96275702455297485,0.98897315926682705
cumulative-state-load,deepseek-v4-pro-0813-off,all-arms,dynamic,Omega_hat_StateLoad,228,419657262696.06763,0.97991361646014907,0.96308220505153574,0.98915770892370924
cumulative-state-load,deepseek-v4-pro-0813-off,all-arms,dynamic,Omega_hat_StateLoad,229,461535550796.76123,0.9801695760247261,0.96340455664009561,0.98933923236886956
cumulative-state-load,deepseek-v4-pro-0813-off,all-arms,dynamic,Omega_hat_StateLoad,230,507592942108.91516,0.98042233907706677,0.9637241046659426,0.98951777709011868
cumulative-state-load,deepseek-v4-pro-0813-off,all-arms,dynamic,Omega_hat_StateLoad,231,558246476211.84119,0.98067194388506862,0.9640408742026646,0.98969338990634415
cumulative-state-load,deepseek-v4-pro-0813-off,all-arms,dynamic,Omega_hat_StateLoad,232,613954809750.03162,0.98091842830037612,0.96435489005513642,0.98986611697401072
cumulative-state-load,deepseek-v4-pro-0813-off,all-arms,dynamic,Omega_hat_StateLoad,233,675222369468.49878,0.98116182976183008,0.96466617676434741,0.9900360037937268
cumulative-state-load,deepseek-v4-pro-0813-off,all-arms,dynamic,Omega_hat_StateLoad,234,742603919686.33508,0.98140218529892043,0.96497475861207471,0.99020309521686867
cumulative-state-load,deepseek-v4-pro-0813-off,all-arms,dynamic,Omega_hat_StateLoad,235,816709585565.99792,0.98163953153523686,0.96528065962541276,0.99036743545225314
cumulative-state-load,deepseek-v4-pro-0813-off,all-arms,dynamic,Omega_hat_StateLoad,236,898210377662.86572,0.98187390469191715,0.96558390358115986,0.99052906807285646
cumulative-state-load,deepseek-v4-pro-0813-off,all-arms,dynamic,Omega_hat_StateLoad,237,987844267778.66956,0.98210534059109622,0.96588451401007158,0.99068803602256506
cumulative-state-load,deepseek-v4-pro-0813-off,all-arms,dynamic,Omega_hat_StateLoad,238,1086422871134.3737,0.98233387465934918,0.966182514200985,0.9908443816229624
cumulative-state-load,deepseek-v4-pro-0813-off,all-arms,dynamic,Omega_hat_StateLoad,239,1194838795368.0005,0.98255954193113315,0.96647792720481718,0.9909981465801353
cumulative-state-load,glm-5.3-high,all-arms,dynamic,Omega_hat_StateLoad,0,160.00000000000003,0.0991621335337248,0.070612964436702355,0.13754561742660773
cumulative-state-load,glm-5.3-high,all-arms,dynamic,Omega_hat_StateLoad,1,175.96666301701521,0.1005975289478804,0.071855957649882313,0.13911231224939563
cumulative-state-load,glm-5.3-high,all-arms,dynamic,Omega_hat_StateLoad,2,193.52666558339874,0.10205134825235272,0.073118914912019536,0.14069428870682479
cumulative-state-load,glm-5.3-high,all-arms,dynamic,Omega_hat_StateLoad,3,212.83900967200321,0.10352375956755744,0.074402088175699113,0.14229164083109028
cumulative-state-load,glm-5.3-high,all-arms,dynamic,Omega_hat_StateLoad,4,234.07856432392887,0.10501493054136368,0.075705730055128914,0.14390446214416888
cumulative-state-load,glm-5.3-high,all-arms,dynamic,Omega_hat_StateLoad,5,257.43764904934704,0.10652502827770842,0.07703009371988126,0.14553284563846486
cumulative-state-load,glm-5.3-high,all-arms,dynamic,Omega_hat_StateLoad,6,283.127775238494,0.10805421926342224,0.078375432783918481,0.1471768837578491
cumulative-state-load,glm-5.3-high,all-arms,dynamic,Omega_hat_StateLoad,7,311.38156135093317,0.1096026692932609,0.07974200118978779,0.14883666837914172
cumulative-state-load,glm-5.3-high,all-arms,dynamic,Omega_hat_StateLoad,8,342.45483922469833,0.11117054339313862,0.081130053087869511,0.1505122907940892
cumulative-state-load,glm-5.3-high,all-arms,dynamic,Omega_hat_StateLoad,9,376.62897057749097,0.11275800574156175,0.082539842710563818,0.15220384169189216
cumulative-state-load,glm-5.3-high,all-arms,dynamic,Omega_hat_StateLoad,10,414.21339467534199,0.11436521958926128,0.08397162424129874,0.15391141114233911
cumulative-state-load,glm-5.3-high,all-arms,dynamic,Omega_hat_StateLoad,11,455.54843023731104,0.11599234717702651,0.085425651678243897,0.15563508857960867
cumulative-state-load,glm-5.3-high,all-arms,dynamic,Omega_hat_StateLoad,12,501.00835694686998,0.11763954965174313,0.08690217869261388,0.15737496278680213
cumulative-state-load,glm-5.3-high,all-arms,dynamic,Omega_hat_StateLoad,13,551.00480447236487,0.11930698698064046,0.08840145848144404,0.15913112188127282
cumulative-state-load,glm-5.3-high,all-arms,dynamic,Omega_hat_StateLoad,14,605.99047968340631,0.12099481786375615,0.089923743614724397,0.16090365330082348
cumulative-state-load,glm-5.3-high,all-arms,dynamic,Omega_hat_StateLoad,15,666.46326581230801,0.12270319964462685,0.09146928587677354,0.16269264379084261
cumulative-state-load,glm-5.3-high,all-arms,dynamic,Omega_hat_StateLoad,16,732.97073067758674,0.1244322882192174,0.093038336101740268,0.1644981793924582
cumulative-state-load,glm-5.3-high,all-arms,dynamic,Omega_hat_StateLoad,17,806.11508479048871,0.12618223794310188,0.094631144003115661,0.16632034543178781
cumulative-state-load,glm-5.3-high,all-arms,dynamic,Omega_hat_StateLoad,18,886.55863423912888,0.12795320153691384,0.096247957997143863,0.16815922651037016
cumulative-state-load,glm-5.3-high,all-arms,dynamic,Omega_hat_StateLoad,19,975.02977772488816,0.12974532999008317,0.097889025020016965,0.1700149064968651
cumulative-state-load,glm-5.3-high,all-arms,dynamic,Omega_hat_StateLoad,20,1072.3296020529406,0.13155877246288225,0.099554590338743754,0.17188746852011486
cumulative-state-load,glm-5.3-high,all-arms,dynamic,Omega_hat_StateLoad,21,1179.3391357976243,0.13339367618680473,0.10124489735558072,0.17377699496366231
cumulative-state-load,glm-5.3-high,all-arms,dynamic,Omega_hat_StateLoad,22,1297.0273268229894,0.13525018636330349,0.10296018740591611,0.17568356746182717
cumulative-state-load,glm-5.3-high,all-arms,dynamic,Omega_hat_StateLoad,23,1426.459815893257,0.1371284460609174,0.10470069954950025,0.17760726689744463
cumulative-state-load,glm-5.3-high,all-arms,dynamic,Omega_hat_StateLoad,24,1568.8085858162649,0.13902859611081889,0.10646667035491549,0.17954817340137683
cumulative-state-load,glm-5.3-high,all-arms,dynamic,Omega_hat_StateLoad,25,1725.3625734908187,0.14095077500081749,0.10825833367718216,0.18150636635391112
cumulative-state-load,glm-5.3-high,all-arms,dynamic,Omega_hat_StateLoad,26,1897.5393409476799,0.1428951187678574,0.1100759204283992,0.1834819243881648
cumulative-state-load,glm-5.3-high,all-arms,dynamic,Omega_hat_StateLoad,27,2086.8979110629352,0.14486176088905026,0.11191965834131955,0.18547492539561997
cumulative-state-load,glm-5.3-high,all-arms,dynamic,Omega_hat_StateLoad,28,2295.1528841682762,0.1468508321712865,0.1137897717257635,0.18748544653391927
cumulative-state-load,glm-5.3-high,all-arms,dynamic,Omega_hat_StateLoad,29,2524.1899633810608,0.1488624606394742,0.11568648121777712,0.18951356423705568
cumulative-state-load,glm-5.3-high,all-arms,dynamic,Omega_hat_StateLoad,30,2776.0830292325454,0.15089677142345395,0.11761000352144321,0.191559354228098
cumulative-state-load,glm-5.3-high,all-arms,dynamic,Omega_hat_StateLoad,31,3053.1129182013642,0.15295388664364529,0.11956055114325861,0.193622891534596
cumulative-state-load,glm-5.3-high,all-arms,dynamic,Omega_hat_StateLoad,32,3357.7880751877183,0.15503392529548068,0.12153833211899349,0.19570425050681717
cumulative-state-load,glm-5.3-high,all-arms,dynamic,Omega_hat_StateLoad,33,3692.8672669319303,0.15713700313268802,0.12354354973295253,0.19780350483897119
cumulative-state-load,glm-5.3-high,all-arms,dynamic,Omega_hat_StateLoad,34,4061.3845620423572,0.15926323254948546,0.12557640222956234,0.19992072759358373
cumulative-state-load,glm-5.3-high,all-arms,dynamic,Omega_hat_StateLoad,35,4466.6768038213477,0.16141272246175584,0.12763708251721445,0.20205599122918724
cumulative-state-load,glm-5.3-high,all-arms,dynamic,Omega_hat_StateLoad,36,4912.4138246496868,0.16358557818727157,0.12972577786429706,0.20420936763150083
cumulative-state-load,glm-5.3-high,all-arms,dynamic,Omega_hat_StateLoad,37,5402.6316755141097,0.1657819013250445,0.13184266958735635,0.20638092814827785
cumulative-state-load,glm-5.3-high,all-arms,dynamic,Omega_hat_StateLoad,38,5941.7691715640249,0.16800178963387874,0.13398793273133169,0.20857074362800368
cumulative-state-load,glm-5.3-high,all-arms,dynamic,Omega_hat_StateLoad,39,6534.7080846093468,0.17024533691020738,0.13616173574181781,0.21077888446263088
cumulative-state-load,glm-5.3-high,all-arms,dynamic,Omega_hat_StateLoad,40,7186.8173464938645,0.17251263286529886,0.13836424012931287,0.21300542063454472
cumulative-state-load,glm-5.3-high,all-arms,dynamic,Omega_hat_StateLoad,41,7904.0016635957854,0.17480376300192149,0.14059560012542019,0.21525042176795403
cumulative-state-load,glm-5.3-high,all-arms,dynamic,Omega_hat_StateLoad,42,8692.7549826492977,0.17711880849055794,0.14285596233097966,0.2175139571849074
cumulative-state-load,glm-5.3-high,all-arms,dynamic,Omega_hat_StateLoad,43,9560.219292008298,0.1794578460452666,0.14514546535611497,0.21979609596613717
cumulative-state-load,glm-5.3-high,all-arms,dynamic,Omega_hat_StateLoad,44,10514.249290784941,0.18182094779928781,0.14746423945219331,0.2220969070169338
cumulative-state-load,glm-5.3-high,all-arms,dynamic,Omega_hat_StateLoad,45,11563.483511427785,0.18420818118049964,0.14981240613570626,0.22441645913825725
cumulative-state-load,glm-5.3-high,all-arms,dynamic,Omega_hat_StateLoad,46,12717.422539738909,0.18661960878682815,0.15219007780409405,0.22675482110328851
cumulative-state-load,glm-5.3-high,all-arms,dynamic,Omega_hat_StateLoad,47,13986.515040595194,0.1890552882617238,0.15459735734355098,0.22911206173962564
cumulative-state-load,glm-5.3-high,all-arms,dynamic,Omega_hat_StateLoad,48,15382.25236831769,0.19151527216981612,0.15703433772886458,0.23148825001732262
cumulative-state-load,glm-5.3-high,all-arms,dynamic,Omega_hat_StateLoad,49,16917.272618365252,0.19399960787286472,0.15950110161536274,0.23388345514296624
cumulative-state-load,glm-5.3-high,all-arms,dynamic,Omega_hat_StateLoad,50,18605.475062517842,0.19650833740612622,0.16199772092306172,0.23629774665997769
cumulative-state-load,glm-5.3-high,all-arms,dynamic,Omega_hat_StateLoad,51,20462.146003734739,0.19904149735526122,0.16452425641313365,0.23873119455531572
cumulative-state-load,glm-5.3-high,all-arms,dynamic,Omega_hat_StateLoad,52,22504.097190275977,0.20159911873390754,0.16708075725683696,0.2411838693727445
cumulative-state-load,glm-5.3-high,all-arms,dynamic,Omega_hat_StateLoad,53,24749.818042396582,0.20418122686205048,0.16966726059708662,0.24365584233281404
cumulative-state-load,glm-5.3-high,all-arms,dynamic,Omega_hat_StateLoad,54,27219.643069992744,0.20678784124532232,0.17228379110287176,0.24614718545967987
cumulative-state-load,glm-5.3-high,all-arms,dynamic,Omega_hat_StateLoad,55,29935.935997130266,0.20941897545536772,0.17493036051677063,0.24865797171486226
cumulative-state-load,glm-5.3-high,all-arms,dynamic,Omega_hat_StateLoad,56,32923.292260662238,0.21207463701141274,0.17760696719585281,0.25118827513801789
cumulative-state-load,glm-5.3-high,all-arms,dynamic,Omega_hat_StateLoad,57,36208.761716516623,0.21475482726318004,0.18031359564631222,0.25373817099475771
cumulative-state-load,glm-5.3-high,all-arms,dynamic,Omega_hat_StateLoad,58,39822.09357021052,0.21745954127529338,0.18305021605222765,0.25630773593150463
cumulative-state-load,glm-5.3-high,all-arms,dynamic,Omega_hat_StateLoad,59,43796.005749383039,0.22018876771331838,0.18581678379891189,0.25889704813733261
cumulative-state-load,glm-5.3-high,all-arms,dynamic,Omega_hat_StateLoad,60,48166.481157455812,0.22294248873158767,0.18861323899138135,0.26150618751267046
cumulative-state-load,glm-5.3-high,all-arms,dynamic,Omega_hat_StateLoad,61,52973.093490934014,0.22572067986296179,0.19143950596856063,0.26413523584468707
cumulative-state-load,glm-5.3-high,all-arms,dynamic,Omega_hat_StateLoad,62,58259.365570550195,0.22852330991067724,0.19429549281392344,0.26678427698909263
cumulative-state-load,glm-5.3-high,all-arms,dynamic,Omega_hat_StateLoad,63,64073.163430863169,0.23135034084243816,0.19718109086337818,0.26945339705800503
cumulative-state-load,glm-5.3-high,all-arms,dynamic,Omega_hat_StateLoad,64,70467.12973670529,0.23420172768690511,0.20009617421131667,0.27214268461342167
cumulative-state-load,glm-5.3-high,all-arms,dynamic,Omega_hat_StateLoad,65,77499.160450969473,0.23707741843274005,0.20304059921587639,0.27485223086572413
cumulative-state-load,glm-5.3-high,all-arms,dynamic,Omega_hat_StateLoad,66,85232.929069858175,0.23997735393036498,0.2060142040046071,0.27758212987650582
cumulative-state-load,glm-5.3-high,all-arms,dynamic,Omega_hat_StateLoad,67,93738.463172430624,0.24290146779659377,0.20901680798189803,0.28033247876486456
cumulative-state-load,glm-5.3-high,all-arms,dynamic,Omega_hat_StateLoad,68,103092.77850497498,0.2458496863222964,0.21204821133969179,0.28310337791612983
cumulative-state-load,glm-5.3-high,all-arms,dynamic,Omega_hat_StateLoad,69,113380.57634170455,0.24882192838325687,0.21510819457322,0.28589493119180803
cumulative-state-load,glm-5.3-high,all-arms,dynamic,Omega_hat_StateLoad,70,124695.01043622312,0.25181810535438481,0.2181965180037046,0.28870724613931414
cumulative-state-load,glm-5.3-high,all-arms,dynamic,Omega_hat_StateLoad,71,137138.53050833763,0.25483812102744063,0.22131292131021602,0.2915404341998255
cumulative-state-load,glm-5.3-high,all-arms,dynamic,Omega_hat_StateLoad,72,150823.80990380823,0.25788187153243491,0.22445712307314233,0.29439461091233321
cumulative-state-load,glm-5.3-high,all-arms,dynamic,Omega_hat_StateLoad,73,165874.76582678623,0.26094924526286017,0.22762882033201134,0.29726989611168236
cumulative-state-load,glm-5.3-high,all-arms,dynamic,Omega_hat_StateLoad,74,182427.68138292758,0.26404012280491523,0.2308276881607258,0.30016641411808254
cumulative-state-load,glm-5.3-high,all-arms,dynamic,Omega_hat_StateLoad,75,200632.43959303154,0.26715437687087673,0.23405337926360745,0.30308429391522851
cumulative-state-load,glm-5.3-high,all-arms,dynamic,Omega_hat_StateLoad,76,220653.88055092908,0.27029187223677587,0.23730552359601551,0.30602366931381364
cumulative-state-load,glm-5.3-high,all-arms,dynamic,Omega_hat_StateLoad,77,242673.29401438741,0.27345246568453196,0.24058372801369166,0.3089846790968207
cumulative-state-load,glm-5.3-high,all-arms,dynamic,Omega_hat_StateLoad,78,266890.06094411737,0.27663600594869547,0.24388757595539887,0.31196746714256757
cumulative-state-load,glm-5.3-high,all-arms,dynamic,Omega_hat_StateLoad,79,293523.45885465108,0.27984233366794931,0.2472166271638549,0.31497218252104692
cumulative-state-load,glm-5.3-high,all-arms,dynamic,Omega_hat_StateLoad,80,322814.64732415706,0.28307128134151394,0.25057041745040748,0.31799897955864453
cumulative-state-load,glm-5.3-high,all-arms,dynamic,Omega_hat_StateLoad,81,355028.85164154111,0.2863226732906014,0.25394845850936443,0.32104801786586007
cumulative-state-load,glm-5.3-high,all-arms,dynamic,Omega_hat_StateLoad,82,390457.76436328108,0.28959632562505494,0.25735023778835014,0.32411946232217859
cumulative-state-load,glm-5.3-high,all-arms,dynamic,Omega_hat_StateLoad,83,429422.18652556546,0.29289204621531217,0.26077521842152457,0.32721348301177555
cumulative-state-load,glm-5.3-high,all-arms,dynamic,Omega_hat_StateLoad,84,472274.9324273378,0.29620963466982381,0.26422283923294371,0.33033025510328839
cumulative-state-load,glm-5.3-high,all-arms,dynamic,Omega_hat_StateLoad,85,519404.02428640635,0.2995488823180526,0.26769251481775158,0.33346995866645374
cumulative-state-load,glm-5.3-high,all-arms,dynamic,Omega_hat_StateLoad,86,571236.20569554798,0.30290957219917874,0.27118363570927118,0.33663277841804046
cumulative-state-load,glm-5.3-high,all-arms,dynamic,Omega_hat_StateLoad,87,628240.8056921683,0.30629147905662613,0.27469556864035943,0.33981890338917486
cumulative-state-load,glm-5.3-high,all-arms,dynamic,Omega_hat_StateLoad,88,690933.98842982296,0.30969436933852229,0.27822765690761947,0.3430285265059288
cumulative-state-load,glm-5.3-high,all-arms,dynamic,Omega_hat_StateLoad,89,759883.4269314562,0.3131180012041998,0.28177922084717538,0.3462618440749074
cumulative-state-load,glm-5.3-high,all-arms,dynamic,Omega_hat_StateLoad,90,835713.44324413931,0.31656212453683624,0.28534955843068932,0.34951905516557269
cumulative-state-load,glm-5.3-high,all-arms,dynamic,Omega_hat_StateLoad,91,919110.66153831861,0.32002648096232933,0.2889379459901244,0.35280036088121097
cumulative-state-load,glm-5.3-high,all-arms,dynamic,Omega_hat_StateLoad,92,1010830.2253391206,0.32351080387449277,0.29254363907937758,0.3561059635107991
cumulative-state-load,glm-5.3-high,all-arms,dynamic,Omega_hat_StateLoad,93,1111702.6351853916,0.32701481846665298,0.29616587348030854,0.35943606555460178
cumulative-state-load,glm-5.3-high,all-arms,dynamic,Omega_hat_StateLoad,94,1222641.26862997,0.33053824176972019,0.29980386635985001,0.36279086861715509
cumulative-state-load,glm-5.3-high,all-arms,dynamic,Omega_hat_StateLoad,95,1344650.6506731622,0.33408078269679825,0.30345681758375509,0.36617057216238758
cumulative-state-load,glm-5.3-high,all-arms,dynamic,Omega_hat_StateLoad,96,1478835.5495163416,0.3376421420943902,0.30712391119111537,0.36957537212702857
cumulative-state-load,glm-5.3-high,all-arms,dynamic,Omega_hat_StateLoad,97,1626410.9799957795,0.34122201280025083,0.31080431703204836,0.37300545939016633
cumulative-state-load,glm-5.3-high,all-arms,dynamic,Omega_hat_StateLoad,98,1788713.2052755679,0.34482007970792428,0.31449719256887793,0.37646101809885141
cumulative-state-load,glm-5.3-high,all-arms,dynamic,Omega_hat_StateLoad,99,1967211.8364175649,0.34843601983800082,0.31820168483875072,0.37994222385200049
cumulative-state-load,glm-5.3-high,all-arms,dynamic,Omega_hat_StateLoad,100,2163523.1393873338,0.35206950241611673,0.32191693257293147,0.38344924174752498
cumulative-state-load,glm-5.3-high,all-arms,dynamic,Omega_hat_StateLoad,101,2379424.6699880371,0.35572018895770824,0.32564206846503579,0.38698222430054618
cumulative-state-load,glm-5.3-high,all-arms,dynamic,Omega_hat_StateLoad,102,2616871.3692384856,0.35938773335953006,0.3293762215772581,0.39054130924374592
cumulative-state-load,glm-5.3-high,all-arms,dynamic,Omega_hat_StateLoad,103,2878013.2649353999,0.36307178199792972,0.33311851987025837,0.39412661722424197
cumulative-state-load,glm-5.3-high,all-arms,dynamic,Omega_hat_StateLoad,104,3165214.9396836711,0.36677197383386534,0.33686809283890551,0.39773824941481722
cumulative-state-load,glm-5.3-high,all-arms,dynamic,Omega_hat_StateLoad,105,3481076.9416733594,0.3704879405246454,0.34062407423260943,0.40137628506075851
cumulative-state-load,glm-5.3-high,all-arms,dynamic,Omega_hat_StateLoad,106,3828459.3320733635,0.37421930654235447,0.34438560483563185,0.40504077898686364
cumulative-state-load,glm-5.3-high,all-arms,dynamic,Omega_hat_StateLoad,107,4210507.5822581314,0.37796568929892216,0.34815183527967108,0.40873175909222986
cumulative-state-load,glm-5.3-high,all-arms,dynamic,Omega_hat_StateLoad,108,4630681.0553612765,0.38172669927778496,0.35192192885830348,0.41244922386312055
cumulative-state-load,glm-5.3-high,all-arms,dynamic,Omega_hat_StateLoad,109,5092784.3300502151,0.38550194017207323,0.35569506431065401,0.41619313993635965
cumulative-state-load,glm-5.3-high,all-arms,dynamic,Omega_hat_StateLoad,110,5601001.6501517491,0.38929100902925495,0.35947043854011151,0.41996343974724115
cumulative-state-load,glm-5.3-high,all-arms,dynamic,Omega_hat_StateLoad,111,6159934.8120624963,0.39309349640214902,0.36324726923308287,0.42376001929670765
cumulative-state-load,glm-5.3-high,all-arms,dynamic,Omega_hat_StateLoad,112,6774644.8330061408,0.39690898650621598,0.36702479734281135,0.42758273607248204
cumulative-state-load,glm-5.3-high,all-arms,dynamic,Omega_hat_StateLoad,113,7450697.7774347207,0.40073705738302429,0.37080228940422144,0.43143140715787398
cumulative-state-load,glm-5.3-high,all-arms,dynamic,Omega_hat_StateLoad,114,8194215.1565217515,0.40457728106977686,0.37457903964761197,0.43530580756006076
cumulative-state-load,glm-5.3-high,all-arms,dynamic,Omega_hat_StateLoad,115,9011929.3571036384,0.40842922377477386,0.37835437188181115,0.43920566878683015
cumulative-state-load,glm-5.3-high,all-arms,dynamic,Omega_hat_StateLoad,116,9911244.6019662432,0.41229244605868187,0.38212764112105946,0.44313067769707198
cumulative-state-load,glm-5.3-high,all-arms,dynamic,Omega_hat_StateLoad,117,10900303.993458785,0.41616650302146313,0.38589823493430808,0.44708047564584613
cumulative-state-load,glm-5.3-high,all-arms,dynamic,Omega_hat_StateLoad,118,11988063.247499926,0.42005094449481445,0.38966557450069222,0.45105465793974758
cumulative-state-load,glm-5.3-high,all-arms,dynamic,Omega_hat_StateLoad,119,13184371.785621783,0.42394531523995388,0.39342911536046932,0.45505277361271912
cumulative-state-load,glm-5.3-high,all-arms,dynamic,Omega_hat_StateLoad,120,14500061.919322165,0.42784915515058369,0.39718834785654433,0.45907432552659361
cumulative-state-load,glm-5.3-high,all-arms,dynamic,Omega_hat_StateLoad,121,15947046.934270119,0.43176199946085148,0.40094279726761473,0.46311877079470909
cumulative-state-load,glm-5.3-high,all-arms,dynamic,Omega_hat_StateLoad,122,17538428.96249523,0.43568337895811848,0.40469202363975287,0.46718552152110571
cumulative-state-load,glm-5.3-high,all-arms,dynamic,Omega_hat_StateLoad,123,19288617.619320367,0.43961282020034154,0.4084356213287289,0.47127394584231547
cumulative-state-load,glm-5.3-high,all-arms,dynamic,Omega_hat_StateLoad,124,21213460.479268815,0.44354984573786083,0.41217321827035386,0.47538336925373303
cumulative-state-load,glm-5.3-high,all-arms,dynamic,Omega_hat_StateLoad,125,23330386.572376668,0.44749397433938243,0.41590447500047051,0.47951307619818151
cumulative-state-load,glm-5.3-high,all-arms,dynamic,Omega_hat_StateLoad,126,25658564.200238083,0.45144472122193602,0.41962908344980604,0.48366231189068087
cumulative-state-load,glm-5.3-high,all-arms,dynamic,Omega_hat_StateLoad,127,28219074.500773419,0.45540159828457849,0.42334676554165651,0.48783028435063397
cumulative-state-load,glm-5.3-high,all-arms,dynamic,Omega_hat_StateLoad,128,31035102.333310276,0.45936411434561081,0.42705727162225832,0.49201616661073688
cumulative-state-load,glm-5.3-high,all-arms,dynamic,Omega_hat_StateLoad,129,34132146.212401211,0.46333177538306874,0.43076037875472895,0.49621909907088485
cumulative-state-load,glm-5.3-high,all-arms,dynamic,Omega_hat_StateLoad,130,37538249.191281863,0.46730408477823832,0.43445588890764075,0.50043819196511874
cumulative-state-load,glm-5.3-high,all-arms,dynamic,Omega_hat_StateLoad,131,41284252.785568915,0.47128054356194837,0.43814362706873144,0.50467252791022366
cumulative-state-load,glm-5.3-high,all-arms,dynamic,Omega_hat_StateLoad,132,45404076.236421742,0.47526065066337914,0.44182343931300583,0.50892116450580716
cumulative-state-load,glm-5.3-high,all-arms,dynamic,Omega_hat_StateLoad,133,49935023.641833104,0.47924390316112736,0.44549519085267664,0.5131831369574823
cumulative-state-load,glm-5.3-high,all-arms,dynamic,Omega_hat_StateLoad,134,54918121.737057097,0.48322979653626441,0.44915876409414462,0.51745746069702536
cumulative-state-load,glm-5.3-high,all-arms,dynamic,Omega_hat_StateLoad,135,60398491.382700928,0.48721782492711363,0.45281405672462238,0.52174313397594652
cumulative-state-load,glm-5.3-high,all-arms,dynamic,Omega_hat_StateLoad,136,66425756.12422397,0.49120748138547804,0.45646097984821582,0.5260391404117144
cumulative-state-load,glm-5.3-high,all-arms,dynamic,Omega_hat_StateLoad,137,73054491.5222608,0.49519825813404228,0.46009945618837017,0.53034445146876608
cumulative-state-load,glm-5.3-high,all-arms,dynamic,Omega_hat_StateLoad,138,80344719.322356671,0.49918964682467115,0.46372941837066972,0.53465802885935176
cumulative-state-load,glm-5.3-high,all-arms,dynamic,Omega_hat_StateLoad,139,88362450.938711315,0.50318113879732618,0.46735080729713852,0.53897882685210829
cumulative-state-load,glm-5.3-high,all-arms,dynamic,Omega_hat_StateLoad,140,97180285.173060998,0.50717222533931927,0.47096357062048627,0.54330579447896121
cumulative-state-load,glm-5.3-high,all-arms,dynamic,Omega_hat_StateLoad,141,106878065.58090919,0.51116239794462393,0.47456766132422445,0.5476378776334736
cumulative-state-load,glm-5.3-high,all-arms,dynamic,Omega_hat_StateLoad,142,117543603.43741412,0.51515114857296318,0.47816303641229757,0.55197402105605753
cumulative-state-load,glm-5.3-high,all-arms,dynamic,Omega_hat_StateLoad,143,129273472.84923206,0.51913796990839234,0.48174965570983058,0.55631317020350646
cumulative-state-load,glm-5.3-high,all-arms,dynamic,Omega_hat_StateLoad,144,142173885.21187559,0.5231223556170983,0.48532748077482468,0.56065427300209725
cumulative-state-load,glm-5.3-high,all-arms,dynamic,Omega_hat_StateLoad,145,156361650.930612,0.52710380060413764,0.48889647391911978,0.56499628148503234
cumulative-state-load,glm-5.3-high,all-arms,dynamic,Omega_hat_StateLoad,146,171965237.11306983,0.53108180126883542,0.49245659733568714,0.56933815331626569
cumulative-state-load,glm-5.3-high,all-arms,dynamic,Omega_hat_StateLoad,147,189125930.81072932,0.53505585575857495,0.49600781232830421,0.57367885320379131
cumulative-state-load,glm-5.3-high,all-arms,dynamic,Omega_hat_StateLoad,148,207999118.34219295,0.5390254642207033,0.49955007863887307,0.57801735420627354
cumulative-state-load,glm-5.3-high,all-arms,dynamic,Omega_hat_StateLoad,149,228755692.28223091,0.54299012905228872,0.50308335386706038,0.58235263893751432
cumulative-state-load,glm-5.3-high,all-arms,dynamic,Omega_hat_StateLoad,150,251583598.85657105,0.54694935514746568,0.5066075929765369,0.58668370067367503
cumulative-state-load,glm-5.3-high,all-arms,dynamic,Omega_hat_StateLoad,151,276689539.75376368,0.55090265014210849,0.51012274788184164,0.59100954436844411
cumulative-state-load,glm-5.3-high,all-arms,dynamic,Omega_hat_StateLoad,152,304300843.76364738,0.55484952465558035,0.51362876710979155,0.59532918758148279
cumulative-state-load,glm-5.3-high,all-arms,dynamic,Omega_hat_StateLoad,153,334667525.1896947,0.55878949252930887,0.51712559552935544,0.59964166132550489
cumulative-state-load,glm-5.3-high,all-arms,dynamic,Omega_hat_StateLoad,154,368064547.67370838,0.56272207106194461,0.52061317414400599,0.60394601083728738
cumulative-state-load,glm-5.3-high,all-arms,dynamic,Omega_hat_StateLoad,155,404794313.93130994,0.56664678124086787,0.52409143994073459,0.60824129627777179
cumulative-state-load,glm-5.3-high,all-arms,dynamic,Omega_hat_StateLoad,156,445189403.94221693,0.57056314796981178,0.52756032579013223,0.61252659336622195
cumulative-state-load,glm-5.3-high,all-arms,dynamic,Omega_hat_StateLoad,157,489615586.38903737,0.5744707002923799,0.53101976039221455,0.61680099395317789
cumulative-state-load,glm-5.3-high,all-arms,dynamic,Omega_hat_StateLoad,158,538475130.61248791,0.57836897161124157,0.53446966826296349,0.62106360653667636
cumulative-state-load,glm-5.3-high,all-arms,dynamic,Omega_hat_StateLoad,159,592210449.07206702,0.58225749990279796,0.53790996975687011,0.62531355672593503
cumulative-state-load,glm-5.3-high,all-arms,dynamic,Omega_hat_StateLoad,160,651308103.29387307,0.58613582792711949,0.54134058112109784,0.62954998765640702
cumulative-state-load,glm-5.3-high,all-arms,dynamic,Omega_hat_StateLoad,161,716303209.57852709,0.59000350343295827,0.54476141457720284,0.63377206035982037
cumulative-state-load,glm-5.3-high,all-arms,dynamic,Omega_hat_StateLoad,162,787784284.36194468,0.59386007935765894,0.5481723784266842,0.63797895409253436
cumulative-state-load,glm-5.3-high,all-arms,dynamic,Omega_hat_StateLoad,163,866398573.10261786,0.59770511402178861,0.55157337717694566,0.64216986662526365
cumulative-state-load,glm-5.3-high,all-arms,dynamic,Omega_hat_StateLoad,164,952857910.94732022,0.60153817131832299,0.55496431168455862,0.64634401449695711
cumulative-state-load,glm-5.3-high,all-arms,dynamic,Omega_hat_StateLoad,165,1047945168.2422739,0.60535882089622972,0.5583450793130077,0.65050063323536345
cumulative-state-load,glm-5.3-high,all-arms,dynamic,Omega_hat_StateLoad,166,1152521339.252485,0.6091666383383072,0.56171557410237638,0.65463897754658618
cumulative-state-load,glm-5.3-high,all-arms,dynamic,Omega_hat_StateLoad,167,1267533338.2760072,0.61296120533313558,0.56507568694868349,0.65875832147570146
cumulative-state-load,glm-5.3-high,all-arms,dynamic,Omega_hat_StateLoad,168,1394022573.7452912,0.61674210984101896,0.56842530579082862,0.66285795854032314
cumulative-state-load,glm-5.3-high,all-arms,dynamic,Omega_hat_StateLoad,169,1533134377.9521875,0.62050894625379593,0.57176431580332177,0.66693720183880523
cumulative-state-load,glm-5.3-high,all-arms,dynamic,Omega_hat_StateLoad,170,1686128377.7807078,0.62426131554841346,0.57509259959317971,0.67099538413460857
cumulative-state-load,glm-5.3-high,all-arms,dynamic,Omega_hat_StateLoad,171,1854389900.3522778,0.62799882543416863,0.57841003739956143,0.67503185791821241
cumulative-state-load,glm-5.3-high,all-arms,dynamic,Omega_hat_StateLoad,172,2039442516.8590362,0.63172109049352543,0.58171650729488134,0.67904599544780764
cumulative-state-load,glm-5.3-high,all-arms,dynamic,Omega_hat_StateLoad,173,2242961838.1669221,0.6354277323164349,0.58501188538630111,0.68303718876989739
cumulative-state-load,glm-5.3-high,all-arms,dynamic,Omega_hat_StateLoad,174,2466790687.1046495,0.63911837962808771,0.58829604601663821,0.68700484972082143
cumulative-state-load,glm-5.3-high,all-arms,dynamic,Omega_hat_StateLoad,175,2712955784.8203464,0.64279266841004334,0.59156886196385694,0.69094840991012585
cumulative-state-load,glm-5.3-high,all-arms,dynamic,Omega_hat_StateLoad,176,2983686102.297143,0.64645024201468904,0.59483020463842429,0.69486732068662249
cumulative-state-load,glm-5.3-high,all-arms,dynamic,Omega_hat_StateLoad,177,3281433043.1967072,0.65009075127299032,0.59807994427791233,0.69876105308790981
cumulative-state-load,glm-5.3-high,all-arms,dynamic,Omega_hat_StateLoad,178,3608892640.781837,0.65371385459550546,0.60131795013832401,0.70262909777406357
cumulative-state-load,glm-5.3-high,all-arms,dynamic,Omega_hat_StateLoad,179,3969029969.9065242,0.65731921806664828,0.6045440906816979,0.70647096494616346
cumulative-state-load,glm-5.3-high,all-arms,dynamic,Omega_hat_StateLoad,180,4365105995.118597,0.66090651553218893,0.60775823375962346,0.71028618425026491
cumulative-state-load,glm-5.3-high,all-arms,dynamic,Omega_hat_StateLoad,181,4800707097.9786587,0.66447542867999421,0.6109602467923565,0.71407430466739774
cumulative-state-load,glm-5.3-high,all-arms,dynamic,Omega_hat_StateLoad,182,5279777550.9587879,0.66802564711402113,0.6141499969432912,0.71783489439014181
cumulative-state-load,glm-5.3-high,all-arms,dynamic,Omega_hat_StateLoad,183,5806655231.9647808,0.6715568684215778,0.61732735128858274,0.72156754068629503
cumulative-state-load,glm-5.3-high,all-arms,dynamic,Omega_hat_StateLoad,184,6386110902.8696117,0.67506879823388755,0.62049217698177073,0.72527184975014636
cumulative-state-load,glm-5.3-high,all-arms,dynamic,Omega_hat_StateLoad,185,7023391407.7158833,0.67856115027998665,0.62364434141328295,0.72894744654182586
cumulative-state-load,glm-5.3-high,all-arms,dynamic,Omega_hat_StateLoad,186,7724267181.7384024,0.68203364643400666,0.62678371236473585,0.73259397461521525
cumulative-state-load,glm-5.3-high,all-arms,dynamic,Omega_hat_StateLoad,187,8495084501.389677,0.68548601675589227,0.62991015815798013,0.73621109593487055
cumulative-state-load,glm-5.3-high,all-arms,dynamic,Omega_hat_StateLoad,188,9342822948.4818935,0.68891799952561927,0.63302354779886016,0.73979849068241654
cumulative-state-load,glm-5.3-high,all-arms,dynamic,Omega_hat_StateLoad,189,10275158608.769714,0.69232934127098,0.63612375111568176,0.7433558570528539
cumulative-state-load,glm-5.3-high,all-arms,dynamic,Omega_hat_StateLoad,190,11300533577.223497,0.69571979678901374,0.63921063889239838,0.74688291104122584
cumulative-state-load,glm-5.3-high,all-arms,dynamic,Omega_hat_StateLoad,191,12428232399.348488,0.69908912916116928,0.64228408299654582,0.75037938622008127
cumulative-state-load,glm-5.3-high,all-arms,dynamic,Omega_hat_StateLoad,192,13668466140.708134,0.70243710976228557,0.64534395650196741,0.75384503350816834
cumulative-state-load,glm-5.3-high,all-arms,dynamic,Omega_hat_StateLoad,193,15032464845.884159,0.70576351826349293,0.64839013380638144,0.75727962093079804
cumulative-state-load,glm-5.3-high,all-arms,dynamic,Omega_hat_StateLoad,194,16532579224.067705,0.70906814262913564,0.65142249074385516,0.7606829333723063
cumulative-state-load,glm-5.3-high,all-arms,dynamic,Omega_hat_StateLoad,195,18182392482.02264,0.71235077910782574,0.65444090469225791,0.76405477232104768
cumulative-state-load,glm-5.3-high,all-arms,dynamic,Omega_hat_StateLoad,196,19996843317.044987,0.71561123221774625,0.65744525467577097,0.76739495560735627
cumulative-state-load,glm-5.3-high,all-arms,dynamic,Omega_hat_StateLoad,197,21992361183.590626,0.71884931472631886,0.66043542146253942,0.77070331713489393
cumulative-state-load,glm-5.3-high,all-arms,dynamic,Omega_hat_StateLoad,198,24187015058.38356,0.72206484762436796,0.66341128765755408,0.77397970660582704
cumulative-state-load,glm-5.3-high,all-arms,dynamic,Omega_hat_StateLoad,199,26600677051.037903,0.72525766009490555,0.66637273779085471,0.77722398924024572
cumulative-state-load,glm-5.3-high,all-arms,dynamic,Omega_hat_StateLoad,200,29255202341.652668,0.72842758947667285,0.66931965840115204,0.78043604549025958
cumulative-state-load,glm-5.3-high,all-arms,dynamic,Omega_hat_StateLoad,201,32174627074.676273,0.73157448122257995,0.67225193811496531,0.7836157707491892
cumulative-state-load,glm-5.3-high,all-arms,dynamic,Omega_hat_StateLoad,202,35385386000.923012,0.7346981888531795,0.67516946772137321,0.7867630750562703
cumulative-state-load,glm-5.3-high,all-arms,dynamic,Omega_hat_StateLoad,203,38916551838.446526,0.73779857390532544,0.67807214024248019,0.78987788279729088
cumulative-state-load,glm-5.3-high,all-arms,dynamic,Omega_hat_StateLoad,204,42800098519.625687,0.74087550587615825,0.68095985099969514,0.79296013240156649
cumulative-state-load,glm-5.3-high,all-arms,dynamic,Omega_hat_StateLoad,205,47071190708.112556,0.74392886216257459,0.68383249767592835,0.79600977603566758
cumulative-state-load,glm-5.3-high,all-arms,dynamic,Omega_hat_StateLoad,206,51768502207.150764,0.746958527996327,0.68668998037380302,0.79902677929429422
cumulative-state-load,glm-5.3-high,all-arms,dynamic,Omega_hat_StateLoad,207,56934566142.383049,0.74996439637491386,0.68953220166998408,0.80201112088869708
cumulative-state-load,glm-5.3-high,all-arms,dynamic,Omega_hat_StateLoad,208,62616160089.979439,0.75294636798841319,0.69235906666572422,0.80496279233303247
cumulative-state-load,glm-5.3-high,all-arms,dynamic,Omega_hat_StateLoad,209,68864729637.330414,0.75590435114241894,0.69517048303372375,0.80788179762903245
cumulative-state-load,glm-5.3-high,all-arms,dynamic,Omega_hat_StateLoad,210,75736854211.562225,0.75883826167723889,0.6979663610614073,0.81076815294936833
cumulative-state-load,glm-5.3-high,all-arms,dynamic,Omega_hat_StateLoad,211,83294759393.842606,0.7617480228835134,0.70074661369070879,0.8136218863200666
cumulative-state-load,glm-5.3-high,all-arms,dynamic,Omega_hat_StateLoad,212,91606880358.372696,0.76463356541441529,0.70351115655446461,0.81644303730234202
cumulative-state-load,glm-5.3-high,all-arms,dynamic,Omega_hat_StateLoad,213,100748481537.88652,0.76749482719459283,0.70625990800951122,0.81923165667419418
cumulative-state-load,glm-5.3-high,all-arms,dynamic,Omega_hat_StateLoad,214,110802338126.58263,0.77033175332601178,0.70899278916657404,0.82198780611210298
cumulative-state-load,glm-5.3-high,all-arms,dynamic,Omega_hat_StateLoad,215,121859485591.36063,0.77314429599086321,0.71170972391704856,0.82471155787315864
cumulative-state-load,glm-5.3-high,all-arms,dynamic,Omega_hat_StateLoad,216,134020043978.01147,0.77593241435168914,0.71441063895675749,0.82740299447793986
cumulative-state-load,glm-5.3-high,all-arms,dynamic,Omega_hat_StateLoad,217,147394124476.27658,0.77869607444889211,0.71709546380677913,0.83006220839445222
cumulative-state-load,glm-5.3-high,all-arms,dynamic,Omega_hat_StateLoad,218,162102826452.53143,0.78143524909578022,0.7197641308314312,0.83268930172342281
cumulative-state-load,glm-5.3-high,all-arms,dynamic,Omega_hat_StateLoad,219,178279333977.98898,0.78414991777130771,0.72241657525349756,0.83528438588523801
cumulative-state-load,glm-5.3-high,all-arms,dynamic,Omega_hat_StateLoad,220,196070121781.26645,0.78684006651066485,0.72505273516678648,0.83784758130880144
cumulative-state-load,glm-5.3-high,all-arms,dynamic,Omega_hat_StateLoad,221,215636281544.93341,0.78950568779387076,0.72767255154610033,0.84037901712257335
cumulative-state-load,glm-5.3-high,all-arms,dynamic,Omega_hat_StateLoad,222,237154980555.37146,0.79214678043252074,0.73027596825470142,0.84287883084804749
cumulative-state-load,glm-5.3-high,all-arms,dynamic,Omega_hat_StateLoad,223,260821065913.71228,0.79476334945483729,0.73286293204935593,0.84534716809590416
cumulative-state-load,glm-5.3-high,all-arms,dynamic,Omega_hat_StateLoad,224,286848828833.60516,0.79735540598917243,0.73543339258303275,0.84778418226506846
cumulative-state-load,glm-5.3-high,all-arms,dynamic,Omega_hat_StateLoad,225,315473945001.17883,0.79992296714610622,0.73798730240534072,0.85019003424489481
cumulative-state-load,glm-5.3-high,all-arms,dynamic,Omega_hat_StateLoad,226,346955608566.69196,0.80246605589928399,0.74052461696077587,0.85256489212067865
cumulative-state-load,glm-5.3-high,all-arms,dynamic,Omega_hat_StateLoad,227,381578879090.73993,0.80498470096513186,0.74304529458485802,0.8549089308826936
cumulative-state-load,glm-5.3-high,all-arms,dynamic,Omega_hat_StateLoad,228,419657262696.06763,0.80747893668158899,0.74554929649823176,0.85722233213893639
cumulative-state-load,glm-5.3-high,all-arms,dynamic,Omega_hat_StateLoad,229,461535550796.76123,0.80994880288598692,0.74803658679880081,0.85950528383174762
cumulative-state-load,glm-5.3-high,all-arms,dynamic,Omega_hat_StateLoad,230,507592942108.91516,0.81239434479221329,0.75050713245197342,0.86175797995847347
cumulative-state-load,glm-5.3-high,all-arms,dynamic,Omega_hat_StateLoad,231,558246476211.84119,0.81481561286728255,0.75296090327908327,0.86398062029631162
cumulative-state-load,glm-5.3-high,all-arms,dynamic,Omega_hat_StateLoad,232,613954809750.03162,0.81721266270743953,0.75539787194406105,0.86617341013148186
cumulative-state-load,glm-5.3-high,all-arms,dynamic,Omega_hat_StateLoad,233,675222369468.49878,0.81958555491392304,0.75781801393842052,0.86833655999284953
cumulative-state-load,glm-5.3-high,all-arms,dynamic,Omega_hat_StateLoad,234,742603919686.33508,0.8219343549684982,0.76022130756462691,0.87047028539011362
cumulative-state-load,glm-5.3-high,all-arms,dynamic,Omega_hat_StateLoad,235,816709585565.99792,0.82425913310888121,0.76260773391791559,0.87257480655666775
cumulative-state-load,glm-5.3-high,all-arms,dynamic,Omega_hat_StateLoad,236,898210377662.86572,0.82655996420416411,0.7649772768666212,0.87465034819722942
cumulative-state-load,glm-5.3-high,all-arms,dynamic,Omega_hat_StateLoad,237,987844267778.66956,0.82883692763034555,0.76732992303108349,0.87669713924032144
cumulative-state-load,glm-5.3-high,all-arms,dynamic,Omega_hat_StateLoad,238,1086422871134.3737,0.83109010714607867,0.76966566176119189,0.87871541259568231
cumulative-state-load,glm-5.3-high,all-arms,dynamic,Omega_hat_StateLoad,239,1194838795368.0005,0.83331959076872841,0.77198448511262607,0.88070540491667093
cumulative-state-load,gpt-5.6-sol-high,all-arms,dynamic,Omega_hat_StateLoad,0,160.00000000000003,0.044648209005601902,0.028494814050839978,0.069305527205281006
cumulative-state-load,gpt-5.6-sol-high,all-arms,dynamic,Omega_hat_StateLoad,1,175.96666301701521,0.04524090212588297,0.028971992932019634,0.069986989370303579
cumulative-state-load,gpt-5.6-sol-high,all-arms,dynamic,Omega_hat_StateLoad,2,193.52666558339874,0.045841085563595625,0.029456839179726149,0.070674830015940757
cumulative-state-load,gpt-5.6-sol-high,all-arms,dynamic,Omega_hat_StateLoad,3,212.83900967200321,0.046448843905926074,0.029949464708806623,0.071369104516793125
cumulative-state-load,gpt-5.6-sol-high,all-arms,dynamic,Omega_hat_StateLoad,4,234.07856432392887,0.047064262426202527,0.030449982659266236,0.07206986873362338
cumulative-state-load,gpt-5.6-sol-high,all-arms,dynamic,Omega_hat_StateLoad,5,257.43764904934704,0.047687427081950187,0.030958507393471252,0.072777179021955782
cumulative-state-load,gpt-5.6-sol-high,all-arms,dynamic,Omega_hat_StateLoad,6,283.127775238494,0.048318424512681472,0.031475154492498832,0.073491092241070796
cumulative-state-load,gpt-5.6-sol-high,all-arms,dynamic,Omega_hat_StateLoad,7,311.38156135093317,0.04895734203741383,0.032000040751591692,0.074211665763415827
cumulative-state-load,gpt-5.6-sol-high,all-arms,dynamic,Omega_hat_StateLoad,8,342.45483922469833,0.049604267651907952,0.032533284174673507,0.074938957484454879
cumulative-state-load,gpt-5.6-sol-high,all-arms,dynamic,Omega_hat_StateLoad,9,376.62897057749097,0.050259290025618672,0.033075003967879456,0.075673025832981383
cumulative-state-load,gpt-5.6-sol-high,all-arms,dynamic,Omega_hat_StateLoad,10,414.21339467534199,0.050922498498350705,0.033625320532054449,0.076413929781918424
cumulative-state-load,gpt-5.6-sol-high,all-arms,dynamic,Omega_hat_StateLoad,11,455.54843023731104,0.051593983076611984,0.034184355454169826,0.077161728859633558
cumulative-state-load,gpt-5.6-sol-high,all-arms,dynamic,Omega_hat_StateLoad,12,501.00835694686998,0.052273834429656087,0.034752231497606631,0.077916483161795599
cumulative-state-load,gpt-5.6-sol-high,all-arms,dynamic,Omega_hat_StateLoad,13,551.00480447236487,0.052962143885206224,0.035329072591252383,0.078678253363803047
cumulative-state-load,gpt-5.6-sol-high,all-arms,dynamic,Omega_hat_StateLoad,14,605.99047968340631,0.053659003424852497,0.035915003817355351,0.079447100733814863
cumulative-state-load,gpt-5.6-sol-high,all-arms,dynamic,Omega_hat_StateLoad,15,666.46326581230801,0.054364505679114272,0.036510151398078484,0.080223087146415947
cumulative-state-load,gpt-5.6-sol-high,all-arms,dynamic,Omega_hat_StateLoad,16,732.97073067758674,0.055078743922159848,0.037114642680692714,0.081006275096952934
cumulative-state-load,gpt-5.6-sol-high,all-arms,dynamic,Omega_hat_StateLoad,17,806.11508479048871,0.055801812066174003,0.037728606121346597,0.081796727716573869
cumulative-state-load,gpt-5.6-sol-high,all-arms,dynamic,Omega_hat_StateLoad,18,886.55863423912888,0.056533804655366525,0.038352171267347315,0.082594508788013429
cumulative-state-load,gpt-5.6-sol-high,all-arms,dynamic,Omega_hat_StateLoad,19,975.02977772488816,0.057274816859611589,0.038985468737884631,0.083399682762160032
cumulative-state-load,gpt-5.6-sol-high,all-arms,dynamic,Omega_hat_StateLoad,20,1072.3296020529406,0.058024944467710823,0.039628630203127263,0.0842123147754507
cumulative-state-load,gpt-5.6-sol-high,all-arms,dynamic,Omega_hat_StateLoad,21,1179.3391357976243,0.058784283880270329,0.040281788361618019,0.085032470668135324
cumulative-state-load,gpt-5.6-sol-high,all-arms,dynamic,Omega_hat_StateLoad,22,1297.0273268229894,0.059552932102183376,0.040945076915890624,0.085860217003459194
cumulative-state-load,gpt-5.6-sol-high,all-arms,dynamic,Omega_hat_StateLoad,23,1426.459815893257,0.06033098673471033,0.041618630546229225,0.086695621087812549
cumulative-state-load,gpt-5.6-sol-high,all-arms,dynamic,Omega_hat_StateLoad,24,1568.8085858162649,0.06111854596714577,0.042302584882486324,0.087538750991898812
cumulative-state-load,gpt-5.6-sol-high,all-arms,dynamic,Omega_hat_StateLoad,25,1725.3625734908187,0.061915708568065393,0.04299707647387388,0.088389675572977486
cumulative-state-load,gpt-5.6-sol-high,all-arms,dynamic,Omega_hat_StateLoad,26,1897.5393409476799,0.062722573876142385,0.043702242756636818,0.089248464498238159
cumulative-state-load,gpt-5.6-sol-high,all-arms,dynamic,Omega_hat_StateLoad,27,2086.8979110629352,0.0635392417905251,0.044418222019515473,0.090115188269367472
cumulative-state-load,gpt-5.6-sol-high,all-arms,dynamic,Omega_hat_StateLoad,28,2295.1528841682762,0.064365812760766417,0.045145153366899622,0.090989918248372478
cumulative-state-load,gpt-5.6-sol-high,all-arms,dynamic,Omega_hat_StateLoad,29,2524.1899633810608,0.065202387776296,0.045883176679572382,0.091872726684728165
cumulative-state-load,gpt-5.6-sol-high,all-arms,dynamic,Omega_hat_StateLoad,30,2776.0830292325454,0.066049068355426108,0.046632432572938809,0.092763686743919549
cumulative-state-load,gpt-5.6-sol-high,all-arms,dynamic,Omega_hat_StateLoad,31,3053.1129182013642,0.066905956533881858,0.047393062352628836,0.09366287253745316
cumulative-state-load,gpt-5.6-sol-high,all-arms,dynamic,Omega_hat_StateLoad,32,3357.7880751877183,0.067773154852846712,0.048165207967360603,0.094570359154417208
cumulative-state-load,gpt-5.6-sol-high,all-arms,dynamic,Omega_hat_StateLoad,33,3692.8672669319303,0.068650766346513972,0.048949011958945313,0.095486222694670997
cumulative-state-load,gpt-5.6-sol-high,all-arms,dynamic,Omega_hat_StateLoad,34,4061.3845620423572,0.069538894529135031,0.049744617409309431,0.09641054030375254
cumulative-state-load,gpt-5.6-sol-high,all-arms,dynamic,Omega_hat_StateLoad,35,4466.6768038213477,0.070437643381555171,0.050552167884406154,0.097343390209593941
cumulative-state-load,gpt-5.6-sol-high,all-arms,dynamic,Omega_hat_StateLoad,36,4912.4138246496868,0.07134711733722765,0.051371807374881867,0.09828485176114081
cumulative-state-load,gpt-5.6-sol-high,all-arms,dynamic,Omega_hat_StateLoad,37,5402.6316755141097,0.072267421267697252,0.052203680233359091,0.099235005468976886
cumulative-state-load,gpt-5.6-sol-high,all-arms,dynamic,Omega_hat_StateLoad,38,5941.7691715640249,0.073198660467543128,0.053047931108190553,0.10019393304805774
cumulative-state-load,gpt-5.6-sol-high,all-arms,dynamic,Omega_hat_StateLoad,39,6534.7080846093468,0.074140940638773148,0.053904704873534909,0.10116171746266649
cumulative-state-load,gpt-5.6-sol-high,all-arms,dynamic,Omega_hat_StateLoad,40,7186.8173464938645,0.07509436787465959,0.054774146555597827,0.10213844297370542
cumulative-state-load,gpt-5.6-sol-high,all-arms,dynamic,Omega_hat_StateLoad,41,7904.0016635957854,0.07605904864300754,0.055656401254876323,0.10312419518844676
cumulative-state-load,gpt-5.6-sol-high,all-arms,dynamic,Omega_hat_StateLoad,42,8692.7549826492977,0.07703508976884707,0.056551614064238427,0.10411906111286895
cumulative-state-load,gpt-5.6-sol-high,all-arms,dynamic,Omega_hat_StateLoad,43,9560.219292008298,0.07802259841653994,0.057459929982663874,0.10512312920671174
cumulative-state-load,gpt-5.6-sol-high,all-arms,dynamic,Omega_hat_StateLoad,44,10514.249290784941,0.079021682071292745,0.058381493824465169,0.10613648944139033
cumulative-state-load,gpt-5.6-sol-high,all-arms,dynamic,Omega_hat_StateLoad,45,11563.483511427785,0.080032448520066538,0.059316450123801177,0.10715923336091208
cumulative-state-load,gpt-5.6-sol-high,all-arms,dynamic,Omega_hat_StateLoad,46,12717.422539738909,0.081055005831875734,0.060264943034290828,0.10819145414594993
cumulative-state-load,gpt-5.6-sol-high,all-arms,dynamic,Omega_hat_StateLoad,47,13986.515040595194,0.082089462337466432,0.061227116223524863,0.10923324668122815
cumulative-state-load,gpt-5.6-sol-high,all-arms,dynamic,Omega_hat_StateLoad,48,15382.25236831769,0.083135926608366759,0.062203112762270099,0.11028470762638705
cumulative-state-load,gpt-5.6-sol-high,all-arms,dynamic,Omega_hat_StateLoad,49,16917.272618365252,0.084194507435300756,0.063193075008152064,0.11134593549049678
cumulative-state-load,gpt-5.6-sol-high,all-arms,dynamic,Omega_hat_StateLoad,50,18605.475062517842,0.08526531380595688,0.064197144483595175,0.11241703071039678
cumulative-state-load,gpt-5.6-sol-high,all-arms,dynamic,Omega_hat_StateLoad,51,20462.146003734739,0.086348454882104922,0.065215461747795397,0.11349809573304742
cumulative-state-load,gpt-5.6-sol-high,all-arms,dynamic,Omega_hat_StateLoad,52,22504.097190275977,0.087444039976051408,0.066248166262491054,0.11458923510207993
cumulative-state-load,gpt-5.6-sol-high,all-arms,dynamic,Omega_hat_StateLoad,53,24749.818042396582,0.088552178526428035,0.067295396251294534,0.11569055554874459
cumulative-state-load,gpt-5.6-sol-high,all-arms,dynamic,Omega_hat_StateLoad,54,27219.643069992744,0.08967298007330439,0.068357288552339704,0.11680216608745585
cumulative-state-load,gpt-5.6-sol-high,all-arms,dynamic,Omega_hat_StateLoad,55,29935.935997130266,0.090806554232618228,0.069433978463996196,0.11792417811614281
cumulative-state-load,gpt-5.6-sol-high,all-arms,dynamic,Omega_hat_StateLoad,56,32923.292260662238,0.091953010669916735,0.07052559958339677,0.1190567055216165
cumulative-state-load,gpt-5.6-sol-high,all-arms,dynamic,Omega_hat_StateLoad,57,36208.761716516623,0.093112459073401502,0.071632283637520333,0.12019986479016859
cumulative-state-load,gpt-5.6-sol-high,all-arms,dynamic,Omega_hat_StateLoad,58,39822.09357021052,0.09428500912627201,0.072754160306570753,0.121353775123622
cumulative-state-load,gpt-5.6-sol-high,all-arms,dynamic,Omega_hat_StateLoad,59,43796.005749383039,0.095470770478359543,0.073891357039388608,0.12251855856105205
cumulative-state-load,gpt-5.6-sol-high,all-arms,dynamic,Omega_hat_StateLoad,60,48166.481157455812,0.096669852717048338,0.075043998860635161,0.12369434010640211
cumulative-state-load,gpt-5.6-sol-high,all-arms,dynamic,Omega_hat_StateLoad,61,52973.093490934014,0.097882365337476199,0.076212208169486165,0.12488124786221336
cumulative-state-load,gpt-5.6-sol-high,all-arms,dynamic,Omega_hat_StateLoad,62,58259.365570550195,0.099108417712010927,0.077396104529578472,0.12607941316968799
cumulative-state-load,gpt-5.6-sol-high,all-arms,dynamic,Omega_hat_StateLoad,63,64073.163430863169,0.10034811905899721,0.078595804449956369,0.12728897075529985
cumulative-state-load,gpt-5.6-sol-high,all-arms,dynamic,Omega_hat_StateLoad,64,70467.12973670529,0.10160157841076953,0.079811421156773185,0.12851005888415981
cumulative-state-load,gpt-5.6-sol-high,all-arms,dynamic,Omega_hat_StateLoad,65,77499.160450969473,0.10286890458092765,0.081043064355513436,0.12974281952033412
cumulative-state-load,gpt-5.6-sol-high,all-arms,dynamic,Omega_hat_StateLoad,66,85232.929069858175,0.10415020613087028,0.082290839983515843,0.13098739849429911
cumulative-state-load,gpt-5.6-sol-high,all-arms,dynamic,Omega_hat_StateLoad,67,93738.463172430624,0.10544559133558461,0.083554849952595253,0.13224394567770117
cumulative-state-load,gpt-5.6-sol-high,all-arms,dynamic,Omega_hat_StateLoad,68,103092.77850497498,0.10675516814868802,0.084835191881582603,0.13351261516556734
cumulative-state-load,gpt-5.6-sol-high,all-arms,dynamic,Omega_hat_StateLoad,69,113380.57634170455,0.10807904416672097,0.086131958818632642,0.13479356546608851
cumulative-state-load,gpt-5.6-sol-high,all-arms,dynamic,Omega_hat_StateLoad,70,124695.01043622312,0.10941732659268814,0.087445238953178031,0.13608695969806314
cumulative-state-load,gpt-5.6-sol-high,all-arms,dynamic,Omega_hat_StateLoad,71,137138.53050833763,0.11077012219884709,0.08877511531745183,0.13739296579605181
cumulative-state-load,gpt-5.6-sol-high,all-arms,dynamic,Omega_hat_StateLoad,72,150823.80990380823,0.11213753728874429,0.090121665477545826,0.13871175672324973
cumulative-state-load,gpt-5.6-sol-high,all-arms,dynamic,Omega_hat_StateLoad,73,165874.76582678623,0.11351967765849656,0.091484961214025828,0.14004351069202742
cumulative-state-load,gpt-5.6-sol-high,all-arms,dynamic,Omega_hat_StateLoad,74,182427.68138292758,0.11491664855732094,0.092865068192192854,0.14138841139203145
cumulative-state-load,gpt-5.6-sol-high,all-arms,dynamic,Omega_hat_StateLoad,75,200632.43959303154,0.11632855464731144,0.094262045622150015,0.14274664822566099
cumulative-state-load,gpt-5.6-sol-high,all-arms,dynamic,Omega_hat_StateLoad,76,220653.88055092908,0.11775549996246573,0.095675945908922325,0.14411841655065522
cumulative-state-load,gpt-5.6-sol-high,all-arms,dynamic,Omega_hat_StateLoad,77,242673.29401438741,0.11919758786696398,0.097106814292975088,0.14550391792943043
cumulative-state-load,gpt-5.6-sol-high,all-arms,dynamic,Omega_hat_StateLoad,78,266890.06094411737,0.12065492101270174,0.098554688481586702,0.14690336038469423
cumulative-state-load,gpt-5.6-sol-high,all-arms,dynamic,Omega_hat_StateLoad,79,293523.45885465108,0.12212760129608138,0.10001959827165956,0.14831695866074368
cumulative-state-load,gpt-5.6-sol-high,all-arms,dynamic,Omega_hat_StateLoad,80,322814.64732415706,0.12361572981406613,0.10150156516469502,0.14974493448971241
cumulative-state-load,gpt-5.6-sol-high,all-arms,dynamic,Omega_hat_StateLoad,81,355028.85164154111,0.12511940681950118,0.10300060197481703,0.15118751686187482
cumulative-state-load,gpt-5.6-sol-high,all-arms,dynamic,Omega_hat_StateLoad,82,390457.76436328108,0.12663873167570827,0.10451671243090921,0.15264494229894102
cumulative-state-load,gpt-5.6-sol-high,all-arms,dynamic,Omega_hat_StateLoad,83,429422.18652556546,0.12817380281035948,0.10604989077412635,0.15411745512908118
cumulative-state-load,gpt-5.6-sol-high,all-arms,dynamic,Omega_hat_StateLoad,84,472274.9324273378,0.1297247176686383,0.10760012135226057,0.15560530776220344
cumulative-state-load,gpt-5.6-sol-high,all-arms,dynamic,Omega_hat_StateLoad,85,519404.02428640635,0.13129157266569474,0.10916737821268067,0.15710876096377177
cumulative-state-load,gpt-5.6-sol-high,all-arms,dynamic,Omega_hat_StateLoad,86,571236.20569554798,0.13287446313840506,0.11075162469582629,0.15862808412519633
cumulative-state-load,gpt-5.6-sol-high,all-arms,dynamic,Omega_hat_StateLoad,87,628240.8056921683,0.13447348329644407,0.11235281303151924,0.16016355552854478
cumulative-state-load,gpt-5.6-sol-high,all-arms,dynamic,Omega_hat_StateLoad,88,690933.98842982296,0.13608872617268181,0.11397088394065988,0.16171546260302816
cumulative-state-load,gpt-5.6-sol-high,all-arms,dynamic,Omega_hat_StateLoad,89,759883.4269314562,0.13772028357291527,0.11560576624520094,0.16328410217038927
cumulative-state-load,gpt-5.6-sol-high,all-arms,dynamic,Omega_hat_StateLoad,90,835713.44324413931,0.13936824602494791,0.11725737648963439,0.16486978067598582
cumulative-state-load,gpt-5.6-sol-high,all-arms,dynamic,Omega_hat_StateLoad,91,919110.66153831861,0.14103270272702984,0.11892561857758616,0.16647281440200376
cumulative-state-load,gpt-5.6-sol-high,all-arms,dynamic,Omega_hat_StateLoad,92,1010830.2253391206,0.14271374149567362,0.12061038342748839,0.1680935296588689
cumulative-state-load,gpt-5.6-sol-high,all-arms,dynamic,Omega_hat_StateLoad,93,1111702.6351853916,0.14441144871285924,0.122311548651674,0.16973226295054847
cumulative-state-load,gpt-5.6-sol-high,all-arms,dynamic,Omega_hat_StateLoad,94,1222641.26862997,0.1461259092726466,0.12402897826362894,0.17138936110905714
cumulative-state-load,gpt-5.6-sol-high,all-arms,dynamic,Omega_hat_StateLoad,95,1344650.6506731622,0.14785720652721024,0.12576252241850649,0.17306518139310928
cumulative-state-load,gpt-5.6-sol-high,all-arms,dynamic,Omega_hat_StateLoad,96,1478835.5495163416,0.14960542223231635,0.12751201719237776,0.17476009154550087
cumulative-state-load,gpt-5.6-sol-high,all-arms,dynamic,Omega_hat_StateLoad,97,1626410.9799957795,0.15137063649225993,0.12927728440602723,0.17647446980347223
cumulative-state-load,gpt-5.6-sol-high,all-arms,dynamic,Omega_hat_StateLoad,98,1788713.2052755679,0.15315292770428254,0.13105813149940482,0.17820870485600523
cumulative-state-load,gpt-5.6-sol-high,all-arms,dynamic,Omega_hat_StateLoad,99,1967211.8364175649,0.15495237250249247,0.13285435146309557,0.17996319574176714
cumulative-state-load,gpt-5.6-sol-high,all-arms,dynamic,Omega_hat_StateLoad,100,2163523.1393873338,0.15676904570130881,0.13466572283335076,0.18173835168123276
cumulative-state-load,gpt-5.6-sol-high,all-arms,dynamic,Omega_hat_StateLoad,101,2379424.6699880371,0.15860302023845244,0.13649200975732242,0.1835345918364252
cumulative-state-load,gpt-5.6-sol-high,all-arms,dynamic,Omega_hat_StateLoad,102,2616871.3692384856,0.16045436711750996,0.13833296213514149,0.18535234499172751
cumulative-state-load,gpt-5.6-sol-high,all-arms,dynamic,Omega_hat_StateLoad,103,2878013.2649353999,0.16232315535009412,0.14018831584535021,0.18719204914934442
cumulative-state-load,gpt-5.6-sol-high,all-arms,dynamic,Omega_hat_StateLoad,104,3165214.9396836711,0.16420945189762878,0.14205779305993668,0.18905415103327114
cumulative-state-load,gpt-5.6-sol-high,all-arms,dynamic,Omega_hat_StateLoad,105,3481076.9416733594,0.16611332161278489,0.14394110265478915,0.19093910549605586
cumulative-state-load,gpt-5.6-sol-high,all-arms,dynamic,Omega_hat_StateLoad,106,3828459.3320733635,0.1680348271805982,0.14583794072078815,0.19284737482325476
cumulative-state-load,gpt-5.6-sol-high,all-arms,dynamic,Omega_hat_StateLoad,107,4210507.5822581314,0.16997402905929576,0.14774799117995374,0.19477942793127681
cumulative-state-load,gpt-5.6-sol-high,all-arms,dynamic,Omega_hat_StateLoad,108,4630681.0553612765,0.17193098542086557,0.14967092651007302,0.19673573945532519
cumulative-state-load,gpt-5.6-sol-high,all-arms,dynamic,Omega_hat_StateLoad,109,5092784.3300502151,0.17390575209139891,0.15160640858002106,0.19871678872535026
cumulative-state-load,gpt-5.6-sol-high,all-arms,dynamic,Omega_hat_StateLoad,110,5601001.6501517491,0.17589838249124001,0.15355408959657585,0.20072305862935522
cumulative-state-load,gpt-5.6-sol-high,all-arms,dynamic,Omega_hat_StateLoad,111,6159934.8120624963,0.17790892757497742,0.15551361316191198,0.20275503436501463
cumulative-state-load,gpt-5.6-sol-high,all-arms,dynamic,Omega_hat_StateLoad,112,6774644.8330061408,0.17993743577131222,0.15748461543915562,0.20481320208237547
cumulative-state-load,gpt-5.6-sol-high,all-arms,dynamic,Omega_hat_StateLoad,113,7450697.7774347207,0.18198395292284,0.15946672642142901,0.20689804742237181
cumulative-state-load,gpt-5.6-sol-high,all-arms,dynamic,Omega_hat_StateLoad,114,8194215.1565217515,0.18404852222578441,0.16145957129773031,0.20901005395797215
cumulative-state-load,gpt-5.6-sol-high,all-arms,dynamic,Omega_hat_StateLoad,115,9011929.3571036384,0.18613118416972138,0.16346277190684289,0.21114970154693885
cumulative-state-load,gpt-5.6-sol-high,all-arms,dynamic,Omega_hat_StateLoad,116,9911244.6019662432,0.18823197647733356,0.1654759482682919,0.21331746460735818
cumulative-state-load,gpt-5.6-sol-high,all-arms,dynamic,Omega_hat_StateLoad,117,10900303.993458785,0.19035093404423631,0.16749872017723907,0.21551381032923708
cumulative-state-load,gpt-5.6-sol-high,all-arms,dynamic,Omega_hat_StateLoad,118,11988063.247499926,0.19248808887891763,0.16953070884819191,0.21773919683748091
cumulative-state-load,gpt-5.6-sol-high,all-arms,dynamic,Omega_hat_StateLoad,119,13184371.785621783,0.19464347004283494,0.17157153859058005,0.21999407132339771
cumulative-state-load,gpt-5.6-sol-high,all-arms,dynamic,Omega_hat_StateLoad,120,14500061.919322165,0.19681710359071264,0.17362083849769427,0.22227886816343603
cumulative-state-load,gpt-5.6-sol-high,all-arms,dynamic,Omega_hat_StateLoad,121,15947046.934270119,0.19900901251108707,0.17567824412926095,0.22459400704509797
cumulative-state-load,gpt-5.6-sol-high,all-arms,dynamic,Omega_hat_StateLoad,122,17538428.96249523,0.20121921666714315,0.17774339916710372,0.2269398911207843
cumulative-state-load,gpt-5.6-sol-high,all-arms,dynamic,Omega_hat_StateLoad,123,19288617.619320367,0.20344773273789138,0.17981595702298356,0.22931690521070972
cumulative-state-load,gpt-5.6-sol-high,all-arms,dynamic,Omega_hat_StateLoad,124,21213460.479268815,0.20569457415973322,0.18189558237783579,0.23172541407589323
cumulative-state-load,gpt-5.6-sol-high,all-arms,dynamic,Omega_hat_StateLoad,125,23330386.572376668,0.20795975106846346,0.18398195263226902,0.23416576078159201
cumulative-state-load,gpt-5.6-sol-high,all-arms,dynamic,Omega_hat_StateLoad,126,25658564.200238083,0.21024327024175946,0.18607475924935588,0.23663826517038675
cumulative-state-load,gpt-5.6-sol-high,all-arms,dynamic,Omega_hat_StateLoad,127,28219074.500773419,0.21254513504220951,0.18817370897240418,0.23914322246247524
cumulative-state-load,gpt-5.6-sol-high,all-arms,dynamic,Omega_hat_StateLoad,128,31035102.333310276,0.2148653453609296,0.19027852490250868,0.24168090199861736
cumulative-state-load,gpt-5.6-sol-high,all-arms,dynamic,Omega_hat_StateLoad,129,34132146.212401211,0.2172038975618229,0.19238894742319618,0.24425154613867464
cumulative-state-load,gpt-5.6-sol-high,all-arms,dynamic,Omega_hat_StateLoad,130,37538249.191281863,0.2195607844265349,0.19450473496229528,0.24685536932586771
cumulative-state-load,gpt-5.6-sol-high,all-arms,dynamic,Omega_hat_StateLoad,131,41284252.785568915,0.22193599510015749,0.19662566458420841,0.2494925573238341
cumulative-state-load,gpt-5.6-sol-high,all-arms,dynamic,Omega_hat_StateLoad,132,45404076.236421742,0.22432951503773635,0.19875153240893392,0.25216326663040128
cumulative-state-load,gpt-5.6-sol-high,all-arms,dynamic,Omega_hat_StateLoad,133,49935023.641833104,0.22674132595163773,0.20088215385736777,0.25486762406881353
cumulative-state-load,gpt-5.6-sol-high,all-arms,dynamic,Omega_hat_StateLoad,134,54918121.737057097,0.2291714057598295,0.2030173637255239,0.25760572655404052
cumulative-state-load,gpt-5.6-sol-high,all-arms,dynamic,Omega_hat_StateLoad,135,60398491.382700928,0.23161972853513296,0.20515701609322826,0.26037764102888517
cumulative-state-load,gpt-5.6-sol-high,all-arms,dynamic,Omega_hat_StateLoad,136,66425756.12422397,0.2340862644555021,0.20730098407551059,0.26318340456194073
cumulative-state-load,gpt-5.6-sol-high,all-arms,dynamic,Omega_hat_StateLoad,137,73054491.5222608,0.23657097975538688,0.20944915942723691,0.26602302459712562
cumulative-state-load,gpt-5.6-sol-high,all-arms,dynamic,Omega_hat_StateLoad,138,80344719.322356671,0.239073836678239,0.21160145201347899,0.26889647934257815
cumulative-state-load,gpt-5.6-sol-high,all-arms,dynamic,Omega_hat_StateLoad,139,88362450.938711315,0.24159479343021578,0.21375778915963606,0.27180371828516986
cumulative-state-load,gpt-5.6-sol-high,all-arms,dynamic,Omega_hat_StateLoad,140,97180285.173060998,0.24413380413514255,0.21591811489642107,0.27474466281580145
cumulative-state-load,gpt-5.6-sol-high,all-arms,dynamic,Omega_hat_StateLoad,141,106878065.58090919,0.24669081879078913,0.21808238911548669,0.2777192069499802
cumulative-state-load,gpt-5.6-sol-high,all-arms,dynamic,Omega_hat_StateLoad,142,117543603.43741412,0.24926578322652029,0.22025058665171965,0.280727218127926
cumulative-state-load,gpt-5.6-sol-high,all-arms,dynamic,Omega_hat_StateLoad,143,129273472.84923206,0.25185863906237715,0.22242269630810485,0.28376853807857433
cumulative-state-load,gpt-5.6-sol-high,all-arms,dynamic,Omega_hat_StateLoad,144,142173885.21187559,0.2544693236696472,0.22459871983859772,0.28684298373230704
cumulative-state-load,gpt-5.6-sol-high,all-arms,dynamic,Omega_hat_StateLoad,145,156361650.930612,0.25709777013298252,0.22677867090369638,0.28995034816799026
cumulative-state-load,gpt-5.6-sol-high,all-arms,dynamic,Omega_hat_StateLoad,146,171965237.11306983,0.25974390721412183,0.22896257401241515,0.29309040158087474
cumulative-state-load,gpt-5.6-sol-high,all-arms,dynamic,Omega_hat_StateLoad,147,189125930.81072932,0.26240765931727489,0.23115046346320556,0.29626289225907748
cumulative-state-load,gpt-5.6-sol-high,all-arms,dynamic,Omega_hat_StateLoad,148,207999118.34219295,0.26508894645622494,0.23334238229507703,0.2994675475576411
cumulative-state-load,gpt-5.6-sol-high,all-arms,dynamic,Omega_hat_StateLoad,149,228755692.28223091,0.26778768422320848,0.23553838125881296,0.30270407486053091
cumulative-state-load,gpt-5.6-sol-high,all-arms,dynamic,Omega_hat_StateLoad,150,251583598.85657105,0.27050378375962381,0.23773851781677963,0.30597216252230575
cumulative-state-load,gpt-5.6-sol-high,all-arms,dynamic,Omega_hat_StateLoad,151,276689539.75376368,0.27323715172862806,0.23994285517845082,0.30927148078258654
cumulative-state-load,gpt-5.6-sol-high,all-arms,dynamic,Omega_hat_StateLoad,152,304300843.76364738,0.27598769028967485,0.24215146137742574,0.3126016826477635
cumulative-state-load,gpt-5.6-sol-high,all-arms,dynamic,Omega_hat_StateLoad,153,334667525.1896947,0.27875529707504693,0.24436440839445611,0.31596240473565473
cumulative-state-load,gpt-5.6-sol-high,all-arms,dynamic,Omega_hat_StateLoad,154,368064547.67370838,0.28153986516843621,0.24658177132981624,0.31935326807998848
cumulative-state-load,gpt-5.6-sol-high,all-arms,dynamic,Omega_hat_StateLoad,155,404794313.93130994,0.28434128308562523,0.24880362762727837,0.32277387889265574
cumulative-state-load,gpt-5.6-sol-high,all-arms,dynamic,Omega_hat_StateLoad,156,445189403.94221693,0.28715943475731731,0.25103005635099201,0.32622382928262006
cumulative-state-load,gpt-5.6-sol-high,all-arms,dynamic,Omega_hat_StateLoad,157,489615586.38903737,0.28999419951416866,0.25326113751572515,0.32970269793121504
cumulative-state-load,gpt-5.6-sol-high,all-arms,dynamic,Omega_hat_StateLoad,158,538475130.61248791,0.29284545207406937,0.25549695147019341,0.33321005072427201
cumulative-state-load,gpt-5.6-sol-high,all-arms,dynamic,Omega_hat_StateLoad,159,592210449.07206702,0.29571306253171947,0.25773757833259159,0.33674544134212303
cumulative-state-load,gpt-5.6-sol-high,all-arms,dynamic,Omega_hat_StateLoad,160,651308103.29387307,0.29859689635054859,0.2599830974769311,0.34030841180902144
cumulative-state-load,gpt-5.6-sol-high,all-arms,dynamic,Omega_hat_StateLoad,161,716303209.57852709,0.30149681435701997,0.26223358706838457,0.34389849300391584
cumulative-state-load,gpt-5.6-sol-high,all-arms,dynamic,Omega_hat_StateLoad,162,787784284.36194468,0.30441267273736483,0.26448912364551669,0.34751520513481454
cumulative-state-load,gpt-5.6-sol-high,all-arms,dynamic,Omega_hat_StateLoad,163,866398573.10261786,0.30734432303678505,0.26674978174705044,0.35115805817920143
cumulative-state-load,gpt-5.6-sol-high,all-arms,dynamic,Omega_hat_StateLoad,164,952857910.94732022,0.31029161216116635,0.26901563358065422,0.35482655229310733
cumulative-state-load,gpt-5.6-sol-high,all-arms,dynamic,Omega_hat_StateLoad,165,1047945168.2422739,0.31325438238133635,0.27128674873113462,0.35852017819152898
cumulative-state-load,gpt-5.6-sol-high,all-arms,dynamic,Omega_hat_StateLoad,166,1152521339.252485,0.3162324713399049,0.27356319390537664,0.36223841750291486
cumulative-state-load,gpt-5.6-sol-high,all-arms,dynamic,Omega_hat_StateLoad,167,1267533338.2760072,0.31922571206071976,0.27584503271136823,0.36598074310042705
cumulative-state-load,gpt-5.6-sol-high,all-arms,dynamic,Omega_hat_StateLoad,168,1394022573.7452912,0.32223393296096758,0.27813232546868605,0.36974661941262882
cumulative-state-load,gpt-5.6-sol-high,all-arms,dynamic,Omega_hat_StateLoad,169,1533134377.9521875,0.32525695786595094,0.28042512904788119,0.37353550271617186
cumulative-state-load,gpt-5.6-sol-high,all-arms,dynamic,Omega_hat_StateLoad,170,1686128377.7807078,0.32829460602656707,0.28272349673629565,0.37734684141294883
cumulative-state-load,gpt-5.6-sol-high,all-arms,dynamic,Omega_hat_StateLoad,171,1854389900.3522778,0.3313466921395139,0.2850274781279441,0.38118007629405093
cumulative-state-load,gpt-5.6-sol-high,all-arms,dynamic,Omega_hat_StateLoad,172,2039442516.8590362,0.33441302637024223,0.28733711903521525,0.38503464079273525
cumulative-state-load,gpt-5.6-sol-high,all-arms,dynamic,Omega_hat_StateLoad,173,2242961838.1669221,0.33749341437867919,0.28965246142027773,0.38890996122846433
cumulative-state-load,gpt-5.6-sol-high,all-arms,dynamic,Omega_hat_StateLoad,174,2466790687.1046495,0.34058765734773383,0.29197354334420167,0.39280545704392228
cumulative-state-load,gpt-5.6-sol-high,all-arms,dynamic,Omega_hat_StateLoad,175,2712955784.8203464,0.34369555201460283,0.29430039893194876,0.39672054103676513
cumulative-state-load,gpt-5.6-sol-high,all-arms,dynamic,Omega_hat_StateLoad,176,2983686102.297143,0.34681689070488775,0.29663305835151221,0.4006546195877102
cumulative-state-load,gpt-5.6-sol-high,all-arms,dynamic,Omega_hat_StateLoad,177,3281433043.1967072,0.34995146136953104,0.29897154780562246,0.4046070928864165
cumulative-state-load,gpt-5.6-sol-high,all-arms,dynamic,Omega_hat_StateLoad,178,3608892640.781837,0.35309904762457706,0.30131588953456145,0.40857735515646021
cumulative-state-load,gpt-5.6-sol-high,all-arms,dynamic,Omega_hat_StateLoad,179,3969029969.9065242,0.35625942879376354,0.30366610182875547,0.41256479488057607
cumulative-state-load,gpt-5.6-sol-high,all-arms,dynamic,Omega_hat_StateLoad,180,4365105995.118597,0.35943237995394101,0.30602219904992467,0.41656879502719013
cumulative-state-load,gpt-5.6-sol-high,all-arms,dynamic,Omega_hat_StateLoad,181,4800707097.9786587,0.36261767198331818,0.30838419165969017,0.42058873327914481
cumulative-state-load,gpt-5.6-sol-high,all-arms,dynamic,Omega_hat_StateLoad,182,5279777550.9587879,0.36581507161252969,0.31075208625463607,0.42462398226539622
cumulative-state-load,gpt-5.6-sol-high,all-arms,dynamic,Omega_hat_StateLoad,183,5806655231.9647808,0.36902434147851276,0.31312588560692406,0.42867390979634196
cumulative-state-load,gpt-5.6-sol-high,all-arms,dynamic,Omega_hat_StateLoad,184,6386110902.8696117,0.37224524018118738,0.31550558870964995,0.43273787910334022
cumulative-state-load,gpt-5.6-sol-high,all-arms,dynamic,Omega_hat_StateLoad,185,7023391407.7158833,0.37547752234291792,0.31789119082621409,0.43681524908286645
cumulative-state-load,gpt-5.6-sol-high,all-arms,dynamic,Omega_hat_StateLoad,186,7724267181.7384024,0.37872093867074552,0.32028268354305828,0.44090537454567236
cumulative-state-load,gpt-5.6-sol-high,all-arms,dynamic,Omega_hat_StateLoad,187,8495084501.389677,0.38197523602136263,0.32268005482518786,0.4450076064712129
cumulative-state-load,gpt-5.6-sol-high,all-arms,dynamic,Omega_hat_StateLoad,188,9342822948.4818935,0.38524015746881191,0.32508328907396772,0.44912129226754005
cumulative-state-load,gpt-5.6-sol-high,all-arms,dynamic,Omega_hat_StateLoad,189,10275158608.769714,0.38851544237487823,0.32749236718674135,0.45324577603677063
cumulative-state-load,gpt-5.6-sol-high,all-arms,dynamic,Omega_hat_StateLoad,190,11300533577.223497,0.39180082646214304,0.32990726661786623,0.45738039884618242
cumulative-state-load,gpt-5.6-sol-high,all-arms,dynamic,Omega_hat_StateLoad,191,12428232399.348488,0.39509604188967029,0.33232796144082549,0.4615244990049211
cumulative-state-load,gpt-5.6-sol-high,all-arms,dynamic,Omega_hat_StateLoad,192,13668466140.708134,0.39840081733128319,0.33475442241110004,0.46567741234624477
cumulative-state-load,gpt-5.6-sol-high,all-arms,dynamic,Omega_hat_StateLoad,193,15032464845.884159,0.40171487805639539,0.33718661702954172,0.46983847251518446
cumulative-state-load,gpt-5.6-sol-high,all-arms,dynamic,Omega_hat_StateLoad,194,16532579224.067705,0.40503794601334969,0.33962450960601498,0.47400701126144135
cumulative-state-load,gpt-5.6-sol-high,all-arms,dynamic,Omega_hat_StateLoad,195,18182392482.02264,0.40836973991522124,0.34206806132310819,0.47818235873731374
cumulative-state-load,gpt-5.6-sol-high,all-arms,dynamic,Omega_hat_StateLoad,196,19996843317.044987,0.41170997532803488,0.34451723029974757,0.48236384380039471
cumulative-state-load,gpt-5.6-sol-high,all-arms,dynamic,Omega_hat_StateLoad,197,21992361183.590626,0.41505836476134167,0.34697197165456778,0.48655079432074877
cumulative-state-load,gpt-5.6-sol-high,all-arms,dynamic,Omega_hat_StateLoad,198,24187015058.38356,0.41841461776110606,0.34943223756892139,0.49074253749225677
cumulative-state-load,gpt-5.6-sol-high,all-arms,dynamic,Omega_hat_StateLoad,199,26600677051.037903,0.42177844100483658,0.35189797734942346,0.49493840014777041
cumulative-state-load,gpt-5.6-sol-high,all-arms,dynamic,Omega_hat_StateLoad,200,29255202341.652668,0.42514953839890518,0.35436913748995036,0.49913770907770916
cumulative-state-load,gpt-5.6-sol-high,all-arms,dynamic,Omega_hat_StateLoad,201,32174627074.676273,0.42852761117799182,0.35684566173302684,0.5033397913517117
cumulative-state-load,gpt-5.6-sol-high,all-arms,dynamic,Omega_hat_StateLoad,202,35385386000.923012,0.43191235800658145,0.35932749113054563,0.50754397464291801
cumulative-state-load,gpt-5.6-sol-high,all-arms,dynamic,Omega_hat_StateLoad,203,38916551838.446526,0.43530347508245165,0.36181456410378238,0.51174958755446698
cumulative-state-load,gpt-5.6-sol-high,all-arms,dynamic,Omega_hat_StateLoad,204,42800098519.625687,0.43870065624207283,0.36430681650267077,0.51595595994776167
cumulative-state-load,gpt-5.6-sol-high,all-arms,dynamic,Omega_hat_StateLoad,205,47071190708.112556,0.44210359306785146,0.36680418166432305,0.52016242327205486
cumulative-state-load,gpt-5.6-sol-high,all-arms,dynamic,Omega_hat_StateLoad,206,51768502207.150764,0.4455119749971353,0.36930659047077613,0.52436831089489344
cumulative-state-load,gpt-5.6-sol-high,all-arms,dynamic,Omega_hat_StateLoad,207,56934566142.383049,0.44892548943290395,0.37181397140596179,0.5285729584329566
cumulative-state-load,gpt-5.6-sol-high,all-arms,dynamic,Omega_hat_StateLoad,208,62616160089.979439,0.45234382185606292,0.37432625061189939,0.5327757040828196
cumulative-state-load,gpt-5.6-sol-high,all-arms,dynamic,Omega_hat_StateLoad,209,68864729637.330414,0.45576665593925686,0.37684335194411278,0.53697588895116666
cumulative-state-load,gpt-5.6-sol-high,all-arms,dynamic,Omega_hat_StateLoad,210,75736854211.562225,0.45919367366211628,0.37936519702628568,0.54117285738398446
cumulative-state-load,gpt-5.6-sol-high,all-arms,dynamic,Omega_hat_StateLoad,211,83294759393.842606,0.46262455542785164,0.38189170530416178,0.54536595729426152
cumulative-state-load,gpt-5.6-sol-high,all-arms,dynamic,Omega_hat_StateLoad,212,91606880358.372696,0.46605898018110292,0.38442279409870794,0.54955454048772345
cumulative-state-load,gpt-5.6-sol-high,all-arms,dynamic,Omega_hat_StateLoad,213,100748481537.88652,0.46949662552695592,0.38695837865855781,0.55373796298614264
cumulative-state-load,gpt-5.6-sol-high,all-arms,dynamic,Omega_hat_StateLoad,214,110802338126.58263,0.47293716785103018,0.38949837221175393,0.55791558534775676
cumulative-state-load,gpt-5.6-sol-high,all-arms,dynamic,Omega_hat_StateLoad,215,121859485591.36063,0.47638028244054725,0.39204268601680886,0.56208677298435072
cumulative-state-load,gpt-5.6-sol-high,all-arms,dynamic,Omega_hat_StateLoad,216,134020043978.01147,0.47982564360628155,0.39459122941310931,0.56625089647454951
cumulative-state-load,gpt-5.6-sol-high,all-arms,dynamic,Omega_hat_StateLoad,217,147394124476.27658,0.4832729248052956,0.39714390987068104,0.57040733187289194
cumulative-state-load,gpt-5.6-sol-high,all-arms,dynamic,Omega_hat_StateLoad,218,162102826452.53143,0.48672179876436727,0.39970063303934317,0.57455546101425914
cumulative-state-load,gpt-5.6-sol-high,all-arms,dynamic,Omega_hat_StateLoad,219,178279333977.98898,0.49017193760400335,0.40226130279727002,0.57869467181324052
cumulative-state-load,gpt-5.6-sol-high,all-arms,dynamic,Omega_hat_StateLoad,220,196070121781.26645,0.49362301296294614,0.40482582129898742,0.58282435855804282
cumulative-state-load,gpt-5.6-sol-high,all-arms,dynamic,Omega_hat_StateLoad,221,215636281544.93341,0.49707469612306715,0.40739408902282231,0.58694392219854574
cumulative-state-load,gpt-5.6-sol-high,all-arms,dynamic,Omega_hat_StateLoad,222,237154980555.37146,0.50052665813455055,0.40996600481783191,0.5910527706281361
cumulative-state-load,gpt-5.6-sol-high,all-arms,dynamic,Omega_hat_StateLoad,223,260821065913.71228,0.50397856994126622,0.41254146595023355,0.59515031895895987
cumulative-state-load,gpt-5.6-sol-high,all-arms,dynamic,Omega_hat_StateLoad,224,286848828833.60516,0.50743010250622522,0.41512036814935421,0.59923598979024462
cumulative-state-load,gpt-5.6-sol-high,all-arms,dynamic,Omega_hat_StateLoad,225,315473945001.17883,0.51088092693702336,0.41770260565312467,0.60330921346937105
cumulative-state-load,gpt-5.6-sol-high,all-arms,dynamic,Omega_hat_StateLoad,226,346955608566.69196,0.51433071461116453,0.42028807125313383,0.60736942834537433
cumulative-state-load,gpt-5.6-sol-high,all-arms,dynamic,Omega_hat_StateLoad,227,381578879090.73993,0.51777913730116909,0.42287665633926863,0.61141608101458966
cumulative-state-load,gpt-5.6-sol-high,all-arms,dynamic,Omega_hat_StateLoad,228,419657262696.06763,0.52122586729935838,0.4254682509439498,0.61544862655815769
cumulative-state-load,gpt-5.6-sol-high,all-arms,dynamic,Omega_hat_StateLoad,229,461535550796.76123,0.52467057754222168,0.42806274378598858,0.61946652877113573
cumulative-state-load,gpt-5.6-sol-high,all-arms,dynamic,Omega_hat_StateLoad,230,507592942108.91516,0.52811294173426271,0.4306600223140773,0.62346926038297501
cumulative-state-load,gpt-5.6-sol-high,all-arms,dynamic,Omega_hat_StateLoad,231,558246476211.84119,0.53155263447122336,0.43325997274992822,0.62745630326913626
cumulative-state-load,gpt-5.6-sol-high,all-arms,dynamic,Omega_hat_StateLoad,232,613954809750.03162,0.53498933136259352,0.4358624801310812,0.63142714865364902
cumulative-state-load,gpt-5.6-sol-high,all-arms,dynamic,Omega_hat_StateLoad,233,675222369468.49878,0.53842270915330026,0.43846742835338487,0.63538129730242143
cumulative-state-load,gpt-5.6-sol-high,all-arms,dynamic,Omega_hat_StateLoad,234,742603919686.33508,0.54185244584448744,0.44107470021317313,0.63931825970714062
cumulative-state-load,gpt-5.6-sol-high,all-arms,dynamic,Omega_hat_StateLoad,235,816709585565.99792,0.54527822081328747,0.44368417744914412,0.64323755625961632
cumulative-state-load,gpt-5.6-sol-high,all-arms,dynamic,Omega_hat_StateLoad,236,898210377662.86572,0.5486997149314905,0.44629574078395112,0.6471387174164378
cumulative-state-load,gpt-5.6-sol-high,all-arms,dynamic,Omega_hat_StateLoad,237,987844267778.66956,0.55211661068302087,0.44890926996551983,0.6510212838538354
cumulative-state-load,gpt-5.6-sol-high,all-arms,dynamic,Omega_hat_StateLoad,238,1086422871134.3737,0.55552859228012963,0.45152464380809898,0.65488480661266157
cumulative-state-load,gpt-5.6-sol-high,all-arms,dynamic,Omega_hat_StateLoad,239,1194838795368.0005,0.55893534577821202,0.45414174023304915,0.65872884723341096
cumulative-state-load,gpt-5.6-sol-off,all-arms,dynamic,Omega_hat_StateLoad,0,160.00000000000003,0.46445473602719123,0.3884606641139749,0.54213601444264914
cumulative-state-load,gpt-5.6-sol-off,all-arms,dynamic,Omega_hat_StateLoad,1,175.96666301701521,0.46685768057429711,0.39136553542787766,0.5438986739716335
cumulative-state-load,gpt-5.6-sol-off,all-arms,dynamic,Omega_hat_StateLoad,2,193.52666558339874,0.46926216380998631,0.39427698083093754,0.54566142129464512
cumulative-state-load,gpt-5.6-sol-off,all-arms,dynamic,Omega_hat_StateLoad,3,212.83900967200321,0.47166807498265773,0.39719477549864141,0.54742424054977801
cumulative-state-load,gpt-5.6-sol-off,all-arms,dynamic,Omega_hat_StateLoad,4,234.07856432392887,0.4740753030758813,0.40011869175529075,0.54918711668031928
cumulative-state-load,gpt-5.6-sol-off,all-arms,dynamic,Omega_hat_StateLoad,5,257.43764904934704,0.47648373682877831,0.40304849909997881,0.55095003546390287
cumulative-state-load,gpt-5.6-sol-off,all-arms,dynamic,Omega_hat_StateLoad,6,283.127775238494,0.47889326475649718,0.40598396423286637,0.55271298354261034
cumulative-state-load,gpt-5.6-sol-off,all-arms,dynamic,Omega_hat_StateLoad,7,311.38156135093317,0.48130377517077866,0.40892485108169596,0.55447594845404913
cumulative-state-load,gpt-5.6-sol-off,all-arms,dynamic,Omega_hat_StateLoad,8,342.45483922469833,0.48371515620059952,0.41187092082848475,0.55623891866344655
cumulative-state-load,gpt-5.6-sol-off,all-arms,dynamic,Omega_hat_StateLoad,9,376.62897057749097,0.48612729581289033,0.4148219319363321,0.55800188359678771
cumulative-state-load,gpt-5.6-sol-off,all-arms,dynamic,Omega_hat_StateLoad,10,414.21339467534199,0.48854008183331615,0.41777764017627816,0.5597648336750356
cumulative-state-load,gpt-5.6-sol-off,all-arms,dynamic,Omega_hat_StateLoad,11,455.54843023731104,0.49095340196711323,0.42073779865414734,0.56152776034946572
cumulative-state-load,gpt-5.6-sol-off,all-arms,dynamic,Omega_hat_StateLoad,12,501.00835694686998,0.49336714381997376,0.42370215783730958,0.56329065613814988
cumulative-state-load,gpt-5.6-sol-off,all-arms,dynamic,Omega_hat_StateLoad,13,551.00480447236487,0.49578119491896955,0.42667046558129146,0.56505351466362319
cumulative-state-load,gpt-5.6-sol-off,all-arms,dynamic,Omega_hat_StateLoad,14,605.99047968340631,0.49819544273350702,0.42964246715616855,0.56681633069176951
cumulative-state-load,gpt-5.6-sol-off,all-arms,dynamic,Omega_hat_StateLoad,15,666.46326581230801,0.50060977469630497,0.43261790527266886,0.56857910017195745
cumulative-state-load,gpt-5.6-sol-off,all-arms,dynamic,Omega_hat_StateLoad,16,732.97073067758674,0.50302407822438766,0.43559652010791766,0.57034182027846003
cumulative-state-load,gpt-5.6-sol-off,all-arms,dynamic,Omega_hat_StateLoad,17,806.11508479048871,0.5054382407400827,0.43857804933075512,0.57210448945318959
cumulative-state-load,gpt-5.6-sol-off,all-arms,dynamic,Omega_hat_StateLoad,18,886.55863423912888,0.50785214969201797,0.44156222812655588,0.57386710744977831
cumulative-state-load,gpt-5.6-sol-off,all-arms,dynamic,Omega_hat_StateLoad,19,975.02977772488816,0.51026569257610743,0.44454878922148339,0.57562967537903365
cumulative-state-load,gpt-5.6-sol-off,all-arms,dynamic,Omega_hat_StateLoad,20,1072.3296020529406,0.51267875695651877,0.44753746290611107,0.57739219575579259
cumulative-state-load,gpt-5.6-sol-off,all-arms,dynamic,Omega_hat_StateLoad,21,1179.3391357976243,0.51509123048661376,0.45052797705834574,0.57915467254719999
cumulative-state-load,gpt-5.6-sol-off,all-arms,dynamic,Omega_hat_StateLoad,22,1297.0273268229894,0.51750300092985302,0.45352005716559052,0.58091711122243128
cumulative-state-load,gpt-5.6-sol-off,all-arms,dynamic,Omega_hat_StateLoad,23,1426.459815893257,0.51991395618065783,0.45651342634608694,0.58267951880387481
cumulative-state-load,gpt-5.6-sol-off,all-arms,dynamic,Omega_hat_StateLoad,24,1568.8085858162649,0.52232398428521931,0.45950780536938091,0.58444190391978545
cumulative-state-load,gpt-5.6-sol-off,all-arms,dynamic,Omega_hat_StateLoad,25,1725.3625734908187,0.52473297346224834,0.46250291267586274,0.58620427685841747
cumulative-state-load,gpt-5.6-sol-off,all-arms,dynamic,Omega_hat_StateLoad,26,1897.5393409476799,0.52714081212365682,0.46549846439533316,0.58796664962363343
cumulative-state-load,gpt-5.6-sol-off,all-arms,dynamic,Omega_hat_StateLoad,27,2086.8979110629352,0.5295473888951634,0.46849417436455942,0.58972903599198634
cumulative-state-load,gpt-5.6-sol-off,all-arms,dynamic,Omega_hat_StateLoad,28,2295.1528841682762,0.53195259263681349,0.47148975414378941,0.59149145157125349
cumulative-state-load,gpt-5.6-sol-off,all-arms,dynamic,Omega_hat_StateLoad,29,2524.1899633810608,0.53435631246340876,0.47448491303220153,0.59325391386040316
cumulative-state-load,gpt-5.6-sol-off,all-arms,dynamic,Omega_hat_StateLoad,30,2776.0830292325454,0.53675843776483489,0.47747935808228115,0.59501644231095197
cumulative-state-load,gpt-5.6-sol-off,all-arms,dynamic,Omega_hat_StateLoad,31,3053.1129182013642,0.53915885822628185,0.48047279411312155,0.5967790583896686
cumulative-state-load,gpt-5.6-sol-off,all-arms,dynamic,Omega_hat_StateLoad,32,3357.7880751877183,0.54155746384834824,0.48346492372266719,0.59854178564255911
cumulative-state-load,gpt-5.6-sol-off,all-arms,dynamic,Omega_hat_StateLoad,33,3692.8672669319303,0.54395414496702221,0.48645544729892748,0.60030464976005449
cumulative-state-load,gpt-5.6-sol-off,all-arms,dynamic,Omega_hat_StateLoad,34,4061.3845620423572,0.54634879227353039,0.48944406303020921,0.60206767864330624
cumulative-state-load,gpt-5.6-sol-off,all-arms,dynamic,Omega_hat_StateLoad,35,4466.6768038213477,0.5487412968340486,0.49243046691443787,0.60383090247146987
cumulative-state-load,gpt-5.6-sol-off,all-arms,dynamic,Omega_hat_StateLoad,36,4912.4138246496868,0.5511315501092664,0.49541435276765416,0.60559435376983994
cumulative-state-load,gpt-5.6-sol-off,all-arms,dynamic,Omega_hat_StateLoad,37,5402.6316755141097,0.55351944397379726,0.49839541223180628,0.6073580674786706
cumulative-state-load,gpt-5.6-sol-off,all-arms,dynamic,Omega_hat_StateLoad,38,5941.7691715640249,0.55590487073542916,0.50137333478197754,0.60912208102248822
cumulative-state-load,gpt-5.6-sol-off,all-arms,dynamic,Omega_hat_StateLoad,39,6534.7080846093468,0.55828772315420505,0.50434780773322618,0.61088643437967483
cumulative-state-load,gpt-5.6-sol-off,all-arms,dynamic,Omega_hat_StateLoad,40,7186.8173464938645,0.56066789446133114,0.50731851624724622,0.61265117015206216
cumulative-state-load,gpt-5.6-sol-off,all-arms,dynamic,Omega_hat_StateLoad,41,7904.0016635957854,0.5630452783779003,0.51028514333909714,0.61441633363423931
cumulative-state-load,gpt-5.6-sol-off,all-arms,dynamic,Omega_hat_StateLoad,42,8692.7549826492977,0.56541976913342851,0.51324736988429243,0.61618197288223908
cumulative-state-load,gpt-5.6-sol-off,all-arms,dynamic,Omega_hat_StateLoad,43,9560.219292008298,0.56779126148419512,0.51620487462658149,0.61794813878121491
cumulative-state-load,gpt-5.6-sol-off,all-arms,dynamic,Omega_hat_StateLoad,44,10514.249290784941,0.57015965073138153,0.51915733418681598,0.61971488511167605
cumulative-state-load,gpt-5.6-sol-off,all-arms,dynamic,Omega_hat_StateLoad,45,11563.483511427785,0.5725248327390009,0.52210442307333704,0.62148226861378963
cumulative-state-load,gpt-5.6-sol-off,all-arms,dynamic,Omega_hat_StateLoad,46,12717.422539738909,0.57488670395161379,0.52504581369439096,0.62325034904920185
cumulative-state-load,gpt-5.6-sol-off,all-arms,dynamic,Omega_hat_StateLoad,47,13986.515040595194,0.57724516141182203,0.52798117637313957,0.6250191892597613
cumulative-state-load,gpt-5.6-sol-off,all-arms,dynamic,Omega_hat_StateLoad,48,15382.25236831769,0.5796001027775366,0.5309101793659029,0.62678885522246186
cumulative-state-load,gpt-5.6-sol-off,all-arms,dynamic,Omega_hat_StateLoad,49,16917.272618365252,0.58195142633901242,0.53383248888434998,0.62855941609984345
cumulative-state-load,gpt-5.6-sol-off,all-arms,dynamic,Omega_hat_StateLoad,50,18605.475062517842,0.58429903103564507,0.53674776912243383,0.63033094428501268
cumulative-state-load,gpt-5.6-sol-off,all-arms,dynamic,Omega_hat_StateLoad,51,20462.146003734739,0.58664281647252237,0.53965568228895122,0.63210351544035293
cumulative-state-load,gpt-5.6-sol-off,all-arms,dynamic,Omega_hat_StateLoad,52,22504.097190275977,0.58898268293672817,0.5425558886467019,0.63387720852891127
cumulative-state-load,gpt-5.6-sol-off,all-arms,dynamic,Omega_hat_StateLoad,53,24749.818042396582,0.59131853141339064,0.54544804655931967,0.63565210583734433
cumulative-state-load,gpt-5.6-sol-off,all-arms,dynamic,Omega_hat_StateLoad,54,27219.643069992744,0.593650263601471,0.54833181254694263,0.637428292989215
cumulative-state-load,gpt-5.6-sol-off,all-arms,dynamic,Omega_hat_StateLoad,55,29935.935997130266,0.5959777819292873,0.55120684135200237,0.63920585894731796
cumulative-state-load,gpt-5.6-sol-off,all-arms,dynamic,Omega_hat_StateLoad,56,32923.292260662238,0.59830098956976985,0.55407278601651266,0.64098489600361463
cumulative-state-load,gpt-5.6-sol-off,all-arms,dynamic,Omega_hat_StateLoad,57,36208.761716516623,0.60061979045544145,0.5569292979723528,0.64276549975524333
cumulative-state-load,gpt-5.6-sol-off,all-arms,dynamic,Omega_hat_StateLoad,58,39822.09357021052,0.60293408929311987,0.55977602714614594,0.6445477690649648
cumulative-state-load,gpt-5.6-sol-off,all-arms,dynamic,Omega_hat_StateLoad,59,43796.005749383039,0.60524379157833774,0.5626126220804456,0.64633180600429407
cumulative-state-load,gpt-5.6-sol-off,all-arms,dynamic,Omega_hat_StateLoad,60,48166.481157455812,0.60754880360947616,0.56543873007304501,0.64811771577746768
cumulative-state-load,gpt-5.6-sol-off,all-arms,dynamic,Omega_hat_StateLoad,61,52973.093490934014,0.60984903250160649,0.56825399733632642,0.64990560662429342
cumulative-state-load,gpt-5.6-sol-off,all-arms,dynamic,Omega_hat_StateLoad,62,58259.365570550195,0.61214438620003875,0.57105806917865654,0.65169558969984231
cumulative-state-load,gpt-5.6-sol-off,all-arms,dynamic,Omega_hat_StateLoad,63,64073.163430863169,0.61443477349357245,0.57385059020991336,0.65348777892886667
cumulative-state-load,gpt-5.6-sol-off,all-arms,dynamic,Omega_hat_StateLoad,64,70467.12973670529,0.61672010402744504,0.5766312045732962,0.65528229083275957
cumulative-state-load,gpt-5.6-sol-off,all-arms,dynamic,Omega_hat_StateLoad,65,77499.160450969473,0.61900028831597709,0.57939955620560735,0.65707924432683518
cumulative-state-load,gpt-5.6-sol-off,all-arms,dynamic,Omega_hat_StateLoad,66,85232.929069858175,0.62127523775490956,0.58215528912822034,0.65887876048568972
cumulative-state-load,gpt-5.6-sol-off,all-arms,dynamic,Omega_hat_StateLoad,67,93738.463172430624,0.62354486463343051,0.58489804777093279,0.66068096227441409
cumulative-state-load,gpt-5.6-sol-off,all-arms,dynamic,Omega_hat_StateLoad,68,103092.77850497498,0.62580908214588971,0.58762747733085896,0.66248597424347655
cumulative-state-load,gpt-5.6-sol-off,all-arms,dynamic,Omega_hat_StateLoad,69,113380.57634170455,0.62806780440319654,0.59034322416842699,0.66429392218518724
cumulative-state-load,gpt-5.6-sol-off,all-arms,dynamic,Omega_hat_StateLoad,70,124695.01043622312,0.63032094644390246,0.59304493624241306,0.66610493274978633
cumulative-state-load,gpt-5.6-sol-off,all-arms,dynamic,Omega_hat_StateLoad,71,137138.53050833763,0.63256842424496063,0.59573226358575293,0.66791913301939199
cumulative-state-load,gpt-5.6-sol-off,all-arms,dynamic,Omega_hat_StateLoad,72,150823.80990380823,0.63481015473216684,0.59840485882362837,0.66973665003829308
cumulative-state-load,gpt-5.6-sol-off,all-arms,dynamic,Omega_hat_StateLoad,73,165874.76582678623,0.63704605579027485,0.60106237773500726,0.67155761029838179
cumulative-state-load,gpt-5.6-sol-off,all-arms,dynamic,Omega_hat_StateLoad,74,182427.68138292758,0.639276046272788,0.60370447985843589,0.67338213917891443
cumulative-state-load,gpt-5.6-sol-off,all-arms,dynamic,Omega_hat_StateLoad,75,200632.43959303154,0.64150004601142352,0.60633082914242709,0.6752103603402374
cumulative-state-load,gpt-5.6-sol-off,all-arms,dynamic,Omega_hat_StateLoad,76,220653.88055092908,0.64371797582524981,0.60894109464024582,0.67704239507165831
cumulative-state-load,gpt-5.6-sol-off,all-arms,dynamic,Omega_hat_StateLoad,77,242673.29401438741,0.64592975752949477,0.61153495124829127,0.67887836159425297
cumulative-state-load,gpt-5.6-sol-off,all-arms,dynamic,Omega_hat_StateLoad,78,266890.06094411737,0.64813531394402535,0.61411208048657817,0.68071837432008953
cumulative-state-load,gpt-5.6-sol-off,all-arms,dynamic,Omega_hat_StateLoad,79,293523.45885465108,0.65033456890149521,0.61667217131906094,0.6825625430701141
cumulative-state-load,gpt-5.6-sol-off,all-arms,dynamic,Omega_hat_StateLoad,80,322814.64732415706,0.65252744725516365,0.61921492101071496,0.68441097225377401
cumulative-state-load,gpt-5.6-sol-off,all-arms,dynamic,Omega_hat_StateLoad,81,355028.85164154111,0.654713874886382,0.62174003601740535,0.68626376001433986
cumulative-state-load,gpt-5.6-sol-off,all-arms,dynamic,Omega_hat_StateLoad,82,390457.76436328108,0.65689377871175014,0.62424723290363815,0.68812099734482168
cumulative-state-load,gpt-5.6-sol-off,all-arms,dynamic,Omega_hat_StateLoad,83,429422.18652556546,0.65906708668994052,0.62673623928234168,0.68998276718032658
cumulative-state-load,gpt-5.6-sol-off,all-arms,dynamic,Omega_hat_StateLoad,84,472274.9324273378,0.66123372782819234,0.62920679476985397,0.69184914347367588
cumulative-state-load,gpt-5.6-sol-off,all-arms,dynamic,Omega_hat_StateLoad,85,519404.02428640635,0.66339363218847369,0.63165865194835569,0.69372019026203879
cumulative-state-load,gpt-5.6-sol-off,all-arms,dynamic,Omega_hat_StateLoad,86,571236.20569554798,0.66554673089331529,0.63409157732708221,0.69559596073324836
cumulative-state-load,gpt-5.6-sol-off,all-arms,dynamic,Omega_hat_StateLoad,87,628240.8056921683,0.6676929561313133,0.6365053522928259,0.69747649630128317
cumulative-state-load,gpt-5.6-sol-off,all-arms,dynamic,Omega_hat_StateLoad,88,690933.98842982296,0.66983224116230367,0.63889977403951981,0.69936182570112748
cumulative-state-load,gpt-5.6-sol-off,all-arms,dynamic,Omega_hat_StateLoad,89,759883.4269314562,0.67196452032220955,0.64127465646611181,0.7012519641138022
cumulative-state-load,gpt-5.6-sol-off,all-arms,dynamic,Omega_hat_StateLoad,90,835713.44324413931,0.67408972902756126,0.64362983103152149,0.70314691233277393
cumulative-state-load,gpt-5.6-sol-off,all-arms,dynamic,Omega_hat_StateLoad,91,919110.66153831861,0.67620780377969147,0.64596514755525791,0.70504665598317007
cumulative-state-load,gpt-5.6-sol-off,all-arms,dynamic,Omega_hat_StateLoad,92,1010830.2253391206,0.67831868216860636,0.64828047495228081,0.70695116480522258
cumulative-state-load,gpt-5.6-sol-off,all-arms,dynamic,Omega_hat_StateLoad,93,1111702.6351853916,0.68042230287653471,0.65057570189093217,0.70886039201311901
cumulative-state-load,gpt-5.6-sol-off,all-arms,dynamic,Omega_hat_StateLoad,94,1222641.26862997,0.68251860568115585,0.65285073736327204,0.71077427373993385
cumulative-state-load,gpt-5.6-sol-off,all-arms,dynamic,Omega_hat_StateLoad,95,1344650.6506731622,0.68460753145851028,0.65510551115791016,0.71269272857855981
cumulative-state-load,gpt-5.6-sol-off,all-arms,dynamic,Omega_hat_StateLoad,96,1478835.5495163416,0.68668902218559169,0.65733997422644719,0.71461565722752918
cumulative-state-load,gpt-5.6-sol-off,all-arms,dynamic,Omega_hat_StateLoad,97,1626410.9799957795,0.68876302094262631,0.65955409893590355,0.71654294224936599
cumulative-state-load,gpt-5.6-sol-off,all-arms,dynamic,Omega_hat_StateLoad,98,1788713.2052755679,0.69082947191503896,0.6617478792009952,0.71847444794761439
cumulative-state-load,gpt-5.6-sol-off,all-arms,dynamic,Omega_hat_StateLoad,99,1967211.8364175649,0.69288832039510939,0.66392133049178803,0.7204100203670275
cumulative-state-load,gpt-5.6-sol-off,all-arms,dynamic,Omega_hat_StateLoad,100,2163523.1393873338,0.69493951278332222,0.66607448971409045,0.72234948741957195
cumulative-state-load,gpt-5.6-sol-off,all-arms,dynamic,Omega_hat_StateLoad,101,2379424.6699880371,0.6969829965894101,0.66820741496185687,0.72429265913698615
cumulative-state-load,gpt-5.6-sol-off,all-arms,dynamic,Omega_hat_StateLoad,102,2616871.3692384856,0.69901872043309743,0.6703201851428584,0.72623932804865787
cumulative-state-load,gpt-5.6-sol-off,all-arms,dynamic,Omega_hat_StateLoad,103,2878013.2649353999,0.7010466340445437,0.67241289948083205,0.72818926968161957
cumulative-state-load,gpt-5.6-sol-off,all-arms,dynamic,Omega_hat_StateLoad,104,3165214.9396836711,0.70306668826449092,0.67448567689923766,0.73014224317755472
cumulative-state-load,gpt-5.6-sol-off,all-arms,dynamic,Omega_hat_StateLoad,105,3481076.9416733594,0.70507883504411861,0.67653865529353396,0.73209799201992043
cumulative-state-load,gpt-5.6-sol-off,all-arms,dynamic,Omega_hat_StateLoad,106,3828459.3320733635,0.70708302744460838,0.67857199070051799,0.73405624486266019
cumulative-state-load,gpt-5.6-sol-off,all-arms,dynamic,Omega_hat_StateLoad,107,4210507.5822581314,0.70907921963642317,0.68058585637469193,0.73601671645056466
cumulative-state-load,gpt-5.6-sol-off,all-arms,dynamic,Omega_hat_StateLoad,108,4630681.0553612765,0.71106736689830241,0.68258044178280375,0.73797910862015115
cumulative-state-load,gpt-5.6-sol-off,all-arms,dynamic,Omega_hat_StateLoad,109,5092784.3300502151,0.71304742561597867,0.68455595152862625,0.7399431113690248
cumulative-state-load,gpt-5.6-sol-off,all-arms,dynamic,Omega_hat_StateLoad,110,5601001.6501517491,0.71501935328061761,0.68651260422066751,0.74190840398104241
cumulative-state-load,gpt-5.6-sol-off,all-arms,dynamic,Omega_hat_StateLoad,111,6159934.8120624963,0.71698310848698688,0.6884506312958657,0.74387465619425575
cumulative-state-load,gpt-5.6-sol-off,all-arms,dynamic,Omega_hat_StateLoad,112,6774644.8330061408,0.71893865093135534,0.6903702758123843,0.7458415293985361
cumulative-state-load,gpt-5.6-sol-off,all-arms,dynamic,Omega_hat_StateLoad,113,7450697.7774347207,0.72088594140912876,0.69227179122443439,0.74780867784998062
cumulative-state-load,gpt-5.6-sol-off,all-arms,dynamic,Omega_hat_StateLoad,114,8194215.1565217515,0.72282494181222423,0.69415544015160913,0.74977574988963802
cumulative-state-load,gpt-5.6-sol-off,all-arms,dynamic,Omega_hat_StateLoad,115,9011929.3571036384,0.72475561512618847,0.69602149315456863,0.75174238915474156
cumulative-state-load,gpt-5.6-sol-off,all-arms,dynamic,Omega_hat_StateLoad,116,9911244.6019662432,0.72667792542706378,0.69787022752807015,0.75370823577147528
cumulative-state-load,gpt-5.6-sol-off,all-arms,dynamic,Omega_hat_StateLoad,117,10900303.993458785,0.72859183787800441,0.69970192612137183,0.75567292751927961
cumulative-state-load,gpt-5.6-sol-off,all-arms,dynamic,Omega_hat_StateLoad,118,11988063.247499926,0.73049731872565071,0.70151687619493608,0.75763610095778489
cumulative-state-load,gpt-5.6-sol-off,all-arms,dynamic,Omega_hat_StateLoad,119,13184371.785621783,0.73239433529626108,0.70331536832121022,0.75959739250863278
cumulative-state-load,gpt-5.6-sol-off,all-arms,dynamic,Omega_hat_StateLoad,120,14500061.919322165,0.73428285599161014,0.7050976953360546,0.76155643948563179
cumulative-state-load,gpt-5.6-sol-off,all-arms,dynamic,Omega_hat_StateLoad,121,15947046.934270119,0.73616285028465545,0.70686415134619562,0.76351288106790671
cumulative-state-load,gpt-5.6-sol-off,all-arms,dynamic,Omega_hat_StateLoad,122,17538428.96249523,0.73803428871497623,0.70861503079689281,0.76546635921187034
cumulative-state-load,gpt-5.6-sol-off,all-arms,dynamic,Omega_hat_StateLoad,123,19288617.619320367,0.73989714288399067,0.71035062760288636,0.76741651949898471
cumulative-state-load,gpt-5.6-sol-off,all-arms,dynamic,Omega_hat_StateLoad,124,21213460.479268815,0.74175138544995611,0.71207123434462327,0.76936301191734102
cumulative-state-load,gpt-5.6-sol-off,all-arms,dynamic,Omega_hat_StateLoad,125,23330386.572376668,0.74359699012275371,0.71377714153077998,0.77130549157606232
cumulative-state-load,gpt-5.6-sol-off,all-arms,dynamic,Omega_hat_StateLoad,126,25658564.200238083,0.74543393165846716,0.71546863692721818,0.77324361935243069
cumulative-state-load,gpt-5.6-sol-off,all-arms,dynamic,Omega_hat_StateLoad,127,28219074.500773419,0.74726218585375515,0.71714600495171399,0.77517706247241547
cumulative-state-load,gpt-5.6-sol-off,all-arms,dynamic,Omega_hat_StateLoad,128,31035102.333310276,0.74908172954002528,0.71880952613312943,0.7771054950259686
cumulative-state-load,gpt-5.6-sol-off,all-arms,dynamic,Omega_hat_StateLoad,129,34132146.212401211,0.75089254057741339,0.72045947663311016,0.77902859841903038
cumulative-state-load,gpt-5.6-sol-off,all-arms,dynamic,Omega_hat_StateLoad,130,37538249.191281863,0.75269459784857218,0.72209612782791566,0.78094606176466552
cumulative-state-load,gpt-5.6-sol-off,all-arms,dynamic,Omega_hat_StateLoad,131,41284252.785568915,0.75448788125227484,0.72371974594760857,0.78285758221613155
cumulative-state-load,gpt-5.6-sol-off,all-arms,dynamic,Omega_hat_StateLoad,132,45404076.236421742,0.75627237169683836,0.7253305917695394,0.78476286524497407
cumulative-state-load,gpt-5.6-sol-off,all-arms,dynamic,Omega_hat_StateLoad,133,49935023.641833104,0.7580480510933697,0.72692892036284795,0.78666162486745106
cumulative-state-load,gpt-5.6-sol-off,all-arms,dynamic,Omega_hat_StateLoad,134,54918121.737057097,0.75981490234884197,0.72851498088057187,0.78855358382272633
cumulative-state-load,gpt-5.6-sol-off,all-arms,dynamic,Omega_hat_StateLoad,135,60398491.382700928,0.76157290935900412,0.73008901639588231,0.79043847370634057
cumulative-state-load,gpt-5.6-sol-off,all-arms,dynamic,Omega_hat_StateLoad,136,66425756.12422397,0.76332205700112743,0.73165126377894907,0.7923160350624836
cumulative-state-load,gpt-5.6-sol-off,all-arms,dynamic,Omega_hat_StateLoad,137,73054491.5222608,0.76506233112659727,0.7332019536109754,0.79418601743855588
cumulative-state-load,gpt-5.6-sol-off,all-arms,dynamic,Omega_hat_StateLoad,138,80344719.322356671,0.76679371855335143,0.73474131013201638,0.79604817940543215
cumulative-state-load,gpt-5.6-sol-off,all-arms,dynamic,Omega_hat_StateLoad,139,88362450.938711315,0.76851620705817059,0.73626955121930027,0.79790228854673462
cumulative-state-load,gpt-5.6-sol-off,all-arms,dynamic,Omega_hat_StateLoad,140,97180285.173060998,0.77022978536882702,0.73778688839290785,0.79974812142029095
cumulative-state-load,gpt-5.6-sol-off,all-arms,dynamic,Omega_hat_StateLoad,141,106878065.58090919,0.77193444315609516,0.73929352684581218,0.80158546349479309
cumulative-state-load,gpt-5.6-sol-off,all-arms,dynamic,Omega_hat_StateLoad,142,117543603.43741412,0.77363017102562825,0.74078966549545422,0.80341410906451827
cumulative-state-load,gpt-5.6-sol-off,all-arms,dynamic,Omega_hat_StateLoad,143,129273472.84923206,0.77531696050970755,0.74227549705419782,0.80523386114478723
cumulative-state-load,gpt-5.6-sol-off,all-arms,dynamic,Omega_hat_StateLoad,144,142173885.21187559,0.77699480405886612,0.74375120811619055,0.80704453135065934
cumulative-state-load,gpt-5.6-sol-off,all-arms,dynamic,Omega_hat_StateLoad,145,156361650.930612,0.77866369503339539,0.74521697925834252,0.80884593976118246
cumulative-state-load,gpt-5.6-sol-off,all-arms,dynamic,Omega_hat_StateLoad,146,171965237.11306983,0.7803236276947344,0.74667298515330949,0.81063791477133229
cumulative-state-load,gpt-5.6-sol-off,all-arms,dynamic,Omega_hat_StateLoad,147,189125930.81072932,0.78197459719675266,0.74811939469254585,0.8124202929336003
cumulative-state-load,gpt-5.6-sol-off,all-arms,dynamic,Omega_hat_StateLoad,148,207999118.34219295,0.78361659957692398,0.74955637111766737,0.81419291879101807
cumulative-state-load,gpt-5.6-sol-off,all-arms,dynamic,Omega_hat_StateLoad,149,228755692.28223091,0.78524963174740192,0.75098407215852248,0.81595564470323889
cumulative-state-load,gpt-5.6-sol-off,all-arms,dynamic,Omega_hat_StateLoad,150,251583598.85657105,0.78687369148599817,0.75240265017653118,0.81770833066714377
cumulative-state-load,gpt-5.6-sol-off,all-arms,dynamic,Omega_hat_StateLoad,151,276689539.75376368,0.78848877742706847,0.75381225231199833,0.81945084413328861
cumulative-state-load,gpt-5.6-sol-off,all-arms,dynamic,Omega_hat_StateLoad,152,304300843.76364738,0.79009488905231262,0.75521302063424245,0.82118305981937145
cumulative-state-load,gpt-5.6-sol-off,all-arms,dynamic,Omega_hat_StateLoad,153,334667525.1896947,0.79169202668148986,0.7566050922935168,0.82290485952176806
cumulative-state-load,gpt-5.6-sol-off,all-arms,dynamic,Omega_hat_StateLoad,154,368064547.67370838,0.79328019146305717,0.75798859967381316,0.82461613192606575
cumulative-state-load,gpt-5.6-sol-off,all-arms,dynamic,Omega_hat_StateLoad,155,404794313.93130994,0.79485938536473177,0.75936367054575382,0.82631677241741419
cumulative-state-load,gpt-5.6-sol-off,all-arms,dynamic,Omega_hat_StateLoad,156,445189403.94221693,0.7964296111639857,0.76073042821887382,0.82800668289140444
cumulative-state-load,gpt-5.6-sol-off,all-arms,dynamic,Omega_hat_StateLoad,157,489615586.38903737,0.79799087243847278,0.76208899169269573,0.82968577156610634
cumulative-state-load,gpt-5.6-sol-off,all-arms,dynamic,Omega_hat_StateLoad,158,538475130.61248791,0.79954317355639448,0.76343947580607296,0.83135395279579682
cumulative-state-load,gpt-5.6-sol-off,all-arms,dynamic,Omega_hat_StateLoad,159,592210449.07206702,0.80108651966681033,0.76478199138436642,0.83301114688684308
cumulative-state-load,gpt-5.6-sol-off,all-arms,dynamic,Omega_hat_StateLoad,160,651308103.29387307,0.80262091668989188,0.76611664538407453,0.83465727991613126
cumulative-state-load,gpt-5.6-sol-off,all-arms,dynamic,Omega_hat_StateLoad,161,716303209.57852709,0.80414637130713018,0.76744354103461276,0.83629228355237062
cumulative-state-load,gpt-5.6-sol-off,all-arms,dynamic,Omega_hat_StateLoad,162,787784284.36194468,0.8056628909514969,0.76876277797698356,0.83791609488054763
cumulative-state-load,gpt-5.6-sol-off,all-arms,dynamic,Omega_hat_StateLoad,163,866398573.10261786,0.80717048379756429,0.77007445239912997,0.83952865622975137
cumulative-state-load,gpt-5.6-sol-off,all-arms,dynamic,Omega_hat_StateLoad,164,952857910.94732022,0.80866915875158807,0.77137865716781484,0.84112991500455081
cumulative-state-load,gpt-5.6-sol-off,all-arms,dynamic,Omega_hat_StateLoad,165,1047945168.2422739,0.81015892544155677,0.77267548195689917,0.84271982352006369
cumulative-state-load,gpt-5.6-sol-off,all-arms,dynamic,Omega_hat_StateLoad,166,1152521339.252485,0.81163979420721111,0.77396501337193335,0.84429833884082117
cumulative-state-load,gpt-5.6-sol-off,all-arms,dynamic,Omega_hat_StateLoad,167,1267533338.2760072,0.81311177609003837,0.77524733507100085,0.84586542262350217
cumulative-state-load,gpt-5.6-sol-off,all-arms,dynamic,Omega_hat_StateLoad,168,1394022573.7452912,0.81457488282324297,0.77652252788178289,0.84742104096358761
cumulative-state-load,gpt-5.6-sol-off,all-arms,dynamic,Omega_hat_StateLoad,169,1533134377.9521875,0.81602912682169959,0.77779066991483459,0.84896516424595536
cumulative-state-load,gpt-5.6-sol-off,all-arms,dynamic,Omega_hat_StateLoad,170,1686128377.7807078,0.81747452117189079,0.77905183667308209,0.85049776699942392
cumulative-state-load,gpt-5.6-sol-off,all-arms,dynamic,Omega_hat_StateLoad,171,1854389900.3522778,0.81891107962183307,0.78030610115756827,0.85201882775522775
cumulative-state-load,gpt-5.6-sol-off,all-arms,dynamic,Omega_hat_StateLoad,172,2039442516.8590362,0.82033881657099406,0.78155353396948657,0.85352832890939989
cumulative-state-load,gpt-5.6-sol-off,all-arms,dynamic,Omega_hat_StateLoad,173,2242961838.1669221,0.82175774706020721,0.78279420340855965,0.85502625658902054
cumulative-state-load,gpt-5.6-sol-off,all-arms,dynamic,Omega_hat_StateLoad,174,2466790687.1046495,0.82316788676158081,0.78402817556782189,0.85651260052227696
cumulative-state-load,gpt-5.6-sol-off,all-arms,dynamic,Omega_hat_StateLoad,175,2712955784.8203464,0.82456925196841413,0.78525551442488195,0.85798735391228242
cumulative-state-load,gpt-5.6-sol-off,all-arms,dynamic,Omega_hat_StateLoad,176,2983686102.297143,0.82596185958511292,0.78647628192973995,0.85945051331457678
cumulative-state-load,gpt-5.6-sol-off,all-arms,dynamic,Omega_hat_StateLoad,177,3281433043.1967072,0.82734572711711785,0.78769053808924849,0.86090207851824596
cumulative-state-load,gpt-5.6-sol-off,all-arms,dynamic,Omega_hat_StateLoad,178,3608892640.781837,0.82872087266084105,0.78889834104829959,0.86234205243057482
cumulative-state-load,gpt-5.6-sol-off,all-arms,dynamic,Omega_hat_StateLoad,179,3969029969.9065242,0.83008731489361709,0.79009974716783316,0.86377044096515543
cumulative-state-load,gpt-5.6-sol-off,all-arms,dynamic,Omega_hat_StateLoad,180,4365105995.118597,0.83144507306367321,0.79129481109976163,0.86518725293336696
cumulative-state-load,gpt-5.6-sol-off,all-arms,dynamic,Omega_hat_StateLoad,181,4800707097.9786587,0.8327941669801161,0.79248358585890044,0.86659249993913934
cumulative-state-load,gpt-5.6-sol-off,all-arms,dynamic,Omega_hat_StateLoad,182,5279777550.9587879,0.83413461700294433,0.79366612289200711,0.86798619627691642
cumulative-state-load,gpt-5.6-sol-off,all-arms,dynamic,Omega_hat_StateLoad,183,5806655231.9647808,0.83546644403308434,0.79484247214401826,0.86936835883272623
cumulative-state-load,gpt-5.6-sol-off,all-arms,dynamic,Omega_hat_StateLoad,184,6386110902.8696117,0.83678966950245615,0.79601268212158671,0.87073900698827811
cumulative-state-load,gpt-5.6-sol-off,all-arms,dynamic,Omega_hat_StateLoad,185,7023391407.7158833,0.83810431536406793,0.79717679995400637,0.87209816252799033
cumulative-state-load,gpt-5.6-sol-off,all-arms,dynamic,Omega_hat_StateLoad,186,7724267181.7384024,0.83941040408214596,0.79833487145162596,0.87344584954886928
cumulative-state-load,gpt-5.6-sol-off,all-arms,dynamic,Omega_hat_StateLoad,187,8495084501.389677,0.84070795862229852,0.79948694116183772,0.87478209437315035
cumulative-state-load,gpt-5.6-sol-off,all-arms,dynamic,Omega_hat_StateLoad,188,9342822948.4818935,0.84199700244171927,0.80063305242273375,0.87610692546361923
cumulative-state-load,gpt-5.6-sol-off,all-arms,dynamic,Omega_hat_StateLoad,189,10275158608.769714,0.84327755947943039,0.80177324741451994,0.87742037334152612
cumulative-state-load,gpt-5.6-sol-off,all-arms,dynamic,Omega_hat_StateLoad,190,11300533577.223497,0.84454965414656891,0.80290756720877154,0.87872247050701968
cumulative-state-load,gpt-5.6-sol-off,all-arms,dynamic,Omega_hat_StateLoad,191,12428232399.348488,0.845813311316718,0.80403605181561533,0.88001325136201436
cumulative-state-load,gpt-5.6-sol-off,all-arms,dynamic,Omega_hat_StateLoad,192,13668466140.708134,0.84706855631628575,0.80515874022892042,0.88129275213541702
cumulative-state-load,gpt-5.6-sol-off,all-arms,dynamic,Omega_hat_StateLoad,193,15032464845.884159,0.8483154149149329,0.80627567046957804,0.88256101081063987
cumulative-state-load,gpt-5.6-sol-off,all-arms,dynamic,Omega_hat_StateLoad,194,16532579224.067705,0.84955391331605157,0.80738687962694344,0.88381806705532306
cumulative-state-load,gpt-5.6-sol-off,all-arms,dynamic,Omega_hat_StateLoad,195,18182392482.02264,0.85078407814729851,0.8084924038985204,0.88506396215319738
cumulative-state-load,gpt-5.6-sol-off,all-arms,dynamic,Omega_hat_StateLoad,196,19996843317.044987,0.85200593645118305,0.80959227862795458,0.88629873893802058
cumulative-state-load,gpt-5.6-sol-off,all-arms,dynamic,Omega_hat_StateLoad,197,21992361183.590626,0.85321951567571053,0.81068653834140925,0.88752244172951733
cumulative-state-load,gpt-5.6-sol-off,all-arms,dynamic,Omega_hat_StateLoad,198,24187015058.38356,0.85442484366508786,0.81177521678238773,0.88873511627126123
cumulative-state-load,gpt-5.6-sol-off,all-arms,dynamic,Omega_hat_StateLoad,199,26600677051.037903,0.8556219486504868,0.81285834694506987,0.88993680967043587
cumulative-state-load,gpt-5.6-sol-off,all-arms,dynamic,Omega_hat_StateLoad,200,29255202341.652668,0.85681085924087086,0.81393596110622046,0.89112757033941292
cumulative-state-load,gpt-5.6-sol-off,all-arms,dynamic,Omega_hat_StateLoad,201,32174627074.676273,0.85799160441388622,0.81500809085573611,0.89230744793909245
cumulative-state-load,gpt-5.6-sol-off,all-arms,dynamic,Omega_hat_StateLoad,202,35385386000.923012,0.85916421350681638,0.81607476712588045,0.89347649332394752
cumulative-state-load,gpt-5.6-sol-off,all-arms,dynamic,Omega_hat_StateLoad,203,38916551838.446526,0.86032871620760698,0.81713602021926901,0.89463475848871876
cumulative-state-load,gpt-5.6-sol-off,all-arms,dynamic,Omega_hat_StateLoad,204,42800098519.625687,0.86148514254595532,0.81819187983565378,0.89578229651670704
cumulative-state-load,gpt-5.6-sol-off,all-arms,dynamic,Omega_hat_StateLoad,205,47071190708.112556,0.86263352288447248,0.81924237509755926,0.89691916152961582
cumulative-state-load,gpt-5.6-sol-off,all-arms,dynamic,Omega_hat_StateLoad,206,51768502207.150764,0.86377388790991472,0.82028753457481862,0.89804540863889082
cumulative-state-load,gpt-5.6-sol-off,all-arms,dynamic,Omega_hat_StateLoad,207,56934566142.383049,0.86490626862448805,0.82132738630805757,0.8991610938985144
cumulative-state-load,gpt-5.6-sol-off,all-arms,dynamic,Omega_hat_StateLoad,208,62616160089.979439,0.86603069633722618,0.82236195783117061,0.90026627425920724
cumulative-state-load,gpt-5.6-sol-off,all-arms,dynamic,Omega_hat_StateLoad,209,68864729637.330414,0.86714720265544298,0.82339127619283004,0.90136100752399428
cumulative-state-load,gpt-5.6-sol-off,all-arms,dynamic,Omega_hat_StateLoad,210,75736854211.562225,0.86825581947626085,0.82441536797707571,0.90244535230509371
cumulative-state-load,gpt-5.6-sol-off,all-arms,dynamic,Omega_hat_StateLoad,211,83294759393.842606,0.86935657897821617,0.82543425932301662,0.90351936798208821
cumulative-state-load,gpt-5.6-sol-off,all-arms,dynamic,Omega_hat_StateLoad,212,91606880358.372696,0.87044951361294209,0.82644797594368913,0.90458311466134089
cumulative-state-load,gpt-5.6-sol-off,all-arms,dynamic,Omega_hat_StateLoad,213,100748481537.88652,0.87153465609693004,0.82745654314410355,0.90563665313661634
cumulative-state-load,gpt-5.6-sol-off,all-arms,dynamic,Omega_hat_StateLoad,214,110802338126.58263,0.87261203940337206,0.82845998583851554,0.90668004485087306
cumulative-state-load,gpt-5.6-sol-off,all-arms,dynamic,Omega_hat_StateLoad,215,121859485591.36063,0.8736816967540818,0.82945832856695756,0.90771335185919055
cumulative-state-load,gpt-5.6-sol-off,all-arms,dynamic,Omega_hat_StateLoad,216,134020043978.01147,0.87474366161149908,0.83045159551105607,0.90873663679280092
cumulative-state-load,gpt-5.6-sol-off,all-arms,dynamic,Omega_hat_StateLoad,217,147394124476.27658,0.87579796767077367,0.83143981050917204,0.90974996282418674
cumulative-state-load,gpt-5.6-sol-off,all-arms,dynamic,Omega_hat_StateLoad,218,162102826452.53143,0.87684464885193503,0.83242299707088896,0.91075339363322239
cumulative-state-load,gpt-5.6-sol-off,all-arms,dynamic,Omega_hat_StateLoad,219,178279333977.98898,0.87788373929214225,0.83340117839087813,0.91174699337432064
cumulative-state-load,gpt-5.6-sol-off,all-arms,dynamic,Omega_hat_StateLoad,220,196070121781.26645,0.87891527333802122,0.83437437736216646,0.91273082664456195
cumulative-state-load,gpt-5.6-sol-off,all-arms,dynamic,Omega_hat_StateLoad,221,215636281544.93341,0.87993928553808387,0.83534261658883435,0.913704958452774
cumulative-state-load,gpt-5.6-sol-off,all-arms,dynamic,Omega_hat_StateLoad,222,237154980555.37146,0.88095581063523321,0.83630591839816526,0.9146694541895376
cumulative-state-load,gpt-5.6-sol-off,all-arms,dynamic,Omega_hat_StateLoad,223,260821065913.71228,0.88196488355935454,0.83726430485227321,0.9156243795980924
cumulative-state-load,gpt-5.6-sol-off,all-arms,dynamic,Omega_hat_StateLoad,224,286848828833.60516,0.88296653941999259,0.83821779775922711,0.91656980074611527
cumulative-state-load,gpt-5.6-sol-off,all-arms,dynamic,Omega_hat_StateLoad,225,315473945001.17883,0.88396081349911393,0.83916641868369646,0.91750578399834937
cumulative-state-load,gpt-5.6-sol-off,all-arms,dynamic,Omega_hat_StateLoad,226,346955608566.69196,0.88494774124395725,0.84011018895713574,0.91843239599006044
cumulative-state-load,gpt-5.6-sol-off,all-arms,dynamic,Omega_hat_StateLoad,227,381578879090.73993,0.88592735825997104,0.84104912968752976,0.91934970360129586
cumulative-state-load,gpt-5.6-sol-off,all-arms,dynamic,Omega_hat_StateLoad,228,419657262696.06763,0.8868997003038368,0.84198326176871585,0.92025777393192598
cumulative-state-load,gpt-5.6-sol-off,all-arms,dynamic,Omega_hat_StateLoad,229,461535550796.76123,0.88786480327658179,0.84291260588930328,0.92115667427744674
cumulative-state-load,gpt-5.6-sol-off,all-arms,dynamic,Omega_hat_StateLoad,230,507592942108.91516,0.8888227032167777,0.84383718254120477,0.92204647210552215
cumulative-state-load,gpt-5.6-sol-off,all-arms,dynamic,Omega_hat_StateLoad,231,558246476211.84119,0.8897734362938301,0.84475701202779718,0.92292723503324692
cumulative-state-load,gpt-5.6-sol-off,all-arms,dynamic,Omega_hat_StateLoad,232,613954809750.03162,0.89071703880135156,0.84567211447172763,0.92379903080511072
cumulative-state-load,gpt-5.6-sol-off,all-arms,dynamic,Omega_hat_StateLoad,233,675222369468.49878,0.89165354715062739,0.84658250982237881,0.9246619272716462
cumulative-state-load,gpt-5.6-sol-off,all-arms,dynamic,Omega_hat_StateLoad,234,742603919686.33508,0.89258299786416639,0.84748821786300765,0.92551599236873827
cumulative-state-load,gpt-5.6-sol-off,all-arms,dynamic,Omega_hat_StateLoad,235,816709585565.99792,0.89350542756934115,0.84838925821757327,0.92636129409758527
cumulative-state-load,gpt-5.6-sol-off,all-arms,dynamic,Omega_hat_StateLoad,236,898210377662.86572,0.89442087299211648,0.84928565035726333,0.92719790050528561
cumulative-state-load,gpt-5.6-sol-off,all-arms,dynamic,Omega_hat_StateLoad,237,987844267778.66956,0.89532937095086629,0.85017741360673449,0.92802587966604178
cumulative-state-load,gpt-5.6-sol-off,all-arms,dynamic,Omega_hat_StateLoad,238,1086422871134.3737,0.89623095835027677,0.85106456715007817,0.9288452996629597
cumulative-state-load,gpt-5.6-sol-off,all-arms,dynamic,Omega_hat_StateLoad,239,1194838795368.0005,0.89712567217534001,0.85194713003652123,0.92965622857043295
cumulative-state-load,qwen3.8-27b-high,all-arms,dynamic,Omega_hat_StateLoad,0,160.00000000000003,0.1554963553517632,0.11551572408423443,0.20609027756723047
cumulative-state-load,qwen3.8-27b-high,all-arms,dynamic,Omega_hat_StateLoad,1,175.96666301701521,0.15790957988102333,0.11768360056753571,0.20863407974925627
cumulative-state-load,qwen3.8-27b-high,all-arms,dynamic,Omega_hat_StateLoad,2,193.52666558339874,0.16035314509434578,0.11988625851911458,0.21120154086655007
cumulative-state-load,qwen3.8-27b-high,all-arms,dynamic,Omega_hat_StateLoad,3,212.83900967200321,0.16282721163612845,0.12212403233500706,0.21379269577293702
cumulative-state-load,qwen3.8-27b-high,all-arms,dynamic,Omega_hat_StateLoad,4,234.07856432392887,0.16533193388755246,0.1243972509015395,0.21640757484684922
cumulative-state-load,qwen3.8-27b-high,all-arms,dynamic,Omega_hat_StateLoad,5,257.43764904934704,0.16786745972947628,0.12670623718485866,0.21904620392066609
cumulative-state-load,qwen3.8-27b-high,all-arms,dynamic,Omega_hat_StateLoad,6,283.127775238494,0.17043393030366305,0.12905130781035976,0.22170860421228344
cumulative-state-load,qwen3.8-27b-high,all-arms,dynamic,Omega_hat_StateLoad,7,311.38156135093317,0.17303147977255795,0.13143277263213538,0.22439479225906928
cumulative-state-load,qwen3.8-27b-high,all-arms,dynamic,Omega_hat_StateLoad,8,342.45483922469833,0.17566023507783937,0.13385093429258704,0.22710477985436744
cumulative-state-load,qwen3.8-27b-high,all-arms,dynamic,Omega_hat_StateLoad,9,376.62897057749097,0.17832031569798226,0.1363060877723706,0.22983857398671395
cumulative-state-load,qwen3.8-27b-high,all-arms,dynamic,Omega_hat_StateLoad,10,414.21339467534199,0.18101183340507984,0.13879851993086642,0.23259617678193498
cumulative-state-load,qwen3.8-27b-high,all-arms,dynamic,Omega_hat_StateLoad,11,455.54843023731104,0.18373489202118065,0.14132850903739416,0.23537758544829682
cumulative-state-load,qwen3.8-27b-high,all-arms,dynamic,Omega_hat_StateLoad,12,501.00835694686998,0.18648958717441011,0.14389632429341712,0.23818279222488462
cumulative-state-load,qwen3.8-27b-high,all-arms,dynamic,Omega_hat_StateLoad,13,551.00480447236487,0.18927600605515332,0.14650222534600812,0.24101178433338666
cumulative-state-load,qwen3.8-27b-high,all-arms,dynamic,Omega_hat_StateLoad,14,605.99047968340631,0.192094227172589,0.14914646179287752,0.24386454393346593
cumulative-state-load,qwen3.8-27b-high,all-arms,dynamic,Omega_hat_StateLoad,15,666.46326581230801,0.19494432011187146,0.15182927267929183,0.24674104808190328
cumulative-state-load,qwen3.8-27b-high,all-arms,dynamic,Omega_hat_StateLoad,16,732.97073067758674,0.19782634529227064,0.15455088598724095,0.2496412686956988
cumulative-state-load,qwen3.8-27b-high,all-arms,dynamic,Omega_hat_StateLoad,17,806.11508479048871,0.20074035372658613,0.15731151811724148,0.25256517251932015
cumulative-state-load,qwen3.8-27b-high,all-arms,dynamic,Omega_hat_StateLoad,18,886.55863423912888,0.20368638678216483,0.16011137336319453,0.25551272109629114
cumulative-state-load,qwen3.8-27b-high,all-arms,dynamic,Omega_hat_StateLoad,19,975.02977772488816,0.20666447594385587,0.16295064338074647,0.25848387074531187
cumulative-state-load,qwen3.8-27b-high,all-arms,dynamic,Omega_hat_StateLoad,20,1072.3296020529406,0.2096746425792502,0.16582950664963286,0.26147857254110796
cumulative-state-load,qwen3.8-27b-high,all-arms,dynamic,Omega_hat_StateLoad,21,1179.3391357976243,0.21271689770655725,0.16874812793051716,0.26449677230020524
cumulative-state-load,qwen3.8-27b-high,all-arms,dynamic,Omega_hat_StateLoad,22,1297.0273268229894,0.21579124176547945,0.17170665771686747,0.26753841057182676
cumulative-state-load,qwen3.8-27b-high,all-arms,dynamic,Omega_hat_StateLoad,23,1426.459815893257,0.21889766439145489,0.17470523168244786,0.27060342263411302
cumulative-state-load,qwen3.8-27b-high,all-arms,dynamic,Omega_hat_StateLoad,24,1568.8085858162649,0.22203614419364257,0.17774397012503093,0.27369173849586209
cumulative-state-load,qwen3.8-27b-high,all-arms,dynamic,Omega_hat_StateLoad,25,1725.3625734908187,0.22520664853703362,0.18082297740697331,0.27680328290399048
cumulative-state-load,qwen3.8-27b-high,all-arms,dynamic,Omega_hat_StateLoad,26,1897.5393409476799,0.2284091333290762,0.18394234139332646,0.27993797535691128
cumulative-state-load,qwen3.8-27b-high,all-arms,dynamic,Omega_hat_StateLoad,27,2086.8979110629352,0.23164354281120786,0.18710213288818844,0.28309573012402683
cumulative-state-load,qwen3.8-27b-high,all-arms,dynamic,Omega_hat_StateLoad,28,2295.1528841682762,0.23490980935569386,0.19030240507003385,0.28627645627152981
cumulative-state-load,qwen3.8-27b-high,all-arms,dynamic,Omega_hat_StateLoad,29,2524.1899633810608,0.23820785326817331,0.19354319292679359,0.28948005769470436
cumulative-state-load,qwen3.8-27b-high,all-arms,dynamic,Omega_hat_StateLoad,30,2776.0830292325454,0.24153758259631866,0.19682451269148488,0.29270643315691486
cumulative-state-load,qwen3.8-27b-high,all-arms,dynamic,Omega_hat_StateLoad,31,3053.1129182013642,0.24489889294501724,0.20014636127922786,0.29595547633546421
cumulative-state-load,qwen3.8-27b-high,all-arms,dynamic,Omega_hat_StateLoad,32,3357.7880751877183,0.24829166729848404,0.20350871572651308,0.2992270758744987
cumulative-state-load,qwen3.8-27b-high,all-arms,dynamic,Omega_hat_StateLoad,33,3692.8672669319303,0.25171577584971633,0.20691153263361933,0.30252111544512811
cumulative-state-load,qwen3.8-27b-high,all-arms,dynamic,Omega_hat_StateLoad,34,4061.3845620423572,0.25517107583770143,0.21035474761110867,0.30583747381292098
cumulative-state-load,qwen3.8-27b-high,all-arms,dynamic,Omega_hat_StateLoad,35,4466.6768038213477,0.25865741139278681,0.21383827473136041,0.30917602491292551
cumulative-state-load,qwen3.8-27b-high,all-arms,dynamic,Omega_hat_StateLoad,36,4912.4138246496868,0.26217461339062076,0.21736200598613445,0.31253663793235142
cumulative-state-load,qwen3.8-27b-high,all-arms,dynamic,Omega_hat_StateLoad,37,5402.6316755141097,0.2657224993150693,0.22092581075118517,0.31591917740103814
cumulative-state-load,qwen3.8-27b-high,all-arms,dynamic,Omega_hat_StateLoad,38,5941.7691715640249,0.26930087313051054,0.2245295352589797,0.31932350328981246
cumulative-state-load,qwen3.8-27b-high,all-arms,dynamic,Omega_hat_StateLoad,39,6534.7080846093468,0.27290952516390243,0.22817300208060246,0.32274947111682384
cumulative-state-load,qwen3.8-27b-high,all-arms,dynamic,Omega_hat_StateLoad,40,7186.8173464938645,0.27654823199701717,0.23185600961796268,0.32619693206192052
cumulative-state-load,qwen3.8-27b-high,all-arms,dynamic,Omega_hat_StateLoad,41,7904.0016635957854,0.2802167563692235,0.23557833160744901,0.32966573308910485
cumulative-state-load,qwen3.8-27b-high,all-arms,dynamic,Omega_hat_StateLoad,42,8692.7549826492977,0.28391484709119563,0.23933971663621184,0.33315571707707725
cumulative-state-load,qwen3.8-27b-high,all-arms,dynamic,Omega_hat_StateLoad,43,9560.219292008298,0.28764223896991448,0.24313988767228412,0.33666672295784283
cumulative-state-load,qwen3.8-27b-high,all-arms,dynamic,Omega_hat_StateLoad,44,10514.249290784941,0.2913986527453189,0.24697854160978758,0.34019858586331952
cumulative-state-load,qwen3.8-27b-high,all-arms,dynamic,Omega_hat_StateLoad,45,11563.483511427785,0.29518379503895348,0.25085534883050686,0.34375113727984019
cumulative-state-load,qwen3.8-27b-high,all-arms,dynamic,Omega_hat_StateLoad,46,12717.422539738909,0.29899735831494445,0.25476995278315318,0.34732420521039503
cumulative-state-load,qwen3.8-27b-high,all-arms,dynamic,Omega_hat_StateLoad,47,13986.515040595194,0.30283902085362696,0.25872196958167842,0.35091761434440355
cumulative-state-load,qwen3.8-27b-high,all-arms,dynamic,Omega_hat_StateLoad,48,15382.25236831769,0.30670844673812675,0.26271098762404771,0.35453118623474494
cumulative-state-load,qwen3.8-27b-high,all-arms,dynamic,Omega_hat_StateLoad,49,16917.272618365252,0.31060528585418767,0.26673656723292166,0.35816473948170319
cumulative-state-load,qwen3.8-27b-high,all-arms,dynamic,Omega_hat_StateLoad,50,18605.475062517842,0.31452917390351798,0.27079824031975713,0.3618180899234088
cumulative-state-load,qwen3.8-27b-high,all-arms,dynamic,Omega_hat_StateLoad,51,20462.146003734739,0.31847973243091138,0.27489551007388857,0.36549105083226868
cumulative-state-load,qwen3.8-27b-high,all-arms,dynamic,Omega_hat_StateLoad,52,22504.097190275977,0.3224565688653786,0.27902785067821689,0.36918343311677926
cumulative-state-load,qwen3.8-27b-high,all-arms,dynamic,Omega_hat_StateLoad,53,24749.818042396582,0.32645927657550766,0.28319470705320471,0.37289504552800945
cumulative-state-load,qwen3.8-27b-high,all-arms,dynamic,Omega_hat_StateLoad,54,27219.643069992744,0.33048743493924776,0.28739549463095138,0.37662569486991992
cumulative-state-load,qwen3.8-27b-high,all-arms,dynamic,Omega_hat_StateLoad,55,29935.935997130266,0.33454060942829211,0.29162959916121156,0.38037518621255068
cumulative-state-load,qwen3.8-27b-high,all-arms,dynamic,Omega_hat_StateLoad,56,32923.292260662238,0.33861835170720961,0.29589637655131379,0.3841433231069642
cumulative-state-load,qwen3.8-27b-high,all-arms,dynamic,Omega_hat_StateLoad,57,36208.761716516623,0.34272019974745455,0.30019515274204533,0.38792990780066666
cumulative-state-load,qwen3.8-27b-high,all-arms,dynamic,Omega_hat_StateLoad,58,39822.09357021052,0.34684567795635729,0.30452522362168638,0.39173474145205589
cumulative-state-load,qwen3.8-27b-high,all-arms,dynamic,Omega_hat_StateLoad,59,43796.005749383039,0.35099429732117365,0.30888585498050636,0.39555762434224839
cumulative-state-load,qwen3.8-27b-high,all-arms,dynamic,Omega_hat_StateLoad,60,48166.481157455812,0.35516555556824508,0.31327628250818024,0.39939835608242902
cumulative-state-load,qwen3.8-27b-high,all-arms,dynamic,Omega_hat_StateLoad,61,52973.093490934014,0.35935893733729618,0.31769571183674022,0.40325673581463911
cumulative-state-load,qwen3.8-27b-high,all-arms,dynamic,Omega_hat_StateLoad,62,58259.365570550195,0.36357391437086478,0.32214331863184376,0.40713256240367163
cumulative-state-load,qwen3.8-27b-high,all-arms,dynamic,Omega_hat_StateLoad,63,64073.163430863169,0.36780994571883896,0.32661824873533379,0.41102563461748226
cumulative-state-load,qwen3.8-27b-high,all-arms,dynamic,Omega_hat_StateLoad,64,70467.12973670529,0.37206647795803871,0.33111961836225395,0.41493575129324456
cumulative-state-load,qwen3.8-27b-high,all-arms,dynamic,Omega_hat_StateLoad,65,77499.160450969473,0.37634294542675889,0.33564651435570098,0.41886271148587939
cumulative-state-load,qwen3.8-27b-high,all-arms,dynamic,Omega_hat_StateLoad,66,85232.929069858175,0.38063877047415529,0.34019799450311394,0.42280631459558493
cumulative-state-load,qwen3.8-27b-high,all-arms,dynamic,Omega_hat_StateLoad,67,93738.463172430624,0.38495336372433026,0.34477308791783334,0.42676636047056871
cumulative-state-load,qwen3.8-27b-high,all-arms,dynamic,Omega_hat_StateLoad,68,103092.77850497498,0.38928612435494192,0.34937079548999711,0.43074264948085472
cumulative-state-load,qwen3.8-27b-high,all-arms,dynamic,Omega_hat_StateLoad,69,113380.57634170455,0.39363644039013418,0.35399009041108215,0.43473498255870735
cumulative-state-load,qwen3.8-27b-high,all-arms,dynamic,Omega_hat_StateLoad,70,124695.01043622312,0.39800368900755351,0.35862991877663114,0.43874316120088452
cumulative-state-load,qwen3.8-27b-high,all-arms,dynamic,Omega_hat_StateLoad,71,137138.53050833763,0.40238723685918837,0.36328920027193001,0.44276698742760584
cumulative-state-load,qwen3.8-27b-high,all-arms,dynamic,Omega_hat_StateLoad,72,150823.80990380823,0.40678644040574136,0.36796682894560595,0.44680626369282611
cumulative-state-load,qwen3.8-27b-high,all-arms,dynamic,Omega_hat_StateLoad,73,165874.76582678623,0.41120064626421032,0.37266167407628981,0.45086079274012186
cumulative-state-load,qwen3.8-27b-high,all-arms,dynamic,Omega_hat_StateLoad,74,182427.68138292758,0.41562919156832989,0.37737258113762479,0.45493037739826792
cumulative-state-load,qwen3.8-27b-high,all-arms,dynamic,Omega_hat_StateLoad,75,200632.43959303154,0.42007140434149565,0.38209837286697934,0.45901482031040214
cumulative-state-load,qwen3.8-27b-high,all-arms,dynamic,Omega_hat_StateLoad,76,220653.88055092908,0.42452660388176516,0.38683785044323654,0.46311392359056264
cumulative-state-load,qwen3.8-27b-high,all-arms,dynamic,Omega_hat_StateLoad,77,242673.29401438741,0.42899410115850217,0.39158979477894762,0.46722748840136585
cumulative-state-load,qwen3.8-27b-high,all-arms,dynamic,Omega_hat_StateLoad,78,266890.06094411737,0.4334731992202086,0.39635296793195857,0.47135531444668088
cumulative-state-load,qwen3.8-27b-high,all-arms,dynamic,Omega_hat_StateLoad,79,293523.45885465108,0.43796319361305547,0.40112611464129572,0.47549719937337376
cumulative-state-load,qwen3.8-27b-high,all-arms,dynamic,Omega_hat_StateLoad,80,322814.64732415706,0.44246337280960896,0.40590796399163898,0.47965293807656645
cumulative-state-load,qwen3.8-27b-high,all-arms,dynamic,Omega_hat_StateLoad,81,355028.85164154111,0.44697301864721617,0.41069723121006468,0.48382232190340435
cumulative-state-load,qwen3.8-27b-high,all-arms,dynamic,Omega_hat_StateLoad,82,390457.76436328108,0.45149140677549843,0.41549261959791378,0.48800513775106902
cumulative-state-load,qwen3.8-27b-high,all-arms,dynamic,Omega_hat_StateLoad,83,429422.18652556546,0.45601780711237483,0.42029282259958162,0.4922011670557388
cumulative-state-load,qwen3.8-27b-high,all-arms,dynamic,Omega_hat_StateLoad,84,472274.9324273378,0.46055148430802184,0.42509652600874809,0.49641018467040365
cumulative-state-load,qwen3.8-27b-high,all-arms,dynamic,Omega_hat_StateLoad,85,519404.02428640635,0.46509169821615237,0.42990241031102516,0.50063195763089663
cumulative-state-load,qwen3.8-27b-high,all-arms,dynamic,Omega_hat_StateLoad,86,571236.20569554798,0.46963770437198538,0.43470915316021186,0.50486624381122269
cumulative-state-load,qwen3.8-27b-high,all-arms,dynamic,Omega_hat_StateLoad,87,628240.8056921683,0.47418875447625547,0.43951543198328907,0.50911279047124891
cumulative-state-load,qwen3.8-27b-high,all-arms,dynamic,Omega_hat_StateLoad,88,690933.98842982296,0.47874409688460279,0.4443199267069885,0.51337133270205804
cumulative-state-load,qwen3.8-27b-high,all-arms,dynamic,Omega_hat_StateLoad,89,759883.4269314562,0.48330297710166614,0.44912132259623244,0.51764159177674174
cumulative-state-load,qwen3.8-27b-high,all-arms,dynamic,Omega_hat_StateLoad,90,835713.44324413931,0.48786463827919352,0.45391831319200793,0.52192327341709133
cumulative-state-load,qwen3.8-27b-high,all-arms,dynamic,Omega_hat_StateLoad,91,919110.66153831861,0.49242832171747453,0.45870960333335237,0.52621606598948112
cumulative-state-load,qwen3.8-27b-high,all-arms,dynamic,Omega_hat_StateLoad,92,1010830.2253391206,0.49699326736939026,0.46349391224514669,0.5305196386461799
cumulative-state-load,qwen3.8-27b-high,all-arms,dynamic,Omega_hat_StateLoad,93,1111702.6351853916,0.50155871434636967,0.46826997667041853,0.53483363943128093
cumulative-state-load,qwen3.8-27b-high,all-arms,dynamic,Omega_hat_StateLoad,94,1222641.26862997,0.50612390142553709,0.47303655402293504,0.53915769337333652
cumulative-state-load,qwen3.8-27b-high,all-arms,dynamic,Omega_hat_StateLoad,95,1344650.6506731622,0.51068806755733498,0.47779242553312601,0.5434914005894993
cumulative-state-load,qwen3.8-27b-high,all-arms,dynamic,Omega_hat_StateLoad,96,1478835.5495163416,0.51525045237289868,0.4825363993579167,0.54783433442841356
cumulative-state-load,qwen3.8-27b-high,all-arms,dynamic,Omega_hat_StateLoad,97,1626410.9799957795,0.51981029669046952,0.48726731362301096,0.55218603968113633
cumulative-state-load,qwen3.8-27b-high,all-arms,dynamic,Omega_hat_StateLoad,98,1788713.2052755679,0.52436684302012548,0.49198403936463536,0.55654603089088572
cumulative-state-load,qwen3.8-27b-high,all-arms,dynamic,Omega_hat_StateLoad,99,1967211.8364175649,0.52891933606612096,0.49668548333686968,0.56091379079331127
cumulative-state-load,qwen3.8-27b-high,all-arms,dynamic,Omega_hat_StateLoad,100,2163523.1393873338,0.53346702322612694,0.50137059065053602,0.5652887689191417
cumulative-state-load,qwen3.8-27b-high,all-arms,dynamic,Omega_hat_StateLoad,101,2379424.6699880371,0.53800915508667269,0.50603834721026975,0.56967038039042828
cumulative-state-load,qwen3.8-27b-high,all-arms,dynamic,Omega_hat_StateLoad,102,2616871.3692384856,0.54254498591410094,0.51068778191792163,0.57405800494010828
cumulative-state-load,qwen3.8-27b-high,all-arms,dynamic,Omega_hat_StateLoad,103,2878013.2649353999,0.54707377414035718,0.51531796861283874,0.57845098618223889
cumulative-state-load,qwen3.8-27b-high,all-arms,dynamic,Omega_hat_StateLoad,104,3165214.9396836711,0.55159478284294461,0.51992802772283908,0.58284863115702046
cumulative-state-load,qwen3.8-27b-high,all-arms,dynamic,Omega_hat_StateLoad,105,3481076.9416733594,0.55610728021839539,0.52451712760377689,0.58725021017069767
cumulative-state-load,qwen3.8-27b-high,all-arms,dynamic,Omega_hat_StateLoad,106,3828459.3320733635,0.56061054004861921,0.52908448555038312,0.59165495694567904
cumulative-state-load,qwen3.8-27b-high,all-arms,dynamic,Omega_hat_StateLoad,107,4210507.5822581314,0.5651038421595086,0.53362936846644737,0.59606206909089321
cumulative-state-load,qwen3.8-27b-high,all-arms,dynamic,Omega_hat_StateLoad,108,4630681.0553612765,0.56958647287120179,0.53815109318820953,0.60047070889666154
cumulative-state-load,qwen3.8-27b-high,all-arms,dynamic,Omega_hat_StateLoad,109,5092784.3300502151,0.57405772543941802,0.54264902646086677,0.60488000445238821
cumulative-state-load,qwen3.8-27b-high,all-arms,dynamic,Omega_hat_StateLoad,110,5601001.6501517491,0.57851690048730553,0.54712258457418428,0.60928905107936404
cumulative-state-load,qwen3.8-27b-high,all-arms,dynamic,Omega_hat_StateLoad,111,6159934.8120624963,0.58296330642726379,0.55157123266911512,0.61369691306513341
cumulative-state-load,qwen3.8-27b-high,all-arms,dynamic,Omega_hat_StateLoad,112,6774644.8330061408,0.58739625987222088,0.55599448373288951,0.61810262568040142
cumulative-state-load,qwen3.8-27b-high,all-arms,dynamic,Omega_hat_StateLoad,113,7450697.7774347207,0.59181508603587774,0.56039189730505856,0.6225051974545156
cumulative-state-load,qwen3.8-27b-high,all-arms,dynamic,Omega_hat_StateLoad,114,8194215.1565217515,0.59621911912145031,0.56476307792130687,0.62690361268131545
cumulative-state-load,qwen3.8-27b-high,all-arms,dynamic,Omega_hat_StateLoad,115,9011929.3571036384,0.6006077026984693,0.56910767332537282,0.63129683412371052
cumulative-state-load,qwen3.8-27b-high,all-arms,dynamic,Omega_hat_StateLoad,116,9911244.6019662432,0.60498019006722259,0.57342537248205006,0.63568380588279738
cumulative-state-load,qwen3.8-27b-high,all-arms,dynamic,Omega_hat_StateLoad,117,10900303.993458785,0.60933594461045582,0.57771590342595802,0.64006345639572459
cumulative-state-load,qwen3.8-27b-high,all-arms,dynamic,Omega_hat_StateLoad,118,11988063.247499926,0.61367434013196853,0.58197903098154524,0.64443470152581206
cumulative-state-load,qwen3.8-27b-high,all-arms,dynamic,Omega_hat_StateLoad,119,13184371.785621783,0.61799476118178054,0.58621455438969339,0.64879644770865119
cumulative-state-load,qwen3.8-27b-high,all-arms,dynamic,Omega_hat_StateLoad,120,14500061.919322165,0.62229660336756099,0.59042230487535696,0.65314759511892528
cumulative-state-load,qwen3.8-27b-high,all-arms,dynamic,Omega_hat_StateLoad,121,15947046.934270119,0.6265792736520549,0.59460214318904003,0.65748704082443699
cumulative-state-load,qwen3.8-27b-high,all-arms,dynamic,Omega_hat_StateLoad,122,17538428.96249523,0.63084219063625635,0.5987539571526449,0.6618136818961865
cumulative-state-load,qwen3.8-27b-high,all-arms,dynamic,Omega_hat_StateLoad,123,19288617.619320367,0.63508478482812225,0.60287765923750969,0.66612641844617715
cumulative-state-load,qwen3.8-27b-high,all-arms,dynamic,Omega_hat_StateLoad,124,21213460.479268815,0.63930649889663682,0.60697318419935686,0.67042415656780507
cumulative-state-load,qwen3.8-27b-high,all-arms,dynamic,Omega_hat_StateLoad,125,23330386.572376668,0.64350678791107685,0.61104048679157041,0.67470581115710648
cumulative-state-load,qwen3.8-27b-high,all-arms,dynamic,Omega_hat_StateLoad,126,25658564.200238083,0.64768511956534924,0.61507953957481165,0.67897030859663399
cumulative-state-load,qwen3.8-27b-high,all-arms,dynamic,Omega_hat_StateLoad,127,28219074.500773419,0.65184097438730793,0.61909033083757403,0.68321658928724849
cumulative-state-load,qwen3.8-27b-high,all-arms,dynamic,Omega_hat_StateLoad,128,31035102.333310276,0.65597384593297881,0.62307286263897066,0.68744361001650389
cumulative-state-load,qwen3.8-27b-high,all-arms,dynamic,Omega_hat_StateLoad,129,34132146.212401211,0.66008324096565996,0.62702714898191314,0.69165034615554499
cumulative-state-load,qwen3.8-27b-high,all-arms,dynamic,Omega_hat_StateLoad,130,37538249.191281863,0.66416867961988046,0.63095321412193728,0.69583579367941828
cumulative-state-load,qwen3.8-27b-high,all-arms,dynamic,Omega_hat_StateLoad,131,41284252.785568915,0.66822969555023837,0.6348510910143057,0.69999897100842001
cumulative-state-load,qwen3.8-27b-high,all-arms,dynamic,Omega_hat_StateLoad,132,45404076.236421742,0.67226583606516066,0.63872081989968643,0.7041389206705162
cumulative-state-load,qwen3.8-27b-high,all-arms,dynamic,Omega_hat_StateLoad,133,49935023.641833104,0.67627666224565408,0.64256244702670029,0.70825471078695823
cumulative-state-load,qwen3.8-27b-high,all-arms,dynamic,Omega_hat_StateLoad,134,54918121.737057097,0.68026174904914327,0.64637602350792767,0.71234543638500281
cumulative-state-load,qwen3.8-27b-high,all-arms,dynamic,Omega_hat_StateLoad,135,60398491.382700928,0.68422068539851644,0.65016160430457703,0.71641022054310199
cumulative-state-load,qwen3.8-27b-high,all-arms,dynamic,Omega_hat_StateLoad,136,66425756.12422397,0.68815307425652117,0.65391924733391249,0.72044821537510939
cumulative-state-load,qwen3.8-27b-high,all-arms,dynamic,Omega_hat_StateLoad,137,73054491.5222608,0.69205853268568029,0.65764901269270781,0.72445860286094799
cumulative-state-load,qwen3.8-27b-high,all-arms,dynamic,Omega_hat_StateLoad,138,80344719.322356671,0.69593669189391272,0.66135096198939525,0.72844059553184037
cumulative-state-load,qwen3.8-27b-high,all-arms,dynamic,Omega_hat_StateLoad,139,88362450.938711315,0.69978719726607452,0.6650251577772035,0.73239343701864246
cumulative-state-load,qwen3.8-27b-high,all-arms,dynamic,Omega_hat_StateLoad,140,97180285.173060998,0.70360970838164683,0.66867166308038706,0.73631640247206775
cumulative-state-load,qwen3.8-27b-high,all-arms,dynamic,Omega_hat_StateLoad,141,106878065.58090919,0.70740389901882261,0.67229054100560981,0.74020879886367696
cumulative-state-load,qwen3.8-27b-high,all-arms,dynamic,Omega_hat_StateLoad,142,117543603.43741412,0.71116945714525892,0.67588185443064408,0.7440699651764564
cumulative-state-load,qwen3.8-27b-high,all-arms,dynamic,Omega_hat_StateLoad,143,129273472.84923206,0.71490608489578056,0.67944566576275101,0.74789927249365151
cumulative-state-load,qwen3.8-27b-high,all-arms,dynamic,Omega_hat_StateLoad,144,142173885.21187559,0.71861349853733414,0.68298203675938762,0.75169612399427121
cumulative-state-load,qwen3.8-27b-high,all-arms,dynamic,Omega_hat_StateLoad,145,156361650.930612,0.72229142842151195,0.68649102840424214,0.7554599548633687
cumulative-state-load,qwen3.8-27b-high,all-arms,dynamic,Omega_hat_StateLoad,146,171965237.11306983,0.72593961892496928,0.68997270083198592,0.75919023212483361
cumulative-state-load,qwen3.8-27b-high,all-arms,dynamic,Omega_hat_StateLoad,147,189125930.81072932,0.72955782837808414,0.69342711329555751,0.76288645440404135
cumulative-state-load,qwen3.8-27b-high,all-arms,dynamic,Omega_hat_StateLoad,148,207999118.34219295,0.73314582898220781,0.69685432417023541,0.76654815162727508
cumulative-state-load,qwen3.8-27b-high,all-arms,dynamic,Omega_hat_StateLoad,149,228755692.28223091,0.73670340671587298,0.70025439098920228,0.77017488466441875
cumulative-state-load,qwen3.8-27b-high,all-arms,dynamic,Omega_hat_StateLoad,150,251583598.85657105,0.74023036123033115,0.70362737050574387,0.77376624492097901
cumulative-state-load,qwen3.8-27b-high,all-arms,dynamic,Omega_hat_StateLoad,151,276689539.75376368,0.74372650573480459,0.70697331877766811,0.77732185388507413
cumulative-state-load,qwen3.8-27b-high,all-arms,dynamic,Omega_hat_StateLoad,152,304300843.76364738,0.74719166687183658,0.7102922912699412,0.78084136263461457
cumulative-state-load,qwen3.8-27b-high,all-arms,dynamic,Omega_hat_StateLoad,153,334667525.1896947,0.75062568458314005,0.71358434297194417,0.78432445130950046
cumulative-state-load,qwen3.8-27b-high,all-arms,dynamic,Omega_hat_StateLoad,154,368064547.67370838,0.75402841196634074,0.71684952852613171,0.78777082855327896
cumulative-state-load,qwen3.8-27b-high,all-arms,dynamic,Omega_hat_StateLoad,155,404794313.93130994,0.75739971512302307,0.72008790236522646,0.79118023092835366
cumulative-state-load,qwen3.8-27b-high,all-arms,dynamic,Omega_hat_StateLoad,156,445189403.94221693,0.76073947299848066,0.72329951885541854,0.79455242230848377
cumulative-state-load,qwen3.8-27b-high,all-arms,dynamic,Omega_hat_StateLoad,157,489615586.38903737,0.76404757721358685,0.7264844324433446,0.79788719325201529
cumulative-state-load,qwen3.8-27b-high,all-arms,dynamic,Omega_hat_StateLoad,158,538475130.61248791,0.76732393188919101,0.72964269780490243,0.80118436035897278
cumulative-state-load,qwen3.8-27b-high,all-arms,dynamic,Omega_hat_StateLoad,159,592210449.07206702,0.77056845346345437,0.73277436999421242,0.80444376561488018
cumulative-state-load,qwen3.8-27b-high,all-arms,dynamic,Omega_hat_StateLoad,160,651308103.29387307,0.77378107050253386,0.73587950459127693,0.80766527572392111
cumulative-state-load,qwen3.8-27b-high,all-arms,dynamic,Omega_hat_StateLoad,161,716303209.57852709,0.77696172350502268,0.73895815784709451,0.810848781433816
cumulative-state-load,qwen3.8-27b-high,all-arms,dynamic,Omega_hat_StateLoad,162,787784284.36194468,0.78011036470055617,0.74201038682518317,0.81399419685458796
cumulative-state-load,qwen3.8-27b-high,all-arms,dynamic,Omega_hat_StateLoad,163,866398573.10261786,0.78322695784298257,0.74503624953863379,0.81710145877318319
cumulative-state-load,qwen3.8-27b-high,all-arms,dynamic,Omega_hat_StateLoad,164,952857910.94732022,0.78631147799850276,0.74803580508197232,0.82017052596573936
cumulative-state-load,qwen3.8-27b-high,all-arms,dynamic,Omega_hat_StateLoad,165,1047945168.2422739,0.78936391132916972,0.75100911375724,0.82320137850913067
cumulative-state-load,qwen3.8-27b-high,all-arms,dynamic,Omega_hat_StateLoad,166,1152521339.252485,0.79238425487214181,0.75395623719383098,0.8261940170932679
cumulative-state-load,qwen3.8-27b-high,all-arms,dynamic,Omega_hat_StateLoad,167,1267533338.2760072,0.79537251631507044,0.75687723846172317,0.82914846233549222
cumulative-state-load,qwen3.8-27b-high,all-arms,dynamic,Omega_hat_StateLoad,168,1394022573.7452912,0.79832871376800318,0.75977218217784248,0.83206475409828495
cumulative-state-load,qwen3.8-27b-high,all-arms,dynamic,Omega_hat_StateLoad,169,1533134377.9521875,0.80125287553217195,0.76264113460537053,0.83494295081138936
cumulative-state-load,qwen3.8-27b-high,all-arms,dynamic,Omega_hat_StateLoad,170,1686128377.7807078,0.80414503986602937,0.76548416374589345,0.83778312879934969
cumulative-state-load,qwen3.8-27b-high,all-arms,dynamic,Omega_hat_StateLoad,171,1854389900.3522778,0.80700525474889184,0.76830133942433487,0.84058538161536456
cumulative-state-load,qwen3.8-27b-high,all-arms,dynamic,Omega_hat_StateLoad,172,2039442516.8590362,0.80983357764253372,0.77109273336668049,0.84334981938227382
cumulative-state-load,qwen3.8-27b-high,all-arms,dynamic,Omega_hat_StateLoad,173,2242961838.1669221,0.81263007525107489,0.77385841927054644,0.84607656814141385
cumulative-state-load,qwen3.8-27b-high,all-arms,dynamic,Omega_hat_StateLoad,174,2466790687.1046495,0.81539482327948931,0.77659847286867545,0.84876576921000146
cumulative-state-load,qwen3.8-27b-high,all-arms,dynamic,Omega_hat_StateLoad,175,2712955784.8203464,0.8181279061910578,0.77931297198548954,0.85141757854764644
cumulative-state-load,qwen3.8-27b-high,all-arms,dynamic,Omega_hat_StateLoad,176,2983686102.297143,0.82082941696407397,0.78200199658684222,0.8540321661325162
cumulative-state-load,qwen3.8-27b-high,all-arms,dynamic,Omega_hat_StateLoad,177,3281433043.1967072,0.82349945684810688,0.78466562882314805,0.85660971534763686
cumulative-state-load,qwen3.8-27b-high,all-arms,dynamic,Omega_hat_StateLoad,178,3608892640.781837,0.82613813512011203,0.7873039530660787,0.85915042237774653
cumulative-state-load,qwen3.8-27b-high,all-arms,dynamic,Omega_hat_StateLoad,179,3969029969.9065242,0.82874556884066941,0.7899170559390295,0.86165449561707586
cumulative-state-load,qwen3.8-27b-high,all-arms,dynamic,Omega_hat_StateLoad,180,4365105995.118597,0.83132188261062456,0.79250502634157938,0.86412215508838552
cumulative-state-load,qwen3.8-27b-high,all-arms,dynamic,Omega_hat_StateLoad,181,4800707097.9786587,0.83386720832838768,0.79506795546816478,0.86655363187354117
cumulative-state-load,qwen3.8-27b-high,all-arms,dynamic,Omega_hat_StateLoad,182,5279777550.9587879,0.83638168494814702,0.79760593682120562,0.86894916755587659
cumulative-state-load,qwen3.8-27b-high,all-arms,dynamic,Omega_hat_StateLoad,183,5806655231.9647808,0.83886545823923164,0.80011906621891604,0.87130901367455338
cumulative-state-load,qwen3.8-27b-high,all-arms,dynamic,Omega_hat_StateLoad,184,6386110902.8696117,0.84131868054685499,0.80260744179804611,0.87363343119109171
cumulative-state-load,qwen3.8-27b-high,all-arms,dynamic,Omega_hat_StateLoad,185,7023391407.7158833,0.84374151055445734,0.8050711640117848,0.87592268996821765
cumulative-state-load,qwen3.8-27b-high,all-arms,dynamic,Omega_hat_StateLoad,186,7724267181.7384024,0.84613411304785724,0.80751033562307573,0.87817706826114117
cumulative-state-load,qwen3.8-27b-high,all-arms,dynamic,Omega_hat_StateLoad,187,8495084501.389677,0.84849665868140545,0.80992506169357403,0.88039685222134945
cumulative-state-load,qwen3.8-27b-high,all-arms,dynamic,Omega_hat_StateLoad,188,9342822948.4818935,0.85082932374633291,0.81231544956848722,0.88258233541298159
cumulative-state-load,qwen3.8-27b-high,all-arms,dynamic,Omega_hat_StateLoad,189,10275158608.769714,0.85313228994146895,0.81468160885752627,0.88473381834181453
cumulative-state-load,qwen3.8-27b-high,all-arms,dynamic,Omega_hat_StateLoad,190,11300533577.223497,0.85540574414649384,0.81702365141219735,0.88685160799687823
cumulative-state-load,qwen3.8-27b-high,all-arms,dynamic,Omega_hat_StateLoad,191,12428232399.348488,0.85764987819788652,0.81934169129965861,0.88893601740469352
cumulative-state-load,qwen3.8-27b-high,all-arms,dynamic,Omega_hat_StateLoad,192,13668466140.708134,0.85986488866771127,0.82163584477335505,0.89098736519610233
cumulative-state-load,qwen3.8-27b-high,all-arms,dynamic,Omega_hat_StateLoad,193,15032464845.884159,0.86205097664538344,0.82390623024064735,0.89300597518564873
cumulative-state-load,qwen3.8-27b-high,all-arms,dynamic,Omega_hat_StateLoad,194,16532579224.067705,0.86420834752253861,0.82615296822763995,0.89499217596344416
cumulative-state-load,qwen3.8-27b-high,all-arms,dynamic,Omega_hat_StateLoad,195,18182392482.02264,0.86633721078112635,0.82837618134140523,0.89694630049944124
cumulative-state-load,qwen3.8-27b-high,all-arms,dynamic,Omega_hat_StateLoad,196,19996843317.044987,0.86843777978483649,0.83057599422980144,0.8988686857600211
cumulative-state-load,qwen3.8-27b-high,all-arms,dynamic,Omega_hat_StateLoad,197,21992361183.590626,0.87051027157395788,0.83275253353906753,0.90075967233678633
cumulative-state-load,qwen3.8-27b-high,all-arms,dynamic,Omega_hat_StateLoad,198,24187015058.38356,0.87255490666376223,0.83490592786937867,0.90261960408743958
cumulative-state-load,qwen3.8-27b-high,all-arms,dynamic,Omega_hat_StateLoad,199,26600677051.037903,0.87457190884649438,0.83703630772853377,0.90444882778861513
cumulative-state-load,qwen3.8-27b-high,all-arms,dynamic,Omega_hat_StateLoad,200,29255202341.652668,0.87656150499704533,0.83914380548394152,0.90624769280052064
cumulative-state-load,qwen3.8-27b-high,all-arms,dynamic,Omega_hat_StateLoad,201,32174627074.676273,0.87852392488237407,0.84122855531307006,0.9080165507432334
cumulative-state-load,qwen3.8-27b-high,all-arms,dynamic,Omega_hat_StateLoad,202,35385386000.923012,0.88045940097473585,0.84329069315250982,0.90975575518449114
cumulative-state-load,qwen3.8-27b-high,all-arms,dynamic,Omega_hat_StateLoad,203,38916551838.446526,0.88236816826877273,0.84533035664579959,0.91146566133880424
cumulative-state-load,qwen3.8-27b-high,all-arms,dynamic,Omega_hat_StateLoad,204,42800098519.625687,0.8842504641025033,0.84734768509015712,0.91314662577771
cumulative-state-load,qwen3.8-27b-high,all-arms,dynamic,Omega_hat_StateLoad,205,47071190708.112556,0.88610652798225642,0.84934281938224965,0.91479900615098431
cumulative-state-load,qwen3.8-27b-high,all-arms,dynamic,Omega_hat_StateLoad,206,51768502207.150764,0.88793660141157438,0.85131590196313389,0.91642316091861842
cumulative-state-load,qwen3.8-27b-high,all-arms,dynamic,Omega_hat_StateLoad,207,56934566142.383049,0.88974092772411029,0.85326707676248692,0.91801944909336008
cumulative-state-load,qwen3.8-27b-high,all-arms,dynamic,Omega_hat_StateLoad,208,62616160089.979439,0.89151975192054023,0.85519648914224955,0.91958822999362211
cumulative-state-load,qwen3.8-27b-high,all-arms,dynamic,Omega_hat_StateLoad,209,68864729637.330414,0.89327332050949748,0.85710428583978893,0.92112986300654431
cumulative-state-load,qwen3.8-27b-high,all-arms,dynamic,Omega_hat_StateLoad,210,75736854211.562225,0.89500188135253922,0.85899061491069206,0.92264470736100523
cumulative-state-load,qwen3.8-27b-high,all-arms,dynamic,Omega_hat_StateLoad,211,83294759393.842606,0.89670568351314361,0.86085562567128515,0.92413312191036301
cumulative-state-load,qwen3.8-27b-high,all-arms,dynamic,Omega_hat_StateLoad,212,91606880358.372696,0.89838497710973242,0.86269946864098146,0.92559546492471412
cumulative-state-load,qwen3.8-27b-high,all-arms,dynamic,Omega_hat_StateLoad,213,100748481537.88652,0.90004001317271265,0.86452229548454285,0.92703209389244901
cumulative-state-load,qwen3.8-27b-high,all-arms,dynamic,Omega_hat_StateLoad,214,110802338126.58263,0.90167104350552074,0.86632425895434273,0.92844336533088401
cumulative-state-load,qwen3.8-27b-high,all-arms,dynamic,Omega_hat_StateLoad,215,121859485591.36063,0.90327832054964996,0.86810551283271242,0.92982963460575063
cumulative-state-load,qwen3.8-27b-high,all-arms,dynamic,Omega_hat_StateLoad,216,134020043978.01147,0.90486209725364053,0.86986621187444668,0.93119125575931672
cumulative-state-load,qwen3.8-27b-high,all-arms,dynamic,Omega_hat_StateLoad,217,147394124476.27658,0.90642262694600473,0.87160651174953896,0.93252858134691952
cumulative-state-load,qwen3.8-27b-high,all-arms,dynamic,Omega_hat_StateLoad,218,162102826452.53143,0.90796016321205619,0.87332656898621797,0.93384196228168914
cumulative-state-load,qwen3.8-27b-high,all-arms,dynamic,Omega_hat_StateLoad,219,178279333977.98898,0.90947495977460924,0.87502654091434318,0.93513174768723673
cumulative-state-load,qwen3.8-27b-high,all-arms,dynamic,Omega_hat_StateLoad,220,196070121781.26645,0.91096727037851166,0.8767065856092271,0.93639828475809028
cumulative-state-load,qwen3.8-27b-high,all-arms,dynamic,Omega_hat_StateLoad,221,215636281544.93341,0.91243734867897186,0.87836686183593116,0.93764191862765633
cumulative-state-load,qwen3.8-27b-high,all-arms,dynamic,Omega_hat_StateLoad,222,237154980555.37146,0.91388544813363282,0.88000752899409362,0.93886299224348835
cumulative-state-load,qwen3.8-27b-high,all-arms,dynamic,Omega_hat_StateLoad,223,260821065913.71228,0.91531182189835325,0.8816287470633366,0.94006184624964639
cumulative-state-load,qwen3.8-27b-high,all-arms,dynamic,Omega_hat_StateLoad,224,286848828833.60516,0.91671672272664273,0.88323067654929555,0.94123881887593208
cumulative-state-load,qwen3.8-27b-high,all-arms,dynamic,Omega_hat_StateLoad,225,315473945001.17883,0.91810040287270256,0.88481347843031488,0.94239424583378673
cumulative-state-load,qwen3.8-27b-high,all-arms,dynamic,Omega_hat_StateLoad,226,346955608566.69196,0.91946311399801961,0.88637731410484721,0.9435284602186409
cumulative-state-load,qwen3.8-27b-high,all-arms,dynamic,Omega_hat_StateLoad,227,381578879090.73993,0.92080510708145835,0.88792234533959402,0.9446417924185101
cumulative-state-load,qwen3.8-27b-high,all-arms,dynamic,Omega_hat_StateLoad,228,419657262696.06763,0.92212663233279546,0.88944873421841686,0.94573457002862782
cumulative-state-load,qwen3.8-27b-high,all-arms,dynamic,Omega_hat_StateLoad,229,461535550796.76123,0.92342793910963883,0.89095664309205225,0.94680711777191873
cumulative-state-load,qwen3.8-27b-high,all-arms,dynamic,Omega_hat_StateLoad,230,507592942108.91516,0.92470927583767137,0.89244623452865646,0.94785975742510842
cumulative-state-load,qwen3.8-27b-high,all-arms,dynamic,Omega_hat_StateLoad,231,558246476211.84119,0.92597088993416221,0.89391767126520461,0.94889280775027685
cumulative-state-load,qwen3.8-27b-high,all-arms,dynamic,Omega_hat_StateLoad,232,613954809750.03162,0.92721302773467962,0.89537111615976683,0.94990658443166187
cumulative-state-load,qwen3.8-27b-high,all-arms,dynamic,Omega_hat_StateLoad,233,675222369468.49878,0.92843593442294692,0.89680673214468154,0.95090140001752554
cumulative-state-load,qwen3.8-27b-high,all-arms,dynamic,Omega_hat_StateLoad,234,742603919686.33508,0.92963985396377591,0.89822468218064322,0.95187756386689515
cumulative-state-load,qwen3.8-27b-high,all-arms,dynamic,Omega_hat_StateLoad,235,816709585565.99792,0.93082502903901709,0.89962512921172011,0.95283538210099983
cumulative-state-load,qwen3.8-27b-high,all-arms,dynamic,Omega_hat_StateLoad,236,898210377662.86572,0.93199170098645878,0.90100823612131742,0.95377515755922526
cumulative-state-load,qwen3.8-27b-high,all-arms,dynamic,Omega_hat_StateLoad,237,987844267778.66956,0.93314010974161277,0.90237416568909401,0.95469718975940843
cumulative-state-load,qwen3.8-27b-high,all-arms,dynamic,Omega_hat_StateLoad,238,1086422871134.3737,0.9342704937823213,0.9037230805488472,0.95560177486230735
cumulative-state-load,qwen3.8-27b-high,all-arms,dynamic,Omega_hat_StateLoad,239,1194838795368.0005,0.93538309007611919,0.90505514314736846,0.95648920564007522
cumulative-state-load,qwen3.8-27b-off,all-arms,dynamic,Omega_hat_StateLoad,0,160.00000000000003,0.85839476957052707,0.78673961757227251,0.9087658748686831
cumulative-state-load,qwen3.8-27b-off,all-arms,dynamic,Omega_hat_StateLoad,1,175.96666301701521,0.85924961847523118,0.78861207834455949,0.90900643530689906
cumulative-state-load,qwen3.8-27b-off,all-arms,dynamic,Omega_hat_StateLoad,2,193.52666558339874,0.86010014785424094,0.79047098677794725,0.90924716729489219
cumulative-state-load,qwen3.8-27b-off,all-arms,dynamic,Omega_hat_StateLoad,3,212.83900967200321,0.86094636938488245,0.79231633468132845,0.90948808552949079
cumulative-state-load,qwen3.8-27b-off,all-arms,dynamic,Omega_hat_StateLoad,4,234.07856432392887,0.86178829483955,0.7941481150993368,0.90972920513627353
cumulative-state-load,qwen3.8-27b-off,all-arms,dynamic,Omega_hat_StateLoad,5,257.43764904934704,0.86262593608388016,0.79596632227306219,0.90997054168423264
cumulative-state-load,qwen3.8-27b-off,all-arms,dynamic,Omega_hat_StateLoad,6,283.127775238494,0.86345930507494162,0.79777095160010147,0.91021211120094125
cumulative-state-load,qwen3.8-27b-off,all-arms,dynamic,Omega_hat_StateLoad,7,311.38156135093317,0.864288413859432,0.7995619995939468,0.91045393018823861
cumulative-state-load,qwen3.8-27b-off,all-arms,dynamic,Omega_hat_StateLoad,8,342.45483922469833,0.86511327457188802,0.80133946384271348,0.91069601563844593
cumulative-state-load,qwen3.8-27b-off,all-arms,dynamic,Omega_hat_StateLoad,9,376.62897057749097,0.86593389943290622,0.80310334296720909,0.91093838505112434
cumulative-state-load,qwen3.8-27b-off,all-arms,dynamic,Omega_hat_StateLoad,10,414.21339467534199,0.86675030074737547,0.80485363657834785,0.91118105645038705
cumulative-state-load,qwen3.8-27b-off,all-arms,dynamic,Omega_hat_StateLoad,11,455.54843023731104,0.86756249090272031,0.80659034523391204,0.91142404840277635
cumulative-state-load,qwen3.8-27b-off,all-arms,dynamic,Omega_hat_StateLoad,12,501.00835694686998,0.8683704823671563,0.80831347039466461,0.91166738003571546
cumulative-state-load,qwen3.8-27b-off,all-arms,dynamic,Omega_hat_StateLoad,13,551.00480447236487,0.86917428768795735,0.81002301437981794,0.9119110710565429
cumulative-state-load,qwen3.8-27b-off,all-arms,dynamic,Omega_hat_StateLoad,14,605.99047968340631,0.86997391948973446,0.81171898032186429,0.91215514177214019
cumulative-state-load,qwen3.8-27b-off,all-arms,dynamic,Omega_hat_StateLoad,15,666.46326581230801,0.87076939047272639,0.81340137212077368,0.91239961310915585
cumulative-state-load,qwen3.8-27b-off,all-arms,dynamic,Omega_hat_StateLoad,16,732.97073067758674,0.87156071341110308,0.81507019439756934,0.91264450663482966
cumulative-state-load,qwen3.8-27b-off,all-arms,dynamic,Omega_hat_StateLoad,17,806.11508479048871,0.87234790115128036,0.816725452447289,0.91288984457842282
cumulative-state-load,qwen3.8-27b-off,all-arms,dynamic,Omega_hat_StateLoad,18,886.55863423912888,0.87313096661024714,0.81836715219134626,0.91313564985325157
cumulative-state-load,qwen3.8-27b-off,all-arms,dynamic,Omega_hat_StateLoad,19,975.02977772488816,0.87390992277390522,0.81999530012930388,0.91338194607932077
cumulative-state-load,qwen3.8-27b-off,all-arms,dynamic,Omega_hat_StateLoad,20,1072.3296020529406,0.87468478269542094,0.82160990329007888,0.91362875760655327
cumulative-state-load,qwen3.8-27b-off,all-arms,dynamic,Omega_hat_StateLoad,21,1179.3391357976243,0.87545555949358989,0.82321096918260006,0.91387610953860443
cumulative-state-load,qwen3.8-27b-off,all-arms,dynamic,Omega_hat_StateLoad,22,1297.0273268229894,0.87622226635121436,0.82479850574594071,0.91412402775724899
cumulative-state-load,qwen3.8-27b-off,all-arms,dynamic,Omega_hat_StateLoad,23,1426.459815893257,0.87698491651349153,0.82637252129895644,0.91437253894732173
cumulative-state-load,qwen3.8-27b-off,all-arms,dynamic,Omega_hat_StateLoad,24,1568.8085858162649,0.87774352328641803,0.82793302448946227,0.91462167062218758
cumulative-state-load,qwen3.8-27b-off,all-arms,dynamic,Omega_hat_StateLoad,25,1725.3625734908187,0.87849810003520257,0.82948002424298783,0.91487145114971458
cumulative-state-load,qwen3.8-27b-off,all-arms,dynamic,Omega_hat_StateLoad,26,1897.5393409476799,0.87924866018269576,0.83101352971115505,0.91512190977871177
cumulative-state-load,qwen3.8-27b-off,all-arms,dynamic,Omega_hat_StateLoad,27,2086.8979110629352,0.87999521720783025,0.83253355021973285,0.9153730766657896
cumulative-state-load,qwen3.8-27b-off,all-arms,dynamic,Omega_hat_StateLoad,28,2295.1528841682762,0.88073778464407393,0.83404009521642763,0.91562498290259287
cumulative-state-load,qwen3.8-27b-off,all-arms,dynamic,Omega_hat_StateLoad,29,2524.1899633810608,0.88147637607789719,0.8355331742184785,0.91587766054334352
cumulative-state-load,qwen3.8-27b-off,all-arms,dynamic,Omega_hat_StateLoad,30,2776.0830292325454,0.8822110051472527,0.83701279676013862,0.91613114263262652
cumulative-state-load,qwen3.8-27b-off,all-arms,dynamic,Omega_hat_StateLoad,31,3053.1129182013642,0.88294168554006813,0.8384789723401288,0.91638546323333392
cumulative-state-load,qwen3.8-27b-off,all-arms,dynamic,Omega_hat_StateLoad,32,3357.7880751877183,0.88366843099275139,0.8399317103691688,0.91664065745467549
cumulative-state-load,qwen3.8-27b-off,all-arms,dynamic,Omega_hat_StateLoad,33,3692.8672669319303,0.88439125528871088,0.84137102011769926,0.91689676148014598
cumulative-state-load,qwen3.8-27b-off,all-arms,dynamic,Omega_hat_StateLoad,34,4061.3845620423572,0.88511017225688682,0.84279691066392592,0.91715381259533102
cumulative-state-load,qwen3.8-27b-off,all-arms,dynamic,Omega_hat_StateLoad,35,4466.6768038213477,0.88582519577029661,0.84420939084233138,0.91741184921540642
cumulative-state-load,qwen3.8-27b-off,all-arms,dynamic,Omega_hat_StateLoad,36,4912.4138246496868,0.88653633974459456,0.84560846919281873,0.91767091091218034
cumulative-state-load,qwen3.8-27b-off,all-arms,dynamic,Omega_hat_StateLoad,37,5402.6316755141097,0.88724361813664254,0.84699415391067012,0.91793103844049451
cumulative-state-load,qwen3.8-27b-off,all-arms,dynamic,Omega_hat_StateLoad,38,5941.7691715640249,0.88794704494309562,0.84836645279752709,0.91819227376379442
cumulative-state-load,qwen3.8-27b-off,all-arms,dynamic,Omega_hat_StateLoad,39,6534.7080846093468,0.88864663419900169,0.84972537321361574,0.91845466007863952
cumulative-state-load,qwen3.8-27b-off,all-arms,dynamic,Omega_hat_StateLoad,40,7186.8173464938645,0.88934239997641118,0.85107092203147405,0.91871824183791106
cumulative-state-load,qwen3.8-27b-off,all-arms,dynamic,Omega_hat_StateLoad,41,7904.0016635957854,0.89003435638300465,0.85240310559145893,0.91898306477244363
cumulative-state-load,qwen3.8-27b-off,all-arms,dynamic,Omega_hat_StateLoad,42,8692.7549826492977,0.89072251756072929,0.85372192965933902,0.91924917591077537
cumulative-state-load,qwen3.8-27b-off,all-arms,dynamic,Omega_hat_StateLoad,43,9560.219292008298,0.89140689768445158,0.85502739938631689,0.91951662359668473
cumulative-state-load,qwen3.8-27b-off,all-arms,dynamic,Omega_hat_StateLoad,44,10514.249290784941,0.89208751096062333,0.85631951927184813,0.91978545750414631
cumulative-state-load,qwen3.8-27b-off,all-arms,dynamic,Omega_hat_StateLoad,45,11563.483511427785,0.89276437162595867,0.85759829312966929,0.92005572864930163
cumulative-state-load,qwen3.8-27b-off,all-arms,dynamic,Omega_hat_StateLoad,46,12717.422539738909,0.89343749394612737,0.85886372405747258,0.92032748939900799
cumulative-state-load,qwen3.8-27b-off,all-arms,dynamic,Omega_hat_StateLoad,47,13986.515040595194,0.89410689221445905,0.86011581441071605,0.92060079347548496
cumulative-state-load,qwen3.8-27b-off,all-arms,dynamic,Omega_hat_StateLoad,48,15382.25236831769,0.89477258075066268,0.86135456578108804,0.92087569595654006
cumulative-state-load,qwen3.8-27b-off,all-arms,dynamic,Omega_hat_StateLoad,49,16917.272618365252,0.89543457389955805,0.8625799789801909,0.9211522532708144
cumulative-state-load,qwen3.8-27b-off,all-arms,dynamic,Omega_hat_StateLoad,50,18605.475062517842,0.89609288602982129,0.86379205402905124,0.92143052318744267
cumulative-state-load,qwen3.8-27b-off,all-arms,dynamic,Omega_hat_StateLoad,51,20462.146003734739,0.89674753153274334,0.86499079015410651,0.92171056479948366
cumulative-state-load,qwen3.8-27b-off,all-arms,dynamic,Omega_hat_StateLoad,52,22504.097190275977,0.89739852482100169,0.86617618579035882,0.92199243850042956
cumulative-state-load,qwen3.8-27b-off,all-arms,dynamic,Omega_hat_StateLoad,53,24749.818042396582,0.89804588032744581,0.86734823859243459,0.9222762059530627
cumulative-state-load,qwen3.8-27b-off,all-arms,dynamic,Omega_hat_StateLoad,54,27219.643069992744,0.89868961250389567,0.86850694545432094,0.92256193004988718
cumulative-state-load,qwen3.8-27b-off,all-arms,dynamic,Omega_hat_StateLoad,55,29935.935997130266,0.89932973581995324,0.86965230253859716,0.9228496748643229
cumulative-state-load,qwen3.8-27b-off,all-arms,dynamic,Omega_hat_StateLoad,56,32923.292260662238,0.89996626476182717,0.87078430531600737,0.9231395055918149
cumulative-state-load,qwen3.8-27b-off,all-arms,dynamic,Omega_hat_StateLoad,57,36208.761716516623,0.90059921383117136,0.87190294861625439,0.92343148847998224
cumulative-state-load,qwen3.8-27b-off,all-arms,dynamic,Omega_hat_StateLoad,58,39822.09357021052,0.90122859754393569,0.87300822669091616,0.92372569074690625
cumulative-state-load,qwen3.8-27b-off,all-arms,dynamic,Omega_hat_StateLoad,59,43796.005749383039,0.90185443042923086,0.87410013328940461,0.92402218048664098
cumulative-state-load,qwen3.8-27b-off,all-arms,dynamic,Omega_hat_StateLoad,60,48166.481157455812,0.90247672702820503,0.87517866174888725,0.92432102656102166
cumulative-state-load,qwen3.8-27b-off,all-arms,dynamic,Omega_hat_StateLoad,61,52973.093490934014,0.90309550189293519,0.87624380509909372,0.92462229847685939
cumulative-state-load,qwen3.8-27b-off,all-arms,dynamic,Omega_hat_StateLoad,62,58259.365570550195,0.90371076958533059,0.877295556182903,0.92492606624761831
cumulative-state-load,qwen3.8-27b-off,all-arms,dynamic,Omega_hat_StateLoad,63,64073.163430863169,0.90432254467604867,0.8783339077935729,0.92523240023871978
cumulative-state-load,qwen3.8-27b-off,all-arms,dynamic,Omega_hat_StateLoad,64,70467.12973670529,0.90493084174342442,0.8793588528294235,0.92554137099566203
cumulative-state-load,qwen3.8-27b-off,all-arms,dynamic,Omega_hat_StateLoad,65,77499.160450969473,0.90553567537241408,0.88037038446670168,0.92585304905422605
cumulative-state-load,qwen3.8-27b-off,all-arms,dynamic,Omega_hat_StateLoad,66,85232.929069858175,0.90613706015354889,0.88136849635126557,0.92616750473213294
cumulative-state-load,qwen3.8-27b-off,all-arms,dynamic,Omega_hat_StateLoad,67,93738.463172430624,0.90673501068190365,0.88235318280959396,0.92648480790164456
cumulative-state-load,qwen3.8-27b-off,all-arms,dynamic,Omega_hat_StateLoad,68,103092.77850497498,0.9073295415560777,0.88332443907948111,0.92680502774274953
cumulative-state-load,qwen3.8-27b-off,all-arms,dynamic,Omega_hat_StateLoad,69,113380.57634170455,0.90792066737718824,0.88428226156059053,0.92712823247676024
cumulative-state-load,qwen3.8-27b-off,all-arms,dynamic,Omega_hat_StateLoad,70,124695.01043622312,0.90850840274787636,0.88522664808483176,0.92745448908035522
cumulative-state-load,qwen3.8-27b-off,all-arms,dynamic,Omega_hat_StateLoad,71,137138.53050833763,0.9090927622713264,0.88615759820627926,0.92778386298034921
cumulative-state-load,qwen3.8-27b-off,all-arms,dynamic,Omega_hat_StateLoad,72,150823.80990380823,0.90967376055029681,0.88707511351007773,0.92811641772974784
cumulative-state-load,qwen3.8-27b-off,all-arms,dynamic,Omega_hat_StateLoad,73,165874.76582678623,0.91025141218616379,0.88797919793947011,0.92845221466594285
cumulative-state-load,qwen3.8-27b-off,all-arms,dynamic,Omega_hat_StateLoad,74,182427.68138292758,0.91082573177797888,0.88886985813975261,0.92879131255225322
cumulative-state-load,qwen3.8-27b-off,all-arms,dynamic,Omega_hat_StateLoad,75,200632.43959303154,0.91139673392153608,0.8897471038175977,0.92913376720436081
cumulative-state-load,qwen3.8-27b-off,all-arms,dynamic,Omega_hat_StateLoad,76,220653.88055092908,0.91196443320845411,0.8906109481138047,0.92947963110358667
cumulative-state-load,qwen3.8-27b-off,all-arms,dynamic,Omega_hat_StateLoad,77,242673.29401438741,0.91252884422526936,0.89146140798714435,0.92982895299933632
cumulative-state-load,qwen3.8-27b-off,all-arms,dynamic,Omega_hat_StateLoad,78,266890.06094411737,0.9130899815525414,0.89229850460655324,0.93018177750346076
cumulative-state-load,qwen3.8-27b-off,all-arms,dynamic,Omega_hat_StateLoad,79,293523.45885465108,0.913647859763971,0.89312226374853032,0.93053814467967388
cumulative-state-load,qwen3.8-27b-off,all-arms,dynamic,Omega_hat_StateLoad,80,322814.64732415706,0.91420249342552962,0.89393271619620307,0.93089808963156606
cumulative-state-load,qwen3.8-27b-off,all-arms,dynamic,Omega_hat_StateLoad,81,355028.85164154111,0.91475389709460164,0.89472989813614368,0.93126164209312212
cumulative-state-load,qwen3.8-27b-off,all-arms,dynamic,Omega_hat_StateLoad,82,390457.76436328108,0.91530208531913804,0.89551385154869578,0.93162882602599117
cumulative-state-load,qwen3.8-27b-off,all-arms,dynamic,Omega_hat_StateLoad,83,429422.18652556546,0.91584707263682252,0.89628462458726854,0.93199965922804118
cumulative-state-load,qwen3.8-27b-off,all-arms,dynamic,Omega_hat_StateLoad,84,472274.9324273378,0.91638887357424803,0.89704227194183606,0.93237415295796566
cumulative-state-load,qwen3.8-27b-off,all-arms,dynamic,Omega_hat_StateLoad,85,519404.02428640635,0.91692750264610756,0.89778685518171586,0.9327523115808628
cumulative-state-load,qwen3.8-27b-off,all-arms,dynamic,Omega_hat_StateLoad,86,571236.20569554798,0.91746297435439428,0.89851844307263529,0.93313413223977681
cumulative-state-load,qwen3.8-27b-off,all-arms,dynamic,Omega_hat_StateLoad,87,628240.8056921683,0.91799530318761413,0.89923711186311206,0.93351960455817662
cumulative-state-load,qwen3.8-27b-off,all-arms,dynamic,Omega_hat_StateLoad,88,690933.98842982296,0.91852450362001115,0.89994294553530574,0.93390871037820611
cumulative-state-load,qwen3.8-27b-off,all-arms,dynamic,Omega_hat_StateLoad,89,759883.4269314562,0.91905059011080159,0.90063603601573439,0.93430142353932033
cumulative-state-load,qwen3.8-27b-off,all-arms,dynamic,Omega_hat_StateLoad,90,835713.44324413931,0.9195735771034228,0.90131648334158754,0.93469770970155985
cumulative-state-load,qwen3.8-27b-off,all-arms,dynamic,Omega_hat_StateLoad,91,919110.66153831861,0.92009347902479022,0.90198439577883804,0.93509752621727504
cumulative-state-load,qwen3.8-27b-off,all-arms,dynamic,Omega_hat_StateLoad,92,1010830.2253391206,0.92061031028456797,0.9026398898889002,0.93550082205453644
cumulative-state-load,qwen3.8-27b-off,all-arms,dynamic,Omega_hat_StateLoad,93,1111702.6351853916,0.92112408527444967,0.90328309054124756,0.93590753777482383
cumulative-state-load,qwen3.8-27b-off,all-arms,dynamic,Omega_hat_StateLoad,94,1222641.26862997,0.92163481836745065,0.90391413087013872,0.93631760556684129
cumulative-state-load,qwen3.8-27b-off,all-arms,dynamic,Omega_hat_StateLoad,95,1344650.6506731622,0.9221425239172103,0.90453315217439823,0.93673094933750611
cumulative-state-load,qwen3.8-27b-off,all-arms,dynamic,Omega_hat_StateLoad,96,1478835.5495163416,0.92264721625730739,0.90514030376005661,0.93714748486030996
cumulative-state-load,qwen3.8-27b-off,all-arms,dynamic,Omega_hat_StateLoad,97,1626410.9799957795,0.92314890970058394,0.90573574272651824,0.93756711998037667
cumulative-state-load,qwen3.8-27b-off,all-arms,dynamic,Omega_hat_StateLoad,98,1788713.2052755679,0.92364761853848187,0.90631963369780466,0.93798975487466918
cumulative-state-load,qwen3.8-27b-off,all-arms,dynamic,Omega_hat_StateLoad,99,1967211.8364175649,0.92414335704038864,0.90689214850126709,0.93841528236494876
cumulative-state-load,qwen3.8-27b-off,all-arms,dynamic,Omega_hat_StateLoad,100,2163523.1393873338,0.92463613945299505,0.90745346579696751,0.93884358828028314
cumulative-state-load,qwen3.8-27b-off,all-arms,dynamic,Omega_hat_StateLoad,101,2379424.6699880371,0.92512597999966295,0.90800377066166305,0.9392745518651674
cumulative-state-load,qwen3.8-27b-off,all-arms,dynamic,Omega_hat_StateLoad,102,2616871.3692384856,0.92561289287980308,0.90854325413197423,0.93970804622867754
cumulative-state-load,qwen3.8-27b-off,all-arms,dynamic,Omega_hat_StateLoad,103,2878013.2649353999,0.92609689226826442,0.90907211271186261,0.94014393882952041
cumulative-state-load,qwen3.8-27b-off,all-arms,dynamic,Omega_hat_StateLoad,104,3165214.9396836711,0.92657799231473259,0.9095905478499724,0.94058209199143084
cumulative-state-load,qwen3.8-27b-off,all-arms,dynamic,Omega_hat_StateLoad,105,3481076.9416733594,0.92705620714313886,0.9100987653926953,0.94102236344305112
cumulative-state-load,qwen3.8-27b-off,all-arms,dynamic,Omega_hat_StateLoad,106,3828459.3320733635,0.92753155085108052,0.91059697501899195,0.94146460687625477
cumulative-state-load,qwen3.8-27b-off,all-arms,dynamic,Omega_hat_StateLoad,107,4210507.5822581314,0.92800403750925009,0.91108538966306041,0.9419086725168242
cumulative-state-load,qwen3.8-27b-off,all-arms,dynamic,Omega_hat_StateLoad,108,4630681.0553612765,0.9284736811608737,0.9115642249308642,0.94235440770146617
cumulative-state-load,qwen3.8-27b-off,all-arms,dynamic,Omega_hat_StateLoad,109,5092784.3300502151,0.92894049582116256,0.91203369851635563,0.94280165745532551
cumulative-state-load,qwen3.8-27b-off,all-arms,dynamic,Omega_hat_StateLoad,110,5601001.6501517491,0.92940449547677062,0.91249402962293891,0.94325026506445142
cumulative-state-load,qwen3.8-27b-off,all-arms,dynamic,Omega_hat_StateLoad,111,6159934.8120624963,0.92986569408526454,0.91294543839535103,0.94370007263803457
cumulative-state-load,qwen3.8-27b-off,all-arms,dynamic,Omega_hat_StateLoad,112,6774644.8330061408,0.93032410557460188,0.91338814536668689,0.94415092165568593
cumulative-state-load,qwen3.8-27b-off,all-arms,dynamic,Omega_hat_StateLoad,113,7450697.7774347207,0.93077974384261974,0.91382237092480156,0.94460265349552175
cumulative-state-load,qwen3.8-27b-off,all-arms,dynamic,Omega_hat_StateLoad,114,8194215.1565217515,0.93123262275653262,0.91424833480178236,0.94505510993935948
cumulative-state-load,qwen3.8-27b-off,all-arms,dynamic,Omega_hat_StateLoad,115,9011929.3571036384,0.93168275615244023,0.91466625558961656,0.9455081336518959
cumulative-state-load,qwen3.8-27b-off,all-arms,dynamic,Omega_hat_StateLoad,116,9911244.6019662432,0.9321301578348431,0.91507635028462031,0.94596156863129754
cumulative-state-load,qwen3.8-27b-off,all-arms,dynamic,Omega_hat_StateLoad,117,10900303.993458785,0.93257484157616943,0.91547883386262585,0.94641526062920722
cumulative-state-load,qwen3.8-27b-off,all-arms,dynamic,Omega_hat_StateLoad,118,11988063.247499926,0.93301682111630901,0.91587391888638259,0.94686905753870521
cumulative-state-load,qwen3.8-27b-off,all-arms,dynamic,Omega_hat_StateLoad,119,13184371.785621783,0.93345611016215946,0.91626181514610816,0.94732280974928473
cumulative-state-load,qwen3.8-27b-off,all-arms,dynamic,Omega_hat_StateLoad,120,14500061.919322165,0.93389272238717724,0.91664272933365443,0.94777637046838004
cumulative-state-load,qwen3.8-27b-off,all-arms,dynamic,Omega_hat_StateLoad,121,15947046.934270119,0.93432667143094161,0.9170168647503053,0.94822959600942258
cumulative-state-load,qwen3.8-27b-off,all-arms,dynamic,Omega_hat_StateLoad,122,17538428.96249523,0.93475797089872403,0.91738442104784201,0.94868234604678536
cumulative-state-load,qwen3.8-27b-off,all-arms,dynamic,Omega_hat_StateLoad,123,19288617.619320367,0.93518663436106941,0.91774559400216693,0.94913448383832832
cumulative-state-load,qwen3.8-27b-off,all-arms,dynamic,Omega_hat_StateLoad,124,21213460.479268815,0.93561267535338366,0.91810057531848199,0.94958587641653913
cumulative-state-load,qwen3.8-27b-off,all-arms,dynamic,Omega_hat_StateLoad,125,23330386.572376668,0.93603610737553089,0.91844955246678206,0.95003639474951085
cumulative-state-load,qwen3.8-27b-off,all-arms,dynamic,Omega_hat_StateLoad,126,25658564.200238083,0.93645694389143941,0.91879270854621908,0.95048591387319548
cumulative-state-load,qwen3.8-27b-off,all-arms,dynamic,Omega_hat_StateLoad,127,28219074.500773419,0.93687519832871502,0.91913022217674889,0.95093431299651876
cumulative-state-load,qwen3.8-27b-off,all-arms,dynamic,Omega_hat_StateLoad,128,31035102.333310276,0.93729088407826411,0.91946226741636072,0.95138147558105701
cumulative-state-load,qwen3.8-27b-off,all-arms,dynamic,Omega_hat_StateLoad,129,34132146.212401211,0.93770401449392393,0.91978901370211319,0.95182728939704464
cumulative-state-load,qwen3.8-27b-off,all-arms,dynamic,Omega_hat_StateLoad,130,37538249.191281863,0.93811460289210113,0.92011062581316583,0.95227164655752283
cumulative-state-load,qwen3.8-27b-off,all-arms,dynamic,Omega_hat_StateLoad,131,41284252.785568915,0.93852266255141925,0.92042726385398721,0.95271444353244816
cumulative-state-load,qwen3.8-27b-off,all-arms,dynamic,Omega_hat_StateLoad,132,45404076.236421742,0.9389282067123732,0.92073908325592801,0.95315558114456511
cumulative-state-load,qwen3.8-27b-off,all-arms,dynamic,Omega_hat_StateLoad,133,49935023.641833104,0.93933124857699235,0.92104623479539327,0.95359496454881099
cumulative-state-load,qwen3.8-27b-off,all-arms,dynamic,Omega_hat_StateLoad,134,54918121.737057097,0.93973180130851108,0.92134886462689669,0.95403250319696231
cumulative-state-load,qwen3.8-27b-off,all-arms,dynamic,Omega_hat_StateLoad,135,60398491.382700928,0.94012987803104742,0.9216471143293502,0.95446811078917415
cumulative-state-load,qwen3.8-27b-off,all-arms,dynamic,Omega_hat_StateLoad,136,66425756.12422397,0.94052549182928913,0.92194112096401748,0.95490170521397233
cumulative-state-load,qwen3.8-27b-off,all-arms,dynamic,Omega_hat_StateLoad,137,73054491.5222608,0.94091865574818767,0.92223101714265177,0.95533320847818404
cumulative-state-load,qwen3.8-27b-off,all-arms,dynamic,Omega_hat_StateLoad,138,80344719.322356671,0.94130938279265908,0.9225169311044249,0.95576254662819105
cumulative-state-load,qwen3.8-27b-off,all-arms,dynamic,Omega_hat_StateLoad,139,88362450.938711315,0.9416976859272933,0.92279898680035377,0.9561896496638026
cumulative-state-load,qwen3.8-27b-off,all-arms,dynamic,Omega_hat_StateLoad,140,97180285.173060998,0.94208357807606991,0.92307730398402088,0.95661445144594226
cumulative-state-load,qwen3.8-27b-off,all-arms,dynamic,Omega_hat_StateLoad,141,106878065.58090919,0.94246707212208147,0.92335199830748926,0.9570368895992527
cumulative-state-load,qwen3.8-27b-off,all-arms,dynamic,Omega_hat_StateLoad,142,117543603.43741412,0.94284818090726452,0.92362318142139788,0.95745690541062578
cumulative-state-load,qwen3.8-27b-off,all-arms,dynamic,Omega_hat_StateLoad,143,129273472.84923206,0.94322691723213681,0.9238909610783208,0.95787444372457387
cumulative-state-load,qwen3.8-27b-off,all-arms,dynamic,Omega_hat_StateLoad,144,142173885.21187559,0.94360329385554265,0.92415544123855886,0.95828945283626965
cumulative-state-load,qwen3.8-27b-off,all-arms,dynamic,Omega_hat_StateLoad,145,156361650.930612,0.94397732349440422,0.9244167221776165,0.95870188438300308
cumulative-state-load,qwen3.8-27b-off,all-arms,dynamic,Omega_hat_StateLoad,146,171965237.11306983,0.94434901882348021,0.92467490059469681,0.9591116932347159
cumulative-state-load,qwen3.8-27b-off,all-arms,dynamic,Omega_hat_StateLoad,147,189125930.81072932,0.94471839247513134,0.92493006972162117,0.95951883738420829
cumulative-state-load,qwen3.8-27b-off,all-arms,dynamic,Omega_hat_StateLoad,148,207999118.34219295,0.94508545703909241,0.92518231943164964,0.95992327783753784
cumulative-state-load,qwen3.8-27b-off,all-arms,dynamic,Omega_hat_StateLoad,149,228755692.28223091,0.94545022506225151,0.92543173634774312,0.96032497850506748
cumulative-state-load,qwen3.8-27b-off,all-arms,dynamic,Omega_hat_StateLoad,150,251583598.85657105,0.94581270904843517,0.92567840394986811,0.96072390609356062
cumulative-state-load,qwen3.8-27b-off,all-arms,dynamic,Omega_hat_StateLoad,151,276689539.75376368,0.94617292145819942,0.92592240268099801,0.96112002999966561
cumulative-state-load,qwen3.8-27b-off,all-arms,dynamic,Omega_hat_StateLoad,152,304300843.76364738,0.94653087470862962,0.92616381005151793,0.96151332220508345
cumulative-state-load,qwen3.8-27b-off,all-arms,dynamic,Omega_hat_StateLoad,153,334667525.1896947,0.94688658117314384,0.92640270074178011,0.96190375717366516
cumulative-state-load,qwen3.8-27b-off,all-arms,dynamic,Omega_hat_StateLoad,154,368064547.67370838,0.94724005318130422,0.92663914670260505,0.96229131175064575
cumulative-state-load,qwen3.8-27b-off,all-arms,dynamic,Omega_hat_StateLoad,155,404794313.93130994,0.94759130301863426,0.92687321725355454,0.96267596506418596
cumulative-state-load,qwen3.8-27b-off,all-arms,dynamic,Omega_hat_StateLoad,156,445189403.94221693,0.94794034292644114,0.92710497917883772,0.96305769842935407
cumulative-state-load,qwen3.8-27b-off,all-arms,dynamic,Omega_hat_StateLoad,157,489615586.38903737,0.94828718510164622,0.92733449682074442,0.96343649525466035
cumulative-state-load,qwen3.8-27b-off,all-arms,dynamic,Omega_hat_StateLoad,158,538475130.61248791,0.94863184169661907,0.92756183217051946,0.96381234095121915
cumulative-state-load,qwen3.8-27b-off,all-arms,dynamic,Omega_hat_StateLoad,159,592210449.07206702,0.94897432481901933,0.92778704495662268,0.96418522284459796
cumulative-state-load,qwen3.8-27b-off,all-arms,dynamic,Omega_hat_StateLoad,160,651308103.29387307,0.9493146465316431,0.92801019273033325,0.96455513008939242
cumulative-state-load,qwen3.8-27b-off,all-arms,dynamic,Omega_hat_StateLoad,161,716303209.57852709,0.9496528188522757,0.92823133094867971,0.96492205358654048
cumulative-state-load,qwen3.8-27b-off,all-arms,dynamic,Omega_hat_StateLoad,162,787784284.36194468,0.94998885375355069,0.92845051305468995,0.96528598590338455
cumulative-state-load,qwen3.8-27b-off,all-arms,dynamic,Omega_hat_StateLoad,163,866398573.10261786,0.95032276316281206,0.92866779055497028,0.965646921196467
cumulative-state-load,qwen3.8-27b-off,all-arms,dynamic,Omega_hat_StateLoad,164,952857910.94732022,0.95065455896198559,0.9288832130946324,0.96600485513703893
cumulative-state-load,qwen3.8-27b-off,all-arms,dynamic,Omega_hat_StateLoad,165,1047945168.2422739,0.95098425298745237,0.92909682852960329,0.96635978483924889
cumulative-state-load,qwen3.8-27b-off,all-arms,dynamic,Omega_hat_StateLoad,166,1152521339.252485,0.95131185702992949,0.92930868299634972,0.96671170879097323
cumulative-state-load,qwen3.8-27b-off,all-arms,dynamic,Omega_hat_StateLoad,167,1267533338.2760072,0.95163738283435595,0.92951882097907013,0.96706062678723637
cumulative-state-load,qwen3.8-27b-off,all-arms,dynamic,Omega_hat_StateLoad,168,1394022573.7452912,0.95196084209978304,0.9297272853744003,0.96740653986617353
cumulative-state-load,qwen3.8-27b-off,all-arms,dynamic,Omega_hat_StateLoad,169,1533134377.9521875,0.95228224647927029,0.9299341175536936,0.96774945024747294
cumulative-state-load,qwen3.8-27b-off,all-arms,dynamic,Omega_hat_StateLoad,170,1686128377.7807078,0.9526016075797864,0.93013935742293063,0.96808936127323686
cumulative-state-load,qwen3.8-27b-off,all-arms,dynamic,Omega_hat_StateLoad,171,1854389900.3522778,0.95291893696211638,0.93034304348032815,0.96842627735120068
cumulative-state-load,qwen3.8-27b-off,all-arms,dynamic,Omega_hat_StateLoad,172,2039442516.8590362,0.95323424614077101,0.93054521287170644,0.96876020390023554
cumulative-state-load,qwen3.8-27b-off,all-arms,dynamic,Omega_hat_StateLoad,173,2242961838.1669221,0.95354754658390406,0.9307459014436843,0.96909114729807522
cumulative-state-load,qwen3.8-27b-off,all-arms,dynamic,Omega_hat_StateLoad,174,2466790687.1046495,0.95385884971323243,0.930945143794773,0.96941911483118948
cumulative-state-load,qwen3.8-27b-off,all-arms,dynamic,Omega_hat_StateLoad,175,2712955784.8203464,0.95416816690396233,0.93114297332442886,0.96974411464674126
cumulative-state-load,qwen3.8-27b-off,all-arms,dynamic,Omega_hat_StateLoad,176,2983686102.297143,0.95447550948471882,0.93133942228014355,0.97006615570655275
cumulative-state-load,qwen3.8-27b-off,all-arms,dynamic,Omega_hat_StateLoad,177,3281433043.1967072,0.95478088873748101,0.93153452180263119,0.97038524774301294
cumulative-state-load,qwen3.8-27b-off,all-arms,dynamic,Omega_hat_StateLoad,178,3608892640.781837,0.95508431589752152,0.93172830196918421,0.97070140121685911
cumulative-state-load,qwen3.8-27b-off,all-arms,dynamic,Omega_hat_StateLoad,179,3969029969.9065242,0.95538580215335056,0.93192079183526488,0.97101462727676058
cumulative-state-load,qwen3.8-27b-off,all-arms,dynamic,Omega_hat_StateLoad,180,4365105995.118597,0.95568535864666393,0.93211201947439559,0.9713249377206431
cumulative-state-load,qwen3.8-27b-off,all-arms,dynamic,Omega_hat_StateLoad,181,4800707097.9786587,0.95598299647229623,0.93230201201641349,0.971632344958682
cumulative-state-load,qwen3.8-27b-off,all-arms,dynamic,Omega_hat_StateLoad,182,5279777550.9587879,0.95627872667817715,0.93249079568415338,0.97193686197790696
cumulative-state-load,qwen3.8-27b-off,all-arms,dynamic,Omega_hat_StateLoad,183,5806655231.9647808,0.95657256026529403,0.93267839582861767,0.97223850230834918
cumulative-state-load,qwen3.8-27b-off,all-arms,dynamic,Omega_hat_StateLoad,184,6386110902.8696117,0.956864508187656,0.93286483696269551,0.97253727999067452
cumulative-state-load,qwen3.8-27b-off,all-arms,dynamic,Omega_hat_StateLoad,185,7023391407.7158833,0.95715458135226483,0.9330501427934883,0.97283320954524211
cumulative-state-load,qwen3.8-27b-off,all-arms,dynamic,Omega_hat_StateLoad,186,7724267181.7384024,0.95744279061908721,0.93323433625329733,0.97312630594252991
cumulative-state-load,qwen3.8-27b-off,all-arms,dynamic,Omega_hat_StateLoad,187,8495084501.389677,0.95772914680103383,0.93341743952932754,0.9734165845748729
cumulative-state-load,qwen3.8-27b-off,all-arms,dynamic,Omega_hat_StateLoad,188,9342822948.4818935,0.95801366066393978,0.93359947409216415,0.97370406122945963
cumulative-state-load,qwen3.8-27b-off,all-arms,dynamic,Omega_hat_StateLoad,189,10275158608.769714,0.95829634292655119,0.93378046072306631,0.97398875206253444
cumulative-state-load,qwen3.8-27b-off,all-arms,dynamic,Omega_hat_StateLoad,190,11300533577.223497,0.95857720426051352,0.93396041954013376,0.97427067357475605
cumulative-state-load,qwen3.8-27b-off,all-arms,dynamic,Omega_hat_StateLoad,191,12428232399.348488,0.95885625529036489,0.93413937002338943,0.97454984258766397
cumulative-state-load,qwen3.8-27b-off,all-arms,dynamic,Omega_hat_StateLoad,192,13668466140.708134,0.95913350659353347,0.93431733103882486,0.97482627622120432
cumulative-state-load,qwen3.8-27b-off,all-arms,dynamic,Omega_hat_StateLoad,193,15032464845.884159,0.95940896870033687,0.93449432086145345,0.97509999187227381
cumulative-state-load,qwen3.8-27b-off,all-arms,dynamic,Omega_hat_StateLoad,194,16532579224.067705,0.95968265209398729,0.93467035719741198,0.9753710071942342
cumulative-state-load,qwen3.8-27b-off,all-arms,dynamic,Omega_hat_StateLoad,195,18182392482.02264,0.95995456721059769,0.93484545720515266,0.97563934007735931
cumulative-state-load,qwen3.8-27b-off,all-arms,dynamic,Omega_hat_StateLoad,196,19996843317.044987,0.96022472443919438,0.935019637515763,0.97590500863017338
cumulative-state-load,qwen3.8-27b-off,all-arms,dynamic,Omega_hat_StateLoad,197,21992361183.590626,0.96049313412172987,0.93519291425245132,0.97616803116164108
cumulative-state-load,qwen3.8-27b-off,all-arms,dynamic,Omega_hat_StateLoad,198,24187015058.38356,0.96075980655310189,0.93536530304923649,0.9764284261641758
cumulative-state-load,qwen3.8-27b-off,all-arms,dynamic,Omega_hat_StateLoad,199,26600677051.037903,0.96102475198117365,0.93553681906886998,0.9766862122974278
cumulative-state-load,qwen3.8-27b-off,all-arms,dynamic,Omega_hat_StateLoad,200,29255202341.652668,0.96128798060679899,0.93570747702003088,0.97694140837281929
cumulative-state-load,qwen3.8-27b-off,all-arms,dynamic,Omega_hat_StateLoad,201,32174627074.676273,0.96154950258384886,0.93587729117381813,0.97719403333879518
cumulative-state-load,qwen3.8-27b-off,all-arms,dynamic,Omega_hat_StateLoad,202,35385386000.923012,0.96180932801924346,0.93604627537957619,0.97744410626675793
cumulative-state-load,qwen3.8-27b-off,all-arms,dynamic,Omega_hat_StateLoad,203,38916551838.446526,0.96206746697298462,0.93621444308007873,0.97769164633765593
cumulative-state-load,qwen3.8-27b-off,all-arms,dynamic,Omega_hat_StateLoad,204,42800098519.625687,0.96232392945819334,0.93638180732610032,0.97793667282919805
cumulative-state-load,qwen3.8-27b-off,all-arms,dynamic,Omega_hat_StateLoad,205,47071190708.112556,0.96257872544115008,0.93654838079040137,0.97817920510366707
cumulative-state-load,qwen3.8-27b-off,all-arms,dynamic,Omega_hat_StateLoad,206,51768502207.150764,0.9628318648413362,0.93671417578115279,0.9784192625963043
cumulative-state-load,qwen3.8-27b-off,all-arms,dynamic,Omega_hat_StateLoad,207,56934566142.383049,0.96308335753148144,0.93687920425482318,0.9786568648042443
cumulative-state-load,qwen3.8-27b-off,all-arms,dynamic,Omega_hat_StateLoad,208,62616160089.979439,0.96333321333761057,0.93704347782855246,0.97889203127597069
cumulative-state-load,qwen3.8-27b-off,all-arms,dynamic,Omega_hat_StateLoad,209,68864729637.330414,0.96358144203909601,0.93720700779203425,0.97912478160127514
cumulative-state-load,qwen3.8-27b-off,all-arms,dynamic,Omega_hat_StateLoad,210,75736854211.562225,0.9638280533687118,0.93736980511892776,0.9793551354016945
cumulative-state-load,qwen3.8-27b-off,all-arms,dynamic,Omega_hat_StateLoad,211,83294759393.842606,0.96407305701268919,0.93753188047781832,0.97958311232140627
cumulative-state-load,qwen3.8-27b-off,all-arms,dynamic,Omega_hat_StateLoad,212,91606880358.372696,0.96431646261077786,0.93769324424274936,0.97980873201856289
cumulative-state-load,qwen3.8-27b-off,all-arms,dynamic,Omega_hat_StateLoad,213,100748481537.88652,0.96455827975630593,0.93785390650333877,0.98003201415704522
cumulative-state-load,qwen3.8-27b-off,all-arms,dynamic,Omega_hat_StateLoad,214,110802338126.58263,0.96479851799624639,0.93801387707450212,0.98025297839861758
cumulative-state-load,qwen3.8-27b-off,all-arms,dynamic,Omega_hat_StateLoad,215,121859485591.36063,0.96503718683128248,0.93817316550579843,0.9804716443954653
cumulative-state-load,qwen3.8-27b-off,all-arms,dynamic,Omega_hat_StateLoad,216,134020043978.01147,0.96527429571587853,0.9383317810904116,0.98068803178310149
cumulative-state-load,qwen3.8-27b-off,all-arms,dynamic,Omega_hat_StateLoad,217,147394124476.27658,0.96550985405835077,0.93848973287378712,0.98090216017362297
cumulative-state-load,qwen3.8-27b-off,all-arms,dynamic,Omega_hat_StateLoad,218,162102826452.53143,0.96574387122094296,0.93864702966193547,0.98111404914930189
cumulative-state-load,qwen3.8-27b-off,all-arms,dynamic,Omega_hat_StateLoad,219,178279333977.98898,0.96597635651990155,0.93880368002941894,0.98132371825650255
cumulative-state-load,qwen3.8-27b-off,all-arms,dynamic,Omega_hat_StateLoad,220,196070121781.26645,0.96620731922555558,0.93895969232703191,0.98153118699989939
cumulative-state-load,qwen3.8-27b-off,all-arms,dynamic,Omega_hat_StateLoad,221,215636281544.93341,0.96643676856239757,0.93911507468919042,0.98173647483699555
cumulative-state-load,qwen3.8-27b-off,all-arms,dynamic,Omega_hat_StateLoad,222,237154980555.37146,0.9666647137091664,0.93926983504104233,0.98193960117291867
cumulative-state-load,qwen3.8-27b-off,all-arms,dynamic,Omega_hat_StateLoad,223,260821065913.71228,0.96689116379893358,0.93942398110530922,0.98214058535548743
cumulative-state-load,qwen3.8-27b-off,all-arms,dynamic,Omega_hat_StateLoad,224,286848828833.60516,0.96711612791919011,0.93957752040887021,0.98233944667053552
cumulative-state-load,qwen3.8-27b-off,all-arms,dynamic,Omega_hat_StateLoad,225,315473945001.17883,0.96733961511193689,0.93973046028910212,0.98253620433748368
cumulative-state-load,qwen3.8-27b-off,all-arms,dynamic,Omega_hat_StateLoad,226,346955608566.69196,0.9675616343737754,0.93988280789998158,0.98273087750514454
cumulative-state-load,qwen3.8-27b-off,all-arms,dynamic,Omega_hat_StateLoad,227,381578879090.73993,0.96778219465600257,0.94003457021796166,0.98292348524775697
cumulative-state-load,qwen3.8-27b-off,all-arms,dynamic,Omega_hat_StateLoad,228,419657262696.06763,0.96800130486470548,0.94018575404763194,0.98311404656123336
cumulative-state-load,qwen3.8-27b-off,all-arms,dynamic,Omega_hat_StateLoad,229,461535550796.76123,0.96821897386085909,0.94033636602716908,0.98330258035961515
cumulative-state-load,qwen3.8-27b-off,all-arms,dynamic,Omega_hat_StateLoad,230,507592942108.91516,0.9684352104604258,0.9404864126335899,0.98348910547172674
cumulative-state-load,qwen3.8-27b-off,all-arms,dynamic,Omega_hat_StateLoad,231,558246476211.84119,0.9686500234344565,0.94063590018781151,0.98367364063801821
cumulative-state-load,qwen3.8-27b-off,all-arms,dynamic,Omega_hat_StateLoad,232,613954809750.03162,0.96886342150919369,0.94078483485952846,0.98385620450758804
cumulative-state-load,qwen3.8-27b-off,all-arms,dynamic,Omega_hat_StateLoad,233,675222369468.49878,0.96907541336617675,0.94093322267191271,0.98403681563538226
cumulative-state-load,qwen3.8-27b-off,all-arms,dynamic,Omega_hat_StateLoad,234,742603919686.33508,0.96928600764234696,0.94108106950614601,0.98421549247955586
cumulative-state-load,qwen3.8-27b-off,all-arms,dynamic,Omega_hat_StateLoad,235,816709585565.99792,0.96949521293015695,0.94122838110578855,0.98439225339899694
cumulative-state-load,qwen3.8-27b-off,all-arms,dynamic,Omega_hat_StateLoad,236,898210377662.86572,0.9697030377776803,0.94137516308099278,0.98456711665100016
cumulative-state-load,qwen3.8-27b-off,all-arms,dynamic,Omega_hat_StateLoad,237,987844267778.66956,0.96990949068872268,0.94152142091256641,0.98474010038908633
cumulative-state-load,qwen3.8-27b-off,all-arms,dynamic,Omega_hat_StateLoad,238,1086422871134.3737,0.97011458012293428,0.94166715995589301,0.98491122266096309
cumulative-state-load,qwen3.8-27b-off,all-arms,dynamic,Omega_hat_StateLoad,239,1194838795368.0005,0.97031831449592543,0.94181238544471346,0.98508050140661552
